mkdir -p /work/orfs/results/sky130hd/g2_g1s_u60/base/
echo 3.0 > /work/orfs/results/sky130hd/g2_g1s_u60/base/clock_period.txt
/OpenROAD-flow-scripts/flow/scripts/synth.sh /OpenROAD-flow-scripts/flow/scripts/synth_canonicalize.tcl /work/orfs/logs/sky130hd/g2_g1s_u60/base/1_1_yosys_canonicalize.log
exec cp /work/g1s/netlist_base.v /work/orfs/results/sky130hd/g2_g1s_u60/base/1_2_yosys.v
exec touch -r /work/g1s/netlist_base.v /work/orfs/results/sky130hd/g2_g1s_u60/base/1_2_yosys.v
Elapsed time: 0:00.04[h:]min:sec. CPU time: user 0.03 sys 0.02 (97%). Peak memory: 27156KB.
Log                       Ext     Elapsed/s Peak Memory/MB sha1sum result [0:20)
1_1_yosys_canonicalize                    0             26                  N/A
/OpenROAD-flow-scripts/flow/scripts/synth.sh /OpenROAD-flow-scripts/flow/scripts/synth.tcl /work/orfs/logs/sky130hd/g2_g1s_u60/base/1_2_yosys.log
exec cp /work/g1s/netlist_base.v /work/orfs/results/sky130hd/g2_g1s_u60/base/1_2_yosys.v
exec touch -r /work/g1s/netlist_base.v /work/orfs/results/sky130hd/g2_g1s_u60/base/1_2_yosys.v
Elapsed time: 0:00.11[h:]min:sec. CPU time: user 0.03 sys 0.02 (45%). Peak memory: 27668KB.
Log                       Ext     Elapsed/s Peak Memory/MB sha1sum result [0:20)
1_2_yosys                 .v              0             27 89dee4eedca395147f74
cp /work/g1s/constraint.sdc /work/orfs/results/sky130hd/g2_g1s_u60/base/1_2_yosys.sdc
touch -r /work/g1s/constraint.sdc /work/orfs/results/sky130hd/g2_g1s_u60/base/1_2_yosys.sdc
OpenROAD unknown 
Features included (+) or not (-): -GPU +GUI -Python
This program is licensed under the BSD-3 license. See the LICENSE file for details.
Components of this program may be licensed under more restrictive licenses which must be honored.
[INFO ORD-0030] Using 2 thread(s).
mkdir -p /work/orfs/objects/sky130hd/g2_g1s_u60/base
/OpenROAD-flow-scripts/flow/scripts/flow.sh 1_synth synth_odb
Running synth_odb.tcl, stage 1_synth
read_liberty /OpenROAD-flow-scripts/flow/platforms/sky130hd/lib/sky130_fd_sc_hd__tt_025C_1v80.lib
read_liberty /work/cells/g2_cells.lib
[INFO ODB-0227] LEF file: /OpenROAD-flow-scripts/flow/platforms/sky130hd/lef/sky130_fd_sc_hd.tlef, created 13 layers, 25 vias
[INFO ODB-0227] LEF file: /OpenROAD-flow-scripts/flow/platforms/sky130hd/lef/sky130_fd_sc_hd_merged.lef, created 441 library cells
[INFO ODB-0227] LEF file: /work/cells/g2_cells.lef, created 4 library cells
link_design top
read_sdc /work/orfs/results/sky130hd/g2_g1s_u60/base/1_2_yosys.sdc
source /OpenROAD-flow-scripts/flow/platforms/sky130hd/setRC.tcl
Design area 355961 um^2 100% utilization.
source /work/cells/dont_touch.tcl
G2: dont_touch set on 4224 via-site/line-tap instances
write_db /work/orfs/results/sky130hd/g2_g1s_u60/base/1_synth.odb
write_sdc -no_timestamp /work/orfs/results/sky130hd/g2_g1s_u60/base/1_synth.sdc
Warning: master sky130_ef_sc_hd__decap_12 has signal pins but no liberty cell
Elapsed time: 0:01.50[h:]min:sec. CPU time: user 0.92 sys 0.10 (67%). Peak memory: 165996KB.
Log                       Ext     Elapsed/s Peak Memory/MB sha1sum result [0:20)
1_synth                   .odb            1            162 711e33ce0ddc567efaa3
1_synth                   .sdc                             c9b52a36521419161edd
/OpenROAD-flow-scripts/flow/scripts/flow.sh 2_1_floorplan floorplan
Running floorplan.tcl, stage 2_1_floorplan
read_liberty /OpenROAD-flow-scripts/flow/platforms/sky130hd/lib/sky130_fd_sc_hd__tt_025C_1v80.lib
read_liberty /work/cells/g2_cells.lib
read_db /work/orfs/results/sky130hd/g2_g1s_u60/base/1_synth.odb
read_sdc /work/orfs/results/sky130hd/g2_g1s_u60/base/1_synth.sdc
source /OpenROAD-flow-scripts/flow/platforms/sky130hd/setRC.tcl
Master sky130_ef_sc_hd__decap_12 is loaded but not used in the design

==========================================================================
Floorplan check_setup
--------------------------------------------------------------------------
number instances in verilog is 25089
initialize_floorplan -utilization 60 -aspect_ratio 1 -core_space 2 -site unithd
[INFO IFP-0107] Defining die area using utilization: 60.00% and aspect ratio: 1.
[WARNING IFP-0028] Core area lower left (2.000, 2.000) snapped to (2.300, 2.720).
[INFO IFP-0001] Added 282 rows of 1673 site unithd.
[INFO IFP-0100] Die BBox:  (  0.000  0.000 ) ( 774.240 774.240 ) um
[INFO IFP-0101] Core BBox: (  2.300  2.720 ) ( 771.880 769.760 ) um
[INFO IFP-0102] Core area:                       590298.643 um^2
[INFO IFP-0103] Total instances area:            355961.395 um^2
[INFO IFP-0104] Effective utilization:                0.603
[INFO IFP-0105] Number of instances:                  25089
source /OpenROAD-flow-scripts/flow/platforms/sky130hd/make_tracks.tcl
source /OpenROAD-flow-scripts/flow/platforms/sky130hd/fastroute.tcl
set_dont_use "sky130_fd_sc_hd__probe_p_8 sky130_fd_sc_hd__probec_p_8 sky130_fd_sc_hd__lpflow_bleeder_1 sky130_fd_sc_hd__lpflow_clkbufkapwr_1 sky130_fd_sc_hd__lpflow_clkbufkapwr_16 sky130_fd_sc_hd__lpflow_clkbufkapwr_2 sky130_fd_sc_hd__lpflow_clkbufkapwr_4 sky130_fd_sc_hd__lpflow_clkbufkapwr_8 sky130_fd_sc_hd__lpflow_clkinvkapwr_1 sky130_fd_sc_hd__lpflow_clkinvkapwr_16 sky130_fd_sc_hd__lpflow_clkinvkapwr_2 sky130_fd_sc_hd__lpflow_clkinvkapwr_4 sky130_fd_sc_hd__lpflow_clkinvkapwr_8 sky130_fd_sc_hd__lpflow_decapkapwr_12 sky130_fd_sc_hd__lpflow_decapkapwr_3 sky130_fd_sc_hd__lpflow_decapkapwr_4 sky130_fd_sc_hd__lpflow_decapkapwr_6 sky130_fd_sc_hd__lpflow_decapkapwr_8 sky130_fd_sc_hd__lpflow_inputiso0n_1 sky130_fd_sc_hd__lpflow_inputiso0p_1 sky130_fd_sc_hd__lpflow_inputiso1n_1 sky130_fd_sc_hd__lpflow_inputiso1p_1 sky130_fd_sc_hd__lpflow_inputisolatch_1 sky130_fd_sc_hd__lpflow_isobufsrc_1 sky130_fd_sc_hd__lpflow_isobufsrc_16 sky130_fd_sc_hd__lpflow_isobufsrc_2 sky130_fd_sc_hd__lpflow_isobufsrc_4 sky130_fd_sc_hd__lpflow_isobufsrc_8 sky130_fd_sc_hd__lpflow_isobufsrckapwr_16 sky130_fd_sc_hd__lpflow_lsbuf_lh_hl_isowell_tap_1 sky130_fd_sc_hd__lpflow_lsbuf_lh_hl_isowell_tap_2 sky130_fd_sc_hd__lpflow_lsbuf_lh_hl_isowell_tap_4 sky130_fd_sc_hd__lpflow_lsbuf_lh_isowell_4 sky130_fd_sc_hd__lpflow_lsbuf_lh_isowell_tap_1 sky130_fd_sc_hd__lpflow_lsbuf_lh_isowell_tap_2 sky130_fd_sc_hd__lpflow_lsbuf_lh_isowell_tap_4"
repair_tie_fanout -separation 0 sky130_fd_sc_hd__tt_025C_1v80/sky130_fd_sc_hd__conb_1/LO
repair_tie_fanout -separation 0 sky130_fd_sc_hd__tt_025C_1v80/sky130_fd_sc_hd__conb_1/HI
repair_timing -setup_margin 0 -hold_margin 0 -repair_tns 100 -match_cell_footprint -setup -skip_last_gasp -sequence unbuffer,sizeup,swap,vt_swap -verbose
[WARNING EST-0027] no estimated parasitics. Using wire load models.
[INFO RSZ-0100] Repair move sequence: UnbufferMove SizeUpMove SwapPinsMove 
[INFO RSZ-0094] Found 4160 endpoints with setup violations.
[INFO RSZ-0099] Repairing 4160 out of 4160 (100.00%) violating endpoints...
   Iter   | Removed | Resized | Inserted | Cloned |  Pin  |   Area   |    WNS   |    TNS     |  Viol  |  Worst
          | Buffers |  Gates  | Buffers  |  Gates | Swaps |          |          |            | Endpts | Endpoint
------------------------------------------------------------------------------------------------------------------------------
       0* |       0 |       0 |        0 |      0 |     0 |    +0.0% |  -34.279 |  -139968.5 |   4160 | row0/_444_/D
      10* |       0 |       9 |        0 |      0 |     0 |    +0.0% |   -8.747 |   -35708.0 |   4160 | row0/_460_/D
      20* |       0 |      19 |        0 |      0 |     0 |    +0.0% |   -8.747 |   -35708.5 |   4160 | row0/_480_/D
      30* |       0 |      29 |        0 |      0 |     0 |    +0.0% |   -8.747 |   -35709.0 |   4160 | row0/_500_/D
      40* |       0 |      39 |        0 |      0 |     0 |    +0.0% |   -8.747 |   -35709.4 |   4160 | row1/_456_/D
      50* |       0 |      49 |        0 |      0 |     0 |    +0.0% |   -8.747 |   -35709.9 |   4160 | row1/_476_/D
      54* |       0 |       3 |        0 |      0 |     0 |    +0.0% |   -8.747 |   -35707.7 |   4160 | row1/_486_/D
      55* |       0 |       3 |        0 |      0 |     0 |    +0.0% |   -8.747 |   -35707.7 |   4160 | row1/_486_/D
      56* |       0 |       3 |        0 |      0 |     0 |    +0.0% |   -8.747 |   -35707.7 |   4160 | row1/_486_/D
      57* |       0 |       3 |        0 |      0 |     0 |    +0.0% |   -8.747 |   -35707.7 |   4160 | row1/_486_/D
      58* |       0 |       3 |        0 |      0 |     0 |    +0.0% |   -8.747 |   -35707.7 |   4160 | row1/_486_/D
      59* |       0 |       3 |        0 |      0 |     0 |    +0.0% |   -8.747 |   -35707.7 |   4160 | row1/_486_/D
      60* |       0 |       3 |        0 |      0 |     0 |    +0.0% |   -8.747 |   -35707.7 |   4160 | row1/_486_/D
      60* |       0 |       3 |        0 |      0 |     0 |    +0.0% |   -8.747 |   -35707.7 |   4160 | row1/_486_/D
      61* |       0 |       3 |        0 |      0 |     0 |    +0.0% |   -8.747 |   -35707.7 |   4160 | row1/_486_/D
      62* |       0 |       3 |        0 |      0 |     0 |    +0.0% |   -8.747 |   -35707.7 |   4160 | row1/_486_/D
      63* |       0 |       3 |        0 |      0 |     0 |    +0.0% |   -8.747 |   -35707.7 |   4160 | row1/_486_/D
      64* |       0 |       3 |        0 |      0 |     0 |    +0.0% |   -8.747 |   -35707.7 |   4160 | row1/_486_/D
      65* |       0 |       3 |        0 |      0 |     0 |    +0.0% |   -8.747 |   -35707.7 |   4160 | row1/_486_/D
      66* |       0 |       3 |        0 |      0 |     0 |    +0.0% |   -8.747 |   -35707.7 |   4160 | row1/_486_/D
      67* |       0 |       3 |        0 |      0 |     0 |    +0.0% |   -8.747 |   -35707.7 |   4160 | row1/_486_/D
      68* |       0 |       3 |        0 |      0 |     0 |    +0.0% |   -8.747 |   -35707.7 |   4160 | row1/_486_/D
      69* |       0 |       3 |        0 |      0 |     0 |    +0.0% |   -8.747 |   -35707.7 |   4160 | row1/_486_/D
      70* |       0 |       3 |        0 |      0 |     0 |    +0.0% |   -8.747 |   -35707.7 |   4160 | row1/_486_/D
      70* |       0 |       3 |        0 |      0 |     0 |    +0.0% |   -8.747 |   -35707.7 |   4160 | row1/_486_/D
      71* |       0 |       3 |        0 |      0 |     0 |    +0.0% |   -8.747 |   -35707.7 |   4160 | row1/_486_/D
      72* |       0 |       3 |        0 |      0 |     0 |    +0.0% |   -8.747 |   -35707.7 |   4160 | row1/_486_/D
      73* |       0 |       3 |        0 |      0 |     0 |    +0.0% |   -8.747 |   -35707.7 |   4160 | row1/_486_/D
      74* |       0 |       3 |        0 |      0 |     0 |    +0.0% |   -8.747 |   -35707.7 |   4160 | row1/_486_/D
      75* |       0 |       3 |        0 |      0 |     0 |    +0.0% |   -8.747 |   -35707.7 |   4160 | row1/_486_/D
      76* |       0 |       3 |        0 |      0 |     0 |    +0.0% |   -8.747 |   -35707.7 |   4160 | row1/_486_/D
      77* |       0 |       3 |        0 |      0 |     0 |    +0.0% |   -8.747 |   -35707.7 |   4160 | row1/_486_/D
      78* |       0 |       3 |        0 |      0 |     0 |    +0.0% |   -8.747 |   -35707.7 |   4160 | row1/_486_/D
      79* |       0 |       3 |        0 |      0 |     0 |    +0.0% |   -8.747 |   -35707.7 |   4160 | row1/_486_/D
      80* |       0 |       3 |        0 |      0 |     0 |    +0.0% |   -8.747 |   -35707.7 |   4160 | row1/_486_/D
      80* |       0 |       3 |        0 |      0 |     0 |    +0.0% |   -8.747 |   -35707.7 |   4160 | row1/_486_/D
      81* |       0 |       3 |        0 |      0 |     0 |    +0.0% |   -8.747 |   -35707.7 |   4160 | row1/_486_/D
      82* |       0 |       3 |        0 |      0 |     0 |    +0.0% |   -8.747 |   -35707.7 |   4160 | row1/_486_/D
      83* |       0 |       3 |        0 |      0 |     0 |    +0.0% |   -8.747 |   -35707.7 |   4160 | row1/_486_/D
      84* |       0 |       3 |        0 |      0 |     0 |    +0.0% |   -8.747 |   -35707.7 |   4160 | row1/_486_/D
      85* |       0 |       3 |        0 |      0 |     0 |    +0.0% |   -8.747 |   -35707.7 |   4160 | row1/_486_/D
      86* |       0 |       3 |        0 |      0 |     0 |    +0.0% |   -8.747 |   -35707.7 |   4160 | row1/_486_/D
      87* |       0 |       3 |        0 |      0 |     0 |    +0.0% |   -8.747 |   -35707.7 |   4160 | row1/_486_/D
      88* |       0 |       3 |        0 |      0 |     0 |    +0.0% |   -8.747 |   -35707.7 |   4160 | row1/_486_/D
      89* |       0 |       3 |        0 |      0 |     0 |    +0.0% |   -8.747 |   -35707.7 |   4160 | row1/_486_/D
      90* |       0 |       3 |        0 |      0 |     0 |    +0.0% |   -8.747 |   -35707.7 |   4160 | row1/_486_/D
      90* |       0 |       3 |        0 |      0 |     0 |    +0.0% |   -8.747 |   -35707.7 |   4160 | row1/_486_/D
      91* |       0 |       3 |        0 |      0 |     0 |    +0.0% |   -8.747 |   -35707.7 |   4160 | row1/_486_/D
      92* |       0 |       3 |        0 |      0 |     0 |    +0.0% |   -8.747 |   -35707.7 |   4160 | row1/_486_/D
      93* |       0 |       3 |        0 |      0 |     0 |    +0.0% |   -8.747 |   -35707.7 |   4160 | row1/_486_/D
      94* |       0 |       3 |        0 |      0 |     0 |    +0.0% |   -8.747 |   -35707.7 |   4160 | row1/_486_/D
      95* |       0 |       3 |        0 |      0 |     0 |    +0.0% |   -8.747 |   -35707.7 |   4160 | row1/_486_/D
      96* |       0 |       3 |        0 |      0 |     0 |    +0.0% |   -8.747 |   -35707.7 |   4160 | row1/_486_/D
      97* |       0 |       3 |        0 |      0 |     0 |    +0.0% |   -8.747 |   -35707.7 |   4160 | row1/_486_/D
      98* |       0 |       3 |        0 |      0 |     0 |    +0.0% |   -8.747 |   -35707.7 |   4160 | row1/_486_/D
      99* |       0 |       3 |        0 |      0 |     0 |    +0.0% |   -8.747 |   -35707.7 |   4160 | row1/_486_/D
     100* |       0 |       3 |        0 |      0 |     0 |    +0.0% |   -8.747 |   -35707.7 |   4160 | row1/_486_/D
     100* |       0 |       3 |        0 |      0 |     0 |    +0.0% |   -8.747 |   -35707.7 |   4160 | row1/_486_/D
     101* |       0 |       3 |        0 |      0 |     0 |    +0.0% |   -8.747 |   -35707.7 |   4160 | row1/_486_/D
     102* |       0 |       3 |        0 |      0 |     0 |    +0.0% |   -8.747 |   -35707.7 |   4160 | row1/_486_/D
     103* |       0 |       3 |        0 |      0 |     0 |    +0.0% |   -8.747 |   -35707.7 |   4160 | row1/_486_/D
     104* |       0 |       3 |        0 |      0 |     0 |    +0.0% |   -8.747 |   -35707.7 |   4160 | row1/_486_/D
     105* |       0 |       3 |        0 |      0 |     0 |    +0.0% |   -8.747 |   -35707.7 |   4160 | row1/_486_/D
     106* |       0 |       3 |        0 |      0 |     0 |    +0.0% |   -8.747 |   -35707.7 |   4160 | row1/_486_/D
     107* |       0 |       3 |        0 |      0 |     0 |    +0.0% |   -8.747 |   -35707.7 |   4160 | row1/_486_/D
     108* |       0 |       3 |        0 |      0 |     0 |    +0.0% |   -8.747 |   -35707.7 |   4160 | row1/_486_/D
     109* |       0 |       3 |        0 |      0 |     0 |    +0.0% |   -8.747 |   -35707.7 |   4160 | row1/_486_/D
     110* |       0 |       3 |        0 |      0 |     0 |    +0.0% |   -8.747 |   -35707.7 |   4160 | row1/_486_/D
     110* |       0 |       3 |        0 |      0 |     0 |    +0.0% |   -8.747 |   -35707.7 |   4160 | row1/_486_/D
     111* |       0 |       3 |        0 |      0 |     0 |    +0.0% |   -8.747 |   -35707.7 |   4160 | row1/_486_/D
     112* |       0 |       3 |        0 |      0 |     0 |    +0.0% |   -8.747 |   -35707.7 |   4160 | row1/_486_/D
     113* |       0 |       3 |        0 |      0 |     0 |    +0.0% |   -8.747 |   -35707.7 |   4160 | row1/_486_/D
     114* |       0 |       3 |        0 |      0 |     0 |    +0.0% |   -8.747 |   -35707.7 |   4160 | row1/_486_/D
     115* |       0 |       3 |        0 |      0 |     0 |    +0.0% |   -8.747 |   -35707.7 |   4160 | row1/_486_/D
     116* |       0 |       3 |        0 |      0 |     0 |    +0.0% |   -8.747 |   -35707.7 |   4160 | row1/_486_/D
     117* |       0 |       3 |        0 |      0 |     0 |    +0.0% |   -8.747 |   -35707.7 |   4160 | row1/_486_/D
     119* |       0 |       3 |        0 |      0 |     1 |    +0.0% |   -8.747 |   -35707.6 |   4160 | row1/_486_/D
     120* |       0 |       3 |        0 |      0 |     1 |    +0.0% |   -8.747 |   -35707.6 |   4160 | row1/_486_/D
     122* |       0 |       4 |        0 |      0 |     2 |    +0.0% |   -8.747 |   -35707.6 |   4160 | row1/_486_/D
     125* |       0 |       5 |        0 |      0 |     3 |    +0.0% |   -8.747 |   -35707.5 |   4160 | row1/_486_/D
     128* |       0 |       6 |        0 |      0 |     4 |    +0.0% |   -8.747 |   -35707.5 |   4160 | row1/_486_/D
     130* |       0 |       7 |        0 |      0 |     4 |    +0.0% |   -8.747 |   -35707.5 |   4160 | row1/_486_/D
     131* |       0 |       7 |        0 |      0 |     5 |    +0.0% |   -8.747 |   -35707.4 |   4160 | row1/_486_/D
     134* |       0 |       8 |        0 |      0 |     6 |    +0.0% |   -8.747 |   -35707.4 |   4160 | row1/_486_/D
     137* |       0 |       9 |        0 |      0 |     7 |    +0.0% |   -8.747 |   -35707.3 |   4160 | row1/_486_/D
     140* |       0 |      10 |        0 |      0 |     8 |    +0.0% |   -8.747 |   -35707.2 |   4160 | row1/_486_/D
     140* |       0 |      10 |        0 |      0 |     8 |    +0.0% |   -8.747 |   -35707.2 |   4160 | row1/_486_/D
     143* |       0 |      11 |        0 |      0 |     9 |    +0.0% |   -8.747 |   -35707.2 |   4160 | row1/_486_/D
     146* |       0 |      12 |        0 |      0 |    10 |    +0.0% |   -8.747 |   -35707.1 |   4160 | row1/_486_/D
     149* |       0 |      13 |        0 |      0 |    11 |    +0.0% |   -8.747 |   -35707.1 |   4160 | row1/_486_/D
     150* |       0 |      13 |        0 |      0 |    11 |    +0.0% |   -8.747 |   -35707.1 |   4160 | row1/_486_/D
     152* |       0 |      14 |        0 |      0 |    12 |    +0.0% |   -8.747 |   -35707.0 |   4160 | row1/_486_/D
     155* |       0 |      15 |        0 |      0 |    13 |    +0.0% |   -8.747 |   -35707.0 |   4160 | row1/_486_/D
     158* |       0 |      16 |        0 |      0 |    14 |    +0.0% |   -8.747 |   -35706.9 |   4160 | row1/_486_/D
     160* |       0 |      17 |        0 |      0 |    14 |    +0.0% |   -8.747 |   -35707.0 |   4160 | row1/_486_/D
     161* |       0 |      17 |        0 |      0 |    15 |    +0.0% |   -8.747 |   -35706.9 |   4160 | row1/_486_/D
     164* |       0 |      18 |        0 |      0 |    16 |    +0.0% |   -8.747 |   -35706.8 |   4160 | row1/_486_/D
     167* |       0 |      19 |        0 |      0 |    17 |    +0.0% |   -8.747 |   -35706.7 |   4160 | row1/_486_/D
     170* |       0 |      20 |        0 |      0 |    18 |    +0.0% |   -8.747 |   -35706.7 |   4160 | row1/_486_/D
     170* |       0 |      20 |        0 |      0 |    18 |    +0.0% |   -8.747 |   -35706.7 |   4160 | row1/_486_/D
     173* |       0 |      21 |        0 |      0 |    19 |    +0.0% |   -8.747 |   -35706.6 |   4160 | row1/_486_/D
     176* |       0 |      22 |        0 |      0 |    20 |    +0.0% |   -8.747 |   -35706.6 |   4160 | row1/_486_/D
     179* |       0 |      23 |        0 |      0 |    21 |    +0.0% |   -8.747 |   -35706.5 |   4160 | row1/_486_/D
     180* |       0 |      23 |        0 |      0 |    21 |    +0.0% |   -8.747 |   -35706.5 |   4160 | row1/_486_/D
     182* |       0 |      24 |        0 |      0 |    22 |    +0.0% |   -8.747 |   -35706.5 |   4160 | row1/_486_/D
     185* |       0 |      25 |        0 |      0 |    23 |    +0.0% |   -8.747 |   -35706.4 |   4160 | row1/_486_/D
     188* |       0 |      26 |        0 |      0 |    24 |    +0.0% |   -8.747 |   -35706.3 |   4160 | row1/_486_/D
     190* |       0 |      27 |        0 |      0 |    24 |    +0.0% |   -8.747 |   -35706.4 |   4160 | row1/_486_/D
     191* |       0 |      27 |        0 |      0 |    25 |    +0.0% |   -8.747 |   -35706.3 |   4160 | row1/_486_/D
     194* |       0 |      28 |        0 |      0 |    26 |    +0.0% |   -8.747 |   -35706.2 |   4160 | row1/_486_/D
     197* |       0 |      29 |        0 |      0 |    27 |    +0.0% |   -8.747 |   -35706.2 |   4160 | row1/_486_/D
     200* |       0 |      30 |        0 |      0 |    28 |    +0.0% |   -8.747 |   -35706.1 |   4160 | row1/_486_/D
     200* |       0 |      30 |        0 |      0 |    28 |    +0.0% |   -8.747 |   -35706.1 |   4160 | row1/_486_/D
     203* |       0 |      31 |        0 |      0 |    29 |    +0.0% |   -8.747 |   -35706.1 |   4160 | row1/_486_/D
     206* |       0 |      32 |        0 |      0 |    30 |    +0.0% |   -8.747 |   -35706.0 |   4160 | row1/_486_/D
     209* |       0 |      33 |        0 |      0 |    31 |    +0.0% |   -8.747 |   -35706.0 |   4160 | row1/_486_/D
     210* |       0 |      33 |        0 |      0 |    31 |    +0.0% |   -8.747 |   -35706.0 |   4160 | row1/_486_/D
     212* |       0 |      34 |        0 |      0 |    32 |    +0.0% |   -8.747 |   -35705.9 |   4160 | row1/_486_/D
     215* |       0 |      35 |        0 |      0 |    33 |    +0.0% |   -8.747 |   -35705.8 |   4160 | row1/_486_/D
     218* |       0 |      36 |        0 |      0 |    34 |    +0.0% |   -8.747 |   -35705.8 |   4160 | row1/_486_/D
     220* |       0 |      37 |        0 |      0 |    34 |    +0.0% |   -8.747 |   -35705.8 |   4160 | row1/_486_/D
     221* |       0 |      37 |        0 |      0 |    35 |    +0.0% |   -8.747 |   -35705.7 |   4160 | row1/_486_/D
     224* |       0 |      38 |        0 |      0 |    36 |    +0.0% |   -8.747 |   -35705.7 |   4160 | row1/_486_/D
     227* |       0 |      39 |        0 |      0 |    37 |    +0.0% |   -8.747 |   -35705.6 |   4160 | row1/_486_/D
     230* |       0 |      40 |        0 |      0 |    38 |    +0.0% |   -8.747 |   -35705.6 |   4160 | row1/_486_/D
     230* |       0 |      40 |        0 |      0 |    38 |    +0.0% |   -8.747 |   -35705.6 |   4160 | row1/_486_/D
     233* |       0 |      41 |        0 |      0 |    39 |    +0.0% |   -8.747 |   -35705.5 |   4160 | row1/_486_/D
     236* |       0 |      42 |        0 |      0 |    40 |    +0.0% |   -8.747 |   -35705.4 |   4160 | row1/_486_/D
     239* |       0 |      43 |        0 |      0 |    41 |    +0.0% |   -8.747 |   -35705.4 |   4160 | row1/_486_/D
     240* |       0 |      43 |        0 |      0 |    41 |    +0.0% |   -8.747 |   -35705.4 |   4160 | row1/_486_/D
     242* |       0 |      44 |        0 |      0 |    42 |    +0.0% |   -8.747 |   -35705.3 |   4160 | row1/_486_/D
     245* |       0 |      45 |        0 |      0 |    43 |    +0.0% |   -8.747 |   -35705.3 |   4160 | row1/_486_/D
     248* |       0 |      46 |        0 |      0 |    44 |    +0.0% |   -8.747 |   -35705.2 |   4160 | row1/_486_/D
     250* |       0 |      47 |        0 |      0 |    44 |    +0.0% |   -8.747 |   -35705.3 |   4160 | row1/_486_/D
     251* |       0 |      47 |        0 |      0 |    45 |    +0.0% |   -8.747 |   -35705.2 |   4160 | row1/_486_/D
     254* |       0 |      48 |        0 |      0 |    46 |    +0.0% |   -8.747 |   -35705.1 |   4160 | row1/_486_/D
     257* |       0 |      49 |        0 |      0 |    47 |    +0.0% |   -8.747 |   -35705.1 |   4160 | row1/_486_/D
     260* |       0 |      50 |        0 |      0 |    48 |    +0.0% |   -8.747 |   -35705.0 |   4160 | row1/_486_/D
     260* |       0 |      50 |        0 |      0 |    48 |    +0.0% |   -8.747 |   -35705.0 |   4160 | row1/_486_/D
     263* |       0 |      51 |        0 |      0 |    49 |    +0.0% |   -8.747 |   -35704.9 |   4160 | row1/_486_/D
     266* |       0 |      52 |        0 |      0 |    50 |    +0.0% |   -8.747 |   -35704.9 |   4160 | row1/_486_/D
     269* |       0 |      53 |        0 |      0 |    51 |    +0.0% |   -8.747 |   -35704.8 |   4160 | row1/_486_/D
     270* |       0 |      53 |        0 |      0 |    51 |    +0.0% |   -8.747 |   -35704.8 |   4160 | row1/_486_/D
     272* |       0 |      54 |        0 |      0 |    52 |    +0.0% |   -8.747 |   -35704.8 |   4160 | row1/_486_/D
     275* |       0 |      55 |        0 |      0 |    53 |    +0.0% |   -8.747 |   -35704.7 |   4160 | row1/_488_/D
     278* |       0 |      56 |        0 |      0 |    54 |    +0.0% |   -8.747 |   -35704.7 |   4160 | row1/_490_/D
     280* |       0 |      57 |        0 |      0 |    54 |    +0.0% |   -8.747 |   -35704.7 |   4160 | row1/_492_/D
     281* |       0 |      57 |        0 |      0 |    55 |    +0.0% |   -8.747 |   -35704.6 |   4160 | row1/_492_/D
     284* |       0 |      58 |        0 |      0 |    56 |    +0.0% |   -8.747 |   -35704.6 |   4160 | row1/_494_/D
     287* |       0 |      59 |        0 |      0 |    57 |    +0.0% |   -8.747 |   -35704.5 |   4160 | row1/_496_/D
     290* |       0 |      60 |        0 |      0 |    58 |    +0.0% |   -8.747 |   -35704.4 |   4160 | row1/_498_/D
     290* |       0 |      60 |        0 |      0 |    58 |    +0.0% |   -8.747 |   -35704.4 |   4160 | row1/_498_/D
     293* |       0 |      61 |        0 |      0 |    59 |    +0.0% |   -8.747 |   -35704.4 |   4160 | row1/_500_/D
     296* |       0 |      62 |        0 |      0 |    60 |    +0.0% |   -8.747 |   -35704.3 |   4160 | row1/_502_/D
     299* |       0 |      63 |        0 |      0 |    61 |    +0.0% |   -8.747 |   -35704.3 |   4160 | row1/_504_/D
     300* |       0 |      63 |        0 |      0 |    61 |    +0.0% |   -8.747 |   -35704.3 |   4160 | row1/_504_/D
     302* |       0 |      64 |        0 |      0 |    62 |    +0.0% |   -8.747 |   -35704.2 |   4160 | row1/_506_/D
     305* |       0 |      65 |        0 |      0 |    63 |    +0.0% |   -8.747 |   -35704.2 |   4160 | row1/_508_/D
     308* |       0 |      66 |        0 |      0 |    64 |    +0.0% |   -8.747 |   -35704.1 |   4160 | row10/_446_/D
     310* |       0 |      67 |        0 |      0 |    64 |    +0.0% |   -8.747 |   -35704.2 |   4160 | row10/_448_/D
     311* |       0 |      67 |        0 |      0 |    65 |    +0.0% |   -8.747 |   -35704.1 |   4160 | row10/_448_/D
     314* |       0 |      68 |        0 |      0 |    66 |    +0.0% |   -8.747 |   -35704.0 |   4160 | row10/_450_/D
     317* |       0 |      69 |        0 |      0 |    67 |    +0.0% |   -8.747 |   -35703.9 |   4160 | row10/_452_/D
     320* |       0 |      70 |        0 |      0 |    68 |    +0.0% |   -8.747 |   -35703.9 |   4160 | row10/_454_/D
     320* |       0 |      70 |        0 |      0 |    68 |    +0.0% |   -8.747 |   -35703.9 |   4160 | row10/_454_/D
     323* |       0 |      71 |        0 |      0 |    69 |    +0.0% |   -8.747 |   -35703.8 |   4160 | row10/_456_/D
     326* |       0 |      72 |        0 |      0 |    70 |    +0.0% |   -8.747 |   -35703.8 |   4160 | row10/_458_/D
     329* |       0 |      73 |        0 |      0 |    71 |    +0.0% |   -8.747 |   -35703.7 |   4160 | row10/_460_/D
     330* |       0 |      73 |        0 |      0 |    71 |    +0.0% |   -8.747 |   -35703.7 |   4160 | row10/_460_/D
     332* |       0 |      74 |        0 |      0 |    72 |    +0.0% |   -8.747 |   -35703.7 |   4160 | row10/_462_/D
     335* |       0 |      75 |        0 |      0 |    73 |    +0.0% |   -8.747 |   -35703.6 |   4160 | row10/_464_/D
     338* |       0 |      76 |        0 |      0 |    74 |    +0.0% |   -8.747 |   -35703.5 |   4160 | row10/_466_/D
     340* |       0 |      77 |        0 |      0 |    74 |    +0.0% |   -8.747 |   -35703.6 |   4160 | row10/_468_/D
     341* |       0 |      77 |        0 |      0 |    75 |    +0.0% |   -8.747 |   -35703.5 |   4160 | row10/_468_/D
     344* |       0 |      78 |        0 |      0 |    76 |    +0.0% |   -8.747 |   -35703.4 |   4160 | row10/_470_/D
     347* |       0 |      79 |        0 |      0 |    77 |    +0.0% |   -8.747 |   -35703.4 |   4160 | row10/_472_/D
     350* |       0 |      80 |        0 |      0 |    78 |    +0.0% |   -8.747 |   -35703.3 |   4160 | row10/_474_/D
     350* |       0 |      80 |        0 |      0 |    78 |    +0.0% |   -8.747 |   -35703.3 |   4160 | row10/_474_/D
     353* |       0 |      81 |        0 |      0 |    79 |    +0.0% |   -8.747 |   -35703.3 |   4160 | row10/_476_/D
     356* |       0 |      82 |        0 |      0 |    80 |    +0.0% |   -8.747 |   -35703.2 |   4160 | row10/_478_/D
     359* |       0 |      83 |        0 |      0 |    81 |    +0.0% |   -8.747 |   -35703.2 |   4160 | row10/_480_/D
     360* |       0 |      83 |        0 |      0 |    81 |    +0.0% |   -8.747 |   -35703.2 |   4160 | row10/_480_/D
     362* |       0 |      84 |        0 |      0 |    82 |    +0.0% |   -8.747 |   -35703.1 |   4160 | row10/_482_/D
     365* |       0 |      85 |        0 |      0 |    83 |    +0.0% |   -8.747 |   -35703.0 |   4160 | row10/_484_/D
     368* |       0 |      86 |        0 |      0 |    84 |    +0.0% |   -8.747 |   -35703.0 |   4160 | row10/_486_/D
     370* |       0 |      87 |        0 |      0 |    84 |    +0.0% |   -8.747 |   -35703.0 |   4160 | row10/_488_/D
     371* |       0 |      87 |        0 |      0 |    85 |    +0.0% |   -8.747 |   -35702.9 |   4160 | row10/_488_/D
     374* |       0 |      88 |        0 |      0 |    86 |    +0.0% |   -8.747 |   -35702.9 |   4160 | row10/_490_/D
     377* |       0 |      89 |        0 |      0 |    87 |    +0.0% |   -8.747 |   -35702.8 |   4160 | row10/_492_/D
     380* |       0 |      90 |        0 |      0 |    88 |    +0.0% |   -8.747 |   -35702.8 |   4160 | row10/_494_/D
     380* |       0 |      90 |        0 |      0 |    88 |    +0.0% |   -8.747 |   -35702.8 |   4160 | row10/_494_/D
     383* |       0 |      91 |        0 |      0 |    89 |    +0.0% |   -8.747 |   -35702.7 |   4160 | row10/_496_/D
     386* |       0 |      92 |        0 |      0 |    90 |    +0.0% |   -8.747 |   -35702.7 |   4160 | row10/_498_/D
     389* |       0 |      93 |        0 |      0 |    91 |    +0.0% |   -8.747 |   -35702.6 |   4160 | row10/_500_/D
     390* |       0 |      93 |        0 |      0 |    91 |    +0.0% |   -8.747 |   -35702.6 |   4160 | row10/_500_/D
     392* |       0 |      94 |        0 |      0 |    92 |    +0.0% |   -8.747 |   -35702.5 |   4160 | row10/_502_/D
     395* |       0 |      95 |        0 |      0 |    93 |    +0.0% |   -8.747 |   -35702.5 |   4160 | row10/_504_/D
     398* |       0 |      96 |        0 |      0 |    94 |    +0.0% |   -8.747 |   -35702.4 |   4160 | row10/_506_/D
     400* |       0 |      97 |        0 |      0 |    94 |    +0.0% |   -8.747 |   -35702.5 |   4160 | row10/_508_/D
     401* |       0 |      97 |        0 |      0 |    95 |    +0.0% |   -8.747 |   -35702.4 |   4160 | row10/_508_/D
     404* |       0 |      98 |        0 |      0 |    96 |    +0.0% |   -8.747 |   -35702.3 |   4160 | row11/_446_/D
     407* |       0 |      99 |        0 |      0 |    97 |    +0.0% |   -8.747 |   -35702.3 |   4160 | row11/_448_/D
     410* |       0 |     100 |        0 |      0 |    98 |    +0.0% |   -8.747 |   -35702.2 |   4160 | row11/_450_/D
     410* |       0 |     100 |        0 |      0 |    98 |    +0.0% |   -8.747 |   -35702.2 |   4160 | row11/_450_/D
     413* |       0 |     101 |        0 |      0 |    99 |    +0.0% |   -8.747 |   -35702.1 |   4160 | row11/_452_/D
     416* |       0 |     102 |        0 |      0 |   100 |    +0.0% |   -8.747 |   -35702.1 |   4160 | row11/_454_/D
     419* |       0 |     103 |        0 |      0 |   101 |    +0.0% |   -8.747 |   -35702.0 |   4160 | row11/_456_/D
     420* |       0 |     103 |        0 |      0 |   101 |    +0.0% |   -8.747 |   -35702.0 |   4160 | row11/_456_/D
     422* |       0 |     104 |        0 |      0 |   102 |    +0.0% |   -8.747 |   -35702.0 |   4160 | row11/_458_/D
     425* |       0 |     105 |        0 |      0 |   103 |    +0.0% |   -8.747 |   -35701.9 |   4160 | row11/_460_/D
     428* |       0 |     106 |        0 |      0 |   104 |    +0.0% |   -8.747 |   -35701.9 |   4160 | row11/_462_/D
     430* |       0 |     107 |        0 |      0 |   104 |    +0.0% |   -8.747 |   -35701.9 |   4160 | row11/_464_/D
     431* |       0 |     107 |        0 |      0 |   105 |    +0.0% |   -8.747 |   -35701.8 |   4160 | row11/_464_/D
     434* |       0 |     108 |        0 |      0 |   106 |    +0.0% |   -8.747 |   -35701.8 |   4160 | row11/_466_/D
     437* |       0 |     109 |        0 |      0 |   107 |    +0.0% |   -8.747 |   -35701.7 |   4160 | row11/_468_/D
     440* |       0 |     110 |        0 |      0 |   108 |    +0.0% |   -8.747 |   -35701.6 |   4160 | row11/_470_/D
     440* |       0 |     110 |        0 |      0 |   108 |    +0.0% |   -8.747 |   -35701.6 |   4160 | row11/_470_/D
     443* |       0 |     111 |        0 |      0 |   109 |    +0.0% |   -8.747 |   -35701.6 |   4160 | row11/_472_/D
     446* |       0 |     112 |        0 |      0 |   110 |    +0.0% |   -8.747 |   -35701.5 |   4160 | row11/_474_/D
     449* |       0 |     113 |        0 |      0 |   111 |    +0.0% |   -8.747 |   -35701.5 |   4160 | row11/_476_/D
     450* |       0 |     113 |        0 |      0 |   111 |    +0.0% |   -8.747 |   -35701.5 |   4160 | row11/_476_/D
     452* |       0 |     114 |        0 |      0 |   112 |    +0.0% |   -8.747 |   -35701.4 |   4160 | row11/_478_/D
     455* |       0 |     115 |        0 |      0 |   113 |    +0.0% |   -8.747 |   -35701.4 |   4160 | row11/_480_/D
     458* |       0 |     116 |        0 |      0 |   114 |    +0.0% |   -8.747 |   -35701.3 |   4160 | row11/_482_/D
     460* |       0 |     117 |        0 |      0 |   114 |    +0.0% |   -8.747 |   -35701.4 |   4160 | row11/_484_/D
     461* |       0 |     117 |        0 |      0 |   115 |    +0.0% |   -8.747 |   -35701.2 |   4160 | row11/_484_/D
     464* |       0 |     118 |        0 |      0 |   116 |    +0.0% |   -8.747 |   -35701.2 |   4160 | row11/_486_/D
     467* |       0 |     119 |        0 |      0 |   117 |    +0.0% |   -8.747 |   -35701.1 |   4160 | row11/_488_/D
     470* |       0 |     120 |        0 |      0 |   118 |    +0.0% |   -8.747 |   -35701.1 |   4160 | row11/_490_/D
     470* |       0 |     120 |        0 |      0 |   118 |    +0.0% |   -8.747 |   -35701.1 |   4160 | row11/_490_/D
     473* |       0 |     121 |        0 |      0 |   119 |    +0.0% |   -8.747 |   -35701.0 |   4160 | row11/_492_/D
     476* |       0 |     122 |        0 |      0 |   120 |    +0.0% |   -8.747 |   -35701.0 |   4160 | row11/_494_/D
     479* |       0 |     123 |        0 |      0 |   121 |    +0.0% |   -8.747 |   -35700.9 |   4160 | row11/_496_/D
     480* |       0 |     123 |        0 |      0 |   121 |    +0.0% |   -8.747 |   -35700.9 |   4160 | row11/_496_/D
     482* |       0 |     124 |        0 |      0 |   122 |    +0.0% |   -8.747 |   -35700.9 |   4160 | row11/_498_/D
     485* |       0 |     125 |        0 |      0 |   123 |    +0.0% |   -8.747 |   -35700.8 |   4160 | row11/_500_/D
     488* |       0 |     126 |        0 |      0 |   124 |    +0.0% |   -8.747 |   -35700.8 |   4160 | row11/_502_/D
     490* |       0 |     127 |        0 |      0 |   124 |    +0.0% |   -8.747 |   -35700.8 |   4160 | row11/_504_/D
     491* |       0 |     127 |        0 |      0 |   125 |    +0.0% |   -8.747 |   -35700.7 |   4160 | row11/_504_/D
     494* |       0 |     128 |        0 |      0 |   126 |    +0.0% |   -8.747 |   -35700.6 |   4160 | row11/_506_/D
     497* |       0 |     129 |        0 |      0 |   127 |    +0.0% |   -8.747 |   -35700.6 |   4160 | row11/_508_/D
     500* |       0 |     130 |        0 |      0 |   128 |    +0.0% |   -8.747 |   -35700.5 |   4160 | row12/_446_/D
     500* |       0 |     130 |        0 |      0 |   128 |    +0.0% |   -8.747 |   -35700.5 |   4160 | row12/_446_/D
     503* |       0 |     131 |        0 |      0 |   129 |    +0.0% |   -8.747 |   -35700.5 |   4160 | row12/_448_/D
     506* |       0 |     132 |        0 |      0 |   130 |    +0.0% |   -8.747 |   -35700.4 |   4160 | row12/_450_/D
     509* |       0 |     133 |        0 |      0 |   131 |    +0.0% |   -8.747 |   -35700.4 |   4160 | row12/_452_/D
     510* |       0 |     133 |        0 |      0 |   131 |    +0.0% |   -8.747 |   -35700.4 |   4160 | row12/_452_/D
     512* |       0 |     134 |        0 |      0 |   132 |    +0.0% |   -8.747 |   -35700.3 |   4160 | row12/_454_/D
     515* |       0 |     135 |        0 |      0 |   133 |    +0.0% |   -8.747 |   -35700.2 |   4160 | row12/_456_/D
     518* |       0 |     136 |        0 |      0 |   134 |    +0.0% |   -8.747 |   -35700.2 |   4160 | row12/_458_/D
     520* |       0 |     137 |        0 |      0 |   134 |    +0.0% |   -8.747 |   -35700.2 |   4160 | row12/_460_/D
     521* |       0 |     137 |        0 |      0 |   135 |    +0.0% |   -8.747 |   -35700.1 |   4160 | row12/_460_/D
     524* |       0 |     138 |        0 |      0 |   136 |    +0.0% |   -8.747 |   -35700.1 |   4160 | row12/_462_/D
     527* |       0 |     139 |        0 |      0 |   137 |    +0.0% |   -8.747 |   -35700.0 |   4160 | row12/_464_/D
     530* |       0 |     140 |        0 |      0 |   138 |    +0.0% |   -8.747 |   -35700.0 |   4160 | row12/_466_/D
     530* |       0 |     140 |        0 |      0 |   138 |    +0.0% |   -8.747 |   -35700.0 |   4160 | row12/_466_/D
     533* |       0 |     141 |        0 |      0 |   139 |    +0.0% |   -8.747 |   -35699.9 |   4160 | row12/_468_/D
     536* |       0 |     142 |        0 |      0 |   140 |    +0.1% |   -8.747 |   -35699.9 |   4160 | row12/_470_/D
     539* |       0 |     143 |        0 |      0 |   141 |    +0.1% |   -8.747 |   -35699.8 |   4160 | row12/_472_/D
     540* |       0 |     143 |        0 |      0 |   141 |    +0.1% |   -8.747 |   -35699.8 |   4160 | row12/_472_/D
     542* |       0 |     144 |        0 |      0 |   142 |    +0.1% |   -8.747 |   -35699.7 |   4160 | row12/_474_/D
     545* |       0 |     145 |        0 |      0 |   143 |    +0.1% |   -8.747 |   -35699.7 |   4160 | row12/_476_/D
     548* |       0 |     146 |        0 |      0 |   144 |    +0.1% |   -8.747 |   -35699.6 |   4160 | row12/_478_/D
     550* |       0 |     147 |        0 |      0 |   144 |    +0.1% |   -8.747 |   -35699.7 |   4160 | row12/_480_/D
     551* |       0 |     147 |        0 |      0 |   145 |    +0.1% |   -8.747 |   -35699.6 |   4160 | row12/_480_/D
     554* |       0 |     148 |        0 |      0 |   146 |    +0.1% |   -8.747 |   -35699.5 |   4160 | row12/_482_/D
     557* |       0 |     149 |        0 |      0 |   147 |    +0.1% |   -8.747 |   -35699.5 |   4160 | row12/_484_/D
     560* |       0 |     150 |        0 |      0 |   148 |    +0.1% |   -8.747 |   -35699.4 |   4160 | row12/_486_/D
     560* |       0 |     150 |        0 |      0 |   148 |    +0.1% |   -8.747 |   -35699.4 |   4160 | row12/_486_/D
     563* |       0 |     151 |        0 |      0 |   149 |    +0.1% |   -8.747 |   -35699.3 |   4160 | row12/_488_/D
     566* |       0 |     152 |        0 |      0 |   150 |    +0.1% |   -8.747 |   -35699.3 |   4160 | row12/_490_/D
     569* |       0 |     153 |        0 |      0 |   151 |    +0.1% |   -8.747 |   -35699.2 |   4160 | row12/_492_/D
     570* |       0 |     153 |        0 |      0 |   151 |    +0.1% |   -8.747 |   -35699.2 |   4160 | row12/_492_/D
     572* |       0 |     154 |        0 |      0 |   152 |    +0.1% |   -8.747 |   -35699.2 |   4160 | row12/_494_/D
     575* |       0 |     155 |        0 |      0 |   153 |    +0.1% |   -8.747 |   -35699.1 |   4160 | row12/_496_/D
     578* |       0 |     156 |        0 |      0 |   154 |    +0.1% |   -8.747 |   -35699.1 |   4160 | row12/_498_/D
     580* |       0 |     157 |        0 |      0 |   154 |    +0.1% |   -8.747 |   -35699.1 |   4160 | row12/_500_/D
     581* |       0 |     157 |        0 |      0 |   155 |    +0.1% |   -8.747 |   -35699.0 |   4160 | row12/_500_/D
     584* |       0 |     158 |        0 |      0 |   156 |    +0.1% |   -8.747 |   -35699.0 |   4160 | row12/_502_/D
     587* |       0 |     159 |        0 |      0 |   157 |    +0.1% |   -8.747 |   -35698.9 |   4160 | row12/_504_/D
     590* |       0 |     160 |        0 |      0 |   158 |    +0.1% |   -8.747 |   -35698.8 |   4160 | row12/_506_/D
     590* |       0 |     160 |        0 |      0 |   158 |    +0.1% |   -8.747 |   -35698.8 |   4160 | row12/_506_/D
     593* |       0 |     161 |        0 |      0 |   159 |    +0.1% |   -8.747 |   -35698.8 |   4160 | row12/_508_/D
     596* |       0 |     162 |        0 |      0 |   160 |    +0.1% |   -8.747 |   -35698.7 |   4160 | row13/_446_/D
     599* |       0 |     163 |        0 |      0 |   161 |    +0.1% |   -8.747 |   -35698.7 |   4160 | row13/_448_/D
     600* |       0 |     163 |        0 |      0 |   161 |    +0.1% |   -8.747 |   -35698.7 |   4160 | row13/_448_/D
     602* |       0 |     164 |        0 |      0 |   162 |    +0.1% |   -8.747 |   -35698.6 |   4160 | row13/_450_/D
     605* |       0 |     165 |        0 |      0 |   163 |    +0.1% |   -8.747 |   -35698.6 |   4160 | row13/_452_/D
     608* |       0 |     166 |        0 |      0 |   164 |    +0.1% |   -8.747 |   -35698.5 |   4160 | row13/_454_/D
     610* |       0 |     167 |        0 |      0 |   164 |    +0.1% |   -8.747 |   -35698.6 |   4160 | row13/_456_/D
     611* |       0 |     167 |        0 |      0 |   165 |    +0.1% |   -8.747 |   -35698.5 |   4160 | row13/_456_/D
     614* |       0 |     168 |        0 |      0 |   166 |    +0.1% |   -8.747 |   -35698.4 |   4160 | row13/_458_/D
     617* |       0 |     169 |        0 |      0 |   167 |    +0.1% |   -8.747 |   -35698.3 |   4160 | row13/_460_/D
     620* |       0 |     170 |        0 |      0 |   168 |    +0.1% |   -8.747 |   -35698.3 |   4160 | row13/_462_/D
     620* |       0 |     170 |        0 |      0 |   168 |    +0.1% |   -8.747 |   -35698.3 |   4160 | row13/_462_/D
     623* |       0 |     171 |        0 |      0 |   169 |    +0.1% |   -8.747 |   -35698.2 |   4160 | row13/_464_/D
     626* |       0 |     172 |        0 |      0 |   170 |    +0.1% |   -8.747 |   -35698.2 |   4160 | row13/_466_/D
     629* |       0 |     173 |        0 |      0 |   171 |    +0.1% |   -8.747 |   -35698.1 |   4160 | row13/_468_/D
     630* |       0 |     173 |        0 |      0 |   171 |    +0.1% |   -8.747 |   -35698.1 |   4160 | row13/_468_/D
     632* |       0 |     174 |        0 |      0 |   172 |    +0.1% |   -8.747 |   -35698.1 |   4160 | row13/_470_/D
     635* |       0 |     175 |        0 |      0 |   173 |    +0.1% |   -8.747 |   -35698.0 |   4160 | row13/_472_/D
     638* |       0 |     176 |        0 |      0 |   174 |    +0.1% |   -8.747 |   -35697.9 |   4160 | row13/_474_/D
     640* |       0 |     177 |        0 |      0 |   174 |    +0.1% |   -8.747 |   -35698.0 |   4160 | row13/_476_/D
     641* |       0 |     177 |        0 |      0 |   175 |    +0.1% |   -8.747 |   -35697.9 |   4160 | row13/_476_/D
     644* |       0 |     178 |        0 |      0 |   176 |    +0.1% |   -8.747 |   -35697.8 |   4160 | row13/_478_/D
     647* |       0 |     179 |        0 |      0 |   177 |    +0.1% |   -8.747 |   -35697.8 |   4160 | row13/_480_/D
     650* |       0 |     180 |        0 |      0 |   178 |    +0.1% |   -8.747 |   -35697.7 |   4160 | row13/_482_/D
     650* |       0 |     180 |        0 |      0 |   178 |    +0.1% |   -8.747 |   -35697.7 |   4160 | row13/_482_/D
     653* |       0 |     181 |        0 |      0 |   179 |    +0.1% |   -8.747 |   -35697.7 |   4160 | row13/_484_/D
     656* |       0 |     182 |        0 |      0 |   180 |    +0.1% |   -8.747 |   -35697.6 |   4160 | row13/_486_/D
     659* |       0 |     183 |        0 |      0 |   181 |    +0.1% |   -8.747 |   -35697.6 |   4160 | row13/_488_/D
     660* |       0 |     183 |        0 |      0 |   181 |    +0.1% |   -8.747 |   -35697.6 |   4160 | row13/_488_/D
     662* |       0 |     184 |        0 |      0 |   182 |    +0.1% |   -8.747 |   -35697.5 |   4160 | row13/_490_/D
     665* |       0 |     185 |        0 |      0 |   183 |    +0.1% |   -8.747 |   -35697.4 |   4160 | row13/_492_/D
     668* |       0 |     186 |        0 |      0 |   184 |    +0.1% |   -8.747 |   -35697.4 |   4160 | row13/_494_/D
     670* |       0 |     187 |        0 |      0 |   184 |    +0.1% |   -8.747 |   -35697.4 |   4160 | row13/_496_/D
     671* |       0 |     187 |        0 |      0 |   185 |    +0.1% |   -8.747 |   -35697.3 |   4160 | row13/_496_/D
     674* |       0 |     188 |        0 |      0 |   186 |    +0.1% |   -8.747 |   -35697.3 |   4160 | row13/_498_/D
     677* |       0 |     189 |        0 |      0 |   187 |    +0.1% |   -8.747 |   -35697.2 |   4160 | row13/_500_/D
     680* |       0 |     190 |        0 |      0 |   188 |    +0.1% |   -8.747 |   -35697.2 |   4160 | row13/_502_/D
     680* |       0 |     190 |        0 |      0 |   188 |    +0.1% |   -8.747 |   -35697.2 |   4160 | row13/_502_/D
     683* |       0 |     191 |        0 |      0 |   189 |    +0.1% |   -8.747 |   -35697.1 |   4160 | row13/_504_/D
     686* |       0 |     192 |        0 |      0 |   190 |    +0.1% |   -8.747 |   -35697.1 |   4160 | row13/_506_/D
     689* |       0 |     193 |        0 |      0 |   191 |    +0.1% |   -8.747 |   -35697.0 |   4160 | row13/_508_/D
     690* |       0 |     193 |        0 |      0 |   191 |    +0.1% |   -8.747 |   -35697.0 |   4160 | row13/_508_/D
     692* |       0 |     194 |        0 |      0 |   192 |    +0.1% |   -8.747 |   -35696.9 |   4160 | row14/_446_/D
     695* |       0 |     195 |        0 |      0 |   193 |    +0.1% |   -8.747 |   -35696.9 |   4160 | row14/_448_/D
     698* |       0 |     196 |        0 |      0 |   194 |    +0.1% |   -8.747 |   -35696.8 |   4160 | row14/_450_/D
     700* |       0 |     197 |        0 |      0 |   194 |    +0.1% |   -8.747 |   -35696.9 |   4160 | row14/_452_/D
     701* |       0 |     197 |        0 |      0 |   195 |    +0.1% |   -8.747 |   -35696.8 |   4160 | row14/_452_/D
     704* |       0 |     198 |        0 |      0 |   196 |    +0.1% |   -8.747 |   -35696.7 |   4160 | row14/_454_/D
     707* |       0 |     199 |        0 |      0 |   197 |    +0.1% |   -8.747 |   -35696.7 |   4160 | row14/_456_/D
     710* |       0 |     200 |        0 |      0 |   198 |    +0.1% |   -8.747 |   -35696.6 |   4160 | row14/_458_/D
     710* |       0 |     200 |        0 |      0 |   198 |    +0.1% |   -8.747 |   -35696.6 |   4160 | row14/_458_/D
     713* |       0 |     201 |        0 |      0 |   199 |    +0.1% |   -8.747 |   -35696.5 |   4160 | row14/_460_/D
     716* |       0 |     202 |        0 |      0 |   200 |    +0.1% |   -8.747 |   -35696.5 |   4160 | row14/_462_/D
     719* |       0 |     203 |        0 |      0 |   201 |    +0.1% |   -8.747 |   -35696.4 |   4160 | row14/_464_/D
     720* |       0 |     203 |        0 |      0 |   201 |    +0.1% |   -8.747 |   -35696.4 |   4160 | row14/_464_/D
     722* |       0 |     204 |        0 |      0 |   202 |    +0.1% |   -8.747 |   -35696.4 |   4160 | row14/_466_/D
     725* |       0 |     205 |        0 |      0 |   203 |    +0.1% |   -8.747 |   -35696.3 |   4160 | row14/_468_/D
     728* |       0 |     206 |        0 |      0 |   204 |    +0.1% |   -8.747 |   -35696.3 |   4160 | row14/_470_/D
     730* |       0 |     207 |        0 |      0 |   204 |    +0.1% |   -8.747 |   -35696.3 |   4160 | row14/_472_/D
     731* |       0 |     207 |        0 |      0 |   205 |    +0.1% |   -8.747 |   -35696.2 |   4160 | row14/_472_/D
     734* |       0 |     208 |        0 |      0 |   206 |    +0.1% |   -8.747 |   -35696.2 |   4160 | row14/_474_/D
     737* |       0 |     209 |        0 |      0 |   207 |    +0.1% |   -8.747 |   -35696.1 |   4160 | row14/_476_/D
     740* |       0 |     210 |        0 |      0 |   208 |    +0.1% |   -8.747 |   -35696.0 |   4160 | row14/_478_/D
     740* |       0 |     210 |        0 |      0 |   208 |    +0.1% |   -8.747 |   -35696.0 |   4160 | row14/_478_/D
     743* |       0 |     211 |        0 |      0 |   209 |    +0.1% |   -8.747 |   -35696.0 |   4160 | row14/_480_/D
     746* |       0 |     212 |        0 |      0 |   210 |    +0.1% |   -8.747 |   -35695.9 |   4160 | row14/_482_/D
     749* |       0 |     213 |        0 |      0 |   211 |    +0.1% |   -8.747 |   -35695.9 |   4160 | row14/_484_/D
     750* |       0 |     213 |        0 |      0 |   211 |    +0.1% |   -8.747 |   -35695.9 |   4160 | row14/_484_/D
     752* |       0 |     214 |        0 |      0 |   212 |    +0.1% |   -8.747 |   -35695.8 |   4160 | row14/_486_/D
     755* |       0 |     215 |        0 |      0 |   213 |    +0.1% |   -8.747 |   -35695.8 |   4160 | row14/_488_/D
     758* |       0 |     216 |        0 |      0 |   214 |    +0.1% |   -8.747 |   -35695.7 |   4160 | row14/_490_/D
     760* |       0 |     217 |        0 |      0 |   214 |    +0.1% |   -8.747 |   -35695.8 |   4160 | row14/_492_/D
     761* |       0 |     217 |        0 |      0 |   215 |    +0.1% |   -8.747 |   -35695.7 |   4160 | row14/_492_/D
     764* |       0 |     218 |        0 |      0 |   216 |    +0.1% |   -8.747 |   -35695.6 |   4160 | row14/_494_/D
     767* |       0 |     219 |        0 |      0 |   217 |    +0.1% |   -8.747 |   -35695.5 |   4160 | row14/_496_/D
     770* |       0 |     220 |        0 |      0 |   218 |    +0.1% |   -8.747 |   -35695.5 |   4160 | row14/_498_/D
     770* |       0 |     220 |        0 |      0 |   218 |    +0.1% |   -8.747 |   -35695.5 |   4160 | row14/_498_/D
     773* |       0 |     221 |        0 |      0 |   219 |    +0.1% |   -8.747 |   -35695.4 |   4160 | row14/_500_/D
     776* |       0 |     222 |        0 |      0 |   220 |    +0.1% |   -8.747 |   -35695.4 |   4160 | row14/_502_/D
     779* |       0 |     223 |        0 |      0 |   221 |    +0.1% |   -8.747 |   -35695.3 |   4160 | row14/_504_/D
     780* |       0 |     223 |        0 |      0 |   221 |    +0.1% |   -8.747 |   -35695.3 |   4160 | row14/_504_/D
     782* |       0 |     224 |        0 |      0 |   222 |    +0.1% |   -8.747 |   -35695.3 |   4160 | row14/_506_/D
     785* |       0 |     225 |        0 |      0 |   223 |    +0.1% |   -8.747 |   -35695.2 |   4160 | row14/_508_/D
     788* |       0 |     226 |        0 |      0 |   224 |    +0.1% |   -8.747 |   -35695.1 |   4160 | row15/_446_/D
     790* |       0 |     227 |        0 |      0 |   224 |    +0.1% |   -8.747 |   -35695.2 |   4160 | row15/_448_/D
     791* |       0 |     227 |        0 |      0 |   225 |    +0.1% |   -8.747 |   -35695.1 |   4160 | row15/_448_/D
     794* |       0 |     228 |        0 |      0 |   226 |    +0.1% |   -8.747 |   -35695.0 |   4160 | row15/_450_/D
     797* |       0 |     229 |        0 |      0 |   227 |    +0.1% |   -8.747 |   -35695.0 |   4160 | row15/_452_/D
     800* |       0 |     230 |        0 |      0 |   228 |    +0.1% |   -8.747 |   -35694.9 |   4160 | row15/_454_/D
     800* |       0 |     230 |        0 |      0 |   228 |    +0.1% |   -8.747 |   -35694.9 |   4160 | row15/_454_/D
     803* |       0 |     231 |        0 |      0 |   229 |    +0.1% |   -8.747 |   -35694.9 |   4160 | row15/_456_/D
     806* |       0 |     232 |        0 |      0 |   230 |    +0.1% |   -8.747 |   -35694.8 |   4160 | row15/_458_/D
     809* |       0 |     233 |        0 |      0 |   231 |    +0.1% |   -8.747 |   -35694.8 |   4160 | row15/_460_/D
     810* |       0 |     233 |        0 |      0 |   231 |    +0.1% |   -8.747 |   -35694.8 |   4160 | row15/_460_/D
     812* |       0 |     234 |        0 |      0 |   232 |    +0.1% |   -8.747 |   -35694.7 |   4160 | row15/_462_/D
     815* |       0 |     235 |        0 |      0 |   233 |    +0.1% |   -8.747 |   -35694.6 |   4160 | row15/_464_/D
     818* |       0 |     236 |        0 |      0 |   234 |    +0.1% |   -8.747 |   -35694.6 |   4160 | row15/_466_/D
     820* |       0 |     237 |        0 |      0 |   234 |    +0.1% |   -8.747 |   -35694.6 |   4160 | row15/_468_/D
     821* |       0 |     237 |        0 |      0 |   235 |    +0.1% |   -8.747 |   -35694.5 |   4160 | row15/_468_/D
     824* |       0 |     238 |        0 |      0 |   236 |    +0.1% |   -8.747 |   -35694.5 |   4160 | row15/_470_/D
     827* |       0 |     239 |        0 |      0 |   237 |    +0.1% |   -8.747 |   -35694.4 |   4160 | row15/_472_/D
     830* |       0 |     240 |        0 |      0 |   238 |    +0.1% |   -8.747 |   -35694.4 |   4160 | row15/_474_/D
     830* |       0 |     240 |        0 |      0 |   238 |    +0.1% |   -8.747 |   -35694.4 |   4160 | row15/_474_/D
     833* |       0 |     241 |        0 |      0 |   239 |    +0.1% |   -8.747 |   -35694.3 |   4160 | row15/_476_/D
     836* |       0 |     242 |        0 |      0 |   240 |    +0.1% |   -8.747 |   -35694.3 |   4160 | row15/_478_/D
     839* |       0 |     243 |        0 |      0 |   241 |    +0.1% |   -8.747 |   -35694.2 |   4160 | row15/_480_/D
     840* |       0 |     243 |        0 |      0 |   241 |    +0.1% |   -8.747 |   -35694.2 |   4160 | row15/_480_/D
     842* |       0 |     244 |        0 |      0 |   242 |    +0.1% |   -8.747 |   -35694.1 |   4160 | row15/_482_/D
     845* |       0 |     245 |        0 |      0 |   243 |    +0.1% |   -8.747 |   -35694.1 |   4160 | row15/_484_/D
     848* |       0 |     246 |        0 |      0 |   244 |    +0.1% |   -8.747 |   -35694.0 |   4160 | row15/_486_/D
     850* |       0 |     247 |        0 |      0 |   244 |    +0.1% |   -8.747 |   -35694.1 |   4160 | row15/_488_/D
     851* |       0 |     247 |        0 |      0 |   245 |    +0.1% |   -8.747 |   -35694.0 |   4160 | row15/_488_/D
     854* |       0 |     248 |        0 |      0 |   246 |    +0.1% |   -8.747 |   -35693.9 |   4160 | row15/_490_/D
     857* |       0 |     249 |        0 |      0 |   247 |    +0.1% |   -8.747 |   -35693.9 |   4160 | row15/_492_/D
     860* |       0 |     250 |        0 |      0 |   248 |    +0.1% |   -8.747 |   -35693.8 |   4160 | row15/_494_/D
     860* |       0 |     250 |        0 |      0 |   248 |    +0.1% |   -8.747 |   -35693.8 |   4160 | row15/_494_/D
     863* |       0 |     251 |        0 |      0 |   249 |    +0.1% |   -8.747 |   -35693.8 |   4160 | row15/_496_/D
     866* |       0 |     252 |        0 |      0 |   250 |    +0.1% |   -8.747 |   -35693.7 |   4160 | row15/_498_/D
     869* |       0 |     253 |        0 |      0 |   251 |    +0.1% |   -8.747 |   -35693.6 |   4160 | row15/_500_/D
     870* |       0 |     253 |        0 |      0 |   251 |    +0.1% |   -8.747 |   -35693.6 |   4160 | row15/_500_/D
     872* |       0 |     254 |        0 |      0 |   252 |    +0.1% |   -8.747 |   -35693.6 |   4160 | row15/_502_/D
     875* |       0 |     255 |        0 |      0 |   253 |    +0.1% |   -8.747 |   -35693.5 |   4160 | row15/_504_/D
     878* |       0 |     256 |        0 |      0 |   254 |    +0.1% |   -8.747 |   -35693.5 |   4160 | row15/_506_/D
     880* |       0 |     257 |        0 |      0 |   254 |    +0.1% |   -8.747 |   -35693.5 |   4160 | row15/_508_/D
     881* |       0 |     257 |        0 |      0 |   255 |    +0.1% |   -8.747 |   -35693.4 |   4160 | row15/_508_/D
     884* |       0 |     258 |        0 |      0 |   256 |    +0.1% |   -8.747 |   -35693.4 |   4160 | row16/_446_/D
     887* |       0 |     259 |        0 |      0 |   257 |    +0.1% |   -8.747 |   -35693.3 |   4160 | row16/_448_/D
     890* |       0 |     260 |        0 |      0 |   258 |    +0.1% |   -8.747 |   -35693.2 |   4160 | row16/_450_/D
     890* |       0 |     260 |        0 |      0 |   258 |    +0.1% |   -8.747 |   -35693.2 |   4160 | row16/_450_/D
     893* |       0 |     261 |        0 |      0 |   259 |    +0.1% |   -8.747 |   -35693.2 |   4160 | row16/_452_/D
     896* |       0 |     262 |        0 |      0 |   260 |    +0.1% |   -8.747 |   -35693.1 |   4160 | row16/_454_/D
     899* |       0 |     263 |        0 |      0 |   261 |    +0.1% |   -8.747 |   -35693.1 |   4160 | row16/_456_/D
     900* |       0 |     263 |        0 |      0 |   261 |    +0.1% |   -8.747 |   -35693.1 |   4160 | row16/_456_/D
     902* |       0 |     264 |        0 |      0 |   262 |    +0.1% |   -8.747 |   -35693.0 |   4160 | row16/_458_/D
     905* |       0 |     265 |        0 |      0 |   263 |    +0.1% |   -8.747 |   -35693.0 |   4160 | row16/_460_/D
     908* |       0 |     266 |        0 |      0 |   264 |    +0.1% |   -8.747 |   -35692.9 |   4160 | row16/_462_/D
     910* |       0 |     267 |        0 |      0 |   264 |    +0.1% |   -8.747 |   -35693.0 |   4160 | row16/_464_/D
     911* |       0 |     267 |        0 |      0 |   265 |    +0.1% |   -8.747 |   -35692.9 |   4160 | row16/_464_/D
     914* |       0 |     268 |        0 |      0 |   266 |    +0.1% |   -8.747 |   -35692.8 |   4160 | row16/_466_/D
     917* |       0 |     269 |        0 |      0 |   267 |    +0.1% |   -8.747 |   -35692.7 |   4160 | row16/_468_/D
     920* |       0 |     270 |        0 |      0 |   268 |    +0.1% |   -8.747 |   -35692.7 |   4160 | row16/_470_/D
     920* |       0 |     270 |        0 |      0 |   268 |    +0.1% |   -8.747 |   -35692.7 |   4160 | row16/_470_/D
     923* |       0 |     271 |        0 |      0 |   269 |    +0.1% |   -8.747 |   -35692.6 |   4160 | row16/_472_/D
     926* |       0 |     272 |        0 |      0 |   270 |    +0.1% |   -8.747 |   -35692.6 |   4160 | row16/_474_/D
     929* |       0 |     273 |        0 |      0 |   271 |    +0.1% |   -8.747 |   -35692.5 |   4160 | row16/_476_/D
     930* |       0 |     273 |        0 |      0 |   271 |    +0.1% |   -8.747 |   -35692.5 |   4160 | row16/_476_/D
     932* |       0 |     274 |        0 |      0 |   272 |    +0.1% |   -8.747 |   -35692.5 |   4160 | row16/_478_/D
     935* |       0 |     275 |        0 |      0 |   273 |    +0.1% |   -8.747 |   -35692.4 |   4160 | row16/_480_/D
     938* |       0 |     276 |        0 |      0 |   274 |    +0.1% |   -8.747 |   -35692.3 |   4160 | row16/_482_/D
     940* |       0 |     277 |        0 |      0 |   274 |    +0.1% |   -8.747 |   -35692.4 |   4160 | row16/_484_/D
     941* |       0 |     277 |        0 |      0 |   275 |    +0.1% |   -8.747 |   -35692.3 |   4160 | row16/_484_/D
     944* |       0 |     278 |        0 |      0 |   276 |    +0.1% |   -8.747 |   -35692.2 |   4160 | row16/_486_/D
     947* |       0 |     279 |        0 |      0 |   277 |    +0.1% |   -8.747 |   -35692.2 |   4160 | row16/_488_/D
     950* |       0 |     280 |        0 |      0 |   278 |    +0.1% |   -8.747 |   -35692.1 |   4160 | row16/_490_/D
     950* |       0 |     280 |        0 |      0 |   278 |    +0.1% |   -8.747 |   -35692.1 |   4160 | row16/_490_/D
     953* |       0 |     281 |        0 |      0 |   279 |    +0.1% |   -8.747 |   -35692.1 |   4160 | row16/_492_/D
     956* |       0 |     282 |        0 |      0 |   280 |    +0.1% |   -8.747 |   -35692.0 |   4160 | row16/_494_/D
     959* |       0 |     283 |        0 |      0 |   281 |    +0.1% |   -8.747 |   -35692.0 |   4160 | row16/_496_/D
     960* |       0 |     283 |        0 |      0 |   281 |    +0.1% |   -8.747 |   -35692.0 |   4160 | row16/_496_/D
     962* |       0 |     284 |        0 |      0 |   282 |    +0.1% |   -8.747 |   -35691.9 |   4160 | row16/_498_/D
     965* |       0 |     285 |        0 |      0 |   283 |    +0.1% |   -8.747 |   -35691.8 |   4160 | row16/_500_/D
     968* |       0 |     286 |        0 |      0 |   284 |    +0.1% |   -8.747 |   -35691.8 |   4160 | row16/_502_/D
     970* |       0 |     287 |        0 |      0 |   284 |    +0.1% |   -8.747 |   -35691.8 |   4160 | row16/_504_/D
     971* |       0 |     287 |        0 |      0 |   285 |    +0.1% |   -8.747 |   -35691.7 |   4160 | row16/_504_/D
     974* |       0 |     288 |        0 |      0 |   286 |    +0.1% |   -8.747 |   -35691.7 |   4160 | row16/_506_/D
     977* |       0 |     289 |        0 |      0 |   287 |    +0.1% |   -8.747 |   -35691.6 |   4160 | row16/_508_/D
     980* |       0 |     290 |        0 |      0 |   288 |    +0.1% |   -8.747 |   -35691.6 |   4160 | row17/_446_/D
     980* |       0 |     290 |        0 |      0 |   288 |    +0.1% |   -8.747 |   -35691.6 |   4160 | row17/_446_/D
     983* |       0 |     291 |        0 |      0 |   289 |    +0.1% |   -8.747 |   -35691.5 |   4160 | row17/_448_/D
     986* |       0 |     292 |        0 |      0 |   290 |    +0.1% |   -8.747 |   -35691.5 |   4160 | row17/_450_/D
     989* |       0 |     293 |        0 |      0 |   291 |    +0.1% |   -8.747 |   -35691.4 |   4160 | row17/_452_/D
     990* |       0 |     293 |        0 |      0 |   291 |    +0.1% |   -8.747 |   -35691.4 |   4160 | row17/_452_/D
     992* |       0 |     294 |        0 |      0 |   292 |    +0.1% |   -8.747 |   -35691.3 |   4160 | row17/_454_/D
     995* |       0 |     295 |        0 |      0 |   293 |    +0.1% |   -8.747 |   -35691.3 |   4160 | row17/_456_/D
     998* |       0 |     296 |        0 |      0 |   294 |    +0.1% |   -8.747 |   -35691.2 |   4160 | row17/_458_/D
    1000* |       0 |     297 |        0 |      0 |   294 |    +0.1% |   -8.747 |   -35691.3 |   4160 | row17/_460_/D
    1001* |       0 |     297 |        0 |      0 |   295 |    +0.1% |   -8.747 |   -35691.2 |   4160 | row17/_460_/D
    1004* |       0 |     298 |        0 |      0 |   296 |    +0.1% |   -8.747 |   -35691.1 |   4160 | row17/_462_/D
    1007* |       0 |     299 |        0 |      0 |   297 |    +0.1% |   -8.747 |   -35691.1 |   4160 | row17/_464_/D
    1010* |       0 |     300 |        0 |      0 |   298 |    +0.1% |   -8.747 |   -35691.0 |   4160 | row17/_466_/D
    1010* |       0 |     300 |        0 |      0 |   298 |    +0.1% |   -8.747 |   -35691.0 |   4160 | row17/_466_/D
    1013* |       0 |     301 |        0 |      0 |   299 |    +0.1% |   -8.747 |   -35690.9 |   4160 | row17/_468_/D
    1016* |       0 |     302 |        0 |      0 |   300 |    +0.1% |   -8.747 |   -35690.9 |   4160 | row17/_470_/D
    1019* |       0 |     303 |        0 |      0 |   301 |    +0.1% |   -8.747 |   -35690.8 |   4160 | row17/_472_/D
    1020* |       0 |     303 |        0 |      0 |   301 |    +0.1% |   -8.747 |   -35690.8 |   4160 | row17/_472_/D
    1022* |       0 |     304 |        0 |      0 |   302 |    +0.1% |   -8.747 |   -35690.8 |   4160 | row17/_474_/D
    1025* |       0 |     305 |        0 |      0 |   303 |    +0.1% |   -8.747 |   -35690.7 |   4160 | row17/_476_/D
    1028* |       0 |     306 |        0 |      0 |   304 |    +0.1% |   -8.747 |   -35690.7 |   4160 | row17/_478_/D
    1030* |       0 |     307 |        0 |      0 |   304 |    +0.1% |   -8.747 |   -35690.7 |   4160 | row17/_480_/D
    1031* |       0 |     307 |        0 |      0 |   305 |    +0.1% |   -8.747 |   -35690.6 |   4160 | row17/_480_/D
    1034* |       0 |     308 |        0 |      0 |   306 |    +0.1% |   -8.747 |   -35690.6 |   4160 | row17/_482_/D
    1037* |       0 |     309 |        0 |      0 |   307 |    +0.1% |   -8.747 |   -35690.5 |   4160 | row17/_484_/D
    1040* |       0 |     310 |        0 |      0 |   308 |    +0.1% |   -8.747 |   -35690.4 |   4160 | row17/_486_/D
    1040* |       0 |     310 |        0 |      0 |   308 |    +0.1% |   -8.747 |   -35690.4 |   4160 | row17/_486_/D
    1043* |       0 |     311 |        0 |      0 |   309 |    +0.1% |   -8.747 |   -35690.4 |   4160 | row17/_488_/D
    1046* |       0 |     312 |        0 |      0 |   310 |    +0.1% |   -8.747 |   -35690.3 |   4160 | row17/_490_/D
    1049* |       0 |     313 |        0 |      0 |   311 |    +0.1% |   -8.747 |   -35690.3 |   4160 | row17/_492_/D
    1050* |       0 |     313 |        0 |      0 |   311 |    +0.1% |   -8.747 |   -35690.3 |   4160 | row17/_492_/D
    1052* |       0 |     314 |        0 |      0 |   312 |    +0.1% |   -8.747 |   -35690.2 |   4160 | row17/_494_/D
    1055* |       0 |     315 |        0 |      0 |   313 |    +0.1% |   -8.747 |   -35690.2 |   4160 | row17/_496_/D
    1058* |       0 |     316 |        0 |      0 |   314 |    +0.1% |   -8.747 |   -35690.1 |   4160 | row17/_498_/D
    1060* |       0 |     317 |        0 |      0 |   314 |    +0.1% |   -8.747 |   -35690.2 |   4160 | row17/_500_/D
    1061* |       0 |     317 |        0 |      0 |   315 |    +0.1% |   -8.747 |   -35690.1 |   4160 | row17/_500_/D
    1064* |       0 |     318 |        0 |      0 |   316 |    +0.1% |   -8.747 |   -35690.0 |   4160 | row17/_502_/D
    1067* |       0 |     319 |        0 |      0 |   317 |    +0.1% |   -8.747 |   -35689.9 |   4160 | row17/_504_/D
    1070* |       0 |     320 |        0 |      0 |   318 |    +0.1% |   -8.747 |   -35689.9 |   4160 | row17/_506_/D
    1070* |       0 |     320 |        0 |      0 |   318 |    +0.1% |   -8.747 |   -35689.9 |   4160 | row17/_506_/D
    1073* |       0 |     321 |        0 |      0 |   319 |    +0.1% |   -8.747 |   -35689.8 |   4160 | row17/_508_/D
    1076* |       0 |     322 |        0 |      0 |   320 |    +0.1% |   -8.747 |   -35689.8 |   4160 | row18/_446_/D
    1079* |       0 |     323 |        0 |      0 |   321 |    +0.1% |   -8.747 |   -35689.7 |   4160 | row18/_448_/D
    1080* |       0 |     323 |        0 |      0 |   321 |    +0.1% |   -8.747 |   -35689.7 |   4160 | row18/_448_/D
    1082* |       0 |     324 |        0 |      0 |   322 |    +0.1% |   -8.747 |   -35689.7 |   4160 | row18/_450_/D
    1085* |       0 |     325 |        0 |      0 |   323 |    +0.1% |   -8.747 |   -35689.6 |   4160 | row18/_452_/D
    1088* |       0 |     326 |        0 |      0 |   324 |    +0.1% |   -8.747 |   -35689.5 |   4160 | row18/_454_/D
    1090* |       0 |     327 |        0 |      0 |   324 |    +0.1% |   -8.747 |   -35689.6 |   4160 | row18/_456_/D
    1091* |       0 |     327 |        0 |      0 |   325 |    +0.1% |   -8.747 |   -35689.5 |   4160 | row18/_456_/D
    1094* |       0 |     328 |        0 |      0 |   326 |    +0.1% |   -8.747 |   -35689.4 |   4160 | row18/_458_/D
    1097* |       0 |     329 |        0 |      0 |   327 |    +0.1% |   -8.747 |   -35689.4 |   4160 | row18/_460_/D
    1100* |       0 |     330 |        0 |      0 |   328 |    +0.1% |   -8.747 |   -35689.3 |   4160 | row18/_462_/D
    1100* |       0 |     330 |        0 |      0 |   328 |    +0.1% |   -8.747 |   -35689.3 |   4160 | row18/_462_/D
    1103* |       0 |     331 |        0 |      0 |   329 |    +0.1% |   -8.747 |   -35689.3 |   4160 | row18/_464_/D
    1106* |       0 |     332 |        0 |      0 |   330 |    +0.1% |   -8.747 |   -35689.2 |   4160 | row18/_466_/D
    1109* |       0 |     333 |        0 |      0 |   331 |    +0.1% |   -8.747 |   -35689.2 |   4160 | row18/_468_/D
    1110* |       0 |     333 |        0 |      0 |   331 |    +0.1% |   -8.747 |   -35689.2 |   4160 | row18/_468_/D
    1112* |       0 |     334 |        0 |      0 |   332 |    +0.1% |   -8.747 |   -35689.1 |   4160 | row18/_470_/D
    1115* |       0 |     335 |        0 |      0 |   333 |    +0.1% |   -8.747 |   -35689.0 |   4160 | row18/_472_/D
    1118* |       0 |     336 |        0 |      0 |   334 |    +0.1% |   -8.747 |   -35689.0 |   4160 | row18/_474_/D
    1120* |       0 |     337 |        0 |      0 |   334 |    +0.1% |   -8.747 |   -35689.0 |   4160 | row18/_476_/D
    1121* |       0 |     337 |        0 |      0 |   335 |    +0.1% |   -8.747 |   -35688.9 |   4160 | row18/_476_/D
    1124* |       0 |     338 |        0 |      0 |   336 |    +0.1% |   -8.747 |   -35688.9 |   4160 | row18/_478_/D
    1127* |       0 |     339 |        0 |      0 |   337 |    +0.1% |   -8.747 |   -35688.8 |   4160 | row18/_480_/D
    1130* |       0 |     340 |        0 |      0 |   338 |    +0.1% |   -8.747 |   -35688.8 |   4160 | row18/_482_/D
    1130* |       0 |     340 |        0 |      0 |   338 |    +0.1% |   -8.747 |   -35688.8 |   4160 | row18/_482_/D
    1133* |       0 |     341 |        0 |      0 |   339 |    +0.1% |   -8.747 |   -35688.7 |   4160 | row18/_484_/D
    1136* |       0 |     342 |        0 |      0 |   340 |    +0.1% |   -8.747 |   -35688.7 |   4160 | row18/_486_/D
    1139* |       0 |     343 |        0 |      0 |   341 |    +0.1% |   -8.747 |   -35688.6 |   4160 | row18/_488_/D
    1140* |       0 |     343 |        0 |      0 |   341 |    +0.1% |   -8.747 |   -35688.6 |   4160 | row18/_488_/D
    1142* |       0 |     344 |        0 |      0 |   342 |    +0.1% |   -8.747 |   -35688.5 |   4160 | row18/_490_/D
    1145* |       0 |     345 |        0 |      0 |   343 |    +0.1% |   -8.747 |   -35688.5 |   4160 | row18/_492_/D
    1148* |       0 |     346 |        0 |      0 |   344 |    +0.1% |   -8.747 |   -35688.4 |   4160 | row18/_494_/D
    1150* |       0 |     347 |        0 |      0 |   344 |    +0.1% |   -8.747 |   -35688.5 |   4160 | row18/_496_/D
    1151* |       0 |     347 |        0 |      0 |   345 |    +0.1% |   -8.747 |   -35688.4 |   4160 | row18/_496_/D
    1154* |       0 |     348 |        0 |      0 |   346 |    +0.1% |   -8.747 |   -35688.3 |   4160 | row18/_498_/D
    1157* |       0 |     349 |        0 |      0 |   347 |    +0.1% |   -8.747 |   -35688.3 |   4160 | row18/_500_/D
    1160* |       0 |     350 |        0 |      0 |   348 |    +0.1% |   -8.747 |   -35688.2 |   4160 | row18/_502_/D
    1160* |       0 |     350 |        0 |      0 |   348 |    +0.1% |   -8.747 |   -35688.2 |   4160 | row18/_502_/D
    1163* |       0 |     351 |        0 |      0 |   349 |    +0.1% |   -8.747 |   -35688.2 |   4160 | row18/_504_/D
    1166* |       0 |     352 |        0 |      0 |   350 |    +0.1% |   -8.747 |   -35688.1 |   4160 | row18/_506_/D
    1169* |       0 |     353 |        0 |      0 |   351 |    +0.1% |   -8.747 |   -35688.0 |   4160 | row18/_508_/D
    1170* |       0 |     353 |        0 |      0 |   351 |    +0.1% |   -8.747 |   -35688.0 |   4160 | row18/_508_/D
    1172* |       0 |     354 |        0 |      0 |   352 |    +0.1% |   -8.747 |   -35688.0 |   4160 | row19/_446_/D
    1175* |       0 |     355 |        0 |      0 |   353 |    +0.1% |   -8.747 |   -35687.9 |   4160 | row19/_448_/D
    1178* |       0 |     356 |        0 |      0 |   354 |    +0.1% |   -8.747 |   -35687.9 |   4160 | row19/_450_/D
    1180* |       0 |     357 |        0 |      0 |   354 |    +0.1% |   -8.747 |   -35687.9 |   4160 | row19/_452_/D
    1181* |       0 |     357 |        0 |      0 |   355 |    +0.1% |   -8.747 |   -35687.8 |   4160 | row19/_452_/D
    1184* |       0 |     358 |        0 |      0 |   356 |    +0.1% |   -8.747 |   -35687.8 |   4160 | row19/_454_/D
    1187* |       0 |     359 |        0 |      0 |   357 |    +0.1% |   -8.747 |   -35687.7 |   4160 | row19/_456_/D
    1190* |       0 |     360 |        0 |      0 |   358 |    +0.1% |   -8.747 |   -35687.6 |   4160 | row19/_458_/D
    1190* |       0 |     360 |        0 |      0 |   358 |    +0.1% |   -8.747 |   -35687.6 |   4160 | row19/_458_/D
    1193* |       0 |     361 |        0 |      0 |   359 |    +0.1% |   -8.747 |   -35687.6 |   4160 | row19/_460_/D
    1196* |       0 |     362 |        0 |      0 |   360 |    +0.1% |   -8.747 |   -35687.5 |   4160 | row19/_462_/D
    1199* |       0 |     363 |        0 |      0 |   361 |    +0.1% |   -8.747 |   -35687.5 |   4160 | row19/_464_/D
    1200* |       0 |     363 |        0 |      0 |   361 |    +0.1% |   -8.747 |   -35687.5 |   4160 | row19/_464_/D
    1200* |       0 |     363 |        0 |      0 |   361 |    +0.1% |   -8.747 |   -35687.5 |   4160 | row19/_464_/D
    1200* |       0 |     363 |        0 |      0 |   361 |    +0.1% |   -8.747 |   -35687.5 |   4160 | row19/_464_/D
    final |       0 |     363 |        0 |      0 |   361 |    +0.1% |   -8.747 |   -35687.5 |   4160 | row19/_464_/D
------------------------------------------------------------------------------------------------------------------------------
[INFO RSZ-0051] Resized 363 instances: 363 up, 0 up match, 0 down, 0 VT
[INFO RSZ-0043] Swapped pins on 361 instances.
[WARNING RSZ-0062] Unable to repair all setup violations.
[INFO RSZ-0505] Runtime: 20.74s
Took 21 seconds: repair_timing -setup_margin 0 -hold_margin 0 -repair_tns 100 -match_cell_footprint -setup -skip_last_gasp -sequence unbuffer,sizeup,swap,vt_swap -verbose
Default units for flow
 time 1ns
 capacitance 1pF
 resistance 1kohm
 voltage 1v
 current 1mA
 power 1nW
 distance 1um
   Layer   | Unit Resistance | Unit Capacitance 
           |       (kohm/um) |          (pF/um)
------------------------------------------------
       li1 |        7.18e-02 |         1.50e-04
      met1 |        1.21e-03 |         1.72e-04
      met2 |        1.22e-03 |         1.36e-04
      met3 |        1.66e-04 |         2.15e-04
      met4 |        1.68e-04 |         1.48e-04
      met5 |        1.84e-05 |         1.54e-04
------------------------------------------------

   Layer   | Via Resistance 
           |         (kohm) 
----------------------------
      mcon |       9.25e-03 
       via |       4.50e-03 
      via2 |       3.37e-03 
      via3 |       3.77e-04 
      via4 |       5.80e-06 
----------------------------
Report metrics stage 2, floorplan final...

==========================================================================
floorplan final report_design_area
--------------------------------------------------------------------------
Design area 356417 um^2 60% utilization.
write_db /work/orfs/results/sky130hd/g2_g1s_u60/base/2_1_floorplan.odb
write_sdc -no_timestamp /work/orfs/results/sky130hd/g2_g1s_u60/base/2_1_floorplan.sdc
Elapsed time: 0:24.30[h:]min:sec. CPU time: user 15.52 sys 0.47 (65%). Peak memory: 221524KB.
Log                       Ext     Elapsed/s Peak Memory/MB sha1sum result [0:20)
2_1_floorplan             .odb           24            216 a34e7128ff0e6eab7232
2_1_floorplan             .sdc                             c9b52a36521419161edd
/OpenROAD-flow-scripts/flow/scripts/flow.sh 2_2_floorplan_macro macro_place
Running macro_place.tcl, stage 2_2_floorplan_macro
read_liberty /OpenROAD-flow-scripts/flow/platforms/sky130hd/lib/sky130_fd_sc_hd__tt_025C_1v80.lib
read_liberty /work/cells/g2_cells.lib
read_db /work/orfs/results/sky130hd/g2_g1s_u60/base/2_1_floorplan.odb
read_sdc /work/orfs/results/sky130hd/g2_g1s_u60/base/2_1_floorplan.sdc
source /OpenROAD-flow-scripts/flow/platforms/sky130hd/setRC.tcl
No macros found: Skipping macro_placement
Design area 356417 um^2 60% utilization.
write_db /work/orfs/results/sky130hd/g2_g1s_u60/base/2_2_floorplan_macro.odb
Elapsed time: 0:00.82[h:]min:sec. CPU time: user 0.48 sys 0.10 (70%). Peak memory: 135192KB.
Log                       Ext     Elapsed/s Peak Memory/MB sha1sum result [0:20)
2_2_floorplan_macro       .odb            0            132 a34e7128ff0e6eab7232
/OpenROAD-flow-scripts/flow/scripts/flow.sh 2_3_floorplan_tapcell tapcell
Running tapcell.tcl, stage 2_3_floorplan_tapcell
read_liberty /OpenROAD-flow-scripts/flow/platforms/sky130hd/lib/sky130_fd_sc_hd__tt_025C_1v80.lib
read_liberty /work/cells/g2_cells.lib
read_db /work/orfs/results/sky130hd/g2_g1s_u60/base/2_2_floorplan_macro.odb
read_sdc /work/orfs/results/sky130hd/g2_g1s_u60/base/2_1_floorplan.sdc
source /OpenROAD-flow-scripts/flow/platforms/sky130hd/setRC.tcl
[INFO TAP-0005] Inserted 7810 tapcells.
Design area 366189 um^2 62% utilization.
write_db /work/orfs/results/sky130hd/g2_g1s_u60/base/2_3_floorplan_tapcell.odb
Elapsed time: 0:00.56[h:]min:sec. CPU time: user 0.45 sys 0.08 (95%). Peak memory: 136212KB.
Log                       Ext     Elapsed/s Peak Memory/MB sha1sum result [0:20)
2_3_floorplan_tapcell     .odb            0            133 c580b6878f4d8e49c506
/OpenROAD-flow-scripts/flow/scripts/flow.sh 2_4_floorplan_pdn pdn
Running pdn.tcl, stage 2_4_floorplan_pdn
read_liberty /OpenROAD-flow-scripts/flow/platforms/sky130hd/lib/sky130_fd_sc_hd__tt_025C_1v80.lib
read_liberty /work/cells/g2_cells.lib
read_db /work/orfs/results/sky130hd/g2_g1s_u60/base/2_3_floorplan_tapcell.odb
read_sdc /work/orfs/results/sky130hd/g2_g1s_u60/base/2_1_floorplan.sdc
source /OpenROAD-flow-scripts/flow/platforms/sky130hd/setRC.tcl
[WARNING ODB-0383] lt_ln0 is marked do not touch and will be skipped in global connections.
[WARNING ODB-0383] lt_ln1 is marked do not touch and will be skipped in global connections.
[WARNING ODB-0383] lt_ln10 is marked do not touch and will be skipped in global connections.
[WARNING ODB-0383] lt_ln11 is marked do not touch and will be skipped in global connections.
[WARNING ODB-0383] lt_ln12 is marked do not touch and will be skipped in global connections.
[WARNING ODB-0383] lt_ln13 is marked do not touch and will be skipped in global connections.
[WARNING ODB-0383] lt_ln14 is marked do not touch and will be skipped in global connections.
[WARNING ODB-0383] lt_ln15 is marked do not touch and will be skipped in global connections.
[WARNING ODB-0383] lt_ln16 is marked do not touch and will be skipped in global connections.
[WARNING ODB-0383] lt_ln17 is marked do not touch and will be skipped in global connections.
[WARNING ODB-0383] lt_ln18 is marked do not touch and will be skipped in global connections.
[WARNING ODB-0383] lt_ln19 is marked do not touch and will be skipped in global connections.
[WARNING ODB-0383] lt_ln2 is marked do not touch and will be skipped in global connections.
[WARNING ODB-0383] lt_ln20 is marked do not touch and will be skipped in global connections.
[WARNING ODB-0383] lt_ln21 is marked do not touch and will be skipped in global connections.
[WARNING ODB-0383] lt_ln22 is marked do not touch and will be skipped in global connections.
[WARNING ODB-0383] lt_ln23 is marked do not touch and will be skipped in global connections.
[WARNING ODB-0383] lt_ln24 is marked do not touch and will be skipped in global connections.
[WARNING ODB-0383] lt_ln25 is marked do not touch and will be skipped in global connections.
[WARNING ODB-0383] lt_ln26 is marked do not touch and will be skipped in global connections.
[WARNING ODB-0383] lt_ln27 is marked do not touch and will be skipped in global connections.
[WARNING ODB-0383] lt_ln28 is marked do not touch and will be skipped in global connections.
[WARNING ODB-0383] lt_ln29 is marked do not touch and will be skipped in global connections.
[WARNING ODB-0383] lt_ln3 is marked do not touch and will be skipped in global connections.
[WARNING ODB-0383] lt_ln30 is marked do not touch and will be skipped in global connections.
[WARNING ODB-0383] lt_ln31 is marked do not touch and will be skipped in global connections.
[WARNING ODB-0383] lt_ln32 is marked do not touch and will be skipped in global connections.
[WARNING ODB-0383] lt_ln33 is marked do not touch and will be skipped in global connections.
[WARNING ODB-0383] lt_ln34 is marked do not touch and will be skipped in global connections.
[WARNING ODB-0383] lt_ln35 is marked do not touch and will be skipped in global connections.
[WARNING ODB-0383] lt_ln36 is marked do not touch and will be skipped in global connections.
[WARNING ODB-0383] lt_ln37 is marked do not touch and will be skipped in global connections.
[WARNING ODB-0383] lt_ln38 is marked do not touch and will be skipped in global connections.
[WARNING ODB-0383] lt_ln39 is marked do not touch and will be skipped in global connections.
[WARNING ODB-0383] lt_ln4 is marked do not touch and will be skipped in global connections.
[WARNING ODB-0383] lt_ln40 is marked do not touch and will be skipped in global connections.
[WARNING ODB-0383] lt_ln41 is marked do not touch and will be skipped in global connections.
[WARNING ODB-0383] lt_ln42 is marked do not touch and will be skipped in global connections.
[WARNING ODB-0383] lt_ln43 is marked do not touch and will be skipped in global connections.
[WARNING ODB-0383] lt_ln44 is marked do not touch and will be skipped in global connections.
[WARNING ODB-0383] lt_ln45 is marked do not touch and will be skipped in global connections.
[WARNING ODB-0383] lt_ln46 is marked do not touch and will be skipped in global connections.
[WARNING ODB-0383] lt_ln47 is marked do not touch and will be skipped in global connections.
[WARNING ODB-0383] lt_ln48 is marked do not touch and will be skipped in global connections.
[WARNING ODB-0383] lt_ln49 is marked do not touch and will be skipped in global connections.
[WARNING ODB-0383] lt_ln5 is marked do not touch and will be skipped in global connections.
[WARNING ODB-0383] lt_ln50 is marked do not touch and will be skipped in global connections.
[WARNING ODB-0383] lt_ln51 is marked do not touch and will be skipped in global connections.
[WARNING ODB-0383] lt_ln52 is marked do not touch and will be skipped in global connections.
[WARNING ODB-0383] lt_ln53 is marked do not touch and will be skipped in global connections.
[WARNING ODB-0383] lt_ln54 is marked do not touch and will be skipped in global connections.
[WARNING ODB-0383] lt_ln55 is marked do not touch and will be skipped in global connections.
[WARNING ODB-0383] lt_ln56 is marked do not touch and will be skipped in global connections.
[WARNING ODB-0383] lt_ln57 is marked do not touch and will be skipped in global connections.
[WARNING ODB-0383] lt_ln58 is marked do not touch and will be skipped in global connections.
[WARNING ODB-0383] lt_ln59 is marked do not touch and will be skipped in global connections.
[WARNING ODB-0383] lt_ln6 is marked do not touch and will be skipped in global connections.
[WARNING ODB-0383] lt_ln60 is marked do not touch and will be skipped in global connections.
[WARNING ODB-0383] lt_ln61 is marked do not touch and will be skipped in global connections.
[WARNING ODB-0383] lt_ln62 is marked do not touch and will be skipped in global connections.
[WARNING ODB-0383] lt_ln63 is marked do not touch and will be skipped in global connections.
[WARNING ODB-0383] lt_ln7 is marked do not touch and will be skipped in global connections.
[WARNING ODB-0383] lt_ln8 is marked do not touch and will be skipped in global connections.
[WARNING ODB-0383] lt_ln9 is marked do not touch and will be skipped in global connections.
[WARNING ODB-0383] lt_lp0 is marked do not touch and will be skipped in global connections.
[WARNING ODB-0383] lt_lp1 is marked do not touch and will be skipped in global connections.
[WARNING ODB-0383] lt_lp10 is marked do not touch and will be skipped in global connections.
[WARNING ODB-0383] lt_lp11 is marked do not touch and will be skipped in global connections.
[WARNING ODB-0383] lt_lp12 is marked do not touch and will be skipped in global connections.
[WARNING ODB-0383] lt_lp13 is marked do not touch and will be skipped in global connections.
[WARNING ODB-0383] lt_lp14 is marked do not touch and will be skipped in global connections.
[WARNING ODB-0383] lt_lp15 is marked do not touch and will be skipped in global connections.
[WARNING ODB-0383] lt_lp16 is marked do not touch and will be skipped in global connections.
[WARNING ODB-0383] lt_lp17 is marked do not touch and will be skipped in global connections.
[WARNING ODB-0383] lt_lp18 is marked do not touch and will be skipped in global connections.
[WARNING ODB-0383] lt_lp19 is marked do not touch and will be skipped in global connections.
[WARNING ODB-0383] lt_lp2 is marked do not touch and will be skipped in global connections.
[WARNING ODB-0383] lt_lp20 is marked do not touch and will be skipped in global connections.
[WARNING ODB-0383] lt_lp21 is marked do not touch and will be skipped in global connections.
[WARNING ODB-0383] lt_lp22 is marked do not touch and will be skipped in global connections.
[WARNING ODB-0383] lt_lp23 is marked do not touch and will be skipped in global connections.
[WARNING ODB-0383] lt_lp24 is marked do not touch and will be skipped in global connections.
[WARNING ODB-0383] lt_lp25 is marked do not touch and will be skipped in global connections.
[WARNING ODB-0383] lt_lp26 is marked do not touch and will be skipped in global connections.
[WARNING ODB-0383] lt_lp27 is marked do not touch and will be skipped in global connections.
[WARNING ODB-0383] lt_lp28 is marked do not touch and will be skipped in global connections.
[WARNING ODB-0383] lt_lp29 is marked do not touch and will be skipped in global connections.
[WARNING ODB-0383] lt_lp3 is marked do not touch and will be skipped in global connections.
[WARNING ODB-0383] lt_lp30 is marked do not touch and will be skipped in global connections.
[WARNING ODB-0383] lt_lp31 is marked do not touch and will be skipped in global connections.
[WARNING ODB-0383] lt_lp32 is marked do not touch and will be skipped in global connections.
[WARNING ODB-0383] lt_lp33 is marked do not touch and will be skipped in global connections.
[WARNING ODB-0383] lt_lp34 is marked do not touch and will be skipped in global connections.
[WARNING ODB-0383] lt_lp35 is marked do not touch and will be skipped in global connections.
[WARNING ODB-0383] lt_lp36 is marked do not touch and will be skipped in global connections.
[WARNING ODB-0383] lt_lp37 is marked do not touch and will be skipped in global connections.
[WARNING ODB-0383] lt_lp38 is marked do not touch and will be skipped in global connections.
[WARNING ODB-0383] lt_lp39 is marked do not touch and will be skipped in global connections.
[WARNING ODB-0383] lt_lp4 is marked do not touch and will be skipped in global connections.
[WARNING ODB-0383] lt_lp40 is marked do not touch and will be skipped in global connections.
[WARNING ODB-0383] lt_lp41 is marked do not touch and will be skipped in global connections.
[WARNING ODB-0383] lt_lp42 is marked do not touch and will be skipped in global connections.
[WARNING ODB-0383] lt_lp43 is marked do not touch and will be skipped in global connections.
[WARNING ODB-0383] lt_lp44 is marked do not touch and will be skipped in global connections.
[WARNING ODB-0383] lt_lp45 is marked do not touch and will be skipped in global connections.
[WARNING ODB-0383] lt_lp46 is marked do not touch and will be skipped in global connections.
[WARNING ODB-0383] lt_lp47 is marked do not touch and will be skipped in global connections.
[WARNING ODB-0383] lt_lp48 is marked do not touch and will be skipped in global connections.
[WARNING ODB-0383] lt_lp49 is marked do not touch and will be skipped in global connections.
[WARNING ODB-0383] lt_lp5 is marked do not touch and will be skipped in global connections.
[WARNING ODB-0383] lt_lp50 is marked do not touch and will be skipped in global connections.
[WARNING ODB-0383] lt_lp51 is marked do not touch and will be skipped in global connections.
[WARNING ODB-0383] lt_lp52 is marked do not touch and will be skipped in global connections.
[WARNING ODB-0383] lt_lp53 is marked do not touch and will be skipped in global connections.
[WARNING ODB-0383] lt_lp54 is marked do not touch and will be skipped in global connections.
[WARNING ODB-0383] lt_lp55 is marked do not touch and will be skipped in global connections.
[WARNING ODB-0383] lt_lp56 is marked do not touch and will be skipped in global connections.
[WARNING ODB-0383] lt_lp57 is marked do not touch and will be skipped in global connections.
[WARNING ODB-0383] lt_lp58 is marked do not touch and will be skipped in global connections.
[WARNING ODB-0383] lt_lp59 is marked do not touch and will be skipped in global connections.
[WARNING ODB-0383] lt_lp6 is marked do not touch and will be skipped in global connections.
[WARNING ODB-0383] lt_lp60 is marked do not touch and will be skipped in global connections.
[WARNING ODB-0383] lt_lp61 is marked do not touch and will be skipped in global connections.
[WARNING ODB-0383] lt_lp62 is marked do not touch and will be skipped in global connections.
[WARNING ODB-0383] lt_lp63 is marked do not touch and will be skipped in global connections.
[WARNING ODB-0383] lt_lp7 is marked do not touch and will be skipped in global connections.
[WARNING ODB-0383] lt_lp8 is marked do not touch and will be skipped in global connections.
[WARNING ODB-0383] lt_lp9 is marked do not touch and will be skipped in global connections.
[WARNING ODB-0383] vs_0_0 is marked do not touch and will be skipped in global connections.
[WARNING ODB-0383] vs_0_1 is marked do not touch and will be skipped in global connections.
[WARNING ODB-0383] vs_0_10 is marked do not touch and will be skipped in global connections.
[WARNING ODB-0383] vs_0_11 is marked do not touch and will be skipped in global connections.
[WARNING ODB-0383] vs_0_12 is marked do not touch and will be skipped in global connections.
[WARNING ODB-0383] vs_0_13 is marked do not touch and will be skipped in global connections.
[WARNING ODB-0383] vs_0_14 is marked do not touch and will be skipped in global connections.
[WARNING ODB-0383] vs_0_15 is marked do not touch and will be skipped in global connections.
[WARNING ODB-0383] vs_0_16 is marked do not touch and will be skipped in global connections.
[WARNING ODB-0383] vs_0_17 is marked do not touch and will be skipped in global connections.
[WARNING ODB-0383] vs_0_18 is marked do not touch and will be skipped in global connections.
[WARNING ODB-0383] vs_0_19 is marked do not touch and will be skipped in global connections.
[WARNING ODB-0383] vs_0_2 is marked do not touch and will be skipped in global connections.
[WARNING ODB-0383] vs_0_20 is marked do not touch and will be skipped in global connections.
[WARNING ODB-0383] vs_0_21 is marked do not touch and will be skipped in global connections.
[WARNING ODB-0383] vs_0_22 is marked do not touch and will be skipped in global connections.
[WARNING ODB-0383] vs_0_23 is marked do not touch and will be skipped in global connections.
[WARNING ODB-0383] vs_0_24 is marked do not touch and will be skipped in global connections.
[WARNING ODB-0383] vs_0_25 is marked do not touch and will be skipped in global connections.
[WARNING ODB-0383] vs_0_26 is marked do not touch and will be skipped in global connections.
[WARNING ODB-0383] vs_0_27 is marked do not touch and will be skipped in global connections.
[WARNING ODB-0383] vs_0_28 is marked do not touch and will be skipped in global connections.
[WARNING ODB-0383] vs_0_29 is marked do not touch and will be skipped in global connections.
[WARNING ODB-0383] vs_0_3 is marked do not touch and will be skipped in global connections.
[WARNING ODB-0383] vs_0_30 is marked do not touch and will be skipped in global connections.
[WARNING ODB-0383] vs_0_31 is marked do not touch and will be skipped in global connections.
[WARNING ODB-0383] vs_0_32 is marked do not touch and will be skipped in global connections.
[WARNING ODB-0383] vs_0_33 is marked do not touch and will be skipped in global connections.
[WARNING ODB-0383] vs_0_34 is marked do not touch and will be skipped in global connections.
[WARNING ODB-0383] vs_0_35 is marked do not touch and will be skipped in global connections.
[WARNING ODB-0383] vs_0_36 is marked do not touch and will be skipped in global connections.
[WARNING ODB-0383] vs_0_37 is marked do not touch and will be skipped in global connections.
[WARNING ODB-0383] vs_0_38 is marked do not touch and will be skipped in global connections.
[WARNING ODB-0383] vs_0_39 is marked do not touch and will be skipped in global connections.
[WARNING ODB-0383] vs_0_4 is marked do not touch and will be skipped in global connections.
[WARNING ODB-0383] vs_0_40 is marked do not touch and will be skipped in global connections.
[WARNING ODB-0383] vs_0_41 is marked do not touch and will be skipped in global connections.
[WARNING ODB-0383] vs_0_42 is marked do not touch and will be skipped in global connections.
[WARNING ODB-0383] vs_0_43 is marked do not touch and will be skipped in global connections.
[WARNING ODB-0383] vs_0_44 is marked do not touch and will be skipped in global connections.
[WARNING ODB-0383] vs_0_45 is marked do not touch and will be skipped in global connections.
[WARNING ODB-0383] vs_0_46 is marked do not touch and will be skipped in global connections.
[WARNING ODB-0383] vs_0_47 is marked do not touch and will be skipped in global connections.
[WARNING ODB-0383] vs_0_48 is marked do not touch and will be skipped in global connections.
[WARNING ODB-0383] vs_0_49 is marked do not touch and will be skipped in global connections.
[WARNING ODB-0383] vs_0_5 is marked do not touch and will be skipped in global connections.
[WARNING ODB-0383] vs_0_50 is marked do not touch and will be skipped in global connections.
[WARNING ODB-0383] vs_0_51 is marked do not touch and will be skipped in global connections.
[WARNING ODB-0383] vs_0_52 is marked do not touch and will be skipped in global connections.
[WARNING ODB-0383] vs_0_53 is marked do not touch and will be skipped in global connections.
[WARNING ODB-0383] vs_0_54 is marked do not touch and will be skipped in global connections.
[WARNING ODB-0383] vs_0_55 is marked do not touch and will be skipped in global connections.
[WARNING ODB-0383] vs_0_56 is marked do not touch and will be skipped in global connections.
[WARNING ODB-0383] vs_0_57 is marked do not touch and will be skipped in global connections.
[WARNING ODB-0383] vs_0_58 is marked do not touch and will be skipped in global connections.
[WARNING ODB-0383] vs_0_59 is marked do not touch and will be skipped in global connections.
[WARNING ODB-0383] vs_0_6 is marked do not touch and will be skipped in global connections.
[WARNING ODB-0383] vs_0_60 is marked do not touch and will be skipped in global connections.
[WARNING ODB-0383] vs_0_61 is marked do not touch and will be skipped in global connections.
[WARNING ODB-0383] vs_0_62 is marked do not touch and will be skipped in global connections.
[WARNING ODB-0383] vs_0_63 is marked do not touch and will be skipped in global connections.
[WARNING ODB-0383] vs_0_7 is marked do not touch and will be skipped in global connections.
[WARNING ODB-0383] vs_0_8 is marked do not touch and will be skipped in global connections.
[WARNING ODB-0383] vs_0_9 is marked do not touch and will be skipped in global connections.
[WARNING ODB-0383] vs_10_0 is marked do not touch and will be skipped in global connections.
[WARNING ODB-0383] vs_10_1 is marked do not touch and will be skipped in global connections.
[WARNING ODB-0383] vs_10_10 is marked do not touch and will be skipped in global connections.
[WARNING ODB-0383] vs_10_11 is marked do not touch and will be skipped in global connections.
[WARNING ODB-0383] vs_10_12 is marked do not touch and will be skipped in global connections.
[WARNING ODB-0383] vs_10_13 is marked do not touch and will be skipped in global connections.
[WARNING ODB-0383] vs_10_14 is marked do not touch and will be skipped in global connections.
[WARNING ODB-0383] vs_10_15 is marked do not touch and will be skipped in global connections.
[WARNING ODB-0383] vs_10_16 is marked do not touch and will be skipped in global connections.
[WARNING ODB-0383] vs_10_17 is marked do not touch and will be skipped in global connections.
[WARNING ODB-0383] vs_10_18 is marked do not touch and will be skipped in global connections.
[WARNING ODB-0383] vs_10_19 is marked do not touch and will be skipped in global connections.
[WARNING ODB-0383] vs_10_2 is marked do not touch and will be skipped in global connections.
[WARNING ODB-0383] vs_10_20 is marked do not touch and will be skipped in global connections.
[WARNING ODB-0383] vs_10_21 is marked do not touch and will be skipped in global connections.
[WARNING ODB-0383] vs_10_22 is marked do not touch and will be skipped in global connections.
[WARNING ODB-0383] vs_10_23 is marked do not touch and will be skipped in global connections.
[WARNING ODB-0383] vs_10_24 is marked do not touch and will be skipped in global connections.
[WARNING ODB-0383] vs_10_25 is marked do not touch and will be skipped in global connections.
[WARNING ODB-0383] vs_10_26 is marked do not touch and will be skipped in global connections.
[WARNING ODB-0383] vs_10_27 is marked do not touch and will be skipped in global connections.
[WARNING ODB-0383] vs_10_28 is marked do not touch and will be skipped in global connections.
[WARNING ODB-0383] vs_10_29 is marked do not touch and will be skipped in global connections.
[WARNING ODB-0383] vs_10_3 is marked do not touch and will be skipped in global connections.
[WARNING ODB-0383] vs_10_30 is marked do not touch and will be skipped in global connections.
[WARNING ODB-0383] vs_10_31 is marked do not touch and will be skipped in global connections.
[WARNING ODB-0383] vs_10_32 is marked do not touch and will be skipped in global connections.
[WARNING ODB-0383] vs_10_33 is marked do not touch and will be skipped in global connections.
[WARNING ODB-0383] vs_10_34 is marked do not touch and will be skipped in global connections.
[WARNING ODB-0383] vs_10_35 is marked do not touch and will be skipped in global connections.
[WARNING ODB-0383] vs_10_36 is marked do not touch and will be skipped in global connections.
[WARNING ODB-0383] vs_10_37 is marked do not touch and will be skipped in global connections.
[WARNING ODB-0383] vs_10_38 is marked do not touch and will be skipped in global connections.
[WARNING ODB-0383] vs_10_39 is marked do not touch and will be skipped in global connections.
[WARNING ODB-0383] vs_10_4 is marked do not touch and will be skipped in global connections.
[WARNING ODB-0383] vs_10_40 is marked do not touch and will be skipped in global connections.
[WARNING ODB-0383] vs_10_41 is marked do not touch and will be skipped in global connections.
[WARNING ODB-0383] vs_10_42 is marked do not touch and will be skipped in global connections.
[WARNING ODB-0383] vs_10_43 is marked do not touch and will be skipped in global connections.
[WARNING ODB-0383] vs_10_44 is marked do not touch and will be skipped in global connections.
[WARNING ODB-0383] vs_10_45 is marked do not touch and will be skipped in global connections.
[WARNING ODB-0383] vs_10_46 is marked do not touch and will be skipped in global connections.
[WARNING ODB-0383] vs_10_47 is marked do not touch and will be skipped in global connections.
[WARNING ODB-0383] vs_10_48 is marked do not touch and will be skipped in global connections.
[WARNING ODB-0383] vs_10_49 is marked do not touch and will be skipped in global connections.
[WARNING ODB-0383] vs_10_5 is marked do not touch and will be skipped in global connections.
[WARNING ODB-0383] vs_10_50 is marked do not touch and will be skipped in global connections.
[WARNING ODB-0383] vs_10_51 is marked do not touch and will be skipped in global connections.
[WARNING ODB-0383] vs_10_52 is marked do not touch and will be skipped in global connections.
[WARNING ODB-0383] vs_10_53 is marked do not touch and will be skipped in global connections.
[WARNING ODB-0383] vs_10_54 is marked do not touch and will be skipped in global connections.
[WARNING ODB-0383] vs_10_55 is marked do not touch and will be skipped in global connections.
[WARNING ODB-0383] vs_10_56 is marked do not touch and will be skipped in global connections.
[WARNING ODB-0383] vs_10_57 is marked do not touch and will be skipped in global connections.
[WARNING ODB-0383] vs_10_58 is marked do not touch and will be skipped in global connections.
[WARNING ODB-0383] vs_10_59 is marked do not touch and will be skipped in global connections.
[WARNING ODB-0383] vs_10_6 is marked do not touch and will be skipped in global connections.
[WARNING ODB-0383] vs_10_60 is marked do not touch and will be skipped in global connections.
[WARNING ODB-0383] vs_10_61 is marked do not touch and will be skipped in global connections.
[WARNING ODB-0383] vs_10_62 is marked do not touch and will be skipped in global connections.
[WARNING ODB-0383] vs_10_63 is marked do not touch and will be skipped in global connections.
[WARNING ODB-0383] vs_10_7 is marked do not touch and will be skipped in global connections.
[WARNING ODB-0383] vs_10_8 is marked do not touch and will be skipped in global connections.
[WARNING ODB-0383] vs_10_9 is marked do not touch and will be skipped in global connections.
[WARNING ODB-0383] vs_11_0 is marked do not touch and will be skipped in global connections.
[WARNING ODB-0383] vs_11_1 is marked do not touch and will be skipped in global connections.
[WARNING ODB-0383] vs_11_10 is marked do not touch and will be skipped in global connections.
[WARNING ODB-0383] vs_11_11 is marked do not touch and will be skipped in global connections.
[WARNING ODB-0383] vs_11_12 is marked do not touch and will be skipped in global connections.
[WARNING ODB-0383] vs_11_13 is marked do not touch and will be skipped in global connections.
[WARNING ODB-0383] vs_11_14 is marked do not touch and will be skipped in global connections.
[WARNING ODB-0383] vs_11_15 is marked do not touch and will be skipped in global connections.
[WARNING ODB-0383] vs_11_16 is marked do not touch and will be skipped in global connections.
[WARNING ODB-0383] vs_11_17 is marked do not touch and will be skipped in global connections.
[WARNING ODB-0383] vs_11_18 is marked do not touch and will be skipped in global connections.
[WARNING ODB-0383] vs_11_19 is marked do not touch and will be skipped in global connections.
[WARNING ODB-0383] vs_11_2 is marked do not touch and will be skipped in global connections.
[WARNING ODB-0383] vs_11_20 is marked do not touch and will be skipped in global connections.
[WARNING ODB-0383] vs_11_21 is marked do not touch and will be skipped in global connections.
[WARNING ODB-0383] vs_11_22 is marked do not touch and will be skipped in global connections.
[WARNING ODB-0383] vs_11_23 is marked do not touch and will be skipped in global connections.
[WARNING ODB-0383] vs_11_24 is marked do not touch and will be skipped in global connections.
[WARNING ODB-0383] vs_11_25 is marked do not touch and will be skipped in global connections.
[WARNING ODB-0383] vs_11_26 is marked do not touch and will be skipped in global connections.
[WARNING ODB-0383] vs_11_27 is marked do not touch and will be skipped in global connections.
[WARNING ODB-0383] vs_11_28 is marked do not touch and will be skipped in global connections.
[WARNING ODB-0383] vs_11_29 is marked do not touch and will be skipped in global connections.
[WARNING ODB-0383] vs_11_3 is marked do not touch and will be skipped in global connections.
[WARNING ODB-0383] vs_11_30 is marked do not touch and will be skipped in global connections.
[WARNING ODB-0383] vs_11_31 is marked do not touch and will be skipped in global connections.
[WARNING ODB-0383] vs_11_32 is marked do not touch and will be skipped in global connections.
[WARNING ODB-0383] vs_11_33 is marked do not touch and will be skipped in global connections.
[WARNING ODB-0383] vs_11_34 is marked do not touch and will be skipped in global connections.
[WARNING ODB-0383] vs_11_35 is marked do not touch and will be skipped in global connections.
[WARNING ODB-0383] vs_11_36 is marked do not touch and will be skipped in global connections.
[WARNING ODB-0383] vs_11_37 is marked do not touch and will be skipped in global connections.
[WARNING ODB-0383] vs_11_38 is marked do not touch and will be skipped in global connections.
[WARNING ODB-0383] vs_11_39 is marked do not touch and will be skipped in global connections.
[WARNING ODB-0383] vs_11_4 is marked do not touch and will be skipped in global connections.
[WARNING ODB-0383] vs_11_40 is marked do not touch and will be skipped in global connections.
[WARNING ODB-0383] vs_11_41 is marked do not touch and will be skipped in global connections.
[WARNING ODB-0383] vs_11_42 is marked do not touch and will be skipped in global connections.
[WARNING ODB-0383] vs_11_43 is marked do not touch and will be skipped in global connections.
[WARNING ODB-0383] vs_11_44 is marked do not touch and will be skipped in global connections.
[WARNING ODB-0383] vs_11_45 is marked do not touch and will be skipped in global connections.
[WARNING ODB-0383] vs_11_46 is marked do not touch and will be skipped in global connections.
[WARNING ODB-0383] vs_11_47 is marked do not touch and will be skipped in global connections.
[WARNING ODB-0383] vs_11_48 is marked do not touch and will be skipped in global connections.
[WARNING ODB-0383] vs_11_49 is marked do not touch and will be skipped in global connections.
[WARNING ODB-0383] vs_11_5 is marked do not touch and will be skipped in global connections.
[WARNING ODB-0383] vs_11_50 is marked do not touch and will be skipped in global connections.
[WARNING ODB-0383] vs_11_51 is marked do not touch and will be skipped in global connections.
[WARNING ODB-0383] vs_11_52 is marked do not touch and will be skipped in global connections.
[WARNING ODB-0383] vs_11_53 is marked do not touch and will be skipped in global connections.
[WARNING ODB-0383] vs_11_54 is marked do not touch and will be skipped in global connections.
[WARNING ODB-0383] vs_11_55 is marked do not touch and will be skipped in global connections.
[WARNING ODB-0383] vs_11_56 is marked do not touch and will be skipped in global connections.
[WARNING ODB-0383] vs_11_57 is marked do not touch and will be skipped in global connections.
[WARNING ODB-0383] vs_11_58 is marked do not touch and will be skipped in global connections.
[WARNING ODB-0383] vs_11_59 is marked do not touch and will be skipped in global connections.
[WARNING ODB-0383] vs_11_6 is marked do not touch and will be skipped in global connections.
[WARNING ODB-0383] vs_11_60 is marked do not touch and will be skipped in global connections.
[WARNING ODB-0383] vs_11_61 is marked do not touch and will be skipped in global connections.
[WARNING ODB-0383] vs_11_62 is marked do not touch and will be skipped in global connections.
[WARNING ODB-0383] vs_11_63 is marked do not touch and will be skipped in global connections.
[WARNING ODB-0383] vs_11_7 is marked do not touch and will be skipped in global connections.
[WARNING ODB-0383] vs_11_8 is marked do not touch and will be skipped in global connections.
[WARNING ODB-0383] vs_11_9 is marked do not touch and will be skipped in global connections.
[WARNING ODB-0383] vs_12_0 is marked do not touch and will be skipped in global connections.
[WARNING ODB-0383] vs_12_1 is marked do not touch and will be skipped in global connections.
[WARNING ODB-0383] vs_12_10 is marked do not touch and will be skipped in global connections.
[WARNING ODB-0383] vs_12_11 is marked do not touch and will be skipped in global connections.
[WARNING ODB-0383] vs_12_12 is marked do not touch and will be skipped in global connections.
[WARNING ODB-0383] vs_12_13 is marked do not touch and will be skipped in global connections.
[WARNING ODB-0383] vs_12_14 is marked do not touch and will be skipped in global connections.
[WARNING ODB-0383] vs_12_15 is marked do not touch and will be skipped in global connections.
[WARNING ODB-0383] vs_12_16 is marked do not touch and will be skipped in global connections.
[WARNING ODB-0383] vs_12_17 is marked do not touch and will be skipped in global connections.
[WARNING ODB-0383] vs_12_18 is marked do not touch and will be skipped in global connections.
[WARNING ODB-0383] vs_12_19 is marked do not touch and will be skipped in global connections.
[WARNING ODB-0383] vs_12_2 is marked do not touch and will be skipped in global connections.
[WARNING ODB-0383] vs_12_20 is marked do not touch and will be skipped in global connections.
[WARNING ODB-0383] vs_12_21 is marked do not touch and will be skipped in global connections.
[WARNING ODB-0383] vs_12_22 is marked do not touch and will be skipped in global connections.
[WARNING ODB-0383] vs_12_23 is marked do not touch and will be skipped in global connections.
[WARNING ODB-0383] vs_12_24 is marked do not touch and will be skipped in global connections.
[WARNING ODB-0383] vs_12_25 is marked do not touch and will be skipped in global connections.
[WARNING ODB-0383] vs_12_26 is marked do not touch and will be skipped in global connections.
[WARNING ODB-0383] vs_12_27 is marked do not touch and will be skipped in global connections.
[WARNING ODB-0383] vs_12_28 is marked do not touch and will be skipped in global connections.
[WARNING ODB-0383] vs_12_29 is marked do not touch and will be skipped in global connections.
[WARNING ODB-0383] vs_12_3 is marked do not touch and will be skipped in global connections.
[WARNING ODB-0383] vs_12_30 is marked do not touch and will be skipped in global connections.
[WARNING ODB-0383] vs_12_31 is marked do not touch and will be skipped in global connections.
[WARNING ODB-0383] vs_12_32 is marked do not touch and will be skipped in global connections.
[WARNING ODB-0383] vs_12_33 is marked do not touch and will be skipped in global connections.
[WARNING ODB-0383] vs_12_34 is marked do not touch and will be skipped in global connections.
[WARNING ODB-0383] vs_12_35 is marked do not touch and will be skipped in global connections.
[WARNING ODB-0383] vs_12_36 is marked do not touch and will be skipped in global connections.
[WARNING ODB-0383] vs_12_37 is marked do not touch and will be skipped in global connections.
[WARNING ODB-0383] vs_12_38 is marked do not touch and will be skipped in global connections.
[WARNING ODB-0383] vs_12_39 is marked do not touch and will be skipped in global connections.
[WARNING ODB-0383] vs_12_4 is marked do not touch and will be skipped in global connections.
[WARNING ODB-0383] vs_12_40 is marked do not touch and will be skipped in global connections.
[WARNING ODB-0383] vs_12_41 is marked do not touch and will be skipped in global connections.
[WARNING ODB-0383] vs_12_42 is marked do not touch and will be skipped in global connections.
[WARNING ODB-0383] vs_12_43 is marked do not touch and will be skipped in global connections.
[WARNING ODB-0383] vs_12_44 is marked do not touch and will be skipped in global connections.
[WARNING ODB-0383] vs_12_45 is marked do not touch and will be skipped in global connections.
[WARNING ODB-0383] vs_12_46 is marked do not touch and will be skipped in global connections.
[WARNING ODB-0383] vs_12_47 is marked do not touch and will be skipped in global connections.
[WARNING ODB-0383] vs_12_48 is marked do not touch and will be skipped in global connections.
[WARNING ODB-0383] vs_12_49 is marked do not touch and will be skipped in global connections.
[WARNING ODB-0383] vs_12_5 is marked do not touch and will be skipped in global connections.
[WARNING ODB-0383] vs_12_50 is marked do not touch and will be skipped in global connections.
[WARNING ODB-0383] vs_12_51 is marked do not touch and will be skipped in global connections.
[WARNING ODB-0383] vs_12_52 is marked do not touch and will be skipped in global connections.
[WARNING ODB-0383] vs_12_53 is marked do not touch and will be skipped in global connections.
[WARNING ODB-0383] vs_12_54 is marked do not touch and will be skipped in global connections.
[WARNING ODB-0383] vs_12_55 is marked do not touch and will be skipped in global connections.
[WARNING ODB-0383] vs_12_56 is marked do not touch and will be skipped in global connections.
[WARNING ODB-0383] vs_12_57 is marked do not touch and will be skipped in global connections.
[WARNING ODB-0383] vs_12_58 is marked do not touch and will be skipped in global connections.
[WARNING ODB-0383] vs_12_59 is marked do not touch and will be skipped in global connections.
[WARNING ODB-0383] vs_12_6 is marked do not touch and will be skipped in global connections.
[WARNING ODB-0383] vs_12_60 is marked do not touch and will be skipped in global connections.
[WARNING ODB-0383] vs_12_61 is marked do not touch and will be skipped in global connections.
[WARNING ODB-0383] vs_12_62 is marked do not touch and will be skipped in global connections.
[WARNING ODB-0383] vs_12_63 is marked do not touch and will be skipped in global connections.
[WARNING ODB-0383] vs_12_7 is marked do not touch and will be skipped in global connections.
[WARNING ODB-0383] vs_12_8 is marked do not touch and will be skipped in global connections.
[WARNING ODB-0383] vs_12_9 is marked do not touch and will be skipped in global connections.
[WARNING ODB-0383] vs_13_0 is marked do not touch and will be skipped in global connections.
[WARNING ODB-0383] vs_13_1 is marked do not touch and will be skipped in global connections.
[WARNING ODB-0383] vs_13_10 is marked do not touch and will be skipped in global connections.
[WARNING ODB-0383] vs_13_11 is marked do not touch and will be skipped in global connections.
[WARNING ODB-0383] vs_13_12 is marked do not touch and will be skipped in global connections.
[WARNING ODB-0383] vs_13_13 is marked do not touch and will be skipped in global connections.
[WARNING ODB-0383] vs_13_14 is marked do not touch and will be skipped in global connections.
[WARNING ODB-0383] vs_13_15 is marked do not touch and will be skipped in global connections.
[WARNING ODB-0383] vs_13_16 is marked do not touch and will be skipped in global connections.
[WARNING ODB-0383] vs_13_17 is marked do not touch and will be skipped in global connections.
[WARNING ODB-0383] vs_13_18 is marked do not touch and will be skipped in global connections.
[WARNING ODB-0383] vs_13_19 is marked do not touch and will be skipped in global connections.
[WARNING ODB-0383] vs_13_2 is marked do not touch and will be skipped in global connections.
[WARNING ODB-0383] vs_13_20 is marked do not touch and will be skipped in global connections.
[WARNING ODB-0383] vs_13_21 is marked do not touch and will be skipped in global connections.
[WARNING ODB-0383] vs_13_22 is marked do not touch and will be skipped in global connections.
[WARNING ODB-0383] vs_13_23 is marked do not touch and will be skipped in global connections.
[WARNING ODB-0383] vs_13_24 is marked do not touch and will be skipped in global connections.
[WARNING ODB-0383] vs_13_25 is marked do not touch and will be skipped in global connections.
[WARNING ODB-0383] vs_13_26 is marked do not touch and will be skipped in global connections.
[WARNING ODB-0383] vs_13_27 is marked do not touch and will be skipped in global connections.
[WARNING ODB-0383] vs_13_28 is marked do not touch and will be skipped in global connections.
[WARNING ODB-0383] vs_13_29 is marked do not touch and will be skipped in global connections.
[WARNING ODB-0383] vs_13_3 is marked do not touch and will be skipped in global connections.
[WARNING ODB-0383] vs_13_30 is marked do not touch and will be skipped in global connections.
[WARNING ODB-0383] vs_13_31 is marked do not touch and will be skipped in global connections.
[WARNING ODB-0383] vs_13_32 is marked do not touch and will be skipped in global connections.
[WARNING ODB-0383] vs_13_33 is marked do not touch and will be skipped in global connections.
[WARNING ODB-0383] vs_13_34 is marked do not touch and will be skipped in global connections.
[WARNING ODB-0383] vs_13_35 is marked do not touch and will be skipped in global connections.
[WARNING ODB-0383] vs_13_36 is marked do not touch and will be skipped in global connections.
[WARNING ODB-0383] vs_13_37 is marked do not touch and will be skipped in global connections.
[WARNING ODB-0383] vs_13_38 is marked do not touch and will be skipped in global connections.
[WARNING ODB-0383] vs_13_39 is marked do not touch and will be skipped in global connections.
[WARNING ODB-0383] vs_13_4 is marked do not touch and will be skipped in global connections.
[WARNING ODB-0383] vs_13_40 is marked do not touch and will be skipped in global connections.
[WARNING ODB-0383] vs_13_41 is marked do not touch and will be skipped in global connections.
[WARNING ODB-0383] vs_13_42 is marked do not touch and will be skipped in global connections.
[WARNING ODB-0383] vs_13_43 is marked do not touch and will be skipped in global connections.
[WARNING ODB-0383] vs_13_44 is marked do not touch and will be skipped in global connections.
[WARNING ODB-0383] vs_13_45 is marked do not touch and will be skipped in global connections.
[WARNING ODB-0383] vs_13_46 is marked do not touch and will be skipped in global connections.
[WARNING ODB-0383] vs_13_47 is marked do not touch and will be skipped in global connections.
[WARNING ODB-0383] vs_13_48 is marked do not touch and will be skipped in global connections.
[WARNING ODB-0383] vs_13_49 is marked do not touch and will be skipped in global connections.
[WARNING ODB-0383] vs_13_5 is marked do not touch and will be skipped in global connections.
[WARNING ODB-0383] vs_13_50 is marked do not touch and will be skipped in global connections.
[WARNING ODB-0383] vs_13_51 is marked do not touch and will be skipped in global connections.
[WARNING ODB-0383] vs_13_52 is marked do not touch and will be skipped in global connections.
[WARNING ODB-0383] vs_13_53 is marked do not touch and will be skipped in global connections.
[WARNING ODB-0383] vs_13_54 is marked do not touch and will be skipped in global connections.
[WARNING ODB-0383] vs_13_55 is marked do not touch and will be skipped in global connections.
[WARNING ODB-0383] vs_13_56 is marked do not touch and will be skipped in global connections.
[WARNING ODB-0383] vs_13_57 is marked do not touch and will be skipped in global connections.
[WARNING ODB-0383] vs_13_58 is marked do not touch and will be skipped in global connections.
[WARNING ODB-0383] vs_13_59 is marked do not touch and will be skipped in global connections.
[WARNING ODB-0383] vs_13_6 is marked do not touch and will be skipped in global connections.
[WARNING ODB-0383] vs_13_60 is marked do not touch and will be skipped in global connections.
[WARNING ODB-0383] vs_13_61 is marked do not touch and will be skipped in global connections.
[WARNING ODB-0383] vs_13_62 is marked do not touch and will be skipped in global connections.
[WARNING ODB-0383] vs_13_63 is marked do not touch and will be skipped in global connections.
[WARNING ODB-0383] vs_13_7 is marked do not touch and will be skipped in global connections.
[WARNING ODB-0383] vs_13_8 is marked do not touch and will be skipped in global connections.
[WARNING ODB-0383] vs_13_9 is marked do not touch and will be skipped in global connections.
[WARNING ODB-0383] vs_14_0 is marked do not touch and will be skipped in global connections.
[WARNING ODB-0383] vs_14_1 is marked do not touch and will be skipped in global connections.
[WARNING ODB-0383] vs_14_10 is marked do not touch and will be skipped in global connections.
[WARNING ODB-0383] vs_14_11 is marked do not touch and will be skipped in global connections.
[WARNING ODB-0383] vs_14_12 is marked do not touch and will be skipped in global connections.
[WARNING ODB-0383] vs_14_13 is marked do not touch and will be skipped in global connections.
[WARNING ODB-0383] vs_14_14 is marked do not touch and will be skipped in global connections.
[WARNING ODB-0383] vs_14_15 is marked do not touch and will be skipped in global connections.
[WARNING ODB-0383] vs_14_16 is marked do not touch and will be skipped in global connections.
[WARNING ODB-0383] vs_14_17 is marked do not touch and will be skipped in global connections.
[WARNING ODB-0383] vs_14_18 is marked do not touch and will be skipped in global connections.
[WARNING ODB-0383] vs_14_19 is marked do not touch and will be skipped in global connections.
[WARNING ODB-0383] vs_14_2 is marked do not touch and will be skipped in global connections.
[WARNING ODB-0383] vs_14_20 is marked do not touch and will be skipped in global connections.
[WARNING ODB-0383] vs_14_21 is marked do not touch and will be skipped in global connections.
[WARNING ODB-0383] vs_14_22 is marked do not touch and will be skipped in global connections.
[WARNING ODB-0383] vs_14_23 is marked do not touch and will be skipped in global connections.
[WARNING ODB-0383] vs_14_24 is marked do not touch and will be skipped in global connections.
[WARNING ODB-0383] vs_14_25 is marked do not touch and will be skipped in global connections.
[WARNING ODB-0383] vs_14_26 is marked do not touch and will be skipped in global connections.
[WARNING ODB-0383] vs_14_27 is marked do not touch and will be skipped in global connections.
[WARNING ODB-0383] vs_14_28 is marked do not touch and will be skipped in global connections.
[WARNING ODB-0383] vs_14_29 is marked do not touch and will be skipped in global connections.
[WARNING ODB-0383] vs_14_3 is marked do not touch and will be skipped in global connections.
[WARNING ODB-0383] vs_14_30 is marked do not touch and will be skipped in global connections.
[WARNING ODB-0383] vs_14_31 is marked do not touch and will be skipped in global connections.
[WARNING ODB-0383] vs_14_32 is marked do not touch and will be skipped in global connections.
[WARNING ODB-0383] vs_14_33 is marked do not touch and will be skipped in global connections.
[WARNING ODB-0383] vs_14_34 is marked do not touch and will be skipped in global connections.
[WARNING ODB-0383] vs_14_35 is marked do not touch and will be skipped in global connections.
[WARNING ODB-0383] vs_14_36 is marked do not touch and will be skipped in global connections.
[WARNING ODB-0383] vs_14_37 is marked do not touch and will be skipped in global connections.
[WARNING ODB-0383] vs_14_38 is marked do not touch and will be skipped in global connections.
[WARNING ODB-0383] vs_14_39 is marked do not touch and will be skipped in global connections.
[WARNING ODB-0383] vs_14_4 is marked do not touch and will be skipped in global connections.
[WARNING ODB-0383] vs_14_40 is marked do not touch and will be skipped in global connections.
[WARNING ODB-0383] vs_14_41 is marked do not touch and will be skipped in global connections.
[WARNING ODB-0383] vs_14_42 is marked do not touch and will be skipped in global connections.
[WARNING ODB-0383] vs_14_43 is marked do not touch and will be skipped in global connections.
[WARNING ODB-0383] vs_14_44 is marked do not touch and will be skipped in global connections.
[WARNING ODB-0383] vs_14_45 is marked do not touch and will be skipped in global connections.
[WARNING ODB-0383] vs_14_46 is marked do not touch and will be skipped in global connections.
[WARNING ODB-0383] vs_14_47 is marked do not touch and will be skipped in global connections.
[WARNING ODB-0383] vs_14_48 is marked do not touch and will be skipped in global connections.
[WARNING ODB-0383] vs_14_49 is marked do not touch and will be skipped in global connections.
[WARNING ODB-0383] vs_14_5 is marked do not touch and will be skipped in global connections.
[WARNING ODB-0383] vs_14_50 is marked do not touch and will be skipped in global connections.
[WARNING ODB-0383] vs_14_51 is marked do not touch and will be skipped in global connections.
[WARNING ODB-0383] vs_14_52 is marked do not touch and will be skipped in global connections.
[WARNING ODB-0383] vs_14_53 is marked do not touch and will be skipped in global connections.
[WARNING ODB-0383] vs_14_54 is marked do not touch and will be skipped in global connections.
[WARNING ODB-0383] vs_14_55 is marked do not touch and will be skipped in global connections.
[WARNING ODB-0383] vs_14_56 is marked do not touch and will be skipped in global connections.
[WARNING ODB-0383] vs_14_57 is marked do not touch and will be skipped in global connections.
[WARNING ODB-0383] vs_14_58 is marked do not touch and will be skipped in global connections.
[WARNING ODB-0383] vs_14_59 is marked do not touch and will be skipped in global connections.
[WARNING ODB-0383] vs_14_6 is marked do not touch and will be skipped in global connections.
[WARNING ODB-0383] vs_14_60 is marked do not touch and will be skipped in global connections.
[WARNING ODB-0383] vs_14_61 is marked do not touch and will be skipped in global connections.
[WARNING ODB-0383] vs_14_62 is marked do not touch and will be skipped in global connections.
[WARNING ODB-0383] vs_14_63 is marked do not touch and will be skipped in global connections.
[WARNING ODB-0383] vs_14_7 is marked do not touch and will be skipped in global connections.
[WARNING ODB-0383] vs_14_8 is marked do not touch and will be skipped in global connections.
[WARNING ODB-0383] vs_14_9 is marked do not touch and will be skipped in global connections.
[WARNING ODB-0383] vs_15_0 is marked do not touch and will be skipped in global connections.
[WARNING ODB-0383] vs_15_1 is marked do not touch and will be skipped in global connections.
[WARNING ODB-0383] vs_15_10 is marked do not touch and will be skipped in global connections.
[WARNING ODB-0383] vs_15_11 is marked do not touch and will be skipped in global connections.
[WARNING ODB-0383] vs_15_12 is marked do not touch and will be skipped in global connections.
[WARNING ODB-0383] vs_15_13 is marked do not touch and will be skipped in global connections.
[WARNING ODB-0383] vs_15_14 is marked do not touch and will be skipped in global connections.
[WARNING ODB-0383] vs_15_15 is marked do not touch and will be skipped in global connections.
[WARNING ODB-0383] vs_15_16 is marked do not touch and will be skipped in global connections.
[WARNING ODB-0383] vs_15_17 is marked do not touch and will be skipped in global connections.
[WARNING ODB-0383] vs_15_18 is marked do not touch and will be skipped in global connections.
[WARNING ODB-0383] vs_15_19 is marked do not touch and will be skipped in global connections.
[WARNING ODB-0383] vs_15_2 is marked do not touch and will be skipped in global connections.
[WARNING ODB-0383] vs_15_20 is marked do not touch and will be skipped in global connections.
[WARNING ODB-0383] vs_15_21 is marked do not touch and will be skipped in global connections.
[WARNING ODB-0383] vs_15_22 is marked do not touch and will be skipped in global connections.
[WARNING ODB-0383] vs_15_23 is marked do not touch and will be skipped in global connections.
[WARNING ODB-0383] vs_15_24 is marked do not touch and will be skipped in global connections.
[WARNING ODB-0383] vs_15_25 is marked do not touch and will be skipped in global connections.
[WARNING ODB-0383] vs_15_26 is marked do not touch and will be skipped in global connections.
[WARNING ODB-0383] vs_15_27 is marked do not touch and will be skipped in global connections.
[WARNING ODB-0383] vs_15_28 is marked do not touch and will be skipped in global connections.
[WARNING ODB-0383] vs_15_29 is marked do not touch and will be skipped in global connections.
[WARNING ODB-0383] vs_15_3 is marked do not touch and will be skipped in global connections.
[WARNING ODB-0383] vs_15_30 is marked do not touch and will be skipped in global connections.
[WARNING ODB-0383] vs_15_31 is marked do not touch and will be skipped in global connections.
[WARNING ODB-0383] vs_15_32 is marked do not touch and will be skipped in global connections.
[WARNING ODB-0383] vs_15_33 is marked do not touch and will be skipped in global connections.
[WARNING ODB-0383] vs_15_34 is marked do not touch and will be skipped in global connections.
[WARNING ODB-0383] vs_15_35 is marked do not touch and will be skipped in global connections.
[WARNING ODB-0383] vs_15_36 is marked do not touch and will be skipped in global connections.
[WARNING ODB-0383] vs_15_37 is marked do not touch and will be skipped in global connections.
[WARNING ODB-0383] vs_15_38 is marked do not touch and will be skipped in global connections.
[WARNING ODB-0383] vs_15_39 is marked do not touch and will be skipped in global connections.
[WARNING ODB-0383] vs_15_4 is marked do not touch and will be skipped in global connections.
[WARNING ODB-0383] vs_15_40 is marked do not touch and will be skipped in global connections.
[WARNING ODB-0383] vs_15_41 is marked do not touch and will be skipped in global connections.
[WARNING ODB-0383] vs_15_42 is marked do not touch and will be skipped in global connections.
[WARNING ODB-0383] vs_15_43 is marked do not touch and will be skipped in global connections.
[WARNING ODB-0383] vs_15_44 is marked do not touch and will be skipped in global connections.
[WARNING ODB-0383] vs_15_45 is marked do not touch and will be skipped in global connections.
[WARNING ODB-0383] vs_15_46 is marked do not touch and will be skipped in global connections.
[WARNING ODB-0383] vs_15_47 is marked do not touch and will be skipped in global connections.
[WARNING ODB-0383] vs_15_48 is marked do not touch and will be skipped in global connections.
[WARNING ODB-0383] vs_15_49 is marked do not touch and will be skipped in global connections.
[WARNING ODB-0383] vs_15_5 is marked do not touch and will be skipped in global connections.
[WARNING ODB-0383] vs_15_50 is marked do not touch and will be skipped in global connections.
[WARNING ODB-0383] vs_15_51 is marked do not touch and will be skipped in global connections.
[WARNING ODB-0383] vs_15_52 is marked do not touch and will be skipped in global connections.
[WARNING ODB-0383] vs_15_53 is marked do not touch and will be skipped in global connections.
[WARNING ODB-0383] vs_15_54 is marked do not touch and will be skipped in global connections.
[WARNING ODB-0383] vs_15_55 is marked do not touch and will be skipped in global connections.
[WARNING ODB-0383] vs_15_56 is marked do not touch and will be skipped in global connections.
[WARNING ODB-0383] vs_15_57 is marked do not touch and will be skipped in global connections.
[WARNING ODB-0383] vs_15_58 is marked do not touch and will be skipped in global connections.
[WARNING ODB-0383] vs_15_59 is marked do not touch and will be skipped in global connections.
[WARNING ODB-0383] vs_15_6 is marked do not touch and will be skipped in global connections.
[WARNING ODB-0383] vs_15_60 is marked do not touch and will be skipped in global connections.
[WARNING ODB-0383] vs_15_61 is marked do not touch and will be skipped in global connections.
[WARNING ODB-0383] vs_15_62 is marked do not touch and will be skipped in global connections.
[WARNING ODB-0383] vs_15_63 is marked do not touch and will be skipped in global connections.
[WARNING ODB-0383] vs_15_7 is marked do not touch and will be skipped in global connections.
[WARNING ODB-0383] vs_15_8 is marked do not touch and will be skipped in global connections.
[WARNING ODB-0383] vs_15_9 is marked do not touch and will be skipped in global connections.
[WARNING ODB-0383] vs_16_0 is marked do not touch and will be skipped in global connections.
[WARNING ODB-0383] vs_16_1 is marked do not touch and will be skipped in global connections.
[WARNING ODB-0383] vs_16_10 is marked do not touch and will be skipped in global connections.
[WARNING ODB-0383] vs_16_11 is marked do not touch and will be skipped in global connections.
[WARNING ODB-0383] vs_16_12 is marked do not touch and will be skipped in global connections.
[WARNING ODB-0383] vs_16_13 is marked do not touch and will be skipped in global connections.
[WARNING ODB-0383] vs_16_14 is marked do not touch and will be skipped in global connections.
[WARNING ODB-0383] vs_16_15 is marked do not touch and will be skipped in global connections.
[WARNING ODB-0383] vs_16_16 is marked do not touch and will be skipped in global connections.
[WARNING ODB-0383] vs_16_17 is marked do not touch and will be skipped in global connections.
[WARNING ODB-0383] vs_16_18 is marked do not touch and will be skipped in global connections.
[WARNING ODB-0383] vs_16_19 is marked do not touch and will be skipped in global connections.
[WARNING ODB-0383] vs_16_2 is marked do not touch and will be skipped in global connections.
[WARNING ODB-0383] vs_16_20 is marked do not touch and will be skipped in global connections.
[WARNING ODB-0383] vs_16_21 is marked do not touch and will be skipped in global connections.
[WARNING ODB-0383] vs_16_22 is marked do not touch and will be skipped in global connections.
[WARNING ODB-0383] vs_16_23 is marked do not touch and will be skipped in global connections.
[WARNING ODB-0383] vs_16_24 is marked do not touch and will be skipped in global connections.
[WARNING ODB-0383] vs_16_25 is marked do not touch and will be skipped in global connections.
[WARNING ODB-0383] vs_16_26 is marked do not touch and will be skipped in global connections.
[WARNING ODB-0383] vs_16_27 is marked do not touch and will be skipped in global connections.
[WARNING ODB-0383] vs_16_28 is marked do not touch and will be skipped in global connections.
[WARNING ODB-0383] vs_16_29 is marked do not touch and will be skipped in global connections.
[WARNING ODB-0383] vs_16_3 is marked do not touch and will be skipped in global connections.
[WARNING ODB-0383] vs_16_30 is marked do not touch and will be skipped in global connections.
[WARNING ODB-0383] vs_16_31 is marked do not touch and will be skipped in global connections.
[WARNING ODB-0383] vs_16_32 is marked do not touch and will be skipped in global connections.
[WARNING ODB-0383] vs_16_33 is marked do not touch and will be skipped in global connections.
[WARNING ODB-0383] vs_16_34 is marked do not touch and will be skipped in global connections.
[WARNING ODB-0383] vs_16_35 is marked do not touch and will be skipped in global connections.
[WARNING ODB-0383] vs_16_36 is marked do not touch and will be skipped in global connections.
[WARNING ODB-0383] vs_16_37 is marked do not touch and will be skipped in global connections.
[WARNING ODB-0383] vs_16_38 is marked do not touch and will be skipped in global connections.
[WARNING ODB-0383] vs_16_39 is marked do not touch and will be skipped in global connections.
[WARNING ODB-0383] vs_16_4 is marked do not touch and will be skipped in global connections.
[WARNING ODB-0383] vs_16_40 is marked do not touch and will be skipped in global connections.
[WARNING ODB-0383] vs_16_41 is marked do not touch and will be skipped in global connections.
[WARNING ODB-0383] vs_16_42 is marked do not touch and will be skipped in global connections.
[WARNING ODB-0383] vs_16_43 is marked do not touch and will be skipped in global connections.
[WARNING ODB-0383] vs_16_44 is marked do not touch and will be skipped in global connections.
[WARNING ODB-0383] vs_16_45 is marked do not touch and will be skipped in global connections.
[WARNING ODB-0383] vs_16_46 is marked do not touch and will be skipped in global connections.
[WARNING ODB-0383] vs_16_47 is marked do not touch and will be skipped in global connections.
[WARNING ODB-0383] vs_16_48 is marked do not touch and will be skipped in global connections.
[WARNING ODB-0383] vs_16_49 is marked do not touch and will be skipped in global connections.
[WARNING ODB-0383] vs_16_5 is marked do not touch and will be skipped in global connections.
[WARNING ODB-0383] vs_16_50 is marked do not touch and will be skipped in global connections.
[WARNING ODB-0383] vs_16_51 is marked do not touch and will be skipped in global connections.
[WARNING ODB-0383] vs_16_52 is marked do not touch and will be skipped in global connections.
[WARNING ODB-0383] vs_16_53 is marked do not touch and will be skipped in global connections.
[WARNING ODB-0383] vs_16_54 is marked do not touch and will be skipped in global connections.
[WARNING ODB-0383] vs_16_55 is marked do not touch and will be skipped in global connections.
[WARNING ODB-0383] vs_16_56 is marked do not touch and will be skipped in global connections.
[WARNING ODB-0383] vs_16_57 is marked do not touch and will be skipped in global connections.
[WARNING ODB-0383] vs_16_58 is marked do not touch and will be skipped in global connections.
[WARNING ODB-0383] vs_16_59 is marked do not touch and will be skipped in global connections.
[WARNING ODB-0383] vs_16_6 is marked do not touch and will be skipped in global connections.
[WARNING ODB-0383] vs_16_60 is marked do not touch and will be skipped in global connections.
[WARNING ODB-0383] vs_16_61 is marked do not touch and will be skipped in global connections.
[WARNING ODB-0383] vs_16_62 is marked do not touch and will be skipped in global connections.
[WARNING ODB-0383] vs_16_63 is marked do not touch and will be skipped in global connections.
[WARNING ODB-0383] vs_16_7 is marked do not touch and will be skipped in global connections.
[WARNING ODB-0383] vs_16_8 is marked do not touch and will be skipped in global connections.
[WARNING ODB-0383] vs_16_9 is marked do not touch and will be skipped in global connections.
[WARNING ODB-0383] vs_17_0 is marked do not touch and will be skipped in global connections.
[WARNING ODB-0383] vs_17_1 is marked do not touch and will be skipped in global connections.
[WARNING ODB-0383] vs_17_10 is marked do not touch and will be skipped in global connections.
[WARNING ODB-0383] vs_17_11 is marked do not touch and will be skipped in global connections.
[WARNING ODB-0383] vs_17_12 is marked do not touch and will be skipped in global connections.
[WARNING ODB-0383] vs_17_13 is marked do not touch and will be skipped in global connections.
[WARNING ODB-0383] vs_17_14 is marked do not touch and will be skipped in global connections.
[WARNING ODB-0383] vs_17_15 is marked do not touch and will be skipped in global connections.
[WARNING ODB-0383] vs_17_16 is marked do not touch and will be skipped in global connections.
[WARNING ODB-0383] vs_17_17 is marked do not touch and will be skipped in global connections.
[WARNING ODB-0383] vs_17_18 is marked do not touch and will be skipped in global connections.
[WARNING ODB-0383] vs_17_19 is marked do not touch and will be skipped in global connections.
[WARNING ODB-0383] vs_17_2 is marked do not touch and will be skipped in global connections.
[WARNING ODB-0383] vs_17_20 is marked do not touch and will be skipped in global connections.
[WARNING ODB-0383] vs_17_21 is marked do not touch and will be skipped in global connections.
[WARNING ODB-0383] vs_17_22 is marked do not touch and will be skipped in global connections.
[WARNING ODB-0383] vs_17_23 is marked do not touch and will be skipped in global connections.
[WARNING ODB-0383] vs_17_24 is marked do not touch and will be skipped in global connections.
[WARNING ODB-0383] vs_17_25 is marked do not touch and will be skipped in global connections.
[WARNING ODB-0383] vs_17_26 is marked do not touch and will be skipped in global connections.
[WARNING ODB-0383] vs_17_27 is marked do not touch and will be skipped in global connections.
[WARNING ODB-0383] vs_17_28 is marked do not touch and will be skipped in global connections.
[WARNING ODB-0383] vs_17_29 is marked do not touch and will be skipped in global connections.
[WARNING ODB-0383] vs_17_3 is marked do not touch and will be skipped in global connections.
[WARNING ODB-0383] vs_17_30 is marked do not touch and will be skipped in global connections.
[WARNING ODB-0383] vs_17_31 is marked do not touch and will be skipped in global connections.
[WARNING ODB-0383] vs_17_32 is marked do not touch and will be skipped in global connections.
[WARNING ODB-0383] vs_17_33 is marked do not touch and will be skipped in global connections.
[WARNING ODB-0383] vs_17_34 is marked do not touch and will be skipped in global connections.
[WARNING ODB-0383] vs_17_35 is marked do not touch and will be skipped in global connections.
[WARNING ODB-0383] vs_17_36 is marked do not touch and will be skipped in global connections.
[WARNING ODB-0383] vs_17_37 is marked do not touch and will be skipped in global connections.
[WARNING ODB-0383] vs_17_38 is marked do not touch and will be skipped in global connections.
[WARNING ODB-0383] vs_17_39 is marked do not touch and will be skipped in global connections.
[WARNING ODB-0383] vs_17_4 is marked do not touch and will be skipped in global connections.
[WARNING ODB-0383] vs_17_40 is marked do not touch and will be skipped in global connections.
[WARNING ODB-0383] vs_17_41 is marked do not touch and will be skipped in global connections.
[WARNING ODB-0383] vs_17_42 is marked do not touch and will be skipped in global connections.
[WARNING ODB-0383] vs_17_43 is marked do not touch and will be skipped in global connections.
[WARNING ODB-0383] vs_17_44 is marked do not touch and will be skipped in global connections.
[WARNING ODB-0383] vs_17_45 is marked do not touch and will be skipped in global connections.
[WARNING ODB-0383] vs_17_46 is marked do not touch and will be skipped in global connections.
[WARNING ODB-0383] vs_17_47 is marked do not touch and will be skipped in global connections.
[WARNING ODB-0383] vs_17_48 is marked do not touch and will be skipped in global connections.
[WARNING ODB-0383] vs_17_49 is marked do not touch and will be skipped in global connections.
[WARNING ODB-0383] vs_17_5 is marked do not touch and will be skipped in global connections.
[WARNING ODB-0383] vs_17_50 is marked do not touch and will be skipped in global connections.
[WARNING ODB-0383] vs_17_51 is marked do not touch and will be skipped in global connections.
[WARNING ODB-0383] vs_17_52 is marked do not touch and will be skipped in global connections.
[WARNING ODB-0383] vs_17_53 is marked do not touch and will be skipped in global connections.
[WARNING ODB-0383] vs_17_54 is marked do not touch and will be skipped in global connections.
[WARNING ODB-0383] vs_17_55 is marked do not touch and will be skipped in global connections.
[WARNING ODB-0383] vs_17_56 is marked do not touch and will be skipped in global connections.
[WARNING ODB-0383] vs_17_57 is marked do not touch and will be skipped in global connections.
[WARNING ODB-0383] vs_17_58 is marked do not touch and will be skipped in global connections.
[WARNING ODB-0383] vs_17_59 is marked do not touch and will be skipped in global connections.
[WARNING ODB-0383] vs_17_6 is marked do not touch and will be skipped in global connections.
[WARNING ODB-0383] vs_17_60 is marked do not touch and will be skipped in global connections.
[WARNING ODB-0383] vs_17_61 is marked do not touch and will be skipped in global connections.
[WARNING ODB-0383] vs_17_62 is marked do not touch and will be skipped in global connections.
[WARNING ODB-0383] vs_17_63 is marked do not touch and will be skipped in global connections.
[WARNING ODB-0383] vs_17_7 is marked do not touch and will be skipped in global connections.
[WARNING ODB-0383] vs_17_8 is marked do not touch and will be skipped in global connections.
[WARNING ODB-0383] vs_17_9 is marked do not touch and will be skipped in global connections.
[WARNING ODB-0383] vs_18_0 is marked do not touch and will be skipped in global connections.
[WARNING ODB-0383] vs_18_1 is marked do not touch and will be skipped in global connections.
[WARNING ODB-0383] vs_18_10 is marked do not touch and will be skipped in global connections.
[WARNING ODB-0383] vs_18_11 is marked do not touch and will be skipped in global connections.
[WARNING ODB-0383] vs_18_12 is marked do not touch and will be skipped in global connections.
[WARNING ODB-0383] vs_18_13 is marked do not touch and will be skipped in global connections.
[WARNING ODB-0383] vs_18_14 is marked do not touch and will be skipped in global connections.
[WARNING ODB-0383] vs_18_15 is marked do not touch and will be skipped in global connections.
[WARNING ODB-0383] vs_18_16 is marked do not touch and will be skipped in global connections.
[WARNING ODB-0383] vs_18_17 is marked do not touch and will be skipped in global connections.
[WARNING ODB-0383] vs_18_18 is marked do not touch and will be skipped in global connections.
[WARNING ODB-0383] vs_18_19 is marked do not touch and will be skipped in global connections.
[WARNING ODB-0383] vs_18_2 is marked do not touch and will be skipped in global connections.
[WARNING ODB-0383] vs_18_20 is marked do not touch and will be skipped in global connections.
[WARNING ODB-0383] vs_18_21 is marked do not touch and will be skipped in global connections.
[WARNING ODB-0383] vs_18_22 is marked do not touch and will be skipped in global connections.
[WARNING ODB-0383] vs_18_23 is marked do not touch and will be skipped in global connections.
[WARNING ODB-0383] vs_18_24 is marked do not touch and will be skipped in global connections.
[WARNING ODB-0383] vs_18_25 is marked do not touch and will be skipped in global connections.
[WARNING ODB-0383] vs_18_26 is marked do not touch and will be skipped in global connections.
[WARNING ODB-0383] vs_18_27 is marked do not touch and will be skipped in global connections.
[WARNING ODB-0383] vs_18_28 is marked do not touch and will be skipped in global connections.
[WARNING ODB-0383] vs_18_29 is marked do not touch and will be skipped in global connections.
[WARNING ODB-0383] vs_18_3 is marked do not touch and will be skipped in global connections.
[WARNING ODB-0383] vs_18_30 is marked do not touch and will be skipped in global connections.
[WARNING ODB-0383] vs_18_31 is marked do not touch and will be skipped in global connections.
[WARNING ODB-0383] vs_18_32 is marked do not touch and will be skipped in global connections.
[WARNING ODB-0383] vs_18_33 is marked do not touch and will be skipped in global connections.
[WARNING ODB-0383] vs_18_34 is marked do not touch and will be skipped in global connections.
[WARNING ODB-0383] vs_18_35 is marked do not touch and will be skipped in global connections.
[WARNING ODB-0383] vs_18_36 is marked do not touch and will be skipped in global connections.
[WARNING ODB-0383] vs_18_37 is marked do not touch and will be skipped in global connections.
[WARNING ODB-0383] vs_18_38 is marked do not touch and will be skipped in global connections.
[WARNING ODB-0383] vs_18_39 is marked do not touch and will be skipped in global connections.
[WARNING ODB-0383] vs_18_4 is marked do not touch and will be skipped in global connections.
[WARNING ODB-0383] vs_18_40 is marked do not touch and will be skipped in global connections.
[WARNING ODB-0383] vs_18_41 is marked do not touch and will be skipped in global connections.
[WARNING ODB-0383] vs_18_42 is marked do not touch and will be skipped in global connections.
[WARNING ODB-0383] vs_18_43 is marked do not touch and will be skipped in global connections.
[WARNING ODB-0383] vs_18_44 is marked do not touch and will be skipped in global connections.
[WARNING ODB-0383] vs_18_45 is marked do not touch and will be skipped in global connections.
[WARNING ODB-0383] vs_18_46 is marked do not touch and will be skipped in global connections.
[WARNING ODB-0383] vs_18_47 is marked do not touch and will be skipped in global connections.
[WARNING ODB-0383] vs_18_48 is marked do not touch and will be skipped in global connections.
[WARNING ODB-0383] vs_18_49 is marked do not touch and will be skipped in global connections.
[WARNING ODB-0383] vs_18_5 is marked do not touch and will be skipped in global connections.
[WARNING ODB-0383] vs_18_50 is marked do not touch and will be skipped in global connections.
[WARNING ODB-0383] vs_18_51 is marked do not touch and will be skipped in global connections.
[WARNING ODB-0383] vs_18_52 is marked do not touch and will be skipped in global connections.
[WARNING ODB-0383] vs_18_53 is marked do not touch and will be skipped in global connections.
[WARNING ODB-0383] vs_18_54 is marked do not touch and will be skipped in global connections.
[WARNING ODB-0383] vs_18_55 is marked do not touch and will be skipped in global connections.
[WARNING ODB-0383] vs_18_56 is marked do not touch and will be skipped in global connections.
[WARNING ODB-0383] vs_18_57 is marked do not touch and will be skipped in global connections.
[WARNING ODB-0383] vs_18_58 is marked do not touch and will be skipped in global connections.
[WARNING ODB-0383] vs_18_59 is marked do not touch and will be skipped in global connections.
[WARNING ODB-0383] vs_18_6 is marked do not touch and will be skipped in global connections.
[WARNING ODB-0383] vs_18_60 is marked do not touch and will be skipped in global connections.
[WARNING ODB-0383] vs_18_61 is marked do not touch and will be skipped in global connections.
[WARNING ODB-0383] vs_18_62 is marked do not touch and will be skipped in global connections.
[WARNING ODB-0383] vs_18_63 is marked do not touch and will be skipped in global connections.
[WARNING ODB-0383] vs_18_7 is marked do not touch and will be skipped in global connections.
[WARNING ODB-0383] vs_18_8 is marked do not touch and will be skipped in global connections.
[WARNING ODB-0383] vs_18_9 is marked do not touch and will be skipped in global connections.
[WARNING ODB-0383] vs_19_0 is marked do not touch and will be skipped in global connections.
[WARNING ODB-0383] vs_19_1 is marked do not touch and will be skipped in global connections.
[WARNING ODB-0383] vs_19_10 is marked do not touch and will be skipped in global connections.
[WARNING ODB-0383] vs_19_11 is marked do not touch and will be skipped in global connections.
[WARNING ODB-0383] vs_19_12 is marked do not touch and will be skipped in global connections.
[WARNING ODB-0383] vs_19_13 is marked do not touch and will be skipped in global connections.
[WARNING ODB-0383] vs_19_14 is marked do not touch and will be skipped in global connections.
[WARNING ODB-0383] vs_19_15 is marked do not touch and will be skipped in global connections.
[WARNING ODB-0383] vs_19_16 is marked do not touch and will be skipped in global connections.
[WARNING ODB-0383] vs_19_17 is marked do not touch and will be skipped in global connections.
[WARNING ODB-0383] vs_19_18 is marked do not touch and will be skipped in global connections.
[WARNING ODB-0383] vs_19_19 is marked do not touch and will be skipped in global connections.
[WARNING ODB-0383] vs_19_2 is marked do not touch and will be skipped in global connections.
[WARNING ODB-0383] vs_19_20 is marked do not touch and will be skipped in global connections.
[WARNING ODB-0383] vs_19_21 is marked do not touch and will be skipped in global connections.
[WARNING ODB-0383] vs_19_22 is marked do not touch and will be skipped in global connections.
[WARNING ODB-0383] vs_19_23 is marked do not touch and will be skipped in global connections.
[WARNING ODB-0383] vs_19_24 is marked do not touch and will be skipped in global connections.
[WARNING ODB-0383] vs_19_25 is marked do not touch and will be skipped in global connections.
[WARNING ODB-0383] vs_19_26 is marked do not touch and will be skipped in global connections.
[WARNING ODB-0383] vs_19_27 is marked do not touch and will be skipped in global connections.
[WARNING ODB-0383] vs_19_28 is marked do not touch and will be skipped in global connections.
[WARNING ODB-0383] vs_19_29 is marked do not touch and will be skipped in global connections.
[WARNING ODB-0383] vs_19_3 is marked do not touch and will be skipped in global connections.
[WARNING ODB-0383] vs_19_30 is marked do not touch and will be skipped in global connections.
[WARNING ODB-0383] vs_19_31 is marked do not touch and will be skipped in global connections.
[WARNING ODB-0383] vs_19_32 is marked do not touch and will be skipped in global connections.
[WARNING ODB-0383] vs_19_33 is marked do not touch and will be skipped in global connections.
[WARNING ODB-0383] vs_19_34 is marked do not touch and will be skipped in global connections.
[WARNING ODB-0383] vs_19_35 is marked do not touch and will be skipped in global connections.
[WARNING ODB-0383] vs_19_36 is marked do not touch and will be skipped in global connections.
[WARNING ODB-0383] vs_19_37 is marked do not touch and will be skipped in global connections.
[WARNING ODB-0383] vs_19_38 is marked do not touch and will be skipped in global connections.
[WARNING ODB-0383] vs_19_39 is marked do not touch and will be skipped in global connections.
[WARNING ODB-0383] vs_19_4 is marked do not touch and will be skipped in global connections.
[WARNING ODB-0383] vs_19_40 is marked do not touch and will be skipped in global connections.
[WARNING ODB-0383] vs_19_41 is marked do not touch and will be skipped in global connections.
[WARNING ODB-0383] vs_19_42 is marked do not touch and will be skipped in global connections.
[WARNING ODB-0383] vs_19_43 is marked do not touch and will be skipped in global connections.
[WARNING ODB-0383] vs_19_44 is marked do not touch and will be skipped in global connections.
[WARNING ODB-0383] vs_19_45 is marked do not touch and will be skipped in global connections.
[WARNING ODB-0383] vs_19_46 is marked do not touch and will be skipped in global connections.
[WARNING ODB-0383] vs_19_47 is marked do not touch and will be skipped in global connections.
[WARNING ODB-0383] vs_19_48 is marked do not touch and will be skipped in global connections.
[WARNING ODB-0383] vs_19_49 is marked do not touch and will be skipped in global connections.
[WARNING ODB-0383] vs_19_5 is marked do not touch and will be skipped in global connections.
[WARNING ODB-0383] vs_19_50 is marked do not touch and will be skipped in global connections.
[WARNING ODB-0383] vs_19_51 is marked do not touch and will be skipped in global connections.
[WARNING ODB-0383] vs_19_52 is marked do not touch and will be skipped in global connections.
[WARNING ODB-0383] vs_19_53 is marked do not touch and will be skipped in global connections.
[WARNING ODB-0383] vs_19_54 is marked do not touch and will be skipped in global connections.
[WARNING ODB-0383] vs_19_55 is marked do not touch and will be skipped in global connections.
[WARNING ODB-0383] vs_19_56 is marked do not touch and will be skipped in global connections.
[WARNING ODB-0383] vs_19_57 is marked do not touch and will be skipped in global connections.
[WARNING ODB-0383] vs_19_58 is marked do not touch and will be skipped in global connections.
[WARNING ODB-0383] vs_19_59 is marked do not touch and will be skipped in global connections.
[WARNING ODB-0383] vs_19_6 is marked do not touch and will be skipped in global connections.
[WARNING ODB-0383] vs_19_60 is marked do not touch and will be skipped in global connections.
[WARNING ODB-0383] vs_19_61 is marked do not touch and will be skipped in global connections.
[WARNING ODB-0383] vs_19_62 is marked do not touch and will be skipped in global connections.
[WARNING ODB-0383] vs_19_63 is marked do not touch and will be skipped in global connections.
[WARNING ODB-0383] vs_19_7 is marked do not touch and will be skipped in global connections.
[WARNING ODB-0383] vs_19_8 is marked do not touch and will be skipped in global connections.
[WARNING ODB-0383] vs_19_9 is marked do not touch and will be skipped in global connections.
[WARNING ODB-0383] vs_1_0 is marked do not touch and will be skipped in global connections.
[WARNING ODB-0383] vs_1_1 is marked do not touch and will be skipped in global connections.
[WARNING ODB-0383] vs_1_10 is marked do not touch and will be skipped in global connections.
[WARNING ODB-0383] vs_1_11 is marked do not touch and will be skipped in global connections.
[WARNING ODB-0383] vs_1_12 is marked do not touch and will be skipped in global connections.
[WARNING ODB-0383] vs_1_13 is marked do not touch and will be skipped in global connections.
[WARNING ODB-0383] vs_1_14 is marked do not touch and will be skipped in global connections.
[WARNING ODB-0383] vs_1_15 is marked do not touch and will be skipped in global connections.
[WARNING ODB-0383] vs_1_16 is marked do not touch and will be skipped in global connections.
[WARNING ODB-0383] vs_1_17 is marked do not touch and will be skipped in global connections.
[WARNING ODB-0383] vs_1_18 is marked do not touch and will be skipped in global connections.
[WARNING ODB-0383] vs_1_19 is marked do not touch and will be skipped in global connections.
[WARNING ODB-0383] vs_1_2 is marked do not touch and will be skipped in global connections.
[WARNING ODB-0383] vs_1_20 is marked do not touch and will be skipped in global connections.
[WARNING ODB-0383] vs_1_21 is marked do not touch and will be skipped in global connections.
[WARNING ODB-0383] vs_1_22 is marked do not touch and will be skipped in global connections.
[WARNING ODB-0383] vs_1_23 is marked do not touch and will be skipped in global connections.
[WARNING ODB-0383] vs_1_24 is marked do not touch and will be skipped in global connections.
[WARNING ODB-0383] vs_1_25 is marked do not touch and will be skipped in global connections.
[WARNING ODB-0383] vs_1_26 is marked do not touch and will be skipped in global connections.
[WARNING ODB-0383] vs_1_27 is marked do not touch and will be skipped in global connections.
[WARNING ODB-0383] vs_1_28 is marked do not touch and will be skipped in global connections.
[WARNING ODB-0383] vs_1_29 is marked do not touch and will be skipped in global connections.
[WARNING ODB-0383] vs_1_3 is marked do not touch and will be skipped in global connections.
[WARNING ODB-0383] vs_1_30 is marked do not touch and will be skipped in global connections.
[WARNING ODB-0383] vs_1_31 is marked do not touch and will be skipped in global connections.
[WARNING ODB-0383] vs_1_32 is marked do not touch and will be skipped in global connections.
[WARNING ODB-0383] vs_1_33 is marked do not touch and will be skipped in global connections.
[WARNING ODB-0383] vs_1_34 is marked do not touch and will be skipped in global connections.
[WARNING ODB-0383] vs_1_35 is marked do not touch and will be skipped in global connections.
[WARNING ODB-0383] vs_1_36 is marked do not touch and will be skipped in global connections.
[WARNING ODB-0383] vs_1_37 is marked do not touch and will be skipped in global connections.
[WARNING ODB-0383] vs_1_38 is marked do not touch and will be skipped in global connections.
[WARNING ODB-0383] vs_1_39 is marked do not touch and will be skipped in global connections.
[WARNING ODB-0383] vs_1_4 is marked do not touch and will be skipped in global connections.
[WARNING ODB-0383] vs_1_40 is marked do not touch and will be skipped in global connections.
[WARNING ODB-0383] vs_1_41 is marked do not touch and will be skipped in global connections.
[WARNING ODB-0383] vs_1_42 is marked do not touch and will be skipped in global connections.
[WARNING ODB-0383] vs_1_43 is marked do not touch and will be skipped in global connections.
[WARNING ODB-0383] vs_1_44 is marked do not touch and will be skipped in global connections.
[WARNING ODB-0383] vs_1_45 is marked do not touch and will be skipped in global connections.
[WARNING ODB-0383] vs_1_46 is marked do not touch and will be skipped in global connections.
[WARNING ODB-0383] vs_1_47 is marked do not touch and will be skipped in global connections.
[WARNING ODB-0383] vs_1_48 is marked do not touch and will be skipped in global connections.
[WARNING ODB-0383] vs_1_49 is marked do not touch and will be skipped in global connections.
[WARNING ODB-0383] vs_1_5 is marked do not touch and will be skipped in global connections.
[WARNING ODB-0383] vs_1_50 is marked do not touch and will be skipped in global connections.
[WARNING ODB-0383] vs_1_51 is marked do not touch and will be skipped in global connections.
[WARNING ODB-0383] vs_1_52 is marked do not touch and will be skipped in global connections.
[WARNING ODB-0383] vs_1_53 is marked do not touch and will be skipped in global connections.
[WARNING ODB-0383] vs_1_54 is marked do not touch and will be skipped in global connections.
[WARNING ODB-0383] vs_1_55 is marked do not touch and will be skipped in global connections.
[WARNING ODB-0383] vs_1_56 is marked do not touch and will be skipped in global connections.
[WARNING ODB-0383] vs_1_57 is marked do not touch and will be skipped in global connections.
[WARNING ODB-0383] vs_1_58 is marked do not touch and will be skipped in global connections.
[WARNING ODB-0383] vs_1_59 is marked do not touch and will be skipped in global connections.
[WARNING ODB-0383] vs_1_6 is marked do not touch and will be skipped in global connections.
[WARNING ODB-0383] vs_1_60 is marked do not touch and will be skipped in global connections.
[WARNING ODB-0383] vs_1_61 is marked do not touch and will be skipped in global connections.
[WARNING ODB-0383] vs_1_62 is marked do not touch and will be skipped in global connections.
[WARNING ODB-0383] vs_1_63 is marked do not touch and will be skipped in global connections.
[WARNING ODB-0383] vs_1_7 is marked do not touch and will be skipped in global connections.
[WARNING ODB-0383] vs_1_8 is marked do not touch and will be skipped in global connections.
[WARNING ODB-0383] vs_1_9 is marked do not touch and will be skipped in global connections.
[WARNING ODB-0383] vs_20_0 is marked do not touch and will be skipped in global connections.
[WARNING ODB-0383] vs_20_1 is marked do not touch and will be skipped in global connections.
[WARNING ODB-0383] vs_20_10 is marked do not touch and will be skipped in global connections.
[WARNING ODB-0383] vs_20_11 is marked do not touch and will be skipped in global connections.
[WARNING ODB-0383] vs_20_12 is marked do not touch and will be skipped in global connections.
[WARNING ODB-0383] vs_20_13 is marked do not touch and will be skipped in global connections.
[WARNING ODB-0383] vs_20_14 is marked do not touch and will be skipped in global connections.
[WARNING ODB-0383] vs_20_15 is marked do not touch and will be skipped in global connections.
[WARNING ODB-0383] vs_20_16 is marked do not touch and will be skipped in global connections.
[WARNING ODB-0383] vs_20_17 is marked do not touch and will be skipped in global connections.
[WARNING ODB-0383] vs_20_18 is marked do not touch and will be skipped in global connections.
[WARNING ODB-0383] vs_20_19 is marked do not touch and will be skipped in global connections.
[WARNING ODB-0383] vs_20_2 is marked do not touch and will be skipped in global connections.
[WARNING ODB-0383] vs_20_20 is marked do not touch and will be skipped in global connections.
[WARNING ODB-0383] vs_20_21 is marked do not touch and will be skipped in global connections.
[WARNING ODB-0383] vs_20_22 is marked do not touch and will be skipped in global connections.
[WARNING ODB-0383] vs_20_23 is marked do not touch and will be skipped in global connections.
[WARNING ODB-0383] vs_20_24 is marked do not touch and will be skipped in global connections.
[WARNING ODB-0383] vs_20_25 is marked do not touch and will be skipped in global connections.
[WARNING ODB-0383] vs_20_26 is marked do not touch and will be skipped in global connections.
[WARNING ODB-0383] vs_20_27 is marked do not touch and will be skipped in global connections.
[WARNING ODB-0383] vs_20_28 is marked do not touch and will be skipped in global connections.
[WARNING ODB-0383] vs_20_29 is marked do not touch and will be skipped in global connections.
[WARNING ODB-0383] vs_20_3 is marked do not touch and will be skipped in global connections.
[WARNING ODB-0383] vs_20_30 is marked do not touch and will be skipped in global connections.
[WARNING ODB-0383] vs_20_31 is marked do not touch and will be skipped in global connections.
[WARNING ODB-0383] vs_20_32 is marked do not touch and will be skipped in global connections.
[WARNING ODB-0383] vs_20_33 is marked do not touch and will be skipped in global connections.
[WARNING ODB-0383] vs_20_34 is marked do not touch and will be skipped in global connections.
[WARNING ODB-0383] vs_20_35 is marked do not touch and will be skipped in global connections.
[WARNING ODB-0383] vs_20_36 is marked do not touch and will be skipped in global connections.
[WARNING ODB-0383] vs_20_37 is marked do not touch and will be skipped in global connections.
[WARNING ODB-0383] vs_20_38 is marked do not touch and will be skipped in global connections.
[WARNING ODB-0383] vs_20_39 is marked do not touch and will be skipped in global connections.
[WARNING ODB-0383] vs_20_4 is marked do not touch and will be skipped in global connections.
[WARNING ODB-0383] vs_20_40 is marked do not touch and will be skipped in global connections.
[WARNING ODB-0383] vs_20_41 is marked do not touch and will be skipped in global connections.
[WARNING ODB-0383] vs_20_42 is marked do not touch and will be skipped in global connections.
[WARNING ODB-0383] vs_20_43 is marked do not touch and will be skipped in global connections.
[WARNING ODB-0383] vs_20_44 is marked do not touch and will be skipped in global connections.
[WARNING ODB-0383] vs_20_45 is marked do not touch and will be skipped in global connections.
[WARNING ODB-0383] vs_20_46 is marked do not touch and will be skipped in global connections.
[WARNING ODB-0383] vs_20_47 is marked do not touch and will be skipped in global connections.
[WARNING ODB-0383] vs_20_48 is marked do not touch and will be skipped in global connections.
[WARNING ODB-0383] vs_20_49 is marked do not touch and will be skipped in global connections.
[WARNING ODB-0383] vs_20_5 is marked do not touch and will be skipped in global connections.
[WARNING ODB-0383] vs_20_50 is marked do not touch and will be skipped in global connections.
[WARNING ODB-0383] vs_20_51 is marked do not touch and will be skipped in global connections.
[WARNING ODB-0383] vs_20_52 is marked do not touch and will be skipped in global connections.
[WARNING ODB-0383] vs_20_53 is marked do not touch and will be skipped in global connections.
[WARNING ODB-0383] vs_20_54 is marked do not touch and will be skipped in global connections.
[WARNING ODB-0383] vs_20_55 is marked do not touch and will be skipped in global connections.
[WARNING ODB-0383] vs_20_56 is marked do not touch and will be skipped in global connections.
[WARNING ODB-0383] vs_20_57 is marked do not touch and will be skipped in global connections.
[WARNING ODB-0383] vs_20_58 is marked do not touch and will be skipped in global connections.
[WARNING ODB-0383] vs_20_59 is marked do not touch and will be skipped in global connections.
[WARNING ODB-0383] vs_20_6 is marked do not touch and will be skipped in global connections.
[WARNING ODB-0383] vs_20_60 is marked do not touch and will be skipped in global connections.
[WARNING ODB-0383] vs_20_61 is marked do not touch and will be skipped in global connections.
[WARNING ODB-0383] vs_20_62 is marked do not touch and will be skipped in global connections.
[WARNING ODB-0383] vs_20_63 is marked do not touch and will be skipped in global connections.
[WARNING ODB-0383] vs_20_7 is marked do not touch and will be skipped in global connections.
[WARNING ODB-0383] vs_20_8 is marked do not touch and will be skipped in global connections.
[WARNING ODB-0383] vs_20_9 is marked do not touch and will be skipped in global connections.
[WARNING ODB-0383] vs_21_0 is marked do not touch and will be skipped in global connections.
[WARNING ODB-0383] vs_21_1 is marked do not touch and will be skipped in global connections.
[WARNING ODB-0383] vs_21_10 is marked do not touch and will be skipped in global connections.
[WARNING ODB-0383] vs_21_11 is marked do not touch and will be skipped in global connections.
[WARNING ODB-0383] vs_21_12 is marked do not touch and will be skipped in global connections.
[WARNING ODB-0383] vs_21_13 is marked do not touch and will be skipped in global connections.
[WARNING ODB-0383] vs_21_14 is marked do not touch and will be skipped in global connections.
[WARNING ODB-0383] vs_21_15 is marked do not touch and will be skipped in global connections.
[WARNING ODB-0383] vs_21_16 is marked do not touch and will be skipped in global connections.
[WARNING ODB-0383] vs_21_17 is marked do not touch and will be skipped in global connections.
[WARNING ODB-0383] vs_21_18 is marked do not touch and will be skipped in global connections.
[WARNING ODB-0383] vs_21_19 is marked do not touch and will be skipped in global connections.
[WARNING ODB-0383] vs_21_2 is marked do not touch and will be skipped in global connections.
[WARNING ODB-0383] vs_21_20 is marked do not touch and will be skipped in global connections.
[WARNING ODB-0383] vs_21_21 is marked do not touch and will be skipped in global connections.
[WARNING ODB-0383] vs_21_22 is marked do not touch and will be skipped in global connections.
[WARNING ODB-0383] vs_21_23 is marked do not touch and will be skipped in global connections.
[WARNING ODB-0383] vs_21_24 is marked do not touch and will be skipped in global connections.
[WARNING ODB-0383] vs_21_25 is marked do not touch and will be skipped in global connections.
[WARNING ODB-0383] vs_21_26 is marked do not touch and will be skipped in global connections.
[WARNING ODB-0383] vs_21_27 is marked do not touch and will be skipped in global connections.
[WARNING ODB-0383] vs_21_28 is marked do not touch and will be skipped in global connections.
[WARNING ODB-0383] vs_21_29 is marked do not touch and will be skipped in global connections.
[WARNING ODB-0383] vs_21_3 is marked do not touch and will be skipped in global connections.
[WARNING ODB-0383] vs_21_30 is marked do not touch and will be skipped in global connections.
[WARNING ODB-0383] vs_21_31 is marked do not touch and will be skipped in global connections.
[WARNING ODB-0383] vs_21_32 is marked do not touch and will be skipped in global connections.
[WARNING ODB-0383] vs_21_33 is marked do not touch and will be skipped in global connections.
[WARNING ODB-0383] vs_21_34 is marked do not touch and will be skipped in global connections.
[WARNING ODB-0383] vs_21_35 is marked do not touch and will be skipped in global connections.
[WARNING ODB-0383] vs_21_36 is marked do not touch and will be skipped in global connections.
[WARNING ODB-0383] vs_21_37 is marked do not touch and will be skipped in global connections.
[WARNING ODB-0383] vs_21_38 is marked do not touch and will be skipped in global connections.
[WARNING ODB-0383] vs_21_39 is marked do not touch and will be skipped in global connections.
[WARNING ODB-0383] vs_21_4 is marked do not touch and will be skipped in global connections.
[WARNING ODB-0383] vs_21_40 is marked do not touch and will be skipped in global connections.
[WARNING ODB-0383] vs_21_41 is marked do not touch and will be skipped in global connections.
[WARNING ODB-0383] vs_21_42 is marked do not touch and will be skipped in global connections.
[WARNING ODB-0383] vs_21_43 is marked do not touch and will be skipped in global connections.
[WARNING ODB-0383] vs_21_44 is marked do not touch and will be skipped in global connections.
[WARNING ODB-0383] message limit (1000) reached. This message will no longer print.
[INFO PDN-0001] Inserting grid: grid
[INFO PDN-0500] Runtime: 0.12s
Design area 366189 um^2 62% utilization.
write_db /work/orfs/results/sky130hd/g2_g1s_u60/base/2_4_floorplan_pdn.odb
Elapsed time: 0:01.54[h:]min:sec. CPU time: user 0.94 sys 0.08 (66%). Peak memory: 146136KB.
Log                       Ext     Elapsed/s Peak Memory/MB sha1sum result [0:20)
2_4_floorplan_pdn         .odb            1            142 a7fd151e34919656b00e
cp /work/orfs/results/sky130hd/g2_g1s_u60/base/2_4_floorplan_pdn.odb /work/orfs/results/sky130hd/g2_g1s_u60/base/2_floorplan.odb
cp /work/orfs/results/sky130hd/g2_g1s_u60/base/2_1_floorplan.sdc /work/orfs/results/sky130hd/g2_g1s_u60/base/2_floorplan.sdc
/OpenROAD-flow-scripts/flow/scripts/flow.sh 3_1_place_gp_skip_io global_place_skip_io
Running global_place_skip_io.tcl, stage 3_1_place_gp_skip_io
read_liberty /OpenROAD-flow-scripts/flow/platforms/sky130hd/lib/sky130_fd_sc_hd__tt_025C_1v80.lib
read_liberty /work/cells/g2_cells.lib
read_db /work/orfs/results/sky130hd/g2_g1s_u60/base/2_floorplan.odb
read_sdc /work/orfs/results/sky130hd/g2_g1s_u60/base/2_floorplan.sdc
source /OpenROAD-flow-scripts/flow/platforms/sky130hd/setRC.tcl
global_placement -skip_io -density 0.6 -pad_left 0 -pad_right 0
[INFO GPL-0001] ---- Initialize GPL Main Data Structures
[INFO GPL-0002] DBU: 1000
[INFO GPL-0003] SiteSize: (  0.460  2.720 ) um
[INFO GPL-0004] CoreBBox: (  2.300  2.720 ) ( 771.880 769.760 ) um
[INFO GPL-0016] Core area:                  590298.643 um^2
[INFO GPL-0036] Movable instances area:     356416.832 um^2
[INFO GPL-0037] Total instances area:       366188.704 um^2
[INFO GPL-0035] Pin density area adjust:      3415.699 um^2
[INFO GPL-0032] ---- Initialize Region: Top-level
[INFO GPL-0006] Number of instances:             32899
[INFO GPL-0007] Movable instances:               25089
[INFO GPL-0008] Fixed instances:                  7810
[INFO GPL-0009] Dummy instances:                     0
[INFO GPL-0010] Number of nets:                  25027
[INFO GPL-0011] Number of pins:                  74883
[INFO GPL-0012] Die BBox:       (  0.000  0.000 ) ( 774.240 774.240 ) um
[INFO GPL-0013] Placement BBox: (  2.300  2.720 ) ( 771.880 769.760 ) um
[INFO GPL-0014] Region name: top-level.
[INFO GPL-0015] Region area:                590298.643 um^2
[INFO GPL-0017] Fixed instances area:         9771.872 um^2
[INFO GPL-0018] Movable instances area:     359832.531 um^2
[INFO GPL-0019] Utilization:                    61.984 %
[INFO GPL-0020] Standard cells area:        359832.531 um^2
[INFO GPL-0021] Large instances area:            0.000 um^2
[INFO GPL-0005] ---- Execute Conjugate Gradient Initial Placement.
[INFO GPL-0051] Source of initial instance position counters:
	Odb location = 0	Core center = 25089	Region center = 0
[INFO GPL-0033] ---- Initialize Nesterov Region: Top-level
[WARNING GPL-0302] Target density 0.6000 is too low for the available free area.
Automatically adjusting to uniform density 0.6200.
[INFO GPL-0023] Placement target density:       0.6200
[INFO GPL-0024] Movable insts average area:     14.342 um^2
[INFO GPL-0025] Ideal bin area:                 23.133 um^2
[INFO GPL-0026] Ideal bin count:                 25517
[INFO GPL-0027] Total bin area:             590298.643 um^2
[INFO GPL-0028] Bin count (X, Y):         128 ,    128
[INFO GPL-0029] Bin size (W * H):       6.012 *  5.992 um
[INFO GPL-0030] Number of bins:                  16384
[INFO GPL-0084] ---- Execute Nesterov Global Placement.
[INFO GPL-0031] HPWL: Half-Perimeter Wirelength
Iteration | Overflow |     HPWL (um) |  HPWL(%) |   Penalty | Group
---------------------------------------------------------------
        0 |   0.9996 |  8.794402e+04 |   +0.00% |  7.87e-16 |      
       10 |   0.9993 |  7.712067e+04 |  -12.31% |  1.28e-15 |      
       20 |   0.9993 |  7.682527e+04 |   -0.38% |  2.09e-15 |      
       30 |   0.9993 |  7.677152e+04 |   -0.07% |  3.40e-15 |      
       40 |   0.9993 |  7.683524e+04 |   +0.08% |  5.54e-15 |      
       50 |   0.9993 |  7.689284e+04 |   +0.07% |  9.03e-15 |      
       60 |   0.9993 |  7.695633e+04 |   +0.08% |  1.47e-14 |      
       70 |   0.9991 |  7.713696e+04 |   +0.23% |  2.40e-14 |      
       80 |   0.9990 |  7.767956e+04 |   +0.70% |  3.90e-14 |      
       90 |   0.9988 |  7.942499e+04 |   +2.25% |  6.35e-14 |      
      100 |   0.9981 |  8.472020e+04 |   +6.67% |  1.03e-13 |      
      110 |   0.9966 |  9.730610e+04 |  +14.86% |  1.68e-13 |      
      120 |   0.9919 |  1.078987e+05 |  +10.89% |  2.74e-13 |      
      130 |   0.9838 |  1.099302e+05 |   +1.88% |  4.46e-13 |      
      140 |   0.9698 |  1.036584e+05 |   -5.71% |  7.26e-13 |      
      150 |   0.9520 |  1.004188e+05 |   -3.13% |  1.18e-12 |      
      160 |   0.9394 |  9.848479e+04 |   -1.93% |  1.93e-12 |      
      170 |   0.9343 |  9.818875e+04 |   -0.30% |  3.14e-12 |      
      180 |   0.9177 |  1.022914e+05 |   +4.18% |  5.11e-12 |      
      190 |   0.8976 |  1.073842e+05 |   +4.98% |  8.31e-12 |      
      200 |   0.8792 |  1.111743e+05 |   +3.53% |  1.35e-11 |      
      210 |   0.8483 |  1.161450e+05 |   +4.47% |  2.20e-11 |      
      220 |   0.8042 |  1.216087e+05 |   +4.70% |  3.59e-11 |      
      230 |   0.7697 |  1.230192e+05 |   +1.16% |  5.84e-11 |      
      240 |   0.7196 |  1.256832e+05 |   +2.17% |  9.51e-11 |      
      250 |   0.6706 |  1.334194e+05 |   +6.16% |  1.55e-10 |      
      260 |   0.6311 |  1.426217e+05 |   +6.90% |  2.52e-10 |      
      270 |   0.5899 |  1.460569e+05 |   +2.41% |  4.10e-10 |      
      280 |   0.5435 |  1.453658e+05 |   -0.47% |  6.68e-10 |      
      290 |   0.5039 |  1.544517e+05 |   +6.25% |  1.09e-09 |      
      300 |   0.4720 |  1.549203e+05 |   +0.30% |  1.77e-09 |      
      310 |   0.4317 |  1.606657e+05 |   +3.71% |  2.88e-09 |      
      320 |   0.3989 |  1.569153e+05 |   -2.33% |  4.69e-09 |      
      330 |   0.3572 |  1.618285e+05 |   +3.13% |  7.64e-09 |      
      340 |   0.3133 |  1.613643e+05 |   -0.29% |  1.16e-08 |      
      350 |   0.2852 |  1.589113e+05 |   -1.52% |  1.71e-08 |      
      360 |   0.2615 |  1.590002e+05 |   +0.06% |  2.51e-08 |      
      370 |   0.2372 |  1.587502e+05 |   -0.16% |  3.70e-08 |      
      380 |   0.2138 |  1.585842e+05 |   -0.10% |  5.46e-08 |      
      390 |   0.1952 |  1.588688e+05 |   +0.18% |  8.04e-08 |      
      400 |   0.1788 |  1.594531e+05 |   +0.37% |  1.18e-07 |      
      410 |   0.1631 |  1.598990e+05 |   +0.28% |  1.74e-07 |      
      420 |   0.1471 |  1.604368e+05 |   +0.34% |  2.57e-07 |      
      430 |   0.1295 |  1.609425e+05 |   +0.32% |  3.78e-07 |      
      440 |   0.1144 |  1.613993e+05 |   +0.28% |  5.57e-07 |      
      449 |   0.0992 |  1.619983e+05 |          |  8.21e-07 |      
---------------------------------------------------------------
[INFO GPL-1001] Global placement finished at iteration 449
[INFO GPL-1002] Placed Cell Area            359832.5310
[INFO GPL-1003] Available Free Area         580526.7712
[INFO GPL-1004] Minimum Feasible Density        0.6200 (cell_area / free_area)
[INFO GPL-1006]   Suggested Target Densities:
[INFO GPL-1007]     - For 90% usage of free space: 0.6887
[INFO GPL-1008]     - For 80% usage of free space: 0.7748
[INFO GPL-1014] Final placement area: 359832.53 (+0.00%)
[INFO GPL-1018] Final HPWL (um): 165146.35
Took 8 seconds: global_placement -skip_io -density 0.6 -pad_left 0 -pad_right 0
Design area 366189 um^2 62% utilization.
write_db /work/orfs/results/sky130hd/g2_g1s_u60/base/3_1_place_gp_skip_io.odb
Elapsed time: 0:09.55[h:]min:sec. CPU time: user 6.35 sys 0.22 (68%). Peak memory: 178088KB.
Log                       Ext     Elapsed/s Peak Memory/MB sha1sum result [0:20)
3_1_place_gp_skip_io      .odb            9            173 b18f3ff75bfadf19552d
/OpenROAD-flow-scripts/flow/scripts/flow.sh 3_2_place_iop io_placement
Running io_placement.tcl, stage 3_2_place_iop
read_liberty /OpenROAD-flow-scripts/flow/platforms/sky130hd/lib/sky130_fd_sc_hd__tt_025C_1v80.lib
read_liberty /work/cells/g2_cells.lib
read_db /work/orfs/results/sky130hd/g2_g1s_u60/base/3_1_place_gp_skip_io.odb
read_sdc /work/orfs/results/sky130hd/g2_g1s_u60/base/2_floorplan.sdc
source /OpenROAD-flow-scripts/flow/platforms/sky130hd/setRC.tcl
place_pins -hor_layers met3 -ver_layers met2
Found 0 macro blocks.
Using 2 tracks default min distance between IO pins.
[INFO PPL-0001] Number of available slots 2810
[INFO PPL-0002] Number of I/O             130
[INFO PPL-0003] Number of I/O w/sink      130
[INFO PPL-0004] Number of I/O w/o sink    0
[INFO PPL-0005] Slots per section         200
[INFO PPL-0008] Successfully assigned pins to sections.
[INFO PPL-0012] I/O nets HPWL: 19956.55 um.
Design area 366189 um^2 62% utilization.
write_db /work/orfs/results/sky130hd/g2_g1s_u60/base/3_2_place_iop.odb
Elapsed time: 0:00.85[h:]min:sec. CPU time: user 0.49 sys 0.08 (67%). Peak memory: 142444KB.
Log                       Ext     Elapsed/s Peak Memory/MB sha1sum result [0:20)
3_2_place_iop             .odb            0            139 8011b10f80f97ba410d4
/OpenROAD-flow-scripts/flow/scripts/flow.sh 3_3_place_gp global_place
Running global_place.tcl, stage 3_3_place_gp
read_liberty /OpenROAD-flow-scripts/flow/platforms/sky130hd/lib/sky130_fd_sc_hd__tt_025C_1v80.lib
read_liberty /work/cells/g2_cells.lib
read_db /work/orfs/results/sky130hd/g2_g1s_u60/base/3_2_place_iop.odb
read_sdc /work/orfs/results/sky130hd/g2_g1s_u60/base/2_floorplan.sdc
source /OpenROAD-flow-scripts/flow/platforms/sky130hd/setRC.tcl
[INFO RSZ-0026] Removed 0 buffers.
Perform port buffering...
[INFO RSZ-0027] Inserted 65 sky130_fd_sc_hd__clkdlybuf4s50_1 input buffers.
[INFO RSZ-0028] Inserted 64 sky130_fd_sc_hd__clkdlybuf4s50_1 output buffers.
global_placement -density 0.6 -pad_left 0 -pad_right 0 -routability_driven -timing_driven -force_center_initial_place -min_phi_coef 0.95 -max_phi_coef 1.05
[INFO GPL-0001] ---- Initialize GPL Main Data Structures
[INFO GPL-0002] DBU: 1000
[INFO GPL-0003] SiteSize: (  0.460  2.720 ) um
[INFO GPL-0004] CoreBBox: (  2.300  2.720 ) ( 771.880 769.760 ) um
[INFO GPL-0016] Core area:                  590298.643 um^2
[INFO GPL-0036] Movable instances area:     357708.070 um^2
[INFO GPL-0037] Total instances area:       367479.942 um^2
[INFO GPL-0035] Pin density area adjust:      3415.699 um^2
[INFO GPL-0032] ---- Initialize Region: Top-level
[INFO GPL-0006] Number of instances:             33028
[INFO GPL-0007] Movable instances:               25218
[INFO GPL-0008] Fixed instances:                  7810
[INFO GPL-0009] Dummy instances:                     0
[INFO GPL-0010] Number of nets:                  25156
[INFO GPL-0011] Number of pins:                  75271
[INFO GPL-0012] Die BBox:       (  0.000  0.000 ) ( 774.240 774.240 ) um
[INFO GPL-0013] Placement BBox: (  2.300  2.720 ) ( 771.880 769.760 ) um
[INFO GPL-0014] Region name: top-level.
[INFO GPL-0015] Region area:                590298.643 um^2
[INFO GPL-0017] Fixed instances area:         9771.872 um^2
[INFO GPL-0018] Movable instances area:     361123.769 um^2
[INFO GPL-0019] Utilization:                    62.206 %
[INFO GPL-0020] Standard cells area:        361123.769 um^2
[INFO GPL-0021] Large instances area:            0.000 um^2
[INFO GPL-0005] ---- Execute Conjugate Gradient Initial Placement.
[INFO GPL-0051] Source of initial instance position counters:
	Odb location = 0	Core center = 25218	Region center = 0
[InitialPlace]  Iter: 1 conjugate gradient residual: 0.00618704 HPWL: 397887611
[InitialPlace]  Iter: 2 conjugate gradient residual: 0.00065247 HPWL: 338363396
[InitialPlace]  Iter: 3 conjugate gradient residual: 0.00022015 HPWL: 324081746
[InitialPlace]  Iter: 4 conjugate gradient residual: 0.00023582 HPWL: 309689281
[InitialPlace]  Iter: 5 conjugate gradient residual: 0.00017435 HPWL: 303641449
[InitialPlace]  Iter: 6 conjugate gradient residual: 0.00011882 HPWL: 300161949
[InitialPlace]  Iter: 7 conjugate gradient residual: 0.00005987 HPWL: 298086679
[InitialPlace]  Iter: 8 conjugate gradient residual: 0.00001192 HPWL: 296700681
[InitialPlace]  Iter: 9 conjugate gradient residual: 0.00000378 HPWL: 292872826
[INFO GPL-0033] ---- Initialize Nesterov Region: Top-level
[WARNING GPL-0302] Target density 0.6000 is too low for the available free area.
Automatically adjusting to uniform density 0.6300.
[INFO GPL-0023] Placement target density:       0.6300
[INFO GPL-0024] Movable insts average area:     14.320 um^2
[INFO GPL-0025] Ideal bin area:                 22.730 um^2
[INFO GPL-0026] Ideal bin count:                 25969
[INFO GPL-0027] Total bin area:             590298.643 um^2
[INFO GPL-0028] Bin count (X, Y):         128 ,    128
[INFO GPL-0029] Bin size (W * H):       6.012 *  5.992 um
[INFO GPL-0030] Number of bins:                  16384
[INFO GPL-0084] ---- Execute Nesterov Global Placement.
[INFO GPL-0031] HPWL: Half-Perimeter Wirelength
Iteration | Overflow |     HPWL (um) |  HPWL(%) |   Penalty | Group
---------------------------------------------------------------
        0 |   0.9772 |  8.584392e+04 |   +0.00% |  9.12e-16 |      
       10 |   0.9741 |  8.197172e+04 |   -4.51% |  1.48e-15 |      
       20 |   0.9739 |  8.274923e+04 |   +0.95% |  2.42e-15 |      
       30 |   0.9712 |  8.324656e+04 |   +0.60% |  3.94e-15 |      
       40 |   0.9665 |  8.365345e+04 |   +0.49% |  6.41e-15 |      
       50 |   0.9684 |  8.405738e+04 |   +0.48% |  1.04e-14 |      
       60 |   0.9641 |  8.458529e+04 |   +0.63% |  1.70e-14 |      
       70 |   0.9638 |  8.518749e+04 |   +0.71% |  2.77e-14 |      
       80 |   0.9588 |  8.588833e+04 |   +0.82% |  4.51e-14 |      
       90 |   0.9557 |  8.663983e+04 |   +0.87% |  7.35e-14 |      
      100 |   0.9547 |  8.742190e+04 |   +0.90% |  1.20e-13 |      
      110 |   0.9510 |  8.829170e+04 |   +0.99% |  1.95e-13 |      
      120 |   0.9477 |  8.925601e+04 |   +1.09% |  3.18e-13 |      
      130 |   0.9450 |  9.034684e+04 |   +1.22% |  5.17e-13 |      
      140 |   0.9419 |  9.166256e+04 |   +1.46% |  8.42e-13 |      
      150 |   0.9368 |  9.334635e+04 |   +1.84% |  1.37e-12 |      
      160 |   0.9313 |  9.559779e+04 |   +2.41% |  2.23e-12 |      
      170 |   0.9249 |  9.871499e+04 |   +3.26% |  3.64e-12 |      
      180 |   0.9163 |  1.033537e+05 |   +4.70% |  5.92e-12 |      
      190 |   0.9043 |  1.102828e+05 |   +6.70% |  9.64e-12 |      
      200 |   0.8783 |  1.200302e+05 |   +8.84% |  1.57e-11 |      
      210 |   0.8376 |  1.314718e+05 |   +9.53% |  2.55e-11 |      
      220 |   0.7946 |  1.430476e+05 |   +8.80% |  4.15e-11 |      
      230 |   0.7535 |  1.515456e+05 |   +5.94% |  6.76e-11 |      
      240 |   0.7103 |  1.585159e+05 |   +4.60% |  1.10e-10 |      
      250 |   0.6613 |  1.630304e+05 |   +2.85% |  1.79e-10 |      
[INFO GPL-0100] Timing-driven iteration 1/2, virtual: false.
[INFO GPL-0101]    Iter: 257, overflow: 0.632, keep resizer changes at: 1, HPWL: 164030766
Iteration |   Area    | Resized | Buffers | Nets repaired | Remaining
---------------------------------------------------------------------
        0 |     +0.0% |       0 |       0 |             0 |     25284
    final |     +0.1% |      37 |      51 |             2 |         0
---------------------------------------------------------------------
[INFO RSZ-0034] Found 2 slew violations.
[INFO RSZ-0035] Found 2 fanout violations.
[INFO RSZ-0039] Resized 37 instances.
[INFO RSZ-0038] Inserted 51 buffers in 2 nets.
   Iter   |    Area   | Removed | Inserted |   Pins
          |           | Buffers | Buffers  | Remaining
-------------------------------------------------------
        0 |     +0.0% |       0 |        0 |     20994
     2000 |     +0.0% |       0 |        0 |     18994
     4000 |     +0.0% |       0 |        0 |     16994
     6000 |     +0.0% |       0 |        0 |     14994
     8000 |     +0.0% |       0 |        0 |     12994
    10000 |     +1.5% |       0 |      711 |     10994
    12000 |     +2.7% |       0 |     1336 |      8994
    14000 |     +2.9% |      50 |     1427 |      6994
    16000 |     +2.9% |      50 |     1427 |      4994
    18000 |     +2.9% |      50 |     1427 |      2994
    20000 |     +2.9% |      50 |     1427 |       994
    final |     +2.9% |      51 |     1428 |         0
-------------------------------------------------------
[INFO GPL-0106] Timing-driven: worst slack 1.0279267e-09
[INFO GPL-0107] Timing-driven: repair_design delta area: 11158.201 um^2 (+3.09%)
[INFO GPL-0108] Timing-driven: repair_design, gpl delta gcells: 1428 (+5.66%)
[INFO GPL-0109] Timing-driven: repair_design, gcells created: 1479, deleted: 51
[INFO GPL-0110] Timing-driven: new target density: 0.64922076
Iteration | Overflow |     HPWL (um) |  HPWL(%) |   Penalty | Group
---------------------------------------------------------------
      260 |   0.6125 |  1.932872e+05 |  +18.56% |  2.91e-10 |      
      270 |   0.6047 |  1.913507e+05 |   -1.00% |  4.73e-10 |      
[INFO GPL-0038] Routability snapshot saved at iter = 277
      276 |   0.5997 |  1.950567e+05 |          |           |      
      280 |   0.5832 |  1.983571e+05 |   +3.66% |  7.70e-10 |      
      290 |   0.5224 |  2.046221e+05 |   +3.16% |  1.25e-09 |      
      300 |   0.4764 |  2.090909e+05 |   +2.18% |  2.04e-09 |      
      310 |   0.4483 |  2.092138e+05 |   +0.06% |  3.32e-09 |      
      320 |   0.4161 |  2.097016e+05 |   +0.23% |  5.41e-09 |      
      330 |   0.3783 |  2.104802e+05 |   +0.37% |  8.82e-09 |      
      340 |   0.3451 |  2.090241e+05 |   -0.69% |  1.44e-08 |      
      350 |   0.3014 |  2.080117e+05 |   -0.48% |  2.12e-08 |      
[INFO GPL-0040] Routability iteration: 1
[WARNING GRT-0281] Net clk has a large fanout of 8578 terminals.
[INFO GPL-0088] Tiles the placer can act on: 7593 of 12544 (60.53%)
[INFO GPL-0041] Total routing overflow: 1.5458
[INFO GPL-0042] Number of overflowed tiles: 8 (0.11%)
[INFO GPL-0043] Average top 0.5% routing congestion: 0.8994
[INFO GPL-0044] Average top 1.0% routing congestion: 0.7730
[INFO GPL-0045] Average top 2.0% routing congestion: 0.6572
[INFO GPL-0046] Average top 5.0% routing congestion: 0.5197
[INFO GPL-0047] Routability iteration weighted routing congestion: 0.8362
[INFO GPL-0050] Weighted routing congestion is lower than target routing congestion(1.0100), end routability optimization.
[INFO GPL-0090] Routability finished. Target routing congestion achieved succesfully.
Iteration | Overflow |     HPWL (um) |  HPWL(%) |   Penalty | Group
---------------------------------------------------------------
      360 |   0.2691 |  2.069557e+05 |   -0.51% |  3.12e-08 |      
      370 |   0.2463 |  2.054399e+05 |   -0.73% |  4.59e-08 |      
      380 |   0.2211 |  2.048683e+05 |   -0.28% |  6.76e-08 |      
      390 |   0.1989 |  2.041437e+05 |   -0.35% |  9.96e-08 |      
[INFO GPL-0100] Timing-driven iteration 2/2, virtual: false.
[INFO GPL-0101]    Iter: 393, overflow: 0.195, keep resizer changes at: 1, HPWL: 204101773
Iteration |   Area    | Resized | Buffers | Nets repaired | Remaining
---------------------------------------------------------------------
        0 |     +0.0% |       0 |       0 |             0 |     26712
    final |     +0.0% |       0 |       0 |             0 |         0
---------------------------------------------------------------------
   Iter   |    Area   | Removed | Inserted |   Pins
          |           | Buffers | Buffers  | Remaining
-------------------------------------------------------
        0 |     +0.0% |       0 |        0 |     20994
     2000 |     +0.0% |       0 |        0 |     18994
     4000 |     +0.0% |       0 |        0 |     16994
     6000 |     +0.0% |       0 |        0 |     14994
     8000 |     +0.0% |       0 |        0 |     12994
    10000 |     -1.4% |     711 |        0 |     10994
    12000 |     -2.6% |    1336 |        0 |      8994
    14000 |     -2.6% |    1427 |       95 |      6994
    16000 |     -2.6% |    1427 |       95 |      4994
    18000 |     -2.6% |    1427 |       95 |      2994
    20000 |     -2.6% |    1427 |       95 |       994
    final |     -2.6% |    1428 |       97 |         0
-------------------------------------------------------
[INFO GPL-0106] Timing-driven: worst slack 1.0282685e-09
[INFO GPL-0107] Timing-driven: repair_design delta area: -9904.499 um^2 (-2.66%)
[INFO GPL-0108] Timing-driven: repair_design, gpl delta gcells: -1331 (-5.00%)
[INFO GPL-0109] Timing-driven: repair_design, gcells created: 97, deleted: 1428
[INFO GPL-0110] Timing-driven: new target density: 0.6321596
Iteration | Overflow |     HPWL (um) |  HPWL(%) |   Penalty | Group
---------------------------------------------------------------
      400 |   0.1801 |  2.104140e+05 |   +3.07% |  1.47e-07 |      
      410 |   0.1598 |  2.078018e+05 |   -1.24% |  2.16e-07 |      
      420 |   0.1438 |  2.062440e+05 |   -0.75% |  3.18e-07 |      
      430 |   0.1289 |  2.058073e+05 |   -0.21% |  4.68e-07 |      
      440 |   0.1137 |  2.060340e+05 |   +0.11% |  6.90e-07 |      
      450 |   0.1004 |  2.070948e+05 |   +0.51% |  1.02e-06 |      
      451 |   0.0991 |  2.071557e+05 |          |  1.10e-06 |      
---------------------------------------------------------------
[INFO GPL-1001] Global placement finished at iteration 451
[INFO GPL-1017] Routability mode iteration count: 74
[INFO GPL-1005] Routability final weighted congestion: 0.3575
[INFO GPL-1002] Placed Cell Area            362377.4718
[INFO GPL-1003] Available Free Area         580526.7712
[INFO GPL-1004] Minimum Feasible Density        0.6300 (cell_area / free_area)
[INFO GPL-1006]   Suggested Target Densities:
[INFO GPL-1007]     - For 90% usage of free space: 0.6936
[INFO GPL-1008]     - For 80% usage of free space: 0.7803
[INFO GPL-1011] Original area (um^2): 361123.77
[INFO GPL-1012] Total routability artificial inflation: 0.00 (+0.00%)
[INFO GPL-1013] Total timing-driven delta area: 1253.70 (+0.35%)
[INFO GPL-1014] Final placement area: 362377.47 (+0.35%)
[INFO GPL-1018] Final HPWL (um): 210352.01
Took 24 seconds: global_placement -density 0.6 -pad_left 0 -pad_right 0 -routability_driven -timing_driven -force_center_initial_place -min_phi_coef 0.95 -max_phi_coef 1.05
estimate_parasitics -placement
Report metrics stage 3, global place...

==========================================================================
global place report_design_area
--------------------------------------------------------------------------
Design area 368734 um^2 62% utilization.
write_db /work/orfs/results/sky130hd/g2_g1s_u60/base/3_3_place_gp.odb
Elapsed time: 0:29.32[h:]min:sec. CPU time: user 21.10 sys 0.55 (73%). Peak memory: 472092KB.
Log                       Ext     Elapsed/s Peak Memory/MB sha1sum result [0:20)
3_3_place_gp              .odb           29            461 da019b16278f14d02d19
/OpenROAD-flow-scripts/flow/scripts/flow.sh 3_4_place_resized resize
Running resize.tcl, stage 3_4_place_resized
read_liberty /OpenROAD-flow-scripts/flow/platforms/sky130hd/lib/sky130_fd_sc_hd__tt_025C_1v80.lib
read_liberty /work/cells/g2_cells.lib
read_db /work/orfs/results/sky130hd/g2_g1s_u60/base/3_3_place_gp.odb
read_sdc /work/orfs/results/sky130hd/g2_g1s_u60/base/2_floorplan.sdc
source /OpenROAD-flow-scripts/flow/platforms/sky130hd/setRC.tcl
estimate_parasitics -placement
Perform buffer insertion and gate resizing...
repair_design -verbose -match_cell_footprint
Iteration |   Area    | Resized | Buffers | Nets repaired | Remaining
---------------------------------------------------------------------
        0 |     +0.0% |       0 |       0 |             0 |     25381
     1000 |     +0.0% |       0 |       0 |             0 |     24381
     2000 |     +0.0% |       0 |       0 |             0 |     23381
     3000 |     +0.0% |       0 |       0 |             0 |     22381
     4000 |     +0.0% |       0 |       0 |             0 |     21381
     5000 |     +0.0% |       0 |       0 |             0 |     20381
     6000 |     +0.0% |       0 |       0 |             0 |     19381
     7000 |     +0.0% |       0 |       0 |             0 |     18381
     8000 |     +0.0% |       0 |       0 |             0 |     17381
     9000 |     +0.0% |       0 |       0 |             0 |     16381
    10000 |     +0.0% |       0 |       0 |             0 |     15381
    11000 |     +0.0% |       0 |       0 |             0 |     14381
    12000 |     +0.0% |       0 |       0 |             0 |     13381
    13000 |     +0.0% |       0 |       0 |             0 |     12381
    14000 |     +0.0% |       0 |       0 |             0 |     11381
    15000 |     +0.0% |       0 |       0 |             0 |     10381
    16000 |     +0.0% |       0 |       0 |             0 |      9381
    17000 |     +0.0% |       0 |       0 |             0 |      8381
    18000 |     +0.0% |       0 |       0 |             0 |      7381
    19000 |     +0.0% |       0 |       0 |             0 |      6381
    20000 |     +0.0% |       0 |       0 |             0 |      5381
    21000 |     +0.0% |       0 |       0 |             0 |      4381
    22000 |     +0.0% |       0 |       0 |             0 |      3381
    23000 |     +0.0% |       0 |       0 |             0 |      2381
    24000 |     +0.0% |       0 |       0 |             0 |      1381
    25000 |     +0.0% |       0 |       0 |             0 |       381
    final |     +0.0% |       0 |       0 |             0 |         0
---------------------------------------------------------------------
[INFO RSZ-0504] Runtime: 2.05s
Floating nets: 
[WARNING RSZ-0095] found 4096 floating pins.
Report metrics stage 3, resizer...

==========================================================================
resizer report_design_area
--------------------------------------------------------------------------
Design area 368734 um^2 62% utilization.
Instance count before 33125, after 33125
Pin count before 79559, after 79559
write_db /work/orfs/results/sky130hd/g2_g1s_u60/base/3_4_place_resized.odb
Elapsed time: 0:12.43[h:]min:sec. CPU time: user 8.33 sys 0.24 (68%). Peak memory: 315168KB.
Log                       Ext     Elapsed/s Peak Memory/MB sha1sum result [0:20)
3_4_place_resized         .odb           12            307 da019b16278f14d02d19
/OpenROAD-flow-scripts/flow/scripts/flow.sh 3_5_place_dp detail_place
Running detail_place.tcl, stage 3_5_place_dp
read_liberty /OpenROAD-flow-scripts/flow/platforms/sky130hd/lib/sky130_fd_sc_hd__tt_025C_1v80.lib
read_liberty /work/cells/g2_cells.lib
read_db /work/orfs/results/sky130hd/g2_g1s_u60/base/3_4_place_resized.odb
read_sdc /work/orfs/results/sky130hd/g2_g1s_u60/base/2_floorplan.sdc
source /OpenROAD-flow-scripts/flow/platforms/sky130hd/setRC.tcl
detailed_placement
[INFO DPL-0006] Core area: 590298.64 um^2
[INFO DPL-0007] Movable instances area: 358961.77 um^2
[INFO DPL-0008] Fixed instances area within core: 9771.87 um^2
[INFO DPL-0009] Utilization: 62.5%
[INFO DPL-0005] Diamond search max displacement: +/- 500 sites horizontally, +/- 100 rows vertically.
[INFO DPL-1102] Legalizing using negotiation legalizer.
[INFO DPL-1103] Negotiation base search window: +/-20 sites horizontally, +/-5 rows vertically 
	Automatic search window extension enabled.
	Search window extendable up to the max displacement cap of +/-500 sites, +/-100 rows near walls.
[INFO DPL-1104] NegotiationLegalizer DRC penalty: 5.
[INFO DPL-0392] Negotiation cell height distribution (1 unique row-count(s)):
[INFO DPL-0393]   height 1 row(s): 33125 cells
          |      Total |  Illegal |  Illegal
Iteration | Violations |    Cells |    Sites
---------------------------------------------
        0 |      10548 |      2478 |      8013
        1 |         30 |         8 |        22
        2 |          0 |         0 |         0
Negotiation phase 1 converged at iteration 2.
[INFO DPL-0500] Runtime: 0.82s
Detailed Placement Analysis
---------------------------------
legalizer            negotiation
total moves               26586
total displacement      83115.0 u
average displacement        2.5 u
max displacement           15.3 u
original HPWL          210352.0 u
legalized HPWL         291459.3 u
delta HPWL                   39 %

improve_placement -max_displacement "5 1"
Detailed placement improvement.
[INFO DPL-0401] Setting random seed to 1.
[INFO DPL-0402] Setting maximum displacement 5 1 to 13600 2720 units.
[INFO DPL-0320] Collected 7940 fixed cells.
[INFO DPL-0318] Collected 25315 single height cells.
[INFO DPL-0321] Collected 0 wide cells.
[INFO DPL-0322] Image (2300, 2720) - (771880, 769760)
[INFO DPL-0310] Assigned 25315 cells into segments.  Movement in X-direction is 0.000000, movement in Y-direction is 0.000000.
[INFO DPL-0313] Found 0 cells in wrong regions.
[INFO DPL-0315] Found 0 row alignment problems.
[INFO DPL-0314] Found 0 site alignment problems.
[INFO DPL-0311] Found 0 overlaps between adjacent cells.
[INFO DPL-0312] Found 0 edge spacing violations and 0 padding violations.
[INFO DPL-0303] Running algorithm for independent set matching.
[INFO DPL-0300] Set matching objective is wirelength.
[INFO DPL-0301] Pass   1 of matching; objective is 2.914906e+08.
[INFO DPL-0302] End of matching; objective is 2.908699e+08, improvement is 0.21 percent.
[INFO DPL-0303] Running algorithm for global swaps.
[INFO DPL-0306] Pass   1 of global swaps; hpwl is 2.825644e+08.
[INFO DPL-0306] Pass   2 of global swaps; hpwl is 2.812630e+08.
[INFO DPL-0307] End of global swaps; objective is 2.812630e+08, improvement is 3.30 percent.
[INFO DPL-0303] Running algorithm for vertical swaps.
[INFO DPL-0308] Pass   1 of vertical swaps; hpwl is 2.790946e+08.
[INFO DPL-0309] End of vertical swaps; objective is 2.790946e+08, improvement is 0.77 percent.
[INFO DPL-0303] Running algorithm for reordering.
[INFO DPL-0304] Pass   1 of reordering; objective is 2.785210e+08.
[INFO DPL-0305] End of reordering; objective is 2.785210e+08, improvement is 0.21 percent.
[INFO DPL-0303] Running algorithm for random improvement.
[INFO DPL-0324] Random improver is using random generator.
[INFO DPL-0325] Random improver is using hpwl objective.
[INFO DPL-0326] Random improver cost string is (a).
[INFO DPL-0332] End of pass, Generator random called 506300 times.
[INFO DPL-0335] Generator random, Cumulative attempts 506300, swaps 76293, moves 104804 since last reset.
[INFO DPL-0333] End of pass, Objective hpwl, Initial cost 2.769922e+08, Scratch cost 2.705180e+08, Incremental cost 2.705180e+08, Mismatch? N
[INFO DPL-0338] End of pass, Total cost is 2.705180e+08.
[INFO DPL-0327] Pass   1 of random improver; improvement in cost is 2.34 percent.
[INFO DPL-0332] End of pass, Generator random called 506300 times.
[INFO DPL-0335] Generator random, Cumulative attempts 1012600, swaps 150124, moves 209290 since last reset.
[INFO DPL-0333] End of pass, Objective hpwl, Initial cost 2.705180e+08, Scratch cost 2.683422e+08, Incremental cost 2.683422e+08, Mismatch? N
[INFO DPL-0338] End of pass, Total cost is 2.683422e+08.
[INFO DPL-0327] Pass   2 of random improver; improvement in cost is 0.80 percent.
[INFO DPL-0328] End of random improver; improvement is 3.122811 percent.
[INFO DPL-0380] Cell flipping.
[INFO DPL-0382] Changed 0 cell orientations for row compatibility.
[INFO DPL-0383] Performed 7799 cell flips.
[INFO DPL-0384] End of flipping; objective is 2.424142e+08, improvement is 10.17 percent.
[INFO DPL-0313] Found 0 cells in wrong regions.
[INFO DPL-0315] Found 0 row alignment problems.
[INFO DPL-0314] Found 0 site alignment problems.
[INFO DPL-0311] Found 0 overlaps between adjacent cells.
[INFO DPL-0312] Found 0 edge spacing violations and 0 padding violations.
Place Optimization Analysis
---------------------------------
total attempts          1518900
relocated cells           12436
total displacement      58086.9 u
average displacement        4.7 u
max displacement           16.1 u
original HPWL          291459.3 u
improved HPWL          241783.3 u
delta HPWL                  -17 %

Took 10 seconds: improve_placement -max_displacement "5 1"
optimize_mirroring
[INFO DPL-0020] Mirrored 851 instances
[INFO DPL-0021] HPWL before          241783.3 u
[INFO DPL-0022] HPWL after           241058.6 u
[INFO DPL-0023] HPWL delta               -0.3 %
[INFO FLW-0012] Placement violations .
estimate_parasitics -placement
Report metrics stage 3, detailed place...

==========================================================================
detailed place report_design_area
--------------------------------------------------------------------------
Design area 368734 um^2 62% utilization.
write_db /work/orfs/results/sky130hd/g2_g1s_u60/base/3_5_place_dp.odb
write_sdc -no_timestamp /work/orfs/results/sky130hd/g2_g1s_u60/base/3_place.sdc
Elapsed time: 0:22.36[h:]min:sec. CPU time: user 16.18 sys 0.28 (73%). Peak memory: 276912KB.
Log                       Ext     Elapsed/s Peak Memory/MB sha1sum result [0:20)
3_5_place_dp              .odb           22            270 aae8275cd19c06f09da7
cp /work/orfs/results/sky130hd/g2_g1s_u60/base/3_5_place_dp.odb /work/orfs/results/sky130hd/g2_g1s_u60/base/3_place.odb
/OpenROAD-flow-scripts/flow/scripts/flow.sh 4_1_cts cts
Running cts.tcl, stage 4_1_cts
read_liberty /OpenROAD-flow-scripts/flow/platforms/sky130hd/lib/sky130_fd_sc_hd__tt_025C_1v80.lib
read_liberty /work/cells/g2_cells.lib
read_db /work/orfs/results/sky130hd/g2_g1s_u60/base/3_place.odb
read_sdc /work/orfs/results/sky130hd/g2_g1s_u60/base/3_place.sdc
source /OpenROAD-flow-scripts/flow/platforms/sky130hd/setRC.tcl
clock_tree_synthesis -sink_clustering_enable -repair_clock_nets
[INFO CTS-0050] Root buffer is sky130_fd_sc_hd__clkbuf_16.
[INFO CTS-0051] Sink buffer is sky130_fd_sc_hd__clkbuf_16.
[INFO CTS-0052] The following clock buffers will be used for CTS:
                    sky130_fd_sc_hd__clkbuf_16
[INFO CTS-0049] Characterization buffer is sky130_fd_sc_hd__clkbuf_16.
[INFO CTS-0007] Net "clk" found for clock "clk".
[INFO CTS-0010]  Clock net "clk" has 8577 sinks.
[INFO CTS-0008] TritonCTS found 1 clock nets.
[INFO CTS-0097] Characterization used 1 buffer(s) types.
[INFO CTS-0201] 0 blockages from hard placement blockages and placed macros will be used.
[INFO CTS-0027] Generating H-Tree topology for net clk.
[INFO CTS-0028]  Total number of sinks: 8577.
[INFO CTS-0090]  Sinks will be clustered based on buffer max cap.
[INFO CTS-0030]  Number of static layers: 0.
[INFO CTS-0020]  Wire segment unit: 13600  dbu (13 um).
[INFO CTS-0206] Best clustering solution was found from max clustering size of 14 and max clustering diameter of 66.
[INFO CTS-0019]  Total number of sinks after clustering: 790.
[INFO CTS-0024]  Normalized sink region: [(0.502239, 0.801765), (56.417, 55.9884)].
[INFO CTS-0025]     Width:  55.9147.
[INFO CTS-0026]     Height: 55.1866.
 Level 1
    Direction: Horizontal
    Sinks per sub-region: 395
    Sub-region size: 27.9574 X 55.1866
[INFO CTS-0034]     Segment length (rounded): 14.
 Level 2
    Direction: Vertical
    Sinks per sub-region: 198
    Sub-region size: 27.9574 X 27.5933
[INFO CTS-0034]     Segment length (rounded): 14.
 Level 3
    Direction: Horizontal
    Sinks per sub-region: 99
    Sub-region size: 13.9787 X 27.5933
[INFO CTS-0034]     Segment length (rounded): 6.
 Level 4
    Direction: Vertical
    Sinks per sub-region: 50
    Sub-region size: 13.9787 X 13.7967
[INFO CTS-0034]     Segment length (rounded): 6.
 Level 5
    Direction: Horizontal
    Sinks per sub-region: 25
    Sub-region size: 6.9893 X 13.7967
[INFO CTS-0034]     Segment length (rounded): 4.
 Level 6
    Direction: Vertical
    Sinks per sub-region: 13
    Sub-region size: 6.9893 X 6.8983
[INFO CTS-0034]     Segment length (rounded): 4.
[INFO CTS-0038]  Stop criterion found. Sink region hpwl is smaller than max wirelength (1911.535 um) and max number of sinks is 15.
[INFO CTS-0035]  Number of sinks covered: 790.
[INFO CTS-0018]     Created 859 clock buffers.
[INFO CTS-0012]     Minimum number of buffers in the clock path: 4.
[INFO CTS-0013]     Maximum number of buffers in the clock path: 4.
[INFO CTS-0015]     Created 859 clock nets.
[INFO CTS-0016]     Fanout distribution for the current clock = 8:7, 9:68, 10:219, 11:289, 12:199, 13:66, 14:6..
[INFO CTS-0017]     Max level of the clock tree: 6.
[INFO CTS-0098] Clock net "clk"
[INFO CTS-0099]  Sinks 9281
[INFO CTS-0100]  Leaf buffers 790
[INFO CTS-0101]  Average sink wire length 1347.90 um
[INFO CTS-0102]  Path depth 3 - 4
[INFO CTS-0207]  Dummy loads inserted 704
[INFO CTS-0500] Runtime: 2.95s
estimate_parasitics -placement
detailed_placement
[INFO DPL-0006] Core area: 590298.64 um^2
[INFO DPL-0007] Movable instances area: 387601.74 um^2
[INFO DPL-0008] Fixed instances area within core: 9771.87 um^2
[INFO DPL-0009] Utilization: 67.3%
[INFO DPL-0005] Diamond search max displacement: +/- 500 sites horizontally, +/- 100 rows vertically.
[INFO DPL-1102] Legalizing using negotiation legalizer.
[INFO DPL-1103] Negotiation base search window: +/-20 sites horizontally, +/-5 rows vertically 
	Automatic search window extension enabled.
	Search window extendable up to the max displacement cap of +/-500 sites, +/-100 rows near walls.
[INFO DPL-1104] NegotiationLegalizer DRC penalty: 5.
[INFO DPL-0392] Negotiation cell height distribution (1 unique row-count(s)):
[INFO DPL-0393]   height 1 row(s): 34688 cells
          |      Total |  Illegal |  Illegal
Iteration | Violations |    Cells |    Sites
---------------------------------------------
        0 |       8179 |      1175 |      6959
        1 |        968 |       142 |       826
        2 |        210 |        22 |       188
        3 |         33 |         6 |        27
        4 |          0 |         0 |         0
Negotiation phase 1 converged at iteration 4.
[INFO DPL-0500] Runtime: 0.77s
Detailed Placement Analysis
---------------------------------
legalizer            negotiation
total moves               26109
total displacement      47292.1 u
average displacement        1.4 u
max displacement           23.7 u
original HPWL          294898.6 u
legalized HPWL         330717.1 u
delta HPWL                   12 %

estimate_parasitics -placement
Warning: master sky130_ef_sc_hd__decap_12 has signal pins but no liberty cell
repair_timing -setup_margin 0 -hold_margin 0 -repair_tns 100 -match_cell_footprint -verbose
[INFO RSZ-0100] Repair move sequence: UnbufferMove SizeUpMove SwapPinsMove BufferMove CloneMove SplitLoadMove 
[INFO RSZ-0098] No setup violations found
[INFO RSZ-0505] Runtime: 1.63s
[INFO RSZ-0046] Found 193 endpoints with hold violations.
Iteration | Resized | Buffers | Cloned Gates |   Area   |   WNS   |   TNS   | Endpoint
--------------------------------------------------------------------------------------
        0 |       0 |       0 |            0 |    +0.0% |  -0.686 | -117.085 | ng46/_7_/D
       10 |       0 |      18 |            0 |    +0.0% |  -0.679 | -103.496 | ng23/_7_/D
       20 |       0 |      38 |            0 |    +0.1% |  -0.675 | -88.728 | ng27/_7_/D
       30 |       0 |      58 |            0 |    +0.1% |  -0.672 | -73.989 | ng45/_7_/D
       40 |       0 |      78 |            0 |    +0.2% |  -0.669 | -59.292 | ng24/_7_/D
       50 |       0 |      98 |            0 |    +0.2% |  -0.663 | -44.731 | ng47/_7_/D
       60 |       0 |     118 |            0 |    +0.3% |  -0.651 | -30.341 | ng63/_7_/D
       70 |       0 |     129 |            0 |    +0.3% |  -0.027 |  -0.414 | ng55/_8_/D
       80 |       0 |     130 |            0 |    +0.3% |  -0.027 |  -0.409 | ng55/_8_/D
       90 |       0 |     130 |            0 |    +0.3% |  -0.027 |  -0.409 | ng55/_8_/D
      100 |       0 |     131 |            0 |    +0.3% |  -0.027 |  -0.404 | ng55/_8_/D
      110 |       0 |     131 |            0 |    +0.3% |  -0.027 |  -0.404 | ng55/_8_/D
      120 |       0 |     131 |            0 |    +0.3% |  -0.027 |  -0.404 | ng55/_8_/D
      130 |       0 |     135 |            0 |    +0.3% |  -0.027 |  -0.376 | ng55/_8_/D
      140 |       0 |     138 |            0 |    +0.3% |  -0.027 |  -0.312 | ng55/_8_/D
      150 |       0 |     138 |            0 |    +0.3% |  -0.027 |  -0.312 | ng55/_8_/D
      160 |       0 |     141 |            0 |    +0.4% |  -0.025 |  -0.255 | ng53/_8_/D
      170 |       0 |     146 |            0 |    +0.4% |  -0.024 |  -0.165 | ng5/_8_/D
      180 |       0 |     149 |            0 |    +0.4% |  -0.024 |  -0.133 | ng5/_8_/D
      190 |       0 |     155 |            0 |    +0.4% |  -0.018 |  -0.033 | ng34/_8_/D
    final |       0 |     157 |            0 |    +0.4% |   0.001 |   0.000 | ng50/_6_/D
--------------------------------------------------------------------------------------
[INFO RSZ-0032] Inserted 157 hold buffers.
[INFO RSZ-0506] Runtime: 0.67s
Warning: master sky130_ef_sc_hd__decap_12 has signal pins but no liberty cell
Repair timing output passed lec test
detailed_placement
[INFO DPL-0006] Core area: 590298.64 um^2
[INFO DPL-0007] Movable instances area: 389173.25 um^2
[INFO DPL-0008] Fixed instances area within core: 9771.87 um^2
[INFO DPL-0009] Utilization: 67.6%
[INFO DPL-0005] Diamond search max displacement: +/- 500 sites horizontally, +/- 100 rows vertically.
[INFO DPL-1102] Legalizing using negotiation legalizer.
[INFO DPL-1103] Negotiation base search window: +/-20 sites horizontally, +/-5 rows vertically 
	Automatic search window extension enabled.
	Search window extendable up to the max displacement cap of +/-500 sites, +/-100 rows near walls.
[INFO DPL-1104] NegotiationLegalizer DRC penalty: 5.
[INFO DPL-0392] Negotiation cell height distribution (1 unique row-count(s)):
[INFO DPL-0393]   height 1 row(s): 34845 cells
          |      Total |  Illegal |  Illegal
Iteration | Violations |    Cells |    Sites
---------------------------------------------
        0 |       1182 |       194 |       976
        1 |        673 |       111 |       532
        2 |        655 |        97 |       531
        3 |        593 |        81 |       488
        4 |        552 |        76 |       461
        5 |        451 |        57 |       358
        6 |        363 |        53 |       310
        7 |        285 |        41 |       244
        8 |        223 |        31 |       192
        9 |        239 |        27 |       188
       10 |        237 |        33 |       204
       20 |          8 |         2 |         6
       30 |         10 |         2 |         8
       40 |          6 |         2 |         4
       43 |          0 |         0 |         0
Negotiation phase 1 converged at iteration 43.
[INFO DPL-0500] Runtime: 1.65s
Detailed Placement Analysis
---------------------------------
legalizer            negotiation
total moves                1922
total displacement       2173.9 u
average displacement        0.1 u
max displacement           26.0 u
original HPWL          331679.9 u
legalized HPWL         333170.2 u
delta HPWL                    0 %

estimate_parasitics -placement
Report metrics stage 4, cts final...

==========================================================================
cts final report_design_area
--------------------------------------------------------------------------
Design area 398945 um^2 68% utilization.
write_db /work/orfs/results/sky130hd/g2_g1s_u60/base/4_1_cts.odb
write_sdc -no_timestamp /work/orfs/results/sky130hd/g2_g1s_u60/base/4_cts.sdc
Elapsed time: 0:26.10[h:]min:sec. CPU time: user 18.35 sys 0.67 (72%). Peak memory: 305576KB.
Log                       Ext     Elapsed/s Peak Memory/MB sha1sum result [0:20)
4_1_cts                   .odb           26            298 7a8146a39f121ce8b95d
cp /work/orfs/results/sky130hd/g2_g1s_u60/base/4_1_cts.odb /work/orfs/results/sky130hd/g2_g1s_u60/base/4_cts.odb
/OpenROAD-flow-scripts/flow/scripts/flow.sh 5_1_grt global_route
Running global_route.tcl, stage 5_1_grt
read_liberty /OpenROAD-flow-scripts/flow/platforms/sky130hd/lib/sky130_fd_sc_hd__tt_025C_1v80.lib
read_liberty /work/cells/g2_cells.lib
read_db /work/orfs/results/sky130hd/g2_g1s_u60/base/4_cts.odb
read_sdc /work/orfs/results/sky130hd/g2_g1s_u60/base/4_cts.sdc
source /OpenROAD-flow-scripts/flow/platforms/sky130hd/setRC.tcl
pin_access
[INFO DRT-0149] Reading tech and libs.
[WARNING DRT-0349] LEF58_ENCLOSURE with no CUTCLASS is not supported. Skipping for layer mcon
[WARNING DRT-0349] LEF58_ENCLOSURE with no CUTCLASS is not supported. Skipping for layer mcon
[WARNING DRT-0349] LEF58_ENCLOSURE with no CUTCLASS is not supported. Skipping for layer via
[WARNING DRT-0349] LEF58_ENCLOSURE with no CUTCLASS is not supported. Skipping for layer via
[WARNING DRT-0349] LEF58_ENCLOSURE with no CUTCLASS is not supported. Skipping for layer via2
[WARNING DRT-0349] LEF58_ENCLOSURE with no CUTCLASS is not supported. Skipping for layer via2
[WARNING DRT-0349] LEF58_ENCLOSURE with no CUTCLASS is not supported. Skipping for layer via3
[WARNING DRT-0349] LEF58_ENCLOSURE with no CUTCLASS is not supported. Skipping for layer via3
[WARNING DRT-0349] LEF58_ENCLOSURE with no CUTCLASS is not supported. Skipping for layer via4
[WARNING DRT-0349] LEF58_ENCLOSURE with no CUTCLASS is not supported. Skipping for layer via4

Units:                1000
Number of layers:     13
Number of macros:     445
Number of vias:       25
Number of viarulegen: 25

[INFO DRT-0150] Reading design.

Design:                   top
Die area:                 ( 0 0 ) ( 774240 774240 )
Number of track patterns: 12
Number of DEF vias:       0
Number of components:     34845
Number of terminals:      130
Number of snets:          2
Number of nets:           26269

[INFO DRT-0167] List of default vias:
  Layer via
    default via: M1M2_PR
  Layer via2
    default via: M2M3_PR
  Layer via3
    default via: M3M4_PR
  Layer via4
    default via: M4M5_PR
[INFO DRT-0162] Library cell analysis.
[INFO DRT-0163] Instance analysis.
[INFO DRT-0164] Number of unique instances = 79.
[INFO DRT-0168] Init region query.
[INFO DRT-0024]   Complete FR_MASTERSLICE.
[INFO DRT-0024]   Complete Fr_VIA.
[INFO DRT-0024]   Complete li1.
[INFO DRT-0024]   Complete mcon.
[INFO DRT-0024]   Complete met1.
[INFO DRT-0024]   Complete via.
[INFO DRT-0024]   Complete met2.
[INFO DRT-0024]   Complete via2.
[INFO DRT-0024]   Complete met3.
[INFO DRT-0024]   Complete via3.
[INFO DRT-0024]   Complete met4.
[INFO DRT-0024]   Complete via4.
[INFO DRT-0024]   Complete met5.
[INFO DRT-0033] FR_MASTERSLICE shape region query size = 0.
[INFO DRT-0033] FR_VIA shape region query size = 0.
[INFO DRT-0033] li1 shape region query size = 1128763.
[INFO DRT-0033] mcon shape region query size = 682570.
[INFO DRT-0033] met1 shape region query size = 183133.
[INFO DRT-0033] via shape region query size = 0.
[INFO DRT-0033] met2 shape region query size = 4259.
[INFO DRT-0033] via2 shape region query size = 0.
[INFO DRT-0033] met3 shape region query size = 4319.
[INFO DRT-0033] via3 shape region query size = 0.
[INFO DRT-0033] met4 shape region query size = 4224.
[INFO DRT-0033] via4 shape region query size = 0.
[INFO DRT-0033] met5 shape region query size = 0.
[INFO DRT-0165] Start pin access.
[INFO DRT-0078]   Complete 409 pins.
[INFO DRT-0081]   Complete 79 unique inst patterns.
[INFO DRT-0082]   Complete 10000 groups.
[INFO DRT-0084]   Complete 17449 groups.
#scanned instances     = 34845
#unique  instances     = 79
#stdCellGenAp          = 977
#stdCellValidPlanarAp  = 0
#stdCellValidViaAp     = 790
#stdCellPinNoAp        = 0
#stdCellPinCnt         = 78071
#instTermValidViaApCnt = 0
#macroGenAp            = 0
#macroValidPlanarAp    = 0
#macroValidViaAp       = 0
#macroNoAp             = 0
[INFO DRT-0166] Complete pin access.
[INFO DRT-0267] cpu time = 00:06:28, elapsed time = 00:07:18, memory = 321.33 (MB), peak = 329.96 (MB)
Took 440 seconds: pin_access
global_route -congestion_report_file /work/orfs/reports/sky130hd/g2_g1s_u60/base/congestion.rpt -congestion_iterations 30 -congestion_report_iter_step 5 -verbose
[INFO GRT-0020] Min routing layer: met1
[INFO GRT-0021] Max routing layer: met3
[INFO GRT-0022] Global adjustment: 0%
[INFO GRT-0023] Grid origin: (0, 0)
[INFO GRT-0088] Layer li1     Track-Pitch = 0.4600  line-2-Via Pitch: 0.3400
[INFO GRT-0088] Layer met1    Track-Pitch = 0.3400  line-2-Via Pitch: 0.3400
[INFO GRT-0088] Layer met2    Track-Pitch = 0.4600  line-2-Via Pitch: 0.3500
[INFO GRT-0088] Layer met3    Track-Pitch = 0.6800  line-2-Via Pitch: 0.6150
[INFO GRT-0003] Macros: 0
[INFO GRT-0004] Blockages: 201294
[INFO GRT-0019] Found 860 clock nets.
[INFO GRT-0001] Minimum degree: 2
[INFO GRT-0002] Maximum degree: 51

[INFO GRT-0053] Routing resources analysis:
          Routing      Original      Derated      Resource
Layer     Direction    Resources     Resources    Reduction (%)
---------------------------------------------------------------
li1        Vertical            0             0          0.00%
met1       Horizontal     170840        132411          22.49%
met2       Vertical       179472        142096          20.83%
met3       Horizontal     119046         92831          22.02%
---------------------------------------------------------------

[INFO GRT-0197] Via related to pin nodes: 122392
[INFO GRT-0198] Via related Steiner nodes: 1394
[INFO GRT-0199] Via filling finished.
[INFO GRT-0111] Final number of vias: 147765
[INFO GRT-0112] Final usage 3D: 501501

[INFO GRT-0096] Final congestion report:
Layer         Resource        Demand        Usage (%)    Max H / Max V / Total Congestion
---------------------------------------------------------------------------------------
li1                  0             0            0.00%             0 /  0 /  0
met1            132411         28682           21.66%             0 /  0 /  0
met2            142096         27350           19.25%             0 /  0 /  0
met3             92831          2174            2.34%             0 /  0 /  0
---------------------------------------------------------------------------------------
Total           367338         58206           15.85%             0 /  0 /  0

[INFO GRT-0018] Total wirelength: 713791 um
[INFO GRT-0014] Routed nets: 26269
[INFO GRT-0303] Global routing runtime = 00:00:01
estimate_parasitics -global_routing
Perform buffer insertion and gate resizing...
repair_design -verbose
Iteration |   Area    | Resized | Buffers | Nets repaired | Remaining
---------------------------------------------------------------------
        0 |     +0.0% |       0 |       0 |             0 |     27101
     1000 |     +0.0% |       0 |       0 |             0 |     26101
     2000 |     +0.0% |       0 |       0 |             0 |     25101
     3000 |     +0.0% |       0 |       0 |             0 |     24101
     4000 |     +0.0% |       0 |       0 |             0 |     23101
     5000 |     +0.0% |       0 |       0 |             0 |     22101
     6000 |     +0.0% |       0 |       0 |             0 |     21101
     7000 |     +0.0% |       0 |       0 |             0 |     20101
     8000 |     +0.0% |       0 |       0 |             0 |     19101
     9000 |     +0.0% |       0 |       0 |             0 |     18101
    10000 |     +0.0% |       0 |       0 |             0 |     17101
    11000 |     +0.0% |       0 |       0 |             0 |     16101
    12000 |     +0.0% |       0 |       0 |             0 |     15101
    13000 |     +0.0% |       0 |       0 |             0 |     14101
    14000 |     +0.0% |       0 |       0 |             0 |     13101
    15000 |     +0.0% |       0 |       0 |             0 |     12101
    16000 |     +0.0% |       0 |       0 |             0 |     11101
    17000 |     +0.0% |       0 |       0 |             0 |     10101
    18000 |     +0.0% |       0 |       0 |             0 |      9101
    19000 |     +0.0% |       0 |       0 |             0 |      8101
    20000 |     +0.0% |       0 |       0 |             0 |      7101
    21000 |     +0.0% |       0 |       0 |             0 |      6101
    22000 |     +0.0% |       0 |       0 |             0 |      5101
    23000 |     +0.0% |       0 |       0 |             0 |      4101
    24000 |     +0.0% |       0 |       0 |             0 |      3101
    25000 |     +0.0% |       0 |       0 |             0 |      2101
    26000 |     +0.0% |       0 |       0 |             0 |      1101
    27000 |     +0.0% |       0 |       0 |             0 |       101
    final |     +0.0% |       0 |       0 |             0 |         0
---------------------------------------------------------------------
[INFO RSZ-0504] Runtime: 2.36s
global_route -start_incremental
detailed_placement
[INFO DPL-0006] Core area: 590298.64 um^2
[INFO DPL-0007] Movable instances area: 389173.25 um^2
[INFO DPL-0008] Fixed instances area within core: 9771.87 um^2
[INFO DPL-0009] Utilization: 67.6%
[INFO DPL-0005] Diamond search max displacement: +/- 500 sites horizontally, +/- 100 rows vertically.
[INFO DPL-1102] Legalizing using negotiation legalizer.
[INFO DPL-1103] Negotiation base search window: +/-20 sites horizontally, +/-5 rows vertically 
	Automatic search window extension enabled.
	Search window extendable up to the max displacement cap of +/-500 sites, +/-100 rows near walls.
[INFO DPL-1104] NegotiationLegalizer DRC penalty: 5.
[INFO DPL-0392] Negotiation cell height distribution (1 unique row-count(s)):
[INFO DPL-0393]   height 1 row(s): 34845 cells
[INFO DPL-0500] Runtime: 0.17s
Detailed Placement Analysis
---------------------------------
legalizer            negotiation
total moves                   0
total displacement          0.0 u
average displacement        0.0 u
max displacement            0.0 u
original HPWL          333170.2 u
legalized HPWL         333170.2 u
delta HPWL                    0 %

global_route -end_incremental -congestion_report_file /work/orfs/reports/sky130hd/g2_g1s_u60/base/congestion_post_repair_design.rpt
Repair setup and hold violations...
estimate_parasitics -global_routing
repair_timing -setup_margin 0 -hold_margin 0 -repair_tns 100 -verbose
[INFO RSZ-0100] Repair move sequence: UnbufferMove SizeUpMove SwapPinsMove BufferMove CloneMove SplitLoadMove 
[INFO RSZ-0098] No setup violations found
[INFO RSZ-0505] Runtime: 1.14s
[INFO RSZ-0033] No hold violations found.
[INFO RSZ-0506] Runtime: 0.42s
global_route -start_incremental
detailed_placement
[INFO DPL-0006] Core area: 590298.64 um^2
[INFO DPL-0007] Movable instances area: 389173.25 um^2
[INFO DPL-0008] Fixed instances area within core: 9771.87 um^2
[INFO DPL-0009] Utilization: 67.6%
[INFO DPL-0005] Diamond search max displacement: +/- 500 sites horizontally, +/- 100 rows vertically.
[INFO DPL-1102] Legalizing using negotiation legalizer.
[INFO DPL-1103] Negotiation base search window: +/-20 sites horizontally, +/-5 rows vertically 
	Automatic search window extension enabled.
	Search window extendable up to the max displacement cap of +/-500 sites, +/-100 rows near walls.
[INFO DPL-1104] NegotiationLegalizer DRC penalty: 5.
[INFO DPL-0392] Negotiation cell height distribution (1 unique row-count(s)):
[INFO DPL-0393]   height 1 row(s): 34845 cells
[INFO DPL-0500] Runtime: 0.17s
Detailed Placement Analysis
---------------------------------
legalizer            negotiation
total moves                   0
total displacement          0.0 u
average displacement        0.0 u
max displacement            0.0 u
original HPWL          333170.2 u
legalized HPWL         333170.2 u
delta HPWL                    0 %

check_placement -verbose
global_route -end_incremental -congestion_report_file /work/orfs/reports/sky130hd/g2_g1s_u60/base/congestion_post_repair_timing.rpt
estimate_parasitics -global_routing
global_route -start_incremental
global_route -end_incremental -congestion_report_file /work/orfs/reports/sky130hd/g2_g1s_u60/base/congestion_post_recover_power.rpt
Repair antennas...
[INFO GRT-0012] Found 3 antenna violations.
[INFO GRT-0302] Inserted 2 jumpers for 2 nets.
[INFO GRT-0012] Found 1 antenna violations.
[INFO DPL-0501] Legalized with 0 moves: displacement total 0.0 u, max 0.0 u; HPWL 333179.9 -> 333179.9 u (+0.0 %).
[INFO DPL-0500] Runtime: 0.16s
[INFO GRT-0015] Inserted 1 diodes.
[INFO GRT-0012] Found 0 antenna violations.
[INFO ANT-0002] Found 0 net violations.
[INFO ANT-0001] Found 0 pin violations.
Estimate parasitics...
estimate_parasitics -global_routing
Report metrics stage 5, global route...

==========================================================================
global route report_design_area
--------------------------------------------------------------------------
Design area 398948 um^2 68% utilization.
[INFO FLW-0007] clock clk period 3.000000
[INFO FLW-0008] Clock clk period 2.247
[INFO FLW-0009] Clock clk slack 0.635
write_sdc -no_timestamp /work/orfs/results/sky130hd/g2_g1s_u60/base/updated_clks.sdc
[INFO FLW-0011] Path endpoint path count 9474
write_db /work/orfs/results/sky130hd/g2_g1s_u60/base/5_1_grt.odb
write_sdc -no_timestamp /work/orfs/results/sky130hd/g2_g1s_u60/base/5_1_grt.sdc
Elapsed time: 8:04.79[h:]min:sec. CPU time: user 447.99 sys 1.87 (92%). Peak memory: 675272KB.
Log                       Ext     Elapsed/s Peak Memory/MB sha1sum result [0:20)
5_1_grt                   .odb          484            659 e6cef8249534faa5d102
5_1_grt                   .sdc                             9fd7445c262a15275321
/OpenROAD-flow-scripts/flow/scripts/flow.sh 5_2_route detail_route
Running detail_route.tcl, stage 5_2_route
read_liberty /OpenROAD-flow-scripts/flow/platforms/sky130hd/lib/sky130_fd_sc_hd__tt_025C_1v80.lib
read_liberty /work/cells/g2_cells.lib
read_db /work/orfs/results/sky130hd/g2_g1s_u60/base/5_1_grt.odb
read_sdc /work/orfs/results/sky130hd/g2_g1s_u60/base/5_1_grt.sdc
source /OpenROAD-flow-scripts/flow/platforms/sky130hd/setRC.tcl
detailed_route -output_drc /work/orfs/reports/sky130hd/g2_g1s_u60/base/5_route_drc.rpt -output_maze /work/orfs/results/sky130hd/g2_g1s_u60/base/maze.log -droute_end_iter 64 -verbose 1 -drc_report_iter_step 5
[INFO DRT-0149] Reading tech and libs.
[WARNING DRT-0349] LEF58_ENCLOSURE with no CUTCLASS is not supported. Skipping for layer mcon
[WARNING DRT-0349] LEF58_ENCLOSURE with no CUTCLASS is not supported. Skipping for layer mcon
[WARNING DRT-0349] LEF58_ENCLOSURE with no CUTCLASS is not supported. Skipping for layer via
[WARNING DRT-0349] LEF58_ENCLOSURE with no CUTCLASS is not supported. Skipping for layer via
[WARNING DRT-0349] LEF58_ENCLOSURE with no CUTCLASS is not supported. Skipping for layer via2
[WARNING DRT-0349] LEF58_ENCLOSURE with no CUTCLASS is not supported. Skipping for layer via2
[WARNING DRT-0349] LEF58_ENCLOSURE with no CUTCLASS is not supported. Skipping for layer via3
[WARNING DRT-0349] LEF58_ENCLOSURE with no CUTCLASS is not supported. Skipping for layer via3
[WARNING DRT-0349] LEF58_ENCLOSURE with no CUTCLASS is not supported. Skipping for layer via4
[WARNING DRT-0349] LEF58_ENCLOSURE with no CUTCLASS is not supported. Skipping for layer via4

Units:                1000
Number of layers:     13
Number of macros:     445
Number of vias:       25
Number of viarulegen: 25

[INFO DRT-0150] Reading design.

Design:                   top
Die area:                 ( 0 0 ) ( 774240 774240 )
Number of track patterns: 12
Number of DEF vias:       0
Number of components:     34846
Number of terminals:      130
Number of snets:          2
Number of nets:           26269

[INFO DRT-0167] List of default vias:
  Layer via
    default via: M1M2_PR
  Layer via2
    default via: M2M3_PR
  Layer via3
    default via: M3M4_PR
  Layer via4
    default via: M4M5_PR
[INFO DRT-0162] Library cell analysis.
[INFO DRT-0163] Instance analysis.
[INFO DRT-0164] Number of unique instances = 80.
[INFO DRT-0168] Init region query.
[INFO DRT-0024]   Complete FR_MASTERSLICE.
[INFO DRT-0024]   Complete Fr_VIA.
[INFO DRT-0024]   Complete li1.
[INFO DRT-0024]   Complete mcon.
[INFO DRT-0024]   Complete met1.
[INFO DRT-0024]   Complete via.
[INFO DRT-0024]   Complete met2.
[INFO DRT-0024]   Complete via2.
[INFO DRT-0024]   Complete met3.
[INFO DRT-0024]   Complete via3.
[INFO DRT-0024]   Complete met4.
[INFO DRT-0024]   Complete via4.
[INFO DRT-0024]   Complete met5.
[INFO DRT-0033] FR_MASTERSLICE shape region query size = 0.
[INFO DRT-0033] FR_VIA shape region query size = 0.
[INFO DRT-0033] li1 shape region query size = 1128766.
[INFO DRT-0033] mcon shape region query size = 682574.
[INFO DRT-0033] met1 shape region query size = 183135.
[INFO DRT-0033] via shape region query size = 0.
[INFO DRT-0033] met2 shape region query size = 4259.
[INFO DRT-0033] via2 shape region query size = 0.
[INFO DRT-0033] met3 shape region query size = 4319.
[INFO DRT-0033] via3 shape region query size = 0.
[INFO DRT-0033] met4 shape region query size = 4224.
[INFO DRT-0033] via4 shape region query size = 0.
[INFO DRT-0033] met5 shape region query size = 0.
[INFO DRT-0165] Start pin access.
[INFO DRT-0078]   Complete 414 pins.
[INFO DRT-0081]   Complete 80 unique inst patterns.
[INFO DRT-0082]   Complete 10000 groups.
[INFO DRT-0084]   Complete 17449 groups.
#scanned instances     = 34846
#unique  instances     = 80
#stdCellGenAp          = 989
#stdCellValidPlanarAp  = 0
#stdCellValidViaAp     = 802
#stdCellPinNoAp        = 0
#stdCellPinCnt         = 78071
#instTermValidViaApCnt = 0
#macroGenAp            = 0
#macroValidPlanarAp    = 0
#macroValidViaAp       = 0
#macroNoAp             = 0
[INFO DRT-0166] Complete pin access.
[INFO DRT-0267] cpu time = 00:06:17, elapsed time = 00:05:04, memory = 452.66 (MB), peak = 462.09 (MB)
[INFO DRT-0156] guideIn read 100000 guides.

[INFO DRT-0157] Number of guides:     155507

[INFO DRT-0169] Post process guides.
[INFO DRT-0176] GCELLGRID X 0 DO 112 STEP 6900 ;
[INFO DRT-0177] GCELLGRID Y 0 DO 112 STEP 6900 ;
[INFO DRT-0026]   Complete 100000 origin guides.
[INFO DRT-0028]   Complete FR_MASTERSLICE.
[INFO DRT-0028]   Complete Fr_VIA.
[INFO DRT-0028]   Complete li1.
[INFO DRT-0028]   Complete mcon.
[INFO DRT-0028]   Complete met1.
[INFO DRT-0028]   Complete via.
[INFO DRT-0028]   Complete met2.
[INFO DRT-0028]   Complete via2.
[INFO DRT-0028]   Complete met3.
[INFO DRT-0028]   Complete via3.
[INFO DRT-0028]   Complete met4.
[INFO DRT-0028]   Complete via4.
[INFO DRT-0028]   Complete met5.
[INFO DRT-0178] Init guide query.
[INFO DRT-0035]   Complete FR_MASTERSLICE (guide).
[INFO DRT-0035]   Complete Fr_VIA (guide).
[INFO DRT-0035]   Complete li1 (guide).
[INFO DRT-0035]   Complete mcon (guide).
[INFO DRT-0035]   Complete met1 (guide).
[INFO DRT-0035]   Complete via (guide).
[INFO DRT-0035]   Complete met2 (guide).
[INFO DRT-0035]   Complete via2 (guide).
[INFO DRT-0035]   Complete met3 (guide).
[INFO DRT-0035]   Complete via3 (guide).
[INFO DRT-0035]   Complete met4 (guide).
[INFO DRT-0035]   Complete via4 (guide).
[INFO DRT-0035]   Complete met5 (guide).
[INFO DRT-0036] FR_MASTERSLICE guide region query size = 0.
[INFO DRT-0036] FR_VIA guide region query size = 0.
[INFO DRT-0036] li1 guide region query size = 62208.
[INFO DRT-0036] mcon guide region query size = 0.
[INFO DRT-0036] met1 guide region query size = 47231.
[INFO DRT-0036] via guide region query size = 0.
[INFO DRT-0036] met2 guide region query size = 19930.
[INFO DRT-0036] via2 guide region query size = 0.
[INFO DRT-0036] met3 guide region query size = 801.
[INFO DRT-0036] via3 guide region query size = 0.
[INFO DRT-0036] met4 guide region query size = 0.
[INFO DRT-0036] via4 guide region query size = 0.
[INFO DRT-0036] met5 guide region query size = 0.
[INFO DRT-0179] Init gr pin query.
[INFO DRT-0267] cpu time = 00:00:00, elapsed time = 00:00:00, memory = 492.65 (MB), peak = 492.21 (MB)
[INFO DRT-0245] skipped writing guide updates to database.
[INFO DRT-0181] Start track assignment.
[INFO DRT-0184] Done with 82138 vertical wires in 3 frboxes and 48032 horizontal wires in 3 frboxes.
[INFO DRT-0186] Done with 3279 vertical wires in 3 frboxes and 11247 horizontal wires in 3 frboxes.
[INFO DRT-0182] Complete track assignment.
[INFO DRT-0267] cpu time = 00:00:08, elapsed time = 00:00:06, memory = 618.57 (MB), peak = 730.59 (MB)
[INFO DRT-0187] Start routing data preparation.
[INFO DRT-0267] cpu time = 00:00:00, elapsed time = 00:00:00, memory = 618.63 (MB), peak = 730.59 (MB)
[INFO DRT-0194] Start detail routing.
[INFO DRT-0195] Start 0th optimization iteration.
    Completing 10% with 0 violations.
    elapsed time = 00:00:11, memory = 896.50 (MB).
    Completing 20% with 0 violations.
    elapsed time = 00:00:23, memory = 1271.36 (MB).
    Completing 30% with 506 violations.
    elapsed time = 00:00:37, memory = 1225.63 (MB).
    Completing 40% with 506 violations.
    elapsed time = 00:00:51, memory = 1218.33 (MB).
    Completing 50% with 506 violations.
    elapsed time = 00:01:05, memory = 1485.51 (MB).
    Completing 60% with 1210 violations.
    elapsed time = 00:01:20, memory = 1394.55 (MB).
    Completing 70% with 1210 violations.
    elapsed time = 00:01:34, memory = 1397.23 (MB).
    Completing 80% with 1754 violations.
    elapsed time = 00:01:48, memory = 1442.23 (MB).
    Completing 90% with 1754 violations.
    elapsed time = 00:02:04, memory = 1442.01 (MB).
    Completing 100% with 2411 violations.
    elapsed time = 00:02:18, memory = 1491.26 (MB).
[INFO DRT-0199]   Number of violations = 3242.
Viol/Layer         li1   mcon   met1   met2   met3
Cut Spacing          0     17      0      0      0
Metal Spacing        0      0    756     91      7
Recheck             21      0    651    156      3
Short                0      0   1501     34      5
[INFO DRT-0267] cpu time = 00:03:04, elapsed time = 00:02:19, memory = 1471.26 (MB), peak = 1544.92 (MB)
Total wire length = 406604 um.
Total wire length on LAYER li1 = 0 um.
Total wire length on LAYER met1 = 217957 um.
Total wire length on LAYER met2 = 175705 um.
Total wire length on LAYER met3 = 12941 um.
Total wire length on LAYER met4 = 0 um.
Total wire length on LAYER met5 = 0 um.
Total number of vias = 152450.
Up-via summary (total 152450):

-------------------------
 FR_MASTERSLICE         0
            li1     78989
           met1     72290
           met2      1171
           met3         0
           met4         0
-------------------------
               152450


[INFO DRT-0195] Start 1st optimization iteration.
    Completing 10% with 3242 violations.
    elapsed time = 00:00:10, memory = 1457.18 (MB).
    Completing 20% with 3242 violations.
    elapsed time = 00:00:21, memory = 1455.80 (MB).
    Completing 30% with 2636 violations.
    elapsed time = 00:00:30, memory = 1475.08 (MB).
    Completing 40% with 2636 violations.
    elapsed time = 00:00:44, memory = 1484.36 (MB).
    Completing 50% with 2636 violations.
    elapsed time = 00:00:56, memory = 1490.54 (MB).
    Completing 60% with 1996 violations.
    elapsed time = 00:01:07, memory = 1530.21 (MB).
    Completing 70% with 1996 violations.
    elapsed time = 00:01:20, memory = 1535.88 (MB).
    Completing 80% with 1257 violations.
    elapsed time = 00:01:34, memory = 1555.27 (MB).
    Completing 90% with 1257 violations.
    elapsed time = 00:01:51, memory = 1554.30 (MB).
    Completing 100% with 394 violations.
    elapsed time = 00:02:13, memory = 1551.32 (MB).
[INFO DRT-0199]   Number of violations = 394.
Viol/Layer        met1   met2
Metal Spacing      117     11
Short              262      4
[INFO DRT-0267] cpu time = 00:02:48, elapsed time = 00:02:14, memory = 1544.32 (MB), peak = 1589.75 (MB)
Total wire length = 402696 um.
Total wire length on LAYER li1 = 0 um.
Total wire length on LAYER met1 = 216748 um.
Total wire length on LAYER met2 = 173344 um.
Total wire length on LAYER met3 = 12602 um.
Total wire length on LAYER met4 = 0 um.
Total wire length on LAYER met5 = 0 um.
Total number of vias = 151258.
Up-via summary (total 151258):

-------------------------
 FR_MASTERSLICE         0
            li1     78976
           met1     71189
           met2      1093
           met3         0
           met4         0
-------------------------
               151258


[INFO DRT-0195] Start 2nd optimization iteration.
    Completing 10% with 394 violations.
    elapsed time = 00:00:06, memory = 1548.79 (MB).
    Completing 20% with 394 violations.
    elapsed time = 00:00:15, memory = 1546.14 (MB).
    Completing 30% with 387 violations.
    elapsed time = 00:00:20, memory = 1510.95 (MB).
    Completing 40% with 387 violations.
    elapsed time = 00:00:30, memory = 1519.24 (MB).
    Completing 50% with 387 violations.
    elapsed time = 00:00:40, memory = 1515.52 (MB).
    Completing 60% with 353 violations.
    elapsed time = 00:00:48, memory = 1517.03 (MB).
    Completing 70% with 353 violations.
    elapsed time = 00:00:57, memory = 1512.39 (MB).
    Completing 80% with 327 violations.
    elapsed time = 00:01:13, memory = 1492.85 (MB).
    Completing 90% with 327 violations.
    elapsed time = 00:01:25, memory = 1493.49 (MB).
    Completing 100% with 268 violations.
    elapsed time = 00:01:35, memory = 1478.78 (MB).
[INFO DRT-0199]   Number of violations = 268.
Viol/Layer        met1   met2
Metal Spacing       79      2
Short              185      2
[INFO DRT-0267] cpu time = 00:01:36, elapsed time = 00:01:36, memory = 1478.34 (MB), peak = 1589.75 (MB)
Total wire length = 402476 um.
Total wire length on LAYER li1 = 0 um.
Total wire length on LAYER met1 = 216940 um.
Total wire length on LAYER met2 = 172973 um.
Total wire length on LAYER met3 = 12562 um.
Total wire length on LAYER met4 = 0 um.
Total wire length on LAYER met5 = 0 um.
Total number of vias = 151237.
Up-via summary (total 151237):

-------------------------
 FR_MASTERSLICE         0
            li1     79003
           met1     71149
           met2      1085
           met3         0
           met4         0
-------------------------
               151237


[INFO DRT-0195] Start 3rd optimization iteration.
    Completing 10% with 268 violations.
    elapsed time = 00:00:03, memory = 1490.36 (MB).
    Completing 20% with 268 violations.
    elapsed time = 00:00:06, memory = 1485.15 (MB).
    Completing 30% with 230 violations.
    elapsed time = 00:00:10, memory = 1474.58 (MB).
    Completing 40% with 230 violations.
    elapsed time = 00:00:16, memory = 1487.03 (MB).
    Completing 50% with 230 violations.
    elapsed time = 00:00:24, memory = 1461.45 (MB).
    Completing 60% with 146 violations.
    elapsed time = 00:00:29, memory = 1478.46 (MB).
    Completing 70% with 146 violations.
    elapsed time = 00:00:34, memory = 1474.94 (MB).
    Completing 80% with 84 violations.
    elapsed time = 00:00:38, memory = 1477.54 (MB).
    Completing 90% with 84 violations.
    elapsed time = 00:00:41, memory = 1479.92 (MB).
    Completing 100% with 18 violations.
    elapsed time = 00:00:46, memory = 1465.41 (MB).
[INFO DRT-0199]   Number of violations = 18.
Viol/Layer        met1
Metal Spacing        4
Short               14
[INFO DRT-0267] cpu time = 00:00:45, elapsed time = 00:00:46, memory = 1468.41 (MB), peak = 1589.75 (MB)
Total wire length = 402467 um.
Total wire length on LAYER li1 = 0 um.
Total wire length on LAYER met1 = 216374 um.
Total wire length on LAYER met2 = 173143 um.
Total wire length on LAYER met3 = 12949 um.
Total wire length on LAYER met4 = 0 um.
Total wire length on LAYER met5 = 0 um.
Total number of vias = 151429.
Up-via summary (total 151429):

-------------------------
 FR_MASTERSLICE         0
            li1     78998
           met1     71289
           met2      1142
           met3         0
           met4         0
-------------------------
               151429


[INFO DRT-0195] Start 4th guides tiles iteration.
    Completing 10% with 18 violations.
    elapsed time = 00:00:00, memory = 1468.41 (MB).
    Completing 20% with 18 violations.
    elapsed time = 00:00:00, memory = 1468.41 (MB).
    Completing 40% with 18 violations.
    elapsed time = 00:00:00, memory = 1469.41 (MB).
    Completing 50% with 18 violations.
    elapsed time = 00:00:00, memory = 1469.80 (MB).
    Completing 70% with 18 violations.
    elapsed time = 00:00:00, memory = 1469.80 (MB).
    Completing 80% with 0 violations.
    elapsed time = 00:00:00, memory = 1469.80 (MB).
    Completing 100% with 0 violations.
    elapsed time = 00:00:00, memory = 1469.80 (MB).
[INFO DRT-0199]   Number of violations = 0.
[INFO DRT-0267] cpu time = 00:00:00, elapsed time = 00:00:01, memory = 1480.80 (MB), peak = 1589.75 (MB)
Total wire length = 402446 um.
Total wire length on LAYER li1 = 0 um.
Total wire length on LAYER met1 = 216155 um.
Total wire length on LAYER met2 = 173145 um.
Total wire length on LAYER met3 = 13144 um.
Total wire length on LAYER met4 = 0 um.
Total wire length on LAYER met5 = 0 um.
Total number of vias = 151436.
Up-via summary (total 151436):

-------------------------
 FR_MASTERSLICE         0
            li1     78997
           met1     71291
           met2      1148
           met3         0
           met4         0
-------------------------
               151436


[INFO DRT-0198] Complete detail routing.
Total wire length = 402446 um.
Total wire length on LAYER li1 = 0 um.
Total wire length on LAYER met1 = 216155 um.
Total wire length on LAYER met2 = 173145 um.
Total wire length on LAYER met3 = 13144 um.
Total wire length on LAYER met4 = 0 um.
Total wire length on LAYER met5 = 0 um.
Total number of vias = 151436.
Up-via summary (total 151436):

-------------------------
 FR_MASTERSLICE         0
            li1     78997
           met1     71291
           met2      1148
           met3         0
           met4         0
-------------------------
               151436


[INFO DRT-0267] cpu time = 00:08:16, elapsed time = 00:06:57, memory = 1480.93 (MB), peak = 1589.75 (MB)

[INFO DRT-0180] Post processing.
[INFO DRT-0501] Runtime: 730.20s
Took 730 seconds: detailed_route -output_drc /work/orfs/reports/sky130hd/g2_g1s_u60/base/5_route_drc.rpt -output_maze /work/orfs/results/sky130hd/g2_g1s_u60/base/maze.log -droute_end_iter 64 -verbose 1 -drc_report_iter_step 5
[INFO GRT-0012] Found 2 antenna violations.
[INFO DPL-0501] Legalized with 0 moves: displacement total 0.0 u, max 0.0 u; HPWL 333181.9 -> 333181.9 u (+0.0 %).
[INFO DPL-0500] Runtime: 0.23s
[INFO GRT-0015] Inserted 2 diodes.
[INFO DRT-0024]   Complete FR_MASTERSLICE.
[INFO DRT-0024]   Complete Fr_VIA.
[INFO DRT-0024]   Complete li1.
[INFO DRT-0024]   Complete mcon.
[INFO DRT-0024]   Complete met1.
[INFO DRT-0024]   Complete via.
[INFO DRT-0024]   Complete met2.
[INFO DRT-0024]   Complete via2.
[INFO DRT-0024]   Complete met3.
[INFO DRT-0024]   Complete via3.
[INFO DRT-0024]   Complete met4.
[INFO DRT-0024]   Complete via4.
[INFO DRT-0024]   Complete met5.
[INFO DRT-0165] Start pin access.
[INFO DRT-0078]   Complete 419 pins.
[INFO DRT-0081]   Complete 81 unique inst patterns.
[INFO DRT-0082]   Complete 10000 groups.
[INFO DRT-0084]   Complete 17449 groups.
#scanned instances     = 34848
#unique  instances     = 81
#stdCellGenAp          = 1001
#stdCellValidPlanarAp  = 0
#stdCellValidViaAp     = 814
#stdCellPinNoAp        = 0
#stdCellPinCnt         = 78071
#instTermValidViaApCnt = 0
#macroGenAp            = 0
#macroValidPlanarAp    = 0
#macroValidViaAp       = 0
#macroNoAp             = 0
[INFO DRT-0166] Complete pin access.
[INFO DRT-0267] cpu time = 00:06:25, elapsed time = 00:06:29, memory = 1449.72 (MB), peak = 1589.75 (MB)
[INFO DRT-0156] guideIn read 100000 guides.

[INFO DRT-0157] Number of guides:     155506

[INFO DRT-0169] Post process guides.
[INFO DRT-0176] GCELLGRID X 0 DO 112 STEP 6900 ;
[INFO DRT-0177] GCELLGRID Y 0 DO 112 STEP 6900 ;
[INFO DRT-0026]   Complete 100000 origin guides.
[INFO DRT-0028]   Complete FR_MASTERSLICE.
[INFO DRT-0028]   Complete Fr_VIA.
[INFO DRT-0028]   Complete li1.
[INFO DRT-0028]   Complete mcon.
[INFO DRT-0028]   Complete met1.
[INFO DRT-0028]   Complete via.
[INFO DRT-0028]   Complete met2.
[INFO DRT-0028]   Complete via2.
[INFO DRT-0028]   Complete met3.
[INFO DRT-0028]   Complete via3.
[INFO DRT-0028]   Complete met4.
[INFO DRT-0028]   Complete via4.
[INFO DRT-0028]   Complete met5.
[INFO DRT-0178] Init guide query.
[INFO DRT-0035]   Complete FR_MASTERSLICE (guide).
[INFO DRT-0035]   Complete Fr_VIA (guide).
[INFO DRT-0035]   Complete li1 (guide).
[INFO DRT-0035]   Complete mcon (guide).
[INFO DRT-0035]   Complete met1 (guide).
[INFO DRT-0035]   Complete via (guide).
[INFO DRT-0035]   Complete met2 (guide).
[INFO DRT-0035]   Complete via2 (guide).
[INFO DRT-0035]   Complete met3 (guide).
[INFO DRT-0035]   Complete via3 (guide).
[INFO DRT-0035]   Complete met4 (guide).
[INFO DRT-0035]   Complete via4 (guide).
[INFO DRT-0035]   Complete met5 (guide).
[INFO DRT-0036] FR_MASTERSLICE guide region query size = 0.
[INFO DRT-0036] FR_VIA guide region query size = 0.
[INFO DRT-0036] li1 guide region query size = 62208.
[INFO DRT-0036] mcon guide region query size = 0.
[INFO DRT-0036] met1 guide region query size = 47229.
[INFO DRT-0036] via guide region query size = 0.
[INFO DRT-0036] met2 guide region query size = 19930.
[INFO DRT-0036] via2 guide region query size = 0.
[INFO DRT-0036] met3 guide region query size = 801.
[INFO DRT-0036] via3 guide region query size = 0.
[INFO DRT-0036] met4 guide region query size = 0.
[INFO DRT-0036] via4 guide region query size = 0.
[INFO DRT-0036] met5 guide region query size = 0.
[INFO DRT-0179] Init gr pin query.
[INFO DRT-0267] cpu time = 00:00:00, elapsed time = 00:00:00, memory = 1421.69 (MB), peak = 1589.75 (MB)
[INFO DRT-0245] skipped writing guide updates to database.
[INFO DRT-0181] Start track assignment.
[INFO DRT-0184] Done with 82138 vertical wires in 3 frboxes and 48030 horizontal wires in 3 frboxes.
[INFO DRT-0186] Done with 3322 vertical wires in 3 frboxes and 11252 horizontal wires in 3 frboxes.
[INFO DRT-0182] Complete track assignment.
[INFO DRT-0267] cpu time = 00:00:09, elapsed time = 00:00:09, memory = 1449.12 (MB), peak = 1589.75 (MB)
[INFO DRT-0187] Start routing data preparation.
[INFO DRT-0267] cpu time = 00:00:00, elapsed time = 00:00:00, memory = 1449.12 (MB), peak = 1589.75 (MB)
[INFO DRT-0194] Start detail routing.
[INFO DRT-0195] Start 0th optimization iteration.
    Completing 10% with 0 violations.
    elapsed time = 00:00:10, memory = 1437.71 (MB).
    Completing 20% with 0 violations.
    elapsed time = 00:00:21, memory = 1454.78 (MB).
    Completing 30% with 0 violations.
    elapsed time = 00:00:32, memory = 1588.34 (MB).
    Completing 40% with 0 violations.
    elapsed time = 00:00:42, memory = 1589.92 (MB).
    Completing 50% with 0 violations.
    elapsed time = 00:00:52, memory = 1619.11 (MB).
    Completing 60% with 4 violations.
    elapsed time = 00:01:04, memory = 1591.10 (MB).
    Completing 70% with 4 violations.
    elapsed time = 00:01:15, memory = 1590.80 (MB).
    Completing 80% with 5 violations.
    elapsed time = 00:01:25, memory = 1625.95 (MB).
    Completing 90% with 5 violations.
    elapsed time = 00:01:36, memory = 1626.05 (MB).
    Completing 100% with 14 violations.
    elapsed time = 00:01:47, memory = 1614.69 (MB).
[INFO DRT-0199]   Number of violations = 14.
Viol/Layer        met1   met2
Short                6      8
[INFO DRT-0267] cpu time = 00:01:45, elapsed time = 00:01:47, memory = 1628.84 (MB), peak = 1636.60 (MB)
Total wire length = 402464 um.
Total wire length on LAYER li1 = 0 um.
Total wire length on LAYER met1 = 216144 um.
Total wire length on LAYER met2 = 173176 um.
Total wire length on LAYER met3 = 13144 um.
Total wire length on LAYER met4 = 0 um.
Total wire length on LAYER met5 = 0 um.
Total number of vias = 151449.
Up-via summary (total 151449):

-------------------------
 FR_MASTERSLICE         0
            li1     79002
           met1     71299
           met2      1148
           met3         0
           met4         0
-------------------------
               151449


[INFO DRT-0195] Start 1st optimization iteration.
    Completing 10% with 14 violations.
    elapsed time = 00:00:09, memory = 1647.51 (MB).
    Completing 20% with 14 violations.
    elapsed time = 00:00:20, memory = 1649.34 (MB).
    Completing 30% with 9 violations.
    elapsed time = 00:00:28, memory = 1630.34 (MB).
    Completing 40% with 9 violations.
    elapsed time = 00:00:39, memory = 1630.80 (MB).
    Completing 50% with 9 violations.
    elapsed time = 00:00:50, memory = 1631.75 (MB).
    Completing 60% with 9 violations.
    elapsed time = 00:01:00, memory = 1645.96 (MB).
    Completing 70% with 9 violations.
    elapsed time = 00:01:10, memory = 1647.75 (MB).
    Completing 80% with 9 violations.
    elapsed time = 00:01:21, memory = 1630.53 (MB).
    Completing 90% with 9 violations.
    elapsed time = 00:01:33, memory = 1631.83 (MB).
    Completing 100% with 0 violations.
    elapsed time = 00:01:44, memory = 1662.28 (MB).
[INFO DRT-0199]   Number of violations = 0.
[INFO DRT-0267] cpu time = 00:01:43, elapsed time = 00:01:44, memory = 1665.66 (MB), peak = 1665.21 (MB)
Total wire length = 402447 um.
Total wire length on LAYER li1 = 0 um.
Total wire length on LAYER met1 = 216133 um.
Total wire length on LAYER met2 = 173169 um.
Total wire length on LAYER met3 = 13144 um.
Total wire length on LAYER met4 = 0 um.
Total wire length on LAYER met5 = 0 um.
Total number of vias = 151446.
Up-via summary (total 151446):

-------------------------
 FR_MASTERSLICE         0
            li1     79002
           met1     71296
           met2      1148
           met3         0
           met4         0
-------------------------
               151446


[INFO DRT-0198] Complete detail routing.
Total wire length = 402447 um.
Total wire length on LAYER li1 = 0 um.
Total wire length on LAYER met1 = 216133 um.
Total wire length on LAYER met2 = 173169 um.
Total wire length on LAYER met3 = 13144 um.
Total wire length on LAYER met4 = 0 um.
Total wire length on LAYER met5 = 0 um.
Total number of vias = 151446.
Up-via summary (total 151446):

-------------------------
 FR_MASTERSLICE         0
            li1     79002
           met1     71296
           met2      1148
           met3         0
           met4         0
-------------------------
               151446


[INFO DRT-0267] cpu time = 00:03:29, elapsed time = 00:03:32, memory = 1665.72 (MB), peak = 1665.21 (MB)

[INFO DRT-0180] Post processing.
[INFO DRT-0501] Runtime: 613.44s
[INFO ANT-0002] Found 0 net violations.
[INFO ANT-0001] Found 0 pin violations.
[INFO ANT-0002] Found 0 net violations.
[INFO ANT-0001] Found 0 pin violations.
Design area 398953 um^2 68% utilization.
write_db /work/orfs/results/sky130hd/g2_g1s_u60/base/5_2_route.odb
Elapsed time: 22:56.30[h:]min:sec. CPU time: user 1514.39 sys 7.22 (110%). Peak memory: 1705304KB.
Log                       Ext     Elapsed/s Peak Memory/MB sha1sum result [0:20)
5_2_route                 .odb         1376           1665 15cc39ea0adab6aa0812
/OpenROAD-flow-scripts/flow/scripts/flow.sh 5_3_fillcell fillcell
Running fillcell.tcl, stage 5_3_fillcell
read_liberty /OpenROAD-flow-scripts/flow/platforms/sky130hd/lib/sky130_fd_sc_hd__tt_025C_1v80.lib
read_liberty /work/cells/g2_cells.lib
read_db /work/orfs/results/sky130hd/g2_g1s_u60/base/5_2_route.odb
read_sdc /work/orfs/results/sky130hd/g2_g1s_u60/base/5_1_grt.sdc
source /OpenROAD-flow-scripts/flow/platforms/sky130hd/setRC.tcl
filler_placement "sky130_fd_sc_hd__fill_1 sky130_fd_sc_hd__fill_2 sky130_fd_sc_hd__fill_4 sky130_fd_sc_hd__fill_8"
[INFO DPL-0001] Placed 40226 filler instances.
Design area 398953 um^2 68% utilization.
write_db /work/orfs/results/sky130hd/g2_g1s_u60/base/5_3_fillcell.odb
Elapsed time: 0:01.19[h:]min:sec. CPU time: user 0.91 sys 0.18 (91%). Peak memory: 240600KB.
Log                       Ext     Elapsed/s Peak Memory/MB sha1sum result [0:20)
5_3_fillcell              .odb            1            234 1628ecaf11103fb2fd96
cp /work/orfs/results/sky130hd/g2_g1s_u60/base/5_3_fillcell.odb /work/orfs/results/sky130hd/g2_g1s_u60/base/5_route.odb
cp /work/orfs/results/sky130hd/g2_g1s_u60/base/5_1_grt.sdc /work/orfs/results/sky130hd/g2_g1s_u60/base/5_route.sdc
/OpenROAD-flow-scripts/flow/scripts/flow.sh 6_1_fill density_fill
Running density_fill.tcl, stage 6_1_fill
read_liberty /OpenROAD-flow-scripts/flow/platforms/sky130hd/lib/sky130_fd_sc_hd__tt_025C_1v80.lib
read_liberty /work/cells/g2_cells.lib
read_db /work/orfs/results/sky130hd/g2_g1s_u60/base/5_route.odb
read_sdc /work/orfs/results/sky130hd/g2_g1s_u60/base/5_route.sdc
source /OpenROAD-flow-scripts/flow/platforms/sky130hd/setRC.tcl
exec cp /work/orfs/results/sky130hd/g2_g1s_u60/base/5_route.odb /work/orfs/results/sky130hd/g2_g1s_u60/base/6_1_fill.odb
Elapsed time: 0:00.76[h:]min:sec. CPU time: user 0.56 sys 0.11 (89%). Peak memory: 184768KB.
Log                       Ext     Elapsed/s Peak Memory/MB sha1sum result [0:20)
6_1_fill                  .odb            0            180 1628ecaf11103fb2fd96
cp /work/orfs/results/sky130hd/g2_g1s_u60/base/5_route.sdc /work/orfs/results/sky130hd/g2_g1s_u60/base/6_1_fill.sdc
/OpenROAD-flow-scripts/flow/scripts/flow.sh 6_report final_report
Running final_report.tcl, stage 6_report
read_liberty /OpenROAD-flow-scripts/flow/platforms/sky130hd/lib/sky130_fd_sc_hd__tt_025C_1v80.lib
read_liberty /work/cells/g2_cells.lib
read_db /work/orfs/results/sky130hd/g2_g1s_u60/base/6_1_fill.odb
read_sdc /work/orfs/results/sky130hd/g2_g1s_u60/base/6_1_fill.sdc
source /OpenROAD-flow-scripts/flow/platforms/sky130hd/setRC.tcl
write_db /work/orfs/results/sky130hd/g2_g1s_u60/base/6_final.odb
write_sdc -no_timestamp /work/orfs/results/sky130hd/g2_g1s_u60/base/6_final.sdc
Deleted 0 routing obstructions
Warning: master sky130_ef_sc_hd__decap_12 has signal pins but no liberty cell
Warning: master sky130_ef_sc_hd__decap_12 has signal pins but no liberty cell
Global output passed lec test
[INFO RCX-0431] Defined process_corner X with ext_model_index 0
[INFO RCX-0029] Defined extraction corner X
[INFO RCX-0435] Reading extraction model file /OpenROAD-flow-scripts/flow/platforms/sky130hd/rcx_patterns.rules ...
[INFO RCX-0436] RC segment generation top (max_merge_res 50.0) ...
[INFO RCX-0040] Final 77716 rc segments
[INFO RCX-0439] Coupling Cap extraction top ...
[INFO RCX-0440] Coupling threshhold is 0.1000 fF, coupling capacitance less than 0.1000 fF will be grounded.
[INFO RCX-0442] 51% of 129205 wires extracted
[INFO RCX-0442] 100% of 129205 wires extracted
[INFO RCX-0045] Extract 26269 nets, 103985 rsegs, 103985 caps, 108858 ccs
[INFO RCX-0443] 26269 nets finished
IR drop analysis for power nets is skipped because PWR_NETS_VOLTAGES is undefined
IR drop analysis for ground nets is skipped because GND_NETS_VOLTAGES is undefined
Cell type report:                       Count        Area
  Fill cell                             40226   191346.02
  Tap cell                               7810     9771.87
  Antenna cell                              3        7.51
  Buffer                                 4224    21780.89
  Clock buffer                           1336    26118.80
  Timing Repair Buffer                    383     4116.45
  Clock inverter                          227     2521.17
  Sequential cell                        8577   171708.43
  Multi-Input combinational cell        12288   162927.51
  Total                                 75074   590298.64
Report metrics stage 6, finish...

==========================================================================
finish report_design_area
--------------------------------------------------------------------------
Design area 398953 um^2 68% utilization.
[WARNING GUI-0010] File path does not end with a valid extension, new path is: /work/orfs/reports/sky130hd/g2_g1s_u60/base/final_all.webp.png
[WARNING GUI-0010] File path does not end with a valid extension, new path is: /work/orfs/reports/sky130hd/g2_g1s_u60/base/final_routing.webp.png
[WARNING GUI-0010] File path does not end with a valid extension, new path is: /work/orfs/reports/sky130hd/g2_g1s_u60/base/final_placement.webp.png
[WARNING GUI-0010] File path does not end with a valid extension, new path is: /work/orfs/reports/sky130hd/g2_g1s_u60/base/final_clocks.webp.png
[WARNING GUI-0010] File path does not end with a valid extension, new path is: /work/orfs/reports/sky130hd/g2_g1s_u60/base/cts_default_clk.webp.png
[WARNING GUI-0010] File path does not end with a valid extension, new path is: /work/orfs/reports/sky130hd/g2_g1s_u60/base/cts_default_clk_layout.webp.png
[WARNING GUI-0010] File path does not end with a valid extension, new path is: /work/orfs/reports/sky130hd/g2_g1s_u60/base/final_resizer.webp.png
[WARNING GUI-0010] File path does not end with a valid extension, new path is: /work/orfs/reports/sky130hd/g2_g1s_u60/base/final_congestion.webp.png
[WARNING GUI-0010] File path does not end with a valid extension, new path is: /work/orfs/reports/sky130hd/g2_g1s_u60/base/final_worst_path.webp.png
Elapsed time: 0:28.19[h:]min:sec. CPU time: user 26.33 sys 0.96 (96%). Peak memory: 682872KB.
Log                       Ext     Elapsed/s Peak Memory/MB sha1sum result [0:20)
6_report                                 28            666                  N/A
cp /OpenROAD-flow-scripts/flow/platforms/sky130hd/lef/sky130_fd_sc_hd.tlef /work/orfs/objects/sky130hd/g2_g1s_u60/base/klayout_tech.lef
/usr/bin/python3 /OpenROAD-flow-scripts/flow/util/generate_klayout_tech.py \
	--template /OpenROAD-flow-scripts/flow/platforms/sky130hd/sky130hd.lyt \
	--output /work/orfs/objects/sky130hd/g2_g1s_u60/base/klayout.lyt \
	--lef-files /work/orfs/objects/sky130hd/g2_g1s_u60/base/klayout_tech.lef /OpenROAD-flow-scripts/flow/platforms/sky130hd/lef/sky130_fd_sc_hd_merged.lef /work/cells/g2_cells.lef   \
	--map-files 
/usr/bin/python3 /OpenROAD-flow-scripts/flow/scripts/run_command.py --log /work/orfs/logs/sky130hd/g2_g1s_u60/base/6_1_merge.log --tee -- \
        /OpenROAD-flow-scripts/flow/scripts/klayout.sh -zz -rd design_name=top \
        -rd in_def=/work/orfs/results/sky130hd/g2_g1s_u60/base/6_final.def \
        -rd in_files="/OpenROAD-flow-scripts/flow/platforms/sky130hd/gds/sky130_fd_sc_hd.gds  " \
        -rd seal_file="" \
        -rd out_file=/work/orfs/results/sky130hd/g2_g1s_u60/base/6_1_merged.gds \
        -rd tech_file=/work/orfs/objects/sky130hd/g2_g1s_u60/base/klayout.lyt \
        -rd layer_map= \
        -r /OpenROAD-flow-scripts/flow/util/def2stream.py
KLayout 0.30.12
[INFO] Reporting cells prior to loading DEF ...
	/OpenROAD-flow-scripts/flow/platforms/sky130hd/gds/sky130_fd_sc_hd.gds
[ERROR] LEF Cell 'LTAP' has no matching GDS/OAS cell. Cell will be empty.
[ERROR] LEF Cell 'VSITE_BUF' has no matching GDS/OAS cell. Cell will be empty.
[INFO] No orphan cells in the final layout
Elapsed time: 0:03.91[h:]min:sec. CPU time: user 3.39 sys 0.31 (94%). Peak memory: 547100KB.
make[1]: *** [Makefile:756: do-gds-merged] Error 2
make: *** [Makefile:752: /work/orfs/results/sky130hd/g2_g1s_u60/base/6_1_merged.gds] Error 2
