stage,job_id,build,design,arch,W,netlist,trace_args,config,oracle_truth,oracle_exhaustive,trace_result,tool_status,class,class_basis,wall_s,trace_elapsed_s,cgroup_peak_mib,max_polynomial,and_gates,timeout_s,timing_note,note
abcmap,abcmap__A_mul_s_w8__booth_lp__default___dyn_p_c,ABCMAP,A_mul_s_w8,booth_lp__default,8,netlists/ABCMAP/A_mul_s_w8__booth_lp__default.aig,-mul -s -dyn -p -c -no-steps,-dyn -p -c,CORRECT,,,TIMEOUT,TIMEOUT,"time budget 60 s exhausted (inner SIGKILL, monotonic clock)",60.96,,120.5,,,60,,W=8;ABC gate-library isolation;gates=default
abcmap,abcmap__A_mul_s_w8__booth_lp__default___idx_p_c,ABCMAP,A_mul_s_w8,booth_lp__default,8,netlists/ABCMAP/A_mul_s_w8__booth_lp__default.aig,-mul -s -idx -p -c -no-steps,-idx -p -c,CORRECT,,,TIMEOUT,TIMEOUT,"time budget 60 s exhausted (inner SIGKILL, monotonic clock)",60.85,,110.2,,,60,,W=8;ABC gate-library isolation;gates=default
abcmap,abcmap__A_mul_s_w8__booth_lp__g_aig___dyn_p_c,ABCMAP,A_mul_s_w8,booth_lp__g_aig,8,netlists/ABCMAP/A_mul_s_w8__booth_lp__g_aig.aig,-mul -s -dyn -p -c -no-steps,-dyn -p -c,CORRECT,,,TIMEOUT,TIMEOUT,"time budget 60 s exhausted (inner SIGKILL, monotonic clock)",60.99,,57.9,,,60,,W=8;ABC gate-library isolation;gates=g_aig
abcmap,abcmap__A_mul_s_w8__booth_lp__g_aig___idx_p_c,ABCMAP,A_mul_s_w8,booth_lp__g_aig,8,netlists/ABCMAP/A_mul_s_w8__booth_lp__g_aig.aig,-mul -s -idx -p -c -no-steps,-idx -p -c,CORRECT,,,TIMEOUT,TIMEOUT,"time budget 60 s exhausted (inner SIGKILL, monotonic clock)",60.97,,150.8,,,60,,W=8;ABC gate-library isolation;gates=g_aig
abcmap,abcmap__A_mul_s_w8__booth_lp__g_gates___dyn_p_c,ABCMAP,A_mul_s_w8,booth_lp__g_gates,8,netlists/ABCMAP/A_mul_s_w8__booth_lp__g_gates.aig,-mul -s -dyn -p -c -no-steps,-dyn -p -c,CORRECT,,,TIMEOUT,TIMEOUT,"time budget 60 s exhausted (inner SIGKILL, monotonic clock)",61.16,,73.2,,,60,,W=8;ABC gate-library isolation;gates=g_gates
abcmap,abcmap__A_mul_s_w8__booth_lp__g_gates___idx_p_c,ABCMAP,A_mul_s_w8,booth_lp__g_gates,8,netlists/ABCMAP/A_mul_s_w8__booth_lp__g_gates.aig,-mul -s -idx -p -c -no-steps,-idx -p -c,CORRECT,,,TIMEOUT,TIMEOUT,"time budget 60 s exhausted (inner SIGKILL, monotonic clock)",61.05,,129.1,,,60,,W=8;ABC gate-library isolation;gates=g_gates
abcmap,abcmap__A_mul_s_w8__booth_lp__g_simple___dyn_p_c,ABCMAP,A_mul_s_w8,booth_lp__g_simple,8,netlists/ABCMAP/A_mul_s_w8__booth_lp__g_simple.aig,-mul -s -dyn -p -c -no-steps,-dyn -p -c,CORRECT,,,TIMEOUT,TIMEOUT,"time budget 60 s exhausted (inner SIGKILL, monotonic clock)",61.21,,114.7,,,60,,W=8;ABC gate-library isolation;gates=g_simple
abcmap,abcmap__A_mul_s_w8__booth_lp__g_simple___idx_p_c,ABCMAP,A_mul_s_w8,booth_lp__g_simple,8,netlists/ABCMAP/A_mul_s_w8__booth_lp__g_simple.aig,-mul -s -idx -p -c -no-steps,-idx -p -c,CORRECT,,,TIMEOUT,TIMEOUT,"time budget 60 s exhausted (inner SIGKILL, monotonic clock)",61.36,,134.3,,,60,,W=8;ABC gate-library isolation;gates=g_simple
abcmap,abcmap__A_mul_u_w12__booth__default___dyn_p_c,ABCMAP,A_mul_u_w12,booth__default,12,netlists/ABCMAP/A_mul_u_w12__booth__default.aig,-mul -dyn -p -c -no-steps,-dyn -p -c,CORRECT,,,TIMEOUT,TIMEOUT,"time budget 90 s exhausted (inner SIGKILL, monotonic clock)",90.84,,71.2,,,90,,W=12;ABC gate-library isolation;gates=default
abcmap,abcmap__A_mul_u_w12__booth__default___idx_p_c,ABCMAP,A_mul_u_w12,booth__default,12,netlists/ABCMAP/A_mul_u_w12__booth__default.aig,-mul -idx -p -c -no-steps,-idx -p -c,CORRECT,,,TIMEOUT,TIMEOUT,"time budget 90 s exhausted (inner SIGKILL, monotonic clock)",91.25,,171.3,,,90,,W=12;ABC gate-library isolation;gates=default
abcmap,abcmap__A_mul_u_w12__booth__g_aig___dyn_p_c,ABCMAP,A_mul_u_w12,booth__g_aig,12,netlists/ABCMAP/A_mul_u_w12__booth__g_aig.aig,-mul -dyn -p -c -no-steps,-dyn -p -c,CORRECT,,,TIMEOUT,TIMEOUT,"time budget 90 s exhausted (inner SIGKILL, monotonic clock)",91.10,,114.6,,,90,,W=12;ABC gate-library isolation;gates=g_aig
abcmap,abcmap__A_mul_u_w12__booth__g_aig___idx_p_c,ABCMAP,A_mul_u_w12,booth__g_aig,12,netlists/ABCMAP/A_mul_u_w12__booth__g_aig.aig,-mul -idx -p -c -no-steps,-idx -p -c,CORRECT,,,TIMEOUT,TIMEOUT,"time budget 90 s exhausted (inner SIGKILL, monotonic clock)",91.17,,202.5,,,90,,W=12;ABC gate-library isolation;gates=g_aig
abcmap,abcmap__A_mul_u_w12__booth__g_gates___dyn_p_c,ABCMAP,A_mul_u_w12,booth__g_gates,12,netlists/ABCMAP/A_mul_u_w12__booth__g_gates.aig,-mul -dyn -p -c -no-steps,-dyn -p -c,CORRECT,,,TIMEOUT,TIMEOUT,"time budget 90 s exhausted (inner SIGKILL, monotonic clock)",90.55,,80.3,,,90,,W=12;ABC gate-library isolation;gates=g_gates
abcmap,abcmap__A_mul_u_w12__booth__g_gates___idx_p_c,ABCMAP,A_mul_u_w12,booth__g_gates,12,netlists/ABCMAP/A_mul_u_w12__booth__g_gates.aig,-mul -idx -p -c -no-steps,-idx -p -c,CORRECT,,,TIMEOUT,TIMEOUT,"time budget 90 s exhausted (inner SIGKILL, monotonic clock)",90.58,,227.6,,,90,,W=12;ABC gate-library isolation;gates=g_gates
abcmap,abcmap__A_mul_u_w12__booth__g_simple___dyn_p_c,ABCMAP,A_mul_u_w12,booth__g_simple,12,netlists/ABCMAP/A_mul_u_w12__booth__g_simple.aig,-mul -dyn -p -c -no-steps,-dyn -p -c,CORRECT,,,TIMEOUT,TIMEOUT,"time budget 90 s exhausted (inner SIGKILL, monotonic clock)",90.46,,143.9,,,90,,W=12;ABC gate-library isolation;gates=g_simple
abcmap,abcmap__A_mul_u_w12__booth__g_simple___idx_p_c,ABCMAP,A_mul_u_w12,booth__g_simple,12,netlists/ABCMAP/A_mul_u_w12__booth__g_simple.aig,-mul -idx -p -c -no-steps,-idx -p -c,CORRECT,,,TIMEOUT,TIMEOUT,"time budget 90 s exhausted (inner SIGKILL, monotonic clock)",90.51,,239.1,,,90,,W=12;ABC gate-library isolation;gates=g_simple
abcmap,abcmap__A_mul_u_w20__norm__default___dyn_p_c,ABCMAP,A_mul_u_w20,norm__default,20,netlists/ABCMAP/A_mul_u_w20__norm__default.aig,-mul -dyn -p -c -no-steps,-dyn -p -c,CORRECT,,,TIMEOUT,TIMEOUT,"time budget 180 s exhausted (inner SIGKILL, monotonic clock)",180.49,,143.9,,,180,,W=20;ABC gate-library isolation;gates=default
abcmap,abcmap__A_mul_u_w20__norm__default___idx_p_c,ABCMAP,A_mul_u_w20,norm__default,20,netlists/ABCMAP/A_mul_u_w20__norm__default.aig,-mul -idx -p -c -no-steps,-idx -p -c,CORRECT,,,TIMEOUT,TIMEOUT,"time budget 180 s exhausted (inner SIGKILL, monotonic clock)",180.54,,592.6,,,180,,W=20;ABC gate-library isolation;gates=default
abcmap,abcmap__A_mul_u_w20__norm__g_aig___dyn_p_c,ABCMAP,A_mul_u_w20,norm__g_aig,20,netlists/ABCMAP/A_mul_u_w20__norm__g_aig.aig,-mul -dyn -p -c -no-steps,-dyn -p -c,CORRECT,,,TIMEOUT,TIMEOUT,"time budget 180 s exhausted (inner SIGKILL, monotonic clock)",180.62,,137.6,,,180,,W=20;ABC gate-library isolation;gates=g_aig
abcmap,abcmap__A_mul_u_w20__norm__g_aig___idx_p_c,ABCMAP,A_mul_u_w20,norm__g_aig,20,netlists/ABCMAP/A_mul_u_w20__norm__g_aig.aig,-mul -idx -p -c -no-steps,-idx -p -c,CORRECT,,,TIMEOUT,TIMEOUT,"time budget 180 s exhausted (inner SIGKILL, monotonic clock)",180.70,,854.9,,,180,,W=20;ABC gate-library isolation;gates=g_aig
abcmap,abcmap__A_mul_u_w20__norm__g_gates___dyn_p_c,ABCMAP,A_mul_u_w20,norm__g_gates,20,netlists/ABCMAP/A_mul_u_w20__norm__g_gates.aig,-mul -dyn -p -c -no-steps,-dyn -p -c,CORRECT,,,TIMEOUT,TIMEOUT,"time budget 180 s exhausted (inner SIGKILL, monotonic clock)",180.58,,144.1,,,180,,W=20;ABC gate-library isolation;gates=g_gates
abcmap,abcmap__A_mul_u_w20__norm__g_gates___idx_p_c,ABCMAP,A_mul_u_w20,norm__g_gates,20,netlists/ABCMAP/A_mul_u_w20__norm__g_gates.aig,-mul -idx -p -c -no-steps,-idx -p -c,CORRECT,,,TIMEOUT,TIMEOUT,"time budget 180 s exhausted (inner SIGKILL, monotonic clock)",180.60,,668.8,,,180,,W=20;ABC gate-library isolation;gates=g_gates
abcmap,abcmap__A_mul_u_w20__norm__g_simple___dyn_p_c,ABCMAP,A_mul_u_w20,norm__g_simple,20,netlists/ABCMAP/A_mul_u_w20__norm__g_simple.aig,-mul -dyn -p -c -no-steps,-dyn -p -c,CORRECT,,,TIMEOUT,TIMEOUT,"time budget 180 s exhausted (inner SIGKILL, monotonic clock)",180.42,,175.1,,,180,,W=20;ABC gate-library isolation;gates=g_simple
abcmap,abcmap__A_mul_u_w20__norm__g_simple___idx_p_c,ABCMAP,A_mul_u_w20,norm__g_simple,20,netlists/ABCMAP/A_mul_u_w20__norm__g_simple.aig,-mul -idx -p -c -no-steps,-idx -p -c,CORRECT,,,TIMEOUT,TIMEOUT,"time budget 180 s exhausted (inner SIGKILL, monotonic clock)",180.46,,804.2,,,180,,W=20;ABC gate-library isolation;gates=g_simple
abcmap,abcmap__A_mul_u_w8__booth__default___dyn_p_c,ABCMAP,A_mul_u_w8,booth__default,8,netlists/ABCMAP/A_mul_u_w8__booth__default.aig,-mul -dyn -p -c -no-steps,-dyn -p -c,CORRECT,,,TIMEOUT,TIMEOUT,"time budget 60 s exhausted (inner SIGKILL, monotonic clock)",60.48,,153.0,,,60,,W=8;ABC gate-library isolation;gates=default
abcmap,abcmap__A_mul_u_w8__booth__default___idx_p_c,ABCMAP,A_mul_u_w8,booth__default,8,netlists/ABCMAP/A_mul_u_w8__booth__default.aig,-mul -idx -p -c -no-steps,-idx -p -c,CORRECT,,,TIMEOUT,TIMEOUT,"time budget 60 s exhausted (inner SIGKILL, monotonic clock)",60.44,,231.2,,,60,,W=8;ABC gate-library isolation;gates=default
abcmap,abcmap__A_mul_u_w8__booth__g_aig___dyn_p_c,ABCMAP,A_mul_u_w8,booth__g_aig,8,netlists/ABCMAP/A_mul_u_w8__booth__g_aig.aig,-mul -dyn -p -c -no-steps,-dyn -p -c,CORRECT,,,TIMEOUT,TIMEOUT,"time budget 60 s exhausted (inner SIGKILL, monotonic clock)",60.56,,55.5,,,60,,W=8;ABC gate-library isolation;gates=g_aig
abcmap,abcmap__A_mul_u_w8__booth__g_aig___idx_p_c,ABCMAP,A_mul_u_w8,booth__g_aig,8,netlists/ABCMAP/A_mul_u_w8__booth__g_aig.aig,-mul -idx -p -c -no-steps,-idx -p -c,CORRECT,,,TIMEOUT,TIMEOUT,"time budget 60 s exhausted (inner SIGKILL, monotonic clock)",60.57,,154.8,,,60,,W=8;ABC gate-library isolation;gates=g_aig
abcmap,abcmap__A_mul_u_w8__booth__g_gates___dyn_p_c,ABCMAP,A_mul_u_w8,booth__g_gates,8,netlists/ABCMAP/A_mul_u_w8__booth__g_gates.aig,-mul -dyn -p -c -no-steps,-dyn -p -c,CORRECT,,,TIMEOUT,TIMEOUT,"time budget 60 s exhausted (inner SIGKILL, monotonic clock)",60.54,,85.8,,,60,,W=8;ABC gate-library isolation;gates=g_gates
abcmap,abcmap__A_mul_u_w8__booth__g_gates___idx_p_c,ABCMAP,A_mul_u_w8,booth__g_gates,8,netlists/ABCMAP/A_mul_u_w8__booth__g_gates.aig,-mul -idx -p -c -no-steps,-idx -p -c,CORRECT,,,TIMEOUT,TIMEOUT,"time budget 60 s exhausted (inner SIGKILL, monotonic clock)",60.59,,213.0,,,60,,W=8;ABC gate-library isolation;gates=g_gates
abcmap,abcmap__A_mul_u_w8__booth__g_simple___dyn_p_c,ABCMAP,A_mul_u_w8,booth__g_simple,8,netlists/ABCMAP/A_mul_u_w8__booth__g_simple.aig,-mul -dyn -p -c -no-steps,-dyn -p -c,CORRECT,,,TIMEOUT,TIMEOUT,"time budget 60 s exhausted (inner SIGKILL, monotonic clock)",60.56,,48.6,,,60,,W=8;ABC gate-library isolation;gates=g_simple
abcmap,abcmap__A_mul_u_w8__booth__g_simple___idx_p_c,ABCMAP,A_mul_u_w8,booth__g_simple,8,netlists/ABCMAP/A_mul_u_w8__booth__g_simple.aig,-mul -idx -p -c -no-steps,-idx -p -c,CORRECT,,,TIMEOUT,TIMEOUT,"time budget 60 s exhausted (inner SIGKILL, monotonic clock)",60.58,,140.1,,,60,,W=8;ABC gate-library isolation;gates=g_simple
abcmap,abcmap__B_dot2_u_w16__norm__default___dyn_p_c,ABCMAP,B_dot2_u_w16,norm__default,16,netlists/ABCMAP/B_dot2_u_w16__norm__default.aig,-dot=2 -dyn -p -c -no-steps,-dyn -p -c,CORRECT,,,TIMEOUT,TIMEOUT,"time budget 120 s exhausted (inner SIGKILL, monotonic clock)",120.56,,150.8,,,120,,W=16;ABC gate-library isolation;gates=default
abcmap,abcmap__B_dot2_u_w16__norm__default___idx_p_c,ABCMAP,B_dot2_u_w16,norm__default,16,netlists/ABCMAP/B_dot2_u_w16__norm__default.aig,-dot=2 -idx -p -c -no-steps,-idx -p -c,CORRECT,,,TIMEOUT,TIMEOUT,"time budget 120 s exhausted (inner SIGKILL, monotonic clock)",120.55,,672.2,,,120,,W=16;ABC gate-library isolation;gates=default
abcmap,abcmap__B_dot2_u_w16__norm__g_aig___dyn_p_c,ABCMAP,B_dot2_u_w16,norm__g_aig,16,netlists/ABCMAP/B_dot2_u_w16__norm__g_aig.aig,-dot=2 -dyn -p -c -no-steps,-dyn -p -c,CORRECT,,,TIMEOUT,TIMEOUT,"time budget 120 s exhausted (inner SIGKILL, monotonic clock)",120.54,,162.9,,,120,,W=16;ABC gate-library isolation;gates=g_aig
abcmap,abcmap__B_dot2_u_w16__norm__g_aig___idx_p_c,ABCMAP,B_dot2_u_w16,norm__g_aig,16,netlists/ABCMAP/B_dot2_u_w16__norm__g_aig.aig,-dot=2 -idx -p -c -no-steps,-idx -p -c,CORRECT,,,TIMEOUT,TIMEOUT,"time budget 120 s exhausted (inner SIGKILL, monotonic clock)",120.66,,342.7,,,120,,W=16;ABC gate-library isolation;gates=g_aig
abcmap,abcmap__B_dot2_u_w16__norm__g_gates___dyn_p_c,ABCMAP,B_dot2_u_w16,norm__g_gates,16,netlists/ABCMAP/B_dot2_u_w16__norm__g_gates.aig,-dot=2 -dyn -p -c -no-steps,-dyn -p -c,CORRECT,,,TIMEOUT,TIMEOUT,"time budget 120 s exhausted (inner SIGKILL, monotonic clock)",120.55,,229.9,,,120,,W=16;ABC gate-library isolation;gates=g_gates
abcmap,abcmap__B_dot2_u_w16__norm__g_gates___idx_p_c,ABCMAP,B_dot2_u_w16,norm__g_gates,16,netlists/ABCMAP/B_dot2_u_w16__norm__g_gates.aig,-dot=2 -idx -p -c -no-steps,-idx -p -c,CORRECT,,,TIMEOUT,TIMEOUT,"time budget 120 s exhausted (inner SIGKILL, monotonic clock)",120.61,,683.4,,,120,,W=16;ABC gate-library isolation;gates=g_gates
abcmap,abcmap__B_dot2_u_w16__norm__g_simple___dyn_p_c,ABCMAP,B_dot2_u_w16,norm__g_simple,16,netlists/ABCMAP/B_dot2_u_w16__norm__g_simple.aig,-dot=2 -dyn -p -c -no-steps,-dyn -p -c,CORRECT,,,TIMEOUT,TIMEOUT,"time budget 120 s exhausted (inner SIGKILL, monotonic clock)",120.63,,128.0,,,120,,W=16;ABC gate-library isolation;gates=g_simple
abcmap,abcmap__B_dot2_u_w16__norm__g_simple___idx_p_c,ABCMAP,B_dot2_u_w16,norm__g_simple,16,netlists/ABCMAP/B_dot2_u_w16__norm__g_simple.aig,-dot=2 -idx -p -c -no-steps,-idx -p -c,CORRECT,,,TIMEOUT,TIMEOUT,"time budget 120 s exhausted (inner SIGKILL, monotonic clock)",120.62,,464.6,,,120,,W=16;ABC gate-library isolation;gates=g_simple
baseline,BL01_readme_16_AR_RC,,16_16_U_SP_AR_RC.aig,,,third_party/trace_d57aa9a7/example_circuits/multipliers/16_16_U_SP_AR_RC.aig,-mul -p -c -no-steps,-p -c,CORRECT,,Correct,RESULT,PASS,jobs-file expectation (baseline/control),2.02,0.452007,8.0,289,2784,900,,README documented example
baseline,BL02_8_AR_RC,,8_8_U_SP_AR_RC.aig,,,third_party/trace_d57aa9a7/example_circuits/multipliers/8_8_U_SP_AR_RC.aig,-mul -p -c -no-steps,-p -c,CORRECT,,Correct,RESULT,PASS,jobs-file expectation (baseline/control),1.55,0.0386507,4.4,81,624,900,,GenMul example
baseline,BL03_beh_MUL_8,,behavioral_MUL_8.aig,,,third_party/trace_d57aa9a7/example_circuits/multipliers/behavioral_MUL_8.aig,-mul -dyn -p -c -no-steps,-dyn -p -c,CORRECT,,Correct,RESULT,PASS,jobs-file expectation (baseline/control),1.44,0.0272006,4.9,105,463,900,,paper best config DYN+P+C
baseline,BL04_beh_MUL_16,,behavioral_MUL_16.aig,,,third_party/trace_d57aa9a7/example_circuits/multipliers/behavioral_MUL_16.aig,-mul -dyn -p -c -no-steps,-dyn -p -c,CORRECT,,Correct,RESULT,PASS,jobs-file expectation (baseline/control),1.90,0.451661,7.5,351,2047,900,,
baseline,BL05_beh_MUL_32,,behavioral_MUL_32.aig,,,third_party/trace_d57aa9a7/example_circuits/multipliers/behavioral_MUL_32.aig,-mul -dyn -p -c -no-steps,-dyn -p -c,CORRECT,,Correct,RESULT,PASS,jobs-file expectation (baseline/control),6.12,4.35177,26.5,1295,8384,900,,
baseline,BL06_beh_MUL_64,,behavioral_MUL_64.aig,,,third_party/trace_d57aa9a7/example_circuits/multipliers/behavioral_MUL_64.aig,-mul -dyn -p -c -no-steps,-dyn -p -c,CORRECT,,Correct,RESULT,PASS,jobs-file expectation (baseline/control),69.38,67.3164,100.0,4909,33596,900,,
baseline,BL07_64_WT_KS,,64_64_U_SP_WT_KS.aig,,,third_party/trace_d57aa9a7/example_circuits/multipliers/64_64_U_SP_WT_KS.aig,-mul -dyn -p -c -no-steps,-dyn -p -c,CORRECT,,Correct,RESULT,PASS,jobs-file expectation (baseline/control),293.09,288.091,317.4,27310,51336,900,,paper reports 98.84 s
baseline,BL08_beh_mac_8,,behavioral_mac_8.aig,,,third_party/trace_d57aa9a7/example_circuits/macs/behavioral_mac_8.aig,-mac -dyn -p -c -no-steps,-dyn -p -c,CORRECT,,Correct,RESULT,PASS,jobs-file expectation (baseline/control),1.72,0.063452,4.7,130,596,900,,
baseline,BL09_beh_mac_16,,behavioral_mac_16.aig,,,third_party/trace_d57aa9a7/example_circuits/macs/behavioral_mac_16.aig,-mac -dyn -p -c -no-steps,-dyn -p -c,CORRECT,,Correct,RESULT,PASS,jobs-file expectation (baseline/control),1.92,0.402691,8.5,412,2295,900,,
baseline,BL10_beh_mac_32,,behavioral_mac_32.aig,,,third_party/trace_d57aa9a7/example_circuits/macs/behavioral_mac_32.aig,-mac -dyn -p -c -no-steps,-dyn -p -c,CORRECT,,Correct,RESULT,PASS,jobs-file expectation (baseline/control),8.03,6.50218,30.2,2574,8870,900,,paper reports 2.86 s
baseline,BL11_beh_mac_64,,behavioral_mac_64.aig,,,third_party/trace_d57aa9a7/example_circuits/macs/behavioral_mac_64.aig,-mac -dyn -p -c -no-steps,-dyn -p -c,CORRECT,,Correct,RESULT,PASS,jobs-file expectation (baseline/control),275.03,272.892,126.3,15135,34521,900,,paper reports 86.06 s
baseline,BL12_NMAC_8_AR_RC,,NMAC_8_8_U_SP_AR_RC.aig,,,third_party/trace_d57aa9a7/example_circuits/macs/NMAC_8_8_U_SP_AR_RC.aig,-mac -dyn -p -c -no-steps,-dyn -p -c,CORRECT,,Correct,RESULT,PASS,jobs-file expectation (baseline/control),1.74,0.19123,4.8,165,776,900,,cin input is dangling
baseline,BL13_NMAC_32_WT_KS,,NMAC_32_32_U_SP_WT_KS.aig,,,third_party/trace_d57aa9a7/example_circuits/macs/NMAC_32_32_U_SP_WT_KS.aig,-mac -dyn -p -c -no-steps,-dyn -p -c,CORRECT,,Correct,RESULT,PASS,jobs-file expectation (baseline/control),13.87,12.1319,63.1,6836,13220,900,,
baseline,BL14_ADD_8_RC,,ADD_8_8_RC.aig,,,third_party/trace_d57aa9a7/example_circuits/adders/ADD_8_8_RC.aig,-add -no-steps,,CORRECT,,Correct,RESULT,PASS,jobs-file expectation (baseline/control),1.02,0.00158697,4.6,26,81,900,,
baseline,BL15_ADD_128_CL,,ADD_128_128_CL.aig,,,third_party/trace_d57aa9a7/example_circuits/adders/ADD_128_128_CL.aig,-add -no-steps,,CORRECT,,,MEMOUT,TIMEOUT,memory budget exhausted (14g cgroup limit),474.34,,14336.0,,,900,,
baseline,BL16_wrongmode_MUL8_as_mac,,behavioral_MUL_8.aig,,,third_party/trace_d57aa9a7/example_circuits/multipliers/behavioral_MUL_8.aig,-mac -dyn -p -c -no-steps,-dyn -p -c,INCORRECT,,,TIMEOUT,TIMEOUT,"time budget 900 s exhausted (inner SIGKILL, monotonic clock)",902.56,,1017.3,,,900,,control: circuit is a*b not MAC
baseline,BL17_wrongmode_mac8_as_mul,,behavioral_mac_8.aig,,,third_party/trace_d57aa9a7/example_circuits/macs/behavioral_mac_8.aig,-mul -dyn -p -c -no-steps,-dyn -p -c,INCORRECT,,Buggy,RESULT,FAIL,remainder witness replays as a real mismatch,1.26,0.106098,4.4,288,596,900,,control: circuit is MAC not a*b
baseline,BL18_wrongsign_MUL8_signed,,behavioral_MUL_8.aig,,,third_party/trace_d57aa9a7/example_circuits/multipliers/behavioral_MUL_8.aig,-mul -s -dyn -p -c -no-steps,-dyn -p -c,INCORRECT,,Buggy,RESULT,FAIL,remainder witness replays as a real mismatch,1.67,0.0174094,5.2,105,463,900,,control: unsigned circuit checked as signed
baseline,BL19_MUTX_beh_MUL_8,,MUTX_behavioral_MUL_8.aig,,,netlists/BASELINE/MUTX_behavioral_MUL_8.aig,-mul -dyn -p -c -no-steps,-dyn -p -c,INCORRECT,,Buggy,RESULT,FAIL,remainder witness replays as a real mismatch,2.20,0.367999,5.1,2062,463,900,,gate-level mutant (oracle-proven exhaustive)
baseline,BL20_MUTX_beh_mac_8,,MUTX_behavioral_mac_8.aig,,,netlists/BASELINE/MUTX_behavioral_mac_8.aig,-mac -dyn -p -c -no-steps,-dyn -p -c,INCORRECT,,Buggy,RESULT,FAIL,remainder witness replays as a real mismatch,1.52,0.0693647,5.0,130,596,900,,gate-level mutant
baseline,BL21_MUTX_16_WT_KS,,MUTX_16_16_U_SP_WT_KS.aig,,,netlists/BASELINE/MUTX_16_16_U_SP_WT_KS.aig,-mul -dyn -p -c -no-steps,-dyn -p -c,INCORRECT,,,TIMEOUT,TIMEOUT,"time budget 900 s exhausted (inner SIGKILL, monotonic clock)",902.62,,696.4,,,900,,gate-level mutant
baseline,BL22_MUTX_beh_MUL_32,,MUTX_behavioral_MUL_32.aig,,,netlists/BASELINE/MUTX_behavioral_MUL_32.aig,-mul -dyn -p -c -no-steps,-dyn -p -c,INCORRECT,,Buggy,RESULT,FAIL,remainder witness replays as a real mismatch,10.16,6.02906,27.0,1295,8384,900,,gate-level mutant
baseline,BL23_MUTX_NMAC_8,,MUTX_NMAC_8_8_U_SP_AR_RC.aig,,,netlists/BASELINE/MUTX_NMAC_8_8_U_SP_AR_RC.aig,-mac -dyn -p -c -no-steps,-dyn -p -c,INCORRECT,,Buggy,RESULT,FAIL,remainder witness replays as a real mismatch,2.58,0.307537,5.1,834,776,900,,gate-level mutant
baseline,BL24_MUTX_beh_mac_32,,MUTX_behavioral_mac_32.aig,,,netlists/BASELINE/MUTX_behavioral_mac_32.aig,-mac -dyn -p -c -no-steps,-dyn -p -c,INCORRECT,,,TIMEOUT,TIMEOUT,"time budget 900 s exhausted (inner SIGKILL, monotonic clock)",902.27,,950.4,,,900,,gate-level mutant
baseline,BL25_IDENT_beh_MUL_8,,IDENT_behavioral_MUL_8.aig,,,netlists/BASELINE/IDENT_behavioral_MUL_8.aig,-mul -dyn -p -c -no-steps,-dyn -p -c,CORRECT,,Correct,RESULT,PASS,jobs-file expectation (baseline/control),1.03,0.0205482,4.9,105,463,900,,symbol-stripped identical copy
baseline,BL26_IDENT_beh_mac_8,,IDENT_behavioral_mac_8.aig,,,netlists/BASELINE/IDENT_behavioral_mac_8.aig,-mac -dyn -p -c -no-steps,-dyn -p -c,CORRECT,,Correct,RESULT,PASS,jobs-file expectation (baseline/control),0.98,0.0444054,4.6,130,596,900,,symbol-stripped identical copy
baseline,BL27_IDENT_16_WT_KS,,IDENT_16_16_U_SP_WT_KS.aig,,,netlists/BASELINE/IDENT_16_16_U_SP_WT_KS.aig,-mul -dyn -p -c -no-steps,-dyn -p -c,CORRECT,,Correct,RESULT,PASS,jobs-file expectation (baseline/control),2.02,0.903851,15.0,596,3136,900,,symbol-stripped identical copy
baseline,BL28_gen_beh_MUL_8,,behavioral_MUL_8.aig,,,third_party/trace_d57aa9a7/example_circuits/multipliers/behavioral_MUL_8.aig,-gen -no-steps,,UNKNOWN,,,NO_RESULT,UNSUPPORTED,-gen (specification generation) prints no verdict and no polynomial in this build; tool_status=NO_RESULT,48.31,47.2714,552.6,17,463,900,,inspect -gen output
baseline,BL29_idx_beh_MUL_16,,behavioral_MUL_16.aig,,,third_party/trace_d57aa9a7/example_circuits/multipliers/behavioral_MUL_16.aig,-mul -no-steps,,CORRECT,,,MEMOUT,TIMEOUT,memory budget exhausted (14g cgroup limit),848.31,,14336.0,,,900,,default idx without P/C
calib,calib__MAIN__A_mul_u_w32__norm___idx_p_c,MAIN,A_mul_u_w32,norm,32,netlists/MAIN/A_mul_u_w32__norm.aig,-mul -idx -p -c -no-steps,-idx -p -c,CORRECT,False,,TIMEOUT,TIMEOUT,"time budget 1800 s exhausted (inner SIGKILL, monotonic clock)",13668.41,,6282.2,,,1800,"timing unreliable: wall time exceeds the budget by > 60 s (WSL clock resync of ~26,700 s, or container start/teardown delay under load); TRACE itself was bounded by the in-container timeout, so the verdict is unaffected",W=32;uncontended calibration of a TIMEOUTx6 (300 s) post-ABC result;mem=10g
calib,calib__MAIN__B_dot2_u_w16__norm___dyn_p_c,MAIN,B_dot2_u_w16,norm,16,netlists/MAIN/B_dot2_u_w16__norm.aig,-dot=2 -dyn -p -c -no-steps,-dyn -p -c,CORRECT,False,,TIMEOUT,TIMEOUT,"time budget 1800 s exhausted (inner SIGKILL, monotonic clock)",13668.27,,1966.6,,,1800,"timing unreliable: wall time exceeds the budget by > 60 s (WSL clock resync of ~26,700 s, or container start/teardown delay under load); TRACE itself was bounded by the in-container timeout, so the verdict is unaffected",W=16;uncontended calibration of a TIMEOUTx6 (120 s) post-ABC result;mem=10g
contra,ct__PATCH_B_mac_s_w8__tree_pre___dyn,PATCH,B_mac_s_w8,tree_pre,8,netlists/PATCH/B_mac_s_w8__tree_pre.aig,-mac -s -dyn -no-steps,-dyn,CORRECT,False,Correct,RESULT,PASS,oracle 4096 corner + 16384 random,1.60,0.249622,4.6,466,794,60,,W=8;complementary_ANDs=2;ablation
contra,ct__PATCH_B_mac_s_w8__tree_pre___dyn_p,PATCH,B_mac_s_w8,tree_pre,8,netlists/PATCH/B_mac_s_w8__tree_pre.aig,-mac -s -dyn -p -no-steps,-dyn -p,CORRECT,False,Buggy,RESULT,FALSE_FAIL,oracle 4096 corner + 16384 random; remainder replay: REMAINDER_INVALID,1.88,0.341028,5.2,341,794,60,,W=8;complementary_ANDs=2;ablation
contra,ct__PATCH_B_mac_s_w8__tree_pre___dyn_c,PATCH,B_mac_s_w8,tree_pre,8,netlists/PATCH/B_mac_s_w8__tree_pre.aig,-mac -s -dyn -c -no-steps,-dyn -c,CORRECT,False,Correct,RESULT,PASS,oracle 4096 corner + 16384 random,1.60,0.119888,5.1,170,794,60,,W=8;complementary_ANDs=2;ablation
contra,ct__PATCH_B_mac_s_w8__tree_pre___idx,PATCH,B_mac_s_w8,tree_pre,8,netlists/PATCH/B_mac_s_w8__tree_pre.aig,-mac -s -idx -no-steps,-idx,CORRECT,False,,TIMEOUT,TIMEOUT,"time budget 60 s exhausted (inner SIGKILL, monotonic clock)",61.65,,743.0,,,60,,W=8;complementary_ANDs=2;ablation
contra,ct__PATCH_B_mac_s_w8__tree_pre___idx_p,PATCH,B_mac_s_w8,tree_pre,8,netlists/PATCH/B_mac_s_w8__tree_pre.aig,-mac -s -idx -p -no-steps,-idx -p,CORRECT,False,,TIMEOUT,TIMEOUT,"time budget 60 s exhausted (inner SIGKILL, monotonic clock)",61.52,,229.8,,,60,,W=8;complementary_ANDs=2;ablation
contra,ct__PATCH_B_mac_s_w8__tree_pre___idx_c,PATCH,B_mac_s_w8,tree_pre,8,netlists/PATCH/B_mac_s_w8__tree_pre.aig,-mac -s -idx -c -no-steps,-idx -c,CORRECT,False,,TIMEOUT,TIMEOUT,"time budget 60 s exhausted (inner SIGKILL, monotonic clock)",61.93,,617.9,,,60,,W=8;complementary_ANDs=2;ablation
contra,ct__PATCH_B_mac_s_w8__tree_pre___igs,PATCH,B_mac_s_w8,tree_pre,8,netlists/PATCH/B_mac_s_w8__tree_pre.aig,-mac -s -igs -no-steps,-igs,CORRECT,False,Correct,RESULT,PASS,oracle 4096 corner + 16384 random,19.56,18.0834,271.0,97,794,60,,W=8;complementary_ANDs=2;ablation
contra,ct__PATCH_B_mac_s_w8__tree_pre___igs_p,PATCH,B_mac_s_w8,tree_pre,8,netlists/PATCH/B_mac_s_w8__tree_pre.aig,-mac -s -igs -p -no-steps,-igs -p,CORRECT,False,Buggy,RESULT,FALSE_FAIL,oracle 4096 corner + 16384 random; remainder replay: REMAINDER_INVALID,1.82,0.192619,4.3,97,794,60,,W=8;complementary_ANDs=2;ablation
contra,ct__PATCH_B_mac_s_w8__tree_pre___igs_c,PATCH,B_mac_s_w8,tree_pre,8,netlists/PATCH/B_mac_s_w8__tree_pre.aig,-mac -s -igs -c -no-steps,-igs -c,CORRECT,False,Correct,RESULT,PASS,oracle 4096 corner + 16384 random,1.65,0.0227032,4.7,97,794,60,,W=8;complementary_ANDs=2;ablation
contra,ct__PATCH_B_mac_s_w16__tree_pre__dynpc,PATCH,B_mac_s_w16,tree_pre,16,netlists/PATCH/B_mac_s_w16__tree_pre.aig,-mac -s -dyn -p -c -no-steps,-dyn -p -c,CORRECT,False,Correct,RESULT,PASS,oracle 4096 corner + 16384 random,2.65,0.880098,12.2,431,2944,120,,W=16;complementary_ANDs=2
contra,ct__PATCH_B_mac_s_w16__tree_pre__igspc,PATCH,B_mac_s_w16,tree_pre,16,netlists/PATCH/B_mac_s_w16__tree_pre.aig,-mac -s -igs -p -c -no-steps,-igs -p -c,CORRECT,False,Buggy,RESULT,FALSE_FAIL,oracle 4096 corner + 16384 random; remainder replay: REMAINDER_INVALID,2.46,0.935063,8.2,321,2944,120,,W=16;complementary_ANDs=2
contra,ct__PATCH_B_mac_s_w8__tree_pre_folded__dynpc,CONTROL,PATCH_B_mac_s_w8,tree_pre_folded,8,netlists/CONTROL/PATCH_B_mac_s_w8__tree_pre_folded.aig,-mac -s -dyn -p -c -no-steps,-dyn -p -c,CORRECT,False,Correct,RESULT,PASS,oracle 4096 corner + 16384 random,1.46,0.0708237,5.1,138,788,60,,W=8;folded (complementary ANDs removed)
contra,ct__PATCH_B_mac_s_w8__tree_pre_folded__igspc,CONTROL,PATCH_B_mac_s_w8,tree_pre_folded,8,netlists/CONTROL/PATCH_B_mac_s_w8__tree_pre_folded.aig,-mac -s -igs -p -c -no-steps,-igs -p -c,CORRECT,False,Correct,RESULT,PASS,oracle 4096 corner + 16384 random,1.74,0.103233,4.9,97,788,60,,W=8;folded (complementary ANDs removed)
contra,ct__PATCH_B_mac_s_w8__tree_contra_c15_y16___dyn_p_c,CONTROL,PATCH_B_mac_s_w8,tree_contra_c15_y16,8,netlists/CONTROL/PATCH_B_mac_s_w8__tree_contra_c15_y16.aig,-mac -s -dyn -p -c -no-steps,-dyn -p -c,CORRECT,False,Correct,RESULT,PASS,oracle 4096 corner + 16384 random,1.67,0.079726,4.6,197,760,60,,"W=8;one inserted AND(x,NOT x)"
contra,ct__PATCH_B_mac_s_w8__tree_contra_c15_y16___dyn,CONTROL,PATCH_B_mac_s_w8,tree_contra_c15_y16,8,netlists/CONTROL/PATCH_B_mac_s_w8__tree_contra_c15_y16.aig,-mac -s -dyn -no-steps,-dyn,CORRECT,False,,TIMEOUT,TIMEOUT,"time budget 60 s exhausted (inner SIGKILL, monotonic clock)",61.81,,117.1,,,60,,"W=8;one inserted AND(x,NOT x)"
contra,ct__PATCH_B_mac_s_w8__tree_contra_c15_y16___dyn_p,CONTROL,PATCH_B_mac_s_w8,tree_contra_c15_y16,8,netlists/CONTROL/PATCH_B_mac_s_w8__tree_contra_c15_y16.aig,-mac -s -dyn -p -no-steps,-dyn -p,CORRECT,False,,TIMEOUT,TIMEOUT,"time budget 60 s exhausted (inner SIGKILL, monotonic clock)",61.71,,40.6,,,60,,"W=8;one inserted AND(x,NOT x)"
contra,ct__PATCH_B_mac_s_w8__tree_contra_c15_y16___dyn_c,CONTROL,PATCH_B_mac_s_w8,tree_contra_c15_y16,8,netlists/CONTROL/PATCH_B_mac_s_w8__tree_contra_c15_y16.aig,-mac -s -dyn -c -no-steps,-dyn -c,CORRECT,False,,TIMEOUT,TIMEOUT,"time budget 60 s exhausted (inner SIGKILL, monotonic clock)",61.57,,136.4,,,60,,"W=8;one inserted AND(x,NOT x)"
contra,ct__PATCH_B_mac_s_w8__tree_contra_a0_y3___dyn_p_c,CONTROL,PATCH_B_mac_s_w8,tree_contra_a0_y3,8,netlists/CONTROL/PATCH_B_mac_s_w8__tree_contra_a0_y3.aig,-mac -s -dyn -p -c -no-steps,-dyn -p -c,CORRECT,False,Correct,RESULT,PASS,oracle 4096 corner + 16384 random,1.68,0.122515,4.5,197,760,60,,"W=8;one inserted AND(x,NOT x)"
contra,ct__PATCH_B_mac_s_w8__tree_contra_a0_y3___dyn,CONTROL,PATCH_B_mac_s_w8,tree_contra_a0_y3,8,netlists/CONTROL/PATCH_B_mac_s_w8__tree_contra_a0_y3.aig,-mac -s -dyn -no-steps,-dyn,CORRECT,False,,TIMEOUT,TIMEOUT,"time budget 60 s exhausted (inner SIGKILL, monotonic clock)",61.95,,139.5,,,60,,"W=8;one inserted AND(x,NOT x)"
contra,ct__PATCH_B_mac_s_w8__tree_contra_a0_y3___dyn_p,CONTROL,PATCH_B_mac_s_w8,tree_contra_a0_y3,8,netlists/CONTROL/PATCH_B_mac_s_w8__tree_contra_a0_y3.aig,-mac -s -dyn -p -no-steps,-dyn -p,CORRECT,False,,TIMEOUT,TIMEOUT,"time budget 60 s exhausted (inner SIGKILL, monotonic clock)",61.70,,40.8,,,60,,"W=8;one inserted AND(x,NOT x)"
contra,ct__PATCH_B_mac_s_w8__tree_contra_a0_y3___dyn_c,CONTROL,PATCH_B_mac_s_w8,tree_contra_a0_y3,8,netlists/CONTROL/PATCH_B_mac_s_w8__tree_contra_a0_y3.aig,-mac -s -dyn -c -no-steps,-dyn -c,CORRECT,False,,TIMEOUT,TIMEOUT,"time budget 60 s exhausted (inner SIGKILL, monotonic clock)",61.74,,136.4,,,60,,"W=8;one inserted AND(x,NOT x)"
contra,ct__A_mul_u_w8__norm_pre_contra_a0_y0___dyn_p_c,CONTROL,A_mul_u_w8,norm_pre_contra_a0_y0,8,netlists/CONTROL/A_mul_u_w8__norm_pre_contra_a0_y0.aig,-mul -dyn -p -c -no-steps,-dyn -p -c,CORRECT,True,Correct,RESULT,PASS,oracle exhaustive,1.90,0.0930981,5.6,118,609,60,,"W=8;one inserted AND(x,NOT x)"
contra,ct__A_mul_u_w8__norm_pre_contra_a0_y0___dyn,CONTROL,A_mul_u_w8,norm_pre_contra_a0_y0,8,netlists/CONTROL/A_mul_u_w8__norm_pre_contra_a0_y0.aig,-mul -dyn -no-steps,-dyn,CORRECT,True,Correct,RESULT,PASS,oracle exhaustive,2.17,0.545438,4.9,1240,609,60,,"W=8;one inserted AND(x,NOT x)"
contra,ct__A_mul_u_w8__norm_pre_contra_a0_y0___dyn_p,CONTROL,A_mul_u_w8,norm_pre_contra_a0_y0,8,netlists/CONTROL/A_mul_u_w8__norm_pre_contra_a0_y0.aig,-mul -dyn -p -no-steps,-dyn -p,CORRECT,True,Correct,RESULT,PASS,oracle exhaustive,2.32,0.234314,4.9,221,609,60,,"W=8;one inserted AND(x,NOT x)"
contra,ct__A_mul_u_w8__norm_pre_contra_a0_y0___dyn_c,CONTROL,A_mul_u_w8,norm_pre_contra_a0_y0,8,netlists/CONTROL/A_mul_u_w8__norm_pre_contra_a0_y0.aig,-mul -dyn -c -no-steps,-dyn -c,CORRECT,True,Correct,RESULT,PASS,oracle exhaustive,1.75,0.16388,4.9,159,609,60,,"W=8;one inserted AND(x,NOT x)"
contra,ct__A_mul_u_w8__norm_pre_contra_b7_y15___dyn_p_c,CONTROL,A_mul_u_w8,norm_pre_contra_b7_y15,8,netlists/CONTROL/A_mul_u_w8__norm_pre_contra_b7_y15.aig,-mul -dyn -p -c -no-steps,-dyn -p -c,CORRECT,True,Correct,RESULT,PASS,oracle exhaustive,1.76,0.122649,4.9,122,609,60,,"W=8;one inserted AND(x,NOT x)"
contra,ct__A_mul_u_w8__norm_pre_contra_b7_y15___dyn,CONTROL,A_mul_u_w8,norm_pre_contra_b7_y15,8,netlists/CONTROL/A_mul_u_w8__norm_pre_contra_b7_y15.aig,-mul -dyn -no-steps,-dyn,CORRECT,True,Correct,RESULT,PASS,oracle exhaustive,2.15,0.341429,5.1,1240,609,60,,"W=8;one inserted AND(x,NOT x)"
contra,ct__A_mul_u_w8__norm_pre_contra_b7_y15___dyn_p,CONTROL,A_mul_u_w8,norm_pre_contra_b7_y15,8,netlists/CONTROL/A_mul_u_w8__norm_pre_contra_b7_y15.aig,-mul -dyn -p -no-steps,-dyn -p,CORRECT,True,Correct,RESULT,PASS,oracle exhaustive,1.73,0.284514,4.9,229,609,60,,"W=8;one inserted AND(x,NOT x)"
contra,ct__A_mul_u_w8__norm_pre_contra_b7_y15___dyn_c,CONTROL,A_mul_u_w8,norm_pre_contra_b7_y15,8,netlists/CONTROL/A_mul_u_w8__norm_pre_contra_b7_y15.aig,-mul -dyn -c -no-steps,-dyn -c,CORRECT,True,Correct,RESULT,PASS,oracle exhaustive,1.34,0.0408094,5.1,130,609,60,,"W=8;one inserted AND(x,NOT x)"
contra,ct__B_mac_u_w8__tree_pre_contra_c15_y16___dyn_p_c,CONTROL,B_mac_u_w8,tree_pre_contra_c15_y16,8,netlists/CONTROL/B_mac_u_w8__tree_pre_contra_c15_y16.aig,-mac -dyn -p -c -no-steps,-dyn -p -c,CORRECT,False,Correct,RESULT,PASS,oracle 4096 corner + 16384 random,1.74,0.0899962,4.9,138,731,60,,"W=8;one inserted AND(x,NOT x)"
contra,ct__B_mac_u_w8__tree_pre_contra_c15_y16___dyn,CONTROL,B_mac_u_w8,tree_pre_contra_c15_y16,8,netlists/CONTROL/B_mac_u_w8__tree_pre_contra_c15_y16.aig,-mac -dyn -no-steps,-dyn,CORRECT,False,Correct,RESULT,PASS,oracle 4096 corner + 16384 random,2.47,0.780743,5.6,800,731,60,,"W=8;one inserted AND(x,NOT x)"
contra,ct__B_mac_u_w8__tree_pre_contra_c15_y16___dyn_p,CONTROL,B_mac_u_w8,tree_pre_contra_c15_y16,8,netlists/CONTROL/B_mac_u_w8__tree_pre_contra_c15_y16.aig,-mac -dyn -p -no-steps,-dyn -p,CORRECT,False,Correct,RESULT,PASS,oracle 4096 corner + 16384 random,2.74,1.05189,5.2,519,731,60,,"W=8;one inserted AND(x,NOT x)"
contra,ct__B_mac_u_w8__tree_pre_contra_c15_y16___dyn_c,CONTROL,B_mac_u_w8,tree_pre_contra_c15_y16,8,netlists/CONTROL/B_mac_u_w8__tree_pre_contra_c15_y16.aig,-mac -dyn -c -no-steps,-dyn -c,CORRECT,False,Correct,RESULT,PASS,oracle 4096 corner + 16384 random,1.63,0.0509941,4.9,197,731,60,,"W=8;one inserted AND(x,NOT x)"
contra,ct__PATCH_B_mac_s_w8__tree___dyn,PATCH,B_mac_s_w8,tree,8,netlists/PATCH/B_mac_s_w8__tree.aig,-mac -s -dyn -no-steps,-dyn,CORRECT,False,,TIMEOUT,TIMEOUT,"time budget 60 s exhausted (inner SIGKILL, monotonic clock)",61.63,,135.1,,,60,,W=8;unmodified original (ablation baseline)
contra,ct__PATCH_B_mac_s_w8__tree___dyn_p,PATCH,B_mac_s_w8,tree,8,netlists/PATCH/B_mac_s_w8__tree.aig,-mac -s -dyn -p -no-steps,-dyn -p,CORRECT,False,,TIMEOUT,TIMEOUT,"time budget 60 s exhausted (inner SIGKILL, monotonic clock)",61.51,,41.0,,,60,,W=8;unmodified original (ablation baseline)
contra,ct__PATCH_B_mac_s_w8__tree___dyn_c,PATCH,B_mac_s_w8,tree,8,netlists/PATCH/B_mac_s_w8__tree.aig,-mac -s -dyn -c -no-steps,-dyn -c,CORRECT,False,,TIMEOUT,TIMEOUT,"time budget 60 s exhausted (inner SIGKILL, monotonic clock)",61.94,,108.6,,,60,,W=8;unmodified original (ablation baseline)
contra,ct__A_mul_u_w8__norm_pre___dyn,MAIN,A_mul_u_w8,norm_pre,8,netlists/MAIN/A_mul_u_w8__norm_pre.aig,-mul -dyn -no-steps,-dyn,CORRECT,True,Correct,RESULT,PASS,oracle exhaustive,2.24,0.543034,5.0,1240,607,60,,W=8;unmodified original (ablation baseline)
contra,ct__A_mul_u_w8__norm_pre___dyn_p,MAIN,A_mul_u_w8,norm_pre,8,netlists/MAIN/A_mul_u_w8__norm_pre.aig,-mul -dyn -p -no-steps,-dyn -p,CORRECT,True,Correct,RESULT,PASS,oracle exhaustive,2.02,0.468454,4.4,298,607,60,,W=8;unmodified original (ablation baseline)
contra,ct__A_mul_u_w8__norm_pre___dyn_c,MAIN,A_mul_u_w8,norm_pre,8,netlists/MAIN/A_mul_u_w8__norm_pre.aig,-mul -dyn -c -no-steps,-dyn -c,CORRECT,True,Correct,RESULT,PASS,oracle exhaustive,1.41,0.0337842,4.4,132,607,60,,W=8;unmodified original (ablation baseline)
contra,ct__B_mac_u_w8__tree_pre___dyn,MAIN,B_mac_u_w8,tree_pre,8,netlists/MAIN/B_mac_u_w8__tree_pre.aig,-mac -dyn -no-steps,-dyn,CORRECT,False,Correct,RESULT,PASS,oracle 4096 corner + 16384 random,2.35,0.730763,5.1,911,729,60,,W=8;unmodified original (ablation baseline)
contra,ct__B_mac_u_w8__tree_pre___dyn_p,MAIN,B_mac_u_w8,tree_pre,8,netlists/MAIN/B_mac_u_w8__tree_pre.aig,-mac -dyn -p -no-steps,-dyn -p,CORRECT,False,Correct,RESULT,PASS,oracle 4096 corner + 16384 random,2.33,1.07106,4.7,456,729,60,,W=8;unmodified original (ablation baseline)
contra,ct__B_mac_u_w8__tree_pre___dyn_c,MAIN,B_mac_u_w8,tree_pre,8,netlists/MAIN/B_mac_u_w8__tree_pre.aig,-mac -dyn -c -no-steps,-dyn -c,CORRECT,False,Correct,RESULT,PASS,oracle 4096 corner + 16384 random,1.44,0.0494447,4.6,197,729,60,,W=8;unmodified original (ablation baseline)
ctrlcrash,C01_mul_u_w8_normpre_original,MAIN,A_mul_u_w8,norm_pre,,netlists/MAIN/A_mul_u_w8__norm_pre.aig,-mul -dyn -p -c -no-steps,-dyn -p -c,CORRECT,True,Correct,RESULT,PASS,oracle exhaustive,1.01,0.0375572,5.1,123,607,120,,crash control: original (no constant-fanin AND)
ctrlcrash,C02_mul_u_w8_normpre_buffered,CONTROL,A_mul_u_w8,norm_pre_buffered,,netlists/CONTROL/A_mul_u_w8__norm_pre_buffered.aig,-mul -dyn -p -c -no-steps,-dyn -p -c,CORRECT,True,,NO_RESULT,ERROR,no Result line (segfault: terminated by signal 11),1.01,,4.9,,,120,,crash control: same + one AND(x TRUE) buffer
ctrlcrash,C03_mul_u_w8_boothpre_folded,CONTROL,A_mul_u_w8,booth_pre_folded,,netlists/CONTROL/A_mul_u_w8__booth_pre_folded.aig,-mul -dyn -p -c -no-steps,-dyn -p -c,CORRECT,True,Correct,RESULT,PASS,oracle exhaustive,1.11,0.0920835,5.0,179,664,120,,crash control: crashing netlist with constant folded
ctrlcrash,C04_mul_u_w8_boothpre_rerun,MAIN,A_mul_u_w8,booth_pre,,netlists/MAIN/A_mul_u_w8__booth_pre.aig,-mul -dyn -p -c -no-steps,-dyn -p -c,CORRECT,True,,NO_RESULT,ERROR,no Result line (segfault: terminated by signal 11),0.91,,4.6,,,120,,crash reproducibility rerun
ctrlcrash,C05_mul_u_w8_boothpre_idx,MAIN,A_mul_u_w8,booth_pre,,netlists/MAIN/A_mul_u_w8__booth_pre.aig,-mul -no-steps,,CORRECT,True,,NO_RESULT,ERROR,no Result line (segfault: terminated by signal 11),0.92,,4.9,,,120,,crash with default method (no p/c)
ctx,ctx__A_mul_s_w8__norm_pre__ctx424___dyn_p_c,CONTROL,A_mul_s_w8__norm_pre__ctx424,,8,netlists/CONTROL/ctx/A_mul_s_w8__norm_pre__ctx424.aig,-mul -s -dyn -p -c -no-steps,-dyn -p -c,CORRECT,True,Buggy,RESULT,FALSE_FAIL,oracle exhaustive; remainder replay: REMAINDER_INVALID,1.81,0.238454,4.9,135,766,60,,W=8;context graft at gate 424
ctx,ctx__A_mul_s_w8__norm_pre__ctx424___igs_p_c,CONTROL,A_mul_s_w8__norm_pre__ctx424,,8,netlists/CONTROL/ctx/A_mul_s_w8__norm_pre__ctx424.aig,-mul -s -igs -p -c -no-steps,-igs -p -c,CORRECT,True,Buggy,RESULT,FALSE_FAIL,oracle exhaustive; remainder replay: REMAINDER_INVALID,1.69,0.183597,5.1,80,766,60,,W=8;context graft at gate 424
ctx,ctx__A_mul_s_w8__norm_pre__ctx424___dyn_p,CONTROL,A_mul_s_w8__norm_pre__ctx424,,8,netlists/CONTROL/ctx/A_mul_s_w8__norm_pre__ctx424.aig,-mul -s -dyn -p -no-steps,-dyn -p,CORRECT,True,Correct,RESULT,PASS,oracle exhaustive,2.14,0.608281,5.4,442,766,60,,W=8;context graft at gate 424
ctx,ctx__A_mul_s_w8__norm_pre__ctx424___dyn_c,CONTROL,A_mul_s_w8__norm_pre__ctx424,,8,netlists/CONTROL/ctx/A_mul_s_w8__norm_pre__ctx424.aig,-mul -s -dyn -c -no-steps,-dyn -c,CORRECT,True,Correct,RESULT,PASS,oracle exhaustive,1.37,0.0317092,5.1,142,766,60,,W=8;context graft at gate 424
ctx,ctx__A_mul_s_w8__norm_pre__ctx500___dyn_p_c,CONTROL,A_mul_s_w8__norm_pre__ctx500,,8,netlists/CONTROL/ctx/A_mul_s_w8__norm_pre__ctx500.aig,-mul -s -dyn -p -c -no-steps,-dyn -p -c,CORRECT,True,Correct,RESULT,PASS,oracle exhaustive,1.51,0.180345,4.9,135,766,60,,W=8;context graft at gate 500
ctx,ctx__A_mul_s_w8__norm_pre__ctx500___igs_p_c,CONTROL,A_mul_s_w8__norm_pre__ctx500,,8,netlists/CONTROL/ctx/A_mul_s_w8__norm_pre__ctx500.aig,-mul -s -igs -p -c -no-steps,-igs -p -c,CORRECT,True,Correct,RESULT,PASS,oracle exhaustive,1.70,0.150173,5.4,80,766,60,,W=8;context graft at gate 500
ctx,ctx__A_mul_s_w8__norm_pre__ctx500___dyn_p,CONTROL,A_mul_s_w8__norm_pre__ctx500,,8,netlists/CONTROL/ctx/A_mul_s_w8__norm_pre__ctx500.aig,-mul -s -dyn -p -no-steps,-dyn -p,CORRECT,True,Correct,RESULT,PASS,oracle exhaustive,1.93,0.687428,4.6,442,766,60,,W=8;context graft at gate 500
ctx,ctx__A_mul_s_w8__norm_pre__ctx500___dyn_c,CONTROL,A_mul_s_w8__norm_pre__ctx500,,8,netlists/CONTROL/ctx/A_mul_s_w8__norm_pre__ctx500.aig,-mul -s -dyn -c -no-steps,-dyn -c,CORRECT,True,Correct,RESULT,PASS,oracle exhaustive,1.97,0.121792,5.0,142,766,60,,W=8;context graft at gate 500
ctx,ctx__A_mul_s_w8__norm_pre__ctx572___dyn_p_c,CONTROL,A_mul_s_w8__norm_pre__ctx572,,8,netlists/CONTROL/ctx/A_mul_s_w8__norm_pre__ctx572.aig,-mul -s -dyn -p -c -no-steps,-dyn -p -c,CORRECT,True,Correct,RESULT,PASS,oracle exhaustive,1.91,0.161015,5.2,135,766,60,,W=8;context graft at gate 572
ctx,ctx__A_mul_s_w8__norm_pre__ctx572___igs_p_c,CONTROL,A_mul_s_w8__norm_pre__ctx572,,8,netlists/CONTROL/ctx/A_mul_s_w8__norm_pre__ctx572.aig,-mul -s -igs -p -c -no-steps,-igs -p -c,CORRECT,True,Buggy,RESULT,FALSE_FAIL,oracle exhaustive; remainder replay: REMAINDER_INVALID,1.90,0.123124,4.9,80,766,60,,W=8;context graft at gate 572
ctx,ctx__A_mul_s_w8__norm_pre__ctx572___dyn_p,CONTROL,A_mul_s_w8__norm_pre__ctx572,,8,netlists/CONTROL/ctx/A_mul_s_w8__norm_pre__ctx572.aig,-mul -s -dyn -p -no-steps,-dyn -p,CORRECT,True,Correct,RESULT,PASS,oracle exhaustive,2.14,0.838986,5.2,442,766,60,,W=8;context graft at gate 572
ctx,ctx__A_mul_s_w8__norm_pre__ctx572___dyn_c,CONTROL,A_mul_s_w8__norm_pre__ctx572,,8,netlists/CONTROL/ctx/A_mul_s_w8__norm_pre__ctx572.aig,-mul -s -dyn -c -no-steps,-dyn -c,CORRECT,True,Correct,RESULT,PASS,oracle exhaustive,1.90,0.0984931,4.9,142,766,60,,W=8;context graft at gate 572
ctx,ctx__A_mul_s_w8__norm_pre__ctx730___dyn_p_c,CONTROL,A_mul_s_w8__norm_pre__ctx730,,8,netlists/CONTROL/ctx/A_mul_s_w8__norm_pre__ctx730.aig,-mul -s -dyn -p -c -no-steps,-dyn -p -c,CORRECT,True,Correct,RESULT,PASS,oracle exhaustive,1.59,0.163678,4.6,135,766,60,,W=8;context graft at gate 730
ctx,ctx__A_mul_s_w8__norm_pre__ctx730___igs_p_c,CONTROL,A_mul_s_w8__norm_pre__ctx730,,8,netlists/CONTROL/ctx/A_mul_s_w8__norm_pre__ctx730.aig,-mul -s -igs -p -c -no-steps,-igs -p -c,CORRECT,True,Buggy,RESULT,FALSE_FAIL,oracle exhaustive; remainder replay: REMAINDER_INVALID,1.82,0.221182,4.7,80,766,60,,W=8;context graft at gate 730
ctx,ctx__A_mul_s_w8__norm_pre__ctx730___dyn_p,CONTROL,A_mul_s_w8__norm_pre__ctx730,,8,netlists/CONTROL/ctx/A_mul_s_w8__norm_pre__ctx730.aig,-mul -s -dyn -p -no-steps,-dyn -p,CORRECT,True,Correct,RESULT,PASS,oracle exhaustive,2.46,0.806626,5.4,442,766,60,,W=8;context graft at gate 730
ctx,ctx__A_mul_s_w8__norm_pre__ctx730___dyn_c,CONTROL,A_mul_s_w8__norm_pre__ctx730,,8,netlists/CONTROL/ctx/A_mul_s_w8__norm_pre__ctx730.aig,-mul -s -dyn -c -no-steps,-dyn -c,CORRECT,True,Correct,RESULT,PASS,oracle exhaustive,1.70,0.038861,4.6,142,766,60,,W=8;context graft at gate 730
ctx,ctx__A_mul_s_w8__norm_pre__ctx870___dyn_p_c,CONTROL,A_mul_s_w8__norm_pre__ctx870,,8,netlists/CONTROL/ctx/A_mul_s_w8__norm_pre__ctx870.aig,-mul -s -dyn -p -c -no-steps,-dyn -p -c,CORRECT,True,Correct,RESULT,PASS,oracle exhaustive,2.01,0.238783,5.1,135,766,60,,W=8;context graft at gate 870
ctx,ctx__A_mul_s_w8__norm_pre__ctx870___igs_p_c,CONTROL,A_mul_s_w8__norm_pre__ctx870,,8,netlists/CONTROL/ctx/A_mul_s_w8__norm_pre__ctx870.aig,-mul -s -igs -p -c -no-steps,-igs -p -c,CORRECT,True,Buggy,RESULT,FALSE_FAIL,oracle exhaustive; remainder replay: REMAINDER_INVALID,1.78,0.185342,4.9,80,766,60,,W=8;context graft at gate 870
ctx,ctx__A_mul_s_w8__norm_pre__ctx870___dyn_p,CONTROL,A_mul_s_w8__norm_pre__ctx870,,8,netlists/CONTROL/ctx/A_mul_s_w8__norm_pre__ctx870.aig,-mul -s -dyn -p -no-steps,-dyn -p,CORRECT,True,Correct,RESULT,PASS,oracle exhaustive,1.96,0.389219,4.4,442,766,60,,W=8;context graft at gate 870
ctx,ctx__A_mul_s_w8__norm_pre__ctx870___dyn_c,CONTROL,A_mul_s_w8__norm_pre__ctx870,,8,netlists/CONTROL/ctx/A_mul_s_w8__norm_pre__ctx870.aig,-mul -s -dyn -c -no-steps,-dyn -c,CORRECT,True,Correct,RESULT,PASS,oracle exhaustive,1.73,0.112908,4.7,142,766,60,,W=8;context graft at gate 870
ctx,ctx__A_mul_s_w8__norm_pre__ctx1012___dyn_p_c,CONTROL,A_mul_s_w8__norm_pre__ctx1012,,8,netlists/CONTROL/ctx/A_mul_s_w8__norm_pre__ctx1012.aig,-mul -s -dyn -p -c -no-steps,-dyn -p -c,CORRECT,True,Correct,RESULT,PASS,oracle exhaustive,1.87,0.169453,5.4,135,766,60,,W=8;context graft at gate 1012
ctx,ctx__A_mul_s_w8__norm_pre__ctx1012___igs_p_c,CONTROL,A_mul_s_w8__norm_pre__ctx1012,,8,netlists/CONTROL/ctx/A_mul_s_w8__norm_pre__ctx1012.aig,-mul -s -igs -p -c -no-steps,-igs -p -c,CORRECT,True,Buggy,RESULT,FALSE_FAIL,oracle exhaustive; remainder replay: REMAINDER_INVALID,1.68,0.142543,4.9,80,766,60,,W=8;context graft at gate 1012
ctx,ctx__A_mul_s_w8__norm_pre__ctx1012___dyn_p,CONTROL,A_mul_s_w8__norm_pre__ctx1012,,8,netlists/CONTROL/ctx/A_mul_s_w8__norm_pre__ctx1012.aig,-mul -s -dyn -p -no-steps,-dyn -p,CORRECT,True,Correct,RESULT,PASS,oracle exhaustive,2.12,0.431557,5.1,442,766,60,,W=8;context graft at gate 1012
ctx,ctx__A_mul_s_w8__norm_pre__ctx1012___dyn_c,CONTROL,A_mul_s_w8__norm_pre__ctx1012,,8,netlists/CONTROL/ctx/A_mul_s_w8__norm_pre__ctx1012.aig,-mul -s -dyn -c -no-steps,-dyn -c,CORRECT,True,Correct,RESULT,PASS,oracle exhaustive,2.09,0.109864,4.9,142,766,60,,W=8;context graft at gate 1012
ctx,ctx__A_mul_s_w8__norm_pre__ctx1146___dyn_p_c,CONTROL,A_mul_s_w8__norm_pre__ctx1146,,8,netlists/CONTROL/ctx/A_mul_s_w8__norm_pre__ctx1146.aig,-mul -s -dyn -p -c -no-steps,-dyn -p -c,CORRECT,True,Correct,RESULT,PASS,oracle exhaustive,1.98,0.211088,4.9,135,766,60,,W=8;context graft at gate 1146
ctx,ctx__A_mul_s_w8__norm_pre__ctx1146___igs_p_c,CONTROL,A_mul_s_w8__norm_pre__ctx1146,,8,netlists/CONTROL/ctx/A_mul_s_w8__norm_pre__ctx1146.aig,-mul -s -igs -p -c -no-steps,-igs -p -c,CORRECT,True,Buggy,RESULT,FALSE_FAIL,oracle exhaustive; remainder replay: REMAINDER_INVALID,1.88,0.0833313,4.9,80,766,60,,W=8;context graft at gate 1146
ctx,ctx__A_mul_s_w8__norm_pre__ctx1146___dyn_p,CONTROL,A_mul_s_w8__norm_pre__ctx1146,,8,netlists/CONTROL/ctx/A_mul_s_w8__norm_pre__ctx1146.aig,-mul -s -dyn -p -no-steps,-dyn -p,CORRECT,True,Correct,RESULT,PASS,oracle exhaustive,1.96,0.665974,4.9,442,766,60,,W=8;context graft at gate 1146
ctx,ctx__A_mul_s_w8__norm_pre__ctx1146___dyn_c,CONTROL,A_mul_s_w8__norm_pre__ctx1146,,8,netlists/CONTROL/ctx/A_mul_s_w8__norm_pre__ctx1146.aig,-mul -s -dyn -c -no-steps,-dyn -c,CORRECT,True,Correct,RESULT,PASS,oracle exhaustive,1.46,0.0948185,4.6,143,766,60,,W=8;context graft at gate 1146
ctx,ctx__A_mul_s_w8__norm_pre__ctx1278___dyn_p_c,CONTROL,A_mul_s_w8__norm_pre__ctx1278,,8,netlists/CONTROL/ctx/A_mul_s_w8__norm_pre__ctx1278.aig,-mul -s -dyn -p -c -no-steps,-dyn -p -c,CORRECT,True,Correct,RESULT,PASS,oracle exhaustive,1.29,0.0563565,5.1,135,766,60,,W=8;context graft at gate 1278
ctx,ctx__A_mul_s_w8__norm_pre__ctx1278___igs_p_c,CONTROL,A_mul_s_w8__norm_pre__ctx1278,,8,netlists/CONTROL/ctx/A_mul_s_w8__norm_pre__ctx1278.aig,-mul -s -igs -p -c -no-steps,-igs -p -c,CORRECT,True,Buggy,RESULT,FALSE_FAIL,oracle exhaustive; remainder replay: REMAINDER_INVALID,1.81,0.203903,4.6,80,766,60,,W=8;context graft at gate 1278
ctx,ctx__A_mul_s_w8__norm_pre__ctx1278___dyn_p,CONTROL,A_mul_s_w8__norm_pre__ctx1278,,8,netlists/CONTROL/ctx/A_mul_s_w8__norm_pre__ctx1278.aig,-mul -s -dyn -p -no-steps,-dyn -p,CORRECT,True,Correct,RESULT,PASS,oracle exhaustive,1.92,0.447674,4.9,442,766,60,,W=8;context graft at gate 1278
ctx,ctx__A_mul_s_w8__norm_pre__ctx1278___dyn_c,CONTROL,A_mul_s_w8__norm_pre__ctx1278,,8,netlists/CONTROL/ctx/A_mul_s_w8__norm_pre__ctx1278.aig,-mul -s -dyn -c -no-steps,-dyn -c,CORRECT,True,Correct,RESULT,PASS,oracle exhaustive,1.82,0.142175,4.9,142,766,60,,W=8;context graft at gate 1278
ctx,ctx__A_mul_s_w8__norm_pre__ctx1378___dyn_p_c,CONTROL,A_mul_s_w8__norm_pre__ctx1378,,8,netlists/CONTROL/ctx/A_mul_s_w8__norm_pre__ctx1378.aig,-mul -s -dyn -p -c -no-steps,-dyn -p -c,CORRECT,True,Correct,RESULT,PASS,oracle exhaustive,1.89,0.0581696,5.3,135,766,60,,W=8;context graft at gate 1378
ctx,ctx__A_mul_s_w8__norm_pre__ctx1378___igs_p_c,CONTROL,A_mul_s_w8__norm_pre__ctx1378,,8,netlists/CONTROL/ctx/A_mul_s_w8__norm_pre__ctx1378.aig,-mul -s -igs -p -c -no-steps,-igs -p -c,CORRECT,True,Correct,RESULT,PASS,oracle exhaustive,1.54,0.0944608,4.1,80,766,60,,W=8;context graft at gate 1378
ctx,ctx__A_mul_s_w8__norm_pre__ctx1378___dyn_p,CONTROL,A_mul_s_w8__norm_pre__ctx1378,,8,netlists/CONTROL/ctx/A_mul_s_w8__norm_pre__ctx1378.aig,-mul -s -dyn -p -no-steps,-dyn -p,CORRECT,True,Correct,RESULT,PASS,oracle exhaustive,2.41,0.794833,5.4,442,766,60,,W=8;context graft at gate 1378
ctx,ctx__A_mul_s_w8__norm_pre__ctx1378___dyn_c,CONTROL,A_mul_s_w8__norm_pre__ctx1378,,8,netlists/CONTROL/ctx/A_mul_s_w8__norm_pre__ctx1378.aig,-mul -s -dyn -c -no-steps,-dyn -c,CORRECT,True,Correct,RESULT,PASS,oracle exhaustive,1.72,0.104342,4.7,144,766,60,,W=8;context graft at gate 1378
ctx,ctx__PATCH_B_mac_s_w8__tree_pre_folded__ctx70___dyn_p_c,CONTROL,PATCH_B_mac_s_w8__tree_pre_folded__ctx70,,8,netlists/CONTROL/ctx/PATCH_B_mac_s_w8__tree_pre_folded__ctx70.aig,-mac -s -dyn -p -c -no-steps,-dyn -p -c,CORRECT,False,Buggy,RESULT,FALSE_FAIL,oracle 4096 corner + 16384 random; remainder replay: REMAINDER_INVALID,1.80,0.0656449,4.9,144,794,60,,W=8;context graft at gate 70
ctx,ctx__PATCH_B_mac_s_w8__tree_pre_folded__ctx70___igs_p_c,CONTROL,PATCH_B_mac_s_w8__tree_pre_folded__ctx70,,8,netlists/CONTROL/ctx/PATCH_B_mac_s_w8__tree_pre_folded__ctx70.aig,-mac -s -igs -p -c -no-steps,-igs -p -c,CORRECT,False,Correct,RESULT,PASS,oracle 4096 corner + 16384 random,1.59,0.145961,4.9,97,794,60,,W=8;context graft at gate 70
ctx,ctx__PATCH_B_mac_s_w8__tree_pre_folded__ctx70___dyn_p,CONTROL,PATCH_B_mac_s_w8__tree_pre_folded__ctx70,,8,netlists/CONTROL/ctx/PATCH_B_mac_s_w8__tree_pre_folded__ctx70.aig,-mac -s -dyn -p -no-steps,-dyn -p,CORRECT,False,Correct,RESULT,PASS,oracle 4096 corner + 16384 random,2.21,0.468812,4.9,340,794,60,,W=8;context graft at gate 70
ctx,ctx__PATCH_B_mac_s_w8__tree_pre_folded__ctx70___dyn_c,CONTROL,PATCH_B_mac_s_w8__tree_pre_folded__ctx70,,8,netlists/CONTROL/ctx/PATCH_B_mac_s_w8__tree_pre_folded__ctx70.aig,-mac -s -dyn -c -no-steps,-dyn -c,CORRECT,False,Correct,RESULT,PASS,oracle 4096 corner + 16384 random,1.50,0.14685,4.6,165,794,60,,W=8;context graft at gate 70
ctx,ctx__PATCH_B_mac_s_w8__tree_pre_folded__ctx86___dyn_p_c,CONTROL,PATCH_B_mac_s_w8__tree_pre_folded__ctx86,,8,netlists/CONTROL/ctx/PATCH_B_mac_s_w8__tree_pre_folded__ctx86.aig,-mac -s -dyn -p -c -no-steps,-dyn -p -c,CORRECT,False,Correct,RESULT,PASS,oracle 4096 corner + 16384 random,1.91,0.0988573,5.4,138,794,60,,W=8;context graft at gate 86
ctx,ctx__PATCH_B_mac_s_w8__tree_pre_folded__ctx86___igs_p_c,CONTROL,PATCH_B_mac_s_w8__tree_pre_folded__ctx86,,8,netlists/CONTROL/ctx/PATCH_B_mac_s_w8__tree_pre_folded__ctx86.aig,-mac -s -igs -p -c -no-steps,-igs -p -c,CORRECT,False,Buggy,RESULT,FALSE_FAIL,oracle 4096 corner + 16384 random; remainder replay: REMAINDER_INVALID,1.58,0.0963447,4.6,97,794,60,,W=8;context graft at gate 86
ctx,ctx__PATCH_B_mac_s_w8__tree_pre_folded__ctx86___dyn_p,CONTROL,PATCH_B_mac_s_w8__tree_pre_folded__ctx86,,8,netlists/CONTROL/ctx/PATCH_B_mac_s_w8__tree_pre_folded__ctx86.aig,-mac -s -dyn -p -no-steps,-dyn -p,CORRECT,False,Correct,RESULT,PASS,oracle 4096 corner + 16384 random,2.39,0.826829,4.9,410,794,60,,W=8;context graft at gate 86
ctx,ctx__PATCH_B_mac_s_w8__tree_pre_folded__ctx86___dyn_c,CONTROL,PATCH_B_mac_s_w8__tree_pre_folded__ctx86,,8,netlists/CONTROL/ctx/PATCH_B_mac_s_w8__tree_pre_folded__ctx86.aig,-mac -s -dyn -c -no-steps,-dyn -c,CORRECT,False,Correct,RESULT,PASS,oracle 4096 corner + 16384 random,1.58,0.0622375,4.9,174,794,60,,W=8;context graft at gate 86
ctx,ctx__PATCH_B_mac_s_w8__tree_pre_folded__ctx126___dyn_p_c,CONTROL,PATCH_B_mac_s_w8__tree_pre_folded__ctx126,,8,netlists/CONTROL/ctx/PATCH_B_mac_s_w8__tree_pre_folded__ctx126.aig,-mac -s -dyn -p -c -no-steps,-dyn -p -c,CORRECT,False,Correct,RESULT,PASS,oracle 4096 corner + 16384 random,1.59,0.218617,5.1,138,794,60,,W=8;context graft at gate 126
ctx,ctx__PATCH_B_mac_s_w8__tree_pre_folded__ctx126___igs_p_c,CONTROL,PATCH_B_mac_s_w8__tree_pre_folded__ctx126,,8,netlists/CONTROL/ctx/PATCH_B_mac_s_w8__tree_pre_folded__ctx126.aig,-mac -s -igs -p -c -no-steps,-igs -p -c,CORRECT,False,Buggy,RESULT,FALSE_FAIL,oracle 4096 corner + 16384 random; remainder replay: REMAINDER_INVALID,1.77,0.194967,5.6,97,794,60,,W=8;context graft at gate 126
ctx,ctx__PATCH_B_mac_s_w8__tree_pre_folded__ctx126___dyn_p,CONTROL,PATCH_B_mac_s_w8__tree_pre_folded__ctx126,,8,netlists/CONTROL/ctx/PATCH_B_mac_s_w8__tree_pre_folded__ctx126.aig,-mac -s -dyn -p -no-steps,-dyn -p,CORRECT,False,Correct,RESULT,PASS,oracle 4096 corner + 16384 random,2.37,0.824334,4.9,296,794,60,,W=8;context graft at gate 126
ctx,ctx__PATCH_B_mac_s_w8__tree_pre_folded__ctx126___dyn_c,CONTROL,PATCH_B_mac_s_w8__tree_pre_folded__ctx126,,8,netlists/CONTROL/ctx/PATCH_B_mac_s_w8__tree_pre_folded__ctx126.aig,-mac -s -dyn -c -no-steps,-dyn -c,CORRECT,False,Correct,RESULT,PASS,oracle 4096 corner + 16384 random,1.58,0.0760012,5.0,231,794,60,,W=8;context graft at gate 126
ctx,ctx__PATCH_B_mac_s_w8__tree_pre_folded__ctx194___dyn_p_c,CONTROL,PATCH_B_mac_s_w8__tree_pre_folded__ctx194,,8,netlists/CONTROL/ctx/PATCH_B_mac_s_w8__tree_pre_folded__ctx194.aig,-mac -s -dyn -p -c -no-steps,-dyn -p -c,CORRECT,False,Buggy,RESULT,FALSE_FAIL,oracle 4096 corner + 16384 random; remainder replay: REMAINDER_INVALID,1.98,0.216674,4.7,138,794,60,,W=8;context graft at gate 194
ctx,ctx__PATCH_B_mac_s_w8__tree_pre_folded__ctx194___igs_p_c,CONTROL,PATCH_B_mac_s_w8__tree_pre_folded__ctx194,,8,netlists/CONTROL/ctx/PATCH_B_mac_s_w8__tree_pre_folded__ctx194.aig,-mac -s -igs -p -c -no-steps,-igs -p -c,CORRECT,False,Buggy,RESULT,FALSE_FAIL,oracle 4096 corner + 16384 random; remainder replay: REMAINDER_INVALID,1.77,0.173296,4.6,97,794,60,,W=8;context graft at gate 194
ctx,ctx__PATCH_B_mac_s_w8__tree_pre_folded__ctx194___dyn_p,CONTROL,PATCH_B_mac_s_w8__tree_pre_folded__ctx194,,8,netlists/CONTROL/ctx/PATCH_B_mac_s_w8__tree_pre_folded__ctx194.aig,-mac -s -dyn -p -no-steps,-dyn -p,CORRECT,False,Correct,RESULT,PASS,oracle 4096 corner + 16384 random,2.26,0.62156,4.7,296,794,60,,W=8;context graft at gate 194
ctx,ctx__PATCH_B_mac_s_w8__tree_pre_folded__ctx194___dyn_c,CONTROL,PATCH_B_mac_s_w8__tree_pre_folded__ctx194,,8,netlists/CONTROL/ctx/PATCH_B_mac_s_w8__tree_pre_folded__ctx194.aig,-mac -s -dyn -c -no-steps,-dyn -c,CORRECT,False,Correct,RESULT,PASS,oracle 4096 corner + 16384 random,1.51,0.124645,4.7,231,794,60,,W=8;context graft at gate 194
ctx,ctx__PATCH_B_mac_s_w8__tree_pre_folded__ctx290___dyn_p_c,CONTROL,PATCH_B_mac_s_w8__tree_pre_folded__ctx290,,8,netlists/CONTROL/ctx/PATCH_B_mac_s_w8__tree_pre_folded__ctx290.aig,-mac -s -dyn -p -c -no-steps,-dyn -p -c,CORRECT,False,Correct,RESULT,PASS,oracle 4096 corner + 16384 random,2.12,0.158145,4.9,138,794,60,,W=8;context graft at gate 290
ctx,ctx__PATCH_B_mac_s_w8__tree_pre_folded__ctx290___igs_p_c,CONTROL,PATCH_B_mac_s_w8__tree_pre_folded__ctx290,,8,netlists/CONTROL/ctx/PATCH_B_mac_s_w8__tree_pre_folded__ctx290.aig,-mac -s -igs -p -c -no-steps,-igs -p -c,CORRECT,False,Buggy,RESULT,FALSE_FAIL,oracle 4096 corner + 16384 random; remainder replay: REMAINDER_INVALID,1.67,0.133149,4.4,97,794,60,,W=8;context graft at gate 290
ctx,ctx__PATCH_B_mac_s_w8__tree_pre_folded__ctx290___dyn_p,CONTROL,PATCH_B_mac_s_w8__tree_pre_folded__ctx290,,8,netlists/CONTROL/ctx/PATCH_B_mac_s_w8__tree_pre_folded__ctx290.aig,-mac -s -dyn -p -no-steps,-dyn -p,CORRECT,False,Correct,RESULT,PASS,oracle 4096 corner + 16384 random,2.25,0.740794,4.9,296,794,60,,W=8;context graft at gate 290
ctx,ctx__PATCH_B_mac_s_w8__tree_pre_folded__ctx290___dyn_c,CONTROL,PATCH_B_mac_s_w8__tree_pre_folded__ctx290,,8,netlists/CONTROL/ctx/PATCH_B_mac_s_w8__tree_pre_folded__ctx290.aig,-mac -s -dyn -c -no-steps,-dyn -c,CORRECT,False,Correct,RESULT,PASS,oracle 4096 corner + 16384 random,1.93,0.140427,4.9,231,794,60,,W=8;context graft at gate 290
ctx,ctx__PATCH_B_mac_s_w8__tree_pre_folded__ctx410___dyn_p_c,CONTROL,PATCH_B_mac_s_w8__tree_pre_folded__ctx410,,8,netlists/CONTROL/ctx/PATCH_B_mac_s_w8__tree_pre_folded__ctx410.aig,-mac -s -dyn -p -c -no-steps,-dyn -p -c,CORRECT,False,Correct,RESULT,PASS,oracle 4096 corner + 16384 random,1.75,0.0669879,5.1,138,794,60,,W=8;context graft at gate 410
ctx,ctx__PATCH_B_mac_s_w8__tree_pre_folded__ctx410___igs_p_c,CONTROL,PATCH_B_mac_s_w8__tree_pre_folded__ctx410,,8,netlists/CONTROL/ctx/PATCH_B_mac_s_w8__tree_pre_folded__ctx410.aig,-mac -s -igs -p -c -no-steps,-igs -p -c,CORRECT,False,Buggy,RESULT,FALSE_FAIL,oracle 4096 corner + 16384 random; remainder replay: REMAINDER_INVALID,1.50,0.137627,4.1,97,794,60,,W=8;context graft at gate 410
ctx,ctx__PATCH_B_mac_s_w8__tree_pre_folded__ctx410___dyn_p,CONTROL,PATCH_B_mac_s_w8__tree_pre_folded__ctx410,,8,netlists/CONTROL/ctx/PATCH_B_mac_s_w8__tree_pre_folded__ctx410.aig,-mac -s -dyn -p -no-steps,-dyn -p,CORRECT,False,Correct,RESULT,PASS,oracle 4096 corner + 16384 random,2.11,0.670916,5.1,296,794,60,,W=8;context graft at gate 410
ctx,ctx__PATCH_B_mac_s_w8__tree_pre_folded__ctx410___dyn_c,CONTROL,PATCH_B_mac_s_w8__tree_pre_folded__ctx410,,8,netlists/CONTROL/ctx/PATCH_B_mac_s_w8__tree_pre_folded__ctx410.aig,-mac -s -dyn -c -no-steps,-dyn -c,CORRECT,False,Correct,RESULT,PASS,oracle 4096 corner + 16384 random,1.63,0.0504323,4.9,231,794,60,,W=8;context graft at gate 410
ctx,ctx__PATCH_B_mac_s_w8__tree_pre_folded__ctx552___dyn_p_c,CONTROL,PATCH_B_mac_s_w8__tree_pre_folded__ctx552,,8,netlists/CONTROL/ctx/PATCH_B_mac_s_w8__tree_pre_folded__ctx552.aig,-mac -s -dyn -p -c -no-steps,-dyn -p -c,CORRECT,False,Correct,RESULT,PASS,oracle 4096 corner + 16384 random,2.20,0.22097,5.2,138,794,60,,W=8;context graft at gate 552
ctx,ctx__PATCH_B_mac_s_w8__tree_pre_folded__ctx552___igs_p_c,CONTROL,PATCH_B_mac_s_w8__tree_pre_folded__ctx552,,8,netlists/CONTROL/ctx/PATCH_B_mac_s_w8__tree_pre_folded__ctx552.aig,-mac -s -igs -p -c -no-steps,-igs -p -c,CORRECT,False,Buggy,RESULT,FALSE_FAIL,oracle 4096 corner + 16384 random; remainder replay: REMAINDER_INVALID,1.77,0.166842,4.4,97,794,60,,W=8;context graft at gate 552
ctx,ctx__PATCH_B_mac_s_w8__tree_pre_folded__ctx552___dyn_p,CONTROL,PATCH_B_mac_s_w8__tree_pre_folded__ctx552,,8,netlists/CONTROL/ctx/PATCH_B_mac_s_w8__tree_pre_folded__ctx552.aig,-mac -s -dyn -p -no-steps,-dyn -p,CORRECT,False,Correct,RESULT,PASS,oracle 4096 corner + 16384 random,1.91,0.653212,4.9,296,794,60,,W=8;context graft at gate 552
ctx,ctx__PATCH_B_mac_s_w8__tree_pre_folded__ctx552___dyn_c,CONTROL,PATCH_B_mac_s_w8__tree_pre_folded__ctx552,,8,netlists/CONTROL/ctx/PATCH_B_mac_s_w8__tree_pre_folded__ctx552.aig,-mac -s -dyn -c -no-steps,-dyn -c,CORRECT,False,Correct,RESULT,PASS,oracle 4096 corner + 16384 random,1.74,0.177372,4.9,231,794,60,,W=8;context graft at gate 552
ctx,ctx__PATCH_B_mac_s_w8__tree_pre_folded__ctx712___dyn_p_c,CONTROL,PATCH_B_mac_s_w8__tree_pre_folded__ctx712,,8,netlists/CONTROL/ctx/PATCH_B_mac_s_w8__tree_pre_folded__ctx712.aig,-mac -s -dyn -p -c -no-steps,-dyn -p -c,CORRECT,False,Correct,RESULT,PASS,oracle 4096 corner + 16384 random,1.33,0.134684,4.6,138,794,60,,W=8;context graft at gate 712
ctx,ctx__PATCH_B_mac_s_w8__tree_pre_folded__ctx712___igs_p_c,CONTROL,PATCH_B_mac_s_w8__tree_pre_folded__ctx712,,8,netlists/CONTROL/ctx/PATCH_B_mac_s_w8__tree_pre_folded__ctx712.aig,-mac -s -igs -p -c -no-steps,-igs -p -c,CORRECT,False,Buggy,RESULT,FALSE_FAIL,oracle 4096 corner + 16384 random; remainder replay: REMAINDER_INVALID,2.16,0.181857,5.4,97,794,60,,W=8;context graft at gate 712
ctx,ctx__PATCH_B_mac_s_w8__tree_pre_folded__ctx712___dyn_p,CONTROL,PATCH_B_mac_s_w8__tree_pre_folded__ctx712,,8,netlists/CONTROL/ctx/PATCH_B_mac_s_w8__tree_pre_folded__ctx712.aig,-mac -s -dyn -p -no-steps,-dyn -p,CORRECT,False,Correct,RESULT,PASS,oracle 4096 corner + 16384 random,2.00,0.779055,4.9,296,794,60,,W=8;context graft at gate 712
ctx,ctx__PATCH_B_mac_s_w8__tree_pre_folded__ctx712___dyn_c,CONTROL,PATCH_B_mac_s_w8__tree_pre_folded__ctx712,,8,netlists/CONTROL/ctx/PATCH_B_mac_s_w8__tree_pre_folded__ctx712.aig,-mac -s -dyn -c -no-steps,-dyn -c,CORRECT,False,Correct,RESULT,PASS,oracle 4096 corner + 16384 random,1.70,0.12195,4.9,231,794,60,,W=8;context graft at gate 712
ctx,ctx__PATCH_B_mac_s_w8__tree_pre_folded__ctx876___dyn_p_c,CONTROL,PATCH_B_mac_s_w8__tree_pre_folded__ctx876,,8,netlists/CONTROL/ctx/PATCH_B_mac_s_w8__tree_pre_folded__ctx876.aig,-mac -s -dyn -p -c -no-steps,-dyn -p -c,CORRECT,False,Correct,RESULT,PASS,oracle 4096 corner + 16384 random,1.76,0.0896337,5.1,138,794,60,,W=8;context graft at gate 876
ctx,ctx__PATCH_B_mac_s_w8__tree_pre_folded__ctx876___igs_p_c,CONTROL,PATCH_B_mac_s_w8__tree_pre_folded__ctx876,,8,netlists/CONTROL/ctx/PATCH_B_mac_s_w8__tree_pre_folded__ctx876.aig,-mac -s -igs -p -c -no-steps,-igs -p -c,CORRECT,False,Correct,RESULT,PASS,oracle 4096 corner + 16384 random,1.59,0.231059,4.9,97,794,60,,W=8;context graft at gate 876
ctx,ctx__PATCH_B_mac_s_w8__tree_pre_folded__ctx876___dyn_p,CONTROL,PATCH_B_mac_s_w8__tree_pre_folded__ctx876,,8,netlists/CONTROL/ctx/PATCH_B_mac_s_w8__tree_pre_folded__ctx876.aig,-mac -s -dyn -p -no-steps,-dyn -p,CORRECT,False,,TIMEOUT,TIMEOUT,"time budget 60 s exhausted (inner SIGKILL, monotonic clock)",62.00,,19.9,,,60,,W=8;context graft at gate 876
ctx,ctx__PATCH_B_mac_s_w8__tree_pre_folded__ctx876___dyn_c,CONTROL,PATCH_B_mac_s_w8__tree_pre_folded__ctx876,,8,netlists/CONTROL/ctx/PATCH_B_mac_s_w8__tree_pre_folded__ctx876.aig,-mac -s -dyn -c -no-steps,-dyn -c,CORRECT,False,Correct,RESULT,PASS,oracle 4096 corner + 16384 random,2.07,0.194988,5.2,231,794,60,,W=8;context graft at gate 876
ctx,ctx__PATCH_B_mac_s_w8__tree_pre_folded__ctx1026___dyn_p_c,CONTROL,PATCH_B_mac_s_w8__tree_pre_folded__ctx1026,,8,netlists/CONTROL/ctx/PATCH_B_mac_s_w8__tree_pre_folded__ctx1026.aig,-mac -s -dyn -p -c -no-steps,-dyn -p -c,CORRECT,False,Correct,RESULT,PASS,oracle 4096 corner + 16384 random,1.56,0.178786,5.4,138,794,60,,W=8;context graft at gate 1026
ctx,ctx__PATCH_B_mac_s_w8__tree_pre_folded__ctx1026___igs_p_c,CONTROL,PATCH_B_mac_s_w8__tree_pre_folded__ctx1026,,8,netlists/CONTROL/ctx/PATCH_B_mac_s_w8__tree_pre_folded__ctx1026.aig,-mac -s -igs -p -c -no-steps,-igs -p -c,CORRECT,False,Buggy,RESULT,FALSE_FAIL,oracle 4096 corner + 16384 random; remainder replay: REMAINDER_INVALID,1.82,0.180086,5.1,97,794,60,,W=8;context graft at gate 1026
ctx,ctx__PATCH_B_mac_s_w8__tree_pre_folded__ctx1026___dyn_p,CONTROL,PATCH_B_mac_s_w8__tree_pre_folded__ctx1026,,8,netlists/CONTROL/ctx/PATCH_B_mac_s_w8__tree_pre_folded__ctx1026.aig,-mac -s -dyn -p -no-steps,-dyn -p,CORRECT,False,Correct,RESULT,PASS,oracle 4096 corner + 16384 random,2.72,1.04998,5.2,296,794,60,,W=8;context graft at gate 1026
ctx,ctx__PATCH_B_mac_s_w8__tree_pre_folded__ctx1026___dyn_c,CONTROL,PATCH_B_mac_s_w8__tree_pre_folded__ctx1026,,8,netlists/CONTROL/ctx/PATCH_B_mac_s_w8__tree_pre_folded__ctx1026.aig,-mac -s -dyn -c -no-steps,-dyn -c,CORRECT,False,Correct,RESULT,PASS,oracle 4096 corner + 16384 random,1.75,0.202569,5.1,231,794,60,,W=8;context graft at gate 1026
ctx,ctx__PATCH_B_mac_s_w8__tree_pre_folded__ctx1032___dyn_p_c,CONTROL,PATCH_B_mac_s_w8__tree_pre_folded__ctx1032,,8,netlists/CONTROL/ctx/PATCH_B_mac_s_w8__tree_pre_folded__ctx1032.aig,-mac -s -dyn -p -c -no-steps,-dyn -p -c,CORRECT,False,Correct,RESULT,PASS,oracle 4096 corner + 16384 random,1.68,0.191631,5.1,138,794,60,,W=8;context graft at gate 1032
ctx,ctx__PATCH_B_mac_s_w8__tree_pre_folded__ctx1032___igs_p_c,CONTROL,PATCH_B_mac_s_w8__tree_pre_folded__ctx1032,,8,netlists/CONTROL/ctx/PATCH_B_mac_s_w8__tree_pre_folded__ctx1032.aig,-mac -s -igs -p -c -no-steps,-igs -p -c,CORRECT,False,Buggy,RESULT,FALSE_FAIL,oracle 4096 corner + 16384 random; remainder replay: REMAINDER_INVALID,1.76,0.168911,4.7,97,794,60,,W=8;context graft at gate 1032
ctx,ctx__PATCH_B_mac_s_w8__tree_pre_folded__ctx1032___dyn_p,CONTROL,PATCH_B_mac_s_w8__tree_pre_folded__ctx1032,,8,netlists/CONTROL/ctx/PATCH_B_mac_s_w8__tree_pre_folded__ctx1032.aig,-mac -s -dyn -p -no-steps,-dyn -p,CORRECT,False,Correct,RESULT,PASS,oracle 4096 corner + 16384 random,2.99,1.14513,5.4,296,794,60,,W=8;context graft at gate 1032
ctx,ctx__PATCH_B_mac_s_w8__tree_pre_folded__ctx1032___dyn_c,CONTROL,PATCH_B_mac_s_w8__tree_pre_folded__ctx1032,,8,netlists/CONTROL/ctx/PATCH_B_mac_s_w8__tree_pre_folded__ctx1032.aig,-mac -s -dyn -c -no-steps,-dyn -c,CORRECT,False,Correct,RESULT,PASS,oracle 4096 corner + 16384 random,1.71,0.125177,4.7,231,794,60,,W=8;context graft at gate 1032
ctx,ctx__PATCH_B_mac_s_w8__tree_pre_folded__ctx1038___dyn_p_c,CONTROL,PATCH_B_mac_s_w8__tree_pre_folded__ctx1038,,8,netlists/CONTROL/ctx/PATCH_B_mac_s_w8__tree_pre_folded__ctx1038.aig,-mac -s -dyn -p -c -no-steps,-dyn -p -c,CORRECT,False,,TIMEOUT,TIMEOUT,"time budget 60 s exhausted (inner SIGKILL, monotonic clock)",61.63,,192.9,,,60,,W=8;context graft at gate 1038
ctx,ctx__PATCH_B_mac_s_w8__tree_pre_folded__ctx1038___igs_p_c,CONTROL,PATCH_B_mac_s_w8__tree_pre_folded__ctx1038,,8,netlists/CONTROL/ctx/PATCH_B_mac_s_w8__tree_pre_folded__ctx1038.aig,-mac -s -igs -p -c -no-steps,-igs -p -c,CORRECT,False,,TIMEOUT,TIMEOUT,"time budget 60 s exhausted (inner SIGKILL, monotonic clock)",61.96,,235.8,,,60,,W=8;context graft at gate 1038
ctx,ctx__PATCH_B_mac_s_w8__tree_pre_folded__ctx1038___dyn_p,CONTROL,PATCH_B_mac_s_w8__tree_pre_folded__ctx1038,,8,netlists/CONTROL/ctx/PATCH_B_mac_s_w8__tree_pre_folded__ctx1038.aig,-mac -s -dyn -p -no-steps,-dyn -p,CORRECT,False,,TIMEOUT,TIMEOUT,"time budget 60 s exhausted (inner SIGKILL, monotonic clock)",62.09,,34.2,,,60,,W=8;context graft at gate 1038
ctx,ctx__PATCH_B_mac_s_w8__tree_pre_folded__ctx1038___dyn_c,CONTROL,PATCH_B_mac_s_w8__tree_pre_folded__ctx1038,,8,netlists/CONTROL/ctx/PATCH_B_mac_s_w8__tree_pre_folded__ctx1038.aig,-mac -s -dyn -c -no-steps,-dyn -c,CORRECT,False,Correct,RESULT,PASS,oracle 4096 corner + 16384 random,1.88,0.155253,5.2,231,794,60,,W=8;context graft at gate 1038
ctx,ctx__PATCH_B_mac_s_w8__tree_pre_folded__ctx1176___dyn_p_c,CONTROL,PATCH_B_mac_s_w8__tree_pre_folded__ctx1176,,8,netlists/CONTROL/ctx/PATCH_B_mac_s_w8__tree_pre_folded__ctx1176.aig,-mac -s -dyn -p -c -no-steps,-dyn -p -c,CORRECT,False,Buggy,RESULT,FALSE_FAIL,oracle 4096 corner + 16384 random; remainder replay: REMAINDER_INVALID,1.95,0.104855,5.0,138,794,60,,W=8;context graft at gate 1176
ctx,ctx__PATCH_B_mac_s_w8__tree_pre_folded__ctx1176___igs_p_c,CONTROL,PATCH_B_mac_s_w8__tree_pre_folded__ctx1176,,8,netlists/CONTROL/ctx/PATCH_B_mac_s_w8__tree_pre_folded__ctx1176.aig,-mac -s -igs -p -c -no-steps,-igs -p -c,CORRECT,False,Buggy,RESULT,FALSE_FAIL,oracle 4096 corner + 16384 random; remainder replay: REMAINDER_INVALID,2.10,0.222763,4.4,97,794,60,,W=8;context graft at gate 1176
ctx,ctx__PATCH_B_mac_s_w8__tree_pre_folded__ctx1176___dyn_p,CONTROL,PATCH_B_mac_s_w8__tree_pre_folded__ctx1176,,8,netlists/CONTROL/ctx/PATCH_B_mac_s_w8__tree_pre_folded__ctx1176.aig,-mac -s -dyn -p -no-steps,-dyn -p,CORRECT,False,Correct,RESULT,PASS,oracle 4096 corner + 16384 random,2.78,0.819943,4.9,296,794,60,,W=8;context graft at gate 1176
ctx,ctx__PATCH_B_mac_s_w8__tree_pre_folded__ctx1176___dyn_c,CONTROL,PATCH_B_mac_s_w8__tree_pre_folded__ctx1176,,8,netlists/CONTROL/ctx/PATCH_B_mac_s_w8__tree_pre_folded__ctx1176.aig,-mac -s -dyn -c -no-steps,-dyn -c,CORRECT,False,Correct,RESULT,PASS,oracle 4096 corner + 16384 random,2.07,0.16451,4.9,231,794,60,,W=8;context graft at gate 1176
ctx,ctx__PATCH_B_mac_s_w8__tree_pre_folded__ctx1292___dyn_p_c,CONTROL,PATCH_B_mac_s_w8__tree_pre_folded__ctx1292,,8,netlists/CONTROL/ctx/PATCH_B_mac_s_w8__tree_pre_folded__ctx1292.aig,-mac -s -dyn -p -c -no-steps,-dyn -p -c,CORRECT,False,Correct,RESULT,PASS,oracle 4096 corner + 16384 random,1.90,0.210987,4.9,138,794,60,,W=8;context graft at gate 1292
ctx,ctx__PATCH_B_mac_s_w8__tree_pre_folded__ctx1292___igs_p_c,CONTROL,PATCH_B_mac_s_w8__tree_pre_folded__ctx1292,,8,netlists/CONTROL/ctx/PATCH_B_mac_s_w8__tree_pre_folded__ctx1292.aig,-mac -s -igs -p -c -no-steps,-igs -p -c,CORRECT,False,Buggy,RESULT,FALSE_FAIL,oracle 4096 corner + 16384 random; remainder replay: REMAINDER_INVALID,2.05,0.100548,4.5,97,794,60,,W=8;context graft at gate 1292
ctx,ctx__PATCH_B_mac_s_w8__tree_pre_folded__ctx1292___dyn_p,CONTROL,PATCH_B_mac_s_w8__tree_pre_folded__ctx1292,,8,netlists/CONTROL/ctx/PATCH_B_mac_s_w8__tree_pre_folded__ctx1292.aig,-mac -s -dyn -p -no-steps,-dyn -p,CORRECT,False,Correct,RESULT,PASS,oracle 4096 corner + 16384 random,3.05,1.1569,4.6,296,794,60,,W=8;context graft at gate 1292
ctx,ctx__PATCH_B_mac_s_w8__tree_pre_folded__ctx1292___dyn_c,CONTROL,PATCH_B_mac_s_w8__tree_pre_folded__ctx1292,,8,netlists/CONTROL/ctx/PATCH_B_mac_s_w8__tree_pre_folded__ctx1292.aig,-mac -s -dyn -c -no-steps,-dyn -c,CORRECT,False,Correct,RESULT,PASS,oracle 4096 corner + 16384 random,2.03,0.149224,4.7,231,794,60,,W=8;context graft at gate 1292
ctx,ctx__PATCH_B_mac_s_w8__tree_pre_folded__ctx1390___dyn_p_c,CONTROL,PATCH_B_mac_s_w8__tree_pre_folded__ctx1390,,8,netlists/CONTROL/ctx/PATCH_B_mac_s_w8__tree_pre_folded__ctx1390.aig,-mac -s -dyn -p -c -no-steps,-dyn -p -c,CORRECT,False,Correct,RESULT,PASS,oracle 4096 corner + 16384 random,3.00,0.288279,5.2,139,794,60,,W=8;context graft at gate 1390
ctx,ctx__PATCH_B_mac_s_w8__tree_pre_folded__ctx1390___igs_p_c,CONTROL,PATCH_B_mac_s_w8__tree_pre_folded__ctx1390,,8,netlists/CONTROL/ctx/PATCH_B_mac_s_w8__tree_pre_folded__ctx1390.aig,-mac -s -igs -p -c -no-steps,-igs -p -c,CORRECT,False,Buggy,RESULT,FALSE_FAIL,oracle 4096 corner + 16384 random; remainder replay: REMAINDER_INVALID,2.41,0.120174,5.4,97,794,60,,W=8;context graft at gate 1390
ctx,ctx__PATCH_B_mac_s_w8__tree_pre_folded__ctx1390___dyn_p,CONTROL,PATCH_B_mac_s_w8__tree_pre_folded__ctx1390,,8,netlists/CONTROL/ctx/PATCH_B_mac_s_w8__tree_pre_folded__ctx1390.aig,-mac -s -dyn -p -no-steps,-dyn -p,CORRECT,False,Correct,RESULT,PASS,oracle 4096 corner + 16384 random,2.94,0.911772,4.7,296,794,60,,W=8;context graft at gate 1390
ctx,ctx__PATCH_B_mac_s_w8__tree_pre_folded__ctx1390___dyn_c,CONTROL,PATCH_B_mac_s_w8__tree_pre_folded__ctx1390,,8,netlists/CONTROL/ctx/PATCH_B_mac_s_w8__tree_pre_folded__ctx1390.aig,-mac -s -dyn -c -no-steps,-dyn -c,CORRECT,False,Correct,RESULT,PASS,oracle 4096 corner + 16384 random,2.05,0.0876546,5.1,231,794,60,,W=8;context graft at gate 1390
ctx,ctx__PATCH_B_mac_s_w8__tree_pre_folded__ctx1466___dyn_p_c,CONTROL,PATCH_B_mac_s_w8__tree_pre_folded__ctx1466,,8,netlists/CONTROL/ctx/PATCH_B_mac_s_w8__tree_pre_folded__ctx1466.aig,-mac -s -dyn -p -c -no-steps,-dyn -p -c,CORRECT,False,Buggy,RESULT,FALSE_FAIL,oracle 4096 corner + 16384 random; remainder replay: REMAINDER_INVALID,2.83,0.232561,5.4,138,794,60,,W=8;context graft at gate 1466
ctx,ctx__PATCH_B_mac_s_w8__tree_pre_folded__ctx1466___igs_p_c,CONTROL,PATCH_B_mac_s_w8__tree_pre_folded__ctx1466,,8,netlists/CONTROL/ctx/PATCH_B_mac_s_w8__tree_pre_folded__ctx1466.aig,-mac -s -igs -p -c -no-steps,-igs -p -c,CORRECT,False,Buggy,RESULT,FALSE_FAIL,oracle 4096 corner + 16384 random; remainder replay: REMAINDER_INVALID,2.45,0.150343,4.9,97,794,60,,W=8;context graft at gate 1466
ctx,ctx__PATCH_B_mac_s_w8__tree_pre_folded__ctx1466___dyn_p,CONTROL,PATCH_B_mac_s_w8__tree_pre_folded__ctx1466,,8,netlists/CONTROL/ctx/PATCH_B_mac_s_w8__tree_pre_folded__ctx1466.aig,-mac -s -dyn -p -no-steps,-dyn -p,CORRECT,False,Correct,RESULT,PASS,oracle 4096 corner + 16384 random,3.42,1.17311,5.1,296,794,60,,W=8;context graft at gate 1466
ctx,ctx__PATCH_B_mac_s_w8__tree_pre_folded__ctx1466___dyn_c,CONTROL,PATCH_B_mac_s_w8__tree_pre_folded__ctx1466,,8,netlists/CONTROL/ctx/PATCH_B_mac_s_w8__tree_pre_folded__ctx1466.aig,-mac -s -dyn -c -no-steps,-dyn -c,CORRECT,False,Correct,RESULT,PASS,oracle 4096 corner + 16384 random,2.44,0.168704,5.0,231,794,60,,W=8;context graft at gate 1466
ctx,ctx__PATCH_B_mac_s_w8__tree_pre_folded__ctx1538___dyn_p_c,CONTROL,PATCH_B_mac_s_w8__tree_pre_folded__ctx1538,,8,netlists/CONTROL/ctx/PATCH_B_mac_s_w8__tree_pre_folded__ctx1538.aig,-mac -s -dyn -p -c -no-steps,-dyn -p -c,CORRECT,False,Buggy,RESULT,FALSE_FAIL,oracle 4096 corner + 16384 random; remainder replay: REMAINDER_INVALID,2.80,0.231148,5.6,138,794,60,,W=8;context graft at gate 1538
ctx,ctx__PATCH_B_mac_s_w8__tree_pre_folded__ctx1538___igs_p_c,CONTROL,PATCH_B_mac_s_w8__tree_pre_folded__ctx1538,,8,netlists/CONTROL/ctx/PATCH_B_mac_s_w8__tree_pre_folded__ctx1538.aig,-mac -s -igs -p -c -no-steps,-igs -p -c,CORRECT,False,Buggy,RESULT,FALSE_FAIL,oracle 4096 corner + 16384 random; remainder replay: REMAINDER_INVALID,2.49,0.246916,5.4,97,794,60,,W=8;context graft at gate 1538
ctx,ctx__PATCH_B_mac_s_w8__tree_pre_folded__ctx1538___dyn_p,CONTROL,PATCH_B_mac_s_w8__tree_pre_folded__ctx1538,,8,netlists/CONTROL/ctx/PATCH_B_mac_s_w8__tree_pre_folded__ctx1538.aig,-mac -s -dyn -p -no-steps,-dyn -p,CORRECT,False,Correct,RESULT,PASS,oracle 4096 corner + 16384 random,3.52,1.08177,5.4,296,794,60,,W=8;context graft at gate 1538
ctx,ctx__PATCH_B_mac_s_w8__tree_pre_folded__ctx1538___dyn_c,CONTROL,PATCH_B_mac_s_w8__tree_pre_folded__ctx1538,,8,netlists/CONTROL/ctx/PATCH_B_mac_s_w8__tree_pre_folded__ctx1538.aig,-mac -s -dyn -c -no-steps,-dyn -c,CORRECT,False,Correct,RESULT,PASS,oracle 4096 corner + 16384 random,2.40,0.0718477,4.9,231,794,60,,W=8;context graft at gate 1538
ctx,ctx__PATCH_B_mac_s_w8__tree_pre_folded__ctx1576___dyn_p_c,CONTROL,PATCH_B_mac_s_w8__tree_pre_folded__ctx1576,,8,netlists/CONTROL/ctx/PATCH_B_mac_s_w8__tree_pre_folded__ctx1576.aig,-mac -s -dyn -p -c -no-steps,-dyn -p -c,CORRECT,False,Buggy,RESULT,FALSE_FAIL,oracle 4096 corner + 16384 random; remainder replay: REMAINDER_INVALID,2.74,0.201945,4.9,140,794,60,,W=8;context graft at gate 1576
ctx,ctx__PATCH_B_mac_s_w8__tree_pre_folded__ctx1576___igs_p_c,CONTROL,PATCH_B_mac_s_w8__tree_pre_folded__ctx1576,,8,netlists/CONTROL/ctx/PATCH_B_mac_s_w8__tree_pre_folded__ctx1576.aig,-mac -s -igs -p -c -no-steps,-igs -p -c,CORRECT,False,Correct,RESULT,PASS,oracle 4096 corner + 16384 random,3.14,0.23443,5.4,97,794,60,,W=8;context graft at gate 1576
ctx,ctx__PATCH_B_mac_s_w8__tree_pre_folded__ctx1576___dyn_p,CONTROL,PATCH_B_mac_s_w8__tree_pre_folded__ctx1576,,8,netlists/CONTROL/ctx/PATCH_B_mac_s_w8__tree_pre_folded__ctx1576.aig,-mac -s -dyn -p -no-steps,-dyn -p,CORRECT,False,Buggy,RESULT,FALSE_FAIL,oracle 4096 corner + 16384 random; remainder replay: REMAINDER_INVALID,3.59,1.16055,4.9,296,794,60,,W=8;context graft at gate 1576
ctx,ctx__PATCH_B_mac_s_w8__tree_pre_folded__ctx1576___dyn_c,CONTROL,PATCH_B_mac_s_w8__tree_pre_folded__ctx1576,,8,netlists/CONTROL/ctx/PATCH_B_mac_s_w8__tree_pre_folded__ctx1576.aig,-mac -s -dyn -c -no-steps,-dyn -c,CORRECT,False,Correct,RESULT,PASS,oracle 4096 corner + 16384 random,2.73,0.179631,4.6,166,794,60,,W=8;context graft at gate 1576
ctx,ctx__PATCH_B_mac_s_w8__tree_pre_folded__ctx1620___dyn_p_c,CONTROL,PATCH_B_mac_s_w8__tree_pre_folded__ctx1620,,8,netlists/CONTROL/ctx/PATCH_B_mac_s_w8__tree_pre_folded__ctx1620.aig,-mac -s -dyn -p -c -no-steps,-dyn -p -c,CORRECT,False,Buggy,RESULT,FALSE_FAIL,oracle 4096 corner + 16384 random; remainder replay: REMAINDER_INVALID,3.02,0.184616,5.1,138,794,60,,W=8;context graft at gate 1620
ctx,ctx__PATCH_B_mac_s_w8__tree_pre_folded__ctx1620___igs_p_c,CONTROL,PATCH_B_mac_s_w8__tree_pre_folded__ctx1620,,8,netlists/CONTROL/ctx/PATCH_B_mac_s_w8__tree_pre_folded__ctx1620.aig,-mac -s -igs -p -c -no-steps,-igs -p -c,CORRECT,False,Buggy,RESULT,FALSE_FAIL,oracle 4096 corner + 16384 random; remainder replay: REMAINDER_INVALID,3.01,0.202789,4.6,97,794,60,,W=8;context graft at gate 1620
ctx,ctx__PATCH_B_mac_s_w8__tree_pre_folded__ctx1620___dyn_p,CONTROL,PATCH_B_mac_s_w8__tree_pre_folded__ctx1620,,8,netlists/CONTROL/ctx/PATCH_B_mac_s_w8__tree_pre_folded__ctx1620.aig,-mac -s -dyn -p -no-steps,-dyn -p,CORRECT,False,Buggy,RESULT,FALSE_FAIL,oracle 4096 corner + 16384 random; remainder replay: REMAINDER_INVALID,3.34,0.885408,4.6,341,794,60,,W=8;context graft at gate 1620
ctx,ctx__PATCH_B_mac_s_w8__tree_pre_folded__ctx1620___dyn_c,CONTROL,PATCH_B_mac_s_w8__tree_pre_folded__ctx1620,,8,netlists/CONTROL/ctx/PATCH_B_mac_s_w8__tree_pre_folded__ctx1620.aig,-mac -s -dyn -c -no-steps,-dyn -c,CORRECT,False,Correct,RESULT,PASS,oracle 4096 corner + 16384 random,2.74,0.207347,4.9,170,794,60,,W=8;context graft at gate 1620
ctx,ctx__PATCH_B_mac_s_w5__tree_pre__ctx46___dyn_p_c,CONTROL,PATCH_B_mac_s_w5__tree_pre__ctx46,,5,netlists/CONTROL/ctx/PATCH_B_mac_s_w5__tree_pre__ctx46.aig,-mac -s -dyn -p -c -no-steps,-dyn -p -c,CORRECT,True,Buggy,RESULT,FALSE_FAIL,oracle exhaustive; remainder replay: REMAINDER_INVALID,2.38,0.0742041,5.2,74,326,60,,W=5;context graft at gate 46
ctx,ctx__PATCH_B_mac_s_w5__tree_pre__ctx46___igs_p_c,CONTROL,PATCH_B_mac_s_w5__tree_pre__ctx46,,5,netlists/CONTROL/ctx/PATCH_B_mac_s_w5__tree_pre__ctx46.aig,-mac -s -igs -p -c -no-steps,-igs -p -c,CORRECT,True,Correct,RESULT,PASS,oracle exhaustive,2.44,0.0579142,5.2,46,326,60,,W=5;context graft at gate 46
ctx,ctx__PATCH_B_mac_s_w5__tree_pre__ctx46___dyn_p,CONTROL,PATCH_B_mac_s_w5__tree_pre__ctx46,,5,netlists/CONTROL/ctx/PATCH_B_mac_s_w5__tree_pre__ctx46.aig,-mac -s -dyn -p -no-steps,-dyn -p,CORRECT,True,Correct,RESULT,PASS,oracle exhaustive,5.37,0.202244,4.9,158,326,60,,W=5;context graft at gate 46
ctx,ctx__PATCH_B_mac_s_w5__tree_pre__ctx46___dyn_c,CONTROL,PATCH_B_mac_s_w5__tree_pre__ctx46,,5,netlists/CONTROL/ctx/PATCH_B_mac_s_w5__tree_pre__ctx46.aig,-mac -s -dyn -c -no-steps,-dyn -c,CORRECT,True,Correct,RESULT,PASS,oracle exhaustive,2.64,0.0446945,4.4,86,326,60,,W=5;context graft at gate 46
ctx,ctx__PATCH_B_mac_s_w5__tree_pre__ctx62___dyn_p_c,CONTROL,PATCH_B_mac_s_w5__tree_pre__ctx62,,5,netlists/CONTROL/ctx/PATCH_B_mac_s_w5__tree_pre__ctx62.aig,-mac -s -dyn -p -c -no-steps,-dyn -p -c,CORRECT,True,Correct,RESULT,PASS,oracle exhaustive,2.90,0.0260416,4.9,70,326,60,,W=5;context graft at gate 62
ctx,ctx__PATCH_B_mac_s_w5__tree_pre__ctx62___igs_p_c,CONTROL,PATCH_B_mac_s_w5__tree_pre__ctx62,,5,netlists/CONTROL/ctx/PATCH_B_mac_s_w5__tree_pre__ctx62.aig,-mac -s -igs -p -c -no-steps,-igs -p -c,CORRECT,True,Buggy,RESULT,FALSE_FAIL,oracle exhaustive; remainder replay: REMAINDER_INVALID,3.10,0.0790803,5.1,46,326,60,,W=5;context graft at gate 62
ctx,ctx__PATCH_B_mac_s_w5__tree_pre__ctx62___dyn_p,CONTROL,PATCH_B_mac_s_w5__tree_pre__ctx62,,5,netlists/CONTROL/ctx/PATCH_B_mac_s_w5__tree_pre__ctx62.aig,-mac -s -dyn -p -no-steps,-dyn -p,CORRECT,True,Correct,RESULT,PASS,oracle exhaustive,3.45,0.511424,5.4,128,326,60,,W=5;context graft at gate 62
ctx,ctx__PATCH_B_mac_s_w5__tree_pre__ctx62___dyn_c,CONTROL,PATCH_B_mac_s_w5__tree_pre__ctx62,,5,netlists/CONTROL/ctx/PATCH_B_mac_s_w5__tree_pre__ctx62.aig,-mac -s -dyn -c -no-steps,-dyn -c,CORRECT,True,Correct,RESULT,PASS,oracle exhaustive,2.62,0.044176,5.4,86,326,60,,W=5;context graft at gate 62
ctx,ctx__PATCH_B_mac_s_w5__tree_pre__ctx102___dyn_p_c,CONTROL,PATCH_B_mac_s_w5__tree_pre__ctx102,,5,netlists/CONTROL/ctx/PATCH_B_mac_s_w5__tree_pre__ctx102.aig,-mac -s -dyn -p -c -no-steps,-dyn -p -c,CORRECT,True,Correct,RESULT,PASS,oracle exhaustive,3.05,0.0727925,5.0,70,326,60,,W=5;context graft at gate 102
ctx,ctx__PATCH_B_mac_s_w5__tree_pre__ctx102___igs_p_c,CONTROL,PATCH_B_mac_s_w5__tree_pre__ctx102,,5,netlists/CONTROL/ctx/PATCH_B_mac_s_w5__tree_pre__ctx102.aig,-mac -s -igs -p -c -no-steps,-igs -p -c,CORRECT,True,Buggy,RESULT,FALSE_FAIL,oracle exhaustive; remainder replay: REMAINDER_INVALID,3.16,0.115167,4.9,46,326,60,,W=5;context graft at gate 102
ctx,ctx__PATCH_B_mac_s_w5__tree_pre__ctx102___dyn_p,CONTROL,PATCH_B_mac_s_w5__tree_pre__ctx102,,5,netlists/CONTROL/ctx/PATCH_B_mac_s_w5__tree_pre__ctx102.aig,-mac -s -dyn -p -no-steps,-dyn -p,CORRECT,True,Correct,RESULT,PASS,oracle exhaustive,3.03,0.413959,5.3,128,326,60,,W=5;context graft at gate 102
ctx,ctx__PATCH_B_mac_s_w5__tree_pre__ctx102___dyn_c,CONTROL,PATCH_B_mac_s_w5__tree_pre__ctx102,,5,netlists/CONTROL/ctx/PATCH_B_mac_s_w5__tree_pre__ctx102.aig,-mac -s -dyn -c -no-steps,-dyn -c,CORRECT,True,Correct,RESULT,PASS,oracle exhaustive,2.50,0.0657122,4.9,86,326,60,,W=5;context graft at gate 102
ctx,ctx__PATCH_B_mac_s_w5__tree_pre__ctx170___dyn_p_c,CONTROL,PATCH_B_mac_s_w5__tree_pre__ctx170,,5,netlists/CONTROL/ctx/PATCH_B_mac_s_w5__tree_pre__ctx170.aig,-mac -s -dyn -p -c -no-steps,-dyn -p -c,CORRECT,True,Buggy,RESULT,FALSE_FAIL,oracle exhaustive; remainder replay: REMAINDER_INVALID,3.06,0.0580827,5.1,70,326,60,,W=5;context graft at gate 170
ctx,ctx__PATCH_B_mac_s_w5__tree_pre__ctx170___igs_p_c,CONTROL,PATCH_B_mac_s_w5__tree_pre__ctx170,,5,netlists/CONTROL/ctx/PATCH_B_mac_s_w5__tree_pre__ctx170.aig,-mac -s -igs -p -c -no-steps,-igs -p -c,CORRECT,True,Buggy,RESULT,FALSE_FAIL,oracle exhaustive; remainder replay: REMAINDER_INVALID,3.09,0.0374565,5.2,46,326,60,,W=5;context graft at gate 170
ctx,ctx__PATCH_B_mac_s_w5__tree_pre__ctx170___dyn_p,CONTROL,PATCH_B_mac_s_w5__tree_pre__ctx170,,5,netlists/CONTROL/ctx/PATCH_B_mac_s_w5__tree_pre__ctx170.aig,-mac -s -dyn -p -no-steps,-dyn -p,CORRECT,True,Correct,RESULT,PASS,oracle exhaustive,3.05,0.221042,5.1,128,326,60,,W=5;context graft at gate 170
ctx,ctx__PATCH_B_mac_s_w5__tree_pre__ctx170___dyn_c,CONTROL,PATCH_B_mac_s_w5__tree_pre__ctx170,,5,netlists/CONTROL/ctx/PATCH_B_mac_s_w5__tree_pre__ctx170.aig,-mac -s -dyn -c -no-steps,-dyn -c,CORRECT,True,Correct,RESULT,PASS,oracle exhaustive,3.31,0.048673,4.9,86,326,60,,W=5;context graft at gate 170
ctx,ctx__PATCH_B_mac_s_w5__tree_pre__ctx262___dyn_p_c,CONTROL,PATCH_B_mac_s_w5__tree_pre__ctx262,,5,netlists/CONTROL/ctx/PATCH_B_mac_s_w5__tree_pre__ctx262.aig,-mac -s -dyn -p -c -no-steps,-dyn -p -c,CORRECT,True,Buggy,RESULT,FALSE_FAIL,oracle exhaustive; remainder replay: REMAINDER_INVALID,2.70,0.0663853,4.9,70,326,60,,W=5;context graft at gate 262
ctx,ctx__PATCH_B_mac_s_w5__tree_pre__ctx262___igs_p_c,CONTROL,PATCH_B_mac_s_w5__tree_pre__ctx262,,5,netlists/CONTROL/ctx/PATCH_B_mac_s_w5__tree_pre__ctx262.aig,-mac -s -igs -p -c -no-steps,-igs -p -c,CORRECT,True,Buggy,RESULT,FALSE_FAIL,oracle exhaustive; remainder replay: REMAINDER_INVALID,3.23,0.109554,5.6,46,326,60,,W=5;context graft at gate 262
ctx,ctx__PATCH_B_mac_s_w5__tree_pre__ctx262___dyn_p,CONTROL,PATCH_B_mac_s_w5__tree_pre__ctx262,,5,netlists/CONTROL/ctx/PATCH_B_mac_s_w5__tree_pre__ctx262.aig,-mac -s -dyn -p -no-steps,-dyn -p,CORRECT,True,Correct,RESULT,PASS,oracle exhaustive,3.39,0.191801,5.2,128,326,60,,W=5;context graft at gate 262
ctx,ctx__PATCH_B_mac_s_w5__tree_pre__ctx262___dyn_c,CONTROL,PATCH_B_mac_s_w5__tree_pre__ctx262,,5,netlists/CONTROL/ctx/PATCH_B_mac_s_w5__tree_pre__ctx262.aig,-mac -s -dyn -c -no-steps,-dyn -c,CORRECT,True,Correct,RESULT,PASS,oracle exhaustive,8.97,0.0332281,5.4,86,326,60,,W=5;context graft at gate 262
ctx,ctx__PATCH_B_mac_s_w5__tree_pre__ctx358___dyn_p_c,CONTROL,PATCH_B_mac_s_w5__tree_pre__ctx358,,5,netlists/CONTROL/ctx/PATCH_B_mac_s_w5__tree_pre__ctx358.aig,-mac -s -dyn -p -c -no-steps,-dyn -p -c,CORRECT,True,Correct,RESULT,PASS,oracle exhaustive,3.71,0.0610103,4.1,70,326,60,,W=5;context graft at gate 358
ctx,ctx__PATCH_B_mac_s_w5__tree_pre__ctx358___igs_p_c,CONTROL,PATCH_B_mac_s_w5__tree_pre__ctx358,,5,netlists/CONTROL/ctx/PATCH_B_mac_s_w5__tree_pre__ctx358.aig,-mac -s -igs -p -c -no-steps,-igs -p -c,CORRECT,True,Buggy,RESULT,FALSE_FAIL,oracle exhaustive; remainder replay: REMAINDER_INVALID,26706.47,0.0314607,5.1,46,326,60,"timing unreliable: wall time exceeds the budget by > 60 s (WSL clock resync of ~26,700 s, or container start/teardown delay under load); TRACE itself was bounded by the in-container timeout, so the verdict is unaffected",W=5;context graft at gate 358
ctx,ctx__PATCH_B_mac_s_w5__tree_pre__ctx358___dyn_p,CONTROL,PATCH_B_mac_s_w5__tree_pre__ctx358,,5,netlists/CONTROL/ctx/PATCH_B_mac_s_w5__tree_pre__ctx358.aig,-mac -s -dyn -p -no-steps,-dyn -p,CORRECT,True,Correct,RESULT,PASS,oracle exhaustive,3.70,0.179737,5.1,128,326,60,,W=5;context graft at gate 358
ctx,ctx__PATCH_B_mac_s_w5__tree_pre__ctx358___dyn_c,CONTROL,PATCH_B_mac_s_w5__tree_pre__ctx358,,5,netlists/CONTROL/ctx/PATCH_B_mac_s_w5__tree_pre__ctx358.aig,-mac -s -dyn -c -no-steps,-dyn -c,CORRECT,True,Correct,RESULT,PASS,oracle exhaustive,4.94,0.0273339,4.9,86,326,60,,W=5;context graft at gate 358
ctx,ctx__PATCH_B_mac_s_w5__tree_pre__ctx454___dyn_p_c,CONTROL,PATCH_B_mac_s_w5__tree_pre__ctx454,,5,netlists/CONTROL/ctx/PATCH_B_mac_s_w5__tree_pre__ctx454.aig,-mac -s -dyn -p -c -no-steps,-dyn -p -c,CORRECT,True,Correct,RESULT,PASS,oracle exhaustive,6.15,0.060641,5.4,70,326,60,,W=5;context graft at gate 454
ctx,ctx__PATCH_B_mac_s_w5__tree_pre__ctx454___igs_p_c,CONTROL,PATCH_B_mac_s_w5__tree_pre__ctx454,,5,netlists/CONTROL/ctx/PATCH_B_mac_s_w5__tree_pre__ctx454.aig,-mac -s -igs -p -c -no-steps,-igs -p -c,CORRECT,True,Buggy,RESULT,FALSE_FAIL,oracle exhaustive; remainder replay: REMAINDER_INVALID,3.92,0.0491005,4.7,46,326,60,,W=5;context graft at gate 454
ctx,ctx__PATCH_B_mac_s_w5__tree_pre__ctx454___dyn_p,CONTROL,PATCH_B_mac_s_w5__tree_pre__ctx454,,5,netlists/CONTROL/ctx/PATCH_B_mac_s_w5__tree_pre__ctx454.aig,-mac -s -dyn -p -no-steps,-dyn -p,CORRECT,True,Correct,RESULT,PASS,oracle exhaustive,4.14,0.229515,4.9,128,326,60,,W=5;context graft at gate 454
ctx,ctx__PATCH_B_mac_s_w5__tree_pre__ctx454___dyn_c,CONTROL,PATCH_B_mac_s_w5__tree_pre__ctx454,,5,netlists/CONTROL/ctx/PATCH_B_mac_s_w5__tree_pre__ctx454.aig,-mac -s -dyn -c -no-steps,-dyn -c,CORRECT,True,Correct,RESULT,PASS,oracle exhaustive,3.03,0.0453426,5.2,86,326,60,,W=5;context graft at gate 454
ctx,ctx__PATCH_B_mac_s_w5__tree_pre__ctx530___dyn_p_c,CONTROL,PATCH_B_mac_s_w5__tree_pre__ctx530,,5,netlists/CONTROL/ctx/PATCH_B_mac_s_w5__tree_pre__ctx530.aig,-mac -s -dyn -p -c -no-steps,-dyn -p -c,CORRECT,True,Correct,RESULT,PASS,oracle exhaustive,2.33,0.0575276,5.1,70,326,60,,W=5;context graft at gate 530
ctx,ctx__PATCH_B_mac_s_w5__tree_pre__ctx530___igs_p_c,CONTROL,PATCH_B_mac_s_w5__tree_pre__ctx530,,5,netlists/CONTROL/ctx/PATCH_B_mac_s_w5__tree_pre__ctx530.aig,-mac -s -igs -p -c -no-steps,-igs -p -c,CORRECT,True,Buggy,RESULT,FALSE_FAIL,oracle exhaustive; remainder replay: REMAINDER_INVALID,2.41,0.102959,5.4,46,326,60,,W=5;context graft at gate 530
ctx,ctx__PATCH_B_mac_s_w5__tree_pre__ctx530___dyn_p,CONTROL,PATCH_B_mac_s_w5__tree_pre__ctx530,,5,netlists/CONTROL/ctx/PATCH_B_mac_s_w5__tree_pre__ctx530.aig,-mac -s -dyn -p -no-steps,-dyn -p,CORRECT,True,Correct,RESULT,PASS,oracle exhaustive,2.35,0.0723929,4.4,128,326,60,,W=5;context graft at gate 530
ctx,ctx__PATCH_B_mac_s_w5__tree_pre__ctx530___dyn_c,CONTROL,PATCH_B_mac_s_w5__tree_pre__ctx530,,5,netlists/CONTROL/ctx/PATCH_B_mac_s_w5__tree_pre__ctx530.aig,-mac -s -dyn -c -no-steps,-dyn -c,CORRECT,True,Correct,RESULT,PASS,oracle exhaustive,2.29,0.0461659,5.1,86,326,60,,W=5;context graft at gate 530
ctx,ctx__PATCH_B_mac_s_w5__tree_pre__ctx588___dyn_p_c,CONTROL,PATCH_B_mac_s_w5__tree_pre__ctx588,,5,netlists/CONTROL/ctx/PATCH_B_mac_s_w5__tree_pre__ctx588.aig,-mac -s -dyn -p -c -no-steps,-dyn -p -c,CORRECT,True,Buggy,RESULT,FALSE_FAIL,oracle exhaustive; remainder replay: REMAINDER_INVALID,2.23,0.0462053,4.7,70,326,60,,W=5;context graft at gate 588
ctx,ctx__PATCH_B_mac_s_w5__tree_pre__ctx588___igs_p_c,CONTROL,PATCH_B_mac_s_w5__tree_pre__ctx588,,5,netlists/CONTROL/ctx/PATCH_B_mac_s_w5__tree_pre__ctx588.aig,-mac -s -igs -p -c -no-steps,-igs -p -c,CORRECT,True,Buggy,RESULT,FALSE_FAIL,oracle exhaustive; remainder replay: REMAINDER_INVALID,2.00,0.0323337,5.4,46,326,60,,W=5;context graft at gate 588
ctx,ctx__PATCH_B_mac_s_w5__tree_pre__ctx588___dyn_p,CONTROL,PATCH_B_mac_s_w5__tree_pre__ctx588,,5,netlists/CONTROL/ctx/PATCH_B_mac_s_w5__tree_pre__ctx588.aig,-mac -s -dyn -p -no-steps,-dyn -p,CORRECT,True,Correct,RESULT,PASS,oracle exhaustive,2.62,0.137524,4.9,128,326,60,,W=5;context graft at gate 588
ctx,ctx__PATCH_B_mac_s_w5__tree_pre__ctx588___dyn_c,CONTROL,PATCH_B_mac_s_w5__tree_pre__ctx588,,5,netlists/CONTROL/ctx/PATCH_B_mac_s_w5__tree_pre__ctx588.aig,-mac -s -dyn -c -no-steps,-dyn -c,CORRECT,True,Correct,RESULT,PASS,oracle exhaustive,2.23,0.00557631,5.6,86,326,60,,W=5;context graft at gate 588
ctx,ctx__PATCH_B_mac_s_w5__tree_pre__ctx620___dyn_p_c,CONTROL,PATCH_B_mac_s_w5__tree_pre__ctx620,,5,netlists/CONTROL/ctx/PATCH_B_mac_s_w5__tree_pre__ctx620.aig,-mac -s -dyn -p -c -no-steps,-dyn -p -c,CORRECT,True,Correct,RESULT,PASS,oracle exhaustive,2.34,0.0091938,5.1,74,326,60,,W=5;context graft at gate 620
ctx,ctx__PATCH_B_mac_s_w5__tree_pre__ctx620___igs_p_c,CONTROL,PATCH_B_mac_s_w5__tree_pre__ctx620,,5,netlists/CONTROL/ctx/PATCH_B_mac_s_w5__tree_pre__ctx620.aig,-mac -s -igs -p -c -no-steps,-igs -p -c,CORRECT,True,Buggy,RESULT,FALSE_FAIL,oracle exhaustive; remainder replay: REMAINDER_INVALID,1.99,0.0929162,5.4,46,326,60,,W=5;context graft at gate 620
ctx,ctx__PATCH_B_mac_s_w5__tree_pre__ctx620___dyn_p,CONTROL,PATCH_B_mac_s_w5__tree_pre__ctx620,,5,netlists/CONTROL/ctx/PATCH_B_mac_s_w5__tree_pre__ctx620.aig,-mac -s -dyn -p -no-steps,-dyn -p,CORRECT,True,Buggy,RESULT,FALSE_FAIL,oracle exhaustive; remainder replay: REMAINDER_INVALID,2.31,0.174162,4.9,137,326,60,,W=5;context graft at gate 620
ctx,ctx__PATCH_B_mac_s_w5__tree_pre__ctx620___dyn_c,CONTROL,PATCH_B_mac_s_w5__tree_pre__ctx620,,5,netlists/CONTROL/ctx/PATCH_B_mac_s_w5__tree_pre__ctx620.aig,-mac -s -dyn -c -no-steps,-dyn -c,CORRECT,True,Correct,RESULT,PASS,oracle exhaustive,1.36,0.0142349,4.7,86,326,60,,W=5;context graft at gate 620
ctx,ctx__PATCH_B_mac_s_w5__tree_pre__ctx664___dyn_p_c,CONTROL,PATCH_B_mac_s_w5__tree_pre__ctx664,,5,netlists/CONTROL/ctx/PATCH_B_mac_s_w5__tree_pre__ctx664.aig,-mac -s -dyn -p -c -no-steps,-dyn -p -c,CORRECT,True,Correct,RESULT,PASS,oracle exhaustive,1.62,0.00892303,4.6,71,326,60,,W=5;context graft at gate 664
ctx,ctx__PATCH_B_mac_s_w5__tree_pre__ctx664___igs_p_c,CONTROL,PATCH_B_mac_s_w5__tree_pre__ctx664,,5,netlists/CONTROL/ctx/PATCH_B_mac_s_w5__tree_pre__ctx664.aig,-mac -s -igs -p -c -no-steps,-igs -p -c,CORRECT,True,Correct,RESULT,PASS,oracle exhaustive,1.72,0.0690794,5.4,46,326,60,,W=5;context graft at gate 664
ctx,ctx__PATCH_B_mac_s_w5__tree_pre__ctx664___dyn_p,CONTROL,PATCH_B_mac_s_w5__tree_pre__ctx664,,5,netlists/CONTROL/ctx/PATCH_B_mac_s_w5__tree_pre__ctx664.aig,-mac -s -dyn -p -no-steps,-dyn -p,CORRECT,True,Correct,RESULT,PASS,oracle exhaustive,1.71,0.0746619,5.2,195,326,60,,W=5;context graft at gate 664
ctx,ctx__PATCH_B_mac_s_w5__tree_pre__ctx664___dyn_c,CONTROL,PATCH_B_mac_s_w5__tree_pre__ctx664,,5,netlists/CONTROL/ctx/PATCH_B_mac_s_w5__tree_pre__ctx664.aig,-mac -s -dyn -c -no-steps,-dyn -c,CORRECT,True,Correct,RESULT,PASS,oracle exhaustive,1.57,0.0352606,5.1,86,326,60,,W=5;context graft at gate 664
ctx,ctx__B_mac_u_w8__tree_pre__ctx70___dyn_p_c,CONTROL,B_mac_u_w8__tree_pre__ctx70,,8,netlists/CONTROL/ctx/B_mac_u_w8__tree_pre__ctx70.aig,-mac -dyn -p -c -no-steps,-dyn -p -c,CORRECT,False,Correct,RESULT,PASS,oracle 4096 corner + 16384 random,1.54,0.143072,5.1,137,735,60,,W=8;context graft at gate 70
ctx,ctx__B_mac_u_w8__tree_pre__ctx70___igs_p_c,CONTROL,B_mac_u_w8__tree_pre__ctx70,,8,netlists/CONTROL/ctx/B_mac_u_w8__tree_pre__ctx70.aig,-mac -igs -p -c -no-steps,-igs -p -c,CORRECT,False,Correct,RESULT,PASS,oracle 4096 corner + 16384 random,1.69,0.196442,5.4,97,735,60,,W=8;context graft at gate 70
ctx,ctx__B_mac_u_w8__tree_pre__ctx70___dyn_p,CONTROL,B_mac_u_w8__tree_pre__ctx70,,8,netlists/CONTROL/ctx/B_mac_u_w8__tree_pre__ctx70.aig,-mac -dyn -p -no-steps,-dyn -p,CORRECT,False,Correct,RESULT,PASS,oracle 4096 corner + 16384 random,2.85,1.59937,4.7,423,735,60,,W=8;context graft at gate 70
ctx,ctx__B_mac_u_w8__tree_pre__ctx70___dyn_c,CONTROL,B_mac_u_w8__tree_pre__ctx70,,8,netlists/CONTROL/ctx/B_mac_u_w8__tree_pre__ctx70.aig,-mac -dyn -c -no-steps,-dyn -c,CORRECT,False,Correct,RESULT,PASS,oracle 4096 corner + 16384 random,1.67,0.0605674,5.2,197,735,60,,W=8;context graft at gate 70
ctx,ctx__B_mac_u_w8__tree_pre__ctx86___dyn_p_c,CONTROL,B_mac_u_w8__tree_pre__ctx86,,8,netlists/CONTROL/ctx/B_mac_u_w8__tree_pre__ctx86.aig,-mac -dyn -p -c -no-steps,-dyn -p -c,CORRECT,False,Correct,RESULT,PASS,oracle 4096 corner + 16384 random,1.55,0.139281,4.6,144,735,60,,W=8;context graft at gate 86
ctx,ctx__B_mac_u_w8__tree_pre__ctx86___igs_p_c,CONTROL,B_mac_u_w8__tree_pre__ctx86,,8,netlists/CONTROL/ctx/B_mac_u_w8__tree_pre__ctx86.aig,-mac -igs -p -c -no-steps,-igs -p -c,CORRECT,False,Buggy,RESULT,FALSE_FAIL,oracle 4096 corner + 16384 random; remainder replay: REMAINDER_INVALID,1.70,0.189475,5.1,97,735,60,,W=8;context graft at gate 86
ctx,ctx__B_mac_u_w8__tree_pre__ctx86___dyn_p,CONTROL,B_mac_u_w8__tree_pre__ctx86,,8,netlists/CONTROL/ctx/B_mac_u_w8__tree_pre__ctx86.aig,-mac -dyn -p -no-steps,-dyn -p,CORRECT,False,Correct,RESULT,PASS,oracle 4096 corner + 16384 random,2.47,1.19208,5.1,456,735,60,,W=8;context graft at gate 86
ctx,ctx__B_mac_u_w8__tree_pre__ctx86___dyn_c,CONTROL,B_mac_u_w8__tree_pre__ctx86,,8,netlists/CONTROL/ctx/B_mac_u_w8__tree_pre__ctx86.aig,-mac -dyn -c -no-steps,-dyn -c,CORRECT,False,Correct,RESULT,PASS,oracle 4096 corner + 16384 random,1.64,0.182483,4.7,197,735,60,,W=8;context graft at gate 86
ctx,ctx__B_mac_u_w8__tree_pre__ctx126___dyn_p_c,CONTROL,B_mac_u_w8__tree_pre__ctx126,,8,netlists/CONTROL/ctx/B_mac_u_w8__tree_pre__ctx126.aig,-mac -dyn -p -c -no-steps,-dyn -p -c,CORRECT,False,Buggy,RESULT,FALSE_FAIL,oracle 4096 corner + 16384 random; remainder replay: REMAINDER_INVALID,1.47,0.144633,4.9,144,735,60,,W=8;context graft at gate 126
ctx,ctx__B_mac_u_w8__tree_pre__ctx126___igs_p_c,CONTROL,B_mac_u_w8__tree_pre__ctx126,,8,netlists/CONTROL/ctx/B_mac_u_w8__tree_pre__ctx126.aig,-mac -igs -p -c -no-steps,-igs -p -c,CORRECT,False,Buggy,RESULT,FALSE_FAIL,oracle 4096 corner + 16384 random; remainder replay: REMAINDER_INVALID,1.43,0.143155,4.4,97,735,60,,W=8;context graft at gate 126
ctx,ctx__B_mac_u_w8__tree_pre__ctx126___dyn_p,CONTROL,B_mac_u_w8__tree_pre__ctx126,,8,netlists/CONTROL/ctx/B_mac_u_w8__tree_pre__ctx126.aig,-mac -dyn -p -no-steps,-dyn -p,CORRECT,False,Correct,RESULT,PASS,oracle 4096 corner + 16384 random,2.39,0.868107,4.9,456,735,60,,W=8;context graft at gate 126
ctx,ctx__B_mac_u_w8__tree_pre__ctx126___dyn_c,CONTROL,B_mac_u_w8__tree_pre__ctx126,,8,netlists/CONTROL/ctx/B_mac_u_w8__tree_pre__ctx126.aig,-mac -dyn -c -no-steps,-dyn -c,CORRECT,False,Correct,RESULT,PASS,oracle 4096 corner + 16384 random,1.40,0.139736,5.1,197,735,60,,W=8;context graft at gate 126
ctx,ctx__B_mac_u_w8__tree_pre__ctx194___dyn_p_c,CONTROL,B_mac_u_w8__tree_pre__ctx194,,8,netlists/CONTROL/ctx/B_mac_u_w8__tree_pre__ctx194.aig,-mac -dyn -p -c -no-steps,-dyn -p -c,CORRECT,False,Buggy,RESULT,FALSE_FAIL,oracle 4096 corner + 16384 random; remainder replay: REMAINDER_INVALID,1.36,0.151853,5.4,144,735,60,,W=8;context graft at gate 194
ctx,ctx__B_mac_u_w8__tree_pre__ctx194___igs_p_c,CONTROL,B_mac_u_w8__tree_pre__ctx194,,8,netlists/CONTROL/ctx/B_mac_u_w8__tree_pre__ctx194.aig,-mac -igs -p -c -no-steps,-igs -p -c,CORRECT,False,Buggy,RESULT,FALSE_FAIL,oracle 4096 corner + 16384 random; remainder replay: REMAINDER_INVALID,1.98,0.147838,5.1,97,735,60,,W=8;context graft at gate 194
ctx,ctx__B_mac_u_w8__tree_pre__ctx194___dyn_p,CONTROL,B_mac_u_w8__tree_pre__ctx194,,8,netlists/CONTROL/ctx/B_mac_u_w8__tree_pre__ctx194.aig,-mac -dyn -p -no-steps,-dyn -p,CORRECT,False,Correct,RESULT,PASS,oracle 4096 corner + 16384 random,2.74,1.23987,4.4,456,735,60,,W=8;context graft at gate 194
ctx,ctx__B_mac_u_w8__tree_pre__ctx194___dyn_c,CONTROL,B_mac_u_w8__tree_pre__ctx194,,8,netlists/CONTROL/ctx/B_mac_u_w8__tree_pre__ctx194.aig,-mac -dyn -c -no-steps,-dyn -c,CORRECT,False,Correct,RESULT,PASS,oracle 4096 corner + 16384 random,1.80,0.191392,5.1,197,735,60,,W=8;context graft at gate 194
ctx,ctx__B_mac_u_w8__tree_pre__ctx286___dyn_p_c,CONTROL,B_mac_u_w8__tree_pre__ctx286,,8,netlists/CONTROL/ctx/B_mac_u_w8__tree_pre__ctx286.aig,-mac -dyn -p -c -no-steps,-dyn -p -c,CORRECT,False,Correct,RESULT,PASS,oracle 4096 corner + 16384 random,1.53,0.134663,5.1,144,735,60,,W=8;context graft at gate 286
ctx,ctx__B_mac_u_w8__tree_pre__ctx286___igs_p_c,CONTROL,B_mac_u_w8__tree_pre__ctx286,,8,netlists/CONTROL/ctx/B_mac_u_w8__tree_pre__ctx286.aig,-mac -igs -p -c -no-steps,-igs -p -c,CORRECT,False,Buggy,RESULT,FALSE_FAIL,oracle 4096 corner + 16384 random; remainder replay: REMAINDER_INVALID,2.27,0.194733,4.9,97,735,60,,W=8;context graft at gate 286
ctx,ctx__B_mac_u_w8__tree_pre__ctx286___dyn_p,CONTROL,B_mac_u_w8__tree_pre__ctx286,,8,netlists/CONTROL/ctx/B_mac_u_w8__tree_pre__ctx286.aig,-mac -dyn -p -no-steps,-dyn -p,CORRECT,False,Correct,RESULT,PASS,oracle 4096 corner + 16384 random,2.79,1.20407,5.1,456,735,60,,W=8;context graft at gate 286
ctx,ctx__B_mac_u_w8__tree_pre__ctx286___dyn_c,CONTROL,B_mac_u_w8__tree_pre__ctx286,,8,netlists/CONTROL/ctx/B_mac_u_w8__tree_pre__ctx286.aig,-mac -dyn -c -no-steps,-dyn -c,CORRECT,False,Correct,RESULT,PASS,oracle 4096 corner + 16384 random,1.85,0.16172,4.9,197,735,60,,W=8;context graft at gate 286
ctx,ctx__B_mac_u_w8__tree_pre__ctx398___dyn_p_c,CONTROL,B_mac_u_w8__tree_pre__ctx398,,8,netlists/CONTROL/ctx/B_mac_u_w8__tree_pre__ctx398.aig,-mac -dyn -p -c -no-steps,-dyn -p -c,CORRECT,False,Buggy,RESULT,FALSE_FAIL,oracle 4096 corner + 16384 random; remainder replay: REMAINDER_INVALID,1.86,0.123396,4.6,144,735,60,,W=8;context graft at gate 398
ctx,ctx__B_mac_u_w8__tree_pre__ctx398___igs_p_c,CONTROL,B_mac_u_w8__tree_pre__ctx398,,8,netlists/CONTROL/ctx/B_mac_u_w8__tree_pre__ctx398.aig,-mac -igs -p -c -no-steps,-igs -p -c,CORRECT,False,Buggy,RESULT,FALSE_FAIL,oracle 4096 corner + 16384 random; remainder replay: REMAINDER_INVALID,1.90,0.083359,5.1,97,735,60,,W=8;context graft at gate 398
ctx,ctx__B_mac_u_w8__tree_pre__ctx398___dyn_p,CONTROL,B_mac_u_w8__tree_pre__ctx398,,8,netlists/CONTROL/ctx/B_mac_u_w8__tree_pre__ctx398.aig,-mac -dyn -p -no-steps,-dyn -p,CORRECT,False,Correct,RESULT,PASS,oracle 4096 corner + 16384 random,2.91,1.26511,5.6,456,735,60,,W=8;context graft at gate 398
ctx,ctx__B_mac_u_w8__tree_pre__ctx398___dyn_c,CONTROL,B_mac_u_w8__tree_pre__ctx398,,8,netlists/CONTROL/ctx/B_mac_u_w8__tree_pre__ctx398.aig,-mac -dyn -c -no-steps,-dyn -c,CORRECT,False,Correct,RESULT,PASS,oracle 4096 corner + 16384 random,1.85,0.0750781,4.9,197,735,60,,W=8;context graft at gate 398
ctx,ctx__B_mac_u_w8__tree_pre__ctx532___dyn_p_c,CONTROL,B_mac_u_w8__tree_pre__ctx532,,8,netlists/CONTROL/ctx/B_mac_u_w8__tree_pre__ctx532.aig,-mac -dyn -p -c -no-steps,-dyn -p -c,CORRECT,False,Buggy,RESULT,FALSE_FAIL,oracle 4096 corner + 16384 random; remainder replay: REMAINDER_INVALID,1.65,0.197386,4.7,144,735,60,,W=8;context graft at gate 532
ctx,ctx__B_mac_u_w8__tree_pre__ctx532___igs_p_c,CONTROL,B_mac_u_w8__tree_pre__ctx532,,8,netlists/CONTROL/ctx/B_mac_u_w8__tree_pre__ctx532.aig,-mac -igs -p -c -no-steps,-igs -p -c,CORRECT,False,Buggy,RESULT,FALSE_FAIL,oracle 4096 corner + 16384 random; remainder replay: REMAINDER_INVALID,1.70,0.0616334,4.4,97,735,60,,W=8;context graft at gate 532
ctx,ctx__B_mac_u_w8__tree_pre__ctx532___dyn_p,CONTROL,B_mac_u_w8__tree_pre__ctx532,,8,netlists/CONTROL/ctx/B_mac_u_w8__tree_pre__ctx532.aig,-mac -dyn -p -no-steps,-dyn -p,CORRECT,False,Correct,RESULT,PASS,oracle 4096 corner + 16384 random,2.57,1.02143,4.4,456,735,60,,W=8;context graft at gate 532
ctx,ctx__B_mac_u_w8__tree_pre__ctx532___dyn_c,CONTROL,B_mac_u_w8__tree_pre__ctx532,,8,netlists/CONTROL/ctx/B_mac_u_w8__tree_pre__ctx532.aig,-mac -dyn -c -no-steps,-dyn -c,CORRECT,False,Correct,RESULT,PASS,oracle 4096 corner + 16384 random,1.46,0.0544097,5.1,197,735,60,,W=8;context graft at gate 532
ctx,ctx__B_mac_u_w8__tree_pre__ctx684___dyn_p_c,CONTROL,B_mac_u_w8__tree_pre__ctx684,,8,netlists/CONTROL/ctx/B_mac_u_w8__tree_pre__ctx684.aig,-mac -dyn -p -c -no-steps,-dyn -p -c,CORRECT,False,Buggy,RESULT,FALSE_FAIL,oracle 4096 corner + 16384 random; remainder replay: REMAINDER_INVALID,1.25,0.193326,4.9,144,735,60,,W=8;context graft at gate 684
ctx,ctx__B_mac_u_w8__tree_pre__ctx684___igs_p_c,CONTROL,B_mac_u_w8__tree_pre__ctx684,,8,netlists/CONTROL/ctx/B_mac_u_w8__tree_pre__ctx684.aig,-mac -igs -p -c -no-steps,-igs -p -c,CORRECT,False,Buggy,RESULT,FALSE_FAIL,oracle 4096 corner + 16384 random; remainder replay: REMAINDER_INVALID,1.53,0.118969,4.9,97,735,60,,W=8;context graft at gate 684
ctx,ctx__B_mac_u_w8__tree_pre__ctx684___dyn_p,CONTROL,B_mac_u_w8__tree_pre__ctx684,,8,netlists/CONTROL/ctx/B_mac_u_w8__tree_pre__ctx684.aig,-mac -dyn -p -no-steps,-dyn -p,CORRECT,False,Correct,RESULT,PASS,oracle 4096 corner + 16384 random,2.15,0.926758,4.7,456,735,60,,W=8;context graft at gate 684
ctx,ctx__B_mac_u_w8__tree_pre__ctx684___dyn_c,CONTROL,B_mac_u_w8__tree_pre__ctx684,,8,netlists/CONTROL/ctx/B_mac_u_w8__tree_pre__ctx684.aig,-mac -dyn -c -no-steps,-dyn -c,CORRECT,False,Correct,RESULT,PASS,oracle 4096 corner + 16384 random,1.87,0.0936516,5.2,197,735,60,,W=8;context graft at gate 684
ctx,ctx__B_mac_u_w8__tree_pre__ctx842___dyn_p_c,CONTROL,B_mac_u_w8__tree_pre__ctx842,,8,netlists/CONTROL/ctx/B_mac_u_w8__tree_pre__ctx842.aig,-mac -dyn -p -c -no-steps,-dyn -p -c,CORRECT,False,Correct,RESULT,PASS,oracle 4096 corner + 16384 random,1.87,0.151705,5.1,144,735,60,,W=8;context graft at gate 842
ctx,ctx__B_mac_u_w8__tree_pre__ctx842___igs_p_c,CONTROL,B_mac_u_w8__tree_pre__ctx842,,8,netlists/CONTROL/ctx/B_mac_u_w8__tree_pre__ctx842.aig,-mac -igs -p -c -no-steps,-igs -p -c,CORRECT,False,Buggy,RESULT,FALSE_FAIL,oracle 4096 corner + 16384 random; remainder replay: REMAINDER_INVALID,1.55,0.169004,4.6,97,735,60,,W=8;context graft at gate 842
ctx,ctx__B_mac_u_w8__tree_pre__ctx842___dyn_p,CONTROL,B_mac_u_w8__tree_pre__ctx842,,8,netlists/CONTROL/ctx/B_mac_u_w8__tree_pre__ctx842.aig,-mac -dyn -p -no-steps,-dyn -p,CORRECT,False,Correct,RESULT,PASS,oracle 4096 corner + 16384 random,2.28,0.957778,4.9,456,735,60,,W=8;context graft at gate 842
ctx,ctx__B_mac_u_w8__tree_pre__ctx842___dyn_c,CONTROL,B_mac_u_w8__tree_pre__ctx842,,8,netlists/CONTROL/ctx/B_mac_u_w8__tree_pre__ctx842.aig,-mac -dyn -c -no-steps,-dyn -c,CORRECT,False,Correct,RESULT,PASS,oracle 4096 corner + 16384 random,1.69,0.0836512,4.9,197,735,60,,W=8;context graft at gate 842
ctx,ctx__B_mac_u_w8__tree_pre__ctx982___dyn_p_c,CONTROL,B_mac_u_w8__tree_pre__ctx982,,8,netlists/CONTROL/ctx/B_mac_u_w8__tree_pre__ctx982.aig,-mac -dyn -p -c -no-steps,-dyn -p -c,CORRECT,False,Correct,RESULT,PASS,oracle 4096 corner + 16384 random,1.83,0.149929,4.9,142,735,60,,W=8;context graft at gate 982
ctx,ctx__B_mac_u_w8__tree_pre__ctx982___igs_p_c,CONTROL,B_mac_u_w8__tree_pre__ctx982,,8,netlists/CONTROL/ctx/B_mac_u_w8__tree_pre__ctx982.aig,-mac -igs -p -c -no-steps,-igs -p -c,CORRECT,False,Buggy,RESULT,FALSE_FAIL,oracle 4096 corner + 16384 random; remainder replay: REMAINDER_INVALID,1.98,0.161954,4.9,97,735,60,,W=8;context graft at gate 982
ctx,ctx__B_mac_u_w8__tree_pre__ctx982___dyn_p,CONTROL,B_mac_u_w8__tree_pre__ctx982,,8,netlists/CONTROL/ctx/B_mac_u_w8__tree_pre__ctx982.aig,-mac -dyn -p -no-steps,-dyn -p,CORRECT,False,Correct,RESULT,PASS,oracle 4096 corner + 16384 random,2.11,0.743562,4.9,414,735,60,,W=8;context graft at gate 982
ctx,ctx__B_mac_u_w8__tree_pre__ctx982___dyn_c,CONTROL,B_mac_u_w8__tree_pre__ctx982,,8,netlists/CONTROL/ctx/B_mac_u_w8__tree_pre__ctx982.aig,-mac -dyn -c -no-steps,-dyn -c,CORRECT,False,Correct,RESULT,PASS,oracle 4096 corner + 16384 random,1.81,0.126144,5.4,197,735,60,,W=8;context graft at gate 982
ctx,ctx__B_mac_u_w8__tree_pre__ctx1118___dyn_p_c,CONTROL,B_mac_u_w8__tree_pre__ctx1118,,8,netlists/CONTROL/ctx/B_mac_u_w8__tree_pre__ctx1118.aig,-mac -dyn -p -c -no-steps,-dyn -p -c,CORRECT,False,Correct,RESULT,PASS,oracle 4096 corner + 16384 random,1.67,0.129416,4.7,139,735,60,,W=8;context graft at gate 1118
ctx,ctx__B_mac_u_w8__tree_pre__ctx1118___igs_p_c,CONTROL,B_mac_u_w8__tree_pre__ctx1118,,8,netlists/CONTROL/ctx/B_mac_u_w8__tree_pre__ctx1118.aig,-mac -igs -p -c -no-steps,-igs -p -c,CORRECT,False,Buggy,RESULT,FALSE_FAIL,oracle 4096 corner + 16384 random; remainder replay: REMAINDER_INVALID,1.66,0.126015,4.6,97,735,60,,W=8;context graft at gate 1118
ctx,ctx__B_mac_u_w8__tree_pre__ctx1118___dyn_p,CONTROL,B_mac_u_w8__tree_pre__ctx1118,,8,netlists/CONTROL/ctx/B_mac_u_w8__tree_pre__ctx1118.aig,-mac -dyn -p -no-steps,-dyn -p,CORRECT,False,Correct,RESULT,PASS,oracle 4096 corner + 16384 random,2.61,1.07635,4.9,377,735,60,,W=8;context graft at gate 1118
ctx,ctx__B_mac_u_w8__tree_pre__ctx1118___dyn_c,CONTROL,B_mac_u_w8__tree_pre__ctx1118,,8,netlists/CONTROL/ctx/B_mac_u_w8__tree_pre__ctx1118.aig,-mac -dyn -c -no-steps,-dyn -c,CORRECT,False,Correct,RESULT,PASS,oracle 4096 corner + 16384 random,1.85,0.115475,4.9,197,735,60,,W=8;context graft at gate 1118
ctx,ctx__B_mac_u_w8__tree_pre__ctx1222___dyn_p_c,CONTROL,B_mac_u_w8__tree_pre__ctx1222,,8,netlists/CONTROL/ctx/B_mac_u_w8__tree_pre__ctx1222.aig,-mac -dyn -p -c -no-steps,-dyn -p -c,CORRECT,False,Correct,RESULT,PASS,oracle 4096 corner + 16384 random,1.45,0.153074,4.9,143,735,60,,W=8;context graft at gate 1222
ctx,ctx__B_mac_u_w8__tree_pre__ctx1222___igs_p_c,CONTROL,B_mac_u_w8__tree_pre__ctx1222,,8,netlists/CONTROL/ctx/B_mac_u_w8__tree_pre__ctx1222.aig,-mac -igs -p -c -no-steps,-igs -p -c,CORRECT,False,Buggy,RESULT,FALSE_FAIL,oracle 4096 corner + 16384 random; remainder replay: REMAINDER_INVALID,1.87,0.14223,5.6,97,735,60,,W=8;context graft at gate 1222
ctx,ctx__B_mac_u_w8__tree_pre__ctx1222___dyn_p,CONTROL,B_mac_u_w8__tree_pre__ctx1222,,8,netlists/CONTROL/ctx/B_mac_u_w8__tree_pre__ctx1222.aig,-mac -dyn -p -no-steps,-dyn -p,CORRECT,False,Correct,RESULT,PASS,oracle 4096 corner + 16384 random,2.99,1.33092,4.9,349,735,60,,W=8;context graft at gate 1222
ctx,ctx__B_mac_u_w8__tree_pre__ctx1222___dyn_c,CONTROL,B_mac_u_w8__tree_pre__ctx1222,,8,netlists/CONTROL/ctx/B_mac_u_w8__tree_pre__ctx1222.aig,-mac -dyn -c -no-steps,-dyn -c,CORRECT,False,Correct,RESULT,PASS,oracle 4096 corner + 16384 random,1.66,0.20288,4.9,197,735,60,,W=8;context graft at gate 1222
ctx,ctx__B_mac_u_w8__tree_pre__ctx1312___dyn_p_c,CONTROL,B_mac_u_w8__tree_pre__ctx1312,,8,netlists/CONTROL/ctx/B_mac_u_w8__tree_pre__ctx1312.aig,-mac -dyn -p -c -no-steps,-dyn -p -c,CORRECT,False,Correct,RESULT,PASS,oracle 4096 corner + 16384 random,1.60,0.146124,4.7,139,735,60,,W=8;context graft at gate 1312
ctx,ctx__B_mac_u_w8__tree_pre__ctx1312___igs_p_c,CONTROL,B_mac_u_w8__tree_pre__ctx1312,,8,netlists/CONTROL/ctx/B_mac_u_w8__tree_pre__ctx1312.aig,-mac -igs -p -c -no-steps,-igs -p -c,CORRECT,False,Buggy,RESULT,FALSE_FAIL,oracle 4096 corner + 16384 random; remainder replay: REMAINDER_INVALID,1.66,0.184354,5.2,97,735,60,,W=8;context graft at gate 1312
ctx,ctx__B_mac_u_w8__tree_pre__ctx1312___dyn_p,CONTROL,B_mac_u_w8__tree_pre__ctx1312,,8,netlists/CONTROL/ctx/B_mac_u_w8__tree_pre__ctx1312.aig,-mac -dyn -p -no-steps,-dyn -p,CORRECT,False,Correct,RESULT,PASS,oracle 4096 corner + 16384 random,2.67,1.24534,4.6,377,735,60,,W=8;context graft at gate 1312
ctx,ctx__B_mac_u_w8__tree_pre__ctx1312___dyn_c,CONTROL,B_mac_u_w8__tree_pre__ctx1312,,8,netlists/CONTROL/ctx/B_mac_u_w8__tree_pre__ctx1312.aig,-mac -dyn -c -no-steps,-dyn -c,CORRECT,False,Correct,RESULT,PASS,oracle 4096 corner + 16384 random,1.90,0.15164,4.9,197,735,60,,W=8;context graft at gate 1312
ctx,ctx__B_mac_u_w8__tree_pre__ctx1380___dyn_p_c,CONTROL,B_mac_u_w8__tree_pre__ctx1380,,8,netlists/CONTROL/ctx/B_mac_u_w8__tree_pre__ctx1380.aig,-mac -dyn -p -c -no-steps,-dyn -p -c,CORRECT,False,Correct,RESULT,PASS,oracle 4096 corner + 16384 random,1.80,0.164146,4.9,143,735,60,,W=8;context graft at gate 1380
ctx,ctx__B_mac_u_w8__tree_pre__ctx1380___igs_p_c,CONTROL,B_mac_u_w8__tree_pre__ctx1380,,8,netlists/CONTROL/ctx/B_mac_u_w8__tree_pre__ctx1380.aig,-mac -igs -p -c -no-steps,-igs -p -c,CORRECT,False,Buggy,RESULT,FALSE_FAIL,oracle 4096 corner + 16384 random; remainder replay: REMAINDER_INVALID,1.64,0.126133,5.6,97,735,60,,W=8;context graft at gate 1380
ctx,ctx__B_mac_u_w8__tree_pre__ctx1380___dyn_p,CONTROL,B_mac_u_w8__tree_pre__ctx1380,,8,netlists/CONTROL/ctx/B_mac_u_w8__tree_pre__ctx1380.aig,-mac -dyn -p -no-steps,-dyn -p,CORRECT,False,Correct,RESULT,PASS,oracle 4096 corner + 16384 random,2.56,0.942144,5.1,468,735,60,,W=8;context graft at gate 1380
ctx,ctx__B_mac_u_w8__tree_pre__ctx1380___dyn_c,CONTROL,B_mac_u_w8__tree_pre__ctx1380,,8,netlists/CONTROL/ctx/B_mac_u_w8__tree_pre__ctx1380.aig,-mac -dyn -c -no-steps,-dyn -c,CORRECT,False,Correct,RESULT,PASS,oracle 4096 corner + 16384 random,1.64,0.126779,4.7,197,735,60,,W=8;context graft at gate 1380
ctx,ctx__B_mac_u_w8__tree_pre__ctx1444___dyn_p_c,CONTROL,B_mac_u_w8__tree_pre__ctx1444,,8,netlists/CONTROL/ctx/B_mac_u_w8__tree_pre__ctx1444.aig,-mac -dyn -p -c -no-steps,-dyn -p -c,CORRECT,False,Buggy,RESULT,FALSE_FAIL,oracle 4096 corner + 16384 random; remainder replay: REMAINDER_INVALID,1.71,0.15315,4.9,143,735,60,,W=8;context graft at gate 1444
ctx,ctx__B_mac_u_w8__tree_pre__ctx1444___igs_p_c,CONTROL,B_mac_u_w8__tree_pre__ctx1444,,8,netlists/CONTROL/ctx/B_mac_u_w8__tree_pre__ctx1444.aig,-mac -igs -p -c -no-steps,-igs -p -c,CORRECT,False,Buggy,RESULT,FALSE_FAIL,oracle 4096 corner + 16384 random; remainder replay: REMAINDER_INVALID,2.20,0.112196,5.4,97,735,60,,W=8;context graft at gate 1444
ctx,ctx__B_mac_u_w8__tree_pre__ctx1444___dyn_p,CONTROL,B_mac_u_w8__tree_pre__ctx1444,,8,netlists/CONTROL/ctx/B_mac_u_w8__tree_pre__ctx1444.aig,-mac -dyn -p -no-steps,-dyn -p,CORRECT,False,Correct,RESULT,PASS,oracle 4096 corner + 16384 random,2.67,0.91863,4.6,377,735,60,,W=8;context graft at gate 1444
ctx,ctx__B_mac_u_w8__tree_pre__ctx1444___dyn_c,CONTROL,B_mac_u_w8__tree_pre__ctx1444,,8,netlists/CONTROL/ctx/B_mac_u_w8__tree_pre__ctx1444.aig,-mac -dyn -c -no-steps,-dyn -c,CORRECT,False,Correct,RESULT,PASS,oracle 4096 corner + 16384 random,1.76,0.11402,4.9,203,735,60,,W=8;context graft at gate 1444
ctx,ctx__B_mac_u_w8__tree_pre__ctx1476___dyn_p_c,CONTROL,B_mac_u_w8__tree_pre__ctx1476,,8,netlists/CONTROL/ctx/B_mac_u_w8__tree_pre__ctx1476.aig,-mac -dyn -p -c -no-steps,-dyn -p -c,CORRECT,False,Correct,RESULT,PASS,oracle 4096 corner + 16384 random,1.59,0.105023,5.1,145,735,60,,W=8;context graft at gate 1476
ctx,ctx__B_mac_u_w8__tree_pre__ctx1476___igs_p_c,CONTROL,B_mac_u_w8__tree_pre__ctx1476,,8,netlists/CONTROL/ctx/B_mac_u_w8__tree_pre__ctx1476.aig,-mac -igs -p -c -no-steps,-igs -p -c,CORRECT,False,Buggy,RESULT,FALSE_FAIL,oracle 4096 corner + 16384 random; remainder replay: REMAINDER_INVALID,1.47,0.174667,5.1,97,735,60,,W=8;context graft at gate 1476
ctx,ctx__B_mac_u_w8__tree_pre__ctx1476___dyn_p,CONTROL,B_mac_u_w8__tree_pre__ctx1476,,8,netlists/CONTROL/ctx/B_mac_u_w8__tree_pre__ctx1476.aig,-mac -dyn -p -no-steps,-dyn -p,CORRECT,False,Correct,RESULT,PASS,oracle 4096 corner + 16384 random,1.95,0.536019,4.7,456,735,60,,W=8;context graft at gate 1476
ctx,ctx__B_mac_u_w8__tree_pre__ctx1476___dyn_c,CONTROL,B_mac_u_w8__tree_pre__ctx1476,,8,netlists/CONTROL/ctx/B_mac_u_w8__tree_pre__ctx1476.aig,-mac -dyn -c -no-steps,-dyn -c,CORRECT,False,Correct,RESULT,PASS,oracle 4096 corner + 16384 random,1.19,0.0447188,4.6,192,735,60,,W=8;context graft at gate 1476
diag1,D03_mul_s_w8_norm_idx,MAIN,A_mul_s_w8,norm,,netlists/MAIN/A_mul_s_w8__norm.aig,-mul -s -idx -p -c -no-steps,-idx -p -c,CORRECT,True,Correct,RESULT,PASS,oracle exhaustive,2.35,0.974342,5.9,81,695,120,,config sweep
diag1,D04_mul_s_w8_norm_ipc,MAIN,A_mul_s_w8,norm,,netlists/MAIN/A_mul_s_w8__norm.aig,-mul -s -ipc -p -c -no-steps,-ipc -p -c,CORRECT,True,Correct,RESULT,PASS,oracle exhaustive,7.46,6.09791,16.3,81,695,120,,config sweep
diag1,D05_mul_s_w8_norm_igsm,MAIN,A_mul_s_w8,norm,,netlists/MAIN/A_mul_s_w8__norm.aig,-mul -s -igsm -p -c -no-steps,-igsm -p -c,CORRECT,True,Buggy,RESULT,FALSE_FAIL,oracle exhaustive; remainder replay: REMAINDER_INVALID,5.79,4.90683,16.6,81,695,120,,config sweep
diag1,D06_mul_s_w8_norm_dyn_nopc,MAIN,A_mul_s_w8,norm,,netlists/MAIN/A_mul_s_w8__norm.aig,-mul -s -dyn -no-steps,-dyn,CORRECT,True,,TIMEOUT,TIMEOUT,"time budget 120 s exhausted (inner SIGKILL, monotonic clock)",121.48,,278.6,,,120,,config sweep
diag1,D07_mul_s_w8_norm_unsignedspec,MAIN,A_mul_s_w8,norm,,netlists/MAIN/A_mul_s_w8__norm.aig,-mul -dyn -p -c -no-steps,-dyn -p -c,INCORRECT,True,,TIMEOUT,TIMEOUT,"time budget 120 s exhausted (inner SIGKILL, monotonic clock)",121.69,,124.8,,,120,,control: signed circuit vs unsigned spec
diag1,D08_mul_s_w8_normpre,MAIN,A_mul_s_w8,norm_pre,,netlists/MAIN/A_mul_s_w8__norm_pre.aig,-mul -s -dyn -p -c -no-steps,-dyn -p -c,CORRECT,True,Correct,RESULT,PASS,oracle exhaustive,1.26,0.0580919,4.9,135,760,120,,pre-ABC structure
diag1,D09_mul_u_w8_booth_ipc,MAIN,A_mul_u_w8,booth,,netlists/MAIN/A_mul_u_w8__booth.aig,-mul -ipc -p -c -no-steps,-ipc -p -c,CORRECT,True,,TIMEOUT,TIMEOUT,"time budget 120 s exhausted (inner SIGKILL, monotonic clock)",121.48,,243.5,,,120,,config sweep
diag1,D10_mul_u_w8_boothpre,MAIN,A_mul_u_w8,booth_pre,,netlists/MAIN/A_mul_u_w8__booth_pre.aig,-mul -dyn -p -c -no-steps,-dyn -p -c,CORRECT,True,,NO_RESULT,ERROR,no Result line (segfault: terminated by signal 11),1.15,,5.4,,,120,,pre-ABC structure
diag1,D11_mul_s_w8_boothlp,MAIN,A_mul_s_w8,booth_lp,,netlists/MAIN/A_mul_s_w8__booth_lp.aig,-mul -s -dyn -p -c -no-steps,-dyn -p -c,CORRECT,True,,TIMEOUT,TIMEOUT,"time budget 120 s exhausted (inner SIGKILL, monotonic clock)",121.43,,344.1,,,120,,signed low-power booth
diag1,D12_mul_s_w8_boothpre,MAIN,A_mul_s_w8,booth_pre,,netlists/MAIN/A_mul_s_w8__booth_pre.aig,-mul -s -dyn -p -c -no-steps,-dyn -p -c,CORRECT,True,Correct,RESULT,PASS,oracle exhaustive,1.97,0.113758,4.9,171,612,120,,signed booth pre-ABC
dotspec,S01_dot2_s_w8_norm_idx,MAIN,B_dot2_s_w8,norm,,netlists/MAIN/B_dot2_s_w8__norm.aig,-dot=2 -s -idx -p -c -no-steps,-idx -p -c,CORRECT,False,,TIMEOUT,TIMEOUT,"time budget 120 s exhausted (inner SIGKILL, monotonic clock)",121.40,,236.5,,,120,,signed dot spec on conventional correct netlist
dotspec,S02_dot2_s_w8_patchtree_idx,PATCH,B_dot2_s_w8,tree,,netlists/PATCH/B_dot2_s_w8__tree.aig,-dot=2 -s -idx -p -c -no-steps,-idx -p -c,CORRECT,False,Buggy,RESULT,FALSE_FAIL,oracle 4096 corner + 16384 random; remainder replay: REMAINDER_INVALID [DOT ignores -s],2.10,0.605211,7.3,145,1385,120,,signed dot spec on patched tree
dotspec,S03_dot2_u_w8_norm_idx,MAIN,B_dot2_u_w8,norm,,netlists/MAIN/B_dot2_u_w8__norm.aig,-dot=2 -idx -p -c -no-steps,-idx -p -c,CORRECT,False,Correct,RESULT,PASS,oracle 4096 corner + 16384 random,15.48,14.0477,16.0,146,1305,120,,unsigned dot spec on unsigned conventional
dotspec,S04_dot2_u_w8_tree_idx,MAIN,B_dot2_u_w8,tree,,netlists/MAIN/B_dot2_u_w8__tree.aig,-dot=2 -idx -p -c -no-steps,-idx -p -c,CORRECT,False,Correct,RESULT,PASS,oracle 4096 corner + 16384 random,2.04,0.352702,5.6,146,1243,120,,unsigned dot spec on unsigned tree
dotspec,S05_mac_s_w8_norm_idx,MAIN,B_mac_s_w8,norm,,netlists/MAIN/B_mac_s_w8__norm.aig,-mac -s -idx -p -c -no-steps,-idx -p -c,CORRECT,False,,TIMEOUT,TIMEOUT,"time budget 120 s exhausted (inner SIGKILL, monotonic clock)",121.40,,123.9,,,120,,signed MAC spec on conventional correct netlist
dotspec,S06_mul_s_w8_norm_idx_ref,MAIN,A_mul_s_w8,norm,,netlists/MAIN/A_mul_s_w8__norm.aig,-mul -s -idx -p -c -no-steps,-idx -p -c,CORRECT,True,Correct,RESULT,PASS,oracle exhaustive,2.74,1.21984,6.3,81,695,120,,signed MUL spec reference (known Correct)
dotspec,S07_dot2_s_w8_tree_unsignedflag,MAIN,B_dot2_s_w8,tree,,netlists/MAIN/B_dot2_s_w8__tree.aig,-dot=2 -idx -p -c -no-steps,-idx -p -c,CORRECT,False,Buggy,RESULT,FAIL,control: checked template differs from the design intent; witness replays against the template,2.86,1.3836,7.9,145,1385,120,,signed circuit with unsigned dot spec (compare remainder)
isolation,onset__B_dot2_u_w40__tree_pre___dyn_p_c,ONSET_MAIN,B_dot2_u_w40,tree_pre,40,netlists/ONSET_MAIN/B_dot2_u_w40__tree_pre.aig,-dot=2 -dyn -p -c -no-steps,-dyn -p -c,CORRECT,,Correct,RESULT,PASS,jobs-file expectation (baseline/control),48.84,47.3612,116.2,3634,33236,900,,W=40;onset of 64-bit pre-ABC difficulty
isolation,onset__B_dot2_u_w48__tree_pre___dyn_p_c,ONSET_MAIN,B_dot2_u_w48,tree_pre,48,netlists/ONSET_MAIN/B_dot2_u_w48__tree_pre.aig,-dot=2 -dyn -p -c -no-steps,-dyn -p -c,CORRECT,,Correct,RESULT,PASS,jobs-file expectation (baseline/control),121.19,119.428,167.8,7576,47421,900,,W=48;onset of 64-bit pre-ABC difficulty
isolation,onset__B_dot2_u_w56__tree_pre___dyn_p_c,ONSET_MAIN,B_dot2_u_w56,tree_pre,56,netlists/ONSET_MAIN/B_dot2_u_w56__tree_pre.aig,-dot=2 -dyn -p -c -no-steps,-dyn -p -c,CORRECT,,Correct,RESULT,PASS,jobs-file expectation (baseline/control),254.21,251.912,220.3,6927,64665,900,,W=56;onset of 64-bit pre-ABC difficulty
isolation,onset__B_mac_u_w40__norm_pre___dyn_p_c,ONSET_MAIN,B_mac_u_w40,norm_pre,40,netlists/ONSET_MAIN/B_mac_u_w40__norm_pre.aig,-mac -dyn -p -c -no-steps,-dyn -p -c,CORRECT,,Correct,RESULT,PASS,jobs-file expectation (baseline/control),32.60,31.4065,68.4,5058,17178,900,,W=40;onset of 64-bit pre-ABC difficulty
isolation,onset__B_mac_u_w40__tree_pre___dyn_p_c,ONSET_MAIN,B_mac_u_w40,tree_pre,40,netlists/ONSET_MAIN/B_mac_u_w40__tree_pre.aig,-mac -dyn -p -c -no-steps,-dyn -p -c,CORRECT,,Correct,RESULT,PASS,jobs-file expectation (baseline/control),13.21,11.9685,59.6,2065,16955,900,,W=40;onset of 64-bit pre-ABC difficulty
isolation,onset__B_mac_u_w48__norm_pre___dyn_p_c,ONSET_MAIN,B_mac_u_w48,norm_pre,48,netlists/ONSET_MAIN/B_mac_u_w48__norm_pre.aig,-mac -dyn -p -c -no-steps,-dyn -p -c,CORRECT,,,TIMEOUT,TIMEOUT,"time budget 900 s exhausted (inner SIGKILL, monotonic clock)",901.19,,300.1,,,900,,W=48;onset of 64-bit pre-ABC difficulty
isolation,onset__B_mac_u_w48__tree_pre___dyn_p_c,ONSET_MAIN,B_mac_u_w48,tree_pre,48,netlists/ONSET_MAIN/B_mac_u_w48__tree_pre.aig,-mac -dyn -p -c -no-steps,-dyn -p -c,CORRECT,,Correct,RESULT,PASS,jobs-file expectation (baseline/control),38.63,37.3584,87.9,4601,24196,900,,W=48;onset of 64-bit pre-ABC difficulty
isolation,onset__B_mac_u_w56__norm_pre___dyn_p_c,ONSET_MAIN,B_mac_u_w56,norm_pre,56,netlists/ONSET_MAIN/B_mac_u_w56__norm_pre.aig,-mac -dyn -p -c -no-steps,-dyn -p -c,CORRECT,,Correct,RESULT,PASS,jobs-file expectation (baseline/control),347.95,346.276,138.9,10605,33179,900,,W=56;onset of 64-bit pre-ABC difficulty
isolation,onset__B_mac_u_w56__tree_pre___dyn_p_c,ONSET_MAIN,B_mac_u_w56,tree_pre,56,netlists/ONSET_MAIN/B_mac_u_w56__tree_pre.aig,-mac -dyn -p -c -no-steps,-dyn -p -c,CORRECT,,Correct,RESULT,PASS,jobs-file expectation (baseline/control),62.11,60.3769,110.8,3802,32762,900,,W=56;onset of 64-bit pre-ABC difficulty
isolation,abcstep__A_mul_s_w8__booth_lp_pre__balance___dyn_p_c,ABCSTEP,A_mul_s_w8,booth_lp_pre__balance,8,netlists/ABCSTEP/A_mul_s_w8__booth_lp_pre__balance.aig,-mul -s -dyn -p -c -no-steps,-dyn -p -c,CORRECT,,Correct,RESULT,PASS,jobs-file expectation (baseline/control),1.07,0.0486601,4.4,214,452,60,,W=8;ABC step isolation;step=balance;source=booth_lp_pre
isolation,abcstep__A_mul_s_w8__booth_lp_pre__balance___idx_p_c,ABCSTEP,A_mul_s_w8,booth_lp_pre__balance,8,netlists/ABCSTEP/A_mul_s_w8__booth_lp_pre__balance.aig,-mul -s -idx -p -c -no-steps,-idx -p -c,CORRECT,,Correct,RESULT,PASS,jobs-file expectation (baseline/control),1.06,0.0442263,4.4,80,452,60,,W=8;ABC step isolation;step=balance;source=booth_lp_pre
isolation,abcstep__A_mul_s_w8__booth_lp_pre__dc2___dyn_p_c,ABCSTEP,A_mul_s_w8,booth_lp_pre__dc2,8,netlists/ABCSTEP/A_mul_s_w8__booth_lp_pre__dc2.aig,-mul -s -dyn -p -c -no-steps,-dyn -p -c,CORRECT,,Correct,RESULT,PASS,jobs-file expectation (baseline/control),1.14,0.0688765,4.7,179,446,60,,W=8;ABC step isolation;step=dc2;source=booth_lp_pre
isolation,abcstep__A_mul_s_w8__booth_lp_pre__dc2___idx_p_c,ABCSTEP,A_mul_s_w8,booth_lp_pre__dc2,8,netlists/ABCSTEP/A_mul_s_w8__booth_lp_pre__dc2.aig,-mul -s -idx -p -c -no-steps,-idx -p -c,CORRECT,,Correct,RESULT,PASS,jobs-file expectation (baseline/control),0.96,0.0479085,5.2,80,446,60,,W=8;ABC step isolation;step=dc2;source=booth_lp_pre
isolation,abcstep__A_mul_s_w8__booth_lp_pre__dch___dyn_p_c,ABCSTEP,A_mul_s_w8,booth_lp_pre__dch,8,netlists/ABCSTEP/A_mul_s_w8__booth_lp_pre__dch.aig,-mul -s -dyn -p -c -no-steps,-dyn -p -c,CORRECT,,,TIMEOUT,TIMEOUT,"time budget 60 s exhausted (inner SIGKILL, monotonic clock)",60.97,,76.1,,,60,,W=8;ABC step isolation;step=dch;source=booth_lp_pre
isolation,abcstep__A_mul_s_w8__booth_lp_pre__dch___idx_p_c,ABCSTEP,A_mul_s_w8,booth_lp_pre__dch,8,netlists/ABCSTEP/A_mul_s_w8__booth_lp_pre__dch.aig,-mul -s -idx -p -c -no-steps,-idx -p -c,CORRECT,,,TIMEOUT,TIMEOUT,"time budget 60 s exhausted (inner SIGKILL, monotonic clock)",60.89,,156.4,,,60,,W=8;ABC step isolation;step=dch;source=booth_lp_pre
isolation,abcstep__A_mul_s_w8__booth_lp_pre__fraig___dyn_p_c,ABCSTEP,A_mul_s_w8,booth_lp_pre__fraig,8,netlists/ABCSTEP/A_mul_s_w8__booth_lp_pre__fraig.aig,-mul -s -dyn -p -c -no-steps,-dyn -p -c,CORRECT,,,TIMEOUT,TIMEOUT,"time budget 60 s exhausted (inner SIGKILL, monotonic clock)",60.74,,67.8,,,60,,W=8;ABC step isolation;step=fraig;source=booth_lp_pre
isolation,abcstep__A_mul_s_w8__booth_lp_pre__fraig___idx_p_c,ABCSTEP,A_mul_s_w8,booth_lp_pre__fraig,8,netlists/ABCSTEP/A_mul_s_w8__booth_lp_pre__fraig.aig,-mul -s -idx -p -c -no-steps,-idx -p -c,CORRECT,,,TIMEOUT,TIMEOUT,"time budget 60 s exhausted (inner SIGKILL, monotonic clock)",61.00,,123.7,,,60,,W=8;ABC step isolation;step=fraig;source=booth_lp_pre
isolation,abcstep__A_mul_s_w8__booth_lp_pre__refactor___dyn_p_c,ABCSTEP,A_mul_s_w8,booth_lp_pre__refactor,8,netlists/ABCSTEP/A_mul_s_w8__booth_lp_pre__refactor.aig,-mul -s -dyn -p -c -no-steps,-dyn -p -c,CORRECT,,Correct,RESULT,PASS,jobs-file expectation (baseline/control),1.13,0.038235,4.9,199,449,60,,W=8;ABC step isolation;step=refactor;source=booth_lp_pre
isolation,abcstep__A_mul_s_w8__booth_lp_pre__refactor___idx_p_c,ABCSTEP,A_mul_s_w8,booth_lp_pre__refactor,8,netlists/ABCSTEP/A_mul_s_w8__booth_lp_pre__refactor.aig,-mul -s -idx -p -c -no-steps,-idx -p -c,CORRECT,,Correct,RESULT,PASS,jobs-file expectation (baseline/control),1.07,0.0587915,4.4,80,449,60,,W=8;ABC step isolation;step=refactor;source=booth_lp_pre
isolation,abcstep__A_mul_s_w8__booth_lp_pre__resyn2___dyn_p_c,ABCSTEP,A_mul_s_w8,booth_lp_pre__resyn2,8,netlists/ABCSTEP/A_mul_s_w8__booth_lp_pre__resyn2.aig,-mul -s -dyn -p -c -no-steps,-dyn -p -c,CORRECT,,Correct,RESULT,PASS,jobs-file expectation (baseline/control),1.22,0.0397163,4.9,173,446,60,,W=8;ABC step isolation;step=resyn2;source=booth_lp_pre
isolation,abcstep__A_mul_s_w8__booth_lp_pre__resyn2___idx_p_c,ABCSTEP,A_mul_s_w8,booth_lp_pre__resyn2,8,netlists/ABCSTEP/A_mul_s_w8__booth_lp_pre__resyn2.aig,-mul -s -idx -p -c -no-steps,-idx -p -c,CORRECT,,Correct,RESULT,PASS,jobs-file expectation (baseline/control),1.13,0.055316,4.6,81,446,60,,W=8;ABC step isolation;step=resyn2;source=booth_lp_pre
isolation,abcstep__A_mul_s_w8__booth_lp_pre__rewrite___dyn_p_c,ABCSTEP,A_mul_s_w8,booth_lp_pre__rewrite,8,netlists/ABCSTEP/A_mul_s_w8__booth_lp_pre__rewrite.aig,-mul -s -dyn -p -c -no-steps,-dyn -p -c,CORRECT,,Correct,RESULT,PASS,jobs-file expectation (baseline/control),0.80,0.0418174,4.1,190,446,60,,W=8;ABC step isolation;step=rewrite;source=booth_lp_pre
isolation,abcstep__A_mul_s_w8__booth_lp_pre__rewrite___idx_p_c,ABCSTEP,A_mul_s_w8,booth_lp_pre__rewrite,8,netlists/ABCSTEP/A_mul_s_w8__booth_lp_pre__rewrite.aig,-mul -s -idx -p -c -no-steps,-idx -p -c,CORRECT,,Correct,RESULT,PASS,jobs-file expectation (baseline/control),0.90,0.048071,5.1,80,446,60,,W=8;ABC step isolation;step=rewrite;source=booth_lp_pre
isolation,abcstep__A_mul_s_w8__booth_lp_pre__strash___dyn_p_c,ABCSTEP,A_mul_s_w8,booth_lp_pre__strash,8,netlists/ABCSTEP/A_mul_s_w8__booth_lp_pre__strash.aig,-mul -s -dyn -p -c -no-steps,-dyn -p -c,CORRECT,,Correct,RESULT,PASS,jobs-file expectation (baseline/control),0.86,0.0378144,4.6,214,452,60,,W=8;ABC step isolation;step=strash;source=booth_lp_pre
isolation,abcstep__A_mul_s_w8__booth_lp_pre__strash___idx_p_c,ABCSTEP,A_mul_s_w8,booth_lp_pre__strash,8,netlists/ABCSTEP/A_mul_s_w8__booth_lp_pre__strash.aig,-mul -s -idx -p -c -no-steps,-idx -p -c,CORRECT,,Correct,RESULT,PASS,jobs-file expectation (baseline/control),1.00,0.0468757,4.4,80,452,60,,W=8;ABC step isolation;step=strash;source=booth_lp_pre
isolation,abcstep__A_mul_s_w8__booth_lp_pre__yosysnomap___dyn_p_c,ABCSTEP,A_mul_s_w8,booth_lp_pre__yosysnomap,8,netlists/ABCSTEP/A_mul_s_w8__booth_lp_pre__yosysnomap.aig,-mul -s -dyn -p -c -no-steps,-dyn -p -c,CORRECT,,,TIMEOUT,TIMEOUT,"time budget 60 s exhausted (inner SIGKILL, monotonic clock)",61.04,,61.5,,,60,,W=8;ABC step isolation;step=yosysnomap;source=booth_lp_pre
isolation,abcstep__A_mul_s_w8__booth_lp_pre__yosysnomap___idx_p_c,ABCSTEP,A_mul_s_w8,booth_lp_pre__yosysnomap,8,netlists/ABCSTEP/A_mul_s_w8__booth_lp_pre__yosysnomap.aig,-mul -s -idx -p -c -no-steps,-idx -p -c,CORRECT,,,TIMEOUT,TIMEOUT,"time budget 60 s exhausted (inner SIGKILL, monotonic clock)",61.15,,132.5,,,60,,W=8;ABC step isolation;step=yosysnomap;source=booth_lp_pre
isolation,abcstep__A_mul_u_w8__booth_pre_folded__balance___dyn_p_c,ABCSTEP,A_mul_u_w8,booth_pre_folded__balance,8,netlists/ABCSTEP/A_mul_u_w8__booth_pre_folded__balance.aig,-mul -dyn -p -c -no-steps,-dyn -p -c,CORRECT,,Correct,RESULT,PASS,jobs-file expectation (baseline/control),1.05,0.0764527,3.9,180,578,60,,W=8;ABC step isolation;step=balance;source=booth_pre_folded
isolation,abcstep__A_mul_u_w8__booth_pre_folded__balance___idx_p_c,ABCSTEP,A_mul_u_w8,booth_pre_folded__balance,8,netlists/ABCSTEP/A_mul_u_w8__booth_pre_folded__balance.aig,-mul -idx -p -c -no-steps,-idx -p -c,CORRECT,,Correct,RESULT,PASS,jobs-file expectation (baseline/control),9.48,8.28556,46.6,80,578,60,,W=8;ABC step isolation;step=balance;source=booth_pre_folded
isolation,abcstep__A_mul_u_w8__booth_pre_folded__dc2___dyn_p_c,ABCSTEP,A_mul_u_w8,booth_pre_folded__dc2,8,netlists/ABCSTEP/A_mul_u_w8__booth_pre_folded__dc2.aig,-mul -dyn -p -c -no-steps,-dyn -p -c,CORRECT,,Correct,RESULT,PASS,jobs-file expectation (baseline/control),1.04,0.0430846,4.7,177,513,60,,W=8;ABC step isolation;step=dc2;source=booth_pre_folded
isolation,abcstep__A_mul_u_w8__booth_pre_folded__dc2___idx_p_c,ABCSTEP,A_mul_u_w8,booth_pre_folded__dc2,8,netlists/ABCSTEP/A_mul_u_w8__booth_pre_folded__dc2.aig,-mul -idx -p -c -no-steps,-idx -p -c,CORRECT,,Correct,RESULT,PASS,jobs-file expectation (baseline/control),1.07,0.0633314,4.4,81,513,60,,W=8;ABC step isolation;step=dc2;source=booth_pre_folded
isolation,abcstep__A_mul_u_w8__booth_pre_folded__dch___dyn_p_c,ABCSTEP,A_mul_u_w8,booth_pre_folded__dch,8,netlists/ABCSTEP/A_mul_u_w8__booth_pre_folded__dch.aig,-mul -dyn -p -c -no-steps,-dyn -p -c,CORRECT,,,TIMEOUT,TIMEOUT,"time budget 60 s exhausted (inner SIGKILL, monotonic clock)",60.95,,36.5,,,60,,W=8;ABC step isolation;step=dch;source=booth_pre_folded
isolation,abcstep__A_mul_u_w8__booth_pre_folded__dch___idx_p_c,ABCSTEP,A_mul_u_w8,booth_pre_folded__dch,8,netlists/ABCSTEP/A_mul_u_w8__booth_pre_folded__dch.aig,-mul -idx -p -c -no-steps,-idx -p -c,CORRECT,,,TIMEOUT,TIMEOUT,"time budget 60 s exhausted (inner SIGKILL, monotonic clock)",61.07,,90.9,,,60,,W=8;ABC step isolation;step=dch;source=booth_pre_folded
isolation,abcstep__A_mul_u_w8__booth_pre_folded__fraig___dyn_p_c,ABCSTEP,A_mul_u_w8,booth_pre_folded__fraig,8,netlists/ABCSTEP/A_mul_u_w8__booth_pre_folded__fraig.aig,-mul -dyn -p -c -no-steps,-dyn -p -c,CORRECT,,Correct,RESULT,PASS,jobs-file expectation (baseline/control),1.22,0.140769,4.7,173,568,60,,W=8;ABC step isolation;step=fraig;source=booth_pre_folded
isolation,abcstep__A_mul_u_w8__booth_pre_folded__fraig___idx_p_c,ABCSTEP,A_mul_u_w8,booth_pre_folded__fraig,8,netlists/ABCSTEP/A_mul_u_w8__booth_pre_folded__fraig.aig,-mul -idx -p -c -no-steps,-idx -p -c,CORRECT,,,TIMEOUT,TIMEOUT,"time budget 60 s exhausted (inner SIGKILL, monotonic clock)",60.86,,147.8,,,60,,W=8;ABC step isolation;step=fraig;source=booth_pre_folded
isolation,abcstep__A_mul_u_w8__booth_pre_folded__refactor___dyn_p_c,ABCSTEP,A_mul_u_w8,booth_pre_folded__refactor,8,netlists/ABCSTEP/A_mul_u_w8__booth_pre_folded__refactor.aig,-mul -dyn -p -c -no-steps,-dyn -p -c,CORRECT,,Correct,RESULT,PASS,jobs-file expectation (baseline/control),1.00,0.0648924,4.6,172,565,60,,W=8;ABC step isolation;step=refactor;source=booth_pre_folded
isolation,abcstep__A_mul_u_w8__booth_pre_folded__refactor___idx_p_c,ABCSTEP,A_mul_u_w8,booth_pre_folded__refactor,8,netlists/ABCSTEP/A_mul_u_w8__booth_pre_folded__refactor.aig,-mul -idx -p -c -no-steps,-idx -p -c,CORRECT,,,TIMEOUT,TIMEOUT,"time budget 60 s exhausted (inner SIGKILL, monotonic clock)",60.93,,147.8,,,60,,W=8;ABC step isolation;step=refactor;source=booth_pre_folded
isolation,abcstep__A_mul_u_w8__booth_pre_folded__resyn2___dyn_p_c,ABCSTEP,A_mul_u_w8,booth_pre_folded__resyn2,8,netlists/ABCSTEP/A_mul_u_w8__booth_pre_folded__resyn2.aig,-mul -dyn -p -c -no-steps,-dyn -p -c,CORRECT,,Correct,RESULT,PASS,jobs-file expectation (baseline/control),0.89,0.05425,4.9,157,540,60,,W=8;ABC step isolation;step=resyn2;source=booth_pre_folded
isolation,abcstep__A_mul_u_w8__booth_pre_folded__resyn2___idx_p_c,ABCSTEP,A_mul_u_w8,booth_pre_folded__resyn2,8,netlists/ABCSTEP/A_mul_u_w8__booth_pre_folded__resyn2.aig,-mul -idx -p -c -no-steps,-idx -p -c,CORRECT,,Correct,RESULT,PASS,jobs-file expectation (baseline/control),10.23,9.28563,38.2,81,540,60,,W=8;ABC step isolation;step=resyn2;source=booth_pre_folded
isolation,abcstep__A_mul_u_w8__booth_pre_folded__rewrite___dyn_p_c,ABCSTEP,A_mul_u_w8,booth_pre_folded__rewrite,8,netlists/ABCSTEP/A_mul_u_w8__booth_pre_folded__rewrite.aig,-mul -dyn -p -c -no-steps,-dyn -p -c,CORRECT,,Correct,RESULT,PASS,jobs-file expectation (baseline/control),1.16,0.0794939,4.6,233,565,60,,W=8;ABC step isolation;step=rewrite;source=booth_pre_folded
isolation,abcstep__A_mul_u_w8__booth_pre_folded__rewrite___idx_p_c,ABCSTEP,A_mul_u_w8,booth_pre_folded__rewrite,8,netlists/ABCSTEP/A_mul_u_w8__booth_pre_folded__rewrite.aig,-mul -idx -p -c -no-steps,-idx -p -c,CORRECT,,Correct,RESULT,PASS,jobs-file expectation (baseline/control),7.96,6.76091,46.8,80,565,60,,W=8;ABC step isolation;step=rewrite;source=booth_pre_folded
isolation,abcstep__A_mul_u_w8__booth_pre_folded__strash___dyn_p_c,ABCSTEP,A_mul_u_w8,booth_pre_folded__strash,8,netlists/ABCSTEP/A_mul_u_w8__booth_pre_folded__strash.aig,-mul -dyn -p -c -no-steps,-dyn -p -c,CORRECT,,Correct,RESULT,PASS,jobs-file expectation (baseline/control),0.99,0.074048,4.4,225,579,60,,W=8;ABC step isolation;step=strash;source=booth_pre_folded
isolation,abcstep__A_mul_u_w8__booth_pre_folded__strash___idx_p_c,ABCSTEP,A_mul_u_w8,booth_pre_folded__strash,8,netlists/ABCSTEP/A_mul_u_w8__booth_pre_folded__strash.aig,-mul -idx -p -c -no-steps,-idx -p -c,CORRECT,,Correct,RESULT,PASS,jobs-file expectation (baseline/control),8.91,8.02075,47.8,80,579,60,,W=8;ABC step isolation;step=strash;source=booth_pre_folded
isolation,abcstep__A_mul_u_w8__booth_pre_folded__yosysnomap___dyn_p_c,ABCSTEP,A_mul_u_w8,booth_pre_folded__yosysnomap,8,netlists/ABCSTEP/A_mul_u_w8__booth_pre_folded__yosysnomap.aig,-mul -dyn -p -c -no-steps,-dyn -p -c,CORRECT,,,TIMEOUT,TIMEOUT,"time budget 60 s exhausted (inner SIGKILL, monotonic clock)",60.83,,65.0,,,60,,W=8;ABC step isolation;step=yosysnomap;source=booth_pre_folded
isolation,abcstep__A_mul_u_w8__booth_pre_folded__yosysnomap___idx_p_c,ABCSTEP,A_mul_u_w8,booth_pre_folded__yosysnomap,8,netlists/ABCSTEP/A_mul_u_w8__booth_pre_folded__yosysnomap.aig,-mul -idx -p -c -no-steps,-idx -p -c,CORRECT,,,TIMEOUT,TIMEOUT,"time budget 60 s exhausted (inner SIGKILL, monotonic clock)",60.93,,133.5,,,60,,W=8;ABC step isolation;step=yosysnomap;source=booth_pre_folded
isolation,abcstep__B_dot2_u_w16__norm_pre__balance___dyn_p_c,ABCSTEP,B_dot2_u_w16,norm_pre__balance,16,netlists/ABCSTEP/B_dot2_u_w16__norm_pre__balance.aig,-dot=2 -dyn -p -c -no-steps,-dyn -p -c,CORRECT,,Correct,RESULT,PASS,jobs-file expectation (baseline/control),2.32,1.24154,15.7,827,4447,120,,W=16;ABC step isolation;step=balance;source=norm_pre
isolation,abcstep__B_dot2_u_w16__norm_pre__balance___idx_p_c,ABCSTEP,B_dot2_u_w16,norm_pre__balance,16,netlists/ABCSTEP/B_dot2_u_w16__norm_pre__balance.aig,-dot=2 -idx -p -c -no-steps,-idx -p -c,CORRECT,,,TIMEOUT,TIMEOUT,"time budget 120 s exhausted (inner SIGKILL, monotonic clock)",120.88,,318.2,,,120,,W=16;ABC step isolation;step=balance;source=norm_pre
isolation,abcstep__B_dot2_u_w16__norm_pre__dc2___dyn_p_c,ABCSTEP,B_dot2_u_w16,norm_pre__dc2,16,netlists/ABCSTEP/B_dot2_u_w16__norm_pre__dc2.aig,-dot=2 -dyn -p -c -no-steps,-dyn -p -c,CORRECT,,Correct,RESULT,PASS,jobs-file expectation (baseline/control),2.03,1.09841,14.5,668,4351,120,,W=16;ABC step isolation;step=dc2;source=norm_pre
isolation,abcstep__B_dot2_u_w16__norm_pre__dc2___idx_p_c,ABCSTEP,B_dot2_u_w16,norm_pre__dc2,16,netlists/ABCSTEP/B_dot2_u_w16__norm_pre__dc2.aig,-dot=2 -idx -p -c -no-steps,-idx -p -c,CORRECT,,,TIMEOUT,TIMEOUT,"time budget 120 s exhausted (inner SIGKILL, monotonic clock)",120.94,,548.6,,,120,,W=16;ABC step isolation;step=dc2;source=norm_pre
isolation,abcstep__B_dot2_u_w16__norm_pre__dch___dyn_p_c,ABCSTEP,B_dot2_u_w16,norm_pre__dch,16,netlists/ABCSTEP/B_dot2_u_w16__norm_pre__dch.aig,-dot=2 -dyn -p -c -no-steps,-dyn -p -c,CORRECT,,Correct,RESULT,PASS,jobs-file expectation (baseline/control),2.78,1.6944,15.0,962,4400,120,,W=16;ABC step isolation;step=dch;source=norm_pre
isolation,abcstep__B_dot2_u_w16__norm_pre__dch___idx_p_c,ABCSTEP,B_dot2_u_w16,norm_pre__dch,16,netlists/ABCSTEP/B_dot2_u_w16__norm_pre__dch.aig,-dot=2 -idx -p -c -no-steps,-idx -p -c,CORRECT,,,TIMEOUT,TIMEOUT,"time budget 120 s exhausted (inner SIGKILL, monotonic clock)",121.02,,382.8,,,120,,W=16;ABC step isolation;step=dch;source=norm_pre
isolation,abcstep__B_dot2_u_w16__norm_pre__fraig___dyn_p_c,ABCSTEP,B_dot2_u_w16,norm_pre__fraig,16,netlists/ABCSTEP/B_dot2_u_w16__norm_pre__fraig.aig,-dot=2 -dyn -p -c -no-steps,-dyn -p -c,CORRECT,,Correct,RESULT,PASS,jobs-file expectation (baseline/control),3.38,2.2313,15.9,1753,4415,120,,W=16;ABC step isolation;step=fraig;source=norm_pre
isolation,abcstep__B_dot2_u_w16__norm_pre__fraig___idx_p_c,ABCSTEP,B_dot2_u_w16,norm_pre__fraig,16,netlists/ABCSTEP/B_dot2_u_w16__norm_pre__fraig.aig,-dot=2 -idx -p -c -no-steps,-idx -p -c,CORRECT,,,TIMEOUT,TIMEOUT,"time budget 120 s exhausted (inner SIGKILL, monotonic clock)",120.94,,341.4,,,120,,W=16;ABC step isolation;step=fraig;source=norm_pre
isolation,abcstep__B_dot2_u_w16__norm_pre__refactor___dyn_p_c,ABCSTEP,B_dot2_u_w16,norm_pre__refactor,16,netlists/ABCSTEP/B_dot2_u_w16__norm_pre__refactor.aig,-dot=2 -dyn -p -c -no-steps,-dyn -p -c,CORRECT,,Correct,RESULT,PASS,jobs-file expectation (baseline/control),2.47,1.26881,15.5,829,4449,120,,W=16;ABC step isolation;step=refactor;source=norm_pre
isolation,abcstep__B_dot2_u_w16__norm_pre__refactor___idx_p_c,ABCSTEP,B_dot2_u_w16,norm_pre__refactor,16,netlists/ABCSTEP/B_dot2_u_w16__norm_pre__refactor.aig,-dot=2 -idx -p -c -no-steps,-idx -p -c,CORRECT,,,TIMEOUT,TIMEOUT,"time budget 120 s exhausted (inner SIGKILL, monotonic clock)",121.25,,318.0,,,120,,W=16;ABC step isolation;step=refactor;source=norm_pre
isolation,abcstep__B_dot2_u_w16__norm_pre__resyn2___dyn_p_c,ABCSTEP,B_dot2_u_w16,norm_pre__resyn2,16,netlists/ABCSTEP/B_dot2_u_w16__norm_pre__resyn2.aig,-dot=2 -dyn -p -c -no-steps,-dyn -p -c,CORRECT,,Correct,RESULT,PASS,jobs-file expectation (baseline/control),4.21,3.19529,16.8,1801,4395,120,,W=16;ABC step isolation;step=resyn2;source=norm_pre
isolation,abcstep__B_dot2_u_w16__norm_pre__resyn2___idx_p_c,ABCSTEP,B_dot2_u_w16,norm_pre__resyn2,16,netlists/ABCSTEP/B_dot2_u_w16__norm_pre__resyn2.aig,-dot=2 -idx -p -c -no-steps,-idx -p -c,CORRECT,,,TIMEOUT,TIMEOUT,"time budget 120 s exhausted (inner SIGKILL, monotonic clock)",120.96,,427.0,,,120,,W=16;ABC step isolation;step=resyn2;source=norm_pre
isolation,abcstep__B_dot2_u_w16__norm_pre__rewrite___dyn_p_c,ABCSTEP,B_dot2_u_w16,norm_pre__rewrite,16,netlists/ABCSTEP/B_dot2_u_w16__norm_pre__rewrite.aig,-dot=2 -dyn -p -c -no-steps,-dyn -p -c,CORRECT,,Correct,RESULT,PASS,jobs-file expectation (baseline/control),2.32,1.44356,15.0,1045,4423,120,,W=16;ABC step isolation;step=rewrite;source=norm_pre
isolation,abcstep__B_dot2_u_w16__norm_pre__rewrite___idx_p_c,ABCSTEP,B_dot2_u_w16,norm_pre__rewrite,16,netlists/ABCSTEP/B_dot2_u_w16__norm_pre__rewrite.aig,-dot=2 -idx -p -c -no-steps,-idx -p -c,CORRECT,,,TIMEOUT,TIMEOUT,"time budget 120 s exhausted (inner SIGKILL, monotonic clock)",121.01,,307.6,,,120,,W=16;ABC step isolation;step=rewrite;source=norm_pre
isolation,abcstep__B_dot2_u_w16__norm_pre__strash___dyn_p_c,ABCSTEP,B_dot2_u_w16,norm_pre__strash,16,netlists/ABCSTEP/B_dot2_u_w16__norm_pre__strash.aig,-dot=2 -dyn -p -c -no-steps,-dyn -p -c,CORRECT,,Correct,RESULT,PASS,jobs-file expectation (baseline/control),2.42,1.40229,15.2,829,4449,120,,W=16;ABC step isolation;step=strash;source=norm_pre
isolation,abcstep__B_dot2_u_w16__norm_pre__strash___idx_p_c,ABCSTEP,B_dot2_u_w16,norm_pre__strash,16,netlists/ABCSTEP/B_dot2_u_w16__norm_pre__strash.aig,-dot=2 -idx -p -c -no-steps,-idx -p -c,CORRECT,,,TIMEOUT,TIMEOUT,"time budget 120 s exhausted (inner SIGKILL, monotonic clock)",120.96,,317.3,,,120,,W=16;ABC step isolation;step=strash;source=norm_pre
isolation,abcstep__B_dot2_u_w16__norm_pre__yosysnomap___dyn_p_c,ABCSTEP,B_dot2_u_w16,norm_pre__yosysnomap,16,netlists/ABCSTEP/B_dot2_u_w16__norm_pre__yosysnomap.aig,-dot=2 -dyn -p -c -no-steps,-dyn -p -c,CORRECT,,,TIMEOUT,TIMEOUT,"time budget 120 s exhausted (inner SIGKILL, monotonic clock)",120.86,,120.5,,,120,,W=16;ABC step isolation;step=yosysnomap;source=norm_pre
isolation,abcstep__B_dot2_u_w16__norm_pre__yosysnomap___idx_p_c,ABCSTEP,B_dot2_u_w16,norm_pre__yosysnomap,16,netlists/ABCSTEP/B_dot2_u_w16__norm_pre__yosysnomap.aig,-dot=2 -idx -p -c -no-steps,-idx -p -c,CORRECT,,,TIMEOUT,TIMEOUT,"time budget 120 s exhausted (inner SIGKILL, monotonic clock)",121.31,,138.8,,,120,,W=16;ABC step isolation;step=yosysnomap;source=norm_pre
isolation,lppre__A_mul_s_w16__booth_lp_pre___dyn_p_c,MAIN,A_mul_s_w16,booth_lp_pre,16,netlists/MAIN/A_mul_s_w16__booth_lp_pre.aig,-mul -s -dyn -p -c -no-steps,-dyn -p -c,CORRECT,,,NO_RESULT,ERROR,no Result line (segfault: terminated by signal 11),1.11,,4.1,,,120,,W=16;pre-ABC signed low-power Booth (booth_lp_pre)
isolation,lppre__A_mul_s_w16__booth_lp_pre___idx_p_c,MAIN,A_mul_s_w16,booth_lp_pre,16,netlists/MAIN/A_mul_s_w16__booth_lp_pre.aig,-mul -s -idx -p -c -no-steps,-idx -p -c,CORRECT,,,NO_RESULT,ERROR,no Result line (segfault: terminated by signal 11),1.08,,4.9,,,120,,W=16;pre-ABC signed low-power Booth (booth_lp_pre)
isolation,lppre__A_mul_s_w16__booth_lp_pre_folded___dyn_p_c,CONTROL,A_mul_s_w16,booth_lp_pre_folded,16,netlists/CONTROL/A_mul_s_w16__booth_lp_pre_folded.aig,-mul -s -dyn -p -c -no-steps,-dyn -p -c,CORRECT,,Correct,RESULT,PASS,jobs-file expectation (baseline/control),1.69,0.718331,10.4,943,2044,120,,W=16;pre-ABC signed low-power Booth (booth_lp_pre_folded)
isolation,lppre__A_mul_s_w16__booth_lp_pre_folded___idx_p_c,CONTROL,A_mul_s_w16,booth_lp_pre_folded,16,netlists/CONTROL/A_mul_s_w16__booth_lp_pre_folded.aig,-mul -s -idx -p -c -no-steps,-idx -p -c,CORRECT,,Correct,RESULT,PASS,jobs-file expectation (baseline/control),1.61,0.645425,8.2,288,2044,120,,W=16;pre-ABC signed low-power Booth (booth_lp_pre_folded)
isolation,lppre__A_mul_s_w32__booth_lp_pre___dyn_p_c,MAIN,A_mul_s_w32,booth_lp_pre,32,netlists/MAIN/A_mul_s_w32__booth_lp_pre.aig,-mul -s -dyn -p -c -no-steps,-dyn -p -c,CORRECT,,,NO_RESULT,ERROR,no Result line (segfault: terminated by signal 11),1.13,,4.6,,,300,,W=32;pre-ABC signed low-power Booth (booth_lp_pre)
isolation,lppre__A_mul_s_w32__booth_lp_pre___idx_p_c,MAIN,A_mul_s_w32,booth_lp_pre,32,netlists/MAIN/A_mul_s_w32__booth_lp_pre.aig,-mul -s -idx -p -c -no-steps,-idx -p -c,CORRECT,,,NO_RESULT,ERROR,no Result line (segfault: terminated by signal 11),1.22,,5.4,,,300,,W=32;pre-ABC signed low-power Booth (booth_lp_pre)
isolation,lppre__A_mul_s_w32__booth_lp_pre_folded___dyn_p_c,CONTROL,A_mul_s_w32,booth_lp_pre_folded,32,netlists/CONTROL/A_mul_s_w32__booth_lp_pre_folded.aig,-mul -s -dyn -p -c -no-steps,-dyn -p -c,CORRECT,,Correct,RESULT,PASS,jobs-file expectation (baseline/control),11.55,9.82324,39.0,3935,7956,300,,W=32;pre-ABC signed low-power Booth (booth_lp_pre_folded)
isolation,lppre__A_mul_s_w32__booth_lp_pre_folded___idx_p_c,CONTROL,A_mul_s_w32,booth_lp_pre_folded,32,netlists/CONTROL/A_mul_s_w32__booth_lp_pre_folded.aig,-mul -s -idx -p -c -no-steps,-idx -p -c,CORRECT,,Correct,RESULT,PASS,jobs-file expectation (baseline/control),15.04,13.2826,31.0,1088,7956,300,,W=32;pre-ABC signed low-power Booth (booth_lp_pre_folded)
isolation,lppre__A_mul_s_w8__booth_lp_pre___dyn_p_c,MAIN,A_mul_s_w8,booth_lp_pre,8,netlists/MAIN/A_mul_s_w8__booth_lp_pre.aig,-mul -s -dyn -p -c -no-steps,-dyn -p -c,CORRECT,,,NO_RESULT,ERROR,no Result line (segfault: terminated by signal 11),1.13,,4.9,,,60,,W=8;pre-ABC signed low-power Booth (booth_lp_pre)
isolation,lppre__A_mul_s_w8__booth_lp_pre___idx_p_c,MAIN,A_mul_s_w8,booth_lp_pre,8,netlists/MAIN/A_mul_s_w8__booth_lp_pre.aig,-mul -s -idx -p -c -no-steps,-idx -p -c,CORRECT,,,NO_RESULT,ERROR,no Result line (segfault: terminated by signal 11),1.03,,4.9,,,60,,W=8;pre-ABC signed low-power Booth (booth_lp_pre)
isolation,lppre__A_mul_s_w8__booth_lp_pre_folded___dyn_p_c,CONTROL,A_mul_s_w8,booth_lp_pre_folded,8,netlists/CONTROL/A_mul_s_w8__booth_lp_pre_folded.aig,-mul -s -dyn -p -c -no-steps,-dyn -p -c,CORRECT,,Correct,RESULT,PASS,jobs-file expectation (baseline/control),1.08,0.0499183,4.4,215,528,60,,W=8;pre-ABC signed low-power Booth (booth_lp_pre_folded)
isolation,lppre__A_mul_s_w8__booth_lp_pre_folded___idx_p_c,CONTROL,A_mul_s_w8,booth_lp_pre_folded,8,netlists/CONTROL/A_mul_s_w8__booth_lp_pre_folded.aig,-mul -s -idx -p -c -no-steps,-idx -p -c,CORRECT,,Correct,RESULT,PASS,jobs-file expectation (baseline/control),0.84,0.0582523,4.6,80,528,60,,W=8;pre-ABC signed low-power Booth (booth_lp_pre_folded)
long64,long64__MAIN__B_mac_u_w64__norm_pre___dyn_p_c,MAIN,B_mac_u_w64,norm_pre,64,netlists/MAIN/B_mac_u_w64__norm_pre.aig,-mac -dyn -p -c -no-steps,-dyn -p -c,CORRECT,False,Correct,RESULT,PASS,oracle 4096 corner + 16384 random,349.95,348.342,176.5,15776,43302,3600,,W=64;1-hour budget after 900 s TIMEOUT x6;mem=10g
long64,long64__MAIN__B_dot2_u_w64__tree_pre___dyn_p_c,MAIN,B_dot2_u_w64,tree_pre,64,netlists/MAIN/B_dot2_u_w64__tree_pre.aig,-dot=2 -dyn -p -c -no-steps,-dyn -p -c,CORRECT,False,Correct,RESULT,PASS,oracle 4096 corner + 16384 random,311.08,308.453,288.2,11497,83833,3600,,W=64;1-hour budget after 900 s TIMEOUT x6;mem=10g
long,long__MAIN__A_mul_u_w8__booth___dyn_p_c,MAIN,A_mul_u_w8,booth,8,netlists/MAIN/A_mul_u_w8__booth.aig,-mul -dyn -p -c -no-steps,-dyn -p -c,CORRECT,True,,TIMEOUT,TIMEOUT,"time budget 1800 s exhausted (inner SIGKILL, monotonic clock)",2776.02,,628.9,,,1800,"timing unreliable: wall time exceeds the budget by > 60 s (WSL clock resync of ~26,700 s, or container start/teardown delay under load); TRACE itself was bounded by the in-container timeout, so the verdict is unaffected",W=8;post-ABC unsigned Booth; long rerun of all-config 60 s TIMEOUT;mem=5g
long,long__MAIN__A_mul_s_w8__booth_lp___dyn_p_c,MAIN,A_mul_s_w8,booth_lp,8,netlists/MAIN/A_mul_s_w8__booth_lp.aig,-mul -s -dyn -p -c -no-steps,-dyn -p -c,CORRECT,True,,TIMEOUT,TIMEOUT,"time budget 1800 s exhausted (inner SIGKILL, monotonic clock)",2777.06,,1608.1,,,1800,"timing unreliable: wall time exceeds the budget by > 60 s (WSL clock resync of ~26,700 s, or container start/teardown delay under load); TRACE itself was bounded by the in-container timeout, so the verdict is unaffected",W=8;post-ABC signed low-power Booth; long rerun;mem=5g
long,long__MAIN__B_mac_s_w8__norm___idx_p_c,MAIN,B_mac_s_w8,norm,8,netlists/MAIN/B_mac_s_w8__norm.aig,-mac -s -idx -p -c -no-steps,-idx -p -c,CORRECT,False,Correct,RESULT,PASS,oracle 4096 corner + 16384 random,1093.99,1092.36,783.9,98,912,1800,,W=8;post-ABC signed conventional MAC; long rerun;mem=5g
long,long__MAIN__MUT_accum_mac_u_w8__tree___dyn_p_c,MAIN,MUT_accum_mac_u_w8,tree,8,netlists/MAIN/MUT_accum_mac_u_w8__tree.aig,-mac -dyn -p -c -no-steps,-dyn -p -c,INCORRECT,False,,TIMEOUT,TIMEOUT,"time budget 900 s exhausted (inner SIGKILL, monotonic clock)",904.09,,626.4,,,900,,W=8;mutant refutation; long rerun;mem=5g
long,long__MAIN__MUT_signext_mac_s_w8__norm___dyn_p_c,MAIN,MUT_signext_mac_s_w8,norm,8,netlists/MAIN/MUT_signext_mac_s_w8__norm.aig,-mac -s -dyn -p -c -no-steps,-dyn -p -c,INCORRECT,False,,TIMEOUT,TIMEOUT,"time budget 900 s exhausted (inner SIGKILL, monotonic clock)",903.24,,225.8,,,900,,W=8;mutant refutation; long rerun;mem=5g
long,long__MAIN__MUT_trunc_mul_u_w8__norm___idx_p_c,MAIN,MUT_trunc_mul_u_w8,norm,8,netlists/MAIN/MUT_trunc_mul_u_w8__norm.aig,-mul -idx -p -c -no-steps,-idx -p -c,INCORRECT,True,,TIMEOUT,TIMEOUT,"time budget 900 s exhausted (inner SIGKILL, monotonic clock)",903.43,,926.7,,,900,,W=8;mutant refutation; long rerun;mem=5g
mini,mini__MINI_PATCH__B_mac_s_w2__tree_pre___dyn_p_c,MINI_PATCH,B_mac_s_w2,tree_pre,2,netlists/MINI_PATCH/B_mac_s_w2__tree_pre.aig,-mac -s -dyn -p -c -no-steps,-dyn -p -c,CORRECT,True,Correct,RESULT,PASS,oracle exhaustive,1.38,0.00638838,4.6,24,69,60,,W=2;mini
mini,mini__MINI_PATCH__B_mac_s_w2__tree_pre___dyn_p,MINI_PATCH,B_mac_s_w2,tree_pre,2,netlists/MINI_PATCH/B_mac_s_w2__tree_pre.aig,-mac -s -dyn -p -no-steps,-dyn -p,CORRECT,True,Correct,RESULT,PASS,oracle exhaustive,1.34,0.00491409,4.7,29,69,60,,W=2;mini
mini,mini__MINI_PATCH__B_mac_s_w2__tree_pre___igs_p_c,MINI_PATCH,B_mac_s_w2,tree_pre,2,netlists/MINI_PATCH/B_mac_s_w2__tree_pre.aig,-mac -s -igs -p -c -no-steps,-igs -p -c,CORRECT,True,Correct,RESULT,PASS,oracle exhaustive,1.25,0.00157983,4.9,13,69,60,,W=2;mini
mini,mini__MINI_PATCH__B_mac_s_w2__tree_pre___idx_p_c,MINI_PATCH,B_mac_s_w2,tree_pre,2,netlists/MINI_PATCH/B_mac_s_w2__tree_pre.aig,-mac -s -idx -p -c -no-steps,-idx -p -c,CORRECT,True,Correct,RESULT,PASS,oracle exhaustive,1.36,0.00116551,5.4,13,69,60,,W=2;mini
mini,mini__MINI_PATCH__B_mac_s_w2__tree_pre___dyn_c,MINI_PATCH,B_mac_s_w2,tree_pre,2,netlists/MINI_PATCH/B_mac_s_w2__tree_pre.aig,-mac -s -dyn -c -no-steps,-dyn -c,CORRECT,True,Correct,RESULT,PASS,oracle exhaustive,1.40,0.000915119,5.7,24,69,60,,W=2;mini
mini,mini__MINI_PATCH__B_mac_s_w2__tree_pre___dyn,MINI_PATCH,B_mac_s_w2,tree_pre,2,netlists/MINI_PATCH/B_mac_s_w2__tree_pre.aig,-mac -s -dyn -no-steps,-dyn,CORRECT,True,Correct,RESULT,PASS,oracle exhaustive,1.32,0.00297572,5.9,32,69,60,,W=2;mini
mini,mini__MINI_PATCH__B_mac_s_w2__tree_pre___igs_c,MINI_PATCH,B_mac_s_w2,tree_pre,2,netlists/MINI_PATCH/B_mac_s_w2__tree_pre.aig,-mac -s -igs -c -no-steps,-igs -c,CORRECT,True,Correct,RESULT,PASS,oracle exhaustive,1.62,0.000447736,4.9,13,69,60,,W=2;mini
mini,mini__MINI_PATCH__B_mac_s_w2__tree_pre___idx_c,MINI_PATCH,B_mac_s_w2,tree_pre,2,netlists/MINI_PATCH/B_mac_s_w2__tree_pre.aig,-mac -s -idx -c -no-steps,-idx -c,CORRECT,True,Correct,RESULT,PASS,oracle exhaustive,1.68,0.00347456,4.8,13,69,60,,W=2;mini
mini,mini__MINI_PATCH__B_mac_s_w2__tree___dyn_p_c,MINI_PATCH,B_mac_s_w2,tree,2,netlists/MINI_PATCH/B_mac_s_w2__tree.aig,-mac -s -dyn -p -c -no-steps,-dyn -p -c,CORRECT,True,Correct,RESULT,PASS,oracle exhaustive,1.58,0.00285504,5.4,24,51,60,,W=2;mini
mini,mini__MINI_PATCH__B_mac_s_w2__tree___dyn_c,MINI_PATCH,B_mac_s_w2,tree,2,netlists/MINI_PATCH/B_mac_s_w2__tree.aig,-mac -s -dyn -c -no-steps,-dyn -c,CORRECT,True,Correct,RESULT,PASS,oracle exhaustive,1.14,0.0146482,5.1,27,51,60,,W=2;mini
mini,mini__MINI_PATCH__B_mac_s_w3__tree_pre___dyn_p_c,MINI_PATCH,B_mac_s_w3,tree_pre,3,netlists/MINI_PATCH/B_mac_s_w3__tree_pre.aig,-mac -s -dyn -p -c -no-steps,-dyn -p -c,CORRECT,True,Buggy,RESULT,FALSE_FAIL,oracle exhaustive; remainder replay: REMAINDER_INVALID,1.27,0.0305362,5.1,38,144,60,,W=3;mini
mini,mini__MINI_PATCH__B_mac_s_w3__tree_pre___dyn_p,MINI_PATCH,B_mac_s_w3,tree_pre,3,netlists/MINI_PATCH/B_mac_s_w3__tree_pre.aig,-mac -s -dyn -p -no-steps,-dyn -p,CORRECT,True,Correct,RESULT,PASS,oracle exhaustive,1.26,0.0426352,4.9,41,144,60,,W=3;mini
mini,mini__MINI_PATCH__B_mac_s_w3__tree_pre___igs_p_c,MINI_PATCH,B_mac_s_w3,tree_pre,3,netlists/MINI_PATCH/B_mac_s_w3__tree_pre.aig,-mac -s -igs -p -c -no-steps,-igs -p -c,CORRECT,True,Buggy,RESULT,FALSE_FAIL,oracle exhaustive; remainder replay: REMAINDER_INVALID,1.51,0.0206184,4.6,22,144,60,,W=3;mini
mini,mini__MINI_PATCH__B_mac_s_w3__tree_pre___idx_p_c,MINI_PATCH,B_mac_s_w3,tree_pre,3,netlists/MINI_PATCH/B_mac_s_w3__tree_pre.aig,-mac -s -idx -p -c -no-steps,-idx -p -c,CORRECT,True,Correct,RESULT,PASS,oracle exhaustive,1.31,0.00269004,4.6,22,144,60,,W=3;mini
mini,mini__MINI_PATCH__B_mac_s_w3__tree_pre___dyn_c,MINI_PATCH,B_mac_s_w3,tree_pre,3,netlists/MINI_PATCH/B_mac_s_w3__tree_pre.aig,-mac -s -dyn -c -no-steps,-dyn -c,CORRECT,True,Correct,RESULT,PASS,oracle exhaustive,1.37,0.00166538,4.6,42,144,60,,W=3;mini
mini,mini__MINI_PATCH__B_mac_s_w3__tree_pre___dyn,MINI_PATCH,B_mac_s_w3,tree_pre,3,netlists/MINI_PATCH/B_mac_s_w3__tree_pre.aig,-mac -s -dyn -no-steps,-dyn,CORRECT,True,Correct,RESULT,PASS,oracle exhaustive,1.71,0.0136279,4.6,87,144,60,,W=3;mini
mini,mini__MINI_PATCH__B_mac_s_w3__tree_pre___igs_c,MINI_PATCH,B_mac_s_w3,tree_pre,3,netlists/MINI_PATCH/B_mac_s_w3__tree_pre.aig,-mac -s -igs -c -no-steps,-igs -c,CORRECT,True,Correct,RESULT,PASS,oracle exhaustive,1.75,0.00083789,5.1,22,144,60,,W=3;mini
mini,mini__MINI_PATCH__B_mac_s_w3__tree_pre___idx_c,MINI_PATCH,B_mac_s_w3,tree_pre,3,netlists/MINI_PATCH/B_mac_s_w3__tree_pre.aig,-mac -s -idx -c -no-steps,-idx -c,CORRECT,True,Correct,RESULT,PASS,oracle exhaustive,1.63,0.00103461,6.2,22,144,60,,W=3;mini
mini,mini__MINI_PATCH__B_mac_s_w3__tree___dyn_p_c,MINI_PATCH,B_mac_s_w3,tree,3,netlists/MINI_PATCH/B_mac_s_w3__tree.aig,-mac -s -dyn -p -c -no-steps,-dyn -p -c,CORRECT,True,Correct,RESULT,PASS,oracle exhaustive,1.33,0.002379,5.2,35,113,60,,W=3;mini
mini,mini__MINI_PATCH__B_mac_s_w3__tree___dyn_c,MINI_PATCH,B_mac_s_w3,tree,3,netlists/MINI_PATCH/B_mac_s_w3__tree.aig,-mac -s -dyn -c -no-steps,-dyn -c,CORRECT,True,Correct,RESULT,PASS,oracle exhaustive,1.27,0.013518,4.3,59,113,60,,W=3;mini
mini,mini__MINI_PATCH__B_mac_s_w4__tree_pre___dyn_p_c,MINI_PATCH,B_mac_s_w4,tree_pre,4,netlists/MINI_PATCH/B_mac_s_w4__tree_pre.aig,-mac -s -dyn -p -c -no-steps,-dyn -p -c,CORRECT,True,Correct,RESULT,PASS,oracle exhaustive,1.21,0.0108427,5.0,53,218,60,,W=4;mini
mini,mini__MINI_PATCH__B_mac_s_w4__tree_pre___dyn_p,MINI_PATCH,B_mac_s_w4,tree_pre,4,netlists/MINI_PATCH/B_mac_s_w4__tree_pre.aig,-mac -s -dyn -p -no-steps,-dyn -p,CORRECT,True,Buggy,RESULT,FALSE_FAIL,oracle exhaustive; remainder replay: REMAINDER_INVALID,1.30,0.0519466,4.6,69,218,60,,W=4;mini
mini,mini__MINI_PATCH__B_mac_s_w4__tree_pre___igs_p_c,MINI_PATCH,B_mac_s_w4,tree_pre,4,netlists/MINI_PATCH/B_mac_s_w4__tree_pre.aig,-mac -s -igs -p -c -no-steps,-igs -p -c,CORRECT,True,Buggy,RESULT,FALSE_FAIL,oracle exhaustive; remainder replay: REMAINDER_INVALID,1.27,0.0105195,4.7,33,218,60,,W=4;mini
mini,mini__MINI_PATCH__B_mac_s_w4__tree_pre___idx_p_c,MINI_PATCH,B_mac_s_w4,tree_pre,4,netlists/MINI_PATCH/B_mac_s_w4__tree_pre.aig,-mac -s -idx -p -c -no-steps,-idx -p -c,CORRECT,True,Correct,RESULT,PASS,oracle exhaustive,1.15,0.00401356,5.9,33,218,60,,W=4;mini
mini,mini__MINI_PATCH__B_mac_s_w4__tree_pre___dyn_c,MINI_PATCH,B_mac_s_w4,tree_pre,4,netlists/MINI_PATCH/B_mac_s_w4__tree_pre.aig,-mac -s -dyn -c -no-steps,-dyn -c,CORRECT,True,Correct,RESULT,PASS,oracle exhaustive,1.20,0.00668154,4.4,55,218,60,,W=4;mini
mini,mini__MINI_PATCH__B_mac_s_w4__tree_pre___dyn,MINI_PATCH,B_mac_s_w4,tree_pre,4,netlists/MINI_PATCH/B_mac_s_w4__tree_pre.aig,-mac -s -dyn -no-steps,-dyn,CORRECT,True,Correct,RESULT,PASS,oracle exhaustive,1.20,0.038388,4.7,315,218,60,,W=4;mini
mini,mini__MINI_PATCH__B_mac_s_w4__tree_pre___igs_c,MINI_PATCH,B_mac_s_w4,tree_pre,4,netlists/MINI_PATCH/B_mac_s_w4__tree_pre.aig,-mac -s -igs -c -no-steps,-igs -c,CORRECT,True,Correct,RESULT,PASS,oracle exhaustive,1.25,0.0075814,4.6,33,218,60,,W=4;mini
mini,mini__MINI_PATCH__B_mac_s_w4__tree_pre___idx_c,MINI_PATCH,B_mac_s_w4,tree_pre,4,netlists/MINI_PATCH/B_mac_s_w4__tree_pre.aig,-mac -s -idx -c -no-steps,-idx -c,CORRECT,True,Correct,RESULT,PASS,oracle exhaustive,1.23,0.00157469,4.9,33,218,60,,W=4;mini
mini,mini__MINI_PATCH__B_mac_s_w4__tree___dyn_p_c,MINI_PATCH,B_mac_s_w4,tree,4,netlists/MINI_PATCH/B_mac_s_w4__tree.aig,-mac -s -dyn -p -c -no-steps,-dyn -p -c,CORRECT,True,Correct,RESULT,PASS,oracle exhaustive,1.60,0.0333231,5.1,80,194,60,,W=4;mini
mini,mini__MINI_PATCH__B_mac_s_w4__tree___dyn_c,MINI_PATCH,B_mac_s_w4,tree,4,netlists/MINI_PATCH/B_mac_s_w4__tree.aig,-mac -s -dyn -c -no-steps,-dyn -c,CORRECT,True,Correct,RESULT,PASS,oracle exhaustive,1.88,0.326426,4.4,636,194,60,,W=4;mini
mini,mini__MINI_PATCH__B_mac_s_w5__tree_pre___dyn_p_c,MINI_PATCH,B_mac_s_w5,tree_pre,5,netlists/MINI_PATCH/B_mac_s_w5__tree_pre.aig,-mac -s -dyn -p -c -no-steps,-dyn -p -c,CORRECT,True,Correct,RESULT,PASS,oracle exhaustive,1.79,0.0154167,5.1,70,320,60,,W=5;mini
mini,mini__MINI_PATCH__B_mac_s_w5__tree_pre___dyn_p,MINI_PATCH,B_mac_s_w5,tree_pre,5,netlists/MINI_PATCH/B_mac_s_w5__tree_pre.aig,-mac -s -dyn -p -no-steps,-dyn -p,CORRECT,True,Correct,RESULT,PASS,oracle exhaustive,1.58,0.1502,4.6,128,320,60,,W=5;mini
mini,mini__MINI_PATCH__B_mac_s_w5__tree_pre___igs_p_c,MINI_PATCH,B_mac_s_w5,tree_pre,5,netlists/MINI_PATCH/B_mac_s_w5__tree_pre.aig,-mac -s -igs -p -c -no-steps,-igs -p -c,CORRECT,True,Correct,RESULT,PASS,oracle exhaustive,1.62,0.00757634,4.6,46,320,60,,W=5;mini
mini,mini__MINI_PATCH__B_mac_s_w5__tree_pre___idx_p_c,MINI_PATCH,B_mac_s_w5,tree_pre,5,netlists/MINI_PATCH/B_mac_s_w5__tree_pre.aig,-mac -s -idx -p -c -no-steps,-idx -p -c,CORRECT,True,Correct,RESULT,PASS,oracle exhaustive,1.41,0.0228959,5.2,46,320,60,,W=5;mini
mini,mini__MINI_PATCH__B_mac_s_w5__tree_pre___dyn_c,MINI_PATCH,B_mac_s_w5,tree_pre,5,netlists/MINI_PATCH/B_mac_s_w5__tree_pre.aig,-mac -s -dyn -c -no-steps,-dyn -c,CORRECT,True,Correct,RESULT,PASS,oracle exhaustive,1.42,0.0580078,4.6,86,320,60,,W=5;mini
mini,mini__MINI_PATCH__B_mac_s_w5__tree_pre___dyn,MINI_PATCH,B_mac_s_w5,tree_pre,5,netlists/MINI_PATCH/B_mac_s_w5__tree_pre.aig,-mac -s -dyn -no-steps,-dyn,CORRECT,True,Correct,RESULT,PASS,oracle exhaustive,1.39,0.101085,4.9,428,320,60,,W=5;mini
mini,mini__MINI_PATCH__B_mac_s_w5__tree_pre___igs_c,MINI_PATCH,B_mac_s_w5,tree_pre,5,netlists/MINI_PATCH/B_mac_s_w5__tree_pre.aig,-mac -s -igs -c -no-steps,-igs -c,CORRECT,True,Correct,RESULT,PASS,oracle exhaustive,1.62,0.00338873,4.4,46,320,60,,W=5;mini
mini,mini__MINI_PATCH__B_mac_s_w5__tree_pre___idx_c,MINI_PATCH,B_mac_s_w5,tree_pre,5,netlists/MINI_PATCH/B_mac_s_w5__tree_pre.aig,-mac -s -idx -c -no-steps,-idx -c,CORRECT,True,Correct,RESULT,PASS,oracle exhaustive,1.67,0.0427539,4.4,46,320,60,,W=5;mini
mini,mini__MINI_PATCH__B_mac_s_w5__tree___dyn_p_c,MINI_PATCH,B_mac_s_w5,tree,5,netlists/MINI_PATCH/B_mac_s_w5__tree.aig,-mac -s -dyn -p -c -no-steps,-dyn -p -c,CORRECT,True,Correct,RESULT,PASS,oracle exhaustive,1.59,0.228039,4.5,242,295,60,,W=5;mini
mini,mini__MINI_PATCH__B_mac_s_w5__tree___dyn_c,MINI_PATCH,B_mac_s_w5,tree,5,netlists/MINI_PATCH/B_mac_s_w5__tree.aig,-mac -s -dyn -c -no-steps,-dyn -c,CORRECT,True,,TIMEOUT,TIMEOUT,"time budget 60 s exhausted (inner SIGKILL, monotonic clock)",61.43,,178.5,,,60,,W=5;mini
mini,mini__MINI_PATCH__B_mac_s_w6__tree_pre___dyn_p_c,MINI_PATCH,B_mac_s_w6,tree_pre,6,netlists/MINI_PATCH/B_mac_s_w6__tree_pre.aig,-mac -s -dyn -p -c -no-steps,-dyn -p -c,CORRECT,False,Correct,RESULT,PASS,oracle 4096 corner + 16384 random,1.56,0.0688566,5.1,92,492,60,,W=6;mini
mini,mini__MINI_PATCH__B_mac_s_w6__tree_pre___dyn_p,MINI_PATCH,B_mac_s_w6,tree_pre,6,netlists/MINI_PATCH/B_mac_s_w6__tree_pre.aig,-mac -s -dyn -p -no-steps,-dyn -p,CORRECT,False,Correct,RESULT,PASS,oracle 4096 corner + 16384 random,1.47,0.103356,5.1,183,492,60,,W=6;mini
mini,mini__MINI_PATCH__B_mac_s_w6__tree_pre___igs_p_c,MINI_PATCH,B_mac_s_w6,tree_pre,6,netlists/MINI_PATCH/B_mac_s_w6__tree_pre.aig,-mac -s -igs -p -c -no-steps,-igs -p -c,CORRECT,False,Correct,RESULT,PASS,oracle 4096 corner + 16384 random,1.44,0.0356142,4.6,61,492,60,,W=6;mini
mini,mini__MINI_PATCH__B_mac_s_w6__tree_pre___idx_p_c,MINI_PATCH,B_mac_s_w6,tree_pre,6,netlists/MINI_PATCH/B_mac_s_w6__tree_pre.aig,-mac -s -idx -p -c -no-steps,-idx -p -c,CORRECT,False,Correct,RESULT,PASS,oracle 4096 corner + 16384 random,1.81,0.252744,5.6,61,492,60,,W=6;mini
mini,mini__MINI_PATCH__B_mac_s_w6__tree_pre___dyn_c,MINI_PATCH,B_mac_s_w6,tree_pre,6,netlists/MINI_PATCH/B_mac_s_w6__tree_pre.aig,-mac -s -dyn -c -no-steps,-dyn -c,CORRECT,False,Correct,RESULT,PASS,oracle 4096 corner + 16384 random,1.53,0.0572516,5.2,109,492,60,,W=6;mini
mini,mini__MINI_PATCH__B_mac_s_w6__tree_pre___dyn,MINI_PATCH,B_mac_s_w6,tree_pre,6,netlists/MINI_PATCH/B_mac_s_w6__tree_pre.aig,-mac -s -dyn -no-steps,-dyn,CORRECT,False,Correct,RESULT,PASS,oracle 4096 corner + 16384 random,1.55,0.17469,5.4,631,492,60,,W=6;mini
mini,mini__MINI_PATCH__B_mac_s_w6__tree_pre___igs_c,MINI_PATCH,B_mac_s_w6,tree_pre,6,netlists/MINI_PATCH/B_mac_s_w6__tree_pre.aig,-mac -s -igs -c -no-steps,-igs -c,CORRECT,False,Correct,RESULT,PASS,oracle 4096 corner + 16384 random,1.28,0.0122372,5.1,61,492,60,,W=6;mini
mini,mini__MINI_PATCH__B_mac_s_w6__tree_pre___idx_c,MINI_PATCH,B_mac_s_w6,tree_pre,6,netlists/MINI_PATCH/B_mac_s_w6__tree_pre.aig,-mac -s -idx -c -no-steps,-idx -c,CORRECT,False,Correct,RESULT,PASS,oracle 4096 corner + 16384 random,1.49,0.188928,8.8,61,492,60,,W=6;mini
mini,mini__MINI_PATCH__B_mac_s_w6__tree___dyn_p_c,MINI_PATCH,B_mac_s_w6,tree,6,netlists/MINI_PATCH/B_mac_s_w6__tree.aig,-mac -s -dyn -p -c -no-steps,-dyn -p -c,CORRECT,False,,TIMEOUT,TIMEOUT,"time budget 60 s exhausted (inner SIGKILL, monotonic clock)",61.57,,58.6,,,60,,W=6;mini
mini,mini__MINI_PATCH__B_mac_s_w6__tree___dyn_c,MINI_PATCH,B_mac_s_w6,tree,6,netlists/MINI_PATCH/B_mac_s_w6__tree.aig,-mac -s -dyn -c -no-steps,-dyn -c,CORRECT,False,,TIMEOUT,TIMEOUT,"time budget 60 s exhausted (inner SIGKILL, monotonic clock)",61.59,,116.9,,,60,,W=6;mini
mini,mini__MINI_MAIN__B_mac_s_w2__tree_pre___dyn_p_c,MINI_MAIN,B_mac_s_w2,tree_pre,2,netlists/MINI_MAIN/B_mac_s_w2__tree_pre.aig,-mac -s -dyn -p -c -no-steps,-dyn -p -c,INCORRECT,True,Buggy,RESULT,FAIL,remainder witness replays as a real mismatch,1.98,0.00115101,5.2,25,69,60,,W=2;mini
mini,mini__MINI_MAIN__B_mac_s_w2__tree_pre___dyn_p,MINI_MAIN,B_mac_s_w2,tree_pre,2,netlists/MINI_MAIN/B_mac_s_w2__tree_pre.aig,-mac -s -dyn -p -no-steps,-dyn -p,INCORRECT,True,Buggy,RESULT,FAIL,remainder witness replays as a real mismatch,1.60,0.0017884,4.7,29,69,60,,W=2;mini
mini,mini__MINI_MAIN__B_mac_s_w2__tree_pre___igs_p_c,MINI_MAIN,B_mac_s_w2,tree_pre,2,netlists/MINI_MAIN/B_mac_s_w2__tree_pre.aig,-mac -s -igs -p -c -no-steps,-igs -p -c,INCORRECT,True,Buggy,RESULT,FAIL,remainder witness replays as a real mismatch,1.61,0.00929394,4.9,13,69,60,,W=2;mini
mini,mini__MINI_MAIN__B_mac_s_w2__tree_pre___idx_p_c,MINI_MAIN,B_mac_s_w2,tree_pre,2,netlists/MINI_MAIN/B_mac_s_w2__tree_pre.aig,-mac -s -idx -p -c -no-steps,-idx -p -c,INCORRECT,True,Buggy,RESULT,FAIL,remainder witness replays as a real mismatch,1.58,0.00350705,4.9,13,69,60,,W=2;mini
mini,mini__MINI_MAIN__B_mac_s_w2__tree_pre___dyn_c,MINI_MAIN,B_mac_s_w2,tree_pre,2,netlists/MINI_MAIN/B_mac_s_w2__tree_pre.aig,-mac -s -dyn -c -no-steps,-dyn -c,INCORRECT,True,Buggy,RESULT,FAIL,remainder witness replays as a real mismatch,1.22,0.0020571,4.4,25,69,60,,W=2;mini
mini,mini__MINI_MAIN__B_mac_s_w2__tree_pre___dyn,MINI_MAIN,B_mac_s_w2,tree_pre,2,netlists/MINI_MAIN/B_mac_s_w2__tree_pre.aig,-mac -s -dyn -no-steps,-dyn,INCORRECT,True,Buggy,RESULT,FAIL,remainder witness replays as a real mismatch,1.38,0.00113437,5.0,34,69,60,,W=2;mini
mini,mini__MINI_MAIN__B_mac_s_w2__tree_pre___igs_c,MINI_MAIN,B_mac_s_w2,tree_pre,2,netlists/MINI_MAIN/B_mac_s_w2__tree_pre.aig,-mac -s -igs -c -no-steps,-igs -c,INCORRECT,True,Buggy,RESULT,FAIL,remainder witness replays as a real mismatch,1.47,0.000598653,4.9,13,69,60,,W=2;mini
mini,mini__MINI_MAIN__B_mac_s_w2__tree_pre___idx_c,MINI_MAIN,B_mac_s_w2,tree_pre,2,netlists/MINI_MAIN/B_mac_s_w2__tree_pre.aig,-mac -s -idx -c -no-steps,-idx -c,INCORRECT,True,Buggy,RESULT,FAIL,remainder witness replays as a real mismatch,1.36,0.00533434,5.1,13,69,60,,W=2;mini
mini,mini__MINI_MAIN__B_mac_s_w2__tree___dyn_p_c,MINI_MAIN,B_mac_s_w2,tree,2,netlists/MINI_MAIN/B_mac_s_w2__tree.aig,-mac -s -dyn -p -c -no-steps,-dyn -p -c,INCORRECT,True,Buggy,RESULT,FAIL,remainder witness replays as a real mismatch,1.53,0.000943714,5.4,24,51,60,,W=2;mini
mini,mini__MINI_MAIN__B_mac_s_w2__tree___dyn_c,MINI_MAIN,B_mac_s_w2,tree,2,netlists/MINI_MAIN/B_mac_s_w2__tree.aig,-mac -s -dyn -c -no-steps,-dyn -c,INCORRECT,True,Buggy,RESULT,FAIL,remainder witness replays as a real mismatch,1.43,0.00111794,4.6,27,51,60,,W=2;mini
mini,mini__MINI_MAIN__B_mac_s_w3__tree_pre___dyn_p_c,MINI_MAIN,B_mac_s_w3,tree_pre,3,netlists/MINI_MAIN/B_mac_s_w3__tree_pre.aig,-mac -s -dyn -p -c -no-steps,-dyn -p -c,INCORRECT,True,Buggy,RESULT,FAIL,remainder witness replays as a real mismatch,1.40,0.0288663,5.1,49,138,60,,W=3;mini
mini,mini__MINI_MAIN__B_mac_s_w3__tree_pre___dyn_p,MINI_MAIN,B_mac_s_w3,tree_pre,3,netlists/MINI_MAIN/B_mac_s_w3__tree_pre.aig,-mac -s -dyn -p -no-steps,-dyn -p,INCORRECT,True,Buggy,RESULT,FAIL,remainder witness replays as a real mismatch,1.16,0.00557853,4.4,42,138,60,,W=3;mini
mini,mini__MINI_MAIN__B_mac_s_w3__tree_pre___igs_p_c,MINI_MAIN,B_mac_s_w3,tree_pre,3,netlists/MINI_MAIN/B_mac_s_w3__tree_pre.aig,-mac -s -igs -p -c -no-steps,-igs -p -c,INCORRECT,True,Buggy,RESULT,FAIL,remainder witness replays as a real mismatch,1.41,0.0100035,4.4,22,138,60,,W=3;mini
mini,mini__MINI_MAIN__B_mac_s_w3__tree_pre___idx_p_c,MINI_MAIN,B_mac_s_w3,tree_pre,3,netlists/MINI_MAIN/B_mac_s_w3__tree_pre.aig,-mac -s -idx -p -c -no-steps,-idx -p -c,INCORRECT,True,Buggy,RESULT,FAIL,remainder witness replays as a real mismatch,1.39,0.0195262,4.6,22,138,60,,W=3;mini
mini,mini__MINI_MAIN__B_mac_s_w3__tree_pre___dyn_c,MINI_MAIN,B_mac_s_w3,tree_pre,3,netlists/MINI_MAIN/B_mac_s_w3__tree_pre.aig,-mac -s -dyn -c -no-steps,-dyn -c,INCORRECT,True,Buggy,RESULT,FAIL,remainder witness replays as a real mismatch,1.62,0.0137216,4.9,39,138,60,,W=3;mini
mini,mini__MINI_MAIN__B_mac_s_w3__tree_pre___dyn,MINI_MAIN,B_mac_s_w3,tree_pre,3,netlists/MINI_MAIN/B_mac_s_w3__tree_pre.aig,-mac -s -dyn -no-steps,-dyn,INCORRECT,True,Buggy,RESULT,FAIL,remainder witness replays as a real mismatch,1.30,0.0164535,4.7,89,138,60,,W=3;mini
mini,mini__MINI_MAIN__B_mac_s_w3__tree_pre___igs_c,MINI_MAIN,B_mac_s_w3,tree_pre,3,netlists/MINI_MAIN/B_mac_s_w3__tree_pre.aig,-mac -s -igs -c -no-steps,-igs -c,INCORRECT,True,Buggy,RESULT,FAIL,remainder witness replays as a real mismatch,1.47,0.00106615,5.1,22,138,60,,W=3;mini
mini,mini__MINI_MAIN__B_mac_s_w3__tree_pre___idx_c,MINI_MAIN,B_mac_s_w3,tree_pre,3,netlists/MINI_MAIN/B_mac_s_w3__tree_pre.aig,-mac -s -idx -c -no-steps,-idx -c,INCORRECT,True,Buggy,RESULT,FAIL,remainder witness replays as a real mismatch,1.30,0.00116603,4.4,22,138,60,,W=3;mini
mini,mini__MINI_MAIN__B_mac_s_w3__tree___dyn_p_c,MINI_MAIN,B_mac_s_w3,tree,3,netlists/MINI_MAIN/B_mac_s_w3__tree.aig,-mac -s -dyn -p -c -no-steps,-dyn -p -c,INCORRECT,True,Buggy,RESULT,FAIL,remainder witness replays as a real mismatch,1.31,0.00509603,4.6,36,123,60,,W=3;mini
mini,mini__MINI_MAIN__B_mac_s_w3__tree___dyn_c,MINI_MAIN,B_mac_s_w3,tree,3,netlists/MINI_MAIN/B_mac_s_w3__tree.aig,-mac -s -dyn -c -no-steps,-dyn -c,INCORRECT,True,Buggy,RESULT,FAIL,remainder witness replays as a real mismatch,1.33,0.0241511,4.6,473,123,60,,W=3;mini
mini,mini__MINI_MAIN__B_mac_s_w4__tree_pre___dyn_p_c,MINI_MAIN,B_mac_s_w4,tree_pre,4,netlists/MINI_MAIN/B_mac_s_w4__tree_pre.aig,-mac -s -dyn -p -c -no-steps,-dyn -p -c,INCORRECT,True,Buggy,RESULT,FAIL,remainder witness replays as a real mismatch,1.27,0.00445247,4.9,51,212,60,,W=4;mini
mini,mini__MINI_MAIN__B_mac_s_w4__tree_pre___dyn_p,MINI_MAIN,B_mac_s_w4,tree_pre,4,netlists/MINI_MAIN/B_mac_s_w4__tree_pre.aig,-mac -s -dyn -p -no-steps,-dyn -p,INCORRECT,True,Buggy,RESULT,FAIL,remainder witness replays as a real mismatch,1.45,0.0552769,4.9,76,212,60,,W=4;mini
mini,mini__MINI_MAIN__B_mac_s_w4__tree_pre___igs_p_c,MINI_MAIN,B_mac_s_w4,tree_pre,4,netlists/MINI_MAIN/B_mac_s_w4__tree_pre.aig,-mac -s -igs -p -c -no-steps,-igs -p -c,INCORRECT,True,Buggy,RESULT,FAIL,remainder witness replays as a real mismatch,1.39,0.01451,4.4,33,212,60,,W=4;mini
mini,mini__MINI_MAIN__B_mac_s_w4__tree_pre___idx_p_c,MINI_MAIN,B_mac_s_w4,tree_pre,4,netlists/MINI_MAIN/B_mac_s_w4__tree_pre.aig,-mac -s -idx -p -c -no-steps,-idx -p -c,INCORRECT,True,Buggy,RESULT,FAIL,remainder witness replays as a real mismatch,1.36,0.00594675,5.4,33,212,60,,W=4;mini
mini,mini__MINI_MAIN__B_mac_s_w4__tree_pre___dyn_c,MINI_MAIN,B_mac_s_w4,tree_pre,4,netlists/MINI_MAIN/B_mac_s_w4__tree_pre.aig,-mac -s -dyn -c -no-steps,-dyn -c,INCORRECT,True,Buggy,RESULT,FAIL,remainder witness replays as a real mismatch,1.48,0.0125775,4.9,53,212,60,,W=4;mini
mini,mini__MINI_MAIN__B_mac_s_w4__tree_pre___dyn,MINI_MAIN,B_mac_s_w4,tree_pre,4,netlists/MINI_MAIN/B_mac_s_w4__tree_pre.aig,-mac -s -dyn -no-steps,-dyn,INCORRECT,True,Buggy,RESULT,FAIL,remainder witness replays as a real mismatch,1.20,0.0377398,5.1,315,212,60,,W=4;mini
mini,mini__MINI_MAIN__B_mac_s_w4__tree_pre___igs_c,MINI_MAIN,B_mac_s_w4,tree_pre,4,netlists/MINI_MAIN/B_mac_s_w4__tree_pre.aig,-mac -s -igs -c -no-steps,-igs -c,INCORRECT,True,Buggy,RESULT,FAIL,remainder witness replays as a real mismatch,1.41,0.00297274,5.1,33,212,60,,W=4;mini
mini,mini__MINI_MAIN__B_mac_s_w4__tree_pre___idx_c,MINI_MAIN,B_mac_s_w4,tree_pre,4,netlists/MINI_MAIN/B_mac_s_w4__tree_pre.aig,-mac -s -idx -c -no-steps,-idx -c,INCORRECT,True,Buggy,RESULT,FAIL,remainder witness replays as a real mismatch,1.48,0.0048436,4.8,33,212,60,,W=4;mini
mini,mini__MINI_MAIN__B_mac_s_w4__tree___dyn_p_c,MINI_MAIN,B_mac_s_w4,tree,4,netlists/MINI_MAIN/B_mac_s_w4__tree.aig,-mac -s -dyn -p -c -no-steps,-dyn -p -c,INCORRECT,True,Buggy,RESULT,FAIL,remainder witness replays as a real mismatch,1.25,0.0585323,5.1,92,195,60,,W=4;mini
mini,mini__MINI_MAIN__B_mac_s_w4__tree___dyn_c,MINI_MAIN,B_mac_s_w4,tree,4,netlists/MINI_MAIN/B_mac_s_w4__tree.aig,-mac -s -dyn -c -no-steps,-dyn -c,INCORRECT,True,Buggy,RESULT,FAIL,remainder witness replays as a real mismatch,1.83,0.256322,5.1,636,195,60,,W=4;mini
mini,mini__MINI_MAIN__B_mac_s_w5__tree_pre___dyn_p_c,MINI_MAIN,B_mac_s_w5,tree_pre,5,netlists/MINI_MAIN/B_mac_s_w5__tree_pre.aig,-mac -s -dyn -p -c -no-steps,-dyn -p -c,INCORRECT,True,Buggy,RESULT,FAIL,remainder witness replays as a real mismatch,1.53,0.00675909,4.4,71,320,60,,W=5;mini
mini,mini__MINI_MAIN__B_mac_s_w5__tree_pre___dyn_p,MINI_MAIN,B_mac_s_w5,tree_pre,5,netlists/MINI_MAIN/B_mac_s_w5__tree_pre.aig,-mac -s -dyn -p -no-steps,-dyn -p,INCORRECT,True,Buggy,RESULT,FAIL,remainder witness replays as a real mismatch,1.86,0.238521,4.9,128,320,60,,W=5;mini
mini,mini__MINI_MAIN__B_mac_s_w5__tree_pre___igs_p_c,MINI_MAIN,B_mac_s_w5,tree_pre,5,netlists/MINI_MAIN/B_mac_s_w5__tree_pre.aig,-mac -s -igs -p -c -no-steps,-igs -p -c,INCORRECT,True,Buggy,RESULT,FAIL,remainder witness replays as a real mismatch,1.60,0.010342,4.9,46,320,60,,W=5;mini
mini,mini__MINI_MAIN__B_mac_s_w5__tree_pre___idx_p_c,MINI_MAIN,B_mac_s_w5,tree_pre,5,netlists/MINI_MAIN/B_mac_s_w5__tree_pre.aig,-mac -s -idx -p -c -no-steps,-idx -p -c,INCORRECT,True,Buggy,RESULT,FAIL,remainder witness replays as a real mismatch,1.39,0.0700161,4.6,46,320,60,,W=5;mini
mini,mini__MINI_MAIN__B_mac_s_w5__tree_pre___dyn_c,MINI_MAIN,B_mac_s_w5,tree_pre,5,netlists/MINI_MAIN/B_mac_s_w5__tree_pre.aig,-mac -s -dyn -c -no-steps,-dyn -c,INCORRECT,True,Buggy,RESULT,FAIL,remainder witness replays as a real mismatch,1.34,0.0100617,4.6,86,320,60,,W=5;mini
mini,mini__MINI_MAIN__B_mac_s_w5__tree_pre___dyn,MINI_MAIN,B_mac_s_w5,tree_pre,5,netlists/MINI_MAIN/B_mac_s_w5__tree_pre.aig,-mac -s -dyn -no-steps,-dyn,INCORRECT,True,Buggy,RESULT,FAIL,remainder witness replays as a real mismatch,1.65,0.0599149,5.4,428,320,60,,W=5;mini
mini,mini__MINI_MAIN__B_mac_s_w5__tree_pre___igs_c,MINI_MAIN,B_mac_s_w5,tree_pre,5,netlists/MINI_MAIN/B_mac_s_w5__tree_pre.aig,-mac -s -igs -c -no-steps,-igs -c,INCORRECT,True,Buggy,RESULT,FAIL,remainder witness replays as a real mismatch,1.48,0.00641714,4.8,46,320,60,,W=5;mini
mini,mini__MINI_MAIN__B_mac_s_w5__tree_pre___idx_c,MINI_MAIN,B_mac_s_w5,tree_pre,5,netlists/MINI_MAIN/B_mac_s_w5__tree_pre.aig,-mac -s -idx -c -no-steps,-idx -c,INCORRECT,True,Buggy,RESULT,FAIL,remainder witness replays as a real mismatch,1.50,0.00339412,4.4,46,320,60,,W=5;mini
mini,mini__MINI_MAIN__B_mac_s_w5__tree___dyn_p_c,MINI_MAIN,B_mac_s_w5,tree,5,netlists/MINI_MAIN/B_mac_s_w5__tree.aig,-mac -s -dyn -p -c -no-steps,-dyn -p -c,INCORRECT,True,Buggy,RESULT,FAIL,remainder witness replays as a real mismatch,1.78,0.434437,5.1,438,302,60,,W=5;mini
mini,mini__MINI_MAIN__B_mac_s_w5__tree___dyn_c,MINI_MAIN,B_mac_s_w5,tree,5,netlists/MINI_MAIN/B_mac_s_w5__tree.aig,-mac -s -dyn -c -no-steps,-dyn -c,INCORRECT,True,,TIMEOUT,TIMEOUT,"time budget 60 s exhausted (inner SIGKILL, monotonic clock)",61.45,,147.0,,,60,,W=5;mini
mini,mini__MINI_MAIN__B_mac_s_w6__tree_pre___dyn_p_c,MINI_MAIN,B_mac_s_w6,tree_pre,6,netlists/MINI_MAIN/B_mac_s_w6__tree_pre.aig,-mac -s -dyn -p -c -no-steps,-dyn -p -c,INCORRECT,False,Buggy,RESULT,FAIL,remainder witness replays as a real mismatch,1.45,0.0402557,4.5,91,492,60,,W=6;mini
mini,mini__MINI_MAIN__B_mac_s_w6__tree_pre___dyn_p,MINI_MAIN,B_mac_s_w6,tree_pre,6,netlists/MINI_MAIN/B_mac_s_w6__tree_pre.aig,-mac -s -dyn -p -no-steps,-dyn -p,INCORRECT,False,Buggy,RESULT,FAIL,remainder witness replays as a real mismatch,1.74,0.30223,5.4,317,492,60,,W=6;mini
mini,mini__MINI_MAIN__B_mac_s_w6__tree_pre___igs_p_c,MINI_MAIN,B_mac_s_w6,tree_pre,6,netlists/MINI_MAIN/B_mac_s_w6__tree_pre.aig,-mac -s -igs -p -c -no-steps,-igs -p -c,INCORRECT,False,Buggy,RESULT,FAIL,remainder witness replays as a real mismatch,1.35,0.0351339,4.9,61,492,60,,W=6;mini
mini,mini__MINI_MAIN__B_mac_s_w6__tree_pre___idx_p_c,MINI_MAIN,B_mac_s_w6,tree_pre,6,netlists/MINI_MAIN/B_mac_s_w6__tree_pre.aig,-mac -s -idx -p -c -no-steps,-idx -p -c,INCORRECT,False,Buggy,RESULT,FAIL,remainder witness replays as a real mismatch,1.73,0.300984,5.4,61,492,60,,W=6;mini
mini,mini__MINI_MAIN__B_mac_s_w6__tree_pre___dyn_c,MINI_MAIN,B_mac_s_w6,tree_pre,6,netlists/MINI_MAIN/B_mac_s_w6__tree_pre.aig,-mac -s -dyn -c -no-steps,-dyn -c,INCORRECT,False,Buggy,RESULT,FAIL,remainder witness replays as a real mismatch,1.45,0.0741401,4.7,109,492,60,,W=6;mini
mini,mini__MINI_MAIN__B_mac_s_w6__tree_pre___dyn,MINI_MAIN,B_mac_s_w6,tree_pre,6,netlists/MINI_MAIN/B_mac_s_w6__tree_pre.aig,-mac -s -dyn -no-steps,-dyn,INCORRECT,False,Buggy,RESULT,FAIL,remainder witness replays as a real mismatch,1.87,0.21625,4.6,631,492,60,,W=6;mini
mini,mini__MINI_MAIN__B_mac_s_w6__tree_pre___igs_c,MINI_MAIN,B_mac_s_w6,tree_pre,6,netlists/MINI_MAIN/B_mac_s_w6__tree_pre.aig,-mac -s -igs -c -no-steps,-igs -c,INCORRECT,False,Buggy,RESULT,FAIL,remainder witness replays as a real mismatch,1.71,0.0155795,4.6,61,492,60,,W=6;mini
mini,mini__MINI_MAIN__B_mac_s_w6__tree_pre___idx_c,MINI_MAIN,B_mac_s_w6,tree_pre,6,netlists/MINI_MAIN/B_mac_s_w6__tree_pre.aig,-mac -s -idx -c -no-steps,-idx -c,INCORRECT,False,Buggy,RESULT,FAIL,remainder witness replays as a real mismatch,1.78,0.291763,8.9,61,492,60,,W=6;mini
mini,mini__MINI_MAIN__B_mac_s_w6__tree___dyn_p_c,MINI_MAIN,B_mac_s_w6,tree,6,netlists/MINI_MAIN/B_mac_s_w6__tree.aig,-mac -s -dyn -p -c -no-steps,-dyn -p -c,INCORRECT,False,,TIMEOUT,TIMEOUT,"time budget 60 s exhausted (inner SIGKILL, monotonic clock)",61.46,,64.4,,,60,,W=6;mini
mini,mini__MINI_MAIN__B_mac_s_w6__tree___dyn_c,MINI_MAIN,B_mac_s_w6,tree,6,netlists/MINI_MAIN/B_mac_s_w6__tree.aig,-mac -s -dyn -c -no-steps,-dyn -c,INCORRECT,False,,TIMEOUT,TIMEOUT,"time budget 60 s exhausted (inner SIGKILL, monotonic clock)",61.48,,94.3,,,60,,W=6;mini
mini,mini__MUTX_PATCH_B_mac_s_w3__tree_pre__y6xor24___dyn_p_c,CONTROL,MUTX_PATCH_B_mac_s_w3,tree_pre__y6xor24,3,netlists/CONTROL/MUTX_PATCH_B_mac_s_w3__tree_pre__y6xor24.aig,-mac -s -dyn -p -c -no-steps,-dyn -p -c,INCORRECT,,Correct,RESULT,FALSE_PASS,jobs-file expectation (baseline/control); oracle mismatch replayed,1.58,0.0136802,5.4,38,147,60,,W=3;mini mutant
mini,mini__MUTX_PATCH_B_mac_s_w3__tree_pre__y6xor24___dyn_p,CONTROL,MUTX_PATCH_B_mac_s_w3,tree_pre__y6xor24,3,netlists/CONTROL/MUTX_PATCH_B_mac_s_w3__tree_pre__y6xor24.aig,-mac -s -dyn -p -no-steps,-dyn -p,INCORRECT,,Correct,RESULT,FALSE_PASS,jobs-file expectation (baseline/control); oracle mismatch replayed,1.20,0.040932,4.7,47,147,60,,W=3;mini mutant
mini,mini__MUTX_PATCH_B_mac_s_w3__tree_pre__y6xor24___igs_p_c,CONTROL,MUTX_PATCH_B_mac_s_w3,tree_pre__y6xor24,3,netlists/CONTROL/MUTX_PATCH_B_mac_s_w3__tree_pre__y6xor24.aig,-mac -s -igs -p -c -no-steps,-igs -p -c,INCORRECT,,Correct,RESULT,FALSE_PASS,jobs-file expectation (baseline/control); oracle mismatch replayed,1.27,0.0171259,4.6,23,147,60,,W=3;mini mutant
mini,mini__MUTX_PATCH_B_mac_s_w3__tree_pre__y6xor24___idx_p_c,CONTROL,MUTX_PATCH_B_mac_s_w3,tree_pre__y6xor24,3,netlists/CONTROL/MUTX_PATCH_B_mac_s_w3__tree_pre__y6xor24.aig,-mac -s -idx -p -c -no-steps,-idx -p -c,INCORRECT,,Buggy,RESULT,FAIL,remainder witness replays as a real mismatch,1.76,0.0193711,4.9,23,147,60,,W=3;mini mutant
mini,mini__MUTX_PATCH_B_mac_s_w3__tree_pre__y6xor24___dyn_c,CONTROL,MUTX_PATCH_B_mac_s_w3,tree_pre__y6xor24,3,netlists/CONTROL/MUTX_PATCH_B_mac_s_w3__tree_pre__y6xor24.aig,-mac -s -dyn -c -no-steps,-dyn -c,INCORRECT,,Buggy,RESULT,FAIL,remainder witness replays as a real mismatch,1.12,0.00194625,5.1,41,147,60,,W=3;mini mutant
mini,mini__MUTX_PATCH_B_mac_s_w3__tree_pre__y6xor24___dyn,CONTROL,MUTX_PATCH_B_mac_s_w3,tree_pre__y6xor24,3,netlists/CONTROL/MUTX_PATCH_B_mac_s_w3__tree_pre__y6xor24.aig,-mac -s -dyn -no-steps,-dyn,INCORRECT,,Buggy,RESULT,FAIL,remainder witness replays as a real mismatch,1.27,0.0292946,4.7,88,147,60,,W=3;mini mutant
mini,mini__MUTX_PATCH_B_mac_s_w3__tree_pre__y6xor24___igs_c,CONTROL,MUTX_PATCH_B_mac_s_w3,tree_pre__y6xor24,3,netlists/CONTROL/MUTX_PATCH_B_mac_s_w3__tree_pre__y6xor24.aig,-mac -s -igs -c -no-steps,-igs -c,INCORRECT,,Buggy,RESULT,FAIL,remainder witness replays as a real mismatch,1.22,0.000855881,5.0,23,147,60,,W=3;mini mutant
mini,mini__MUTX_PATCH_B_mac_s_w3__tree_pre__y6xor24___idx_c,CONTROL,MUTX_PATCH_B_mac_s_w3,tree_pre__y6xor24,3,netlists/CONTROL/MUTX_PATCH_B_mac_s_w3__tree_pre__y6xor24.aig,-mac -s -idx -c -no-steps,-idx -c,INCORRECT,,Buggy,RESULT,FAIL,remainder witness replays as a real mismatch,1.32,0.000925554,5.4,23,147,60,,W=3;mini mutant
mini,mini__MUTX_PATCH_B_mac_s_w3__tree_pre__y6xor25___dyn_p_c,CONTROL,MUTX_PATCH_B_mac_s_w3,tree_pre__y6xor25,3,netlists/CONTROL/MUTX_PATCH_B_mac_s_w3__tree_pre__y6xor25.aig,-mac -s -dyn -p -c -no-steps,-dyn -p -c,INCORRECT,,Buggy,RESULT,FAIL,remainder witness replays as a real mismatch,1.35,0.00868203,5.1,39,147,60,,W=3;mini mutant
mini,mini__MUTX_PATCH_B_mac_s_w3__tree_pre__y6xor25___dyn_p,CONTROL,MUTX_PATCH_B_mac_s_w3,tree_pre__y6xor25,3,netlists/CONTROL/MUTX_PATCH_B_mac_s_w3__tree_pre__y6xor25.aig,-mac -s -dyn -p -no-steps,-dyn -p,INCORRECT,,Buggy,RESULT,FAIL,remainder witness replays as a real mismatch,1.32,0.00439409,4.9,42,147,60,,W=3;mini mutant
mini,mini__MUTX_PATCH_B_mac_s_w3__tree_pre__y6xor25___igs_p_c,CONTROL,MUTX_PATCH_B_mac_s_w3,tree_pre__y6xor25,3,netlists/CONTROL/MUTX_PATCH_B_mac_s_w3__tree_pre__y6xor25.aig,-mac -s -igs -p -c -no-steps,-igs -p -c,INCORRECT,,Buggy,RESULT,FAIL,remainder witness replays as a real mismatch,1.46,0.00430642,5.1,23,147,60,,W=3;mini mutant
mini,mini__MUTX_PATCH_B_mac_s_w3__tree_pre__y6xor25___idx_p_c,CONTROL,MUTX_PATCH_B_mac_s_w3,tree_pre__y6xor25,3,netlists/CONTROL/MUTX_PATCH_B_mac_s_w3__tree_pre__y6xor25.aig,-mac -s -idx -p -c -no-steps,-idx -p -c,INCORRECT,,Buggy,RESULT,FAIL,remainder witness replays as a real mismatch,1.45,0.013083,4.9,23,147,60,,W=3;mini mutant
mini,mini__MUTX_PATCH_B_mac_s_w3__tree_pre__y6xor25___dyn_c,CONTROL,MUTX_PATCH_B_mac_s_w3,tree_pre__y6xor25,3,netlists/CONTROL/MUTX_PATCH_B_mac_s_w3__tree_pre__y6xor25.aig,-mac -s -dyn -c -no-steps,-dyn -c,INCORRECT,,Buggy,RESULT,FAIL,remainder witness replays as a real mismatch,1.30,0.00157077,5.4,41,147,60,,W=3;mini mutant
mini,mini__MUTX_PATCH_B_mac_s_w3__tree_pre__y6xor25___dyn,CONTROL,MUTX_PATCH_B_mac_s_w3,tree_pre__y6xor25,3,netlists/CONTROL/MUTX_PATCH_B_mac_s_w3__tree_pre__y6xor25.aig,-mac -s -dyn -no-steps,-dyn,INCORRECT,,Buggy,RESULT,FAIL,remainder witness replays as a real mismatch,1.20,0.00972577,4.6,90,147,60,,W=3;mini mutant
mini,mini__MUTX_PATCH_B_mac_s_w3__tree_pre__y6xor25___igs_c,CONTROL,MUTX_PATCH_B_mac_s_w3,tree_pre__y6xor25,3,netlists/CONTROL/MUTX_PATCH_B_mac_s_w3__tree_pre__y6xor25.aig,-mac -s -igs -c -no-steps,-igs -c,INCORRECT,,Buggy,RESULT,FAIL,remainder witness replays as a real mismatch,1.42,0.000972008,5.6,23,147,60,,W=3;mini mutant
mini,mini__MUTX_PATCH_B_mac_s_w3__tree_pre__y6xor25___idx_c,CONTROL,MUTX_PATCH_B_mac_s_w3,tree_pre__y6xor25,3,netlists/CONTROL/MUTX_PATCH_B_mac_s_w3__tree_pre__y6xor25.aig,-mac -s -idx -c -no-steps,-idx -c,INCORRECT,,Buggy,RESULT,FAIL,remainder witness replays as a real mismatch,1.43,0.00124619,4.4,23,147,60,,W=3;mini mutant
mini,mini__MUTX_PATCH_B_mac_s_w4__tree_pre__y8xor32___dyn_p_c,CONTROL,MUTX_PATCH_B_mac_s_w4,tree_pre__y8xor32,4,netlists/CONTROL/MUTX_PATCH_B_mac_s_w4__tree_pre__y8xor32.aig,-mac -s -dyn -p -c -no-steps,-dyn -p -c,INCORRECT,,Buggy,RESULT,FAIL,remainder witness replays as a real mismatch,1.32,0.0179589,4.9,53,221,60,,W=4;mini mutant
mini,mini__MUTX_PATCH_B_mac_s_w4__tree_pre__y8xor32___dyn_p,CONTROL,MUTX_PATCH_B_mac_s_w4,tree_pre__y8xor32,4,netlists/CONTROL/MUTX_PATCH_B_mac_s_w4__tree_pre__y8xor32.aig,-mac -s -dyn -p -no-steps,-dyn -p,INCORRECT,,Correct,RESULT,FALSE_PASS,jobs-file expectation (baseline/control); oracle mismatch replayed,1.36,0.0318875,4.9,76,221,60,,W=4;mini mutant
mini,mini__MUTX_PATCH_B_mac_s_w4__tree_pre__y8xor32___igs_p_c,CONTROL,MUTX_PATCH_B_mac_s_w4,tree_pre__y8xor32,4,netlists/CONTROL/MUTX_PATCH_B_mac_s_w4__tree_pre__y8xor32.aig,-mac -s -igs -p -c -no-steps,-igs -p -c,INCORRECT,,Correct,RESULT,FALSE_PASS,jobs-file expectation (baseline/control); oracle mismatch replayed,1.31,0.0227686,5.1,34,221,60,,W=4;mini mutant
mini,mini__MUTX_PATCH_B_mac_s_w4__tree_pre__y8xor32___idx_p_c,CONTROL,MUTX_PATCH_B_mac_s_w4,tree_pre__y8xor32,4,netlists/CONTROL/MUTX_PATCH_B_mac_s_w4__tree_pre__y8xor32.aig,-mac -s -idx -p -c -no-steps,-idx -p -c,INCORRECT,,Buggy,RESULT,FAIL,remainder witness replays as a real mismatch,1.21,0.00958594,4.1,34,221,60,,W=4;mini mutant
mini,mini__MUTX_PATCH_B_mac_s_w4__tree_pre__y8xor32___dyn_c,CONTROL,MUTX_PATCH_B_mac_s_w4,tree_pre__y8xor32,4,netlists/CONTROL/MUTX_PATCH_B_mac_s_w4__tree_pre__y8xor32.aig,-mac -s -dyn -c -no-steps,-dyn -c,INCORRECT,,Buggy,RESULT,FAIL,remainder witness replays as a real mismatch,1.40,0.00549176,4.4,55,221,60,,W=4;mini mutant
mini,mini__MUTX_PATCH_B_mac_s_w4__tree_pre__y8xor32___dyn,CONTROL,MUTX_PATCH_B_mac_s_w4,tree_pre__y8xor32,4,netlists/CONTROL/MUTX_PATCH_B_mac_s_w4__tree_pre__y8xor32.aig,-mac -s -dyn -no-steps,-dyn,INCORRECT,,Buggy,RESULT,FAIL,remainder witness replays as a real mismatch,1.34,0.0918804,5.1,316,221,60,,W=4;mini mutant
mini,mini__MUTX_PATCH_B_mac_s_w4__tree_pre__y8xor32___igs_c,CONTROL,MUTX_PATCH_B_mac_s_w4,tree_pre__y8xor32,4,netlists/CONTROL/MUTX_PATCH_B_mac_s_w4__tree_pre__y8xor32.aig,-mac -s -igs -c -no-steps,-igs -c,INCORRECT,,Buggy,RESULT,FAIL,remainder witness replays as a real mismatch,1.32,0.00249988,4.9,34,221,60,,W=4;mini mutant
mini,mini__MUTX_PATCH_B_mac_s_w4__tree_pre__y8xor32___idx_c,CONTROL,MUTX_PATCH_B_mac_s_w4,tree_pre__y8xor32,4,netlists/CONTROL/MUTX_PATCH_B_mac_s_w4__tree_pre__y8xor32.aig,-mac -s -idx -c -no-steps,-idx -c,INCORRECT,,Buggy,RESULT,FAIL,remainder witness replays as a real mismatch,1.24,0.016424,4.9,34,221,60,,W=4;mini mutant
mini,mini__MUTX_PATCH_B_mac_s_w4__tree_pre__y8xor33___dyn_p_c,CONTROL,MUTX_PATCH_B_mac_s_w4,tree_pre__y8xor33,4,netlists/CONTROL/MUTX_PATCH_B_mac_s_w4__tree_pre__y8xor33.aig,-mac -s -dyn -p -c -no-steps,-dyn -p -c,INCORRECT,,Buggy,RESULT,FAIL,remainder witness replays as a real mismatch,1.26,0.00935733,4.4,53,221,60,,W=4;mini mutant
mini,mini__MUTX_PATCH_B_mac_s_w4__tree_pre__y8xor33___dyn_p,CONTROL,MUTX_PATCH_B_mac_s_w4,tree_pre__y8xor33,4,netlists/CONTROL/MUTX_PATCH_B_mac_s_w4__tree_pre__y8xor33.aig,-mac -s -dyn -p -no-steps,-dyn -p,INCORRECT,,Buggy,RESULT,FAIL,remainder witness replays as a real mismatch,1.37,0.0191872,4.6,70,221,60,,W=4;mini mutant
mini,mini__MUTX_PATCH_B_mac_s_w4__tree_pre__y8xor33___igs_p_c,CONTROL,MUTX_PATCH_B_mac_s_w4,tree_pre__y8xor33,4,netlists/CONTROL/MUTX_PATCH_B_mac_s_w4__tree_pre__y8xor33.aig,-mac -s -igs -p -c -no-steps,-igs -p -c,INCORRECT,,Buggy,RESULT,FAIL,remainder witness replays as a real mismatch,1.00,0.00582321,4.4,34,221,60,,W=4;mini mutant
mini,mini__MUTX_PATCH_B_mac_s_w4__tree_pre__y8xor33___idx_p_c,CONTROL,MUTX_PATCH_B_mac_s_w4,tree_pre__y8xor33,4,netlists/CONTROL/MUTX_PATCH_B_mac_s_w4__tree_pre__y8xor33.aig,-mac -s -idx -p -c -no-steps,-idx -p -c,INCORRECT,,Buggy,RESULT,FAIL,remainder witness replays as a real mismatch,1.23,0.0135901,4.9,34,221,60,,W=4;mini mutant
mini,mini__MUTX_PATCH_B_mac_s_w4__tree_pre__y8xor33___dyn_c,CONTROL,MUTX_PATCH_B_mac_s_w4,tree_pre__y8xor33,4,netlists/CONTROL/MUTX_PATCH_B_mac_s_w4__tree_pre__y8xor33.aig,-mac -s -dyn -c -no-steps,-dyn -c,INCORRECT,,Buggy,RESULT,FAIL,remainder witness replays as a real mismatch,1.26,0.00277107,4.4,55,221,60,,W=4;mini mutant
mini,mini__MUTX_PATCH_B_mac_s_w4__tree_pre__y8xor33___dyn,CONTROL,MUTX_PATCH_B_mac_s_w4,tree_pre__y8xor33,4,netlists/CONTROL/MUTX_PATCH_B_mac_s_w4__tree_pre__y8xor33.aig,-mac -s -dyn -no-steps,-dyn,INCORRECT,,Buggy,RESULT,FAIL,remainder witness replays as a real mismatch,1.34,0.0483755,4.9,316,221,60,,W=4;mini mutant
mini,mini__MUTX_PATCH_B_mac_s_w4__tree_pre__y8xor33___igs_c,CONTROL,MUTX_PATCH_B_mac_s_w4,tree_pre__y8xor33,4,netlists/CONTROL/MUTX_PATCH_B_mac_s_w4__tree_pre__y8xor33.aig,-mac -s -igs -c -no-steps,-igs -c,INCORRECT,,Buggy,RESULT,FAIL,remainder witness replays as a real mismatch,1.38,0.00707683,4.7,34,221,60,,W=4;mini mutant
mini,mini__MUTX_PATCH_B_mac_s_w4__tree_pre__y8xor33___idx_c,CONTROL,MUTX_PATCH_B_mac_s_w4,tree_pre__y8xor33,4,netlists/CONTROL/MUTX_PATCH_B_mac_s_w4__tree_pre__y8xor33.aig,-mac -s -idx -c -no-steps,-idx -c,INCORRECT,,Buggy,RESULT,FAIL,remainder witness replays as a real mismatch,1.12,0.0127978,5.2,34,221,60,,W=4;mini mutant
phaseopt_probe,xs__PATCH_B_mac_s_w8__tree_xorself_c15_y16___dyn_p_c,CONTROL,PATCH_B_mac_s_w8,tree_xorself_c15_y16,8,netlists/CONTROL/PATCH_B_mac_s_w8__tree_xorself_c15_y16.aig,-mac -s -dyn -p -c -no-steps,-dyn -p -c,CORRECT,False,,TIMEOUT,TIMEOUT,"time budget 60 s exhausted (inner SIGKILL, monotonic clock)",61.42,,55.2,,,60,,"W=8;inserted XNOR(x,x) pattern (function-preserving)"
phaseopt_probe,xs__PATCH_B_mac_s_w8__tree_xorself_c15_y16___igs_p_c,CONTROL,PATCH_B_mac_s_w8,tree_xorself_c15_y16,8,netlists/CONTROL/PATCH_B_mac_s_w8__tree_xorself_c15_y16.aig,-mac -s -igs -p -c -no-steps,-igs -p -c,CORRECT,False,Correct,RESULT,PASS,oracle 4096 corner + 16384 random,5.58,4.32871,32.6,98,764,60,,"W=8;inserted XNOR(x,x) pattern (function-preserving)"
phaseopt_probe,xs__PATCH_B_mac_s_w8__tree_xorself_c15_y16___dyn_c,CONTROL,PATCH_B_mac_s_w8,tree_xorself_c15_y16,8,netlists/CONTROL/PATCH_B_mac_s_w8__tree_xorself_c15_y16.aig,-mac -s -dyn -c -no-steps,-dyn -c,CORRECT,False,,TIMEOUT,TIMEOUT,"time budget 60 s exhausted (inner SIGKILL, monotonic clock)",61.38,,133.6,,,60,,"W=8;inserted XNOR(x,x) pattern (function-preserving)"
phaseopt_probe,xs__PATCH_B_mac_s_w8__tree_xorself_c15_y16___igs_c,CONTROL,PATCH_B_mac_s_w8,tree_xorself_c15_y16,8,netlists/CONTROL/PATCH_B_mac_s_w8__tree_xorself_c15_y16.aig,-mac -s -igs -c -no-steps,-igs -c,CORRECT,False,,TIMEOUT,TIMEOUT,"time budget 60 s exhausted (inner SIGKILL, monotonic clock)",62.07,,350.7,,,60,,"W=8;inserted XNOR(x,x) pattern (function-preserving)"
phaseopt_probe,xs__PATCH_B_mac_s_w8__tree_xorself_a0_y3___dyn_p_c,CONTROL,PATCH_B_mac_s_w8,tree_xorself_a0_y3,8,netlists/CONTROL/PATCH_B_mac_s_w8__tree_xorself_a0_y3.aig,-mac -s -dyn -p -c -no-steps,-dyn -p -c,CORRECT,False,Correct,RESULT,PASS,oracle 4096 corner + 16384 random,1.64,0.0852922,5.1,168,764,60,,"W=8;inserted XNOR(x,x) pattern (function-preserving)"
phaseopt_probe,xs__PATCH_B_mac_s_w8__tree_xorself_a0_y3___igs_p_c,CONTROL,PATCH_B_mac_s_w8,tree_xorself_a0_y3,8,netlists/CONTROL/PATCH_B_mac_s_w8__tree_xorself_a0_y3.aig,-mac -s -igs -p -c -no-steps,-igs -p -c,CORRECT,False,Correct,RESULT,PASS,oracle 4096 corner + 16384 random,5.66,3.88118,33.0,98,764,60,,"W=8;inserted XNOR(x,x) pattern (function-preserving)"
phaseopt_probe,xs__PATCH_B_mac_s_w8__tree_xorself_a0_y3___dyn_c,CONTROL,PATCH_B_mac_s_w8,tree_xorself_a0_y3,8,netlists/CONTROL/PATCH_B_mac_s_w8__tree_xorself_a0_y3.aig,-mac -s -dyn -c -no-steps,-dyn -c,CORRECT,False,,TIMEOUT,TIMEOUT,"time budget 60 s exhausted (inner SIGKILL, monotonic clock)",61.69,,108.4,,,60,,"W=8;inserted XNOR(x,x) pattern (function-preserving)"
phaseopt_probe,xs__PATCH_B_mac_s_w8__tree_xorself_a0_y3___igs_c,CONTROL,PATCH_B_mac_s_w8,tree_xorself_a0_y3,8,netlists/CONTROL/PATCH_B_mac_s_w8__tree_xorself_a0_y3.aig,-mac -s -igs -c -no-steps,-igs -c,CORRECT,False,,TIMEOUT,TIMEOUT,"time budget 60 s exhausted (inner SIGKILL, monotonic clock)",61.68,,350.5,,,60,,"W=8;inserted XNOR(x,x) pattern (function-preserving)"
phaseopt_probe,xs__A_mul_u_w8__norm_pre_xorself_a0_y0___dyn_p_c,CONTROL,A_mul_u_w8,norm_pre_xorself_a0_y0,8,netlists/CONTROL/A_mul_u_w8__norm_pre_xorself_a0_y0.aig,-mul -dyn -p -c -no-steps,-dyn -p -c,CORRECT,True,Correct,RESULT,PASS,oracle exhaustive,1.56,0.0946195,5.0,118,613,60,,"W=8;inserted XNOR(x,x) pattern (function-preserving)"
phaseopt_probe,xs__A_mul_u_w8__norm_pre_xorself_a0_y0___igs_p_c,CONTROL,A_mul_u_w8,norm_pre_xorself_a0_y0,8,netlists/CONTROL/A_mul_u_w8__norm_pre_xorself_a0_y0.aig,-mul -igs -p -c -no-steps,-igs -p -c,CORRECT,True,Correct,RESULT,PASS,oracle exhaustive,1.52,0.107102,4.9,80,613,60,,"W=8;inserted XNOR(x,x) pattern (function-preserving)"
phaseopt_probe,xs__A_mul_u_w8__norm_pre_xorself_a0_y0___dyn_c,CONTROL,A_mul_u_w8,norm_pre_xorself_a0_y0,8,netlists/CONTROL/A_mul_u_w8__norm_pre_xorself_a0_y0.aig,-mul -dyn -c -no-steps,-dyn -c,CORRECT,True,Correct,RESULT,PASS,oracle exhaustive,1.73,0.0480357,4.9,151,613,60,,"W=8;inserted XNOR(x,x) pattern (function-preserving)"
phaseopt_probe,xs__A_mul_u_w8__norm_pre_xorself_a0_y0___igs_c,CONTROL,A_mul_u_w8,norm_pre_xorself_a0_y0,8,netlists/CONTROL/A_mul_u_w8__norm_pre_xorself_a0_y0.aig,-mul -igs -c -no-steps,-igs -c,CORRECT,True,Correct,RESULT,PASS,oracle exhaustive,1.30,0.0222173,4.7,80,613,60,,"W=8;inserted XNOR(x,x) pattern (function-preserving)"
phaseopt_probe,xs__A_mul_u_w8__norm_pre_xorself_b7_y15___dyn_p_c,CONTROL,A_mul_u_w8,norm_pre_xorself_b7_y15,8,netlists/CONTROL/A_mul_u_w8__norm_pre_xorself_b7_y15.aig,-mul -dyn -p -c -no-steps,-dyn -p -c,CORRECT,True,Correct,RESULT,PASS,oracle exhaustive,2.16,0.126878,4.9,118,613,60,,"W=8;inserted XNOR(x,x) pattern (function-preserving)"
phaseopt_probe,xs__A_mul_u_w8__norm_pre_xorself_b7_y15___igs_p_c,CONTROL,A_mul_u_w8,norm_pre_xorself_b7_y15,8,netlists/CONTROL/A_mul_u_w8__norm_pre_xorself_b7_y15.aig,-mul -igs -p -c -no-steps,-igs -p -c,CORRECT,True,Correct,RESULT,PASS,oracle exhaustive,2.22,0.11491,4.9,80,613,60,,"W=8;inserted XNOR(x,x) pattern (function-preserving)"
phaseopt_probe,xs__A_mul_u_w8__norm_pre_xorself_b7_y15___dyn_c,CONTROL,A_mul_u_w8,norm_pre_xorself_b7_y15,8,netlists/CONTROL/A_mul_u_w8__norm_pre_xorself_b7_y15.aig,-mul -dyn -c -no-steps,-dyn -c,CORRECT,True,Correct,RESULT,PASS,oracle exhaustive,2.14,0.158426,5.1,132,613,60,,"W=8;inserted XNOR(x,x) pattern (function-preserving)"
phaseopt_probe,xs__A_mul_u_w8__norm_pre_xorself_b7_y15___igs_c,CONTROL,A_mul_u_w8,norm_pre_xorself_b7_y15,8,netlists/CONTROL/A_mul_u_w8__norm_pre_xorself_b7_y15.aig,-mul -igs -c -no-steps,-igs -c,CORRECT,True,Correct,RESULT,PASS,oracle exhaustive,2.17,0.0892667,4.9,80,613,60,,"W=8;inserted XNOR(x,x) pattern (function-preserving)"
phaseopt_probe,xs__A_mul_s_w8__norm_pre_xorself_b7_y15___dyn_p_c,CONTROL,A_mul_s_w8,norm_pre_xorself_b7_y15,8,netlists/CONTROL/A_mul_s_w8__norm_pre_xorself_b7_y15.aig,-mul -s -dyn -p -c -no-steps,-dyn -p -c,CORRECT,True,Correct,RESULT,PASS,oracle exhaustive,2.01,0.154671,5.6,130,766,60,,"W=8;inserted XNOR(x,x) pattern (function-preserving)"
phaseopt_probe,xs__A_mul_s_w8__norm_pre_xorself_b7_y15___igs_p_c,CONTROL,A_mul_s_w8,norm_pre_xorself_b7_y15,8,netlists/CONTROL/A_mul_s_w8__norm_pre_xorself_b7_y15.aig,-mul -s -igs -p -c -no-steps,-igs -p -c,CORRECT,True,Correct,RESULT,PASS,oracle exhaustive,1.97,0.159343,4.2,80,766,60,,"W=8;inserted XNOR(x,x) pattern (function-preserving)"
phaseopt_probe,xs__A_mul_s_w8__norm_pre_xorself_b7_y15___dyn_c,CONTROL,A_mul_s_w8,norm_pre_xorself_b7_y15,8,netlists/CONTROL/A_mul_s_w8__norm_pre_xorself_b7_y15.aig,-mul -s -dyn -c -no-steps,-dyn -c,CORRECT,True,Correct,RESULT,PASS,oracle exhaustive,2.06,0.165419,4.9,155,766,60,,"W=8;inserted XNOR(x,x) pattern (function-preserving)"
phaseopt_probe,xs__A_mul_s_w8__norm_pre_xorself_b7_y15___igs_c,CONTROL,A_mul_s_w8,norm_pre_xorself_b7_y15,8,netlists/CONTROL/A_mul_s_w8__norm_pre_xorself_b7_y15.aig,-mul -s -igs -c -no-steps,-igs -c,CORRECT,True,Correct,RESULT,PASS,oracle exhaustive,2.09,0.0788804,4.9,80,766,60,,"W=8;inserted XNOR(x,x) pattern (function-preserving)"
phaseopt_probe,xs__B_mac_u_w8__tree_pre_xorself_c15_y16___dyn_p_c,CONTROL,B_mac_u_w8,tree_pre_xorself_c15_y16,8,netlists/CONTROL/B_mac_u_w8__tree_pre_xorself_c15_y16.aig,-mac -dyn -p -c -no-steps,-dyn -p -c,CORRECT,False,Correct,RESULT,PASS,oracle 4096 corner + 16384 random,2.01,0.170314,5.4,144,735,60,,"W=8;inserted XNOR(x,x) pattern (function-preserving)"
phaseopt_probe,xs__B_mac_u_w8__tree_pre_xorself_c15_y16___igs_p_c,CONTROL,B_mac_u_w8,tree_pre_xorself_c15_y16,8,netlists/CONTROL/B_mac_u_w8__tree_pre_xorself_c15_y16.aig,-mac -igs -p -c -no-steps,-igs -p -c,CORRECT,False,Correct,RESULT,PASS,oracle 4096 corner + 16384 random,2.08,0.222565,4.9,97,735,60,,"W=8;inserted XNOR(x,x) pattern (function-preserving)"
phaseopt_probe,xs__B_mac_u_w8__tree_pre_xorself_c15_y16___dyn_c,CONTROL,B_mac_u_w8,tree_pre_xorself_c15_y16,8,netlists/CONTROL/B_mac_u_w8__tree_pre_xorself_c15_y16.aig,-mac -dyn -c -no-steps,-dyn -c,CORRECT,False,Correct,RESULT,PASS,oracle 4096 corner + 16384 random,2.19,0.132956,4.9,192,735,60,,"W=8;inserted XNOR(x,x) pattern (function-preserving)"
phaseopt_probe,xs__B_mac_u_w8__tree_pre_xorself_c15_y16___igs_c,CONTROL,B_mac_u_w8,tree_pre_xorself_c15_y16,8,netlists/CONTROL/B_mac_u_w8__tree_pre_xorself_c15_y16.aig,-mac -igs -c -no-steps,-igs -c,CORRECT,False,Correct,RESULT,PASS,oracle 4096 corner + 16384 random,2.18,0.0456598,4.9,97,735,60,,"W=8;inserted XNOR(x,x) pattern (function-preserving)"
phaseopt_probe,mx__MUTX_PATCH_B_mac_s_w8__tree_pre__y16xor64___dyn_p_c,CONTROL,MUTX_PATCH_B_mac_s_w8,tree_pre__y16xor64,8,netlists/CONTROL/MUTX_PATCH_B_mac_s_w8__tree_pre__y16xor64.aig,-mac -s -dyn -p -c -no-steps,-dyn -p -c,INCORRECT,False,Correct,RESULT,FALSE_PASS,oracle 4096 corner + 16384 random; oracle mismatch replayed,1.50,0.124041,5.3,138,797,60,,W=8;deliberate mutant y16 ^= lit64 of PATCH tree_pre;complementary_ANDs=2
phaseopt_probe,mx__MUTX_PATCH_B_mac_s_w8__tree_pre__y16xor64___dyn_p,CONTROL,MUTX_PATCH_B_mac_s_w8,tree_pre__y16xor64,8,netlists/CONTROL/MUTX_PATCH_B_mac_s_w8__tree_pre__y16xor64.aig,-mac -s -dyn -p -no-steps,-dyn -p,INCORRECT,False,Correct,RESULT,FALSE_PASS,oracle 4096 corner + 16384 random; oracle mismatch replayed,1.56,0.385781,5.1,340,797,60,,W=8;deliberate mutant y16 ^= lit64 of PATCH tree_pre;complementary_ANDs=2
phaseopt_probe,mx__MUTX_PATCH_B_mac_s_w8__tree_pre__y16xor64___igs_p_c,CONTROL,MUTX_PATCH_B_mac_s_w8,tree_pre__y16xor64,8,netlists/CONTROL/MUTX_PATCH_B_mac_s_w8__tree_pre__y16xor64.aig,-mac -s -igs -p -c -no-steps,-igs -p -c,INCORRECT,False,Correct,RESULT,FALSE_PASS,oracle 4096 corner + 16384 random; oracle mismatch replayed,1.95,0.170547,3.9,98,797,60,,W=8;deliberate mutant y16 ^= lit64 of PATCH tree_pre;complementary_ANDs=2
phaseopt_probe,mx__MUTX_PATCH_B_mac_s_w8__tree_pre__y16xor64___igs_p,CONTROL,MUTX_PATCH_B_mac_s_w8,tree_pre__y16xor64,8,netlists/CONTROL/MUTX_PATCH_B_mac_s_w8__tree_pre__y16xor64.aig,-mac -s -igs -p -no-steps,-igs -p,INCORRECT,False,Correct,RESULT,FALSE_PASS,oracle 4096 corner + 16384 random; oracle mismatch replayed,1.95,0.317261,4.1,98,797,60,,W=8;deliberate mutant y16 ^= lit64 of PATCH tree_pre;complementary_ANDs=2
phaseopt_probe,mx__MUTX_PATCH_B_mac_s_w8__tree_pre__y16xor64___dyn_c,CONTROL,MUTX_PATCH_B_mac_s_w8,tree_pre__y16xor64,8,netlists/CONTROL/MUTX_PATCH_B_mac_s_w8__tree_pre__y16xor64.aig,-mac -s -dyn -c -no-steps,-dyn -c,INCORRECT,False,Buggy,RESULT,FAIL,remainder witness replays as a real mismatch,1.61,0.204652,5.3,166,797,60,,W=8;deliberate mutant y16 ^= lit64 of PATCH tree_pre;complementary_ANDs=2
phaseopt_probe,mx__MUTX_PATCH_B_mac_s_w8__tree_pre__y16xor64___dyn,CONTROL,MUTX_PATCH_B_mac_s_w8,tree_pre__y16xor64,8,netlists/CONTROL/MUTX_PATCH_B_mac_s_w8__tree_pre__y16xor64.aig,-mac -s -dyn -no-steps,-dyn,INCORRECT,False,Buggy,RESULT,FAIL,remainder witness replays as a real mismatch,1.51,0.157873,4.6,467,797,60,,W=8;deliberate mutant y16 ^= lit64 of PATCH tree_pre;complementary_ANDs=2
phaseopt_probe,mx__MUTX_PATCH_B_mac_s_w8__tree_pre__y16xor64___igs_c,CONTROL,MUTX_PATCH_B_mac_s_w8,tree_pre__y16xor64,8,netlists/CONTROL/MUTX_PATCH_B_mac_s_w8__tree_pre__y16xor64.aig,-mac -s -igs -c -no-steps,-igs -c,INCORRECT,False,Buggy,RESULT,FAIL,remainder witness replays as a real mismatch,1.89,0.0659755,4.6,98,797,60,,W=8;deliberate mutant y16 ^= lit64 of PATCH tree_pre;complementary_ANDs=2
phaseopt_probe,mx__MUTX_PATCH_B_mac_s_w8__tree_pre__y16xor64___igs,CONTROL,MUTX_PATCH_B_mac_s_w8,tree_pre__y16xor64,8,netlists/CONTROL/MUTX_PATCH_B_mac_s_w8__tree_pre__y16xor64.aig,-mac -s -igs -no-steps,-igs,INCORRECT,False,Buggy,RESULT,FAIL,remainder witness replays as a real mismatch,20.01,18.7514,271.0,98,797,60,,W=8;deliberate mutant y16 ^= lit64 of PATCH tree_pre;complementary_ANDs=2
phaseopt_probe,mx__MUTX_PATCH_B_mac_s_w8__tree_pre__y16xor65___dyn_p_c,CONTROL,MUTX_PATCH_B_mac_s_w8,tree_pre__y16xor65,8,netlists/CONTROL/MUTX_PATCH_B_mac_s_w8__tree_pre__y16xor65.aig,-mac -s -dyn -p -c -no-steps,-dyn -p -c,INCORRECT,False,Buggy,RESULT,FAIL,remainder witness replays as a real mismatch,1.77,0.181934,4.9,139,797,60,,W=8;deliberate mutant y16 ^= lit65 of PATCH tree_pre;complementary_ANDs=2
phaseopt_probe,mx__MUTX_PATCH_B_mac_s_w8__tree_pre__y16xor65___dyn_p,CONTROL,MUTX_PATCH_B_mac_s_w8,tree_pre__y16xor65,8,netlists/CONTROL/MUTX_PATCH_B_mac_s_w8__tree_pre__y16xor65.aig,-mac -s -dyn -p -no-steps,-dyn -p,INCORRECT,False,Buggy,RESULT,FAIL,remainder witness replays as a real mismatch,1.95,0.512578,5.2,340,797,60,,W=8;deliberate mutant y16 ^= lit65 of PATCH tree_pre;complementary_ANDs=2
phaseopt_probe,mx__MUTX_PATCH_B_mac_s_w8__tree_pre__y16xor65___igs_p_c,CONTROL,MUTX_PATCH_B_mac_s_w8,tree_pre__y16xor65,8,netlists/CONTROL/MUTX_PATCH_B_mac_s_w8__tree_pre__y16xor65.aig,-mac -s -igs -p -c -no-steps,-igs -p -c,INCORRECT,False,Buggy,RESULT,FAIL,remainder witness replays as a real mismatch,1.93,0.148648,4.6,98,797,60,,W=8;deliberate mutant y16 ^= lit65 of PATCH tree_pre;complementary_ANDs=2
phaseopt_probe,mx__MUTX_PATCH_B_mac_s_w8__tree_pre__y16xor65___igs_p,CONTROL,MUTX_PATCH_B_mac_s_w8,tree_pre__y16xor65,8,netlists/CONTROL/MUTX_PATCH_B_mac_s_w8__tree_pre__y16xor65.aig,-mac -s -igs -p -no-steps,-igs -p,INCORRECT,False,Buggy,RESULT,FAIL,remainder witness replays as a real mismatch,1.89,0.329788,5.7,98,797,60,,W=8;deliberate mutant y16 ^= lit65 of PATCH tree_pre;complementary_ANDs=2
phaseopt_probe,mx__MUTX_PATCH_B_mac_s_w8__tree_pre__y16xor65___dyn_c,CONTROL,MUTX_PATCH_B_mac_s_w8,tree_pre__y16xor65,8,netlists/CONTROL/MUTX_PATCH_B_mac_s_w8__tree_pre__y16xor65.aig,-mac -s -dyn -c -no-steps,-dyn -c,INCORRECT,False,Buggy,RESULT,FAIL,remainder witness replays as a real mismatch,1.81,0.174947,5.2,171,797,60,,W=8;deliberate mutant y16 ^= lit65 of PATCH tree_pre;complementary_ANDs=2
phaseopt_probe,mx__MUTX_PATCH_B_mac_s_w8__tree_pre__y16xor65___dyn,CONTROL,MUTX_PATCH_B_mac_s_w8,tree_pre__y16xor65,8,netlists/CONTROL/MUTX_PATCH_B_mac_s_w8__tree_pre__y16xor65.aig,-mac -s -dyn -no-steps,-dyn,INCORRECT,False,Buggy,RESULT,FAIL,remainder witness replays as a real mismatch,1.95,0.191642,4.5,467,797,60,,W=8;deliberate mutant y16 ^= lit65 of PATCH tree_pre;complementary_ANDs=2
phaseopt_probe,mx__MUTX_PATCH_B_mac_s_w8__tree_pre__y16xor65___igs_c,CONTROL,MUTX_PATCH_B_mac_s_w8,tree_pre__y16xor65,8,netlists/CONTROL/MUTX_PATCH_B_mac_s_w8__tree_pre__y16xor65.aig,-mac -s -igs -c -no-steps,-igs -c,INCORRECT,False,Buggy,RESULT,FAIL,remainder witness replays as a real mismatch,1.69,0.0239279,4.9,98,797,60,,W=8;deliberate mutant y16 ^= lit65 of PATCH tree_pre;complementary_ANDs=2
phaseopt_probe,mx__MUTX_PATCH_B_mac_s_w8__tree_pre__y16xor65___igs,CONTROL,MUTX_PATCH_B_mac_s_w8,tree_pre__y16xor65,8,netlists/CONTROL/MUTX_PATCH_B_mac_s_w8__tree_pre__y16xor65.aig,-mac -s -igs -no-steps,-igs,INCORRECT,False,Buggy,RESULT,FAIL,remainder witness replays as a real mismatch,21.40,19.7686,270.6,98,797,60,,W=8;deliberate mutant y16 ^= lit65 of PATCH tree_pre;complementary_ANDs=2
phaseopt_probe,mx__MUTX_PATCH_B_mac_s_w8__tree_pre__y16xor1___dyn_p_c,CONTROL,MUTX_PATCH_B_mac_s_w8,tree_pre__y16xor1,8,netlists/CONTROL/MUTX_PATCH_B_mac_s_w8__tree_pre__y16xor1.aig,-mac -s -dyn -p -c -no-steps,-dyn -p -c,INCORRECT,False,Buggy,RESULT,FAIL,remainder witness replays as a real mismatch,1.67,0.150743,5.1,142,794,60,,W=8;deliberate mutant y16 ^= lit1 of PATCH tree_pre;complementary_ANDs=2
phaseopt_probe,mx__MUTX_PATCH_B_mac_s_w8__tree_pre__y16xor1___dyn_p,CONTROL,MUTX_PATCH_B_mac_s_w8,tree_pre__y16xor1,8,netlists/CONTROL/MUTX_PATCH_B_mac_s_w8__tree_pre__y16xor1.aig,-mac -s -dyn -p -no-steps,-dyn -p,INCORRECT,False,Buggy,RESULT,FAIL,remainder witness replays as a real mismatch,2.44,0.896812,5.1,333,794,60,,W=8;deliberate mutant y16 ^= lit1 of PATCH tree_pre;complementary_ANDs=2
phaseopt_probe,mx__MUTX_PATCH_B_mac_s_w8__tree_pre__y16xor1___igs_p_c,CONTROL,MUTX_PATCH_B_mac_s_w8,tree_pre__y16xor1,8,netlists/CONTROL/MUTX_PATCH_B_mac_s_w8__tree_pre__y16xor1.aig,-mac -s -igs -p -c -no-steps,-igs -p -c,INCORRECT,False,Buggy,RESULT,FAIL,remainder witness replays as a real mismatch,1.86,0.117404,5.4,98,794,60,,W=8;deliberate mutant y16 ^= lit1 of PATCH tree_pre;complementary_ANDs=2
phaseopt_probe,mx__MUTX_PATCH_B_mac_s_w8__tree_pre__y16xor1___igs_p,CONTROL,MUTX_PATCH_B_mac_s_w8,tree_pre__y16xor1,8,netlists/CONTROL/MUTX_PATCH_B_mac_s_w8__tree_pre__y16xor1.aig,-mac -s -igs -p -no-steps,-igs -p,INCORRECT,False,Buggy,RESULT,FAIL,remainder witness replays as a real mismatch,1.68,0.213496,4.9,98,794,60,,W=8;deliberate mutant y16 ^= lit1 of PATCH tree_pre;complementary_ANDs=2
phaseopt_probe,mx__MUTX_PATCH_B_mac_s_w8__tree_pre__y16xor1___dyn_c,CONTROL,MUTX_PATCH_B_mac_s_w8,tree_pre__y16xor1,8,netlists/CONTROL/MUTX_PATCH_B_mac_s_w8__tree_pre__y16xor1.aig,-mac -s -dyn -c -no-steps,-dyn -c,INCORRECT,False,Buggy,RESULT,FAIL,remainder witness replays as a real mismatch,1.79,0.10553,5.1,170,794,60,,W=8;deliberate mutant y16 ^= lit1 of PATCH tree_pre;complementary_ANDs=2
phaseopt_probe,mx__MUTX_PATCH_B_mac_s_w8__tree_pre__y16xor1___dyn,CONTROL,MUTX_PATCH_B_mac_s_w8,tree_pre__y16xor1,8,netlists/CONTROL/MUTX_PATCH_B_mac_s_w8__tree_pre__y16xor1.aig,-mac -s -dyn -no-steps,-dyn,INCORRECT,False,Buggy,RESULT,FAIL,remainder witness replays as a real mismatch,1.82,0.205102,4.9,466,794,60,,W=8;deliberate mutant y16 ^= lit1 of PATCH tree_pre;complementary_ANDs=2
phaseopt_probe,mx__MUTX_PATCH_B_mac_s_w8__tree_pre__y16xor1___igs_c,CONTROL,MUTX_PATCH_B_mac_s_w8,tree_pre__y16xor1,8,netlists/CONTROL/MUTX_PATCH_B_mac_s_w8__tree_pre__y16xor1.aig,-mac -s -igs -c -no-steps,-igs -c,INCORRECT,False,Buggy,RESULT,FAIL,remainder witness replays as a real mismatch,1.78,0.0691503,4.9,98,794,60,,W=8;deliberate mutant y16 ^= lit1 of PATCH tree_pre;complementary_ANDs=2
phaseopt_probe,mx__MUTX_PATCH_B_mac_s_w8__tree_pre__y16xor1___igs,CONTROL,MUTX_PATCH_B_mac_s_w8,tree_pre__y16xor1,8,netlists/CONTROL/MUTX_PATCH_B_mac_s_w8__tree_pre__y16xor1.aig,-mac -s -igs -no-steps,-igs,INCORRECT,False,Buggy,RESULT,FAIL,remainder witness replays as a real mismatch,19.51,17.9086,270.7,98,794,60,,W=8;deliberate mutant y16 ^= lit1 of PATCH tree_pre;complementary_ANDs=2
phaseopt_probe,mx__MUTX_PATCH_B_mac_s_w8__tree_pre_folded__y16xor64___dyn_p_c,CONTROL,MUTX_PATCH_B_mac_s_w8,tree_pre_folded__y16xor64,8,netlists/CONTROL/MUTX_PATCH_B_mac_s_w8__tree_pre_folded__y16xor64.aig,-mac -s -dyn -p -c -no-steps,-dyn -p -c,INCORRECT,False,Buggy,RESULT,FAIL,remainder witness replays as a real mismatch,1.94,0.245162,5.1,148,791,60,,W=8;deliberate mutant y16 ^= lit64 of folded PATCH tree_pre;complementary_ANDs=0
phaseopt_probe,mx__MUTX_PATCH_B_mac_s_w8__tree_pre_folded__y16xor64___dyn_p,CONTROL,MUTX_PATCH_B_mac_s_w8,tree_pre_folded__y16xor64,8,netlists/CONTROL/MUTX_PATCH_B_mac_s_w8__tree_pre_folded__y16xor64.aig,-mac -s -dyn -p -no-steps,-dyn -p,INCORRECT,False,Buggy,RESULT,FAIL,remainder witness replays as a real mismatch,2.02,0.617851,4.9,341,791,60,,W=8;deliberate mutant y16 ^= lit64 of folded PATCH tree_pre;complementary_ANDs=0
phaseopt_probe,mx__MUTX_PATCH_B_mac_s_w8__tree_pre_folded__y16xor64___igs_p_c,CONTROL,MUTX_PATCH_B_mac_s_w8,tree_pre_folded__y16xor64,8,netlists/CONTROL/MUTX_PATCH_B_mac_s_w8__tree_pre_folded__y16xor64.aig,-mac -s -igs -p -c -no-steps,-igs -p -c,INCORRECT,False,Buggy,RESULT,FAIL,remainder witness replays as a real mismatch,1.74,0.145864,4.9,98,791,60,,W=8;deliberate mutant y16 ^= lit64 of folded PATCH tree_pre;complementary_ANDs=0
phaseopt_probe,mx__MUTX_PATCH_B_mac_s_w8__tree_pre_folded__y16xor64___igs_p,CONTROL,MUTX_PATCH_B_mac_s_w8,tree_pre_folded__y16xor64,8,netlists/CONTROL/MUTX_PATCH_B_mac_s_w8__tree_pre_folded__y16xor64.aig,-mac -s -igs -p -no-steps,-igs -p,INCORRECT,False,Buggy,RESULT,FAIL,remainder witness replays as a real mismatch,1.38,0.199674,5.1,98,791,60,,W=8;deliberate mutant y16 ^= lit64 of folded PATCH tree_pre;complementary_ANDs=0
phaseopt_probe,mx__MUTX_PATCH_B_mac_s_w8__tree_pre_folded__y16xor64___dyn_c,CONTROL,MUTX_PATCH_B_mac_s_w8,tree_pre_folded__y16xor64,8,netlists/CONTROL/MUTX_PATCH_B_mac_s_w8__tree_pre_folded__y16xor64.aig,-mac -s -dyn -c -no-steps,-dyn -c,INCORRECT,False,Buggy,RESULT,FAIL,remainder witness replays as a real mismatch,1.49,0.0514112,5.1,166,791,60,,W=8;deliberate mutant y16 ^= lit64 of folded PATCH tree_pre;complementary_ANDs=0
phaseopt_probe,mx__MUTX_PATCH_B_mac_s_w8__tree_pre_folded__y16xor64___dyn,CONTROL,MUTX_PATCH_B_mac_s_w8,tree_pre_folded__y16xor64,8,netlists/CONTROL/MUTX_PATCH_B_mac_s_w8__tree_pre_folded__y16xor64.aig,-mac -s -dyn -no-steps,-dyn,INCORRECT,False,Buggy,RESULT,FAIL,remainder witness replays as a real mismatch,2.07,0.391171,4.9,467,791,60,,W=8;deliberate mutant y16 ^= lit64 of folded PATCH tree_pre;complementary_ANDs=0
phaseopt_probe,mx__MUTX_PATCH_B_mac_s_w8__tree_pre_folded__y16xor64___igs_c,CONTROL,MUTX_PATCH_B_mac_s_w8,tree_pre_folded__y16xor64,8,netlists/CONTROL/MUTX_PATCH_B_mac_s_w8__tree_pre_folded__y16xor64.aig,-mac -s -igs -c -no-steps,-igs -c,INCORRECT,False,Buggy,RESULT,FAIL,remainder witness replays as a real mismatch,1.65,0.0401774,5.1,98,791,60,,W=8;deliberate mutant y16 ^= lit64 of folded PATCH tree_pre;complementary_ANDs=0
phaseopt_probe,mx__MUTX_PATCH_B_mac_s_w8__tree_pre_folded__y16xor64___igs,CONTROL,MUTX_PATCH_B_mac_s_w8,tree_pre_folded__y16xor64,8,netlists/CONTROL/MUTX_PATCH_B_mac_s_w8__tree_pre_folded__y16xor64.aig,-mac -s -igs -no-steps,-igs,INCORRECT,False,Buggy,RESULT,FAIL,remainder witness replays as a real mismatch,18.08,16.573,270.8,98,791,60,,W=8;deliberate mutant y16 ^= lit64 of folded PATCH tree_pre;complementary_ANDs=0
phaseopt_probe,mx__MUTX_PATCH_B_mac_s_w8__tree_pre_folded__y16xor65___dyn_p_c,CONTROL,MUTX_PATCH_B_mac_s_w8,tree_pre_folded__y16xor65,8,netlists/CONTROL/MUTX_PATCH_B_mac_s_w8__tree_pre_folded__y16xor65.aig,-mac -s -dyn -p -c -no-steps,-dyn -p -c,INCORRECT,False,Buggy,RESULT,FAIL,remainder witness replays as a real mismatch,1.61,0.138862,5.0,138,791,60,,W=8;deliberate mutant y16 ^= lit65 of folded PATCH tree_pre;complementary_ANDs=0
phaseopt_probe,mx__MUTX_PATCH_B_mac_s_w8__tree_pre_folded__y16xor65___dyn_p,CONTROL,MUTX_PATCH_B_mac_s_w8,tree_pre_folded__y16xor65,8,netlists/CONTROL/MUTX_PATCH_B_mac_s_w8__tree_pre_folded__y16xor65.aig,-mac -s -dyn -p -no-steps,-dyn -p,INCORRECT,False,Buggy,RESULT,FAIL,remainder witness replays as a real mismatch,2.18,0.728817,4.9,341,791,60,,W=8;deliberate mutant y16 ^= lit65 of folded PATCH tree_pre;complementary_ANDs=0
phaseopt_probe,mx__MUTX_PATCH_B_mac_s_w8__tree_pre_folded__y16xor65___igs_p_c,CONTROL,MUTX_PATCH_B_mac_s_w8,tree_pre_folded__y16xor65,8,netlists/CONTROL/MUTX_PATCH_B_mac_s_w8__tree_pre_folded__y16xor65.aig,-mac -s -igs -p -c -no-steps,-igs -p -c,INCORRECT,False,Buggy,RESULT,FAIL,remainder witness replays as a real mismatch,1.88,0.1913,5.1,98,791,60,,W=8;deliberate mutant y16 ^= lit65 of folded PATCH tree_pre;complementary_ANDs=0
phaseopt_probe,mx__MUTX_PATCH_B_mac_s_w8__tree_pre_folded__y16xor65___igs_p,CONTROL,MUTX_PATCH_B_mac_s_w8,tree_pre_folded__y16xor65,8,netlists/CONTROL/MUTX_PATCH_B_mac_s_w8__tree_pre_folded__y16xor65.aig,-mac -s -igs -p -no-steps,-igs -p,INCORRECT,False,Buggy,RESULT,FAIL,remainder witness replays as a real mismatch,1.81,0.239433,4.9,98,791,60,,W=8;deliberate mutant y16 ^= lit65 of folded PATCH tree_pre;complementary_ANDs=0
phaseopt_probe,mx__MUTX_PATCH_B_mac_s_w8__tree_pre_folded__y16xor65___dyn_c,CONTROL,MUTX_PATCH_B_mac_s_w8,tree_pre_folded__y16xor65,8,netlists/CONTROL/MUTX_PATCH_B_mac_s_w8__tree_pre_folded__y16xor65.aig,-mac -s -dyn -c -no-steps,-dyn -c,INCORRECT,False,Buggy,RESULT,FAIL,remainder witness replays as a real mismatch,1.84,0.0495728,5.6,171,791,60,,W=8;deliberate mutant y16 ^= lit65 of folded PATCH tree_pre;complementary_ANDs=0
phaseopt_probe,mx__MUTX_PATCH_B_mac_s_w8__tree_pre_folded__y16xor65___dyn,CONTROL,MUTX_PATCH_B_mac_s_w8,tree_pre_folded__y16xor65,8,netlists/CONTROL/MUTX_PATCH_B_mac_s_w8__tree_pre_folded__y16xor65.aig,-mac -s -dyn -no-steps,-dyn,INCORRECT,False,Buggy,RESULT,FAIL,remainder witness replays as a real mismatch,1.56,0.151491,4.7,467,791,60,,W=8;deliberate mutant y16 ^= lit65 of folded PATCH tree_pre;complementary_ANDs=0
phaseopt_probe,mx__MUTX_PATCH_B_mac_s_w8__tree_pre_folded__y16xor65___igs_c,CONTROL,MUTX_PATCH_B_mac_s_w8,tree_pre_folded__y16xor65,8,netlists/CONTROL/MUTX_PATCH_B_mac_s_w8__tree_pre_folded__y16xor65.aig,-mac -s -igs -c -no-steps,-igs -c,INCORRECT,False,Buggy,RESULT,FAIL,remainder witness replays as a real mismatch,1.25,0.0112919,4.4,98,791,60,,W=8;deliberate mutant y16 ^= lit65 of folded PATCH tree_pre;complementary_ANDs=0
phaseopt_probe,mx__MUTX_PATCH_B_mac_s_w8__tree_pre_folded__y16xor65___igs,CONTROL,MUTX_PATCH_B_mac_s_w8,tree_pre_folded__y16xor65,8,netlists/CONTROL/MUTX_PATCH_B_mac_s_w8__tree_pre_folded__y16xor65.aig,-mac -s -igs -no-steps,-igs,INCORRECT,False,Buggy,RESULT,FAIL,remainder witness replays as a real mismatch,16.37,14.86,270.8,98,791,60,,W=8;deliberate mutant y16 ^= lit65 of folded PATCH tree_pre;complementary_ANDs=0
phaseopt_probe,mx__MUTX_PATCH_B_mac_s_w8__tree_pre_folded__y16xor1___dyn_p_c,CONTROL,MUTX_PATCH_B_mac_s_w8,tree_pre_folded__y16xor1,8,netlists/CONTROL/MUTX_PATCH_B_mac_s_w8__tree_pre_folded__y16xor1.aig,-mac -s -dyn -p -c -no-steps,-dyn -p -c,INCORRECT,False,Buggy,RESULT,FAIL,remainder witness replays as a real mismatch,1.42,0.0610889,5.2,138,788,60,,W=8;deliberate mutant y16 ^= lit1 of folded PATCH tree_pre;complementary_ANDs=0
phaseopt_probe,mx__MUTX_PATCH_B_mac_s_w8__tree_pre_folded__y16xor1___dyn_p,CONTROL,MUTX_PATCH_B_mac_s_w8,tree_pre_folded__y16xor1,8,netlists/CONTROL/MUTX_PATCH_B_mac_s_w8__tree_pre_folded__y16xor1.aig,-mac -s -dyn -p -no-steps,-dyn -p,INCORRECT,False,Buggy,RESULT,FAIL,remainder witness replays as a real mismatch,1.99,0.380951,4.7,299,788,60,,W=8;deliberate mutant y16 ^= lit1 of folded PATCH tree_pre;complementary_ANDs=0
phaseopt_probe,mx__MUTX_PATCH_B_mac_s_w8__tree_pre_folded__y16xor1___igs_p_c,CONTROL,MUTX_PATCH_B_mac_s_w8,tree_pre_folded__y16xor1,8,netlists/CONTROL/MUTX_PATCH_B_mac_s_w8__tree_pre_folded__y16xor1.aig,-mac -s -igs -p -c -no-steps,-igs -p -c,INCORRECT,False,Buggy,RESULT,FAIL,remainder witness replays as a real mismatch,1.90,0.136966,4.7,98,788,60,,W=8;deliberate mutant y16 ^= lit1 of folded PATCH tree_pre;complementary_ANDs=0
phaseopt_probe,mx__MUTX_PATCH_B_mac_s_w8__tree_pre_folded__y16xor1___igs_p,CONTROL,MUTX_PATCH_B_mac_s_w8,tree_pre_folded__y16xor1,8,netlists/CONTROL/MUTX_PATCH_B_mac_s_w8__tree_pre_folded__y16xor1.aig,-mac -s -igs -p -no-steps,-igs -p,INCORRECT,False,Buggy,RESULT,FAIL,remainder witness replays as a real mismatch,1.67,0.162957,4.7,98,788,60,,W=8;deliberate mutant y16 ^= lit1 of folded PATCH tree_pre;complementary_ANDs=0
phaseopt_probe,mx__MUTX_PATCH_B_mac_s_w8__tree_pre_folded__y16xor1___dyn_c,CONTROL,MUTX_PATCH_B_mac_s_w8,tree_pre_folded__y16xor1,8,netlists/CONTROL/MUTX_PATCH_B_mac_s_w8__tree_pre_folded__y16xor1.aig,-mac -s -dyn -c -no-steps,-dyn -c,INCORRECT,False,Buggy,RESULT,FAIL,remainder witness replays as a real mismatch,1.55,0.0533759,4.9,231,788,60,,W=8;deliberate mutant y16 ^= lit1 of folded PATCH tree_pre;complementary_ANDs=0
phaseopt_probe,mx__MUTX_PATCH_B_mac_s_w8__tree_pre_folded__y16xor1___dyn,CONTROL,MUTX_PATCH_B_mac_s_w8,tree_pre_folded__y16xor1,8,netlists/CONTROL/MUTX_PATCH_B_mac_s_w8__tree_pre_folded__y16xor1.aig,-mac -s -dyn -no-steps,-dyn,INCORRECT,False,Buggy,RESULT,FAIL,remainder witness replays as a real mismatch,1.40,0.126483,5.1,466,788,60,,W=8;deliberate mutant y16 ^= lit1 of folded PATCH tree_pre;complementary_ANDs=0
phaseopt_probe,mx__MUTX_PATCH_B_mac_s_w8__tree_pre_folded__y16xor1___igs_c,CONTROL,MUTX_PATCH_B_mac_s_w8,tree_pre_folded__y16xor1,8,netlists/CONTROL/MUTX_PATCH_B_mac_s_w8__tree_pre_folded__y16xor1.aig,-mac -s -igs -c -no-steps,-igs -c,INCORRECT,False,Buggy,RESULT,FAIL,remainder witness replays as a real mismatch,1.47,0.0173291,5.6,98,788,60,,W=8;deliberate mutant y16 ^= lit1 of folded PATCH tree_pre;complementary_ANDs=0
phaseopt_probe,mx__MUTX_PATCH_B_mac_s_w8__tree_pre_folded__y16xor1___igs,CONTROL,MUTX_PATCH_B_mac_s_w8,tree_pre_folded__y16xor1,8,netlists/CONTROL/MUTX_PATCH_B_mac_s_w8__tree_pre_folded__y16xor1.aig,-mac -s -igs -no-steps,-igs,INCORRECT,False,Buggy,RESULT,FAIL,remainder witness replays as a real mismatch,13.48,12.2201,270.9,98,788,60,,W=8;deliberate mutant y16 ^= lit1 of folded PATCH tree_pre;complementary_ANDs=0
portfolio_w32,pf__MAIN__A_mul_s_w8__booth__cfg0,MAIN,A_mul_s_w8,booth,8,netlists/MAIN/A_mul_s_w8__booth.aig,-mul -s -dyn -p -c -no-steps,-dyn -p -c,CORRECT,True,Correct,RESULT,PASS,oracle exhaustive,0.99,0.0629783,5.2,186,530,60,,W=8;family=A;build=MAIN;arch=booth
portfolio_w32,pf__MAIN__A_mul_s_w8__booth_lp__cfg0,MAIN,A_mul_s_w8,booth_lp,8,netlists/MAIN/A_mul_s_w8__booth_lp.aig,-mul -s -dyn -p -c -no-steps,-dyn -p -c,CORRECT,True,,TIMEOUT,TIMEOUT,"time budget 60 s exhausted (inner SIGKILL, monotonic clock)",60.96,,121.0,,,60,,W=8;family=A;build=MAIN;arch=booth_lp
portfolio_w32,pf__MAIN__A_mul_s_w8__norm_pre__cfg0,MAIN,A_mul_s_w8,norm_pre,8,netlists/MAIN/A_mul_s_w8__norm_pre.aig,-mul -s -dyn -p -c -no-steps,-dyn -p -c,CORRECT,True,Correct,RESULT,PASS,oracle exhaustive,1.06,0.0637091,4.9,135,760,60,,W=8;family=A;build=MAIN;arch=norm_pre
portfolio_w32,pf__MAIN__A_mul_s_w8__booth_pre__cfg0,MAIN,A_mul_s_w8,booth_pre,8,netlists/MAIN/A_mul_s_w8__booth_pre.aig,-mul -s -dyn -p -c -no-steps,-dyn -p -c,CORRECT,True,Correct,RESULT,PASS,oracle exhaustive,1.02,0.0635146,6.1,171,612,60,,W=8;family=A;build=MAIN;arch=booth_pre
portfolio_w32,pf__MAIN__A_mul_s_w8__norm__cfg0,MAIN,A_mul_s_w8,norm,8,netlists/MAIN/A_mul_s_w8__norm.aig,-mul -s -dyn -p -c -no-steps,-dyn -p -c,CORRECT,True,,TIMEOUT,TIMEOUT,"time budget 60 s exhausted (inner SIGKILL, monotonic clock)",61.13,,123.0,,,60,,W=8;family=A;build=MAIN;arch=norm
portfolio_w32,pf__MAIN__A_mul_u_w8__booth__cfg0,MAIN,A_mul_u_w8,booth,8,netlists/MAIN/A_mul_u_w8__booth.aig,-mul -dyn -p -c -no-steps,-dyn -p -c,CORRECT,True,,TIMEOUT,TIMEOUT,"time budget 60 s exhausted (inner SIGKILL, monotonic clock)",61.00,,84.6,,,60,,W=8;family=A;build=MAIN;arch=booth
portfolio_w32,pf__MAIN__A_mul_s_w8__booth_lp__cfg1,MAIN,A_mul_s_w8,booth_lp,8,netlists/MAIN/A_mul_s_w8__booth_lp.aig,-mul -s -idx -p -c -no-steps,-idx -p -c,CORRECT,True,,TIMEOUT,TIMEOUT,"time budget 60 s exhausted (inner SIGKILL, monotonic clock)",61.06,,109.9,,,60,,W=8;family=A;build=MAIN;arch=booth_lp
portfolio_w32,pf__MAIN__A_mul_u_w8__booth_pre_folded__cfg0,CONTROL,A_mul_u_w8,booth_pre_folded,8,netlists/CONTROL/A_mul_u_w8__booth_pre_folded.aig,-mul -dyn -p -c -no-steps,-dyn -p -c,CORRECT,True,Correct,RESULT,PASS,oracle exhaustive,0.94,0.0610912,4.4,179,664,60,,W=8;family=A;build=MAIN;arch=booth_pre_folded;derived=constant-folded copy of MAIN booth_pre
portfolio_w32,pf__MAIN__A_mul_u_w8__norm__cfg0,MAIN,A_mul_u_w8,norm,8,netlists/MAIN/A_mul_u_w8__norm.aig,-mul -dyn -p -c -no-steps,-dyn -p -c,CORRECT,True,,TIMEOUT,TIMEOUT,"time budget 60 s exhausted (inner SIGKILL, monotonic clock)",60.98,,61.5,,,60,,W=8;family=A;build=MAIN;arch=norm
portfolio_w32,pf__MAIN__A_mul_s_w8__norm__cfg1,MAIN,A_mul_s_w8,norm,8,netlists/MAIN/A_mul_s_w8__norm.aig,-mul -s -idx -p -c -no-steps,-idx -p -c,CORRECT,True,Correct,RESULT,PASS,oracle exhaustive,2.02,0.855511,6.2,81,695,60,,W=8;family=A;build=MAIN;arch=norm
portfolio_w32,pf__MAIN__A_mul_u_w8__norm_pre__cfg0,MAIN,A_mul_u_w8,norm_pre,8,netlists/MAIN/A_mul_u_w8__norm_pre.aig,-mul -dyn -p -c -no-steps,-dyn -p -c,CORRECT,True,Correct,RESULT,PASS,oracle exhaustive,0.86,0.0339677,4.4,123,607,60,,W=8;family=A;build=MAIN;arch=norm_pre
portfolio_w32,pf__MAIN__A_mul_u_w8__booth__cfg1,MAIN,A_mul_u_w8,booth,8,netlists/MAIN/A_mul_u_w8__booth.aig,-mul -idx -p -c -no-steps,-idx -p -c,CORRECT,True,,TIMEOUT,TIMEOUT,"time budget 60 s exhausted (inner SIGKILL, monotonic clock)",61.04,,131.3,,,60,,W=8;family=A;build=MAIN;arch=booth
portfolio_w32,pf__MAIN__A_mul_s_w8__booth_lp__cfg2,MAIN,A_mul_s_w8,booth_lp,8,netlists/MAIN/A_mul_s_w8__booth_lp.aig,-mul -s -ipc -p -c -no-steps,-ipc -p -c,CORRECT,True,,TIMEOUT,TIMEOUT,"time budget 60 s exhausted (inner SIGKILL, monotonic clock)",60.95,,175.5,,,60,,W=8;family=A;build=MAIN;arch=booth_lp
portfolio_w32,pf__MAIN__A_mul_u_w8__norm__cfg1,MAIN,A_mul_u_w8,norm,8,netlists/MAIN/A_mul_u_w8__norm.aig,-mul -idx -p -c -no-steps,-idx -p -c,CORRECT,True,Correct,RESULT,PASS,oracle exhaustive,1.22,0.0449212,5.1,81,570,60,,W=8;family=A;build=MAIN;arch=norm
portfolio_w32,pf__MAIN__B_dot2_u_w8__norm__cfg0,MAIN,B_dot2_u_w8,norm,8,netlists/MAIN/B_dot2_u_w8__norm.aig,-dot=2 -dyn -p -c -no-steps,-dyn -p -c,CORRECT,False,,TIMEOUT,TIMEOUT,"time budget 60 s exhausted (inner SIGKILL, monotonic clock)",60.98,,59.8,,,60,,W=8;family=B;build=MAIN;arch=norm
portfolio_w32,pf__MAIN__A_mul_u_w8__booth__cfg2,MAIN,A_mul_u_w8,booth,8,netlists/MAIN/A_mul_u_w8__booth.aig,-mul -ipc -p -c -no-steps,-ipc -p -c,CORRECT,True,,TIMEOUT,TIMEOUT,"time budget 60 s exhausted (inner SIGKILL, monotonic clock)",60.93,,116.0,,,60,,W=8;family=A;build=MAIN;arch=booth
portfolio_w32,pf__MAIN__B_dot2_u_w8__tree__cfg0,MAIN,B_dot2_u_w8,tree,8,netlists/MAIN/B_dot2_u_w8__tree.aig,-dot=2 -dyn -p -c -no-steps,-dyn -p -c,CORRECT,False,,TIMEOUT,TIMEOUT,"time budget 60 s exhausted (inner SIGKILL, monotonic clock)",60.88,,80.5,,,60,,W=8;family=B;build=MAIN;arch=tree
portfolio_w32,pf__MAIN__B_dot2_u_w8__tree_fa__cfg0,MAIN,B_dot2_u_w8,tree_fa,8,netlists/MAIN/B_dot2_u_w8__tree_fa.aig,-dot=2 -dyn -p -c -no-steps,-dyn -p -c,CORRECT,False,,TIMEOUT,TIMEOUT,"time budget 60 s exhausted (inner SIGKILL, monotonic clock)",60.77,,34.6,,,60,,W=8;family=B;build=MAIN;arch=tree_fa
portfolio_w32,pf__MAIN__B_dot2_u_w8__norm__cfg1,MAIN,B_dot2_u_w8,norm,8,netlists/MAIN/B_dot2_u_w8__norm.aig,-dot=2 -idx -p -c -no-steps,-idx -p -c,CORRECT,False,Correct,RESULT,PASS,oracle 4096 corner + 16384 random,10.35,9.4559,15.9,146,1305,60,,W=8;family=B;build=MAIN;arch=norm
portfolio_w32,pf__MAIN__A_mul_s_w8__booth_lp__cfg3,MAIN,A_mul_s_w8,booth_lp,8,netlists/MAIN/A_mul_s_w8__booth_lp.aig,-mul -s -igs -p -c -no-steps,-igs -p -c,CORRECT,True,,TIMEOUT,TIMEOUT,"time budget 60 s exhausted (inner SIGKILL, monotonic clock)",60.86,,332.7,,,60,,W=8;family=A;build=MAIN;arch=booth_lp
portfolio_w32,pf__MAIN__A_mul_u_w8__booth__cfg3,MAIN,A_mul_u_w8,booth,8,netlists/MAIN/A_mul_u_w8__booth.aig,-mul -igs -p -c -no-steps,-igs -p -c,CORRECT,True,,TIMEOUT,TIMEOUT,"time budget 60 s exhausted (inner SIGKILL, monotonic clock)",60.92,,311.7,,,60,,W=8;family=A;build=MAIN;arch=booth
portfolio_w32,pf__MAIN__B_dot2_u_w8__tree_fa__cfg1,MAIN,B_dot2_u_w8,tree_fa,8,netlists/MAIN/B_dot2_u_w8__tree_fa.aig,-dot=2 -idx -p -c -no-steps,-idx -p -c,CORRECT,False,Correct,RESULT,PASS,oracle 4096 corner + 16384 random,2.41,1.56333,7.9,146,1256,60,,W=8;family=B;build=MAIN;arch=tree_fa
portfolio_w32,pf__MAIN__B_dot2_u_w8__tree__cfg1,MAIN,B_dot2_u_w8,tree,8,netlists/MAIN/B_dot2_u_w8__tree.aig,-dot=2 -idx -p -c -no-steps,-idx -p -c,CORRECT,False,Correct,RESULT,PASS,oracle 4096 corner + 16384 random,1.20,0.193135,5.1,146,1243,60,,W=8;family=B;build=MAIN;arch=tree
portfolio_w32,pf__MAIN__A_mul_u_w8__booth__cfg4,MAIN,A_mul_u_w8,booth,8,netlists/MAIN/A_mul_u_w8__booth.aig,-mul -ips -p -c -no-steps,-ips -p -c,CORRECT,True,,TIMEOUT,TIMEOUT,"time budget 60 s exhausted (inner SIGKILL, monotonic clock)",60.90,,116.5,,,60,,W=8;family=A;build=MAIN;arch=booth
portfolio_w32,pf__MAIN__A_mul_s_w8__booth_lp__cfg4,MAIN,A_mul_s_w8,booth_lp,8,netlists/MAIN/A_mul_s_w8__booth_lp.aig,-mul -s -ips -p -c -no-steps,-ips -p -c,CORRECT,True,,TIMEOUT,TIMEOUT,"time budget 60 s exhausted (inner SIGKILL, monotonic clock)",61.04,,111.6,,,60,,W=8;family=A;build=MAIN;arch=booth_lp
portfolio_w32,pf__MAIN__B_dot2_u_w8__tree_pre__cfg0,MAIN,B_dot2_u_w8,tree_pre,8,netlists/MAIN/B_dot2_u_w8__tree_pre.aig,-dot=2 -dyn -p -c -no-steps,-dyn -p -c,CORRECT,False,Correct,RESULT,PASS,oracle 4096 corner + 16384 random,1.00,0.130732,5.7,212,1289,60,,W=8;family=B;build=MAIN;arch=tree_pre
portfolio_w32,pf__MAIN__A_mul_u_w8__booth__cfg5,MAIN,A_mul_u_w8,booth,8,netlists/MAIN/A_mul_u_w8__booth.aig,-mul -igsm -p -c -no-steps,-igsm -p -c,CORRECT,True,,TIMEOUT,TIMEOUT,"time budget 60 s exhausted (inner SIGKILL, monotonic clock)",61.24,,123.6,,,60,,W=8;family=A;build=MAIN;arch=booth
portfolio_w32,pf__MAIN__A_mul_s_w8__booth_lp__cfg5,MAIN,A_mul_s_w8,booth_lp,8,netlists/MAIN/A_mul_s_w8__booth_lp.aig,-mul -s -igsm -p -c -no-steps,-igsm -p -c,CORRECT,True,,TIMEOUT,TIMEOUT,"time budget 60 s exhausted (inner SIGKILL, monotonic clock)",61.14,,119.0,,,60,,W=8;family=A;build=MAIN;arch=booth_lp
portfolio_w32,pf__MAIN__B_dot2_u_w8__tree_nofma__cfg0,MAIN,B_dot2_u_w8,tree_nofma,8,netlists/MAIN/B_dot2_u_w8__tree_nofma.aig,-dot=2 -dyn -p -c -no-steps,-dyn -p -c,CORRECT,False,,TIMEOUT,TIMEOUT,"time budget 60 s exhausted (inner SIGKILL, monotonic clock)",60.89,,60.2,,,60,,W=8;family=B;build=MAIN;arch=tree_nofma
portfolio_w32,pf__MAIN__B_mac_s_w8__tree_nofma__cfg0,MAIN,B_mac_s_w8,tree_nofma,8,netlists/MAIN/B_mac_s_w8__tree_nofma.aig,-mac -s -dyn -p -c -no-steps,-dyn -p -c,CORRECT,False,,TIMEOUT,TIMEOUT,"time budget 60 s exhausted (inner SIGKILL, monotonic clock)",60.95,,56.6,,,60,,W=8;family=B;build=MAIN;arch=tree_nofma
portfolio_w32,pf__MAIN__B_mac_s_w8__norm__cfg0,MAIN,B_mac_s_w8,norm,8,netlists/MAIN/B_mac_s_w8__norm.aig,-mac -s -dyn -p -c -no-steps,-dyn -p -c,CORRECT,False,,TIMEOUT,TIMEOUT,"time budget 60 s exhausted (inner SIGKILL, monotonic clock)",60.94,,56.3,,,60,,W=8;family=B;build=MAIN;arch=norm
portfolio_w32,pf__MAIN__B_dot2_u_w8__tree_ripple__cfg0,MAIN,B_dot2_u_w8,tree_ripple,8,netlists/MAIN/B_dot2_u_w8__tree_ripple.aig,-dot=2 -dyn -p -c -no-steps,-dyn -p -c,CORRECT,False,,TIMEOUT,TIMEOUT,"time budget 60 s exhausted (inner SIGKILL, monotonic clock)",60.98,,80.6,,,60,,W=8;family=B;build=MAIN;arch=tree_ripple
portfolio_w32,pf__MAIN__B_mac_u_w8__norm__cfg0,MAIN,B_mac_u_w8,norm,8,netlists/MAIN/B_mac_u_w8__norm.aig,-mac -dyn -p -c -no-steps,-dyn -p -c,CORRECT,False,,TIMEOUT,TIMEOUT,"time budget 60 s exhausted (inner SIGKILL, monotonic clock)",61.20,,67.8,,,60,,W=8;family=B;build=MAIN;arch=norm
portfolio_w32,pf__MAIN__B_dot2_u_w8__tree_ripple__cfg1,MAIN,B_dot2_u_w8,tree_ripple,8,netlists/MAIN/B_dot2_u_w8__tree_ripple.aig,-dot=2 -idx -p -c -no-steps,-idx -p -c,CORRECT,False,Correct,RESULT,PASS,oracle 4096 corner + 16384 random,1.15,0.221482,5.1,146,1243,60,,W=8;family=B;build=MAIN;arch=tree_ripple
portfolio_w32,pf__MAIN__B_mac_u_w8__norm__cfg1,MAIN,B_mac_u_w8,norm,8,netlists/MAIN/B_mac_u_w8__norm.aig,-mac -idx -p -c -no-steps,-idx -p -c,CORRECT,False,Correct,RESULT,PASS,oracle 4096 corner + 16384 random,1.16,0.0923358,4.3,98,709,60,,W=8;family=B;build=MAIN;arch=norm
portfolio_w32,pf__MAIN__B_dot2_u_w8__tree_nofma__cfg1,MAIN,B_dot2_u_w8,tree_nofma,8,netlists/MAIN/B_dot2_u_w8__tree_nofma.aig,-dot=2 -idx -p -c -no-steps,-idx -p -c,CORRECT,False,Correct,RESULT,PASS,oracle 4096 corner + 16384 random,13.65,12.6575,16.3,146,1305,60,,W=8;family=B;build=MAIN;arch=tree_nofma
portfolio_w32,pf__MAIN__B_mac_s_w8__norm__cfg1,MAIN,B_mac_s_w8,norm,8,netlists/MAIN/B_mac_s_w8__norm.aig,-mac -s -idx -p -c -no-steps,-idx -p -c,CORRECT,False,,TIMEOUT,TIMEOUT,"time budget 60 s exhausted (inner SIGKILL, monotonic clock)",60.87,,123.9,,,60,,W=8;family=B;build=MAIN;arch=norm
portfolio_w32,pf__MAIN__B_mac_s_w8__tree_nofma__cfg1,MAIN,B_mac_s_w8,tree_nofma,8,netlists/MAIN/B_mac_s_w8__tree_nofma.aig,-mac -s -idx -p -c -no-steps,-idx -p -c,CORRECT,False,,TIMEOUT,TIMEOUT,"time budget 60 s exhausted (inner SIGKILL, monotonic clock)",60.89,,124.1,,,60,,W=8;family=B;build=MAIN;arch=tree_nofma
portfolio_w32,pf__MAIN__B_mac_u_w8__tree__cfg0,MAIN,B_mac_u_w8,tree,8,netlists/MAIN/B_mac_u_w8__tree.aig,-mac -dyn -p -c -no-steps,-dyn -p -c,CORRECT,False,,TIMEOUT,TIMEOUT,"time budget 60 s exhausted (inner SIGKILL, monotonic clock)",61.01,,37.5,,,60,,W=8;family=B;build=MAIN;arch=tree
portfolio_w32,pf__MAIN__B_mac_u_w8__tree_fa__cfg0,MAIN,B_mac_u_w8,tree_fa,8,netlists/MAIN/B_mac_u_w8__tree_fa.aig,-mac -dyn -p -c -no-steps,-dyn -p -c,CORRECT,False,,TIMEOUT,TIMEOUT,"time budget 60 s exhausted (inner SIGKILL, monotonic clock)",60.97,,65.2,,,60,,W=8;family=B;build=MAIN;arch=tree_fa
portfolio_w32,pf__MAIN__B_mac_u_w8__tree__cfg1,MAIN,B_mac_u_w8,tree,8,netlists/MAIN/B_mac_u_w8__tree.aig,-mac -idx -p -c -no-steps,-idx -p -c,CORRECT,False,Correct,RESULT,PASS,oracle 4096 corner + 16384 random,1.03,0.052497,4.4,98,694,60,,W=8;family=B;build=MAIN;arch=tree
portfolio_w32,pf__MAIN__B_mac_u_w8__tree_fa__cfg1,MAIN,B_mac_u_w8,tree_fa,8,netlists/MAIN/B_mac_u_w8__tree_fa.aig,-mac -idx -p -c -no-steps,-idx -p -c,CORRECT,False,Correct,RESULT,PASS,oracle 4096 corner + 16384 random,1.16,0.041219,4.4,98,707,60,,W=8;family=B;build=MAIN;arch=tree_fa
portfolio_w32,pf__MAIN__B_mac_u_w8__tree_pre__cfg0,MAIN,B_mac_u_w8,tree_pre,8,netlists/MAIN/B_mac_u_w8__tree_pre.aig,-mac -dyn -p -c -no-steps,-dyn -p -c,CORRECT,False,Correct,RESULT,PASS,oracle 4096 corner + 16384 random,1.20,0.116435,4.8,144,729,60,,W=8;family=B;build=MAIN;arch=tree_pre
portfolio_w32,pf__PATCH__B_mac_s_w8__tree__cfg0,PATCH,B_mac_s_w8,tree,8,netlists/PATCH/B_mac_s_w8__tree.aig,-mac -s -dyn -p -c -no-steps,-dyn -p -c,CORRECT,False,Correct,RESULT,PASS,oracle 4096 corner + 16384 random,1.17,0.0822883,4.6,166,758,60,,W=8;family=B;build=PATCH;arch=tree
portfolio_w32,pf__MAIN__B_mac_u_w8__tree_nofma__cfg0,MAIN,B_mac_u_w8,tree_nofma,8,netlists/MAIN/B_mac_u_w8__tree_nofma.aig,-mac -dyn -p -c -no-steps,-dyn -p -c,CORRECT,False,,TIMEOUT,TIMEOUT,"time budget 60 s exhausted (inner SIGKILL, monotonic clock)",61.06,,66.8,,,60,,W=8;family=B;build=MAIN;arch=tree_nofma
portfolio_w32,pf__MAIN__B_mac_u_w8__tree_nofma__cfg1,MAIN,B_mac_u_w8,tree_nofma,8,netlists/MAIN/B_mac_u_w8__tree_nofma.aig,-mac -idx -p -c -no-steps,-idx -p -c,CORRECT,False,Correct,RESULT,PASS,oracle 4096 corner + 16384 random,0.98,0.0993933,5.1,98,709,60,,W=8;family=B;build=MAIN;arch=tree_nofma
portfolio_w32,pf__PATCH__B_mac_s_w8__tree_pre__cfg0,PATCH,B_mac_s_w8,tree_pre,8,netlists/PATCH/B_mac_s_w8__tree_pre.aig,-mac -s -dyn -p -c -no-steps,-dyn -p -c,CORRECT,False,Buggy,RESULT,FALSE_FAIL,oracle 4096 corner + 16384 random; remainder replay: REMAINDER_INVALID,0.96,0.0600568,5.1,143,794,60,,W=8;family=B;build=PATCH;arch=tree_pre
portfolio_w32,pf__PATCH__B_mac_s_w8__tree_fa__cfg0,PATCH,B_mac_s_w8,tree_fa,8,netlists/PATCH/B_mac_s_w8__tree_fa.aig,-mac -s -dyn -p -c -no-steps,-dyn -p -c,CORRECT,False,Correct,RESULT,PASS,oracle 4096 corner + 16384 random,22.19,21.1509,16.7,9545,788,60,,W=8;family=B;build=PATCH;arch=tree_fa
portfolio_w32,pf__PATCH__B_mac_s_w8__tree_ripple__cfg0,PATCH,B_mac_s_w8,tree_ripple,8,netlists/PATCH/B_mac_s_w8__tree_ripple.aig,-mac -s -dyn -p -c -no-steps,-dyn -p -c,CORRECT,False,Correct,RESULT,PASS,oracle 4096 corner + 16384 random,1.15,0.0708997,4.9,166,758,60,,W=8;family=B;build=PATCH;arch=tree_ripple
portfolio_w32,pf__MAIN__B_mac_s_w8__tree__cfg0,MAIN,B_mac_s_w8,tree,8,netlists/MAIN/B_mac_s_w8__tree.aig,-mac -s -dyn -p -c -no-steps,-dyn -p -c,INCORRECT,False,Buggy,RESULT,FAIL,remainder witness replays as a real mismatch,2.69,1.28822,5.6,810,760,60,,W=8;family=B;build=MAIN;arch=tree
portfolio_w32,pf__MAIN__B_mac_s_w8__tree__cfg1,MAIN,B_mac_s_w8,tree,8,netlists/MAIN/B_mac_s_w8__tree.aig,-mac -s -idx -p -c -no-steps,-idx -p -c,INCORRECT,False,Buggy,RESULT,FAIL,remainder witness replays as a real mismatch,1.28,0.0499943,5.1,98,760,60,,W=8;family=B;build=MAIN;arch=tree
portfolio_w32,pf__MAIN__B_mac_s_w8__tree__cfg2,MAIN,B_mac_s_w8,tree,8,netlists/MAIN/B_mac_s_w8__tree.aig,-mac -s -ipc -p -c -no-steps,-ipc -p -c,INCORRECT,False,Buggy,RESULT,FAIL,remainder witness replays as a real mismatch,2.19,0.0612279,4.4,98,760,60,,W=8;family=B;build=MAIN;arch=tree
portfolio_w32,pf__MAIN__B_mac_s_w8__tree__cfg3,MAIN,B_mac_s_w8,tree,8,netlists/MAIN/B_mac_s_w8__tree.aig,-mac -s -igs -p -c -no-steps,-igs -p -c,INCORRECT,False,Buggy,RESULT,FAIL,remainder witness replays as a real mismatch,4.63,3.61254,36.4,98,760,60,,W=8;family=B;build=MAIN;arch=tree
portfolio_w32,pf__MAIN__B_mac_s_w8__tree__cfg4,MAIN,B_mac_s_w8,tree,8,netlists/MAIN/B_mac_s_w8__tree.aig,-mac -s -ips -p -c -no-steps,-ips -p -c,INCORRECT,False,Buggy,RESULT,FAIL,remainder witness replays as a real mismatch,1.24,0.0436119,4.1,98,760,60,,W=8;family=B;build=MAIN;arch=tree
portfolio_w32,pf__MAIN__B_mac_s_w8__tree__cfg5,MAIN,B_mac_s_w8,tree,8,netlists/MAIN/B_mac_s_w8__tree.aig,-mac -s -igsm -p -c -no-steps,-igsm -p -c,INCORRECT,False,Buggy,RESULT,FAIL,remainder witness replays as a real mismatch,1.26,0.0401218,4.9,98,760,60,,W=8;family=B;build=MAIN;arch=tree
portfolio_w32,pf__MAIN__B_mac_s_w8__tree_fa__cfg0,MAIN,B_mac_s_w8,tree_fa,8,netlists/MAIN/B_mac_s_w8__tree_fa.aig,-mac -s -dyn -p -c -no-steps,-dyn -p -c,INCORRECT,False,Buggy,RESULT,FAIL,remainder witness replays as a real mismatch,1.99,0.8503,5.7,879,783,60,,W=8;family=B;build=MAIN;arch=tree_fa
portfolio_w32,pf__MAIN__B_mac_s_w8__tree_fa__cfg1,MAIN,B_mac_s_w8,tree_fa,8,netlists/MAIN/B_mac_s_w8__tree_fa.aig,-mac -s -idx -p -c -no-steps,-idx -p -c,INCORRECT,False,Buggy,RESULT,FAIL,remainder witness replays as a real mismatch,1.09,0.0943018,4.9,98,783,60,,W=8;family=B;build=MAIN;arch=tree_fa
portfolio_w32,pf__MAIN__B_mac_s_w8__tree_fa__cfg2,MAIN,B_mac_s_w8,tree_fa,8,netlists/MAIN/B_mac_s_w8__tree_fa.aig,-mac -s -ipc -p -c -no-steps,-ipc -p -c,INCORRECT,False,Buggy,RESULT,FAIL,remainder witness replays as a real mismatch,1.23,0.0990623,4.9,98,783,60,,W=8;family=B;build=MAIN;arch=tree_fa
portfolio_w32,pf__MAIN__B_mac_s_w8__tree_nofma__cfg2,MAIN,B_mac_s_w8,tree_nofma,8,netlists/MAIN/B_mac_s_w8__tree_nofma.aig,-mac -s -ipc -p -c -no-steps,-ipc -p -c,CORRECT,False,,TIMEOUT,TIMEOUT,"time budget 60 s exhausted (inner SIGKILL, monotonic clock)",61.05,,197.0,,,60,,W=8;family=B;build=MAIN;arch=tree_nofma
portfolio_w32,pf__MAIN__B_mac_s_w8__norm__cfg2,MAIN,B_mac_s_w8,norm,8,netlists/MAIN/B_mac_s_w8__norm.aig,-mac -s -ipc -p -c -no-steps,-ipc -p -c,CORRECT,False,,TIMEOUT,TIMEOUT,"time budget 60 s exhausted (inner SIGKILL, monotonic clock)",61.12,,197.0,,,60,,W=8;family=B;build=MAIN;arch=norm
portfolio_w32,pf__MAIN__B_mac_u_w8__tree_ripple__cfg0,MAIN,B_mac_u_w8,tree_ripple,8,netlists/MAIN/B_mac_u_w8__tree_ripple.aig,-mac -dyn -p -c -no-steps,-dyn -p -c,CORRECT,False,,TIMEOUT,TIMEOUT,"time budget 60 s exhausted (inner SIGKILL, monotonic clock)",61.26,,38.0,,,60,,W=8;family=B;build=MAIN;arch=tree_ripple
portfolio_w32,pf__MAIN__B_mac_u_w8__tree_ripple__cfg1,MAIN,B_mac_u_w8,tree_ripple,8,netlists/MAIN/B_mac_u_w8__tree_ripple.aig,-mac -idx -p -c -no-steps,-idx -p -c,CORRECT,False,Correct,RESULT,PASS,oracle 4096 corner + 16384 random,1.21,0.0493742,4.9,98,694,60,,W=8;family=B;build=MAIN;arch=tree_ripple
portfolio_w32,pf__MAIN__B_mac_s_w8__tree_pre__cfg0,MAIN,B_mac_s_w8,tree_pre,8,netlists/MAIN/B_mac_s_w8__tree_pre.aig,-mac -s -dyn -p -c -no-steps,-dyn -p -c,INCORRECT,False,Buggy,RESULT,FAIL,remainder witness replays as a real mismatch,1.26,0.0837885,4.8,138,788,60,,W=8;family=B;build=MAIN;arch=tree_pre
portfolio_w32,pf__PATCH__B_mac_s_w8__tree_pre__cfg1,PATCH,B_mac_s_w8,tree_pre,8,netlists/PATCH/B_mac_s_w8__tree_pre.aig,-mac -s -idx -p -c -no-steps,-idx -p -c,CORRECT,False,,TIMEOUT,TIMEOUT,"time budget 60 s exhausted (inner SIGKILL, monotonic clock)",61.10,,241.1,,,60,,W=8;family=B;build=PATCH;arch=tree_pre
portfolio_w32,pf__MAIN__B_mac_s_w8__tree_fa__cfg3,MAIN,B_mac_s_w8,tree_fa,8,netlists/MAIN/B_mac_s_w8__tree_fa.aig,-mac -s -igs -p -c -no-steps,-igs -p -c,INCORRECT,False,,TIMEOUT,TIMEOUT,"time budget 60 s exhausted (inner SIGKILL, monotonic clock)",61.35,,107.3,,,60,,W=8;family=B;build=MAIN;arch=tree_fa
portfolio_w32,pf__MAIN__B_mac_s_w8__tree_fa__cfg4,MAIN,B_mac_s_w8,tree_fa,8,netlists/MAIN/B_mac_s_w8__tree_fa.aig,-mac -s -ips -p -c -no-steps,-ips -p -c,INCORRECT,False,Buggy,RESULT,FAIL,remainder witness replays as a real mismatch,1.16,0.101801,4.4,98,783,60,,W=8;family=B;build=MAIN;arch=tree_fa
portfolio_w32,pf__MAIN__B_mac_s_w8__tree_fa__cfg5,MAIN,B_mac_s_w8,tree_fa,8,netlists/MAIN/B_mac_s_w8__tree_fa.aig,-mac -s -igsm -p -c -no-steps,-igsm -p -c,INCORRECT,False,Buggy,RESULT,FAIL,remainder witness replays as a real mismatch,1.19,0.109132,4.9,98,783,60,,W=8;family=B;build=MAIN;arch=tree_fa
portfolio_w32,pf__MAIN__B_mac_s_w8__tree_ripple__cfg0,MAIN,B_mac_s_w8,tree_ripple,8,netlists/MAIN/B_mac_s_w8__tree_ripple.aig,-mac -s -dyn -p -c -no-steps,-dyn -p -c,INCORRECT,False,Buggy,RESULT,FAIL,remainder witness replays as a real mismatch,2.35,1.28405,5.7,810,760,60,,W=8;family=B;build=MAIN;arch=tree_ripple
portfolio_w32,pf__MAIN__B_mac_s_w8__tree_ripple__cfg1,MAIN,B_mac_s_w8,tree_ripple,8,netlists/MAIN/B_mac_s_w8__tree_ripple.aig,-mac -s -idx -p -c -no-steps,-idx -p -c,INCORRECT,False,Buggy,RESULT,FAIL,remainder witness replays as a real mismatch,1.15,0.0560777,4.4,98,760,60,,W=8;family=B;build=MAIN;arch=tree_ripple
portfolio_w32,pf__MAIN__B_mac_s_w8__tree_ripple__cfg2,MAIN,B_mac_s_w8,tree_ripple,8,netlists/MAIN/B_mac_s_w8__tree_ripple.aig,-mac -s -ipc -p -c -no-steps,-ipc -p -c,INCORRECT,False,Buggy,RESULT,FAIL,remainder witness replays as a real mismatch,1.26,0.0623966,4.6,98,760,60,,W=8;family=B;build=MAIN;arch=tree_ripple
portfolio_w32,pf__MAIN__B_mac_s_w8__tree_nofma__cfg3,MAIN,B_mac_s_w8,tree_nofma,8,netlists/MAIN/B_mac_s_w8__tree_nofma.aig,-mac -s -igs -p -c -no-steps,-igs -p -c,CORRECT,False,,TIMEOUT,TIMEOUT,"time budget 60 s exhausted (inner SIGKILL, monotonic clock)",61.16,,233.1,,,60,,W=8;family=B;build=MAIN;arch=tree_nofma
portfolio_w32,pf__MAIN__B_mac_s_w8__norm__cfg3,MAIN,B_mac_s_w8,norm,8,netlists/MAIN/B_mac_s_w8__norm.aig,-mac -s -igs -p -c -no-steps,-igs -p -c,CORRECT,False,,TIMEOUT,TIMEOUT,"time budget 60 s exhausted (inner SIGKILL, monotonic clock)",61.22,,233.2,,,60,,W=8;family=B;build=MAIN;arch=norm
portfolio_w32,pf__MAIN__B_mac_s_w8__tree_ripple__cfg3,MAIN,B_mac_s_w8,tree_ripple,8,netlists/MAIN/B_mac_s_w8__tree_ripple.aig,-mac -s -igs -p -c -no-steps,-igs -p -c,INCORRECT,False,Buggy,RESULT,FAIL,remainder witness replays as a real mismatch,5.10,3.76639,36.4,98,760,60,,W=8;family=B;build=MAIN;arch=tree_ripple
portfolio_w32,pf__MAIN__B_mac_s_w8__tree_ripple__cfg4,MAIN,B_mac_s_w8,tree_ripple,8,netlists/MAIN/B_mac_s_w8__tree_ripple.aig,-mac -s -ips -p -c -no-steps,-ips -p -c,INCORRECT,False,Buggy,RESULT,FAIL,remainder witness replays as a real mismatch,1.11,0.0529181,4.9,98,760,60,,W=8;family=B;build=MAIN;arch=tree_ripple
portfolio_w32,pf__MAIN__B_mac_s_w8__tree_ripple__cfg5,MAIN,B_mac_s_w8,tree_ripple,8,netlists/MAIN/B_mac_s_w8__tree_ripple.aig,-mac -s -igsm -p -c -no-steps,-igsm -p -c,INCORRECT,False,Buggy,RESULT,FAIL,remainder witness replays as a real mismatch,1.19,0.0411021,5.1,98,760,60,,W=8;family=B;build=MAIN;arch=tree_ripple
portfolio_w32,pf__MAIN__B_mac_s_w8__tree_pre__cfg1,MAIN,B_mac_s_w8,tree_pre,8,netlists/MAIN/B_mac_s_w8__tree_pre.aig,-mac -s -idx -p -c -no-steps,-idx -p -c,INCORRECT,False,,TIMEOUT,TIMEOUT,"time budget 60 s exhausted (inner SIGKILL, monotonic clock)",61.25,,240.7,,,60,,W=8;family=B;build=MAIN;arch=tree_pre
portfolio_w32,pf__PATCH__B_mac_s_w8__tree_pre__cfg2,PATCH,B_mac_s_w8,tree_pre,8,netlists/PATCH/B_mac_s_w8__tree_pre.aig,-mac -s -ipc -p -c -no-steps,-ipc -p -c,CORRECT,False,,TIMEOUT,TIMEOUT,"time budget 60 s exhausted (inner SIGKILL, monotonic clock)",61.07,,250.1,,,60,,W=8;family=B;build=PATCH;arch=tree_pre
portfolio_w32,pf__PATCH__B_mac_s_w8__tree_pre__cfg3,PATCH,B_mac_s_w8,tree_pre,8,netlists/PATCH/B_mac_s_w8__tree_pre.aig,-mac -s -igs -p -c -no-steps,-igs -p -c,CORRECT,False,Buggy,RESULT,FALSE_FAIL,oracle 4096 corner + 16384 random; remainder replay: REMAINDER_INVALID,1.28,0.0999666,4.4,97,794,60,,W=8;family=B;build=PATCH;arch=tree_pre
portfolio_w32,pf__MAIN__B_mac_s_w8__tree_nofma__cfg4,MAIN,B_mac_s_w8,tree_nofma,8,netlists/MAIN/B_mac_s_w8__tree_nofma.aig,-mac -s -ips -p -c -no-steps,-ips -p -c,CORRECT,False,,TIMEOUT,TIMEOUT,"time budget 60 s exhausted (inner SIGKILL, monotonic clock)",61.17,,123.8,,,60,,W=8;family=B;build=MAIN;arch=tree_nofma
portfolio_w32,pf__MAIN__B_mac_s_w8__norm__cfg4,MAIN,B_mac_s_w8,norm,8,netlists/MAIN/B_mac_s_w8__norm.aig,-mac -s -ips -p -c -no-steps,-ips -p -c,CORRECT,False,,TIMEOUT,TIMEOUT,"time budget 60 s exhausted (inner SIGKILL, monotonic clock)",61.22,,129.2,,,60,,W=8;family=B;build=MAIN;arch=norm
portfolio_w32,pf__MAIN__MUT_accum_mac_u_w8__norm__cfg0,MAIN,MUT_accum_mac_u_w8,norm,8,netlists/MAIN/MUT_accum_mac_u_w8__norm.aig,-mac -dyn -p -c -no-steps,-dyn -p -c,INCORRECT,False,,TIMEOUT,TIMEOUT,"time budget 60 s exhausted (inner SIGKILL, monotonic clock)",61.11,,49.7,,,60,,W=8;family=MUT;build=MAIN;arch=norm
portfolio_w32,pf__MAIN__B_mac_s_w8__tree_pre__cfg2,MAIN,B_mac_s_w8,tree_pre,8,netlists/MAIN/B_mac_s_w8__tree_pre.aig,-mac -s -ipc -p -c -no-steps,-ipc -p -c,INCORRECT,False,,TIMEOUT,TIMEOUT,"time budget 60 s exhausted (inner SIGKILL, monotonic clock)",61.32,,223.6,,,60,,W=8;family=B;build=MAIN;arch=tree_pre
portfolio_w32,pf__MAIN__B_mac_s_w8__tree_pre__cfg3,MAIN,B_mac_s_w8,tree_pre,8,netlists/MAIN/B_mac_s_w8__tree_pre.aig,-mac -s -igs -p -c -no-steps,-igs -p -c,INCORRECT,False,Buggy,RESULT,FAIL,remainder witness replays as a real mismatch,1.27,0.0606945,4.1,97,788,60,,W=8;family=B;build=MAIN;arch=tree_pre
portfolio_w32,pf__PATCH__B_mac_s_w8__tree_pre__cfg4,PATCH,B_mac_s_w8,tree_pre,8,netlists/PATCH/B_mac_s_w8__tree_pre.aig,-mac -s -ips -p -c -no-steps,-ips -p -c,CORRECT,False,,TIMEOUT,TIMEOUT,"time budget 60 s exhausted (inner SIGKILL, monotonic clock)",61.08,,134.4,,,60,,W=8;family=B;build=PATCH;arch=tree_pre
portfolio_w32,pf__MAIN__B_mac_s_w8__tree_nofma__cfg5,MAIN,B_mac_s_w8,tree_nofma,8,netlists/MAIN/B_mac_s_w8__tree_nofma.aig,-mac -s -igsm -p -c -no-steps,-igsm -p -c,CORRECT,False,,TIMEOUT,TIMEOUT,"time budget 60 s exhausted (inner SIGKILL, monotonic clock)",61.17,,185.1,,,60,,W=8;family=B;build=MAIN;arch=tree_nofma
portfolio_w32,pf__MAIN__B_mac_s_w8__norm__cfg5,MAIN,B_mac_s_w8,norm,8,netlists/MAIN/B_mac_s_w8__norm.aig,-mac -s -igsm -p -c -no-steps,-igsm -p -c,CORRECT,False,,TIMEOUT,TIMEOUT,"time budget 60 s exhausted (inner SIGKILL, monotonic clock)",61.24,,188.8,,,60,,W=8;family=B;build=MAIN;arch=norm
portfolio_w32,pf__MAIN__MUT_accum_mac_u_w8__norm__cfg1,MAIN,MUT_accum_mac_u_w8,norm,8,netlists/MAIN/MUT_accum_mac_u_w8__norm.aig,-mac -idx -p -c -no-steps,-idx -p -c,INCORRECT,False,,TIMEOUT,TIMEOUT,"time budget 60 s exhausted (inner SIGKILL, monotonic clock)",61.04,,154.4,,,60,,W=8;family=MUT;build=MAIN;arch=norm
portfolio_w32,pf__MAIN__B_mac_s_w8__tree_pre__cfg4,MAIN,B_mac_s_w8,tree_pre,8,netlists/MAIN/B_mac_s_w8__tree_pre.aig,-mac -s -ips -p -c -no-steps,-ips -p -c,INCORRECT,False,,TIMEOUT,TIMEOUT,"time budget 60 s exhausted (inner SIGKILL, monotonic clock)",61.18,,134.7,,,60,,W=8;family=B;build=MAIN;arch=tree_pre
portfolio_w32,pf__PATCH__B_mac_s_w8__tree_pre__cfg5,PATCH,B_mac_s_w8,tree_pre,8,netlists/PATCH/B_mac_s_w8__tree_pre.aig,-mac -s -igsm -p -c -no-steps,-igsm -p -c,CORRECT,False,,TIMEOUT,TIMEOUT,"time budget 60 s exhausted (inner SIGKILL, monotonic clock)",61.08,,232.7,,,60,,W=8;family=B;build=PATCH;arch=tree_pre
portfolio_w32,pf__MAIN__MUT_accum_mac_u_w8__tree__cfg0,MAIN,MUT_accum_mac_u_w8,tree,8,netlists/MAIN/MUT_accum_mac_u_w8__tree.aig,-mac -dyn -p -c -no-steps,-dyn -p -c,INCORRECT,False,,TIMEOUT,TIMEOUT,"time budget 60 s exhausted (inner SIGKILL, monotonic clock)",60.95,,50.0,,,60,,W=8;family=MUT;build=MAIN;arch=tree
portfolio_w32,pf__MAIN__MUT_plus1_dot2_u_w8__norm__cfg0,MAIN,MUT_plus1_dot2_u_w8,norm,8,netlists/MAIN/MUT_plus1_dot2_u_w8__norm.aig,-dot=2 -dyn -p -c -no-steps,-dyn -p -c,INCORRECT,False,,TIMEOUT,TIMEOUT,"time budget 60 s exhausted (inner SIGKILL, monotonic clock)",60.90,,44.4,,,60,,W=8;family=MUT;build=MAIN;arch=norm
portfolio_w32,pf__MAIN__MUT_accum_mac_u_w8__norm__cfg2,MAIN,MUT_accum_mac_u_w8,norm,8,netlists/MAIN/MUT_accum_mac_u_w8__norm.aig,-mac -ipc -p -c -no-steps,-ipc -p -c,INCORRECT,False,,TIMEOUT,TIMEOUT,"time budget 60 s exhausted (inner SIGKILL, monotonic clock)",60.84,,136.3,,,60,,W=8;family=MUT;build=MAIN;arch=norm
portfolio_w32,pf__MAIN__B_mac_s_w8__tree_pre__cfg5,MAIN,B_mac_s_w8,tree_pre,8,netlists/MAIN/B_mac_s_w8__tree_pre.aig,-mac -s -igsm -p -c -no-steps,-igsm -p -c,INCORRECT,False,,TIMEOUT,TIMEOUT,"time budget 60 s exhausted (inner SIGKILL, monotonic clock)",61.02,,252.4,,,60,,W=8;family=B;build=MAIN;arch=tree_pre
portfolio_w32,pf__MAIN__MUT_plus1_dot2_u_w8__norm__cfg1,MAIN,MUT_plus1_dot2_u_w8,norm,8,netlists/MAIN/MUT_plus1_dot2_u_w8__norm.aig,-dot=2 -idx -p -c -no-steps,-idx -p -c,INCORRECT,False,Buggy,RESULT,FAIL,remainder witness replays as a real mismatch,11.18,9.93244,16.0,146,1308,60,,W=8;family=MUT;build=MAIN;arch=norm
portfolio_w32,pf__MAIN__MUT_plus1_dot2_u_w8__tree__cfg0,MAIN,MUT_plus1_dot2_u_w8,tree,8,netlists/MAIN/MUT_plus1_dot2_u_w8__tree.aig,-dot=2 -dyn -p -c -no-steps,-dyn -p -c,INCORRECT,False,,TIMEOUT,TIMEOUT,"time budget 60 s exhausted (inner SIGKILL, monotonic clock)",60.93,,22.8,,,60,,W=8;family=MUT;build=MAIN;arch=tree
portfolio_w32,pf__MAIN__MUT_plus1_dot2_u_w8__norm__cfg2,MAIN,MUT_plus1_dot2_u_w8,norm,8,netlists/MAIN/MUT_plus1_dot2_u_w8__norm.aig,-dot=2 -ipc -p -c -no-steps,-ipc -p -c,INCORRECT,False,Buggy,RESULT,FAIL,remainder witness replays as a real mismatch,8.15,6.66255,15.3,146,1308,60,,W=8;family=MUT;build=MAIN;arch=norm
portfolio_w32,pf__MAIN__MUT_plus1_dot2_u_w8__tree__cfg1,MAIN,MUT_plus1_dot2_u_w8,tree,8,netlists/MAIN/MUT_plus1_dot2_u_w8__tree.aig,-dot=2 -idx -p -c -no-steps,-idx -p -c,INCORRECT,False,Buggy,RESULT,FAIL,remainder witness replays as a real mismatch,2.45,1.16201,6.9,146,1301,60,,W=8;family=MUT;build=MAIN;arch=tree
portfolio_w32,pf__MAIN__MUT_plus1_dot2_u_w8__tree__cfg2,MAIN,MUT_plus1_dot2_u_w8,tree,8,netlists/MAIN/MUT_plus1_dot2_u_w8__tree.aig,-dot=2 -ipc -p -c -no-steps,-ipc -p -c,INCORRECT,False,Buggy,RESULT,FAIL,remainder witness replays as a real mismatch,1.65,0.551473,4.9,146,1301,60,,W=8;family=MUT;build=MAIN;arch=tree
portfolio_w32,pf__MAIN__MUT_accum_mac_u_w8__tree__cfg1,MAIN,MUT_accum_mac_u_w8,tree,8,netlists/MAIN/MUT_accum_mac_u_w8__tree.aig,-mac -idx -p -c -no-steps,-idx -p -c,INCORRECT,False,,TIMEOUT,TIMEOUT,"time budget 60 s exhausted (inner SIGKILL, monotonic clock)",61.33,,157.6,,,60,,W=8;family=MUT;build=MAIN;arch=tree
portfolio_w32,pf__MAIN__MUT_accum_mac_u_w8__norm__cfg3,MAIN,MUT_accum_mac_u_w8,norm,8,netlists/MAIN/MUT_accum_mac_u_w8__norm.aig,-mac -igs -p -c -no-steps,-igs -p -c,INCORRECT,False,,TIMEOUT,TIMEOUT,"time budget 60 s exhausted (inner SIGKILL, monotonic clock)",61.07,,140.6,,,60,,W=8;family=MUT;build=MAIN;arch=norm
portfolio_w32,pf__MAIN__MUT_signext_mac_s_w8__norm__cfg0,MAIN,MUT_signext_mac_s_w8,norm,8,netlists/MAIN/MUT_signext_mac_s_w8__norm.aig,-mac -s -dyn -p -c -no-steps,-dyn -p -c,INCORRECT,False,,TIMEOUT,TIMEOUT,"time budget 60 s exhausted (inner SIGKILL, monotonic clock)",61.01,,52.6,,,60,,W=8;family=MUT;build=MAIN;arch=norm
portfolio_w32,pf__MAIN__MUT_plus1_dot2_u_w8__norm__cfg3,MAIN,MUT_plus1_dot2_u_w8,norm,8,netlists/MAIN/MUT_plus1_dot2_u_w8__norm.aig,-dot=2 -igs -p -c -no-steps,-igs -p -c,INCORRECT,False,,TIMEOUT,TIMEOUT,"time budget 60 s exhausted (inner SIGKILL, monotonic clock)",61.26,,170.9,,,60,,W=8;family=MUT;build=MAIN;arch=norm
portfolio_w32,pf__MAIN__MUT_plus1_dot2_u_w8__tree__cfg3,MAIN,MUT_plus1_dot2_u_w8,tree,8,netlists/MAIN/MUT_plus1_dot2_u_w8__tree.aig,-dot=2 -igs -p -c -no-steps,-igs -p -c,INCORRECT,False,,TIMEOUT,TIMEOUT,"time budget 60 s exhausted (inner SIGKILL, monotonic clock)",61.23,,191.6,,,60,,W=8;family=MUT;build=MAIN;arch=tree
portfolio_w32,pf__MAIN__MUT_plus1_dot2_u_w8__tree__cfg4,MAIN,MUT_plus1_dot2_u_w8,tree,8,netlists/MAIN/MUT_plus1_dot2_u_w8__tree.aig,-dot=2 -ips -p -c -no-steps,-ips -p -c,INCORRECT,False,Buggy,RESULT,FAIL,remainder witness replays as a real mismatch,2.43,0.718408,5.8,146,1301,60,,W=8;family=MUT;build=MAIN;arch=tree
portfolio_w32,pf__MAIN__MUT_plus1_dot2_u_w8__tree__cfg5,MAIN,MUT_plus1_dot2_u_w8,tree,8,netlists/MAIN/MUT_plus1_dot2_u_w8__tree.aig,-dot=2 -igsm -p -c -no-steps,-igsm -p -c,INCORRECT,False,Buggy,RESULT,FAIL,netlist incorrect (oracle 4096 corner + 16384 random); remainder replay: NO_WITNESS_FOUND,1.88,0.450788,6.8,146,1301,60,,W=8;family=MUT;build=MAIN;arch=tree
portfolio_w32,pf__MAIN__MUT_plus1_dot2_u_w8__norm__cfg4,MAIN,MUT_plus1_dot2_u_w8,norm,8,netlists/MAIN/MUT_plus1_dot2_u_w8__norm.aig,-dot=2 -ips -p -c -no-steps,-ips -p -c,INCORRECT,False,Buggy,RESULT,FAIL,remainder witness replays as a real mismatch,12.78,11.3816,14.2,146,1308,60,,W=8;family=MUT;build=MAIN;arch=norm
portfolio_w32,pf__MAIN__MUT_plus1_dot2_u_w8__norm__cfg5,MAIN,MUT_plus1_dot2_u_w8,norm,8,netlists/MAIN/MUT_plus1_dot2_u_w8__norm.aig,-dot=2 -igsm -p -c -no-steps,-igsm -p -c,INCORRECT,False,Buggy,RESULT,FAIL,remainder witness replays as a real mismatch,15.25,13.7572,17.2,146,1308,60,,W=8;family=MUT;build=MAIN;arch=norm
portfolio_w32,pf__MAIN__MUT_accum_mac_u_w8__tree__cfg2,MAIN,MUT_accum_mac_u_w8,tree,8,netlists/MAIN/MUT_accum_mac_u_w8__tree.aig,-mac -ipc -p -c -no-steps,-ipc -p -c,INCORRECT,False,,TIMEOUT,TIMEOUT,"time budget 60 s exhausted (inner SIGKILL, monotonic clock)",61.42,,109.4,,,60,,W=8;family=MUT;build=MAIN;arch=tree
portfolio_w32,pf__MAIN__MUT_accum_mac_u_w8__norm__cfg4,MAIN,MUT_accum_mac_u_w8,norm,8,netlists/MAIN/MUT_accum_mac_u_w8__norm.aig,-mac -ips -p -c -no-steps,-ips -p -c,INCORRECT,False,,TIMEOUT,TIMEOUT,"time budget 60 s exhausted (inner SIGKILL, monotonic clock)",61.59,,113.2,,,60,,W=8;family=MUT;build=MAIN;arch=norm
portfolio_w32,pf__MAIN__MUT_signext_mac_s_w8__norm__cfg1,MAIN,MUT_signext_mac_s_w8,norm,8,netlists/MAIN/MUT_signext_mac_s_w8__norm.aig,-mac -s -idx -p -c -no-steps,-idx -p -c,INCORRECT,False,,TIMEOUT,TIMEOUT,"time budget 60 s exhausted (inner SIGKILL, monotonic clock)",61.68,,48.1,,,60,,W=8;family=MUT;build=MAIN;arch=norm
portfolio_w32,pf__MAIN__MUT_signext_mac_s_w8__tree__cfg0,MAIN,MUT_signext_mac_s_w8,tree,8,netlists/MAIN/MUT_signext_mac_s_w8__tree.aig,-mac -s -dyn -p -c -no-steps,-dyn -p -c,INCORRECT,False,,TIMEOUT,TIMEOUT,"time budget 60 s exhausted (inner SIGKILL, monotonic clock)",62.12,,44.8,,,60,,W=8;family=MUT;build=MAIN;arch=tree
portfolio_w32,pf__MAIN__MUT_trunc_mul_u_w8__booth__cfg0,MAIN,MUT_trunc_mul_u_w8,booth,8,netlists/MAIN/MUT_trunc_mul_u_w8__booth.aig,-mul -dyn -p -c -no-steps,-dyn -p -c,INCORRECT,True,,TIMEOUT,TIMEOUT,"time budget 60 s exhausted (inner SIGKILL, monotonic clock)",61.53,,51.5,,,60,,W=8;family=MUT;build=MAIN;arch=booth
portfolio_w32,pf__MAIN__MUT_accum_mac_u_w8__tree__cfg3,MAIN,MUT_accum_mac_u_w8,tree,8,netlists/MAIN/MUT_accum_mac_u_w8__tree.aig,-mac -igs -p -c -no-steps,-igs -p -c,INCORRECT,False,,TIMEOUT,TIMEOUT,"time budget 60 s exhausted (inner SIGKILL, monotonic clock)",61.72,,130.6,,,60,,W=8;family=MUT;build=MAIN;arch=tree
portfolio_w32,pf__MAIN__MUT_accum_mac_u_w8__norm__cfg5,MAIN,MUT_accum_mac_u_w8,norm,8,netlists/MAIN/MUT_accum_mac_u_w8__norm.aig,-mac -igsm -p -c -no-steps,-igsm -p -c,INCORRECT,False,,TIMEOUT,TIMEOUT,"time budget 60 s exhausted (inner SIGKILL, monotonic clock)",61.63,,143.3,,,60,,W=8;family=MUT;build=MAIN;arch=norm
portfolio_w32,pf__MAIN__MUT_signext_mac_s_w8__norm__cfg2,MAIN,MUT_signext_mac_s_w8,norm,8,netlists/MAIN/MUT_signext_mac_s_w8__norm.aig,-mac -s -ipc -p -c -no-steps,-ipc -p -c,INCORRECT,False,,TIMEOUT,TIMEOUT,"time budget 60 s exhausted (inner SIGKILL, monotonic clock)",61.56,,65.3,,,60,,W=8;family=MUT;build=MAIN;arch=norm
portfolio_w32,pf__MAIN__MUT_signext_mac_s_w8__tree__cfg1,MAIN,MUT_signext_mac_s_w8,tree,8,netlists/MAIN/MUT_signext_mac_s_w8__tree.aig,-mac -s -idx -p -c -no-steps,-idx -p -c,INCORRECT,False,,TIMEOUT,TIMEOUT,"time budget 60 s exhausted (inner SIGKILL, monotonic clock)",62.20,,48.1,,,60,,W=8;family=MUT;build=MAIN;arch=tree
portfolio_w32,pf__MAIN__MUT_trunc_mul_u_w8__booth__cfg1,MAIN,MUT_trunc_mul_u_w8,booth,8,netlists/MAIN/MUT_trunc_mul_u_w8__booth.aig,-mul -idx -p -c -no-steps,-idx -p -c,INCORRECT,True,,TIMEOUT,TIMEOUT,"time budget 60 s exhausted (inner SIGKILL, monotonic clock)",61.47,,131.0,,,60,,W=8;family=MUT;build=MAIN;arch=booth
portfolio_w32,pf__MAIN__MUT_accum_mac_u_w8__tree__cfg4,MAIN,MUT_accum_mac_u_w8,tree,8,netlists/MAIN/MUT_accum_mac_u_w8__tree.aig,-mac -ips -p -c -no-steps,-ips -p -c,INCORRECT,False,,TIMEOUT,TIMEOUT,"time budget 60 s exhausted (inner SIGKILL, monotonic clock)",61.51,,109.3,,,60,,W=8;family=MUT;build=MAIN;arch=tree
portfolio_w32,pf__MAIN__MUT_trunc_mul_u_w8__norm__cfg0,MAIN,MUT_trunc_mul_u_w8,norm,8,netlists/MAIN/MUT_trunc_mul_u_w8__norm.aig,-mul -dyn -p -c -no-steps,-dyn -p -c,INCORRECT,True,,TIMEOUT,TIMEOUT,"time budget 60 s exhausted (inner SIGKILL, monotonic clock)",61.73,,71.4,,,60,,W=8;family=MUT;build=MAIN;arch=norm
portfolio_w32,pf__MAIN__MUT_signext_mac_s_w8__norm__cfg3,MAIN,MUT_signext_mac_s_w8,norm,8,netlists/MAIN/MUT_signext_mac_s_w8__norm.aig,-mac -s -igs -p -c -no-steps,-igs -p -c,INCORRECT,False,,TIMEOUT,TIMEOUT,"time budget 60 s exhausted (inner SIGKILL, monotonic clock)",61.52,,94.0,,,60,,W=8;family=MUT;build=MAIN;arch=norm
portfolio_w32,pf__MAIN__MUT_signext_mac_s_w8__tree__cfg2,MAIN,MUT_signext_mac_s_w8,tree,8,netlists/MAIN/MUT_signext_mac_s_w8__tree.aig,-mac -s -ipc -p -c -no-steps,-ipc -p -c,INCORRECT,False,,TIMEOUT,TIMEOUT,"time budget 60 s exhausted (inner SIGKILL, monotonic clock)",61.55,,65.6,,,60,,W=8;family=MUT;build=MAIN;arch=tree
portfolio_w32,pf__MAIN__MUT_trunc_mul_u_w8__booth__cfg2,MAIN,MUT_trunc_mul_u_w8,booth,8,netlists/MAIN/MUT_trunc_mul_u_w8__booth.aig,-mul -ipc -p -c -no-steps,-ipc -p -c,INCORRECT,True,,TIMEOUT,TIMEOUT,"time budget 60 s exhausted (inner SIGKILL, monotonic clock)",61.90,,103.5,,,60,,W=8;family=MUT;build=MAIN;arch=booth
portfolio_w32,pf__MAIN__MUT_accum_mac_u_w8__tree__cfg5,MAIN,MUT_accum_mac_u_w8,tree,8,netlists/MAIN/MUT_accum_mac_u_w8__tree.aig,-mac -igsm -p -c -no-steps,-igsm -p -c,INCORRECT,False,,TIMEOUT,TIMEOUT,"time budget 60 s exhausted (inner SIGKILL, monotonic clock)",61.49,,147.4,,,60,,W=8;family=MUT;build=MAIN;arch=tree
portfolio_w32,pf__MAIN__A_mul_s_w12__booth__cfg0,MAIN,A_mul_s_w12,booth,12,netlists/MAIN/A_mul_s_w12__booth.aig,-mul -s -dyn -p -c -no-steps,-dyn -p -c,CORRECT,False,Correct,RESULT,PASS,oracle 4096 corner + 16384 random,2.20,0.507766,6.0,386,1194,90,,W=12;family=A;build=MAIN;arch=booth
portfolio_w32,pf__MAIN__MUT_trunc_mul_u_w8__norm__cfg1,MAIN,MUT_trunc_mul_u_w8,norm,8,netlists/MAIN/MUT_trunc_mul_u_w8__norm.aig,-mul -idx -p -c -no-steps,-idx -p -c,INCORRECT,True,,TIMEOUT,TIMEOUT,"time budget 60 s exhausted (inner SIGKILL, monotonic clock)",61.68,,140.3,,,60,,W=8;family=MUT;build=MAIN;arch=norm
portfolio_w32,pf__MAIN__A_mul_s_w12__norm__cfg0,MAIN,A_mul_s_w12,norm,12,netlists/MAIN/A_mul_s_w12__norm.aig,-mul -s -dyn -p -c -no-steps,-dyn -p -c,CORRECT,False,Correct,RESULT,PASS,oracle 4096 corner + 16384 random,2.08,0.447051,7.5,256,1670,90,,W=12;family=A;build=MAIN;arch=norm
portfolio_w32,pf__MAIN__MUT_signext_mac_s_w8__norm__cfg4,MAIN,MUT_signext_mac_s_w8,norm,8,netlists/MAIN/MUT_signext_mac_s_w8__norm.aig,-mac -s -ips -p -c -no-steps,-ips -p -c,INCORRECT,False,,TIMEOUT,TIMEOUT,"time budget 60 s exhausted (inner SIGKILL, monotonic clock)",61.57,,71.6,,,60,,W=8;family=MUT;build=MAIN;arch=norm
portfolio_w32,pf__MAIN__MUT_signext_mac_s_w8__tree__cfg3,MAIN,MUT_signext_mac_s_w8,tree,8,netlists/MAIN/MUT_signext_mac_s_w8__tree.aig,-mac -s -igs -p -c -no-steps,-igs -p -c,INCORRECT,False,,TIMEOUT,TIMEOUT,"time budget 60 s exhausted (inner SIGKILL, monotonic clock)",61.50,,94.4,,,60,,W=8;family=MUT;build=MAIN;arch=tree
portfolio_w32,pf__MAIN__MUT_trunc_mul_u_w8__booth__cfg3,MAIN,MUT_trunc_mul_u_w8,booth,8,netlists/MAIN/MUT_trunc_mul_u_w8__booth.aig,-mul -igs -p -c -no-steps,-igs -p -c,INCORRECT,True,,TIMEOUT,TIMEOUT,"time budget 60 s exhausted (inner SIGKILL, monotonic clock)",61.79,,107.3,,,60,,W=8;family=MUT;build=MAIN;arch=booth
portfolio_w32,pf__MAIN__MUT_trunc_mul_u_w8__norm__cfg2,MAIN,MUT_trunc_mul_u_w8,norm,8,netlists/MAIN/MUT_trunc_mul_u_w8__norm.aig,-mul -ipc -p -c -no-steps,-ipc -p -c,INCORRECT,True,,TIMEOUT,TIMEOUT,"time budget 60 s exhausted (inner SIGKILL, monotonic clock)",61.58,,95.5,,,60,,W=8;family=MUT;build=MAIN;arch=norm
portfolio_w32,pf__MAIN__MUT_signext_mac_s_w8__norm__cfg5,MAIN,MUT_signext_mac_s_w8,norm,8,netlists/MAIN/MUT_signext_mac_s_w8__norm.aig,-mac -s -igsm -p -c -no-steps,-igsm -p -c,INCORRECT,False,,TIMEOUT,TIMEOUT,"time budget 60 s exhausted (inner SIGKILL, monotonic clock)",61.84,,63.8,,,60,,W=8;family=MUT;build=MAIN;arch=norm
portfolio_w32,pf__MAIN__MUT_signext_mac_s_w8__tree__cfg4,MAIN,MUT_signext_mac_s_w8,tree,8,netlists/MAIN/MUT_signext_mac_s_w8__tree.aig,-mac -s -ips -p -c -no-steps,-ips -p -c,INCORRECT,False,,TIMEOUT,TIMEOUT,"time budget 60 s exhausted (inner SIGKILL, monotonic clock)",61.68,,71.3,,,60,,W=8;family=MUT;build=MAIN;arch=tree
portfolio_w32,pf__MAIN__A_mul_u_w12__booth__cfg0,MAIN,A_mul_u_w12,booth,12,netlists/MAIN/A_mul_u_w12__booth.aig,-mul -dyn -p -c -no-steps,-dyn -p -c,CORRECT,False,,TIMEOUT,TIMEOUT,"time budget 90 s exhausted (inner SIGKILL, monotonic clock)",91.99,,48.2,,,90,,W=12;family=A;build=MAIN;arch=booth
portfolio_w32,pf__MAIN__MUT_trunc_mul_u_w8__booth__cfg4,MAIN,MUT_trunc_mul_u_w8,booth,8,netlists/MAIN/MUT_trunc_mul_u_w8__booth.aig,-mul -ips -p -c -no-steps,-ips -p -c,INCORRECT,True,,TIMEOUT,TIMEOUT,"time budget 60 s exhausted (inner SIGKILL, monotonic clock)",61.86,,89.6,,,60,,W=8;family=MUT;build=MAIN;arch=booth
portfolio_w32,pf__MAIN__MUT_trunc_mul_u_w8__norm__cfg3,MAIN,MUT_trunc_mul_u_w8,norm,8,netlists/MAIN/MUT_trunc_mul_u_w8__norm.aig,-mul -igs -p -c -no-steps,-igs -p -c,INCORRECT,True,,TIMEOUT,TIMEOUT,"time budget 60 s exhausted (inner SIGKILL, monotonic clock)",61.89,,117.6,,,60,,W=8;family=MUT;build=MAIN;arch=norm
portfolio_w32,pf__MAIN__MUT_signext_mac_s_w8__tree__cfg5,MAIN,MUT_signext_mac_s_w8,tree,8,netlists/MAIN/MUT_signext_mac_s_w8__tree.aig,-mac -s -igsm -p -c -no-steps,-igsm -p -c,INCORRECT,False,,TIMEOUT,TIMEOUT,"time budget 60 s exhausted (inner SIGKILL, monotonic clock)",61.89,,63.8,,,60,,W=8;family=MUT;build=MAIN;arch=tree
portfolio_w32,pf__MAIN__A_mul_u_w12__norm__cfg0,MAIN,A_mul_u_w12,norm,12,netlists/MAIN/A_mul_u_w12__norm.aig,-mul -dyn -p -c -no-steps,-dyn -p -c,CORRECT,False,,TIMEOUT,TIMEOUT,"time budget 90 s exhausted (inner SIGKILL, monotonic clock)",91.86,,52.2,,,90,,W=12;family=A;build=MAIN;arch=norm
portfolio_w32,pf__MAIN__A_mul_u_w12__norm__cfg1,MAIN,A_mul_u_w12,norm,12,netlists/MAIN/A_mul_u_w12__norm.aig,-mul -idx -p -c -no-steps,-idx -p -c,CORRECT,False,Correct,RESULT,PASS,oracle 4096 corner + 16384 random,2.45,0.571435,5.1,169,1351,90,,W=12;family=A;build=MAIN;arch=norm
portfolio_w32,pf__MAIN__MUT_trunc_mul_u_w8__booth__cfg5,MAIN,MUT_trunc_mul_u_w8,booth,8,netlists/MAIN/MUT_trunc_mul_u_w8__booth.aig,-mul -igsm -p -c -no-steps,-igsm -p -c,INCORRECT,True,,TIMEOUT,TIMEOUT,"time budget 60 s exhausted (inner SIGKILL, monotonic clock)",61.89,,97.4,,,60,,W=8;family=MUT;build=MAIN;arch=booth
portfolio_w32,pf__MAIN__B_mac_s_w12__norm__cfg0,MAIN,B_mac_s_w12,norm,12,netlists/MAIN/B_mac_s_w12__norm.aig,-mac -s -dyn -p -c -no-steps,-dyn -p -c,CORRECT,False,Correct,RESULT,PASS,oracle 4096 corner + 16384 random,2.21,0.392202,8.7,293,1949,90,,W=12;family=B;build=MAIN;arch=norm
portfolio_w32,pf__MAIN__A_mul_u_w12__booth__cfg1,MAIN,A_mul_u_w12,booth,12,netlists/MAIN/A_mul_u_w12__booth.aig,-mul -idx -p -c -no-steps,-idx -p -c,CORRECT,False,,TIMEOUT,TIMEOUT,"time budget 90 s exhausted (inner SIGKILL, monotonic clock)",91.96,,144.9,,,90,,W=12;family=A;build=MAIN;arch=booth
portfolio_w32,pf__MAIN__MUT_trunc_mul_u_w8__norm__cfg4,MAIN,MUT_trunc_mul_u_w8,norm,8,netlists/MAIN/MUT_trunc_mul_u_w8__norm.aig,-mul -ips -p -c -no-steps,-ips -p -c,INCORRECT,True,,TIMEOUT,TIMEOUT,"time budget 60 s exhausted (inner SIGKILL, monotonic clock)",61.63,,75.5,,,60,,W=8;family=MUT;build=MAIN;arch=norm
portfolio_w32,pf__MAIN__B_dot2_u_w12__norm__cfg0,MAIN,B_dot2_u_w12,norm,12,netlists/MAIN/B_dot2_u_w12__norm.aig,-dot=2 -dyn -p -c -no-steps,-dyn -p -c,CORRECT,False,,TIMEOUT,TIMEOUT,"time budget 90 s exhausted (inner SIGKILL, monotonic clock)",92.16,,66.3,,,90,,W=12;family=B;build=MAIN;arch=norm
portfolio_w32,pf__MAIN__MUT_trunc_mul_u_w8__norm__cfg5,MAIN,MUT_trunc_mul_u_w8,norm,8,netlists/MAIN/MUT_trunc_mul_u_w8__norm.aig,-mul -igsm -p -c -no-steps,-igsm -p -c,INCORRECT,True,,TIMEOUT,TIMEOUT,"time budget 60 s exhausted (inner SIGKILL, monotonic clock)",61.74,,84.2,,,60,,W=8;family=MUT;build=MAIN;arch=norm
portfolio_w32,pf__MAIN__B_dot2_u_w12__tree__cfg0,MAIN,B_dot2_u_w12,tree,12,netlists/MAIN/B_dot2_u_w12__tree.aig,-dot=2 -dyn -p -c -no-steps,-dyn -p -c,CORRECT,False,,TIMEOUT,TIMEOUT,"time budget 90 s exhausted (inner SIGKILL, monotonic clock)",91.47,,68.4,,,90,,W=12;family=B;build=MAIN;arch=tree
portfolio_w32,pf__MAIN__B_mac_u_w12__norm__cfg0,MAIN,B_mac_u_w12,norm,12,netlists/MAIN/B_mac_u_w12__norm.aig,-mac -dyn -p -c -no-steps,-dyn -p -c,CORRECT,False,,TIMEOUT,TIMEOUT,"time budget 90 s exhausted (inner SIGKILL, monotonic clock)",91.78,,57.8,,,90,,W=12;family=B;build=MAIN;arch=norm
portfolio_w32,pf__MAIN__B_mac_u_w12__norm__cfg1,MAIN,B_mac_u_w12,norm,12,netlists/MAIN/B_mac_u_w12__norm.aig,-mac -idx -p -c -no-steps,-idx -p -c,CORRECT,False,Correct,RESULT,PASS,oracle 4096 corner + 16384 random,2.30,1.32533,7.5,194,1565,90,,W=12;family=B;build=MAIN;arch=norm
portfolio_w32,pf__MAIN__A_mul_u_w12__booth__cfg2,MAIN,A_mul_u_w12,booth,12,netlists/MAIN/A_mul_u_w12__booth.aig,-mul -ipc -p -c -no-steps,-ipc -p -c,CORRECT,False,,TIMEOUT,TIMEOUT,"time budget 90 s exhausted (inner SIGKILL, monotonic clock)",91.41,,197.8,,,90,,W=12;family=A;build=MAIN;arch=booth
portfolio_w32,pf__MAIN__B_dot2_u_w12__norm__cfg1,MAIN,B_dot2_u_w12,norm,12,netlists/MAIN/B_dot2_u_w12__norm.aig,-dot=2 -idx -p -c -no-steps,-idx -p -c,CORRECT,False,,TIMEOUT,TIMEOUT,"time budget 90 s exhausted (inner SIGKILL, monotonic clock)",90.90,,170.3,,,90,,W=12;family=B;build=MAIN;arch=norm
portfolio_w32,pf__MAIN__B_mac_u_w12__tree__cfg0,MAIN,B_mac_u_w12,tree,12,netlists/MAIN/B_mac_u_w12__tree.aig,-mac -dyn -p -c -no-steps,-dyn -p -c,CORRECT,False,,TIMEOUT,TIMEOUT,"time budget 90 s exhausted (inner SIGKILL, monotonic clock)",91.04,,72.4,,,90,,W=12;family=B;build=MAIN;arch=tree
portfolio_w32,pf__MAIN__B_dot2_u_w12__tree__cfg1,MAIN,B_dot2_u_w12,tree,12,netlists/MAIN/B_dot2_u_w12__tree.aig,-dot=2 -idx -p -c -no-steps,-idx -p -c,CORRECT,False,,TIMEOUT,TIMEOUT,"time budget 90 s exhausted (inner SIGKILL, monotonic clock)",91.01,,156.8,,,90,,W=12;family=B;build=MAIN;arch=tree
portfolio_w32,pf__PATCH__B_mac_s_w12__tree__cfg0,PATCH,B_mac_s_w12,tree,12,netlists/PATCH/B_mac_s_w12__tree.aig,-mac -s -dyn -p -c -no-steps,-dyn -p -c,CORRECT,False,,TIMEOUT,TIMEOUT,"time budget 90 s exhausted (inner SIGKILL, monotonic clock)",90.94,,64.5,,,90,,W=12;family=B;build=PATCH;arch=tree
portfolio_w32,pf__MAIN__A_mul_u_w12__booth__cfg3,MAIN,A_mul_u_w12,booth,12,netlists/MAIN/A_mul_u_w12__booth.aig,-mul -igs -p -c -no-steps,-igs -p -c,CORRECT,False,,TIMEOUT,TIMEOUT,"time budget 90 s exhausted (inner SIGKILL, monotonic clock)",91.03,,292.8,,,90,,W=12;family=A;build=MAIN;arch=booth
portfolio_w32,pf__MAIN__B_dot2_u_w12__tree__cfg2,MAIN,B_dot2_u_w12,tree,12,netlists/MAIN/B_dot2_u_w12__tree.aig,-dot=2 -ipc -p -c -no-steps,-ipc -p -c,CORRECT,False,Correct,RESULT,PASS,oracle 4096 corner + 16384 random,33.76,32.2392,41.3,314,2918,90,,W=12;family=B;build=MAIN;arch=tree
portfolio_w32,pf__MAIN__B_mac_s_w12__tree__cfg0,MAIN,B_mac_s_w12,tree,12,netlists/MAIN/B_mac_s_w12__tree.aig,-mac -s -dyn -p -c -no-steps,-dyn -p -c,INCORRECT,False,Buggy,RESULT,FAIL,remainder witness replays as a real mismatch,2.99,1.18289,8.9,919,1632,90,,W=12;family=B;build=MAIN;arch=tree
portfolio_w32,pf__MAIN__B_dot2_u_w12__norm__cfg2,MAIN,B_dot2_u_w12,norm,12,netlists/MAIN/B_dot2_u_w12__norm.aig,-dot=2 -ipc -p -c -no-steps,-ipc -p -c,CORRECT,False,,TIMEOUT,TIMEOUT,"time budget 90 s exhausted (inner SIGKILL, monotonic clock)",91.13,,126.3,,,90,,W=12;family=B;build=MAIN;arch=norm
portfolio_w32,pf__MAIN__B_mac_u_w12__tree__cfg1,MAIN,B_mac_u_w12,tree,12,netlists/MAIN/B_mac_u_w12__tree.aig,-mac -idx -p -c -no-steps,-idx -p -c,CORRECT,False,,TIMEOUT,TIMEOUT,"time budget 90 s exhausted (inner SIGKILL, monotonic clock)",91.60,,205.9,,,90,,W=12;family=B;build=MAIN;arch=tree
portfolio_w32,pf__MAIN__B_mac_u_w12__tree__cfg2,MAIN,B_mac_u_w12,tree,12,netlists/MAIN/B_mac_u_w12__tree.aig,-mac -ipc -p -c -no-steps,-ipc -p -c,CORRECT,False,Correct,RESULT,PASS,oracle 4096 corner + 16384 random,1.50,0.158248,4.9,194,1561,90,,W=12;family=B;build=MAIN;arch=tree
portfolio_w32,pf__MAIN__A_mul_s_w16__booth__cfg0,MAIN,A_mul_s_w16,booth,16,netlists/MAIN/A_mul_s_w16__booth.aig,-mul -s -dyn -p -c -no-steps,-dyn -p -c,CORRECT,False,Correct,RESULT,PASS,oracle 4096 corner + 16384 random,2.48,0.984759,9.2,698,2087,120,,W=16;family=A;build=MAIN;arch=booth
portfolio_w32,pf__PATCH__B_mac_s_w12__tree__cfg1,PATCH,B_mac_s_w12,tree,12,netlists/PATCH/B_mac_s_w12__tree.aig,-mac -s -idx -p -c -no-steps,-idx -p -c,CORRECT,False,,TIMEOUT,TIMEOUT,"time budget 90 s exhausted (inner SIGKILL, monotonic clock)",91.80,,335.1,,,90,,W=12;family=B;build=PATCH;arch=tree
portfolio_w32,pf__PATCH__B_mac_s_w12__tree__cfg2,PATCH,B_mac_s_w12,tree,12,netlists/PATCH/B_mac_s_w12__tree.aig,-mac -s -ipc -p -c -no-steps,-ipc -p -c,CORRECT,False,Correct,RESULT,PASS,oracle 4096 corner + 16384 random,1.80,0.150681,4.9,194,1622,90,,W=12;family=B;build=PATCH;arch=tree
portfolio_w32,pf__MAIN__A_mul_s_w16__booth_pre__cfg0,MAIN,A_mul_s_w16,booth_pre,16,netlists/MAIN/A_mul_s_w16__booth_pre.aig,-mul -s -dyn -p -c -no-steps,-dyn -p -c,CORRECT,False,Correct,RESULT,PASS,oracle 4096 corner + 16384 random,2.57,0.976563,10.7,744,2270,120,,W=16;family=A;build=MAIN;arch=booth_pre
portfolio_w32,pf__MAIN__A_mul_s_w16__norm__cfg0,MAIN,A_mul_s_w16,norm,16,netlists/MAIN/A_mul_s_w16__norm.aig,-mul -s -dyn -p -c -no-steps,-dyn -p -c,CORRECT,False,Correct,RESULT,PASS,oracle 4096 corner + 16384 random,2.51,1.0608,12.2,471,3025,120,,W=16;family=A;build=MAIN;arch=norm
portfolio_w32,pf__MAIN__A_mul_u_w12__booth__cfg4,MAIN,A_mul_u_w12,booth,12,netlists/MAIN/A_mul_u_w12__booth.aig,-mul -ips -p -c -no-steps,-ips -p -c,CORRECT,False,,TIMEOUT,TIMEOUT,"time budget 90 s exhausted (inner SIGKILL, monotonic clock)",91.50,,146.4,,,90,,W=12;family=A;build=MAIN;arch=booth
portfolio_w32,pf__MAIN__A_mul_s_w16__norm_pre__cfg0,MAIN,A_mul_s_w16,norm_pre,16,netlists/MAIN/A_mul_s_w16__norm_pre.aig,-mul -s -dyn -p -c -no-steps,-dyn -p -c,CORRECT,False,Correct,RESULT,PASS,oracle 4096 corner + 16384 random,2.34,0.863916,14.2,429,3172,120,,W=16;family=A;build=MAIN;arch=norm_pre
portfolio_w32,pf__MAIN__A_mul_u_w16__booth__cfg0,MAIN,A_mul_u_w16,booth,16,netlists/MAIN/A_mul_u_w16__booth.aig,-mul -dyn -p -c -no-steps,-dyn -p -c,CORRECT,False,Correct,RESULT,PASS,oracle 4096 corner + 16384 random,2.79,1.14708,10.7,815,2289,120,,W=16;family=A;build=MAIN;arch=booth
portfolio_w32,pf__MAIN__A_mul_u_w16__booth_pre_folded__cfg0,CONTROL,A_mul_u_w16,booth_pre_folded,16,netlists/CONTROL/A_mul_u_w16__booth_pre_folded.aig,-mul -dyn -p -c -no-steps,-dyn -p -c,CORRECT,False,Correct,RESULT,PASS,oracle 4096 corner + 16384 random,2.39,0.955321,12.1,742,2410,120,,W=16;family=A;build=MAIN;arch=booth_pre_folded;derived=constant-folded copy of MAIN booth_pre
portfolio_w32,pf__MAIN__B_mac_s_w12__tree__cfg1,MAIN,B_mac_s_w12,tree,12,netlists/MAIN/B_mac_s_w12__tree.aig,-mac -s -idx -p -c -no-steps,-idx -p -c,INCORRECT,False,,TIMEOUT,TIMEOUT,"time budget 90 s exhausted (inner SIGKILL, monotonic clock)",91.84,,335.2,,,90,,W=12;family=B;build=MAIN;arch=tree
portfolio_w32,pf__MAIN__B_mac_s_w12__tree__cfg2,MAIN,B_mac_s_w12,tree,12,netlists/MAIN/B_mac_s_w12__tree.aig,-mac -s -ipc -p -c -no-steps,-ipc -p -c,INCORRECT,False,Buggy,RESULT,FAIL,remainder witness replays as a real mismatch,1.95,0.142222,5.4,194,1632,90,,W=12;family=B;build=MAIN;arch=tree
portfolio_w32,pf__MAIN__B_dot2_u_w12__norm__cfg3,MAIN,B_dot2_u_w12,norm,12,netlists/MAIN/B_dot2_u_w12__norm.aig,-dot=2 -igs -p -c -no-steps,-igs -p -c,CORRECT,False,,TIMEOUT,TIMEOUT,"time budget 90 s exhausted (inner SIGKILL, monotonic clock)",91.82,,148.5,,,90,,W=12;family=B;build=MAIN;arch=norm
portfolio_w32,pf__MAIN__B_mac_s_w12__tree__cfg3,MAIN,B_mac_s_w12,tree,12,netlists/MAIN/B_mac_s_w12__tree.aig,-mac -s -igs -p -c -no-steps,-igs -p -c,INCORRECT,False,Buggy,RESULT,FAIL,remainder witness replays as a real mismatch,62.64,61.2073,162.2,194,1632,90,,W=12;family=B;build=MAIN;arch=tree
portfolio_w32,pf__MAIN__B_mac_s_w12__tree__cfg4,MAIN,B_mac_s_w12,tree,12,netlists/MAIN/B_mac_s_w12__tree.aig,-mac -s -ips -p -c -no-steps,-ips -p -c,INCORRECT,False,Buggy,RESULT,FAIL,remainder witness replays as a real mismatch,1.25,0.133692,4.8,194,1632,90,,W=12;family=B;build=MAIN;arch=tree
portfolio_w32,pf__MAIN__B_mac_s_w12__tree__cfg5,MAIN,B_mac_s_w12,tree,12,netlists/MAIN/B_mac_s_w12__tree.aig,-mac -s -igsm -p -c -no-steps,-igsm -p -c,INCORRECT,False,Buggy,RESULT,FAIL,remainder witness replays as a real mismatch,1.11,0.110378,5.1,194,1632,90,,W=12;family=B;build=MAIN;arch=tree
portfolio_w32,pf__MAIN__A_mul_u_w16__norm_pre__cfg0,MAIN,A_mul_u_w16,norm_pre,16,netlists/MAIN/A_mul_u_w16__norm_pre.aig,-mul -dyn -p -c -no-steps,-dyn -p -c,CORRECT,False,Correct,RESULT,PASS,oracle 4096 corner + 16384 random,1.52,0.423925,10.7,378,2621,120,,W=16;family=A;build=MAIN;arch=norm_pre
portfolio_w32,pf__MAIN__A_mul_u_w12__booth__cfg5,MAIN,A_mul_u_w12,booth,12,netlists/MAIN/A_mul_u_w12__booth.aig,-mul -igsm -p -c -no-steps,-igsm -p -c,CORRECT,False,,TIMEOUT,TIMEOUT,"time budget 90 s exhausted (inner SIGKILL, monotonic clock)",91.41,,193.8,,,90,,W=12;family=A;build=MAIN;arch=booth
portfolio_w32,pf__MAIN__A_mul_s_w16__booth_lp__cfg0,MAIN,A_mul_s_w16,booth_lp,16,netlists/MAIN/A_mul_s_w16__booth_lp.aig,-mul -s -dyn -p -c -no-steps,-dyn -p -c,CORRECT,False,,TIMEOUT,TIMEOUT,"time budget 120 s exhausted (inner SIGKILL, monotonic clock)",121.88,,114.1,,,120,,W=16;family=A;build=MAIN;arch=booth_lp
portfolio_w32,pf__MAIN__A_mul_u_w16__norm__cfg0,MAIN,A_mul_u_w16,norm,16,netlists/MAIN/A_mul_u_w16__norm.aig,-mul -dyn -p -c -no-steps,-dyn -p -c,CORRECT,False,,TIMEOUT,TIMEOUT,"time budget 120 s exhausted (inner SIGKILL, monotonic clock)",122.05,,80.0,,,120,,W=16;family=A;build=MAIN;arch=norm
portfolio_w32,pf__MAIN__B_dot2_u_w12__norm__cfg4,MAIN,B_dot2_u_w12,norm,12,netlists/MAIN/B_dot2_u_w12__norm.aig,-dot=2 -ips -p -c -no-steps,-ips -p -c,CORRECT,False,,TIMEOUT,TIMEOUT,"time budget 90 s exhausted (inner SIGKILL, monotonic clock)",91.43,,147.8,,,90,,W=12;family=B;build=MAIN;arch=norm
portfolio_w32,pf__MAIN__A_mul_u_w16__norm__cfg1,MAIN,A_mul_u_w16,norm,16,netlists/MAIN/A_mul_u_w16__norm.aig,-mul -idx -p -c -no-steps,-idx -p -c,CORRECT,False,Correct,RESULT,PASS,oracle 4096 corner + 16384 random,23.82,22.5999,27.7,289,2528,120,,W=16;family=A;build=MAIN;arch=norm
portfolio_w32,pf__MAIN__B_dot2_u_w16__norm__cfg0,MAIN,B_dot2_u_w16,norm,16,netlists/MAIN/B_dot2_u_w16__norm.aig,-dot=2 -dyn -p -c -no-steps,-dyn -p -c,CORRECT,False,,TIMEOUT,TIMEOUT,"time budget 120 s exhausted (inner SIGKILL, monotonic clock)",121.37,,85.8,,,120,,W=16;family=B;build=MAIN;arch=norm
portfolio_w32,pf__MAIN__B_dot2_u_w16__tree__cfg0,MAIN,B_dot2_u_w16,tree,16,netlists/MAIN/B_dot2_u_w16__tree.aig,-dot=2 -dyn -p -c -no-steps,-dyn -p -c,CORRECT,False,,TIMEOUT,TIMEOUT,"time budget 120 s exhausted (inner SIGKILL, monotonic clock)",121.59,,86.1,,,120,,W=16;family=B;build=MAIN;arch=tree
portfolio_w32,pf__MAIN__A_mul_s_w16__booth_lp__cfg1,MAIN,A_mul_s_w16,booth_lp,16,netlists/MAIN/A_mul_s_w16__booth_lp.aig,-mul -s -idx -p -c -no-steps,-idx -p -c,CORRECT,False,,TIMEOUT,TIMEOUT,"time budget 120 s exhausted (inner SIGKILL, monotonic clock)",121.50,,158.6,,,120,,W=16;family=A;build=MAIN;arch=booth_lp
portfolio_w32,pf__MAIN__B_dot2_u_w12__norm__cfg5,MAIN,B_dot2_u_w12,norm,12,netlists/MAIN/B_dot2_u_w12__norm.aig,-dot=2 -igsm -p -c -no-steps,-igsm -p -c,CORRECT,False,,TIMEOUT,TIMEOUT,"time budget 90 s exhausted (inner SIGKILL, monotonic clock)",91.71,,156.8,,,90,,W=12;family=B;build=MAIN;arch=norm
portfolio_w32,pf__MAIN__B_dot2_u_w16__tree_fa__cfg0,MAIN,B_dot2_u_w16,tree_fa,16,netlists/MAIN/B_dot2_u_w16__tree_fa.aig,-dot=2 -dyn -p -c -no-steps,-dyn -p -c,CORRECT,False,,TIMEOUT,TIMEOUT,"time budget 120 s exhausted (inner SIGKILL, monotonic clock)",121.63,,67.9,,,120,,W=16;family=B;build=MAIN;arch=tree_fa
portfolio_w32,pf__MAIN__B_dot2_u_w16__norm__cfg1,MAIN,B_dot2_u_w16,norm,16,netlists/MAIN/B_dot2_u_w16__norm.aig,-dot=2 -idx -p -c -no-steps,-idx -p -c,CORRECT,False,,TIMEOUT,TIMEOUT,"time budget 120 s exhausted (inner SIGKILL, monotonic clock)",121.70,,251.8,,,120,,W=16;family=B;build=MAIN;arch=norm
portfolio_w32,pf__MAIN__B_dot2_u_w16__tree__cfg1,MAIN,B_dot2_u_w16,tree,16,netlists/MAIN/B_dot2_u_w16__tree.aig,-dot=2 -idx -p -c -no-steps,-idx -p -c,CORRECT,False,,TIMEOUT,TIMEOUT,"time budget 120 s exhausted (inner SIGKILL, monotonic clock)",121.86,,239.3,,,120,,W=16;family=B;build=MAIN;arch=tree
portfolio_w32,pf__MAIN__A_mul_s_w16__booth_lp__cfg2,MAIN,A_mul_s_w16,booth_lp,16,netlists/MAIN/A_mul_s_w16__booth_lp.aig,-mul -s -ipc -p -c -no-steps,-ipc -p -c,CORRECT,False,,TIMEOUT,TIMEOUT,"time budget 120 s exhausted (inner SIGKILL, monotonic clock)",121.97,,172.2,,,120,,W=16;family=A;build=MAIN;arch=booth_lp
portfolio_w32,pf__MAIN__B_dot2_u_w16__tree_nofma__cfg0,MAIN,B_dot2_u_w16,tree_nofma,16,netlists/MAIN/B_dot2_u_w16__tree_nofma.aig,-dot=2 -dyn -p -c -no-steps,-dyn -p -c,CORRECT,False,,TIMEOUT,TIMEOUT,"time budget 120 s exhausted (inner SIGKILL, monotonic clock)",121.97,,85.6,,,120,,W=16;family=B;build=MAIN;arch=tree_nofma
portfolio_w32,pf__MAIN__B_dot2_u_w16__tree_fa__cfg1,MAIN,B_dot2_u_w16,tree_fa,16,netlists/MAIN/B_dot2_u_w16__tree_fa.aig,-dot=2 -idx -p -c -no-steps,-idx -p -c,CORRECT,False,,TIMEOUT,TIMEOUT,"time budget 120 s exhausted (inner SIGKILL, monotonic clock)",122.04,,107.3,,,120,,W=16;family=B;build=MAIN;arch=tree_fa
portfolio_w32,pf__MAIN__B_dot2_u_w16__norm__cfg2,MAIN,B_dot2_u_w16,norm,16,netlists/MAIN/B_dot2_u_w16__norm.aig,-dot=2 -ipc -p -c -no-steps,-ipc -p -c,CORRECT,False,,TIMEOUT,TIMEOUT,"time budget 120 s exhausted (inner SIGKILL, monotonic clock)",121.91,,170.3,,,120,,W=16;family=B;build=MAIN;arch=norm
portfolio_w32,pf__MAIN__B_dot2_u_w16__tree__cfg2,MAIN,B_dot2_u_w16,tree,16,netlists/MAIN/B_dot2_u_w16__tree.aig,-dot=2 -ipc -p -c -no-steps,-ipc -p -c,CORRECT,False,,TIMEOUT,TIMEOUT,"time budget 120 s exhausted (inner SIGKILL, monotonic clock)",122.05,,89.8,,,120,,W=16;family=B;build=MAIN;arch=tree
portfolio_w32,pf__MAIN__A_mul_s_w16__booth_lp__cfg3,MAIN,A_mul_s_w16,booth_lp,16,netlists/MAIN/A_mul_s_w16__booth_lp.aig,-mul -s -igs -p -c -no-steps,-igs -p -c,CORRECT,False,,TIMEOUT,TIMEOUT,"time budget 120 s exhausted (inner SIGKILL, monotonic clock)",122.09,,376.1,,,120,,W=16;family=A;build=MAIN;arch=booth_lp
portfolio_w32,pf__MAIN__B_dot2_u_w16__tree_nofma__cfg1,MAIN,B_dot2_u_w16,tree_nofma,16,netlists/MAIN/B_dot2_u_w16__tree_nofma.aig,-dot=2 -idx -p -c -no-steps,-idx -p -c,CORRECT,False,,TIMEOUT,TIMEOUT,"time budget 120 s exhausted (inner SIGKILL, monotonic clock)",121.89,,150.8,,,120,,W=16;family=B;build=MAIN;arch=tree_nofma
portfolio_w32,pf__MAIN__B_dot2_u_w16__tree_fa__cfg2,MAIN,B_dot2_u_w16,tree_fa,16,netlists/MAIN/B_dot2_u_w16__tree_fa.aig,-dot=2 -ipc -p -c -no-steps,-ipc -p -c,CORRECT,False,,TIMEOUT,TIMEOUT,"time budget 120 s exhausted (inner SIGKILL, monotonic clock)",121.93,,164.1,,,120,,W=16;family=B;build=MAIN;arch=tree_fa
portfolio_w32,pf__MAIN__B_dot2_u_w16__norm__cfg3,MAIN,B_dot2_u_w16,norm,16,netlists/MAIN/B_dot2_u_w16__norm.aig,-dot=2 -igs -p -c -no-steps,-igs -p -c,CORRECT,False,,TIMEOUT,TIMEOUT,"time budget 120 s exhausted (inner SIGKILL, monotonic clock)",121.84,,289.8,,,120,,W=16;family=B;build=MAIN;arch=norm
portfolio_w32,pf__MAIN__B_dot2_u_w16__tree__cfg3,MAIN,B_dot2_u_w16,tree,16,netlists/MAIN/B_dot2_u_w16__tree.aig,-dot=2 -igs -p -c -no-steps,-igs -p -c,CORRECT,False,,TIMEOUT,TIMEOUT,"time budget 120 s exhausted (inner SIGKILL, monotonic clock)",122.27,,272.0,,,120,,W=16;family=B;build=MAIN;arch=tree
portfolio_w32,pf__MAIN__A_mul_s_w16__booth_lp__cfg4,MAIN,A_mul_s_w16,booth_lp,16,netlists/MAIN/A_mul_s_w16__booth_lp.aig,-mul -s -ips -p -c -no-steps,-ips -p -c,CORRECT,False,,TIMEOUT,TIMEOUT,"time budget 120 s exhausted (inner SIGKILL, monotonic clock)",121.91,,155.6,,,120,,W=16;family=A;build=MAIN;arch=booth_lp
portfolio_w32,pf__MAIN__B_dot2_u_w16__tree_nofma__cfg2,MAIN,B_dot2_u_w16,tree_nofma,16,netlists/MAIN/B_dot2_u_w16__tree_nofma.aig,-dot=2 -ipc -p -c -no-steps,-ipc -p -c,CORRECT,False,,TIMEOUT,TIMEOUT,"time budget 120 s exhausted (inner SIGKILL, monotonic clock)",121.73,,170.5,,,120,,W=16;family=B;build=MAIN;arch=tree_nofma
portfolio_w32,pf__MAIN__B_dot2_u_w16__tree_fa__cfg3,MAIN,B_dot2_u_w16,tree_fa,16,netlists/MAIN/B_dot2_u_w16__tree_fa.aig,-dot=2 -igs -p -c -no-steps,-igs -p -c,CORRECT,False,,TIMEOUT,TIMEOUT,"time budget 120 s exhausted (inner SIGKILL, monotonic clock)",121.59,,229.8,,,120,,W=16;family=B;build=MAIN;arch=tree_fa
portfolio_w32,pf__MAIN__B_dot2_u_w16__norm__cfg4,MAIN,B_dot2_u_w16,norm,16,netlists/MAIN/B_dot2_u_w16__norm.aig,-dot=2 -ips -p -c -no-steps,-ips -p -c,CORRECT,False,,TIMEOUT,TIMEOUT,"time budget 120 s exhausted (inner SIGKILL, monotonic clock)",122.17,,110.7,,,120,,W=16;family=B;build=MAIN;arch=norm
portfolio_w32,pf__MAIN__B_dot2_u_w16__tree__cfg4,MAIN,B_dot2_u_w16,tree,16,netlists/MAIN/B_dot2_u_w16__tree.aig,-dot=2 -ips -p -c -no-steps,-ips -p -c,CORRECT,False,,TIMEOUT,TIMEOUT,"time budget 120 s exhausted (inner SIGKILL, monotonic clock)",121.52,,112.9,,,120,,W=16;family=B;build=MAIN;arch=tree
portfolio_w32,pf__MAIN__A_mul_s_w16__booth_lp__cfg5,MAIN,A_mul_s_w16,booth_lp,16,netlists/MAIN/A_mul_s_w16__booth_lp.aig,-mul -s -igsm -p -c -no-steps,-igsm -p -c,CORRECT,False,,TIMEOUT,TIMEOUT,"time budget 120 s exhausted (inner SIGKILL, monotonic clock)",121.53,,122.5,,,120,,W=16;family=A;build=MAIN;arch=booth_lp
portfolio_w32,pf__MAIN__B_dot2_u_w16__tree_pre__cfg0,MAIN,B_dot2_u_w16,tree_pre,16,netlists/MAIN/B_dot2_u_w16__tree_pre.aig,-dot=2 -dyn -p -c -no-steps,-dyn -p -c,CORRECT,False,Correct,RESULT,PASS,oracle 4096 corner + 16384 random,3.98,2.08963,20.0,694,5277,120,,W=16;family=B;build=MAIN;arch=tree_pre
portfolio_w32,pf__MAIN__B_dot2_u_w16__tree_nofma__cfg3,MAIN,B_dot2_u_w16,tree_nofma,16,netlists/MAIN/B_dot2_u_w16__tree_nofma.aig,-dot=2 -igs -p -c -no-steps,-igs -p -c,CORRECT,False,,TIMEOUT,TIMEOUT,"time budget 120 s exhausted (inner SIGKILL, monotonic clock)",122.09,,308.8,,,120,,W=16;family=B;build=MAIN;arch=tree_nofma
portfolio_w32,pf__MAIN__B_dot2_u_w16__tree_fa__cfg4,MAIN,B_dot2_u_w16,tree_fa,16,netlists/MAIN/B_dot2_u_w16__tree_fa.aig,-dot=2 -ips -p -c -no-steps,-ips -p -c,CORRECT,False,,TIMEOUT,TIMEOUT,"time budget 120 s exhausted (inner SIGKILL, monotonic clock)",121.58,,144.9,,,120,,W=16;family=B;build=MAIN;arch=tree_fa
portfolio_w32,pf__MAIN__B_dot2_u_w16__norm__cfg5,MAIN,B_dot2_u_w16,norm,16,netlists/MAIN/B_dot2_u_w16__norm.aig,-dot=2 -igsm -p -c -no-steps,-igsm -p -c,CORRECT,False,,TIMEOUT,TIMEOUT,"time budget 120 s exhausted (inner SIGKILL, monotonic clock)",122.11,,187.7,,,120,,W=16;family=B;build=MAIN;arch=norm
portfolio_w32,pf__MAIN__B_mac_s_w16__norm__cfg0,MAIN,B_mac_s_w16,norm,16,netlists/MAIN/B_mac_s_w16__norm.aig,-mac -s -dyn -p -c -no-steps,-dyn -p -c,CORRECT,False,Correct,RESULT,PASS,oracle 4096 corner + 16384 random,4.61,1.84342,14.3,475,3480,120,,W=16;family=B;build=MAIN;arch=norm
portfolio_w32,pf__MAIN__B_dot2_u_w16__tree__cfg5,MAIN,B_dot2_u_w16,tree,16,netlists/MAIN/B_dot2_u_w16__tree.aig,-dot=2 -igsm -p -c -no-steps,-igsm -p -c,CORRECT,False,,TIMEOUT,TIMEOUT,"time budget 120 s exhausted (inner SIGKILL, monotonic clock)",122.03,,154.5,,,120,,W=16;family=B;build=MAIN;arch=tree
portfolio_w32,pf__MAIN__B_mac_s_w16__tree_nofma__cfg0,MAIN,B_mac_s_w16,tree_nofma,16,netlists/MAIN/B_mac_s_w16__tree_nofma.aig,-mac -s -dyn -p -c -no-steps,-dyn -p -c,CORRECT,False,Correct,RESULT,PASS,oracle 4096 corner + 16384 random,5.10,2.29786,13.9,475,3480,120,,W=16;family=B;build=MAIN;arch=tree_nofma
portfolio_w32,pf__MAIN__B_dot2_u_w16__tree_ripple__cfg0,MAIN,B_dot2_u_w16,tree_ripple,16,netlists/MAIN/B_dot2_u_w16__tree_ripple.aig,-dot=2 -dyn -p -c -no-steps,-dyn -p -c,CORRECT,False,,TIMEOUT,TIMEOUT,"time budget 120 s exhausted (inner SIGKILL, monotonic clock)",122.97,,63.7,,,120,,W=16;family=B;build=MAIN;arch=tree_ripple
portfolio_w32,pf__MAIN__B_dot2_u_w16__tree_nofma__cfg4,MAIN,B_dot2_u_w16,tree_nofma,16,netlists/MAIN/B_dot2_u_w16__tree_nofma.aig,-dot=2 -ips -p -c -no-steps,-ips -p -c,CORRECT,False,,TIMEOUT,TIMEOUT,"time budget 120 s exhausted (inner SIGKILL, monotonic clock)",122.07,,89.8,,,120,,W=16;family=B;build=MAIN;arch=tree_nofma
portfolio_w32,pf__MAIN__B_dot2_u_w16__tree_fa__cfg5,MAIN,B_dot2_u_w16,tree_fa,16,netlists/MAIN/B_dot2_u_w16__tree_fa.aig,-dot=2 -igsm -p -c -no-steps,-igsm -p -c,CORRECT,False,,TIMEOUT,TIMEOUT,"time budget 120 s exhausted (inner SIGKILL, monotonic clock)",122.80,,96.8,,,120,,W=16;family=B;build=MAIN;arch=tree_fa
portfolio_w32,pf__MAIN__B_mac_u_w16__norm__cfg0,MAIN,B_mac_u_w16,norm,16,netlists/MAIN/B_mac_u_w16__norm.aig,-mac -dyn -p -c -no-steps,-dyn -p -c,CORRECT,False,,TIMEOUT,TIMEOUT,"time budget 120 s exhausted (inner SIGKILL, monotonic clock)",124.27,,37.1,,,120,,W=16;family=B;build=MAIN;arch=norm
portfolio_w32,pf__MAIN__B_mac_u_w16__tree__cfg0,MAIN,B_mac_u_w16,tree,16,netlists/MAIN/B_mac_u_w16__tree.aig,-mac -dyn -p -c -no-steps,-dyn -p -c,CORRECT,False,,TIMEOUT,TIMEOUT,"time budget 120 s exhausted (inner SIGKILL, monotonic clock)",123.65,,38.7,,,120,,W=16;family=B;build=MAIN;arch=tree
portfolio_w32,pf__MAIN__B_dot2_u_w16__tree_ripple__cfg1,MAIN,B_dot2_u_w16,tree_ripple,16,netlists/MAIN/B_dot2_u_w16__tree_ripple.aig,-dot=2 -idx -p -c -no-steps,-idx -p -c,CORRECT,False,,TIMEOUT,TIMEOUT,"time budget 120 s exhausted (inner SIGKILL, monotonic clock)",26823.97,,68.0,,,120,"timing unreliable: wall time exceeds the budget by > 60 s (WSL clock resync of ~26,700 s, or container start/teardown delay under load); TRACE itself was bounded by the in-container timeout, so the verdict is unaffected",W=16;family=B;build=MAIN;arch=tree_ripple
portfolio_w32,pf__MAIN__B_mac_u_w16__tree__cfg1,MAIN,B_mac_u_w16,tree,16,netlists/MAIN/B_mac_u_w16__tree.aig,-mac -idx -p -c -no-steps,-idx -p -c,CORRECT,False,Correct,RESULT,PASS,oracle 4096 corner + 16384 random,26717.06,26711.6,15.1,322,2722,120,"timing unreliable: wall time exceeds the budget by > 60 s (WSL clock resync of ~26,700 s, or container start/teardown delay under load); TRACE itself was bounded by the in-container timeout, so the verdict is unaffected",W=16;family=B;build=MAIN;arch=tree
portfolio_w32,pf__MAIN__B_dot2_u_w16__tree_nofma__cfg5,MAIN,B_dot2_u_w16,tree_nofma,16,netlists/MAIN/B_dot2_u_w16__tree_nofma.aig,-dot=2 -igsm -p -c -no-steps,-igsm -p -c,CORRECT,False,,TIMEOUT,TIMEOUT,"time budget 120 s exhausted (inner SIGKILL, monotonic clock)",26823.01,,87.8,,,120,"timing unreliable: wall time exceeds the budget by > 60 s (WSL clock resync of ~26,700 s, or container start/teardown delay under load); TRACE itself was bounded by the in-container timeout, so the verdict is unaffected",W=16;family=B;build=MAIN;arch=tree_nofma
portfolio_w32,pf__MAIN__B_mac_u_w16__tree_pre__cfg0,MAIN,B_mac_u_w16,tree_pre,16,netlists/MAIN/B_mac_u_w16__tree_pre.aig,-mac -dyn -p -c -no-steps,-dyn -p -c,CORRECT,False,Correct,RESULT,PASS,oracle 4096 corner + 16384 random,8.91,1.25674,11.9,431,2815,120,,W=16;family=B;build=MAIN;arch=tree_pre
portfolio_w32,pf__MAIN__B_mac_u_w16__tree_fa__cfg0,MAIN,B_mac_u_w16,tree_fa,16,netlists/MAIN/B_mac_u_w16__tree_fa.aig,-mac -dyn -p -c -no-steps,-dyn -p -c,CORRECT,False,,TIMEOUT,TIMEOUT,"time budget 120 s exhausted (inner SIGKILL, monotonic clock)",26822.88,,45.3,,,120,"timing unreliable: wall time exceeds the budget by > 60 s (WSL clock resync of ~26,700 s, or container start/teardown delay under load); TRACE itself was bounded by the in-container timeout, so the verdict is unaffected",W=16;family=B;build=MAIN;arch=tree_fa
portfolio_w32,pf__MAIN__B_mac_u_w16__tree_fa__cfg1,MAIN,B_mac_u_w16,tree_fa,16,netlists/MAIN/B_mac_u_w16__tree_fa.aig,-mac -idx -p -c -no-steps,-idx -p -c,CORRECT,False,Correct,RESULT,PASS,oracle 4096 corner + 16384 random,7.69,5.60266,14.0,322,2783,120,,W=16;family=B;build=MAIN;arch=tree_fa
portfolio_w32,pf__PATCH__B_mac_s_w16__tree__cfg0,PATCH,B_mac_s_w16,tree,16,netlists/PATCH/B_mac_s_w16__tree.aig,-mac -s -dyn -p -c -no-steps,-dyn -p -c,CORRECT,False,Correct,RESULT,PASS,oracle 4096 corner + 16384 random,3.85,0.919759,11.6,610,2857,120,,W=16;family=B;build=PATCH;arch=tree
portfolio_w32,pf__PATCH__B_mac_s_w16__tree_fa__cfg0,PATCH,B_mac_s_w16,tree_fa,16,netlists/PATCH/B_mac_s_w16__tree_fa.aig,-mac -s -dyn -p -c -no-steps,-dyn -p -c,CORRECT,False,Correct,RESULT,PASS,oracle 4096 corner + 16384 random,6.78,5.01932,14.2,1386,2888,120,,W=16;family=B;build=PATCH;arch=tree_fa
portfolio_w32,pf__PATCH__B_mac_s_w16__tree_pre__cfg0,PATCH,B_mac_s_w16,tree_pre,16,netlists/PATCH/B_mac_s_w16__tree_pre.aig,-mac -s -dyn -p -c -no-steps,-dyn -p -c,CORRECT,False,Correct,RESULT,PASS,oracle 4096 corner + 16384 random,2.72,0.739121,12.0,431,2944,120,,W=16;family=B;build=PATCH;arch=tree_pre
portfolio_w32,pf__PATCH__B_mac_s_w16__tree_ripple__cfg0,PATCH,B_mac_s_w16,tree_ripple,16,netlists/PATCH/B_mac_s_w16__tree_ripple.aig,-mac -s -dyn -p -c -no-steps,-dyn -p -c,CORRECT,False,Correct,RESULT,PASS,oracle 4096 corner + 16384 random,2.72,0.83031,11.3,610,2857,120,,W=16;family=B;build=PATCH;arch=tree_ripple
portfolio_w32,pf__MAIN__B_mac_s_w16__tree__cfg0,MAIN,B_mac_s_w16,tree,16,netlists/MAIN/B_mac_s_w16__tree.aig,-mac -s -dyn -p -c -no-steps,-dyn -p -c,INCORRECT,False,Buggy,RESULT,FAIL,remainder witness replays as a real mismatch,3.61,1.77661,13.5,1423,2859,120,,W=16;family=B;build=MAIN;arch=tree
portfolio_w32,pf__MAIN__B_mac_s_w16__tree__cfg1,MAIN,B_mac_s_w16,tree,16,netlists/MAIN/B_mac_s_w16__tree.aig,-mac -s -idx -p -c -no-steps,-idx -p -c,INCORRECT,False,Buggy,RESULT,FAIL,remainder witness replays as a real mismatch,2.27,0.434253,8.5,322,2859,120,,W=16;family=B;build=MAIN;arch=tree
portfolio_w32,pf__MAIN__B_mac_s_w16__tree__cfg2,MAIN,B_mac_s_w16,tree,16,netlists/MAIN/B_mac_s_w16__tree.aig,-mac -s -ipc -p -c -no-steps,-ipc -p -c,INCORRECT,False,Buggy,RESULT,FAIL,remainder witness replays as a real mismatch,2.18,0.418606,7.6,322,2859,120,,W=16;family=B;build=MAIN;arch=tree
portfolio_w32,pf__MAIN__B_mac_u_w16__norm__cfg1,MAIN,B_mac_u_w16,norm,16,netlists/MAIN/B_mac_u_w16__norm.aig,-mac -idx -p -c -no-steps,-idx -p -c,CORRECT,False,,TIMEOUT,TIMEOUT,"time budget 120 s exhausted (inner SIGKILL, monotonic clock)",26825.47,,103.7,,,120,"timing unreliable: wall time exceeds the budget by > 60 s (WSL clock resync of ~26,700 s, or container start/teardown delay under load); TRACE itself was bounded by the in-container timeout, so the verdict is unaffected",W=16;family=B;build=MAIN;arch=norm
portfolio_w32,pf__MAIN__B_dot2_u_w16__tree_ripple__cfg2,MAIN,B_dot2_u_w16,tree_ripple,16,netlists/MAIN/B_dot2_u_w16__tree_ripple.aig,-dot=2 -ipc -p -c -no-steps,-ipc -p -c,CORRECT,False,,TIMEOUT,TIMEOUT,"time budget 120 s exhausted (inner SIGKILL, monotonic clock)",124.60,,89.8,,,120,,W=16;family=B;build=MAIN;arch=tree_ripple
portfolio_w32,pf__MAIN__B_mac_u_w16__norm__cfg2,MAIN,B_mac_u_w16,norm,16,netlists/MAIN/B_mac_u_w16__norm.aig,-mac -ipc -p -c -no-steps,-ipc -p -c,CORRECT,False,Correct,RESULT,PASS,oracle 4096 corner + 16384 random,18.04,16.2055,21.2,322,2804,120,,W=16;family=B;build=MAIN;arch=norm
portfolio_w32,pf__MAIN__B_mac_u_w16__tree_nofma__cfg0,MAIN,B_mac_u_w16,tree_nofma,16,netlists/MAIN/B_mac_u_w16__tree_nofma.aig,-mac -dyn -p -c -no-steps,-dyn -p -c,CORRECT,False,,TIMEOUT,TIMEOUT,"time budget 120 s exhausted (inner SIGKILL, monotonic clock)",124.07,,57.5,,,120,,W=16;family=B;build=MAIN;arch=tree_nofma
portfolio_w32,pf__MAIN__B_mac_s_w16__tree_fa__cfg0,MAIN,B_mac_s_w16,tree_fa,16,netlists/MAIN/B_mac_s_w16__tree_fa.aig,-mac -s -dyn -p -c -no-steps,-dyn -p -c,INCORRECT,False,Buggy,RESULT,FAIL,remainder witness replays as a real mismatch,4.50,3.0531,13.6,1530,2888,120,,W=16;family=B;build=MAIN;arch=tree_fa
portfolio_w32,pf__MAIN__B_mac_s_w16__tree_fa__cfg1,MAIN,B_mac_s_w16,tree_fa,16,netlists/MAIN/B_mac_s_w16__tree_fa.aig,-mac -s -idx -p -c -no-steps,-idx -p -c,INCORRECT,False,Buggy,RESULT,FAIL,remainder witness replays as a real mismatch,1.90,0.457898,9.0,322,2888,120,,W=16;family=B;build=MAIN;arch=tree_fa
portfolio_w32,pf__MAIN__B_mac_u_w16__tree_ripple__cfg0,MAIN,B_mac_u_w16,tree_ripple,16,netlists/MAIN/B_mac_u_w16__tree_ripple.aig,-mac -dyn -p -c -no-steps,-dyn -p -c,CORRECT,False,,TIMEOUT,TIMEOUT,"time budget 120 s exhausted (inner SIGKILL, monotonic clock)",124.63,,52.8,,,120,,W=16;family=B;build=MAIN;arch=tree_ripple
portfolio_w32,pf__MAIN__B_mac_u_w16__tree_ripple__cfg1,MAIN,B_mac_u_w16,tree_ripple,16,netlists/MAIN/B_mac_u_w16__tree_ripple.aig,-mac -idx -p -c -no-steps,-idx -p -c,CORRECT,False,Correct,RESULT,PASS,oracle 4096 corner + 16384 random,9.07,7.07751,15.3,322,2722,120,,W=16;family=B;build=MAIN;arch=tree_ripple
portfolio_w32,pf__MAIN__B_mac_s_w16__tree_pre__cfg0,MAIN,B_mac_s_w16,tree_pre,16,netlists/MAIN/B_mac_s_w16__tree_pre.aig,-mac -s -dyn -p -c -no-steps,-dyn -p -c,INCORRECT,False,Buggy,RESULT,FAIL,remainder witness replays as a real mismatch,2.39,0.772795,12.4,424,2938,120,,W=16;family=B;build=MAIN;arch=tree_pre
portfolio_w32,pf__MAIN__B_mac_s_w16__tree__cfg3,MAIN,B_mac_s_w16,tree,16,netlists/MAIN/B_mac_s_w16__tree.aig,-mac -s -igs -p -c -no-steps,-igs -p -c,INCORRECT,False,Buggy,RESULT,FAIL,remainder witness replays as a real mismatch,93.41,91.9381,276.6,322,2859,120,,W=16;family=B;build=MAIN;arch=tree
portfolio_w32,pf__MAIN__B_dot2_u_w16__tree_ripple__cfg3,MAIN,B_dot2_u_w16,tree_ripple,16,netlists/MAIN/B_dot2_u_w16__tree_ripple.aig,-dot=2 -igs -p -c -no-steps,-igs -p -c,CORRECT,False,,TIMEOUT,TIMEOUT,"time budget 120 s exhausted (inner SIGKILL, monotonic clock)",122.23,,272.0,,,120,,W=16;family=B;build=MAIN;arch=tree_ripple
portfolio_w32,pf__MAIN__B_mac_u_w16__tree_nofma__cfg1,MAIN,B_mac_u_w16,tree_nofma,16,netlists/MAIN/B_mac_u_w16__tree_nofma.aig,-mac -idx -p -c -no-steps,-idx -p -c,CORRECT,False,,TIMEOUT,TIMEOUT,"time budget 120 s exhausted (inner SIGKILL, monotonic clock)",121.90,,203.8,,,120,,W=16;family=B;build=MAIN;arch=tree_nofma
portfolio_w32,pf__MAIN__B_mac_s_w16__tree_fa__cfg2,MAIN,B_mac_s_w16,tree_fa,16,netlists/MAIN/B_mac_s_w16__tree_fa.aig,-mac -s -ipc -p -c -no-steps,-ipc -p -c,INCORRECT,False,,TIMEOUT,TIMEOUT,"time budget 120 s exhausted (inner SIGKILL, monotonic clock)",122.03,,136.9,,,120,,W=16;family=B;build=MAIN;arch=tree_fa
portfolio_w32,pf__MAIN__B_mac_u_w16__tree_nofma__cfg2,MAIN,B_mac_u_w16,tree_nofma,16,netlists/MAIN/B_mac_u_w16__tree_nofma.aig,-mac -ipc -p -c -no-steps,-ipc -p -c,CORRECT,False,Correct,RESULT,PASS,oracle 4096 corner + 16384 random,18.69,16.7262,21.4,322,2804,120,,W=16;family=B;build=MAIN;arch=tree_nofma
portfolio_w32,pf__MAIN__B_mac_s_w16__tree_ripple__cfg0,MAIN,B_mac_s_w16,tree_ripple,16,netlists/MAIN/B_mac_s_w16__tree_ripple.aig,-mac -s -dyn -p -c -no-steps,-dyn -p -c,INCORRECT,False,Buggy,RESULT,FAIL,remainder witness replays as a real mismatch,3.55,1.54178,13.7,1423,2859,120,,W=16;family=B;build=MAIN;arch=tree_ripple
portfolio_w32,pf__MAIN__B_mac_s_w16__tree__cfg4,MAIN,B_mac_s_w16,tree,16,netlists/MAIN/B_mac_s_w16__tree.aig,-mac -s -ips -p -c -no-steps,-ips -p -c,INCORRECT,False,Buggy,RESULT,FAIL,remainder witness replays as a real mismatch,104.34,102.618,234.7,322,2859,120,,W=16;family=B;build=MAIN;arch=tree
portfolio_w32,pf__MAIN__B_mac_s_w16__tree_ripple__cfg1,MAIN,B_mac_s_w16,tree_ripple,16,netlists/MAIN/B_mac_s_w16__tree_ripple.aig,-mac -s -idx -p -c -no-steps,-idx -p -c,INCORRECT,False,Buggy,RESULT,FAIL,remainder witness replays as a real mismatch,2.76,0.615561,8.7,322,2859,120,,W=16;family=B;build=MAIN;arch=tree_ripple
portfolio_w32,pf__MAIN__B_mac_s_w16__tree_pre__cfg1,MAIN,B_mac_s_w16,tree_pre,16,netlists/MAIN/B_mac_s_w16__tree_pre.aig,-mac -s -idx -p -c -no-steps,-idx -p -c,INCORRECT,False,,TIMEOUT,TIMEOUT,"time budget 120 s exhausted (inner SIGKILL, monotonic clock)",122.20,,295.8,,,120,,W=16;family=B;build=MAIN;arch=tree_pre
portfolio_w32,pf__MAIN__B_mac_s_w16__tree__cfg5,MAIN,B_mac_s_w16,tree,16,netlists/MAIN/B_mac_s_w16__tree.aig,-mac -s -igsm -p -c -no-steps,-igsm -p -c,INCORRECT,False,Buggy,RESULT,FAIL,remainder witness replays as a real mismatch,3.05,0.558279,7.5,322,2859,120,,W=16;family=B;build=MAIN;arch=tree
portfolio_w32,pf__MAIN__B_mac_s_w16__tree_ripple__cfg2,MAIN,B_mac_s_w16,tree_ripple,16,netlists/MAIN/B_mac_s_w16__tree_ripple.aig,-mac -s -ipc -p -c -no-steps,-ipc -p -c,INCORRECT,False,Buggy,RESULT,FAIL,remainder witness replays as a real mismatch,3.60,0.878777,7.1,322,2859,120,,W=16;family=B;build=MAIN;arch=tree_ripple
portfolio_w32,pf__MAIN__B_mac_s_w16__tree_fa__cfg3,MAIN,B_mac_s_w16,tree_fa,16,netlists/MAIN/B_mac_s_w16__tree_fa.aig,-mac -s -igs -p -c -no-steps,-igs -p -c,INCORRECT,False,Buggy,RESULT,FAIL,remainder witness replays as a real mismatch,64.99,62.5472,81.2,322,2888,120,,W=16;family=B;build=MAIN;arch=tree_fa
portfolio_w32,pf__MAIN__B_dot2_u_w16__tree_ripple__cfg4,MAIN,B_dot2_u_w16,tree_ripple,16,netlists/MAIN/B_dot2_u_w16__tree_ripple.aig,-dot=2 -ips -p -c -no-steps,-ips -p -c,CORRECT,False,,TIMEOUT,TIMEOUT,"time budget 120 s exhausted (inner SIGKILL, monotonic clock)",122.32,,64.1,,,120,,W=16;family=B;build=MAIN;arch=tree_ripple
portfolio_w32,pf__MAIN__B_mac_s_w16__tree_ripple__cfg3,MAIN,B_mac_s_w16,tree_ripple,16,netlists/MAIN/B_mac_s_w16__tree_ripple.aig,-mac -s -igs -p -c -no-steps,-igs -p -c,INCORRECT,False,Buggy,RESULT,FAIL,remainder witness replays as a real mismatch,116.87,114.639,276.9,322,2859,120,,W=16;family=B;build=MAIN;arch=tree_ripple
portfolio_w32,pf__MAIN__B_mac_s_w16__tree_pre__cfg2,MAIN,B_mac_s_w16,tree_pre,16,netlists/MAIN/B_mac_s_w16__tree_pre.aig,-mac -s -ipc -p -c -no-steps,-ipc -p -c,INCORRECT,False,,TIMEOUT,TIMEOUT,"time budget 120 s exhausted (inner SIGKILL, monotonic clock)",122.13,,258.6,,,120,,W=16;family=B;build=MAIN;arch=tree_pre
portfolio_w32,pf__MAIN__MUT_accum_mac_u_w16__norm__cfg0,MAIN,MUT_accum_mac_u_w16,norm,16,netlists/MAIN/MUT_accum_mac_u_w16__norm.aig,-mac -dyn -p -c -no-steps,-dyn -p -c,INCORRECT,False,,TIMEOUT,TIMEOUT,"time budget 120 s exhausted (inner SIGKILL, monotonic clock)",122.33,,92.4,,,120,,W=16;family=MUT;build=MAIN;arch=norm
portfolio_w32,pf__MAIN__B_mac_s_w16__tree_pre__cfg3,MAIN,B_mac_s_w16,tree_pre,16,netlists/MAIN/B_mac_s_w16__tree_pre.aig,-mac -s -igs -p -c -no-steps,-igs -p -c,INCORRECT,False,Buggy,RESULT,FAIL,remainder witness replays as a real mismatch,3.08,1.00778,8.4,321,2938,120,,W=16;family=B;build=MAIN;arch=tree_pre
portfolio_w32,pf__MAIN__A_mul_s_w32__norm__cfg0,MAIN,A_mul_s_w32,norm,32,netlists/MAIN/A_mul_s_w32__norm.aig,-mul -s -dyn -p -c -no-steps,-dyn -p -c,CORRECT,False,Correct,RESULT,PASS,oracle 4096 corner + 16384 random,18.00,15.0733,43.9,1311,11779,300,,W=32;family=A;build=MAIN;arch=norm
portfolio_w32,pf__MAIN__A_mul_s_w32__norm_pre__cfg0,MAIN,A_mul_s_w32,norm_pre,32,netlists/MAIN/A_mul_s_w32__norm_pre.aig,-mul -s -dyn -p -c -no-steps,-dyn -p -c,CORRECT,False,Correct,RESULT,PASS,oracle 4096 corner + 16384 random,18.02,14.5994,45.5,1478,11985,300,,W=32;family=A;build=MAIN;arch=norm_pre
portfolio_w32,pf__MAIN__A_mul_s_w32__booth_pre__cfg0,MAIN,A_mul_s_w32,booth_pre,32,netlists/MAIN/A_mul_s_w32__booth_pre.aig,-mul -s -dyn -p -c -no-steps,-dyn -p -c,CORRECT,False,Correct,RESULT,PASS,oracle 4096 corner + 16384 random,26.33,23.3628,39.8,2983,8610,300,,W=32;family=A;build=MAIN;arch=booth_pre
portfolio_w32,pf__MAIN__A_mul_s_w32__booth__cfg0,MAIN,A_mul_s_w32,booth,32,netlists/MAIN/A_mul_s_w32__booth.aig,-mul -s -dyn -p -c -no-steps,-dyn -p -c,CORRECT,False,Correct,RESULT,PASS,oracle 4096 corner + 16384 random,27.49,24.7509,41.6,5049,8273,300,,W=32;family=A;build=MAIN;arch=booth
portfolio_w32,pf__MAIN__A_mul_u_w32__norm_pre__cfg0,MAIN,A_mul_u_w32,norm_pre,32,netlists/MAIN/A_mul_u_w32__norm_pre.aig,-mul -dyn -p -c -no-steps,-dyn -p -c,CORRECT,False,Correct,RESULT,PASS,oracle 4096 corner + 16384 random,13.43,10.8658,38.9,1349,10599,300,,W=32;family=A;build=MAIN;arch=norm_pre
portfolio_w32,pf__MAIN__A_mul_u_w32__booth__cfg0,MAIN,A_mul_u_w32,booth,32,netlists/MAIN/A_mul_u_w32__booth.aig,-mul -dyn -p -c -no-steps,-dyn -p -c,CORRECT,False,Correct,RESULT,PASS,oracle 4096 corner + 16384 random,24.26,20.8801,38.5,3391,8512,300,,W=32;family=A;build=MAIN;arch=booth
portfolio_w32,pf__MAIN__A_mul_u_w32__booth_pre_folded__cfg0,CONTROL,A_mul_u_w32,booth_pre_folded,32,netlists/CONTROL/A_mul_u_w32__booth_pre_folded.aig,-mul -dyn -p -c -no-steps,-dyn -p -c,CORRECT,False,Correct,RESULT,PASS,oracle 4096 corner + 16384 random,26.72,23.0664,41.6,3016,8832,300,,W=32;family=A;build=MAIN;arch=booth_pre_folded;derived=constant-folded copy of MAIN booth_pre
portfolio_w32,pf__MAIN__B_mac_s_w32__norm__cfg0,MAIN,B_mac_s_w32,norm,32,netlists/MAIN/B_mac_s_w32__norm.aig,-mac -s -dyn -p -c -no-steps,-dyn -p -c,CORRECT,False,Correct,RESULT,PASS,oracle 4096 corner + 16384 random,23.66,20.1717,49.1,1740,12937,300,,W=32;family=B;build=MAIN;arch=norm
portfolio_w32,pf__MAIN__A_mul_s_w32__booth_lp__cfg0,MAIN,A_mul_s_w32,booth_lp,32,netlists/MAIN/A_mul_s_w32__booth_lp.aig,-mul -s -dyn -p -c -no-steps,-dyn -p -c,CORRECT,False,,TIMEOUT,TIMEOUT,"time budget 300 s exhausted (inner SIGKILL, monotonic clock)",303.00,,140.4,,,300,,W=32;family=A;build=MAIN;arch=booth_lp;trim=all six configs timed out at W16
portfolio_w32,pf__MAIN__A_mul_u_w32__norm__cfg0,MAIN,A_mul_u_w32,norm,32,netlists/MAIN/A_mul_u_w32__norm.aig,-mul -dyn -p -c -no-steps,-dyn -p -c,CORRECT,False,,TIMEOUT,TIMEOUT,"time budget 300 s exhausted (inner SIGKILL, monotonic clock)",302.94,,126.7,,,300,,W=32;family=A;build=MAIN;arch=norm
portfolio_w32,pf__MAIN__B_dot2_u_w32__norm__cfg0,MAIN,B_dot2_u_w32,norm,32,netlists/MAIN/B_dot2_u_w32__norm.aig,-dot=2 -dyn -p -c -no-steps,-dyn -p -c,CORRECT,False,,TIMEOUT,TIMEOUT,"time budget 300 s exhausted (inner SIGKILL, monotonic clock)",303.04,,105.8,,,300,,W=32;family=B;build=MAIN;arch=norm;trim=all six configs timed out at W16
portfolio_w32,pf__MAIN__B_dot2_u_w32__tree__cfg0,MAIN,B_dot2_u_w32,tree,32,netlists/MAIN/B_dot2_u_w32__tree.aig,-dot=2 -dyn -p -c -no-steps,-dyn -p -c,CORRECT,False,,TIMEOUT,TIMEOUT,"time budget 300 s exhausted (inner SIGKILL, monotonic clock)",303.88,,159.6,,,300,,W=32;family=B;build=MAIN;arch=tree;trim=all six configs timed out at W16
portfolio_w32,pf__MAIN__B_mac_u_w32__norm__cfg0,MAIN,B_mac_u_w32,norm,32,netlists/MAIN/B_mac_u_w32__norm.aig,-mac -dyn -p -c -no-steps,-dyn -p -c,CORRECT,False,,TIMEOUT,TIMEOUT,"time budget 300 s exhausted (inner SIGKILL, monotonic clock)",303.05,,84.3,,,300,,W=32;family=B;build=MAIN;arch=norm
portfolio_w32,pf__MAIN__A_mul_s_w32__booth_lp__cfg2,MAIN,A_mul_s_w32,booth_lp,32,netlists/MAIN/A_mul_s_w32__booth_lp.aig,-mul -s -ipc -p -c -no-steps,-ipc -p -c,CORRECT,False,,TIMEOUT,TIMEOUT,"time budget 300 s exhausted (inner SIGKILL, monotonic clock)",302.48,,305.4,,,300,,W=32;family=A;build=MAIN;arch=booth_lp;trim=all six configs timed out at W16
portfolio_w32,pf__MAIN__A_mul_u_w32__norm__cfg1,MAIN,A_mul_u_w32,norm,32,netlists/MAIN/A_mul_u_w32__norm.aig,-mul -idx -p -c -no-steps,-idx -p -c,CORRECT,False,,TIMEOUT,TIMEOUT,"time budget 300 s exhausted (inner SIGKILL, monotonic clock)",302.53,,609.5,,,300,,W=32;family=A;build=MAIN;arch=norm
portfolio_w32,pf__MAIN__B_dot2_u_w32__norm__cfg2,MAIN,B_dot2_u_w32,norm,32,netlists/MAIN/B_dot2_u_w32__norm.aig,-dot=2 -ipc -p -c -no-steps,-ipc -p -c,CORRECT,False,,TIMEOUT,TIMEOUT,"time budget 300 s exhausted (inner SIGKILL, monotonic clock)",302.59,,314.9,,,300,,W=32;family=B;build=MAIN;arch=norm;trim=all six configs timed out at W16
portfolio_w32,pf__MAIN__B_dot2_u_w32__tree__cfg2,MAIN,B_dot2_u_w32,tree,32,netlists/MAIN/B_dot2_u_w32__tree.aig,-dot=2 -ipc -p -c -no-steps,-ipc -p -c,CORRECT,False,,TIMEOUT,TIMEOUT,"time budget 300 s exhausted (inner SIGKILL, monotonic clock)",302.62,,661.4,,,300,,W=32;family=B;build=MAIN;arch=tree;trim=all six configs timed out at W16
portfolio_w32,pf__MAIN__B_mac_u_w32__norm__cfg1,MAIN,B_mac_u_w32,norm,32,netlists/MAIN/B_mac_u_w32__norm.aig,-mac -idx -p -c -no-steps,-idx -p -c,CORRECT,False,,TIMEOUT,TIMEOUT,"time budget 300 s exhausted (inner SIGKILL, monotonic clock)",302.56,,446.3,,,300,,W=32;family=B;build=MAIN;arch=norm
portfolio_w32,pf__MAIN__B_mac_s_w32__tree__cfg0,MAIN,B_mac_s_w32,tree,32,netlists/MAIN/B_mac_s_w32__tree.aig,-mac -s -dyn -p -c -no-steps,-dyn -p -c,INCORRECT,False,Buggy,RESULT,FAIL,remainder witness replays as a real mismatch,61.22,58.9329,59.7,11332,10992,300,,W=32;family=B;build=MAIN;arch=tree
portfolio_w32,pf__PATCH__B_mac_s_w32__tree__cfg0,PATCH,B_mac_s_w32,tree,32,netlists/PATCH/B_mac_s_w32__tree.aig,-mac -s -dyn -p -c -no-steps,-dyn -p -c,CORRECT,False,Correct,RESULT,PASS,oracle 4096 corner + 16384 random,65.31,62.9351,59.5,11332,10992,300,,W=32;family=B;build=PATCH;arch=tree
portfolio_w32,pf__MAIN__B_mac_s_w32__tree__cfg1,MAIN,B_mac_s_w32,tree,32,netlists/MAIN/B_mac_s_w32__tree.aig,-mac -s -idx -p -c -no-steps,-idx -p -c,INCORRECT,False,Buggy,RESULT,FAIL,remainder witness replays as a real mismatch,11.59,9.53766,28.7,1154,10992,300,,W=32;family=B;build=MAIN;arch=tree
portfolio_w32,pf__MAIN__B_dot2_u_w16__tree_ripple__cfg5,MAIN,B_dot2_u_w16,tree_ripple,16,netlists/MAIN/B_dot2_u_w16__tree_ripple.aig,-dot=2 -igsm -p -c -no-steps,-igsm -p -c,CORRECT,False,,TIMEOUT,TIMEOUT,"time budget 120 s exhausted (inner SIGKILL, monotonic clock)",1091.82,,196.5,,,120,"timing unreliable: wall time exceeds the budget by > 60 s (WSL clock resync of ~26,700 s, or container start/teardown delay under load); TRACE itself was bounded by the in-container timeout, so the verdict is unaffected",W=16;family=B;build=MAIN;arch=tree_ripple
portfolio_w32,pf__MAIN__B_mac_u_w32__tree__cfg0,MAIN,B_mac_u_w32,tree,32,netlists/MAIN/B_mac_u_w32__tree.aig,-mac -dyn -p -c -no-steps,-dyn -p -c,CORRECT,False,,TIMEOUT,TIMEOUT,"time budget 300 s exhausted (inner SIGKILL, monotonic clock)",1272.13,,220.8,,,300,"timing unreliable: wall time exceeds the budget by > 60 s (WSL clock resync of ~26,700 s, or container start/teardown delay under load); TRACE itself was bounded by the in-container timeout, so the verdict is unaffected",W=32;family=B;build=MAIN;arch=tree
portfolio_w32,pf__MAIN__B_mac_s_w16__tree_fa__cfg4,MAIN,B_mac_s_w16,tree_fa,16,netlists/MAIN/B_mac_s_w16__tree_fa.aig,-mac -s -ips -p -c -no-steps,-ips -p -c,INCORRECT,False,Buggy,RESULT,FAIL,remainder witness replays as a real mismatch,93.16,91.2786,99.2,322,2888,120,,W=16;family=B;build=MAIN;arch=tree_fa
portfolio_w32,pf__MAIN__B_mac_s_w16__tree_fa__cfg5,MAIN,B_mac_s_w16,tree_fa,16,netlists/MAIN/B_mac_s_w16__tree_fa.aig,-mac -s -igsm -p -c -no-steps,-igsm -p -c,INCORRECT,False,Buggy,RESULT,FAIL,remainder witness replays as a real mismatch,1.96,0.637141,7.7,322,2888,120,,W=16;family=B;build=MAIN;arch=tree_fa
portfolio_w32,pf__MAIN__A_mul_u_w32__norm__cfg2,MAIN,A_mul_u_w32,norm,32,netlists/MAIN/A_mul_u_w32__norm.aig,-mul -ipc -p -c -no-steps,-ipc -p -c,CORRECT,False,,TIMEOUT,TIMEOUT,"time budget 300 s exhausted (inner SIGKILL, monotonic clock)",1272.41,,643.3,,,300,"timing unreliable: wall time exceeds the budget by > 60 s (WSL clock resync of ~26,700 s, or container start/teardown delay under load); TRACE itself was bounded by the in-container timeout, so the verdict is unaffected",W=32;family=A;build=MAIN;arch=norm
portfolio_w32,pf__MAIN__B_mac_u_w32__norm__cfg2,MAIN,B_mac_u_w32,norm,32,netlists/MAIN/B_mac_u_w32__norm.aig,-mac -ipc -p -c -no-steps,-ipc -p -c,CORRECT,False,,TIMEOUT,TIMEOUT,"time budget 300 s exhausted (inner SIGKILL, monotonic clock)",1272.35,,593.6,,,300,"timing unreliable: wall time exceeds the budget by > 60 s (WSL clock resync of ~26,700 s, or container start/teardown delay under load); TRACE itself was bounded by the in-container timeout, so the verdict is unaffected",W=32;family=B;build=MAIN;arch=norm
portfolio_w32,pf__MAIN__B_mac_s_w32__tree__cfg2,MAIN,B_mac_s_w32,tree,32,netlists/MAIN/B_mac_s_w32__tree.aig,-mac -s -ipc -p -c -no-steps,-ipc -p -c,INCORRECT,False,,TIMEOUT,TIMEOUT,"time budget 300 s exhausted (inner SIGKILL, monotonic clock)",1272.40,,1114.7,,,300,"timing unreliable: wall time exceeds the budget by > 60 s (WSL clock resync of ~26,700 s, or container start/teardown delay under load); TRACE itself was bounded by the in-container timeout, so the verdict is unaffected",W=32;family=B;build=MAIN;arch=tree
portfolio_w32,pf__MAIN__B_mac_s_w16__tree_pre__cfg4,MAIN,B_mac_s_w16,tree_pre,16,netlists/MAIN/B_mac_s_w16__tree_pre.aig,-mac -s -ips -p -c -no-steps,-ips -p -c,INCORRECT,False,,TIMEOUT,TIMEOUT,"time budget 120 s exhausted (inner SIGKILL, monotonic clock)",121.96,,107.0,,,120,,W=16;family=B;build=MAIN;arch=tree_pre
portfolio_w32,pf__MAIN__B_mac_s_w16__tree_pre__cfg5,MAIN,B_mac_s_w16,tree_pre,16,netlists/MAIN/B_mac_s_w16__tree_pre.aig,-mac -s -igsm -p -c -no-steps,-igsm -p -c,INCORRECT,False,,TIMEOUT,TIMEOUT,"time budget 120 s exhausted (inner SIGKILL, monotonic clock)",122.44,,379.6,,,120,,W=16;family=B;build=MAIN;arch=tree_pre
portfolio_w32,pf__MAIN__B_mac_u_w32__tree__cfg1,MAIN,B_mac_u_w32,tree,32,netlists/MAIN/B_mac_u_w32__tree.aig,-mac -idx -p -c -no-steps,-idx -p -c,CORRECT,False,,TIMEOUT,TIMEOUT,"time budget 300 s exhausted (inner SIGKILL, monotonic clock)",302.39,,542.1,,,300,,W=32;family=B;build=MAIN;arch=tree
portfolio_w32,pf__MAIN__A_mul_u_w32__norm__cfg3,MAIN,A_mul_u_w32,norm,32,netlists/MAIN/A_mul_u_w32__norm.aig,-mul -igs -p -c -no-steps,-igs -p -c,CORRECT,False,,TIMEOUT,TIMEOUT,"time budget 300 s exhausted (inner SIGKILL, monotonic clock)",302.28,,335.1,,,300,,W=32;family=A;build=MAIN;arch=norm
portfolio_w32,pf__MAIN__B_mac_s_w16__tree_ripple__cfg4,MAIN,B_mac_s_w16,tree_ripple,16,netlists/MAIN/B_mac_s_w16__tree_ripple.aig,-mac -s -ips -p -c -no-steps,-ips -p -c,INCORRECT,False,Buggy,RESULT,FAIL,remainder witness replays as a real mismatch,92.15,90.4282,234.8,322,2859,120,,W=16;family=B;build=MAIN;arch=tree_ripple
portfolio_w32,pf__MAIN__B_mac_s_w16__tree_ripple__cfg5,MAIN,B_mac_s_w16,tree_ripple,16,netlists/MAIN/B_mac_s_w16__tree_ripple.aig,-mac -s -igsm -p -c -no-steps,-igsm -p -c,INCORRECT,False,Buggy,RESULT,FAIL,remainder witness replays as a real mismatch,2.34,0.544442,7.7,322,2859,120,,W=16;family=B;build=MAIN;arch=tree_ripple
portfolio_w32,pf__MAIN__B_mac_u_w32__norm__cfg3,MAIN,B_mac_u_w32,norm,32,netlists/MAIN/B_mac_u_w32__norm.aig,-mac -igs -p -c -no-steps,-igs -p -c,CORRECT,False,,TIMEOUT,TIMEOUT,"time budget 300 s exhausted (inner SIGKILL, monotonic clock)",302.27,,500.8,,,300,,W=32;family=B;build=MAIN;arch=norm
portfolio_w32,pf__MAIN__B_mac_s_w32__tree__cfg3,MAIN,B_mac_s_w32,tree,32,netlists/MAIN/B_mac_s_w32__tree.aig,-mac -s -igs -p -c -no-steps,-igs -p -c,INCORRECT,False,,TIMEOUT,TIMEOUT,"time budget 300 s exhausted (inner SIGKILL, monotonic clock)",302.46,,676.5,,,300,,W=32;family=B;build=MAIN;arch=tree
portfolio_w32,pf__MAIN__MUT_accum_mac_u_w16__norm__cfg1,MAIN,MUT_accum_mac_u_w16,norm,16,netlists/MAIN/MUT_accum_mac_u_w16__norm.aig,-mac -idx -p -c -no-steps,-idx -p -c,INCORRECT,False,,TIMEOUT,TIMEOUT,"time budget 120 s exhausted (inner SIGKILL, monotonic clock)",122.11,,254.4,,,120,,W=16;family=MUT;build=MAIN;arch=norm
portfolio_w32,pf__MAIN__B_mac_u_w32__tree__cfg2,MAIN,B_mac_u_w32,tree,32,netlists/MAIN/B_mac_u_w32__tree.aig,-mac -ipc -p -c -no-steps,-ipc -p -c,CORRECT,False,Correct,RESULT,PASS,oracle 4096 corner + 16384 random,270.72,268.838,145.9,1154,10690,300,,W=32;family=B;build=MAIN;arch=tree
portfolio_w32,pf__MAIN__MUT_accum_mac_u_w16__norm__cfg2,MAIN,MUT_accum_mac_u_w16,norm,16,netlists/MAIN/MUT_accum_mac_u_w16__norm.aig,-mac -ipc -p -c -no-steps,-ipc -p -c,INCORRECT,False,,TIMEOUT,TIMEOUT,"time budget 120 s exhausted (inner SIGKILL, monotonic clock)",121.90,,204.0,,,120,,W=16;family=MUT;build=MAIN;arch=norm
portfolio_w32,pf__MAIN__A_mul_u_w32__norm__cfg4,MAIN,A_mul_u_w32,norm,32,netlists/MAIN/A_mul_u_w32__norm.aig,-mul -ips -p -c -no-steps,-ips -p -c,CORRECT,False,,TIMEOUT,TIMEOUT,"time budget 300 s exhausted (inner SIGKILL, monotonic clock)",302.55,,501.3,,,300,,W=32;family=A;build=MAIN;arch=norm
portfolio_w32,pf__MAIN__B_mac_u_w32__norm__cfg4,MAIN,B_mac_u_w32,norm,32,netlists/MAIN/B_mac_u_w32__norm.aig,-mac -ips -p -c -no-steps,-ips -p -c,CORRECT,False,,TIMEOUT,TIMEOUT,"time budget 300 s exhausted (inner SIGKILL, monotonic clock)",302.12,,456.7,,,300,,W=32;family=B;build=MAIN;arch=norm
portfolio_w32,pf__MAIN__MUT_accum_mac_u_w16__tree__cfg0,MAIN,MUT_accum_mac_u_w16,tree,16,netlists/MAIN/MUT_accum_mac_u_w16__tree.aig,-mac -dyn -p -c -no-steps,-dyn -p -c,INCORRECT,False,,TIMEOUT,TIMEOUT,"time budget 120 s exhausted (inner SIGKILL, monotonic clock)",121.61,,98.8,,,120,,W=16;family=MUT;build=MAIN;arch=tree
portfolio_w32,pf__MAIN__B_mac_s_w32__tree__cfg4,MAIN,B_mac_s_w32,tree,32,netlists/MAIN/B_mac_s_w32__tree.aig,-mac -s -ips -p -c -no-steps,-ips -p -c,INCORRECT,False,,TIMEOUT,TIMEOUT,"time budget 300 s exhausted (inner SIGKILL, monotonic clock)",302.29,,719.1,,,300,,W=32;family=B;build=MAIN;arch=tree
portfolio_w32,pf__MAIN__MUT_accum_mac_u_w16__norm__cfg3,MAIN,MUT_accum_mac_u_w16,norm,16,netlists/MAIN/MUT_accum_mac_u_w16__norm.aig,-mac -igs -p -c -no-steps,-igs -p -c,INCORRECT,False,,TIMEOUT,TIMEOUT,"time budget 120 s exhausted (inner SIGKILL, monotonic clock)",121.76,,282.1,,,120,,W=16;family=MUT;build=MAIN;arch=norm
portfolio_w32,pf__MAIN__MUT_accum_mac_u_w16__tree__cfg1,MAIN,MUT_accum_mac_u_w16,tree,16,netlists/MAIN/MUT_accum_mac_u_w16__tree.aig,-mac -idx -p -c -no-steps,-idx -p -c,INCORRECT,False,,TIMEOUT,TIMEOUT,"time budget 120 s exhausted (inner SIGKILL, monotonic clock)",121.99,,216.2,,,120,,W=16;family=MUT;build=MAIN;arch=tree
portfolio_w32,pf__MAIN__MUT_accum_mac_u_w16__norm__cfg4,MAIN,MUT_accum_mac_u_w16,norm,16,netlists/MAIN/MUT_accum_mac_u_w16__norm.aig,-mac -ips -p -c -no-steps,-ips -p -c,INCORRECT,False,,TIMEOUT,TIMEOUT,"time budget 120 s exhausted (inner SIGKILL, monotonic clock)",122.62,,184.3,,,120,,W=16;family=MUT;build=MAIN;arch=norm
portfolio_w32,pf__MAIN__A_mul_u_w32__norm__cfg5,MAIN,A_mul_u_w32,norm,32,netlists/MAIN/A_mul_u_w32__norm.aig,-mul -igsm -p -c -no-steps,-igsm -p -c,CORRECT,False,,TIMEOUT,TIMEOUT,"time budget 300 s exhausted (inner SIGKILL, monotonic clock)",302.39,,627.5,,,300,,W=32;family=A;build=MAIN;arch=norm
portfolio_w32,pf__MAIN__MUT_accum_mac_u_w16__tree__cfg2,MAIN,MUT_accum_mac_u_w16,tree,16,netlists/MAIN/MUT_accum_mac_u_w16__tree.aig,-mac -ipc -p -c -no-steps,-ipc -p -c,INCORRECT,False,,TIMEOUT,TIMEOUT,"time budget 120 s exhausted (inner SIGKILL, monotonic clock)",121.57,,246.0,,,120,,W=16;family=MUT;build=MAIN;arch=tree
portfolio_w32,pf__MAIN__MUT_accum_mac_u_w16__norm__cfg5,MAIN,MUT_accum_mac_u_w16,norm,16,netlists/MAIN/MUT_accum_mac_u_w16__norm.aig,-mac -igsm -p -c -no-steps,-igsm -p -c,INCORRECT,False,,TIMEOUT,TIMEOUT,"time budget 120 s exhausted (inner SIGKILL, monotonic clock)",121.57,,213.3,,,120,,W=16;family=MUT;build=MAIN;arch=norm
portfolio_w32,pf__MAIN__B_mac_u_w32__norm__cfg5,MAIN,B_mac_u_w32,norm,32,netlists/MAIN/B_mac_u_w32__norm.aig,-mac -igsm -p -c -no-steps,-igsm -p -c,CORRECT,False,,TIMEOUT,TIMEOUT,"time budget 300 s exhausted (inner SIGKILL, monotonic clock)",302.04,,903.5,,,300,,W=32;family=B;build=MAIN;arch=norm
portfolio_w32,pf__MAIN__B_mac_s_w32__tree__cfg5,MAIN,B_mac_s_w32,tree,32,netlists/MAIN/B_mac_s_w32__tree.aig,-mac -s -igsm -p -c -no-steps,-igsm -p -c,INCORRECT,False,,TIMEOUT,TIMEOUT,"time budget 300 s exhausted (inner SIGKILL, monotonic clock)",302.12,,867.8,,,300,,W=32;family=B;build=MAIN;arch=tree
portfolio_w32,pf__MAIN__MUT_plus1_dot2_u_w16__norm__cfg0,MAIN,MUT_plus1_dot2_u_w16,norm,16,netlists/MAIN/MUT_plus1_dot2_u_w16__norm.aig,-dot=2 -dyn -p -c -no-steps,-dyn -p -c,INCORRECT,False,,TIMEOUT,TIMEOUT,"time budget 120 s exhausted (inner SIGKILL, monotonic clock)",121.70,,94.1,,,120,,W=16;family=MUT;build=MAIN;arch=norm
portfolio_w32,pf__MAIN__MUT_accum_mac_u_w16__tree__cfg3,MAIN,MUT_accum_mac_u_w16,tree,16,netlists/MAIN/MUT_accum_mac_u_w16__tree.aig,-mac -igs -p -c -no-steps,-igs -p -c,INCORRECT,False,,TIMEOUT,TIMEOUT,"time budget 120 s exhausted (inner SIGKILL, monotonic clock)",121.69,,287.7,,,120,,W=16;family=MUT;build=MAIN;arch=tree
portfolio_w32,pf__MAIN__MUT_plus1_dot2_u_w16__tree__cfg0,MAIN,MUT_plus1_dot2_u_w16,tree,16,netlists/MAIN/MUT_plus1_dot2_u_w16__tree.aig,-dot=2 -dyn -p -c -no-steps,-dyn -p -c,INCORRECT,False,,TIMEOUT,TIMEOUT,"time budget 120 s exhausted (inner SIGKILL, monotonic clock)",121.44,,42.2,,,120,,W=16;family=MUT;build=MAIN;arch=tree
portfolio_w32,pf__MAIN__MUT_signext_mac_s_w16__norm__cfg0,MAIN,MUT_signext_mac_s_w16,norm,16,netlists/MAIN/MUT_signext_mac_s_w16__norm.aig,-mac -s -dyn -p -c -no-steps,-dyn -p -c,INCORRECT,False,,TIMEOUT,TIMEOUT,"time budget 120 s exhausted (inner SIGKILL, monotonic clock)",121.71,,85.5,,,120,,W=16;family=MUT;build=MAIN;arch=norm
portfolio_w32,pf__MAIN__MUT_signext_mac_s_w16__tree__cfg0,MAIN,MUT_signext_mac_s_w16,tree,16,netlists/MAIN/MUT_signext_mac_s_w16__tree.aig,-mac -s -dyn -p -c -no-steps,-dyn -p -c,INCORRECT,False,,TIMEOUT,TIMEOUT,"time budget 120 s exhausted (inner SIGKILL, monotonic clock)",121.70,,93.4,,,120,,W=16;family=MUT;build=MAIN;arch=tree
portfolio_w32,pf__MAIN__MUT_plus1_dot2_u_w16__norm__cfg1,MAIN,MUT_plus1_dot2_u_w16,norm,16,netlists/MAIN/MUT_plus1_dot2_u_w16__norm.aig,-dot=2 -idx -p -c -no-steps,-idx -p -c,INCORRECT,False,,TIMEOUT,TIMEOUT,"time budget 120 s exhausted (inner SIGKILL, monotonic clock)",121.74,,204.1,,,120,,W=16;family=MUT;build=MAIN;arch=norm
portfolio_w32,pf__MAIN__MUT_accum_mac_u_w16__tree__cfg4,MAIN,MUT_accum_mac_u_w16,tree,16,netlists/MAIN/MUT_accum_mac_u_w16__tree.aig,-mac -ips -p -c -no-steps,-ips -p -c,INCORRECT,False,,TIMEOUT,TIMEOUT,"time budget 120 s exhausted (inner SIGKILL, monotonic clock)",121.84,,194.4,,,120,,W=16;family=MUT;build=MAIN;arch=tree
portfolio_w32,pf__MAIN__MUT_plus1_dot2_u_w16__tree__cfg1,MAIN,MUT_plus1_dot2_u_w16,tree,16,netlists/MAIN/MUT_plus1_dot2_u_w16__tree.aig,-dot=2 -idx -p -c -no-steps,-idx -p -c,INCORRECT,False,,TIMEOUT,TIMEOUT,"time budget 120 s exhausted (inner SIGKILL, monotonic clock)",121.33,,112.7,,,120,,W=16;family=MUT;build=MAIN;arch=tree
portfolio_w32,pf__MAIN__MUT_signext_mac_s_w16__norm__cfg1,MAIN,MUT_signext_mac_s_w16,norm,16,netlists/MAIN/MUT_signext_mac_s_w16__norm.aig,-mac -s -idx -p -c -no-steps,-idx -p -c,INCORRECT,False,,TIMEOUT,TIMEOUT,"time budget 120 s exhausted (inner SIGKILL, monotonic clock)",121.69,,221.1,,,120,,W=16;family=MUT;build=MAIN;arch=norm
portfolio_w32,pf__MAIN__MUT_signext_mac_s_w16__tree__cfg1,MAIN,MUT_signext_mac_s_w16,tree,16,netlists/MAIN/MUT_signext_mac_s_w16__tree.aig,-mac -s -idx -p -c -no-steps,-idx -p -c,INCORRECT,False,,TIMEOUT,TIMEOUT,"time budget 120 s exhausted (inner SIGKILL, monotonic clock)",121.75,,221.2,,,120,,W=16;family=MUT;build=MAIN;arch=tree
portfolio_w32,pf__MAIN__MUT_plus1_dot2_u_w16__norm__cfg2,MAIN,MUT_plus1_dot2_u_w16,norm,16,netlists/MAIN/MUT_plus1_dot2_u_w16__norm.aig,-dot=2 -ipc -p -c -no-steps,-ipc -p -c,INCORRECT,False,,TIMEOUT,TIMEOUT,"time budget 120 s exhausted (inner SIGKILL, monotonic clock)",121.86,,214.7,,,120,,W=16;family=MUT;build=MAIN;arch=norm
portfolio_w32,pf__MAIN__MUT_accum_mac_u_w16__tree__cfg5,MAIN,MUT_accum_mac_u_w16,tree,16,netlists/MAIN/MUT_accum_mac_u_w16__tree.aig,-mac -igsm -p -c -no-steps,-igsm -p -c,INCORRECT,False,,TIMEOUT,TIMEOUT,"time budget 120 s exhausted (inner SIGKILL, monotonic clock)",121.90,,232.7,,,120,,W=16;family=MUT;build=MAIN;arch=tree
portfolio_w32,pf__MAIN__MUT_plus1_dot2_u_w16__tree__cfg2,MAIN,MUT_plus1_dot2_u_w16,tree,16,netlists/MAIN/MUT_plus1_dot2_u_w16__tree.aig,-dot=2 -ipc -p -c -no-steps,-ipc -p -c,INCORRECT,False,,TIMEOUT,TIMEOUT,"time budget 120 s exhausted (inner SIGKILL, monotonic clock)",121.72,,198.8,,,120,,W=16;family=MUT;build=MAIN;arch=tree
portfolio_w32,pf__MAIN__MUT_signext_mac_s_w16__norm__cfg2,MAIN,MUT_signext_mac_s_w16,norm,16,netlists/MAIN/MUT_signext_mac_s_w16__norm.aig,-mac -s -ipc -p -c -no-steps,-ipc -p -c,INCORRECT,False,,TIMEOUT,TIMEOUT,"time budget 120 s exhausted (inner SIGKILL, monotonic clock)",121.58,,209.8,,,120,,W=16;family=MUT;build=MAIN;arch=norm
portfolio_w32,pf__MAIN__MUT_signext_mac_s_w16__tree__cfg2,MAIN,MUT_signext_mac_s_w16,tree,16,netlists/MAIN/MUT_signext_mac_s_w16__tree.aig,-mac -s -ipc -p -c -no-steps,-ipc -p -c,INCORRECT,False,,TIMEOUT,TIMEOUT,"time budget 120 s exhausted (inner SIGKILL, monotonic clock)",121.71,,209.9,,,120,,W=16;family=MUT;build=MAIN;arch=tree
portfolio_w32,pf__MAIN__MUT_plus1_dot2_u_w16__norm__cfg3,MAIN,MUT_plus1_dot2_u_w16,norm,16,netlists/MAIN/MUT_plus1_dot2_u_w16__norm.aig,-dot=2 -igs -p -c -no-steps,-igs -p -c,INCORRECT,False,,TIMEOUT,TIMEOUT,"time budget 120 s exhausted (inner SIGKILL, monotonic clock)",121.82,,309.7,,,120,,W=16;family=MUT;build=MAIN;arch=norm
portfolio_w32,pf__MAIN__MUT_trunc_mul_u_w16__booth__cfg0,MAIN,MUT_trunc_mul_u_w16,booth,16,netlists/MAIN/MUT_trunc_mul_u_w16__booth.aig,-mul -dyn -p -c -no-steps,-dyn -p -c,INCORRECT,False,,TIMEOUT,TIMEOUT,"time budget 120 s exhausted (inner SIGKILL, monotonic clock)",121.72,,69.0,,,120,,W=16;family=MUT;build=MAIN;arch=booth
portfolio_w32,pf__MAIN__MUT_plus1_dot2_u_w16__tree__cfg3,MAIN,MUT_plus1_dot2_u_w16,tree,16,netlists/MAIN/MUT_plus1_dot2_u_w16__tree.aig,-dot=2 -igs -p -c -no-steps,-igs -p -c,INCORRECT,False,,TIMEOUT,TIMEOUT,"time budget 120 s exhausted (inner SIGKILL, monotonic clock)",121.82,,438.9,,,120,,W=16;family=MUT;build=MAIN;arch=tree
portfolio_w32,pf__MAIN__MUT_signext_mac_s_w16__norm__cfg3,MAIN,MUT_signext_mac_s_w16,norm,16,netlists/MAIN/MUT_signext_mac_s_w16__norm.aig,-mac -s -igs -p -c -no-steps,-igs -p -c,INCORRECT,False,,TIMEOUT,TIMEOUT,"time budget 120 s exhausted (inner SIGKILL, monotonic clock)",121.59,,274.6,,,120,,W=16;family=MUT;build=MAIN;arch=norm
portfolio_w32,pf__MAIN__MUT_signext_mac_s_w16__tree__cfg3,MAIN,MUT_signext_mac_s_w16,tree,16,netlists/MAIN/MUT_signext_mac_s_w16__tree.aig,-mac -s -igs -p -c -no-steps,-igs -p -c,INCORRECT,False,,TIMEOUT,TIMEOUT,"time budget 120 s exhausted (inner SIGKILL, monotonic clock)",121.80,,258.5,,,120,,W=16;family=MUT;build=MAIN;arch=tree
portfolio_w32,pf__MAIN__MUT_plus1_dot2_u_w16__norm__cfg4,MAIN,MUT_plus1_dot2_u_w16,norm,16,netlists/MAIN/MUT_plus1_dot2_u_w16__norm.aig,-dot=2 -ips -p -c -no-steps,-ips -p -c,INCORRECT,False,,TIMEOUT,TIMEOUT,"time budget 120 s exhausted (inner SIGKILL, monotonic clock)",121.78,,134.9,,,120,,W=16;family=MUT;build=MAIN;arch=norm
portfolio_w32,pf__MAIN__MUT_trunc_mul_u_w16__booth__cfg1,MAIN,MUT_trunc_mul_u_w16,booth,16,netlists/MAIN/MUT_trunc_mul_u_w16__booth.aig,-mul -idx -p -c -no-steps,-idx -p -c,INCORRECT,False,,TIMEOUT,TIMEOUT,"time budget 120 s exhausted (inner SIGKILL, monotonic clock)",121.97,,182.1,,,120,,W=16;family=MUT;build=MAIN;arch=booth
portfolio_w32,pf__MAIN__MUT_plus1_dot2_u_w16__tree__cfg4,MAIN,MUT_plus1_dot2_u_w16,tree,16,netlists/MAIN/MUT_plus1_dot2_u_w16__tree.aig,-dot=2 -ips -p -c -no-steps,-ips -p -c,INCORRECT,False,,TIMEOUT,TIMEOUT,"time budget 120 s exhausted (inner SIGKILL, monotonic clock)",121.57,,150.7,,,120,,W=16;family=MUT;build=MAIN;arch=tree
portfolio_w32,pf__MAIN__MUT_signext_mac_s_w16__norm__cfg4,MAIN,MUT_signext_mac_s_w16,norm,16,netlists/MAIN/MUT_signext_mac_s_w16__norm.aig,-mac -s -ips -p -c -no-steps,-ips -p -c,INCORRECT,False,,TIMEOUT,TIMEOUT,"time budget 120 s exhausted (inner SIGKILL, monotonic clock)",121.68,,167.2,,,120,,W=16;family=MUT;build=MAIN;arch=norm
portfolio_w32,pf__MAIN__MUT_signext_mac_s_w16__tree__cfg4,MAIN,MUT_signext_mac_s_w16,tree,16,netlists/MAIN/MUT_signext_mac_s_w16__tree.aig,-mac -s -ips -p -c -no-steps,-ips -p -c,INCORRECT,False,,TIMEOUT,TIMEOUT,"time budget 120 s exhausted (inner SIGKILL, monotonic clock)",121.63,,167.6,,,120,,W=16;family=MUT;build=MAIN;arch=tree
portfolio_w32,pf__MAIN__MUT_plus1_dot2_u_w16__norm__cfg5,MAIN,MUT_plus1_dot2_u_w16,norm,16,netlists/MAIN/MUT_plus1_dot2_u_w16__norm.aig,-dot=2 -igsm -p -c -no-steps,-igsm -p -c,INCORRECT,False,,TIMEOUT,TIMEOUT,"time budget 120 s exhausted (inner SIGKILL, monotonic clock)",121.62,,199.1,,,120,,W=16;family=MUT;build=MAIN;arch=norm
portfolio_w32,pf__MAIN__MUT_trunc_mul_u_w16__booth__cfg2,MAIN,MUT_trunc_mul_u_w16,booth,16,netlists/MAIN/MUT_trunc_mul_u_w16__booth.aig,-mul -ipc -p -c -no-steps,-ipc -p -c,INCORRECT,False,,TIMEOUT,TIMEOUT,"time budget 120 s exhausted (inner SIGKILL, monotonic clock)",121.65,,155.6,,,120,,W=16;family=MUT;build=MAIN;arch=booth
portfolio_w32,pf__MAIN__MUT_plus1_dot2_u_w16__tree__cfg5,MAIN,MUT_plus1_dot2_u_w16,tree,16,netlists/MAIN/MUT_plus1_dot2_u_w16__tree.aig,-dot=2 -igsm -p -c -no-steps,-igsm -p -c,INCORRECT,False,,TIMEOUT,TIMEOUT,"time budget 120 s exhausted (inner SIGKILL, monotonic clock)",121.51,,189.4,,,120,,W=16;family=MUT;build=MAIN;arch=tree
portfolio_w32,pf__MAIN__MUT_signext_mac_s_w16__norm__cfg5,MAIN,MUT_signext_mac_s_w16,norm,16,netlists/MAIN/MUT_signext_mac_s_w16__norm.aig,-mac -s -igsm -p -c -no-steps,-igsm -p -c,INCORRECT,False,,TIMEOUT,TIMEOUT,"time budget 120 s exhausted (inner SIGKILL, monotonic clock)",121.44,,191.8,,,120,,W=16;family=MUT;build=MAIN;arch=norm
portfolio_w32,pf__MAIN__A_mul_s_w24__booth__cfg0,MAIN,A_mul_s_w24,booth,24,netlists/MAIN/A_mul_s_w24__booth.aig,-mul -s -dyn -p -c -no-steps,-dyn -p -c,CORRECT,False,Correct,RESULT,PASS,oracle 4096 corner + 16384 random,6.68,4.62098,19.9,1632,4669,240,,W=24;family=A;build=MAIN;arch=booth
portfolio_w32,pf__MAIN__A_mul_u_w24__booth__cfg0,MAIN,A_mul_u_w24,booth,24,netlists/MAIN/A_mul_u_w24__booth.aig,-mul -dyn -p -c -no-steps,-dyn -p -c,CORRECT,False,Correct,RESULT,PASS,oracle 4096 corner + 16384 random,8.33,6.48671,22.2,1845,4972,240,,W=24;family=A;build=MAIN;arch=booth
portfolio_w32,pf__MAIN__A_mul_s_w24__norm__cfg0,MAIN,A_mul_s_w24,norm,24,netlists/MAIN/A_mul_s_w24__norm.aig,-mul -s -dyn -p -c -no-steps,-dyn -p -c,CORRECT,False,Correct,RESULT,PASS,oracle 4096 corner + 16384 random,17.31,15.6265,30.8,6295,6718,240,,W=24;family=A;build=MAIN;arch=norm
portfolio_w32,pf__MAIN__MUT_signext_mac_s_w16__tree__cfg5,MAIN,MUT_signext_mac_s_w16,tree,16,netlists/MAIN/MUT_signext_mac_s_w16__tree.aig,-mac -s -igsm -p -c -no-steps,-igsm -p -c,INCORRECT,False,,TIMEOUT,TIMEOUT,"time budget 120 s exhausted (inner SIGKILL, monotonic clock)",121.71,,167.4,,,120,,W=16;family=MUT;build=MAIN;arch=tree
portfolio_w32,pf__MAIN__MUT_trunc_mul_u_w16__norm__cfg0,MAIN,MUT_trunc_mul_u_w16,norm,16,netlists/MAIN/MUT_trunc_mul_u_w16__norm.aig,-mul -dyn -p -c -no-steps,-dyn -p -c,INCORRECT,False,,TIMEOUT,TIMEOUT,"time budget 120 s exhausted (inner SIGKILL, monotonic clock)",121.69,,69.5,,,120,,W=16;family=MUT;build=MAIN;arch=norm
portfolio_w32,pf__MAIN__MUT_trunc_mul_u_w16__booth__cfg3,MAIN,MUT_trunc_mul_u_w16,booth,16,netlists/MAIN/MUT_trunc_mul_u_w16__booth.aig,-mul -igs -p -c -no-steps,-igs -p -c,INCORRECT,False,,TIMEOUT,TIMEOUT,"time budget 120 s exhausted (inner SIGKILL, monotonic clock)",121.48,,244.8,,,120,,W=16;family=MUT;build=MAIN;arch=booth
portfolio_w32,pf__MAIN__MUT_trunc_mul_u_w16__norm__cfg1,MAIN,MUT_trunc_mul_u_w16,norm,16,netlists/MAIN/MUT_trunc_mul_u_w16__norm.aig,-mul -idx -p -c -no-steps,-idx -p -c,INCORRECT,False,,TIMEOUT,TIMEOUT,"time budget 120 s exhausted (inner SIGKILL, monotonic clock)",121.75,,187.8,,,120,,W=16;family=MUT;build=MAIN;arch=norm
portfolio_w32,pf__MAIN__MUT_trunc_mul_u_w16__booth__cfg4,MAIN,MUT_trunc_mul_u_w16,booth,16,netlists/MAIN/MUT_trunc_mul_u_w16__booth.aig,-mul -ips -p -c -no-steps,-ips -p -c,INCORRECT,False,,TIMEOUT,TIMEOUT,"time budget 120 s exhausted (inner SIGKILL, monotonic clock)",121.71,,111.1,,,120,,W=16;family=MUT;build=MAIN;arch=booth
portfolio_w32,pf__MAIN__A_mul_u_w24__norm__cfg0,MAIN,A_mul_u_w24,norm,24,netlists/MAIN/A_mul_u_w24__norm.aig,-mul -dyn -p -c -no-steps,-dyn -p -c,CORRECT,False,,TIMEOUT,TIMEOUT,"time budget 240 s exhausted (inner SIGKILL, monotonic clock)",242.34,,104.6,,,240,,W=24;family=A;build=MAIN;arch=norm
portfolio_w32,pf__MAIN__B_dot2_u_w24__norm__cfg0,MAIN,B_dot2_u_w24,norm,24,netlists/MAIN/B_dot2_u_w24__norm.aig,-dot=2 -dyn -p -c -no-steps,-dyn -p -c,CORRECT,False,,TIMEOUT,TIMEOUT,"time budget 240 s exhausted (inner SIGKILL, monotonic clock)",242.07,,119.6,,,240,,W=24;family=B;build=MAIN;arch=norm
portfolio_w32,pf__MAIN__B_dot2_u_w24__tree__cfg0,MAIN,B_dot2_u_w24,tree,24,netlists/MAIN/B_dot2_u_w24__tree.aig,-dot=2 -dyn -p -c -no-steps,-dyn -p -c,CORRECT,False,,TIMEOUT,TIMEOUT,"time budget 240 s exhausted (inner SIGKILL, monotonic clock)",241.97,,155.9,,,240,,W=24;family=B;build=MAIN;arch=tree
portfolio_w32,pf__MAIN__MUT_trunc_mul_u_w16__norm__cfg2,MAIN,MUT_trunc_mul_u_w16,norm,16,netlists/MAIN/MUT_trunc_mul_u_w16__norm.aig,-mul -ipc -p -c -no-steps,-ipc -p -c,INCORRECT,False,,TIMEOUT,TIMEOUT,"time budget 120 s exhausted (inner SIGKILL, monotonic clock)",121.61,,172.4,,,120,,W=16;family=MUT;build=MAIN;arch=norm
portfolio_w32,pf__MAIN__MUT_trunc_mul_u_w16__booth__cfg5,MAIN,MUT_trunc_mul_u_w16,booth,16,netlists/MAIN/MUT_trunc_mul_u_w16__booth.aig,-mul -igsm -p -c -no-steps,-igsm -p -c,INCORRECT,False,,TIMEOUT,TIMEOUT,"time budget 120 s exhausted (inner SIGKILL, monotonic clock)",121.68,,140.0,,,120,,W=16;family=MUT;build=MAIN;arch=booth
portfolio_w32,pf__MAIN__B_mac_s_w24__norm__cfg0,MAIN,B_mac_s_w24,norm,24,netlists/MAIN/B_mac_s_w24__norm.aig,-mac -s -dyn -p -c -no-steps,-dyn -p -c,CORRECT,False,Correct,RESULT,PASS,oracle 4096 corner + 16384 random,16.46,14.6107,33.5,6338,7346,240,,W=24;family=B;build=MAIN;arch=norm
portfolio_w32,pf__MAIN__MUT_trunc_mul_u_w16__norm__cfg3,MAIN,MUT_trunc_mul_u_w16,norm,16,netlists/MAIN/MUT_trunc_mul_u_w16__norm.aig,-mul -igs -p -c -no-steps,-igs -p -c,INCORRECT,False,,TIMEOUT,TIMEOUT,"time budget 120 s exhausted (inner SIGKILL, monotonic clock)",121.48,,183.5,,,120,,W=16;family=MUT;build=MAIN;arch=norm
portfolio_w32,pf__MAIN__A_mul_u_w24__norm__cfg1,MAIN,A_mul_u_w24,norm,24,netlists/MAIN/A_mul_u_w24__norm.aig,-mul -idx -p -c -no-steps,-idx -p -c,CORRECT,False,,TIMEOUT,TIMEOUT,"time budget 240 s exhausted (inner SIGKILL, monotonic clock)",241.90,,322.4,,,240,,W=24;family=A;build=MAIN;arch=norm
portfolio_w32,pf__MAIN__B_dot2_u_w24__norm__cfg1,MAIN,B_dot2_u_w24,norm,24,netlists/MAIN/B_dot2_u_w24__norm.aig,-dot=2 -idx -p -c -no-steps,-idx -p -c,CORRECT,False,,TIMEOUT,TIMEOUT,"time budget 240 s exhausted (inner SIGKILL, monotonic clock)",241.77,,298.8,,,240,,W=24;family=B;build=MAIN;arch=norm
portfolio_w32,pf__MAIN__B_dot2_u_w24__tree__cfg1,MAIN,B_dot2_u_w24,tree,24,netlists/MAIN/B_dot2_u_w24__tree.aig,-dot=2 -idx -p -c -no-steps,-idx -p -c,CORRECT,False,,TIMEOUT,TIMEOUT,"time budget 240 s exhausted (inner SIGKILL, monotonic clock)",241.89,,264.3,,,240,,W=24;family=B;build=MAIN;arch=tree
portfolio_w32,pf__MAIN__MUT_trunc_mul_u_w16__norm__cfg4,MAIN,MUT_trunc_mul_u_w16,norm,16,netlists/MAIN/MUT_trunc_mul_u_w16__norm.aig,-mul -ips -p -c -no-steps,-ips -p -c,INCORRECT,False,,TIMEOUT,TIMEOUT,"time budget 120 s exhausted (inner SIGKILL, monotonic clock)",121.79,,162.1,,,120,,W=16;family=MUT;build=MAIN;arch=norm
portfolio_w32,pf__MAIN__B_mac_u_w24__norm__cfg0,MAIN,B_mac_u_w24,norm,24,netlists/MAIN/B_mac_u_w24__norm.aig,-mac -dyn -p -c -no-steps,-dyn -p -c,CORRECT,False,,TIMEOUT,TIMEOUT,"time budget 240 s exhausted (inner SIGKILL, monotonic clock)",241.88,,124.0,,,240,,W=24;family=B;build=MAIN;arch=norm
portfolio_w32,pf__MAIN__MUT_trunc_mul_u_w16__norm__cfg5,MAIN,MUT_trunc_mul_u_w16,norm,16,netlists/MAIN/MUT_trunc_mul_u_w16__norm.aig,-mul -igsm -p -c -no-steps,-igsm -p -c,INCORRECT,False,,TIMEOUT,TIMEOUT,"time budget 120 s exhausted (inner SIGKILL, monotonic clock)",121.65,,117.4,,,120,,W=16;family=MUT;build=MAIN;arch=norm
portfolio_w32,pf__MAIN__A_mul_u_w24__norm__cfg2,MAIN,A_mul_u_w24,norm,24,netlists/MAIN/A_mul_u_w24__norm.aig,-mul -ipc -p -c -no-steps,-ipc -p -c,CORRECT,False,,TIMEOUT,TIMEOUT,"time budget 240 s exhausted (inner SIGKILL, monotonic clock)",241.81,,170.9,,,240,,W=24;family=A;build=MAIN;arch=norm
portfolio_w32,pf__MAIN__B_dot2_u_w24__norm__cfg2,MAIN,B_dot2_u_w24,norm,24,netlists/MAIN/B_dot2_u_w24__norm.aig,-dot=2 -ipc -p -c -no-steps,-ipc -p -c,CORRECT,False,,TIMEOUT,TIMEOUT,"time budget 240 s exhausted (inner SIGKILL, monotonic clock)",241.91,,233.9,,,240,,W=24;family=B;build=MAIN;arch=norm
portfolio_w32,pf__MAIN__B_dot2_u_w24__tree__cfg2,MAIN,B_dot2_u_w24,tree,24,netlists/MAIN/B_dot2_u_w24__tree.aig,-dot=2 -ipc -p -c -no-steps,-ipc -p -c,CORRECT,False,,TIMEOUT,TIMEOUT,"time budget 240 s exhausted (inner SIGKILL, monotonic clock)",241.98,,363.1,,,240,,W=24;family=B;build=MAIN;arch=tree
portfolio_w32,pf__MAIN__B_mac_u_w24__norm__cfg1,MAIN,B_mac_u_w24,norm,24,netlists/MAIN/B_mac_u_w24__norm.aig,-mac -idx -p -c -no-steps,-idx -p -c,CORRECT,False,,TIMEOUT,TIMEOUT,"time budget 240 s exhausted (inner SIGKILL, monotonic clock)",241.89,,278.8,,,240,,W=24;family=B;build=MAIN;arch=norm
portfolio_w32,pf__MAIN__B_mac_u_w24__tree__cfg0,MAIN,B_mac_u_w24,tree,24,netlists/MAIN/B_mac_u_w24__tree.aig,-mac -dyn -p -c -no-steps,-dyn -p -c,CORRECT,False,,TIMEOUT,TIMEOUT,"time budget 240 s exhausted (inner SIGKILL, monotonic clock)",241.72,,276.3,,,240,,W=24;family=B;build=MAIN;arch=tree
portfolio_w32,pf__MAIN__A_mul_u_w24__norm__cfg3,MAIN,A_mul_u_w24,norm,24,netlists/MAIN/A_mul_u_w24__norm.aig,-mul -igs -p -c -no-steps,-igs -p -c,CORRECT,False,,TIMEOUT,TIMEOUT,"time budget 240 s exhausted (inner SIGKILL, monotonic clock)",241.90,,698.6,,,240,,W=24;family=A;build=MAIN;arch=norm
portfolio_w32,pf__MAIN__B_dot2_u_w24__norm__cfg3,MAIN,B_dot2_u_w24,norm,24,netlists/MAIN/B_dot2_u_w24__norm.aig,-dot=2 -igs -p -c -no-steps,-igs -p -c,CORRECT,False,,TIMEOUT,TIMEOUT,"time budget 240 s exhausted (inner SIGKILL, monotonic clock)",242.08,,645.2,,,240,,W=24;family=B;build=MAIN;arch=norm
portfolio_w32,pf__MAIN__B_dot2_u_w24__tree__cfg3,MAIN,B_dot2_u_w24,tree,24,netlists/MAIN/B_dot2_u_w24__tree.aig,-dot=2 -igs -p -c -no-steps,-igs -p -c,CORRECT,False,,TIMEOUT,TIMEOUT,"time budget 240 s exhausted (inner SIGKILL, monotonic clock)",242.53,,311.3,,,240,,W=24;family=B;build=MAIN;arch=tree
portfolio_w32,pf__MAIN__B_mac_u_w24__norm__cfg2,MAIN,B_mac_u_w24,norm,24,netlists/MAIN/B_mac_u_w24__norm.aig,-mac -ipc -p -c -no-steps,-ipc -p -c,CORRECT,False,,TIMEOUT,TIMEOUT,"time budget 240 s exhausted (inner SIGKILL, monotonic clock)",242.33,,187.1,,,240,,W=24;family=B;build=MAIN;arch=norm
portfolio_w32,pf__MAIN__B_mac_u_w24__tree__cfg1,MAIN,B_mac_u_w24,tree,24,netlists/MAIN/B_mac_u_w24__tree.aig,-mac -idx -p -c -no-steps,-idx -p -c,CORRECT,False,,TIMEOUT,TIMEOUT,"time budget 240 s exhausted (inner SIGKILL, monotonic clock)",241.75,,240.1,,,240,,W=24;family=B;build=MAIN;arch=tree
portfolio_w32,pf__MAIN__B_mac_u_w24__tree__cfg2,MAIN,B_mac_u_w24,tree,24,netlists/MAIN/B_mac_u_w24__tree.aig,-mac -ipc -p -c -no-steps,-ipc -p -c,CORRECT,False,Correct,RESULT,PASS,oracle 4096 corner + 16384 random,17.44,15.871,31.7,674,6081,240,,W=24;family=B;build=MAIN;arch=tree
portfolio_w32,pf__MAIN__A_mul_u_w24__norm__cfg4,MAIN,A_mul_u_w24,norm,24,netlists/MAIN/A_mul_u_w24__norm.aig,-mul -ips -p -c -no-steps,-ips -p -c,CORRECT,False,,TIMEOUT,TIMEOUT,"time budget 240 s exhausted (inner SIGKILL, monotonic clock)",241.91,,452.4,,,240,,W=24;family=A;build=MAIN;arch=norm
portfolio_w32,pf__MAIN__B_dot2_u_w24__norm__cfg4,MAIN,B_dot2_u_w24,norm,24,netlists/MAIN/B_dot2_u_w24__norm.aig,-dot=2 -ips -p -c -no-steps,-ips -p -c,CORRECT,False,,TIMEOUT,TIMEOUT,"time budget 240 s exhausted (inner SIGKILL, monotonic clock)",241.68,,152.5,,,240,,W=24;family=B;build=MAIN;arch=norm
portfolio_w32,pf__MAIN__B_dot2_u_w24__tree__cfg4,MAIN,B_dot2_u_w24,tree,24,netlists/MAIN/B_dot2_u_w24__tree.aig,-dot=2 -ips -p -c -no-steps,-ips -p -c,CORRECT,False,,TIMEOUT,TIMEOUT,"time budget 240 s exhausted (inner SIGKILL, monotonic clock)",242.80,,191.2,,,240,,W=24;family=B;build=MAIN;arch=tree
portfolio_w32,pf__MAIN__B_mac_u_w24__norm__cfg3,MAIN,B_mac_u_w24,norm,24,netlists/MAIN/B_mac_u_w24__norm.aig,-mac -igs -p -c -no-steps,-igs -p -c,CORRECT,False,,TIMEOUT,TIMEOUT,"time budget 240 s exhausted (inner SIGKILL, monotonic clock)",242.04,,342.6,,,240,,W=24;family=B;build=MAIN;arch=norm
portfolio_w32,pf__PATCH__B_mac_s_w24__tree__cfg0,PATCH,B_mac_s_w24,tree,24,netlists/PATCH/B_mac_s_w24__tree.aig,-mac -s -dyn -p -c -no-steps,-dyn -p -c,CORRECT,False,,TIMEOUT,TIMEOUT,"time budget 240 s exhausted (inner SIGKILL, monotonic clock)",242.10,,95.3,,,240,,W=24;family=B;build=PATCH;arch=tree
portfolio_w32,pf__MAIN__A_mul_u_w24__norm__cfg5,MAIN,A_mul_u_w24,norm,24,netlists/MAIN/A_mul_u_w24__norm.aig,-mul -igsm -p -c -no-steps,-igsm -p -c,CORRECT,False,,TIMEOUT,TIMEOUT,"time budget 240 s exhausted (inner SIGKILL, monotonic clock)",241.86,,384.0,,,240,,W=24;family=A;build=MAIN;arch=norm
portfolio_w32,pf__MAIN__B_dot2_u_w24__norm__cfg5,MAIN,B_dot2_u_w24,norm,24,netlists/MAIN/B_dot2_u_w24__norm.aig,-dot=2 -igsm -p -c -no-steps,-igsm -p -c,CORRECT,False,,TIMEOUT,TIMEOUT,"time budget 240 s exhausted (inner SIGKILL, monotonic clock)",242.17,,175.4,,,240,,W=24;family=B;build=MAIN;arch=norm
portfolio_w32,pf__MAIN__A_mul_s_w20__booth__cfg0,MAIN,A_mul_s_w20,booth,20,netlists/MAIN/A_mul_s_w20__booth.aig,-mul -s -dyn -p -c -no-steps,-dyn -p -c,CORRECT,False,Correct,RESULT,PASS,oracle 4096 corner + 16384 random,4.51,2.68527,14.2,1193,3284,180,,W=20;family=A;build=MAIN;arch=booth
portfolio_w32,pf__MAIN__A_mul_s_w20__norm__cfg0,MAIN,A_mul_s_w20,norm,20,netlists/MAIN/A_mul_s_w20__norm.aig,-mul -s -dyn -p -c -no-steps,-dyn -p -c,CORRECT,False,Correct,RESULT,PASS,oracle 4096 corner + 16384 random,3.36,1.73061,19.0,657,4759,180,,W=20;family=A;build=MAIN;arch=norm
portfolio_w32,pf__MAIN__A_mul_u_w20__booth__cfg0,MAIN,A_mul_u_w20,booth,20,netlists/MAIN/A_mul_u_w20__booth.aig,-mul -dyn -p -c -no-steps,-dyn -p -c,CORRECT,False,Correct,RESULT,PASS,oracle 4096 corner + 16384 random,4.79,3.09734,15.6,1223,3443,180,,W=20;family=A;build=MAIN;arch=booth
portfolio_w32,pf__MAIN__B_dot2_u_w24__tree__cfg5,MAIN,B_dot2_u_w24,tree,24,netlists/MAIN/B_dot2_u_w24__tree.aig,-dot=2 -igsm -p -c -no-steps,-igsm -p -c,CORRECT,False,,TIMEOUT,TIMEOUT,"time budget 240 s exhausted (inner SIGKILL, monotonic clock)",242.24,,361.9,,,240,,W=24;family=B;build=MAIN;arch=tree
portfolio_w32,pf__MAIN__B_mac_u_w24__norm__cfg4,MAIN,B_mac_u_w24,norm,24,netlists/MAIN/B_mac_u_w24__norm.aig,-mac -ips -p -c -no-steps,-ips -p -c,CORRECT,False,,TIMEOUT,TIMEOUT,"time budget 240 s exhausted (inner SIGKILL, monotonic clock)",242.02,,303.8,,,240,,W=24;family=B;build=MAIN;arch=norm
portfolio_w32,pf__MAIN__A_mul_u_w20__norm__cfg0,MAIN,A_mul_u_w20,norm,20,netlists/MAIN/A_mul_u_w20__norm.aig,-mul -dyn -p -c -no-steps,-dyn -p -c,CORRECT,False,,TIMEOUT,TIMEOUT,"time budget 180 s exhausted (inner SIGKILL, monotonic clock)",181.75,,87.5,,,180,,W=20;family=A;build=MAIN;arch=norm
portfolio_w32,pf__PATCH__B_mac_s_w24__tree__cfg1,PATCH,B_mac_s_w24,tree,24,netlists/PATCH/B_mac_s_w24__tree.aig,-mac -s -idx -p -c -no-steps,-idx -p -c,CORRECT,False,,TIMEOUT,TIMEOUT,"time budget 240 s exhausted (inner SIGKILL, monotonic clock)",242.54,,893.5,,,240,,W=24;family=B;build=PATCH;arch=tree
portfolio_w32,pf__PATCH__B_mac_s_w24__tree__cfg2,PATCH,B_mac_s_w24,tree,24,netlists/PATCH/B_mac_s_w24__tree.aig,-mac -s -ipc -p -c -no-steps,-ipc -p -c,CORRECT,False,Correct,RESULT,PASS,oracle 4096 corner + 16384 random,4.20,2.44779,14.0,674,6221,240,,W=24;family=B;build=PATCH;arch=tree
portfolio_w32,pf__MAIN__B_mac_s_w24__tree__cfg0,MAIN,B_mac_s_w24,tree,24,netlists/MAIN/B_mac_s_w24__tree.aig,-mac -s -dyn -p -c -no-steps,-dyn -p -c,INCORRECT,False,,TIMEOUT,TIMEOUT,"time budget 240 s exhausted (inner SIGKILL, monotonic clock)",241.84,,95.1,,,240,,W=24;family=B;build=MAIN;arch=tree
portfolio_w32,pf__MAIN__B_mac_u_w24__norm__cfg5,MAIN,B_mac_u_w24,norm,24,netlists/MAIN/B_mac_u_w24__norm.aig,-mac -igsm -p -c -no-steps,-igsm -p -c,CORRECT,False,,TIMEOUT,TIMEOUT,"time budget 240 s exhausted (inner SIGKILL, monotonic clock)",241.97,,131.8,,,240,,W=24;family=B;build=MAIN;arch=norm
portfolio_w32,pf__MAIN__MUT_accum_mac_u_w32__norm__cfg0,MAIN,MUT_accum_mac_u_w32,norm,32,netlists/MAIN/MUT_accum_mac_u_w32__norm.aig,-mac -dyn -p -c -no-steps,-dyn -p -c,INCORRECT,False,,TIMEOUT,TIMEOUT,"time budget 300 s exhausted (inner SIGKILL, monotonic clock)",302.34,,104.9,,,300,,"W=32;family=MUT;build=MAIN;arch=norm;trim=mutant refutation, two configs"
portfolio_w32,pf__MAIN__A_mul_u_w20__norm__cfg1,MAIN,A_mul_u_w20,norm,20,netlists/MAIN/A_mul_u_w20__norm.aig,-mul -idx -p -c -no-steps,-idx -p -c,CORRECT,False,,TIMEOUT,TIMEOUT,"time budget 180 s exhausted (inner SIGKILL, monotonic clock)",181.82,,388.3,,,180,,W=20;family=A;build=MAIN;arch=norm
portfolio_w32,pf__MAIN__B_mac_s_w24__tree__cfg1,MAIN,B_mac_s_w24,tree,24,netlists/MAIN/B_mac_s_w24__tree.aig,-mac -s -idx -p -c -no-steps,-idx -p -c,INCORRECT,False,,TIMEOUT,TIMEOUT,"time budget 240 s exhausted (inner SIGKILL, monotonic clock)",241.69,,893.2,,,240,,W=24;family=B;build=MAIN;arch=tree
portfolio_w32,pf__MAIN__B_mac_s_w24__tree__cfg2,MAIN,B_mac_s_w24,tree,24,netlists/MAIN/B_mac_s_w24__tree.aig,-mac -s -ipc -p -c -no-steps,-ipc -p -c,INCORRECT,False,Buggy,RESULT,FAIL,remainder witness replays as a real mismatch,4.21,2.43657,13.8,674,6221,240,,W=24;family=B;build=MAIN;arch=tree
portfolio_w32,pf__MAIN__B_mac_s_w24__tree__cfg3,MAIN,B_mac_s_w24,tree,24,netlists/MAIN/B_mac_s_w24__tree.aig,-mac -s -igs -p -c -no-steps,-igs -p -c,INCORRECT,False,Buggy,RESULT,FAIL,remainder witness replays as a real mismatch,8.87,6.94114,27.5,674,6221,240,,W=24;family=B;build=MAIN;arch=tree
portfolio_w32,pf__MAIN__MUT_accum_mac_u_w32__tree__cfg0,MAIN,MUT_accum_mac_u_w32,tree,32,netlists/MAIN/MUT_accum_mac_u_w32__tree.aig,-mac -dyn -p -c -no-steps,-dyn -p -c,INCORRECT,False,,TIMEOUT,TIMEOUT,"time budget 300 s exhausted (inner SIGKILL, monotonic clock)",302.18,,384.0,,,300,,"W=32;family=MUT;build=MAIN;arch=tree;trim=mutant refutation, two configs"
portfolio_w32,pf__MAIN__A_mul_u_w20__norm__cfg2,MAIN,A_mul_u_w20,norm,20,netlists/MAIN/A_mul_u_w20__norm.aig,-mul -ipc -p -c -no-steps,-ipc -p -c,CORRECT,False,,TIMEOUT,TIMEOUT,"time budget 180 s exhausted (inner SIGKILL, monotonic clock)",181.83,,465.9,,,180,,W=20;family=A;build=MAIN;arch=norm
portfolio_w32,pf__MAIN__MUT_plus1_dot2_u_w32__norm__cfg0,MAIN,MUT_plus1_dot2_u_w32,norm,32,netlists/MAIN/MUT_plus1_dot2_u_w32__norm.aig,-dot=2 -dyn -p -c -no-steps,-dyn -p -c,INCORRECT,False,,TIMEOUT,TIMEOUT,"time budget 300 s exhausted (inner SIGKILL, monotonic clock)",302.20,,165.9,,,300,,"W=32;family=MUT;build=MAIN;arch=norm;trim=mutant refutation, two configs"
portfolio_w32,pf__MAIN__MUT_accum_mac_u_w32__norm__cfg1,MAIN,MUT_accum_mac_u_w32,norm,32,netlists/MAIN/MUT_accum_mac_u_w32__norm.aig,-mac -idx -p -c -no-steps,-idx -p -c,INCORRECT,False,,TIMEOUT,TIMEOUT,"time budget 300 s exhausted (inner SIGKILL, monotonic clock)",302.42,,476.4,,,300,,"W=32;family=MUT;build=MAIN;arch=norm;trim=mutant refutation, two configs"
portfolio_w32,pf__MAIN__B_mac_s_w24__tree__cfg4,MAIN,B_mac_s_w24,tree,24,netlists/MAIN/B_mac_s_w24__tree.aig,-mac -s -ips -p -c -no-steps,-ips -p -c,INCORRECT,False,,TIMEOUT,TIMEOUT,"time budget 240 s exhausted (inner SIGKILL, monotonic clock)",242.21,,923.3,,,240,,W=24;family=B;build=MAIN;arch=tree
portfolio_w32,pf__MAIN__B_mac_s_w24__tree__cfg5,MAIN,B_mac_s_w24,tree,24,netlists/MAIN/B_mac_s_w24__tree.aig,-mac -s -igsm -p -c -no-steps,-igsm -p -c,INCORRECT,False,Buggy,RESULT,FAIL,remainder witness replays as a real mismatch,3.43,1.81061,13.9,674,6221,240,,W=24;family=B;build=MAIN;arch=tree
portfolio_w32,pf__MAIN__A_mul_u_w20__norm__cfg3,MAIN,A_mul_u_w20,norm,20,netlists/MAIN/A_mul_u_w20__norm.aig,-mul -igs -p -c -no-steps,-igs -p -c,CORRECT,False,,TIMEOUT,TIMEOUT,"time budget 180 s exhausted (inner SIGKILL, monotonic clock)",181.67,,510.6,,,180,,W=20;family=A;build=MAIN;arch=norm
portfolio_w32,pf__MAIN__MUT_accum_mac_u_w32__tree__cfg1,MAIN,MUT_accum_mac_u_w32,tree,32,netlists/MAIN/MUT_accum_mac_u_w32__tree.aig,-mac -idx -p -c -no-steps,-idx -p -c,INCORRECT,False,,TIMEOUT,TIMEOUT,"time budget 300 s exhausted (inner SIGKILL, monotonic clock)",302.02,,524.7,,,300,,"W=32;family=MUT;build=MAIN;arch=tree;trim=mutant refutation, two configs"
portfolio_w32,pf__MAIN__A_mul_u_w20__norm__cfg4,MAIN,A_mul_u_w20,norm,20,netlists/MAIN/A_mul_u_w20__norm.aig,-mul -ips -p -c -no-steps,-ips -p -c,CORRECT,False,,TIMEOUT,TIMEOUT,"time budget 180 s exhausted (inner SIGKILL, monotonic clock)",181.45,,437.8,,,180,,W=20;family=A;build=MAIN;arch=norm
portfolio_w32,pf__MAIN__MUT_plus1_dot2_u_w32__norm__cfg1,MAIN,MUT_plus1_dot2_u_w32,norm,32,netlists/MAIN/MUT_plus1_dot2_u_w32__norm.aig,-dot=2 -idx -p -c -no-steps,-idx -p -c,INCORRECT,False,,TIMEOUT,TIMEOUT,"time budget 300 s exhausted (inner SIGKILL, monotonic clock)",301.92,,284.5,,,300,,"W=32;family=MUT;build=MAIN;arch=norm;trim=mutant refutation, two configs"
portfolio_w32,pf__MAIN__MUT_plus1_dot2_u_w32__tree__cfg0,MAIN,MUT_plus1_dot2_u_w32,tree,32,netlists/MAIN/MUT_plus1_dot2_u_w32__tree.aig,-dot=2 -dyn -p -c -no-steps,-dyn -p -c,INCORRECT,False,,TIMEOUT,TIMEOUT,"time budget 300 s exhausted (inner SIGKILL, monotonic clock)",301.94,,225.5,,,300,,"W=32;family=MUT;build=MAIN;arch=tree;trim=mutant refutation, two configs"
portfolio_w32,pf__MAIN__MUT_signext_mac_s_w32__norm__cfg0,MAIN,MUT_signext_mac_s_w32,norm,32,netlists/MAIN/MUT_signext_mac_s_w32__norm.aig,-mac -s -dyn -p -c -no-steps,-dyn -p -c,INCORRECT,False,,TIMEOUT,TIMEOUT,"time budget 300 s exhausted (inner SIGKILL, monotonic clock)",301.84,,219.5,,,300,,"W=32;family=MUT;build=MAIN;arch=norm;trim=mutant refutation, two configs"
portfolio_w32,pf__MAIN__A_mul_u_w20__norm__cfg5,MAIN,A_mul_u_w20,norm,20,netlists/MAIN/A_mul_u_w20__norm.aig,-mul -igsm -p -c -no-steps,-igsm -p -c,CORRECT,False,,TIMEOUT,TIMEOUT,"time budget 180 s exhausted (inner SIGKILL, monotonic clock)",181.64,,585.7,,,180,,W=20;family=A;build=MAIN;arch=norm
portfolio_w32,pf__MAIN__MUT_signext_mac_s_w32__tree__cfg0,MAIN,MUT_signext_mac_s_w32,tree,32,netlists/MAIN/MUT_signext_mac_s_w32__tree.aig,-mac -s -dyn -p -c -no-steps,-dyn -p -c,INCORRECT,False,,TIMEOUT,TIMEOUT,"time budget 300 s exhausted (inner SIGKILL, monotonic clock)",301.64,,219.6,,,300,,"W=32;family=MUT;build=MAIN;arch=tree;trim=mutant refutation, two configs"
portfolio_w32,pf__MAIN__MUT_trunc_mul_u_w32__booth__cfg0,MAIN,MUT_trunc_mul_u_w32,booth,32,netlists/MAIN/MUT_trunc_mul_u_w32__booth.aig,-mul -dyn -p -c -no-steps,-dyn -p -c,INCORRECT,False,,TIMEOUT,TIMEOUT,"time budget 300 s exhausted (inner SIGKILL, monotonic clock)",301.88,,191.6,,,300,,"W=32;family=MUT;build=MAIN;arch=booth;trim=mutant refutation, two configs"
portfolio_w32,pf__MAIN__MUT_plus1_dot2_u_w32__tree__cfg1,MAIN,MUT_plus1_dot2_u_w32,tree,32,netlists/MAIN/MUT_plus1_dot2_u_w32__tree.aig,-dot=2 -idx -p -c -no-steps,-idx -p -c,INCORRECT,False,,TIMEOUT,TIMEOUT,"time budget 300 s exhausted (inner SIGKILL, monotonic clock)",301.46,,314.1,,,300,,"W=32;family=MUT;build=MAIN;arch=tree;trim=mutant refutation, two configs"
portfolio_w32,pf__MAIN__MUT_signext_mac_s_w32__norm__cfg1,MAIN,MUT_signext_mac_s_w32,norm,32,netlists/MAIN/MUT_signext_mac_s_w32__norm.aig,-mac -s -idx -p -c -no-steps,-idx -p -c,INCORRECT,False,,TIMEOUT,TIMEOUT,"time budget 300 s exhausted (inner SIGKILL, monotonic clock)",301.14,,630.1,,,300,,"W=32;family=MUT;build=MAIN;arch=norm;trim=mutant refutation, two configs"
portfolio_w32,pf__MAIN__MUT_trunc_mul_u_w32__norm__cfg0,MAIN,MUT_trunc_mul_u_w32,norm,32,netlists/MAIN/MUT_trunc_mul_u_w32__norm.aig,-mul -dyn -p -c -no-steps,-dyn -p -c,INCORRECT,False,,TIMEOUT,TIMEOUT,"time budget 300 s exhausted (inner SIGKILL, monotonic clock)",301.23,,148.3,,,300,,"W=32;family=MUT;build=MAIN;arch=norm;trim=mutant refutation, two configs"
portfolio_w32,pf__MAIN__MUT_signext_mac_s_w32__tree__cfg1,MAIN,MUT_signext_mac_s_w32,tree,32,netlists/MAIN/MUT_signext_mac_s_w32__tree.aig,-mac -s -idx -p -c -no-steps,-idx -p -c,INCORRECT,False,,TIMEOUT,TIMEOUT,"time budget 300 s exhausted (inner SIGKILL, monotonic clock)",301.15,,629.9,,,300,,"W=32;family=MUT;build=MAIN;arch=tree;trim=mutant refutation, two configs"
portfolio_w32,pf__MAIN__MUT_trunc_mul_u_w32__booth__cfg1,MAIN,MUT_trunc_mul_u_w32,booth,32,netlists/MAIN/MUT_trunc_mul_u_w32__booth.aig,-mul -idx -p -c -no-steps,-idx -p -c,INCORRECT,False,,TIMEOUT,TIMEOUT,"time budget 300 s exhausted (inner SIGKILL, monotonic clock)",301.16,,629.1,,,300,,"W=32;family=MUT;build=MAIN;arch=booth;trim=mutant refutation, two configs"
portfolio_w32,pf__MAIN__MUT_trunc_mul_u_w32__norm__cfg1,MAIN,MUT_trunc_mul_u_w32,norm,32,netlists/MAIN/MUT_trunc_mul_u_w32__norm.aig,-mul -idx -p -c -no-steps,-idx -p -c,INCORRECT,False,,TIMEOUT,TIMEOUT,"time budget 300 s exhausted (inner SIGKILL, monotonic clock)",300.70,,696.6,,,300,,"W=32;family=MUT;build=MAIN;arch=norm;trim=mutant refutation, two configs"
repro,repro__mac_s_w3_patched_noabc_CORRECT___dyn_p_c,,mac_s_w3_patched_noabc_CORRECT.aig,,3,evidence/trace_phaseopt_minimal_repro/mac_s_w3_patched_noabc_CORRECT.aig,-mac -s -dyn -p -c -no-steps,-dyn -p -c,CORRECT,True,Buggy,RESULT,FALSE_FAIL,oracle exhaustive; remainder replay: REMAINDER_INVALID,1.35,0.0476819,5.1,38,144,60,,W=3;minimal reproduction package
repro,repro__mac_s_w3_patched_noabc_CORRECT___dyn_c,,mac_s_w3_patched_noabc_CORRECT.aig,,3,evidence/trace_phaseopt_minimal_repro/mac_s_w3_patched_noabc_CORRECT.aig,-mac -s -dyn -c -no-steps,-dyn -c,CORRECT,True,Correct,RESULT,PASS,oracle exhaustive,2.02,0.0438417,4.6,42,144,60,,W=3;minimal reproduction package
repro,repro__mac_s_w3_zext_addend_mutant_INCORRECT___dyn_p_c,,mac_s_w3_zext_addend_mutant_INCORRECT.aig,,3,evidence/trace_phaseopt_minimal_repro/mac_s_w3_zext_addend_mutant_INCORRECT.aig,-mac -s -dyn -p -c -no-steps,-dyn -p -c,INCORRECT,,Correct,RESULT,FALSE_PASS,jobs-file expectation (baseline/control); oracle mismatch replayed,1.93,0.00263606,4.9,38,147,60,,W=3;minimal reproduction package
repro,repro__mac_s_w3_zext_addend_mutant_INCORRECT___dyn_c,,mac_s_w3_zext_addend_mutant_INCORRECT.aig,,3,evidence/trace_phaseopt_minimal_repro/mac_s_w3_zext_addend_mutant_INCORRECT.aig,-mac -s -dyn -c -no-steps,-dyn -c,INCORRECT,,Buggy,RESULT,FAIL,remainder witness replays as a real mismatch,1.55,0.0179759,4.6,41,147,60,,W=3;minimal reproduction package
stage1,stage1__MAIN__A_mul_s_w8__booth,MAIN,A_mul_s_w8,booth,8,netlists/MAIN/A_mul_s_w8__booth.aig,-mul -s -dyn -p -c -no-steps,-dyn -p -c,CORRECT,True,Correct,RESULT,PASS,oracle exhaustive,0.70,0.0476209,4.4,186,530,900,,template_fit=YES;family=A;W=8
stage1,stage1__MAIN__A_mul_s_w8__norm,MAIN,A_mul_s_w8,norm,8,netlists/MAIN/A_mul_s_w8__norm.aig,-mul -s -dyn -p -c -no-steps,-dyn -p -c,CORRECT,True,,TIMEOUT,TIMEOUT,"time budget 900 s exhausted (inner SIGKILL, monotonic clock)",901.26,,820.5,,,900,,template_fit=YES;family=A;W=8
stage1,stage1__MAIN__A_mul_u_w8__booth,MAIN,A_mul_u_w8,booth,8,netlists/MAIN/A_mul_u_w8__booth.aig,-mul -dyn -p -c -no-steps,-dyn -p -c,CORRECT,True,,TIMEOUT,TIMEOUT,"time budget 900 s exhausted (inner SIGKILL, monotonic clock)",901.14,,628.5,,,900,,template_fit=YES;family=A;W=8
stage2_pre,s2__MAIN__B_mac_s_w8__norm_pre__cfg0,MAIN,B_mac_s_w8,norm_pre,8,netlists/MAIN/B_mac_s_w8__norm_pre.aig,-mac -s -dyn -p -c -no-steps,-dyn -p -c,CORRECT,False,Correct,RESULT,PASS,oracle 4096 corner + 16384 random,3.55,0.100669,5.1,156,971,60,,W=8;family=B;build=MAIN;arch=norm_pre;stage2
stage2_pre,s2__MAIN__B_mac_u_w8__norm_pre__cfg0,MAIN,B_mac_u_w8,norm_pre,8,netlists/MAIN/B_mac_u_w8__norm_pre.aig,-mac -dyn -p -c -no-steps,-dyn -p -c,CORRECT,False,Correct,RESULT,PASS,oracle 4096 corner + 16384 random,3.61,0.0691927,5.4,143,753,60,,W=8;family=B;build=MAIN;arch=norm_pre;stage2
stage2_pre,s2__MAIN__B_dot2_u_w8__norm_pre__cfg0,MAIN,B_dot2_u_w8,norm_pre,8,netlists/MAIN/B_dot2_u_w8__norm_pre.aig,-dot=2 -dyn -p -c -no-steps,-dyn -p -c,CORRECT,False,Correct,RESULT,PASS,oracle 4096 corner + 16384 random,3.59,0.167299,6.6,217,1355,60,,W=8;family=B;build=MAIN;arch=norm_pre;stage2
stage2_pre,s2__MAIN__B_mac_u_w16__norm_pre__cfg0,MAIN,B_mac_u_w16,norm_pre,16,netlists/MAIN/B_mac_u_w16__norm_pre.aig,-mac -dyn -p -c -no-steps,-dyn -p -c,CORRECT,False,Correct,RESULT,PASS,oracle 4096 corner + 16384 random,2.18,0.702022,12.0,441,2912,120,,W=16;family=B;build=MAIN;arch=norm_pre;stage2
stage2_pre,s2__MAIN__B_mac_s_w16__norm_pre__cfg0,MAIN,B_mac_s_w16,norm_pre,16,netlists/MAIN/B_mac_s_w16__norm_pre.aig,-mac -s -dyn -p -c -no-steps,-dyn -p -c,CORRECT,False,Correct,RESULT,PASS,oracle 4096 corner + 16384 random,2.42,0.924135,14.9,470,3597,120,,W=16;family=B;build=MAIN;arch=norm_pre;stage2
stage2_pre,s2__MAIN__B_dot2_u_w16__norm_pre__cfg0,MAIN,B_dot2_u_w16,norm_pre,16,netlists/MAIN/B_dot2_u_w16__norm_pre.aig,-dot=2 -dyn -p -c -no-steps,-dyn -p -c,CORRECT,False,Correct,RESULT,PASS,oracle 4096 corner + 16384 random,3.55,2.17919,21.6,731,5554,120,,W=16;family=B;build=MAIN;arch=norm_pre;stage2
stage2_pre,s2__MAIN__B_mac_s_w32__norm_pre__cfg0,MAIN,B_mac_s_w32,norm_pre,32,netlists/MAIN/B_mac_s_w32__norm_pre.aig,-mac -s -dyn -p -c -no-steps,-dyn -p -c,CORRECT,False,Correct,RESULT,PASS,oracle 4096 corner + 16384 random,14.56,12.5622,50.8,2148,13107,300,,W=32;family=B;build=MAIN;arch=norm_pre;stage2
stage2_pre,s2__MAIN__B_mac_u_w32__norm_pre__cfg0,MAIN,B_mac_u_w32,norm_pre,32,netlists/MAIN/B_mac_u_w32__norm_pre.aig,-mac -dyn -p -c -no-steps,-dyn -p -c,CORRECT,False,Correct,RESULT,PASS,oracle 4096 corner + 16384 random,10.44,8.35464,39.9,1471,11129,300,,W=32;family=B;build=MAIN;arch=norm_pre;stage2
stage2_pre,s2__MAIN__B_dot2_u_w32__tree_pre__cfg0,MAIN,B_dot2_u_w32,tree_pre,32,netlists/MAIN/B_dot2_u_w32__tree_pre.aig,-dot=2 -dyn -p -c -no-steps,-dyn -p -c,CORRECT,False,Correct,RESULT,PASS,oracle 4096 corner + 16384 random,30.50,28.8325,72.9,2419,21099,300,,W=32;family=B;build=MAIN;arch=tree_pre;stage2
stage2_pre,s2__MAIN__B_dot2_u_w32__norm_pre__cfg0,MAIN,B_dot2_u_w32,norm_pre,32,netlists/MAIN/B_dot2_u_w32__norm_pre.aig,-dot=2 -dyn -p -c -no-steps,-dyn -p -c,CORRECT,False,Correct,RESULT,PASS,oracle 4096 corner + 16384 random,33.75,31.7076,76.0,2600,21814,300,,W=32;family=B;build=MAIN;arch=norm_pre;stage2
stage2_pre,s2__MAIN__B_mac_u_w32__tree_pre__cfg0,MAIN,B_mac_u_w32,tree_pre,32,netlists/MAIN/B_mac_u_w32__tree_pre.aig,-mac -dyn -p -c -no-steps,-dyn -p -c,CORRECT,False,Correct,RESULT,PASS,oracle 4096 corner + 16384 random,10.25,8.63034,39.1,1463,10915,300,,W=32;family=B;build=MAIN;arch=tree_pre;stage2
stage2_pre,s2__PATCH__B_mac_s_w32__tree_pre__cfg0,PATCH,B_mac_s_w32,tree_pre,32,netlists/PATCH/B_mac_s_w32__tree_pre.aig,-mac -s -dyn -p -c -no-steps,-dyn -p -c,CORRECT,False,Correct,RESULT,PASS,oracle 4096 corner + 16384 random,10.32,8.40342,40.5,1445,11172,300,,W=32;family=B;build=PATCH;arch=tree_pre;stage2
stage2_pre,s2__MAIN__B_mac_s_w32__tree_pre__cfg0,MAIN,B_mac_s_w32,tree_pre,32,netlists/MAIN/B_mac_s_w32__tree_pre.aig,-mac -s -dyn -p -c -no-steps,-dyn -p -c,INCORRECT,False,Buggy,RESULT,FAIL,remainder witness replays as a real mismatch,10.29,8.69386,40.6,1404,11172,300,,W=32;family=B;build=MAIN;arch=tree_pre;stage2
stage2_pre,s2__MAIN__A_mul_s_w64__norm_pre__cfg0,MAIN,A_mul_s_w64,norm_pre,64,netlists/MAIN/A_mul_s_w64__norm_pre.aig,-mul -s -dyn -p -c -no-steps,-dyn -p -c,CORRECT,False,Correct,RESULT,PASS,oracle 4096 corner + 16384 random,155.36,151.752,167.1,4802,46160,900,,W=64;family=A;build=MAIN;arch=norm_pre;stage2
stage2_pre,s2__MAIN__B_mac_s_w32__tree_pre__cfg1,MAIN,B_mac_s_w32,tree_pre,32,netlists/MAIN/B_mac_s_w32__tree_pre.aig,-mac -s -idx -p -c -no-steps,-idx -p -c,INCORRECT,False,,TIMEOUT,TIMEOUT,"time budget 300 s exhausted (inner SIGKILL, monotonic clock)",302.44,,733.0,,,300,,W=32;family=B;build=MAIN;arch=tree_pre;stage2
stage2_pre,s2__MAIN__A_mul_u_w64__booth_pre_folded__cfg0,CONTROL,A_mul_u_w64,booth_pre_folded,64,netlists/CONTROL/A_mul_u_w64__booth_pre_folded.aig,-mul -dyn -p -c -no-steps,-dyn -p -c,CORRECT,False,Correct,RESULT,PASS,oracle 4096 corner + 16384 random,298.41,294.072,180.9,11686,33509,900,,W=64;family=A;build=MAIN;arch=booth_pre_folded;stage2;derived=constant-folded copy of MAIN booth_pre
stage2_pre,s2__MAIN__A_mul_s_w64__booth_pre__cfg0,MAIN,A_mul_s_w64,booth_pre,64,netlists/MAIN/A_mul_s_w64__booth_pre.aig,-mul -s -dyn -p -c -no-steps,-dyn -p -c,CORRECT,False,Correct,RESULT,PASS,oracle 4096 corner + 16384 random,472.70,466.972,187.0,12078,33045,900,,W=64;family=A;build=MAIN;arch=booth_pre;stage2
stage2_pre,s2__MAIN__B_mac_s_w32__tree_pre__cfg2,MAIN,B_mac_s_w32,tree_pre,32,netlists/MAIN/B_mac_s_w32__tree_pre.aig,-mac -s -ipc -p -c -no-steps,-ipc -p -c,INCORRECT,False,,TIMEOUT,TIMEOUT,"time budget 300 s exhausted (inner SIGKILL, monotonic clock)",302.67,,679.2,,,300,,W=32;family=B;build=MAIN;arch=tree_pre;stage2
stage2_pre,s2__MAIN__B_mac_s_w32__tree_pre__cfg3,MAIN,B_mac_s_w32,tree_pre,32,netlists/MAIN/B_mac_s_w32__tree_pre.aig,-mac -s -igs -p -c -no-steps,-igs -p -c,INCORRECT,False,Buggy,RESULT,FAIL,remainder witness replays as a real mismatch,49.39,46.8963,52.9,1153,11172,300,,W=32;family=B;build=MAIN;arch=tree_pre;stage2
stage2_pre,s2__MAIN__A_mul_u_w64__norm_pre__cfg0,MAIN,A_mul_u_w64,norm_pre,64,netlists/MAIN/A_mul_u_w64__norm_pre.aig,-mul -dyn -p -c -no-steps,-dyn -p -c,CORRECT,False,Correct,RESULT,PASS,oracle 4096 corner + 16384 random,268.67,264.178,158.9,9420,42221,900,,W=64;family=A;build=MAIN;arch=norm_pre;stage2
stage2_pre,s2__MAIN__B_mac_s_w32__tree_pre__cfg4,MAIN,B_mac_s_w32,tree_pre,32,netlists/MAIN/B_mac_s_w32__tree_pre.aig,-mac -s -ips -p -c -no-steps,-ips -p -c,INCORRECT,False,,TIMEOUT,TIMEOUT,"time budget 300 s exhausted (inner SIGKILL, monotonic clock)",27002.86,,175.6,,,300,"timing unreliable: wall time exceeds the budget by > 60 s (WSL clock resync of ~26,700 s, or container start/teardown delay under load); TRACE itself was bounded by the in-container timeout, so the verdict is unaffected",W=32;family=B;build=MAIN;arch=tree_pre;stage2
stage2_pre,s2__MAIN__B_mac_s_w32__tree_pre__cfg5,MAIN,B_mac_s_w32,tree_pre,32,netlists/MAIN/B_mac_s_w32__tree_pre.aig,-mac -s -igsm -p -c -no-steps,-igsm -p -c,INCORRECT,False,,TIMEOUT,TIMEOUT,"time budget 300 s exhausted (inner SIGKILL, monotonic clock)",303.14,,859.0,,,300,,W=32;family=B;build=MAIN;arch=tree_pre;stage2
stage2_pre,s2__MAIN__B_dot2_u_w64__tree_pre__cfg0,MAIN,B_dot2_u_w64,tree_pre,64,netlists/MAIN/B_dot2_u_w64__tree_pre.aig,-dot=2 -dyn -p -c -no-steps,-dyn -p -c,CORRECT,False,,TIMEOUT,TIMEOUT,"time budget 900 s exhausted (inner SIGKILL, monotonic clock)",27604.94,,288.3,,,900,"timing unreliable: wall time exceeds the budget by > 60 s (WSL clock resync of ~26,700 s, or container start/teardown delay under load); TRACE itself was bounded by the in-container timeout, so the verdict is unaffected",W=64;family=B;build=MAIN;arch=tree_pre;stage2
stage2_pre,s2__MAIN__B_mac_u_w64__tree_pre__cfg0,MAIN,B_mac_u_w64,tree_pre,64,netlists/MAIN/B_mac_u_w64__tree_pre.aig,-mac -dyn -p -c -no-steps,-dyn -p -c,CORRECT,False,Correct,RESULT,PASS,oracle 4096 corner + 16384 random,193.38,188.198,144.6,4873,42663,900,,W=64;family=B;build=MAIN;arch=tree_pre;stage2
stage2_pre,s2__MAIN__B_mac_u_w64__norm_pre__cfg0,MAIN,B_mac_u_w64,norm_pre,64,netlists/MAIN/B_mac_u_w64__norm_pre.aig,-mac -dyn -p -c -no-steps,-dyn -p -c,CORRECT,False,,TIMEOUT,TIMEOUT,"time budget 900 s exhausted (inner SIGKILL, monotonic clock)",27605.46,,176.5,,,900,"timing unreliable: wall time exceeds the budget by > 60 s (WSL clock resync of ~26,700 s, or container start/teardown delay under load); TRACE itself was bounded by the in-container timeout, so the verdict is unaffected",W=64;family=B;build=MAIN;arch=norm_pre;stage2
stage2_pre,s2__PATCH__B_mac_s_w64__tree_pre__cfg0,PATCH,B_mac_s_w64,tree_pre,64,netlists/PATCH/B_mac_s_w64__tree_pre.aig,-mac -s -dyn -p -c -no-steps,-dyn -p -c,CORRECT,False,Correct,RESULT,PASS,oracle 4096 corner + 16384 random,221.35,216.962,150.0,5860,43176,900,,W=64;family=B;build=PATCH;arch=tree_pre;stage2
stage2_pre,s2__MAIN__B_mac_s_w64__tree_pre__cfg0,MAIN,B_mac_s_w64,tree_pre,64,netlists/MAIN/B_mac_s_w64__tree_pre.aig,-mac -s -dyn -p -c -no-steps,-dyn -p -c,INCORRECT,False,Buggy,RESULT,FAIL,remainder witness replays as a real mismatch,212.37,209.228,149.9,5921,43176,900,,W=64;family=B;build=MAIN;arch=tree_pre;stage2
stage2_pre,s2__MAIN__B_dot2_u_w64__tree_pre__cfg1,MAIN,B_dot2_u_w64,tree_pre,64,netlists/MAIN/B_dot2_u_w64__tree_pre.aig,-dot=2 -idx -p -c -no-steps,-idx -p -c,CORRECT,False,,TIMEOUT,TIMEOUT,"time budget 900 s exhausted (inner SIGKILL, monotonic clock)",1875.39,,1721.8,,,900,"timing unreliable: wall time exceeds the budget by > 60 s (WSL clock resync of ~26,700 s, or container start/teardown delay under load); TRACE itself was bounded by the in-container timeout, so the verdict is unaffected",W=64;family=B;build=MAIN;arch=tree_pre;stage2
stage2_pre,s2__MAIN__B_mac_u_w64__norm_pre__cfg1,MAIN,B_mac_u_w64,norm_pre,64,netlists/MAIN/B_mac_u_w64__norm_pre.aig,-mac -idx -p -c -no-steps,-idx -p -c,CORRECT,False,,TIMEOUT,TIMEOUT,"time budget 900 s exhausted (inner SIGKILL, monotonic clock)",1873.95,,1270.8,,,900,"timing unreliable: wall time exceeds the budget by > 60 s (WSL clock resync of ~26,700 s, or container start/teardown delay under load); TRACE itself was bounded by the in-container timeout, so the verdict is unaffected",W=64;family=B;build=MAIN;arch=norm_pre;stage2
stage2_pre,s2__MAIN__B_mac_s_w64__tree_pre__cfg1,MAIN,B_mac_s_w64,tree_pre,64,netlists/MAIN/B_mac_s_w64__tree_pre.aig,-mac -s -idx -p -c -no-steps,-idx -p -c,INCORRECT,False,,TIMEOUT,TIMEOUT,"time budget 900 s exhausted (inner SIGKILL, monotonic clock)",1874.15,,1780.0,,,900,"timing unreliable: wall time exceeds the budget by > 60 s (WSL clock resync of ~26,700 s, or container start/teardown delay under load); TRACE itself was bounded by the in-container timeout, so the verdict is unaffected",W=64;family=B;build=MAIN;arch=tree_pre;stage2
stage2_pre,s2__MAIN__B_dot2_u_w64__tree_pre__cfg2,MAIN,B_dot2_u_w64,tree_pre,64,netlists/MAIN/B_dot2_u_w64__tree_pre.aig,-dot=2 -ipc -p -c -no-steps,-ipc -p -c,CORRECT,False,,TIMEOUT,TIMEOUT,"time budget 900 s exhausted (inner SIGKILL, monotonic clock)",903.62,,2459.5,,,900,,W=64;family=B;build=MAIN;arch=tree_pre;stage2
stage2_pre,s2__MAIN__B_mac_u_w64__norm_pre__cfg2,MAIN,B_mac_u_w64,norm_pre,64,netlists/MAIN/B_mac_u_w64__norm_pre.aig,-mac -ipc -p -c -no-steps,-ipc -p -c,CORRECT,False,,TIMEOUT,TIMEOUT,"time budget 900 s exhausted (inner SIGKILL, monotonic clock)",903.63,,1472.6,,,900,,W=64;family=B;build=MAIN;arch=norm_pre;stage2
stage2_pre,s2__MAIN__B_mac_s_w64__tree_pre__cfg2,MAIN,B_mac_s_w64,tree_pre,64,netlists/MAIN/B_mac_s_w64__tree_pre.aig,-mac -s -ipc -p -c -no-steps,-ipc -p -c,INCORRECT,False,,TIMEOUT,TIMEOUT,"time budget 900 s exhausted (inner SIGKILL, monotonic clock)",904.53,,1736.8,,,900,,W=64;family=B;build=MAIN;arch=tree_pre;stage2
stage2_pre,s2__MAIN__B_dot2_u_w64__tree_pre__cfg3,MAIN,B_dot2_u_w64,tree_pre,64,netlists/MAIN/B_dot2_u_w64__tree_pre.aig,-dot=2 -igs -p -c -no-steps,-igs -p -c,CORRECT,False,,TIMEOUT,TIMEOUT,"time budget 900 s exhausted (inner SIGKILL, monotonic clock)",903.79,,1258.2,,,900,,W=64;family=B;build=MAIN;arch=tree_pre;stage2
stage2_pre,s2__MAIN__B_mac_u_w64__norm_pre__cfg3,MAIN,B_mac_u_w64,norm_pre,64,netlists/MAIN/B_mac_u_w64__norm_pre.aig,-mac -igs -p -c -no-steps,-igs -p -c,CORRECT,False,,TIMEOUT,TIMEOUT,"time budget 900 s exhausted (inner SIGKILL, monotonic clock)",904.00,,2523.8,,,900,,W=64;family=B;build=MAIN;arch=norm_pre;stage2
stage2_pre,s2__MAIN__B_mac_s_w64__tree_pre__cfg3,MAIN,B_mac_s_w64,tree_pre,64,netlists/MAIN/B_mac_s_w64__tree_pre.aig,-mac -s -igs -p -c -no-steps,-igs -p -c,INCORRECT,False,,TIMEOUT,TIMEOUT,"time budget 900 s exhausted (inner SIGKILL, monotonic clock)",903.82,,576.0,,,900,,W=64;family=B;build=MAIN;arch=tree_pre;stage2
stage2_pre,s2__MAIN__B_dot2_u_w64__tree_pre__cfg4,MAIN,B_dot2_u_w64,tree_pre,64,netlists/MAIN/B_dot2_u_w64__tree_pre.aig,-dot=2 -ips -p -c -no-steps,-ips -p -c,CORRECT,False,,TIMEOUT,TIMEOUT,"time budget 900 s exhausted (inner SIGKILL, monotonic clock)",903.77,,1288.6,,,900,,W=64;family=B;build=MAIN;arch=tree_pre;stage2
stage2_pre,s2__MAIN__B_mac_u_w64__norm_pre__cfg4,MAIN,B_mac_u_w64,norm_pre,64,netlists/MAIN/B_mac_u_w64__norm_pre.aig,-mac -ips -p -c -no-steps,-ips -p -c,CORRECT,False,,TIMEOUT,TIMEOUT,"time budget 900 s exhausted (inner SIGKILL, monotonic clock)",903.68,,1057.6,,,900,,W=64;family=B;build=MAIN;arch=norm_pre;stage2
stage2_pre,s2__MAIN__B_mac_s_w64__tree_pre__cfg4,MAIN,B_mac_s_w64,tree_pre,64,netlists/MAIN/B_mac_s_w64__tree_pre.aig,-mac -s -ips -p -c -no-steps,-ips -p -c,INCORRECT,False,,TIMEOUT,TIMEOUT,"time budget 900 s exhausted (inner SIGKILL, monotonic clock)",903.69,,1365.6,,,900,,W=64;family=B;build=MAIN;arch=tree_pre;stage2
stage2_pre,s2__MAIN__B_dot2_u_w64__tree_pre__cfg5,MAIN,B_dot2_u_w64,tree_pre,64,netlists/MAIN/B_dot2_u_w64__tree_pre.aig,-dot=2 -igsm -p -c -no-steps,-igsm -p -c,CORRECT,False,,TIMEOUT,TIMEOUT,"time budget 900 s exhausted (inner SIGKILL, monotonic clock)",904.36,,2153.2,,,900,,W=64;family=B;build=MAIN;arch=tree_pre;stage2
stage2_pre,s2__MAIN__B_mac_u_w64__norm_pre__cfg5,MAIN,B_mac_u_w64,norm_pre,64,netlists/MAIN/B_mac_u_w64__norm_pre.aig,-mac -igsm -p -c -no-steps,-igsm -p -c,CORRECT,False,,TIMEOUT,TIMEOUT,"time budget 900 s exhausted (inner SIGKILL, monotonic clock)",903.81,,1249.1,,,900,,W=64;family=B;build=MAIN;arch=norm_pre;stage2
stage2_pre,s2__MAIN__B_mac_s_w64__tree_pre__cfg5,MAIN,B_mac_s_w64,tree_pre,64,netlists/MAIN/B_mac_s_w64__tree_pre.aig,-mac -s -igsm -p -c -no-steps,-igsm -p -c,INCORRECT,False,,TIMEOUT,TIMEOUT,"time budget 900 s exhausted (inner SIGKILL, monotonic clock)",903.78,,2464.5,,,900,,W=64;family=B;build=MAIN;arch=tree_pre;stage2
sweep,sw__A_mul_s_w4__booth___dyn_p_c,SWEEP_MAIN,A_mul_s_w4,booth,4,netlists/SWEEP_MAIN/A_mul_s_w4__booth.aig,-mul -s -dyn -p -c -no-steps,-dyn -p -c,CORRECT,True,Correct,RESULT,PASS,oracle exhaustive,1.25,0.00834966,5.2,56,109,60,,W=4;onset sweep;arch=booth
sweep,sw__A_mul_s_w4__booth___idx_p_c,SWEEP_MAIN,A_mul_s_w4,booth,4,netlists/SWEEP_MAIN/A_mul_s_w4__booth.aig,-mul -s -idx -p -c -no-steps,-idx -p -c,CORRECT,True,Correct,RESULT,PASS,oracle exhaustive,1.16,0.0211009,4.6,25,109,60,,W=4;onset sweep;arch=booth
sweep,sw__A_mul_s_w4__booth_lp___dyn_p_c,SWEEP_MAIN,A_mul_s_w4,booth_lp,4,netlists/SWEEP_MAIN/A_mul_s_w4__booth_lp.aig,-mul -s -dyn -p -c -no-steps,-dyn -p -c,CORRECT,True,Correct,RESULT,PASS,oracle exhaustive,1.51,0.182412,5.1,175,117,60,,W=4;onset sweep;arch=booth_lp
sweep,sw__A_mul_s_w4__booth_lp___idx_p_c,SWEEP_MAIN,A_mul_s_w4,booth_lp,4,netlists/SWEEP_MAIN/A_mul_s_w4__booth_lp.aig,-mul -s -idx -p -c -no-steps,-idx -p -c,CORRECT,True,Correct,RESULT,PASS,oracle exhaustive,1.46,0.0973857,5.1,25,117,60,,W=4;onset sweep;arch=booth_lp
sweep,sw__A_mul_s_w4__norm___idx_p_c,SWEEP_MAIN,A_mul_s_w4,norm,4,netlists/SWEEP_MAIN/A_mul_s_w4__norm.aig,-mul -s -idx -p -c -no-steps,-idx -p -c,CORRECT,True,Correct,RESULT,PASS,oracle exhaustive,1.19,0.0768557,4.9,25,146,60,,W=4;onset sweep;arch=norm
sweep,sw__A_mul_u_w4__booth___dyn_p_c,SWEEP_MAIN,A_mul_u_w4,booth,4,netlists/SWEEP_MAIN/A_mul_u_w4__booth.aig,-mul -dyn -p -c -no-steps,-dyn -p -c,CORRECT,True,Correct,RESULT,PASS,oracle exhaustive,1.55,0.0125503,4.7,41,161,60,,W=4;onset sweep;arch=booth
sweep,sw__A_mul_u_w4__booth___idx_p_c,SWEEP_MAIN,A_mul_u_w4,booth,4,netlists/SWEEP_MAIN/A_mul_u_w4__booth.aig,-mul -idx -p -c -no-steps,-idx -p -c,CORRECT,True,Correct,RESULT,PASS,oracle exhaustive,1.27,0.0126256,5.1,25,161,60,,W=4;onset sweep;arch=booth
sweep,sw__A_mul_u_w4__norm___idx_p_c,SWEEP_MAIN,A_mul_u_w4,norm,4,netlists/SWEEP_MAIN/A_mul_u_w4__norm.aig,-mul -idx -p -c -no-steps,-idx -p -c,CORRECT,True,Correct,RESULT,PASS,oracle exhaustive,1.37,0.00709984,4.6,25,108,60,,W=4;onset sweep;arch=norm
sweep,sw__A_mul_s_w5__booth___dyn_p_c,SWEEP_MAIN,A_mul_s_w5,booth,5,netlists/SWEEP_MAIN/A_mul_s_w5__booth.aig,-mul -s -dyn -p -c -no-steps,-dyn -p -c,CORRECT,True,Correct,RESULT,PASS,oracle exhaustive,1.53,0.196586,4.9,282,215,60,,W=5;onset sweep;arch=booth
sweep,sw__A_mul_s_w5__booth___idx_p_c,SWEEP_MAIN,A_mul_s_w5,booth,5,netlists/SWEEP_MAIN/A_mul_s_w5__booth.aig,-mul -s -idx -p -c -no-steps,-idx -p -c,CORRECT,True,Correct,RESULT,PASS,oracle exhaustive,1.69,0.075451,5.2,36,215,60,,W=5;onset sweep;arch=booth
sweep,sw__A_mul_s_w5__booth_lp___dyn_p_c,SWEEP_MAIN,A_mul_s_w5,booth_lp,5,netlists/SWEEP_MAIN/A_mul_s_w5__booth_lp.aig,-mul -s -dyn -p -c -no-steps,-dyn -p -c,CORRECT,True,Correct,RESULT,PASS,oracle exhaustive,17.19,15.8292,21.9,21444,198,60,,W=5;onset sweep;arch=booth_lp
sweep,sw__A_mul_s_w5__booth_lp___idx_p_c,SWEEP_MAIN,A_mul_s_w5,booth_lp,5,netlists/SWEEP_MAIN/A_mul_s_w5__booth_lp.aig,-mul -s -idx -p -c -no-steps,-idx -p -c,CORRECT,True,Correct,RESULT,PASS,oracle exhaustive,2.85,1.60998,4.9,36,198,60,,W=5;onset sweep;arch=booth_lp
sweep,sw__A_mul_s_w5__norm___idx_p_c,SWEEP_MAIN,A_mul_s_w5,norm,5,netlists/SWEEP_MAIN/A_mul_s_w5__norm.aig,-mul -s -idx -p -c -no-steps,-idx -p -c,CORRECT,True,Correct,RESULT,PASS,oracle exhaustive,1.74,0.443785,4.9,36,254,60,,W=5;onset sweep;arch=norm
sweep,sw__A_mul_u_w5__booth___dyn_p_c,SWEEP_MAIN,A_mul_u_w5,booth,5,netlists/SWEEP_MAIN/A_mul_u_w5__booth.aig,-mul -dyn -p -c -no-steps,-dyn -p -c,CORRECT,True,Correct,RESULT,PASS,oracle exhaustive,3.39,1.86959,5.2,1363,239,60,,W=5;onset sweep;arch=booth
sweep,sw__A_mul_u_w5__booth___idx_p_c,SWEEP_MAIN,A_mul_u_w5,booth,5,netlists/SWEEP_MAIN/A_mul_u_w5__booth.aig,-mul -idx -p -c -no-steps,-idx -p -c,CORRECT,True,Correct,RESULT,PASS,oracle exhaustive,2.27,0.842098,5.1,36,239,60,,W=5;onset sweep;arch=booth
sweep,sw__A_mul_u_w5__norm___idx_p_c,SWEEP_MAIN,A_mul_u_w5,norm,5,netlists/SWEEP_MAIN/A_mul_u_w5__norm.aig,-mul -idx -p -c -no-steps,-idx -p -c,CORRECT,True,Correct,RESULT,PASS,oracle exhaustive,1.55,0.0273435,5.4,36,197,60,,W=5;onset sweep;arch=norm
sweep,sw__A_mul_s_w6__booth___dyn_p_c,SWEEP_MAIN,A_mul_s_w6,booth,6,netlists/SWEEP_MAIN/A_mul_s_w6__booth.aig,-mul -s -dyn -p -c -no-steps,-dyn -p -c,CORRECT,True,Correct,RESULT,PASS,oracle exhaustive,1.23,0.0238156,4.9,87,293,60,,W=6;onset sweep;arch=booth
sweep,sw__A_mul_s_w6__booth___idx_p_c,SWEEP_MAIN,A_mul_s_w6,booth,6,netlists/SWEEP_MAIN/A_mul_s_w6__booth.aig,-mul -s -idx -p -c -no-steps,-idx -p -c,CORRECT,True,Correct,RESULT,PASS,oracle exhaustive,1.55,0.0261457,4.6,49,293,60,,W=6;onset sweep;arch=booth
sweep,sw__A_mul_s_w6__booth_lp___dyn_p_c,SWEEP_MAIN,A_mul_s_w6,booth_lp,6,netlists/SWEEP_MAIN/A_mul_s_w6__booth_lp.aig,-mul -s -dyn -p -c -no-steps,-dyn -p -c,CORRECT,True,,TIMEOUT,TIMEOUT,"time budget 60 s exhausted (inner SIGKILL, monotonic clock)",61.47,,150.1,,,60,,W=6;onset sweep;arch=booth_lp
sweep,sw__A_mul_s_w6__booth_lp___idx_p_c,SWEEP_MAIN,A_mul_s_w6,booth_lp,6,netlists/SWEEP_MAIN/A_mul_s_w6__booth_lp.aig,-mul -s -idx -p -c -no-steps,-idx -p -c,CORRECT,True,Correct,RESULT,PASS,oracle exhaustive,12.40,11.0031,14.1,49,276,60,,W=6;onset sweep;arch=booth_lp
sweep,sw__A_mul_s_w6__norm___idx_p_c,SWEEP_MAIN,A_mul_s_w6,norm,6,netlists/SWEEP_MAIN/A_mul_s_w6__norm.aig,-mul -s -idx -p -c -no-steps,-idx -p -c,CORRECT,True,Correct,RESULT,PASS,oracle exhaustive,1.53,0.353225,4.7,49,378,60,,W=6;onset sweep;arch=norm
sweep,sw__A_mul_u_w6__booth___dyn_p_c,SWEEP_MAIN,A_mul_u_w6,booth,6,netlists/SWEEP_MAIN/A_mul_u_w6__booth.aig,-mul -dyn -p -c -no-steps,-dyn -p -c,CORRECT,True,Correct,RESULT,PASS,oracle exhaustive,24.48,23.2396,30.6,16450,362,60,,W=6;onset sweep;arch=booth
sweep,sw__A_mul_u_w6__booth___idx_p_c,SWEEP_MAIN,A_mul_u_w6,booth,6,netlists/SWEEP_MAIN/A_mul_u_w6__booth.aig,-mul -idx -p -c -no-steps,-idx -p -c,CORRECT,True,Correct,RESULT,PASS,oracle exhaustive,32.31,31.0955,34.8,49,362,60,,W=6;onset sweep;arch=booth
sweep,sw__A_mul_u_w6__norm___idx_p_c,SWEEP_MAIN,A_mul_u_w6,norm,6,netlists/SWEEP_MAIN/A_mul_u_w6__norm.aig,-mul -idx -p -c -no-steps,-idx -p -c,CORRECT,True,Correct,RESULT,PASS,oracle exhaustive,1.51,0.0574013,5.4,49,292,60,,W=6;onset sweep;arch=norm
sweep,sw__A_mul_s_w7__booth___dyn_p_c,SWEEP_MAIN,A_mul_s_w7,booth,7,netlists/SWEEP_MAIN/A_mul_s_w7__booth.aig,-mul -s -dyn -p -c -no-steps,-dyn -p -c,CORRECT,True,,TIMEOUT,TIMEOUT,"time budget 60 s exhausted (inner SIGKILL, monotonic clock)",62.16,,29.1,,,60,,W=7;onset sweep;arch=booth
sweep,sw__A_mul_s_w7__booth___idx_p_c,SWEEP_MAIN,A_mul_s_w7,booth,7,netlists/SWEEP_MAIN/A_mul_s_w7__booth.aig,-mul -s -idx -p -c -no-steps,-idx -p -c,CORRECT,True,Correct,RESULT,PASS,oracle exhaustive,1.58,0.0960457,5.0,64,449,60,,W=7;onset sweep;arch=booth
sweep,sw__A_mul_s_w7__booth_lp___dyn_p_c,SWEEP_MAIN,A_mul_s_w7,booth_lp,7,netlists/SWEEP_MAIN/A_mul_s_w7__booth_lp.aig,-mul -s -dyn -p -c -no-steps,-dyn -p -c,CORRECT,True,,TIMEOUT,TIMEOUT,"time budget 60 s exhausted (inner SIGKILL, monotonic clock)",61.84,,107.8,,,60,,W=7;onset sweep;arch=booth_lp
sweep,sw__A_mul_s_w7__booth_lp___idx_p_c,SWEEP_MAIN,A_mul_s_w7,booth_lp,7,netlists/SWEEP_MAIN/A_mul_s_w7__booth_lp.aig,-mul -s -idx -p -c -no-steps,-idx -p -c,CORRECT,True,,TIMEOUT,TIMEOUT,"time budget 60 s exhausted (inner SIGKILL, monotonic clock)",62.10,,73.4,,,60,,W=7;onset sweep;arch=booth_lp
sweep,sw__A_mul_s_w7__norm___idx_p_c,SWEEP_MAIN,A_mul_s_w7,norm,7,netlists/SWEEP_MAIN/A_mul_s_w7__norm.aig,-mul -s -idx -p -c -no-steps,-idx -p -c,CORRECT,True,Correct,RESULT,PASS,oracle exhaustive,23.77,22.0953,23.1,64,561,60,,W=7;onset sweep;arch=norm
sweep,sw__A_mul_u_w7__booth___dyn_p_c,SWEEP_MAIN,A_mul_u_w7,booth,7,netlists/SWEEP_MAIN/A_mul_u_w7__booth.aig,-mul -dyn -p -c -no-steps,-dyn -p -c,CORRECT,True,Correct,RESULT,PASS,oracle exhaustive,1.75,0.10274,5.1,122,443,60,,W=7;onset sweep;arch=booth
sweep,sw__A_mul_u_w7__booth___idx_p_c,SWEEP_MAIN,A_mul_u_w7,booth,7,netlists/SWEEP_MAIN/A_mul_u_w7__booth.aig,-mul -idx -p -c -no-steps,-idx -p -c,CORRECT,True,Correct,RESULT,PASS,oracle exhaustive,1.80,0.177708,4.9,64,443,60,,W=7;onset sweep;arch=booth
sweep,sw__A_mul_u_w7__norm___idx_p_c,SWEEP_MAIN,A_mul_u_w7,norm,7,netlists/SWEEP_MAIN/A_mul_u_w7__norm.aig,-mul -idx -p -c -no-steps,-idx -p -c,CORRECT,True,Correct,RESULT,PASS,oracle exhaustive,1.31,0.0339857,4.6,64,428,60,,W=7;onset sweep;arch=norm
sweep,sw__A_mul_s_w8__booth___dyn_p_c,SWEEP_MAIN,A_mul_s_w8,booth,8,netlists/SWEEP_MAIN/A_mul_s_w8__booth.aig,-mul -s -dyn -p -c -no-steps,-dyn -p -c,CORRECT,True,Correct,RESULT,PASS,oracle exhaustive,1.68,0.116966,5.1,186,530,60,,W=8;onset sweep;arch=booth
sweep,sw__A_mul_s_w8__booth___idx_p_c,SWEEP_MAIN,A_mul_s_w8,booth,8,netlists/SWEEP_MAIN/A_mul_s_w8__booth.aig,-mul -s -idx -p -c -no-steps,-idx -p -c,CORRECT,True,Correct,RESULT,PASS,oracle exhaustive,1.74,0.138224,4.9,81,530,60,,W=8;onset sweep;arch=booth
sweep,sw__A_mul_s_w8__booth_lp___dyn_p_c,SWEEP_MAIN,A_mul_s_w8,booth_lp,8,netlists/SWEEP_MAIN/A_mul_s_w8__booth_lp.aig,-mul -s -dyn -p -c -no-steps,-dyn -p -c,CORRECT,True,,TIMEOUT,TIMEOUT,"time budget 60 s exhausted (inner SIGKILL, monotonic clock)",61.33,,62.1,,,60,,W=8;onset sweep;arch=booth_lp
sweep,sw__A_mul_s_w8__booth_lp___idx_p_c,SWEEP_MAIN,A_mul_s_w8,booth_lp,8,netlists/SWEEP_MAIN/A_mul_s_w8__booth_lp.aig,-mul -s -idx -p -c -no-steps,-idx -p -c,CORRECT,True,,TIMEOUT,TIMEOUT,"time budget 60 s exhausted (inner SIGKILL, monotonic clock)",61.16,,76.8,,,60,,W=8;onset sweep;arch=booth_lp
sweep,sw__A_mul_s_w8__norm___idx_p_c,SWEEP_MAIN,A_mul_s_w8,norm,8,netlists/SWEEP_MAIN/A_mul_s_w8__norm.aig,-mul -s -idx -p -c -no-steps,-idx -p -c,CORRECT,True,Correct,RESULT,PASS,oracle exhaustive,2.55,1.21912,6.1,81,695,60,,W=8;onset sweep;arch=norm
sweep,sw__A_mul_u_w8__booth___dyn_p_c,SWEEP_MAIN,A_mul_u_w8,booth,8,netlists/SWEEP_MAIN/A_mul_u_w8__booth.aig,-mul -dyn -p -c -no-steps,-dyn -p -c,CORRECT,True,,TIMEOUT,TIMEOUT,"time budget 60 s exhausted (inner SIGKILL, monotonic clock)",61.83,,48.5,,,60,,W=8;onset sweep;arch=booth
sweep,sw__A_mul_u_w8__booth___idx_p_c,SWEEP_MAIN,A_mul_u_w8,booth,8,netlists/SWEEP_MAIN/A_mul_u_w8__booth.aig,-mul -idx -p -c -no-steps,-idx -p -c,CORRECT,True,,TIMEOUT,TIMEOUT,"time budget 60 s exhausted (inner SIGKILL, monotonic clock)",61.42,,97.5,,,60,,W=8;onset sweep;arch=booth
sweep,sw__A_mul_u_w8__norm___idx_p_c,SWEEP_MAIN,A_mul_u_w8,norm,8,netlists/SWEEP_MAIN/A_mul_u_w8__norm.aig,-mul -idx -p -c -no-steps,-idx -p -c,CORRECT,True,Correct,RESULT,PASS,oracle exhaustive,1.25,0.0519258,5.1,81,570,60,,W=8;onset sweep;arch=norm
sweep,sw__A_mul_s_w9__booth___dyn_p_c,SWEEP_MAIN,A_mul_s_w9,booth,9,netlists/SWEEP_MAIN/A_mul_s_w9__booth.aig,-mul -s -dyn -p -c -no-steps,-dyn -p -c,CORRECT,True,Correct,RESULT,PASS,oracle exhaustive,1.74,0.250211,5.2,187,711,60,,W=9;onset sweep;arch=booth
sweep,sw__A_mul_s_w9__booth___idx_p_c,SWEEP_MAIN,A_mul_s_w9,booth,9,netlists/SWEEP_MAIN/A_mul_s_w9__booth.aig,-mul -s -idx -p -c -no-steps,-idx -p -c,CORRECT,True,Correct,RESULT,PASS,oracle exhaustive,1.84,0.180606,5.4,100,711,60,,W=9;onset sweep;arch=booth
sweep,sw__A_mul_s_w9__booth_lp___dyn_p_c,SWEEP_MAIN,A_mul_s_w9,booth_lp,9,netlists/SWEEP_MAIN/A_mul_s_w9__booth_lp.aig,-mul -s -dyn -p -c -no-steps,-dyn -p -c,CORRECT,True,,TIMEOUT,TIMEOUT,"time budget 60 s exhausted (inner SIGKILL, monotonic clock)",61.48,,62.0,,,60,,W=9;onset sweep;arch=booth_lp
sweep,sw__A_mul_s_w9__booth_lp___idx_p_c,SWEEP_MAIN,A_mul_s_w9,booth_lp,9,netlists/SWEEP_MAIN/A_mul_s_w9__booth_lp.aig,-mul -s -idx -p -c -no-steps,-idx -p -c,CORRECT,True,,TIMEOUT,TIMEOUT,"time budget 60 s exhausted (inner SIGKILL, monotonic clock)",61.33,,74.2,,,60,,W=9;onset sweep;arch=booth_lp
sweep,sw__A_mul_s_w9__norm___idx_p_c,SWEEP_MAIN,A_mul_s_w9,norm,9,netlists/SWEEP_MAIN/A_mul_s_w9__norm.aig,-mul -s -idx -p -c -no-steps,-idx -p -c,CORRECT,True,,TIMEOUT,TIMEOUT,"time budget 60 s exhausted (inner SIGKILL, monotonic clock)",61.48,,102.5,,,60,,W=9;onset sweep;arch=norm
sweep,sw__A_mul_u_w9__booth___dyn_p_c,SWEEP_MAIN,A_mul_u_w9,booth,9,netlists/SWEEP_MAIN/A_mul_u_w9__booth.aig,-mul -dyn -p -c -no-steps,-dyn -p -c,CORRECT,True,,TIMEOUT,TIMEOUT,"time budget 60 s exhausted (inner SIGKILL, monotonic clock)",61.23,,25.3,,,60,,W=9;onset sweep;arch=booth
sweep,sw__A_mul_u_w9__booth___idx_p_c,SWEEP_MAIN,A_mul_u_w9,booth,9,netlists/SWEEP_MAIN/A_mul_u_w9__booth.aig,-mul -idx -p -c -no-steps,-idx -p -c,CORRECT,True,,TIMEOUT,TIMEOUT,"time budget 60 s exhausted (inner SIGKILL, monotonic clock)",61.15,,97.1,,,60,,W=9;onset sweep;arch=booth
sweep,sw__A_mul_u_w9__norm___idx_p_c,SWEEP_MAIN,A_mul_u_w9,norm,9,netlists/SWEEP_MAIN/A_mul_u_w9__norm.aig,-mul -idx -p -c -no-steps,-idx -p -c,CORRECT,True,Correct,RESULT,PASS,oracle exhaustive,1.48,0.172771,4.9,100,716,60,,W=9;onset sweep;arch=norm
sweep,sw__A_mul_s_w10__booth___dyn_p_c,SWEEP_MAIN,A_mul_s_w10,booth,10,netlists/SWEEP_MAIN/A_mul_s_w10__booth.aig,-mul -s -dyn -p -c -no-steps,-dyn -p -c,CORRECT,True,Correct,RESULT,PASS,oracle exhaustive,1.79,0.265878,5.4,262,812,60,,W=10;onset sweep;arch=booth
sweep,sw__A_mul_s_w10__booth___idx_p_c,SWEEP_MAIN,A_mul_s_w10,booth,10,netlists/SWEEP_MAIN/A_mul_s_w10__booth.aig,-mul -s -idx -p -c -no-steps,-idx -p -c,CORRECT,True,Correct,RESULT,PASS,oracle exhaustive,1.81,0.252399,4.7,121,812,60,,W=10;onset sweep;arch=booth
sweep,sw__A_mul_s_w10__booth_lp___dyn_p_c,SWEEP_MAIN,A_mul_s_w10,booth_lp,10,netlists/SWEEP_MAIN/A_mul_s_w10__booth_lp.aig,-mul -s -dyn -p -c -no-steps,-dyn -p -c,CORRECT,True,,TIMEOUT,TIMEOUT,"time budget 60 s exhausted (inner SIGKILL, monotonic clock)",61.57,,64.1,,,60,,W=10;onset sweep;arch=booth_lp
sweep,sw__A_mul_s_w10__booth_lp___idx_p_c,SWEEP_MAIN,A_mul_s_w10,booth_lp,10,netlists/SWEEP_MAIN/A_mul_s_w10__booth_lp.aig,-mul -s -idx -p -c -no-steps,-idx -p -c,CORRECT,True,,TIMEOUT,TIMEOUT,"time budget 60 s exhausted (inner SIGKILL, monotonic clock)",61.27,,84.2,,,60,,W=10;onset sweep;arch=booth_lp
sweep,sw__A_mul_s_w10__norm___idx_p_c,SWEEP_MAIN,A_mul_s_w10,norm,10,netlists/SWEEP_MAIN/A_mul_s_w10__norm.aig,-mul -s -idx -p -c -no-steps,-idx -p -c,CORRECT,True,Correct,RESULT,PASS,oracle exhaustive,1.61,0.295516,5.1,121,1195,60,,W=10;onset sweep;arch=norm
sweep,sw__A_mul_u_w10__booth___dyn_p_c,SWEEP_MAIN,A_mul_u_w10,booth,10,netlists/SWEEP_MAIN/A_mul_u_w10__booth.aig,-mul -dyn -p -c -no-steps,-dyn -p -c,CORRECT,True,,TIMEOUT,TIMEOUT,"time budget 60 s exhausted (inner SIGKILL, monotonic clock)",61.58,,26.1,,,60,,W=10;onset sweep;arch=booth
sweep,sw__A_mul_u_w10__booth___idx_p_c,SWEEP_MAIN,A_mul_u_w10,booth,10,netlists/SWEEP_MAIN/A_mul_u_w10__booth.aig,-mul -idx -p -c -no-steps,-idx -p -c,CORRECT,True,,TIMEOUT,TIMEOUT,"time budget 60 s exhausted (inner SIGKILL, monotonic clock)",61.08,,78.2,,,60,,W=10;onset sweep;arch=booth
sweep,sw__A_mul_u_w10__norm___idx_p_c,SWEEP_MAIN,A_mul_u_w10,norm,10,netlists/SWEEP_MAIN/A_mul_u_w10__norm.aig,-mul -idx -p -c -no-steps,-idx -p -c,CORRECT,True,Correct,RESULT,PASS,oracle exhaustive,1.99,0.368169,5.4,121,930,60,,W=10;onset sweep;arch=norm
sweep,sw__A_mul_s_w11__booth___dyn_p_c,SWEEP_MAIN,A_mul_s_w11,booth,11,netlists/SWEEP_MAIN/A_mul_s_w11__booth.aig,-mul -s -dyn -p -c -no-steps,-dyn -p -c,CORRECT,False,Correct,RESULT,PASS,oracle 4096 corner + 16384 random,4.57,3.01097,11.9,4509,1088,60,,W=11;onset sweep;arch=booth
sweep,sw__A_mul_s_w11__booth___idx_p_c,SWEEP_MAIN,A_mul_s_w11,booth,11,netlists/SWEEP_MAIN/A_mul_s_w11__booth.aig,-mul -s -idx -p -c -no-steps,-idx -p -c,CORRECT,False,Correct,RESULT,PASS,oracle 4096 corner + 16384 random,2.06,0.586892,5.6,144,1088,60,,W=11;onset sweep;arch=booth
sweep,sw__A_mul_s_w11__booth_lp___dyn_p_c,SWEEP_MAIN,A_mul_s_w11,booth_lp,11,netlists/SWEEP_MAIN/A_mul_s_w11__booth_lp.aig,-mul -s -dyn -p -c -no-steps,-dyn -p -c,CORRECT,False,,TIMEOUT,TIMEOUT,"time budget 60 s exhausted (inner SIGKILL, monotonic clock)",61.40,,54.7,,,60,,W=11;onset sweep;arch=booth_lp
sweep,sw__A_mul_s_w11__booth_lp___idx_p_c,SWEEP_MAIN,A_mul_s_w11,booth_lp,11,netlists/SWEEP_MAIN/A_mul_s_w11__booth_lp.aig,-mul -s -idx -p -c -no-steps,-idx -p -c,CORRECT,False,,TIMEOUT,TIMEOUT,"time budget 60 s exhausted (inner SIGKILL, monotonic clock)",61.52,,75.1,,,60,,W=11;onset sweep;arch=booth_lp
sweep,sw__A_mul_s_w11__norm___idx_p_c,SWEEP_MAIN,A_mul_s_w11,norm,11,netlists/SWEEP_MAIN/A_mul_s_w11__norm.aig,-mul -s -idx -p -c -no-steps,-idx -p -c,CORRECT,False,Correct,RESULT,PASS,oracle 4096 corner + 16384 random,1.88,0.287692,5.4,144,1398,60,,W=11;onset sweep;arch=norm
sweep,sw__A_mul_u_w11__booth___dyn_p_c,SWEEP_MAIN,A_mul_u_w11,booth,11,netlists/SWEEP_MAIN/A_mul_u_w11__booth.aig,-mul -dyn -p -c -no-steps,-dyn -p -c,CORRECT,False,Correct,RESULT,PASS,oracle 4096 corner + 16384 random,1.92,0.360753,5.7,324,1073,60,,W=11;onset sweep;arch=booth
sweep,sw__A_mul_u_w11__booth___idx_p_c,SWEEP_MAIN,A_mul_u_w11,booth,11,netlists/SWEEP_MAIN/A_mul_u_w11__booth.aig,-mul -idx -p -c -no-steps,-idx -p -c,CORRECT,False,Correct,RESULT,PASS,oracle 4096 corner + 16384 random,1.52,0.228608,5.1,144,1073,60,,W=11;onset sweep;arch=booth
sweep,sw__A_mul_u_w11__norm___idx_p_c,SWEEP_MAIN,A_mul_u_w11,norm,11,netlists/SWEEP_MAIN/A_mul_u_w11__norm.aig,-mul -idx -p -c -no-steps,-idx -p -c,CORRECT,False,Correct,RESULT,PASS,oracle 4096 corner + 16384 random,2.07,0.357471,5.4,144,1147,60,,W=11;onset sweep;arch=norm
sweep,sw__A_mul_s_w12__booth___dyn_p_c,SWEEP_MAIN,A_mul_s_w12,booth,12,netlists/SWEEP_MAIN/A_mul_s_w12__booth.aig,-mul -s -dyn -p -c -no-steps,-dyn -p -c,CORRECT,False,Correct,RESULT,PASS,oracle 4096 corner + 16384 random,2.23,0.512166,6.1,386,1194,60,,W=12;onset sweep;arch=booth
sweep,sw__A_mul_s_w12__booth___idx_p_c,SWEEP_MAIN,A_mul_s_w12,booth,12,netlists/SWEEP_MAIN/A_mul_s_w12__booth.aig,-mul -s -idx -p -c -no-steps,-idx -p -c,CORRECT,False,Correct,RESULT,PASS,oracle 4096 corner + 16384 random,2.16,0.508387,4.7,169,1194,60,,W=12;onset sweep;arch=booth
sweep,sw__A_mul_s_w12__booth_lp___dyn_p_c,SWEEP_MAIN,A_mul_s_w12,booth_lp,12,netlists/SWEEP_MAIN/A_mul_s_w12__booth_lp.aig,-mul -s -dyn -p -c -no-steps,-dyn -p -c,CORRECT,False,,TIMEOUT,TIMEOUT,"time budget 60 s exhausted (inner SIGKILL, monotonic clock)",61.35,,58.7,,,60,,W=12;onset sweep;arch=booth_lp
sweep,sw__A_mul_s_w12__booth_lp___idx_p_c,SWEEP_MAIN,A_mul_s_w12,booth_lp,12,netlists/SWEEP_MAIN/A_mul_s_w12__booth_lp.aig,-mul -s -idx -p -c -no-steps,-idx -p -c,CORRECT,False,,TIMEOUT,TIMEOUT,"time budget 60 s exhausted (inner SIGKILL, monotonic clock)",61.72,,119.3,,,60,,W=12;onset sweep;arch=booth_lp
sweep,sw__A_mul_s_w12__norm___idx_p_c,SWEEP_MAIN,A_mul_s_w12,norm,12,netlists/SWEEP_MAIN/A_mul_s_w12__norm.aig,-mul -s -idx -p -c -no-steps,-idx -p -c,CORRECT,False,Correct,RESULT,PASS,oracle 4096 corner + 16384 random,1.92,0.37993,6.4,169,1670,60,,W=12;onset sweep;arch=norm
sweep,sw__A_mul_u_w12__booth___dyn_p_c,SWEEP_MAIN,A_mul_u_w12,booth,12,netlists/SWEEP_MAIN/A_mul_u_w12__booth.aig,-mul -dyn -p -c -no-steps,-dyn -p -c,CORRECT,False,,TIMEOUT,TIMEOUT,"time budget 60 s exhausted (inner SIGKILL, monotonic clock)",61.75,,45.7,,,60,,W=12;onset sweep;arch=booth
sweep,sw__A_mul_u_w12__booth___idx_p_c,SWEEP_MAIN,A_mul_u_w12,booth,12,netlists/SWEEP_MAIN/A_mul_u_w12__booth.aig,-mul -idx -p -c -no-steps,-idx -p -c,CORRECT,False,,TIMEOUT,TIMEOUT,"time budget 60 s exhausted (inner SIGKILL, monotonic clock)",61.72,,145.1,,,60,,W=12;onset sweep;arch=booth
sweep,sw__A_mul_u_w12__norm___idx_p_c,SWEEP_MAIN,A_mul_u_w12,norm,12,netlists/SWEEP_MAIN/A_mul_u_w12__norm.aig,-mul -idx -p -c -no-steps,-idx -p -c,CORRECT,False,Correct,RESULT,PASS,oracle 4096 corner + 16384 random,2.00,0.438295,5.3,169,1351,60,,W=12;onset sweep;arch=norm
sweep,sw__A_mul_s_w13__booth___dyn_p_c,SWEEP_MAIN,A_mul_s_w13,booth,13,netlists/SWEEP_MAIN/A_mul_s_w13__booth.aig,-mul -s -dyn -p -c -no-steps,-dyn -p -c,CORRECT,False,,TIMEOUT,TIMEOUT,"time budget 60 s exhausted (inner SIGKILL, monotonic clock)",61.60,,17.9,,,60,,W=13;onset sweep;arch=booth
sweep,sw__A_mul_s_w13__booth___idx_p_c,SWEEP_MAIN,A_mul_s_w13,booth,13,netlists/SWEEP_MAIN/A_mul_s_w13__booth.aig,-mul -s -idx -p -c -no-steps,-idx -p -c,CORRECT,False,Correct,RESULT,PASS,oracle 4096 corner + 16384 random,2.59,1.18373,8.8,196,1489,60,,W=13;onset sweep;arch=booth
sweep,sw__A_mul_s_w13__booth_lp___dyn_p_c,SWEEP_MAIN,A_mul_s_w13,booth_lp,13,netlists/SWEEP_MAIN/A_mul_s_w13__booth_lp.aig,-mul -s -dyn -p -c -no-steps,-dyn -p -c,CORRECT,False,,TIMEOUT,TIMEOUT,"time budget 60 s exhausted (inner SIGKILL, monotonic clock)",61.47,,37.6,,,60,,W=13;onset sweep;arch=booth_lp
sweep,sw__A_mul_s_w13__booth_lp___idx_p_c,SWEEP_MAIN,A_mul_s_w13,booth_lp,13,netlists/SWEEP_MAIN/A_mul_s_w13__booth_lp.aig,-mul -s -idx -p -c -no-steps,-idx -p -c,CORRECT,False,,TIMEOUT,TIMEOUT,"time budget 60 s exhausted (inner SIGKILL, monotonic clock)",61.52,,111.8,,,60,,W=13;onset sweep;arch=booth_lp
sweep,sw__A_mul_s_w13__norm___idx_p_c,SWEEP_MAIN,A_mul_s_w13,norm,13,netlists/SWEEP_MAIN/A_mul_s_w13__norm.aig,-mul -s -idx -p -c -no-steps,-idx -p -c,CORRECT,False,,TIMEOUT,TIMEOUT,"time budget 60 s exhausted (inner SIGKILL, monotonic clock)",61.70,,96.6,,,60,,W=13;onset sweep;arch=norm
sweep,sw__A_mul_u_w13__booth___dyn_p_c,SWEEP_MAIN,A_mul_u_w13,booth,13,netlists/SWEEP_MAIN/A_mul_u_w13__booth.aig,-mul -dyn -p -c -no-steps,-dyn -p -c,CORRECT,False,Correct,RESULT,PASS,oracle 4096 corner + 16384 random,2.38,0.747895,7.8,470,1478,60,,W=13;onset sweep;arch=booth
sweep,sw__A_mul_u_w13__booth___idx_p_c,SWEEP_MAIN,A_mul_u_w13,booth,13,netlists/SWEEP_MAIN/A_mul_u_w13__booth.aig,-mul -idx -p -c -no-steps,-idx -p -c,CORRECT,False,Correct,RESULT,PASS,oracle 4096 corner + 16384 random,2.28,0.521461,6.3,196,1478,60,,W=13;onset sweep;arch=booth
sweep,sw__A_mul_u_w13__norm___idx_p_c,SWEEP_MAIN,A_mul_u_w13,norm,13,netlists/SWEEP_MAIN/A_mul_u_w13__norm.aig,-mul -idx -p -c -no-steps,-idx -p -c,CORRECT,False,Correct,RESULT,PASS,oracle 4096 corner + 16384 random,5.84,4.01039,9.8,196,1603,60,,W=13;onset sweep;arch=norm
sweep,sw__A_mul_s_w14__booth___dyn_p_c,SWEEP_MAIN,A_mul_s_w14,booth,14,netlists/SWEEP_MAIN/A_mul_s_w14__booth.aig,-mul -s -dyn -p -c -no-steps,-dyn -p -c,CORRECT,False,Correct,RESULT,PASS,oracle 4096 corner + 16384 random,2.00,0.753695,7.8,534,1603,60,,W=14;onset sweep;arch=booth
sweep,sw__A_mul_s_w14__booth___idx_p_c,SWEEP_MAIN,A_mul_s_w14,booth,14,netlists/SWEEP_MAIN/A_mul_s_w14__booth.aig,-mul -s -idx -p -c -no-steps,-idx -p -c,CORRECT,False,Correct,RESULT,PASS,oracle 4096 corner + 16384 random,2.61,0.731141,6.2,225,1603,60,,W=14;onset sweep;arch=booth
sweep,sw__A_mul_s_w14__booth_lp___dyn_p_c,SWEEP_MAIN,A_mul_s_w14,booth_lp,14,netlists/SWEEP_MAIN/A_mul_s_w14__booth_lp.aig,-mul -s -dyn -p -c -no-steps,-dyn -p -c,CORRECT,False,,TIMEOUT,TIMEOUT,"time budget 60 s exhausted (inner SIGKILL, monotonic clock)",61.69,,48.9,,,60,,W=14;onset sweep;arch=booth_lp
sweep,sw__A_mul_s_w14__booth_lp___idx_p_c,SWEEP_MAIN,A_mul_s_w14,booth_lp,14,netlists/SWEEP_MAIN/A_mul_s_w14__booth_lp.aig,-mul -s -idx -p -c -no-steps,-idx -p -c,CORRECT,False,,TIMEOUT,TIMEOUT,"time budget 60 s exhausted (inner SIGKILL, monotonic clock)",61.62,,76.0,,,60,,W=14;onset sweep;arch=booth_lp
sweep,sw__A_mul_s_w14__norm___idx_p_c,SWEEP_MAIN,A_mul_s_w14,norm,14,netlists/SWEEP_MAIN/A_mul_s_w14__norm.aig,-mul -s -idx -p -c -no-steps,-idx -p -c,CORRECT,False,Correct,RESULT,PASS,oracle 4096 corner + 16384 random,2.31,0.570771,8.5,225,2325,60,,W=14;onset sweep;arch=norm
sweep,sw__A_mul_u_w14__booth___dyn_p_c,SWEEP_MAIN,A_mul_u_w14,booth,14,netlists/SWEEP_MAIN/A_mul_u_w14__booth.aig,-mul -dyn -p -c -no-steps,-dyn -p -c,CORRECT,False,Correct,RESULT,PASS,oracle 4096 corner + 16384 random,2.78,1.20423,8.4,614,1732,60,,W=14;onset sweep;arch=booth
sweep,sw__A_mul_u_w14__booth___idx_p_c,SWEEP_MAIN,A_mul_u_w14,booth,14,netlists/SWEEP_MAIN/A_mul_u_w14__booth.aig,-mul -idx -p -c -no-steps,-idx -p -c,CORRECT,False,Correct,RESULT,PASS,oracle 4096 corner + 16384 random,3.21,1.13585,7.2,225,1732,60,,W=14;onset sweep;arch=booth
sweep,sw__A_mul_u_w14__norm___idx_p_c,SWEEP_MAIN,A_mul_u_w14,norm,14,netlists/SWEEP_MAIN/A_mul_u_w14__norm.aig,-mul -idx -p -c -no-steps,-idx -p -c,CORRECT,False,Correct,RESULT,PASS,oracle 4096 corner + 16384 random,7.69,6.25287,12.1,225,1914,60,,W=14;onset sweep;arch=norm
sweep,sw__A_mul_s_w15__booth___dyn_p_c,SWEEP_MAIN,A_mul_s_w15,booth,15,netlists/SWEEP_MAIN/A_mul_s_w15__booth.aig,-mul -s -dyn -p -c -no-steps,-dyn -p -c,CORRECT,False,Correct,RESULT,PASS,oracle 4096 corner + 16384 random,2.47,0.9221,8.7,603,1956,60,,W=15;onset sweep;arch=booth
sweep,sw__A_mul_s_w15__booth___idx_p_c,SWEEP_MAIN,A_mul_s_w15,booth,15,netlists/SWEEP_MAIN/A_mul_s_w15__booth.aig,-mul -s -idx -p -c -no-steps,-idx -p -c,CORRECT,False,Correct,RESULT,PASS,oracle 4096 corner + 16384 random,2.87,1.14811,7.7,256,1956,60,,W=15;onset sweep;arch=booth
sweep,sw__A_mul_s_w15__booth_lp___dyn_p_c,SWEEP_MAIN,A_mul_s_w15,booth_lp,15,netlists/SWEEP_MAIN/A_mul_s_w15__booth_lp.aig,-mul -s -dyn -p -c -no-steps,-dyn -p -c,CORRECT,False,,TIMEOUT,TIMEOUT,"time budget 60 s exhausted (inner SIGKILL, monotonic clock)",61.52,,99.1,,,60,,W=15;onset sweep;arch=booth_lp
sweep,sw__A_mul_s_w15__booth_lp___idx_p_c,SWEEP_MAIN,A_mul_s_w15,booth_lp,15,netlists/SWEEP_MAIN/A_mul_s_w15__booth_lp.aig,-mul -s -idx -p -c -no-steps,-idx -p -c,CORRECT,False,,TIMEOUT,TIMEOUT,"time budget 60 s exhausted (inner SIGKILL, monotonic clock)",61.58,,235.9,,,60,,W=15;onset sweep;arch=booth_lp
sweep,sw__A_mul_s_w15__norm___idx_p_c,SWEEP_MAIN,A_mul_s_w15,norm,15,netlists/SWEEP_MAIN/A_mul_s_w15__norm.aig,-mul -s -idx -p -c -no-steps,-idx -p -c,CORRECT,False,Correct,RESULT,PASS,oracle 4096 corner + 16384 random,2.08,0.378544,8.8,256,2674,60,,W=15;onset sweep;arch=norm
sweep,sw__A_mul_u_w15__booth___dyn_p_c,SWEEP_MAIN,A_mul_u_w15,booth,15,netlists/SWEEP_MAIN/A_mul_u_w15__booth.aig,-mul -dyn -p -c -no-steps,-dyn -p -c,CORRECT,False,Correct,RESULT,PASS,oracle 4096 corner + 16384 random,2.72,0.920019,10.1,645,2038,60,,W=15;onset sweep;arch=booth
sweep,sw__A_mul_u_w15__booth___idx_p_c,SWEEP_MAIN,A_mul_u_w15,booth,15,netlists/SWEEP_MAIN/A_mul_u_w15__booth.aig,-mul -idx -p -c -no-steps,-idx -p -c,CORRECT,False,Correct,RESULT,PASS,oracle 4096 corner + 16384 random,2.53,1.10688,7.9,256,2038,60,,W=15;onset sweep;arch=booth
sweep,sw__A_mul_u_w15__norm___idx_p_c,SWEEP_MAIN,A_mul_u_w15,norm,15,netlists/SWEEP_MAIN/A_mul_u_w15__norm.aig,-mul -idx -p -c -no-steps,-idx -p -c,CORRECT,False,Correct,RESULT,PASS,oracle 4096 corner + 16384 random,6.49,4.8378,9.9,256,2198,60,,W=15;onset sweep;arch=norm
sweep,sw__A_mul_s_w16__booth___dyn_p_c,SWEEP_MAIN,A_mul_s_w16,booth,16,netlists/SWEEP_MAIN/A_mul_s_w16__booth.aig,-mul -s -dyn -p -c -no-steps,-dyn -p -c,CORRECT,False,Correct,RESULT,PASS,oracle 4096 corner + 16384 random,2.34,0.78637,9.7,698,2087,60,,W=16;onset sweep;arch=booth
sweep,sw__A_mul_s_w16__booth___idx_p_c,SWEEP_MAIN,A_mul_s_w16,booth,16,netlists/SWEEP_MAIN/A_mul_s_w16__booth.aig,-mul -s -idx -p -c -no-steps,-idx -p -c,CORRECT,False,Correct,RESULT,PASS,oracle 4096 corner + 16384 random,2.92,1.17753,7.8,289,2087,60,,W=16;onset sweep;arch=booth
sweep,sw__A_mul_s_w16__booth_lp___dyn_p_c,SWEEP_MAIN,A_mul_s_w16,booth_lp,16,netlists/SWEEP_MAIN/A_mul_s_w16__booth_lp.aig,-mul -s -dyn -p -c -no-steps,-dyn -p -c,CORRECT,False,,TIMEOUT,TIMEOUT,"time budget 60 s exhausted (inner SIGKILL, monotonic clock)",61.56,,87.1,,,60,,W=16;onset sweep;arch=booth_lp
sweep,sw__A_mul_s_w16__booth_lp___idx_p_c,SWEEP_MAIN,A_mul_s_w16,booth_lp,16,netlists/SWEEP_MAIN/A_mul_s_w16__booth_lp.aig,-mul -s -idx -p -c -no-steps,-idx -p -c,CORRECT,False,,TIMEOUT,TIMEOUT,"time budget 60 s exhausted (inner SIGKILL, monotonic clock)",61.84,,81.1,,,60,,W=16;onset sweep;arch=booth_lp
sweep,sw__A_mul_s_w16__norm___idx_p_c,SWEEP_MAIN,A_mul_s_w16,norm,16,netlists/SWEEP_MAIN/A_mul_s_w16__norm.aig,-mul -s -idx -p -c -no-steps,-idx -p -c,CORRECT,False,Correct,RESULT,PASS,oracle 4096 corner + 16384 random,2.24,0.603542,10.0,289,3025,60,,W=16;onset sweep;arch=norm
sweep,sw__A_mul_u_w16__booth___dyn_p_c,SWEEP_MAIN,A_mul_u_w16,booth,16,netlists/SWEEP_MAIN/A_mul_u_w16__booth.aig,-mul -dyn -p -c -no-steps,-dyn -p -c,CORRECT,False,Correct,RESULT,PASS,oracle 4096 corner + 16384 random,3.12,1.34676,10.7,815,2289,60,,W=16;onset sweep;arch=booth
sweep,sw__A_mul_u_w16__booth___idx_p_c,SWEEP_MAIN,A_mul_u_w16,booth,16,netlists/SWEEP_MAIN/A_mul_u_w16__booth.aig,-mul -idx -p -c -no-steps,-idx -p -c,CORRECT,False,Correct,RESULT,PASS,oracle 4096 corner + 16384 random,3.05,1.27396,8.9,289,2289,60,,W=16;onset sweep;arch=booth
sweep,sw__A_mul_u_w16__norm___idx_p_c,SWEEP_MAIN,A_mul_u_w16,norm,16,netlists/SWEEP_MAIN/A_mul_u_w16__norm.aig,-mul -idx -p -c -no-steps,-idx -p -c,CORRECT,False,Correct,RESULT,PASS,oracle 4096 corner + 16384 random,20.78,19.4596,28.4,289,2528,60,,W=16;onset sweep;arch=norm
unsupported_probe,U01_macw_u_w4_y16_norm_as_mac,MAIN,C_macw_u_w4_y16,norm,4,netlists/MAIN/C_macw_u_w4_y16__norm.aig,-mac -dyn -p -c -no-steps,-dyn -p -c,CORRECT,False,,TIMEOUT,UNSUPPORTED,template does not express the design intent; raw TRACE outcome=TIMEOUT,60.96,,121.0,,,60,,template_fit=NO;family=C;W=4;y=a*b+c with Y=16 (mod 2^16)
unsupported_probe,U02_msub_u_w4_norm_as_mac,MAIN,C_msub_u_w4,norm,4,netlists/MAIN/C_msub_u_w4__norm.aig,-mac -dyn -p -c -no-steps,-dyn -p -c,CORRECT,True,Buggy,RESULT,UNSUPPORTED,template does not express the design intent; raw TRACE outcome=Buggy,0.95,0.00317094,4.6,48,188,60,,template_fit=NO;family=C;W=4;y=c-a*b natural width (MAC-shaped ports)
unsupported_probe,U03_dot2c_u_w8_norm_as_dot2,MAIN,B_dot2c_u_w8,norm,8,netlists/MAIN/B_dot2c_u_w8__norm.aig,-dot=2 -dyn -p -c -no-steps,-dyn -p -c,CORRECT,False,Buggy,RESULT,UNSUPPORTED,template does not express the design intent; raw TRACE outcome=Buggy,1.35,0.334856,6.8,402,1465,60,,template_fit=NO;family=B;W=8;y=a*b+c*d+e
unsupported_probe,U04_macw_s_w4_y16_patch_as_mac_s,PATCH,C_macw_s_w4_y16,tree,4,netlists/PATCH/C_macw_s_w4_y16__tree.aig,-mac -s -dyn -p -c -no-steps,-dyn -p -c,CORRECT,False,,TIMEOUT,UNSUPPORTED,template does not express the design intent; raw TRACE outcome=TIMEOUT,61.34,,153.3,,,60,,template_fit=NO;family=C;W=4;signed wide accumulator patched tree
unsupported_probe,U05_msubw_u_w4_y16_norm_as_mac,MAIN,C_msubw_u_w4_y16,norm,4,netlists/MAIN/C_msubw_u_w4_y16__norm.aig,-mac -dyn -p -c -no-steps,-dyn -p -c,CORRECT,False,,TIMEOUT,UNSUPPORTED,template does not express the design intent; raw TRACE outcome=TIMEOUT,60.95,,86.4,,,60,,template_fit=NO;family=C;W=4;y=c-a*b with Y=16
w64post,w64__MAIN__A_mul_s_w64__norm___dyn_p_c,MAIN,A_mul_s_w64,norm,64,netlists/MAIN/A_mul_s_w64__norm.aig,-mul -s -dyn -p -c -no-steps,-dyn -p -c,CORRECT,False,Correct,RESULT,PASS,oracle 4096 corner + 16384 random,165.59,161.817,162.6,4640,45750,900,,"W=64;post-ABC direct, paper best configuration only (see EXPERIMENTAL_MATRIX trim 5)"
w64post,w64__MAIN__A_mul_s_w64__booth___dyn_p_c,MAIN,A_mul_s_w64,booth,64,netlists/MAIN/A_mul_s_w64__booth.aig,-mul -s -dyn -p -c -no-steps,-dyn -p -c,CORRECT,False,Correct,RESULT,PASS,oracle 4096 corner + 16384 random,274.04,270.215,162.9,15583,32346,900,,"W=64;post-ABC direct, paper best configuration only (see EXPERIMENTAL_MATRIX trim 5)"
w64post,w64__MAIN__A_mul_u_w64__booth___dyn_p_c,MAIN,A_mul_u_w64,booth,64,netlists/MAIN/A_mul_u_w64__booth.aig,-mul -dyn -p -c -no-steps,-dyn -p -c,CORRECT,False,Correct,RESULT,PASS,oracle 4096 corner + 16384 random,264.53,259.546,170.1,14071,33077,900,,"W=64;post-ABC direct, paper best configuration only (see EXPERIMENTAL_MATRIX trim 5)"
w64post,w64__PATCH__B_mac_s_w64__tree___dyn_p_c,PATCH,B_mac_s_w64,tree,64,netlists/PATCH/B_mac_s_w64__tree.aig,-mac -s -dyn -p -c -no-steps,-dyn -p -c,CORRECT,False,,TIMEOUT,TIMEOUT,"time budget 900 s exhausted (inner SIGKILL, monotonic clock)",901.82,,452.2,,,900,,"W=64;post-ABC direct, paper best configuration only (see EXPERIMENTAL_MATRIX trim 5)"
w64post,w64__MAIN__B_mac_u_w64__tree___dyn_p_c,MAIN,B_mac_u_w64,tree,64,netlists/MAIN/B_mac_u_w64__tree.aig,-mac -dyn -p -c -no-steps,-dyn -p -c,CORRECT,False,,TIMEOUT,TIMEOUT,"time budget 900 s exhausted (inner SIGKILL, monotonic clock)",901.18,,561.8,,,900,,"W=64;post-ABC direct, paper best configuration only (see EXPERIMENTAL_MATRIX trim 5)"
w64post,w64__MAIN__B_mac_s_w64__tree___dyn_p_c,MAIN,B_mac_s_w64,tree,64,netlists/MAIN/B_mac_s_w64__tree.aig,-mac -s -dyn -p -c -no-steps,-dyn -p -c,INCORRECT,False,,TIMEOUT,TIMEOUT,"time budget 900 s exhausted (inner SIGKILL, monotonic clock)",900.55,,587.5,,,900,,"W=64;post-ABC direct, paper best configuration only (see EXPERIMENTAL_MATRIX trim 5)"
