OpenROAD unknown 
Features included (+) or not (-): -GPU +GUI -Python
This program is licensed under the BSD-3 license. See the LICENSE file for details.
Components of this program may be licensed under more restrictive licenses which must be honored.
[INFO ORD-0030] Using 8 thread(s).
mkdir -p /w/experiments/outputs/orfs/asap7/aes/base/objects/asap7/aes/base
/OpenROAD-flow-scripts/flow/scripts/flow.sh 1_synth synth_syn
Running synth_syn.tcl, stage 1_synth
source /OpenROAD-flow-scripts/flow/platforms/asap7/liberty_suppressions.tcl
read_liberty /OpenROAD-flow-scripts/flow/platforms/asap7/lib/NLDM/asap7sc7p5t_AO_RVT_FF_nldm_211120.lib.gz
read_liberty /OpenROAD-flow-scripts/flow/platforms/asap7/lib/NLDM/asap7sc7p5t_INVBUF_RVT_FF_nldm_220122.lib.gz
read_liberty /OpenROAD-flow-scripts/flow/platforms/asap7/lib/NLDM/asap7sc7p5t_OA_RVT_FF_nldm_211120.lib.gz
read_liberty /OpenROAD-flow-scripts/flow/platforms/asap7/lib/NLDM/asap7sc7p5t_SIMPLE_RVT_FF_nldm_211120.lib.gz
read_liberty /OpenROAD-flow-scripts/flow/platforms/asap7/lib/NLDM/asap7sc7p5t_SEQ_RVT_FF_nldm_220123.lib
read_lef /OpenROAD-flow-scripts/flow/platforms/asap7/lef/asap7_tech_1x_201209.lef
[INFO ODB-0227] LEF file: /OpenROAD-flow-scripts/flow/platforms/asap7/lef/asap7_tech_1x_201209.lef, created 30 layers, 9 vias
read_lef /OpenROAD-flow-scripts/flow/platforms/asap7/lef/asap7sc7p5t_28_R_1x_220121a.lef
[INFO ODB-0227] LEF file: /OpenROAD-flow-scripts/flow/platforms/asap7/lef/asap7sc7p5t_28_R_1x_220121a.lef, created 212 library cells
set_dont_use "*x1p*_ASAP7* *xp*_ASAP7* SDF* ICG*"
sv_elaborate -D SYNTHESIS --compat=vcs --ignore-assertions --no-implicit-memories --top aes_cipher_top /OpenROAD-flow-scripts/flow/designs/src/aes/aes_cipher_top.v /OpenROAD-flow-scripts/flow/designs/src/aes/aes_inv_cipher_top.v /OpenROAD-flow-scripts/flow/designs/src/aes/aes_inv_sbox.v /OpenROAD-flow-scripts/flow/designs/src/aes/aes_key_expand_128.v /OpenROAD-flow-scripts/flow/designs/src/aes/aes_rcon.v /OpenROAD-flow-scripts/flow/designs/src/aes/aes_sbox.v /OpenROAD-flow-scripts/flow/designs/src/aes/timescale.v --std=1364-2005
Top level design units:
    aes_cipher_top

Build succeeded: 0 errors, 0 warnings
syn::stats
  adc: 2 cells, 10 bits
  and: 2 cells, 2 bits
  dff: 42 cells, 554 bits
  input: 5 cells, 259 bits
  mux: 256 cells, 256 bits
  name (tentative): 159 cells, 0 bits
  not: 3 cells, 3 bits
  or: 5 cells, 5 bits
  output: 2 cells, 0 bits
  ushr: 27 cells, 41824 bits
  xor: 1040 cells, 1440 bits
  total: 1543 cells, 44353 bits
synthesize
[INFO SYN-0056] liveness: replaced 24 register bits, 0 combinational bits
[INFO SYN-0020] abc_roundtrip: exported 21628 ANDs, 813 CIs, 529 COs
[1;37msyn     [0m : i/o =    813/    529  [1;36mand =   21628[0m  [1;35mlev =   28[0m [1;35m(15.44)[0m  mem = 0.27 MB
Simulating 4 words for 10 rounds. SAT solving with 1000000 conflicts.
cst =   21628  cls =      0  lit =   21628  unused =     813  proof =     0
cst =       3  cls =    849  lit =     852  unused =   20740  proof =     0
cst =       3  cls =    849  lit =     852  unused =   20740  proof =     0
cst =       3  cls =    849  lit =     852  unused =   20740  proof =     0
cst =       3  cls =    849  lit =     852  unused =   20740  proof =     0
cst =       3  cls =    849  lit =     852  unused =   20740  proof =     0
cst =       3  cls =    849  lit =     852  unused =   20740  proof =     0
cst =       3  cls =    849  lit =     852  unused =   20740  proof =     0
[1;37msyn     [0m : i/o =    813/    769  [1;36mand =    4481[0m  [1;35mlev =   11[0m [1;35m(5.22)[0m  mem = 0.08 MB
SAT solver statistics:
CO =      769  AND =     4481  Conf = 1000000  MinVar =  2000  MinCalls =   200
Unsat calls    769  (100.00 %)   Ave conf =      4.1   Time =     0.01 sec ( 80.19 %)
Sat   calls      0  (  0.00 %)   Ave conf =      0.0   Time =     0.00 sec (  0.00 %)
Undef calls      0  (  0.00 %)   Ave conf =      0.0   Time =     0.00 sec (  0.00 %)
Total time =     0.01 sec
  1 : P =    769. D =      0. F =     0. M =       0. And =   20776. Time =     0.01 sec
[1;37msyn     [0m : i/o =    813/      0  [1;36mand =       0[0m  [1;35mlev =    0[0m [1;35m(-nan)[0m  mem = 0.01 MB
Considered all available candidate equivalences.
Performed 769 SAT calls: P = 769  D = 0  F = 0
NBeg = 21628. NEnd = 20776. (Gain =   3.94 %).  RBeg = 0. REnd = 0. (Gain =   0.00 %).
Sim  =     0.01 sec (  0.00 %)
Sat  =     0.01 sec (  0.00 %)
Pat  =     0.00 sec (  0.00 %)
Time =     0.02 sec
[INFO SYN-0023] abc_roundtrip: after ABC: 20776 ANDs, 813 CIs, 529 COs
[INFO SYN-0020] abc_roundtrip: exported 20776 ANDs, 789 CIs, 529 COs
[1;37msyn     [0m : i/o =    789/    529  [1;36mand =   20776[0m  [1;35mlev =   28[0m [1;35m(15.50)[0m  mem = 0.26 MB
Starting:  syn             : pi =   789  po =   529  and =   20776  lev =  28
Rewrite:   syn             : pi =   789  po =   529  and =   19245  lev =  28
Refactor:  syn             : pi =   789  po =   529  and =   19245  lev =  28
Balance:   syn             : pi =   789  po =   529  and =   19245  lev =  28
Rewrite:   syn             : pi =   789  po =   529  and =   19064  lev =  28
RewriteZ:  syn             : pi =   789  po =   529  and =   18426  lev =  25
Balance:   syn             : pi =   789  po =   529  and =   18310  lev =  25
RefactorZ: syn             : pi =   789  po =   529  and =   18179  lev =  25
RewriteZ:  syn             : pi =   789  po =   529  and =   17873  lev =  25
Balance:   syn             : pi =   789  po =   529  and =   17826  lev =  25
Starting:  syn             : pi =   789  po =   529  and =   17826  lev =  25
Rewrite:   syn             : pi =   789  po =   529  and =   17724  lev =  25
Refactor:  syn             : pi =   789  po =   529  and =   17724  lev =  25
Balance:   syn             : pi =   789  po =   529  and =   17724  lev =  25
Rewrite:   syn             : pi =   789  po =   529  and =   17723  lev =  25
RewriteZ:  syn             : pi =   789  po =   529  and =   17625  lev =  25
Balance:   syn             : pi =   789  po =   529  and =   17619  lev =  25
RefactorZ: syn             : pi =   789  po =   529  and =   17607  lev =  25
RewriteZ:  syn             : pi =   789  po =   529  and =   17491  lev =  25
Balance:   syn             : pi =   789  po =   529  and =   17476  lev =  25
Starting:  syn             : pi =   789  po =   529  and =   18872  lev =  20
Rewrite:   syn             : pi =   789  po =   529  and =   17824  lev =  23
Refactor:  syn             : pi =   789  po =   529  and =   17779  lev =  23
Balance:   syn             : pi =   789  po =   529  and =   17777  lev =  23
Rewrite:   syn             : pi =   789  po =   529  and =   17761  lev =  23
RewriteZ:  syn             : pi =   789  po =   529  and =   17714  lev =  23
Balance:   syn             : pi =   789  po =   529  and =   17702  lev =  23
RefactorZ: syn             : pi =   789  po =   529  and =   17697  lev =  23
RewriteZ:  syn             : pi =   789  po =   529  and =   17619  lev =  23
Balance:   syn             : pi =   789  po =   529  and =   17586  lev =  23
Starting:  syn             : pi =   789  po =   529  and =   17586  lev =  23
Rewrite:   syn             : pi =   789  po =   529  and =   17552  lev =  23
Refactor:  syn             : pi =   789  po =   529  and =   17546  lev =  23
Balance:   syn             : pi =   789  po =   529  and =   17546  lev =  23
Rewrite:   syn             : pi =   789  po =   529  and =   17546  lev =  23
RewriteZ:  syn             : pi =   789  po =   529  and =   17519  lev =  23
Balance:   syn             : pi =   789  po =   529  and =   17514  lev =  23
RefactorZ: syn             : pi =   789  po =   529  and =   17510  lev =  23
RewriteZ:  syn             : pi =   789  po =   529  and =   17485  lev =  23
Balance:   syn             : pi =   789  po =   529  and =   17479  lev =  23
Starting:  syn             : pi =   789  po =   529  and =   17479  lev =  23
Rewrite:   syn             : pi =   789  po =   529  and =   17469  lev =  23
Refactor:  syn             : pi =   789  po =   529  and =   17469  lev =  23
Balance:   syn             : pi =   789  po =   529  and =   17468  lev =  23
Rewrite:   syn             : pi =   789  po =   529  and =   17468  lev =  23
RewriteZ:  syn             : pi =   789  po =   529  and =   17449  lev =  23
Balance:   syn             : pi =   789  po =   529  and =   17446  lev =  23
RefactorZ: syn             : pi =   789  po =   529  and =   17445  lev =  23
RewriteZ:  syn             : pi =   789  po =   529  and =   17430  lev =  23
Balance:   syn             : pi =   789  po =   529  and =   17423  lev =  23
[1;37msyn     [0m : i/o =    789/    529  [1;36mand =   17423[0m  [1;35mlev =   23[0m [1;35m(13.51)[0m  mem = 0.22 MB
[INFO SYN-0023] abc_roundtrip: after ABC: 17423 ANDs, 789 CIs, 529 COs
[INFO SYN-0017] mapCombinationals: done
[INFO SYN-0040] gatefusion: 191 fusions applied, area delta -10.7455
[INFO SYN-0044]   -AND2x2_ASAP7_75t_R 3
[INFO SYN-0044]   -OA33x2_ASAP7_75t_R 4
[INFO SYN-0044]   -OAI21x1_ASAP7_75t_R 143
[INFO SYN-0044]   -AND3x1_ASAP7_75t_R 22
[INFO SYN-0044]   -OR2x2_ASAP7_75t_R 144
[INFO SYN-0044]   -OR3x1_ASAP7_75t_R 1
[INFO SYN-0044]   -AO32x1_ASAP7_75t_R 2
[INFO SYN-0044]   -AO33x2_ASAP7_75t_R 4
[INFO SYN-0044]   -AOI21x1_ASAP7_75t_R 3
[INFO SYN-0044]   -OA21x2_ASAP7_75t_R 3
[INFO SYN-0044]   -OA331x1_ASAP7_75t_R 1
[INFO SYN-0044]   -AO21x1_ASAP7_75t_R 48
[INFO SYN-0044]   -AO221x1_ASAP7_75t_R 2
[INFO SYN-0044]   -AO22x1_ASAP7_75t_R 2
[INFO SYN-0045]   +OA333x1_ASAP7_75t_R 1
[INFO SYN-0045]   +OAI22x1_ASAP7_75t_R 143
[INFO SYN-0045]   +AO322x2_ASAP7_75t_R 2
[INFO SYN-0045]   +AO331x1_ASAP7_75t_R 1
[INFO SYN-0045]   +AO332x1_ASAP7_75t_R 3
[INFO SYN-0045]   +AO32x1_ASAP7_75t_R 20
[INFO SYN-0045]   +AOI221x1_ASAP7_75t_R 3
[INFO SYN-0045]   +AO33x2_ASAP7_75t_R 2
[INFO SYN-0045]   +OA331x1_ASAP7_75t_R 1
[INFO SYN-0045]   +OA332x1_ASAP7_75t_R 3
[INFO SYN-0045]   +AO221x1_ASAP7_75t_R 10
[INFO SYN-0045]   +AO222x2_ASAP7_75t_R 2
  input: 5 cells, 259 bits
  name (tentative): 74 cells, 0 bits
  not: 1 cells, 1 bits
  output: 2 cells, 0 bits
  target: AND2x2_ASAP7_75t_R: 917 cells, 917 bits, area 80.2185
  target: AND3x1_ASAP7_75t_R: 408 cells, 408 bits, area 35.6918
  target: AND4x1_ASAP7_75t_R: 116 cells, 116 bits, area 11.839
  target: AND5x1_ASAP7_75t_R: 4 cells, 4 bits, area 0.46656
  target: AO21x1_ASAP7_75t_R: 1386 cells, 1386 bits, area 121.246
  target: AO221x1_ASAP7_75t_R: 510 cells, 510 bits, area 74.3581
  target: AO222x2_ASAP7_75t_R: 5 cells, 5 bits, area 0.8748
  target: AO22x1_ASAP7_75t_R: 35 cells, 35 bits, area 4.5927
  target: AO322x2_ASAP7_75t_R: 2 cells, 2 bits, area 0.4374
  target: AO32x1_ASAP7_75t_R: 412 cells, 412 bits, area 48.0555
  target: AO331x1_ASAP7_75t_R: 1 cells, 1 bits, area 0.1458
  target: AO332x1_ASAP7_75t_R: 3 cells, 3 bits, area 0.48114
  target: AO33x2_ASAP7_75t_R: 41 cells, 41 bits, area 5.9778
  target: AOI211x1_ASAP7_75t_R: 13 cells, 13 bits, area 2.27448
  target: AOI21x1_ASAP7_75t_R: 162 cells, 162 bits, area 18.8957
  target: AOI221x1_ASAP7_75t_R: 13 cells, 13 bits, area 2.65356
  target: AOI22x1_ASAP7_75t_R: 17 cells, 17 bits, area 2.4786
  target: DFFHQNx1_ASAP7_75t_R: 530 cells, 530 bits, area 154.548
  target: INVx1_ASAP7_75t_R: 170 cells, 170 bits, area 7.43579
  target: NAND2x1_ASAP7_75t_R: 1498 cells, 1498 bits, area 131.044
  target: NAND3x1_ASAP7_75t_R: 34 cells, 34 bits, area 5.45292
  target: NOR2x1_ASAP7_75t_R: 379 cells, 379 bits, area 33.155
  target: NOR3x1_ASAP7_75t_R: 7 cells, 7 bits, area 1.12266
  target: OA211x2_ASAP7_75t_R: 556 cells, 556 bits, area 64.8514
  target: OA21x2_ASAP7_75t_R: 579 cells, 579 bits, area 59.0924
  target: OA222x2_ASAP7_75t_R: 3 cells, 3 bits, area 0.52488
  target: OA22x2_ASAP7_75t_R: 17 cells, 17 bits, area 2.4786
  target: OA332x1_ASAP7_75t_R: 3 cells, 3 bits, area 0.48114
  target: OA333x1_ASAP7_75t_R: 1 cells, 1 bits, area 0.17496
  target: OA33x2_ASAP7_75t_R: 31 cells, 31 bits, area 4.5198
  target: OAI21x1_ASAP7_75t_R: 233 cells, 233 bits, area 27.1771
  target: OAI22x1_ASAP7_75t_R: 156 cells, 156 bits, area 22.7448
  target: OR2x2_ASAP7_75t_R: 287 cells, 287 bits, area 25.1068
  target: OR3x1_ASAP7_75t_R: 516 cells, 516 bits, area 45.1395
  target: OR4x1_ASAP7_75t_R: 129 cells, 129 bits, area 13.1658
  target: OR5x1_ASAP7_75t_R: 8 cells, 8 bits, area 0.93312
  target: XNOR2x2_ASAP7_75t_R: 419 cells, 419 bits, area 67.1994
  target: XOR2x2_ASAP7_75t_R: 426 cells, 426 bits, area 68.322
  total: 10109 cells, 10287 bits, area 1145.36
[INFO SYN-0031] Export to ODB: created 10027 instances, 9497 nets, 388 ports
read_sdc /OpenROAD-flow-scripts/flow/designs/asap7/aes/constraint.sdc
repair_design -pre_placement
[WARNING EST-0027] no estimated parasitics. Using wire load models.
Iteration |   Area    | Resized | Buffers | Nets repaired | Remaining
---------------------------------------------------------------------
        0 |    +22.2% |       0 |    1059 |          1453 |     11345
    final |    +22.2% |       0 |    1059 |          1454 |         0
---------------------------------------------------------------------
[INFO RSZ-0035] Found 1 fanout violations.
[INFO RSZ-0038] Inserted 1059 buffers in 1454 nets.
[INFO RSZ-0504] Runtime: 2.56s
Report metrics stage 1, synth...

==========================================================================
synth report_design_area
--------------------------------------------------------------------------
Design area 1399 um^2 100% utilization.
write_db /w/experiments/outputs/orfs/asap7/aes/base/results/asap7/aes/base/1_synth.odb
write_sdc -no_timestamp /w/experiments/outputs/orfs/asap7/aes/base/results/asap7/aes/base/1_synth.sdc
Elapsed time: 0:10.63[h:]min:sec. CPU time: user 10.67 sys 1.23 (112%). Peak memory: 231016KB.
Log                       Ext     Elapsed/s Peak Memory/MB sha1sum result [0:20)
1_synth                   .v             10            225 7b2cb8318292996e32af
1_synth                   .odb                             d0e08570fdcf4c396e53
1_synth                   .sdc                             f1097b520eac1b47b8e3
/OpenROAD-flow-scripts/flow/scripts/flow.sh 2_1_floorplan floorplan
Running floorplan.tcl, stage 2_1_floorplan
source /OpenROAD-flow-scripts/flow/platforms/asap7/liberty_suppressions.tcl
read_liberty /OpenROAD-flow-scripts/flow/platforms/asap7/lib/NLDM/asap7sc7p5t_AO_RVT_FF_nldm_211120.lib.gz
read_liberty /OpenROAD-flow-scripts/flow/platforms/asap7/lib/NLDM/asap7sc7p5t_INVBUF_RVT_FF_nldm_220122.lib.gz
read_liberty /OpenROAD-flow-scripts/flow/platforms/asap7/lib/NLDM/asap7sc7p5t_OA_RVT_FF_nldm_211120.lib.gz
read_liberty /OpenROAD-flow-scripts/flow/platforms/asap7/lib/NLDM/asap7sc7p5t_SIMPLE_RVT_FF_nldm_211120.lib.gz
read_liberty /OpenROAD-flow-scripts/flow/platforms/asap7/lib/NLDM/asap7sc7p5t_SEQ_RVT_FF_nldm_220123.lib
read_db /w/experiments/outputs/orfs/asap7/aes/base/results/asap7/aes/base/1_synth.odb
read_sdc /w/experiments/outputs/orfs/asap7/aes/base/results/asap7/aes/base/1_synth.sdc
source /OpenROAD-flow-scripts/flow/platforms/asap7/setRC.tcl

==========================================================================
Floorplan check_setup
--------------------------------------------------------------------------
number instances in verilog is 11086
initialize_floorplan -utilization 70 -aspect_ratio 1 -core_space 2 -site asap7sc7p5t
[INFO IFP-0107] Defining die area using utilization: 70.00% and aspect ratio: 1.
[WARNING IFP-0028] Core area lower left (2.000, 2.000) snapped to (2.052, 2.160).
[INFO IFP-0001] Added 164 rows of 826 site asap7sc7p5t.
[INFO IFP-0100] Die BBox:  (  0.000  0.000 ) ( 48.709 48.709 ) um
[INFO IFP-0101] Core BBox: (  2.052  2.160 ) ( 46.656 46.440 ) um
[INFO IFP-0102] Core area:                         1975.065 um^2
[INFO IFP-0103] Total instances area:              1399.286 um^2
[INFO IFP-0104] Effective utilization:                0.708
[INFO IFP-0105] Number of instances:                  11086
source /OpenROAD-flow-scripts/flow/platforms/asap7/openRoad/make_tracks.tcl
source /OpenROAD-flow-scripts/flow/platforms/asap7/fastroute.tcl
set_dont_use "*x1p*_ASAP7* *xp*_ASAP7* SDF* ICG*"
repair_tie_fanout -separation 0 asap7sc7p5t_SIMPLE_RVT_FF_nldm_250407/TIELOx1_ASAP7_75t_R/L
repair_tie_fanout -separation 0 asap7sc7p5t_SIMPLE_RVT_FF_nldm_250407/TIEHIx1_ASAP7_75t_R/H
repair_timing -setup_margin 0 -hold_margin 0 -repair_tns 100 -setup -skip_last_gasp -sequence unbuffer,sizeup,swap,vt_swap -verbose
[WARNING EST-0027] no estimated parasitics. Using wire load models.
[INFO RSZ-0100] Repair move sequence: UnbufferMove SizeUpMove SwapPinsMove 
[INFO RSZ-0094] Found 150 endpoints with setup violations.
[INFO RSZ-0099] Repairing 150 out of 150 (100.00%) violating endpoints...
   Iter   | Removed | Resized | Inserted | Cloned |  Pin  |   Area   |    WNS   |   StTNS    |   EnTNS    |  Viol  |  Worst  
          | Buffers |  Gates  | Buffers  |  Gates | Swaps |          |          |            |            | Endpts | St/EnPt 
------------------------------------------------------------------------------------------------------------------------------
       0* |       0 |       0 |        0 |      0 |     0 |    +0.0% |  -59.315 |    -1859.0 |    -3397.0 |    150 | u983/D
      10* |       0 |       6 |        0 |      0 |     3 |    +0.0% |  -52.777 |    -1827.8 |    -3166.7 |    150 | u983/D
      20* |       0 |      12 |        0 |      0 |     7 |    +0.0% |  -50.701 |    -1815.6 |    -3045.9 |    150 | u2643/D
      30* |       0 |      19 |        0 |      0 |    10 |    +0.0% |  -47.856 |    -1786.0 |    -2860.2 |    150 | u983/D
      40* |       0 |      22 |        0 |      0 |    17 |    +0.1% |  -47.208 |    -1776.6 |    -2828.7 |    150 | u983/D
      45* |       0 |      26 |        0 |      0 |    18 |    +0.1% |  -45.613 |    -1757.7 |    -2751.4 |    150 | u983/D
      50* |       0 |      30 |        0 |      0 |    18 |    +0.1% |  -45.613 |    -1742.7 |    -2682.8 |    150 | u983/D
      59* |       0 |      32 |        0 |      0 |    20 |    +0.1% |  -45.613 |    -1738.8 |    -2664.7 |    150 | u983/D
      60* |       0 |      32 |        0 |      0 |    20 |    +0.1% |  -45.613 |    -1738.8 |    -2664.7 |    150 | u983/D
      69* |       0 |      35 |        0 |      0 |    25 |    +0.1% |  -45.613 |    -1725.7 |    -2606.2 |    150 | u983/D
      70* |       0 |      35 |        0 |      0 |    25 |    +0.1% |  -45.613 |    -1725.7 |    -2606.2 |    150 | u983/D
      80* |       0 |      42 |        0 |      0 |    28 |    +0.1% |  -45.613 |    -1707.5 |    -2532.2 |    150 | u983/D
      90* |       0 |      45 |        0 |      0 |    35 |    +0.1% |  -45.613 |    -1703.0 |    -2501.1 |    150 | u983/D
      95* |       0 |      46 |        0 |      0 |    39 |    +0.1% |  -45.613 |    -1699.2 |    -2495.6 |    150 | u983/D
     100* |       0 |      46 |        0 |      0 |    43 |    +0.1% |  -45.389 |    -1698.1 |    -2494.8 |    150 | u983/D
     101* |       0 |      46 |        0 |      0 |    43 |    +0.1% |  -45.389 |    -1698.1 |    -2494.8 |    150 | u983/D
     110* |       0 |      51 |        0 |      0 |    46 |    +0.1% |  -45.389 |    -1687.1 |    -2457.9 |    150 | u983/D
     120* |       0 |      54 |        0 |      0 |    53 |    +0.1% |  -45.389 |    -1682.8 |    -2450.6 |    150 | u983/D
     122* |       0 |      55 |        0 |      0 |    54 |    +0.1% |  -45.389 |    -1680.8 |    -2445.5 |    150 | u983/D
     128* |       0 |      55 |        0 |      0 |    58 |    +0.1% |  -45.389 |    -1680.8 |    -2441.9 |    150 | u983/D
     130* |       0 |      55 |        0 |      0 |    59 |    +0.1% |  -45.389 |    -1680.8 |    -2442.3 |    150 | u983/D
     132* |       0 |      55 |        0 |      0 |    58 |    +0.1% |  -45.389 |    -1680.8 |    -2441.9 |    150 | u983/D
     140* |       0 |      61 |        0 |      0 |    59 |    +0.1% |  -45.389 |    -1670.6 |    -2410.6 |    150 | u983/D
     150* |       0 |      67 |        0 |      0 |    63 |    +0.2% |  -45.389 |    -1659.0 |    -2355.7 |    150 | u983/D
     160* |       0 |      71 |        0 |      0 |    69 |    +0.2% |  -45.389 |    -1648.7 |    -2353.1 |    150 | u983/D
     170* |       0 |      76 |        0 |      0 |    74 |    +0.2% |  -45.389 |    -1646.3 |    -2345.9 |    150 | u983/D
     176* |       0 |      78 |        0 |      0 |    78 |    +0.2% |  -45.389 |    -1641.4 |    -2323.0 |    150 | u983/D
     180* |       0 |      79 |        0 |      0 |    80 |    +0.2% |  -45.389 |    -1640.8 |    -2318.2 |    150 | u983/D
     184* |       0 |      80 |        0 |      0 |    83 |    +0.2% |  -45.389 |    -1637.5 |    -2307.3 |    150 | u983/D
     190* |       0 |      83 |        0 |      0 |    85 |    +0.2% |  -45.389 |    -1626.6 |    -2297.8 |    150 | u983/D
     200* |       0 |      87 |        0 |      0 |    91 |    +0.2% |  -45.389 |    -1609.0 |    -2290.0 |    150 | u983/D
     203* |       0 |      87 |        0 |      0 |    92 |    +0.2% |  -45.389 |    -1609.0 |    -2289.9 |    150 | u983/D
     210* |       0 |      89 |        0 |      0 |    96 |    +0.2% |  -45.389 |    -1609.0 |    -2285.6 |    150 | u983/D
     214* |       0 |      89 |        0 |      0 |   100 |    +0.2% |  -45.389 |    -1609.0 |    -2255.3 |    150 | u983/D
     219* |       0 |      89 |        0 |      0 |   101 |    +0.2% |  -45.389 |    -1609.0 |    -2255.5 |    150 | u983/D
     220* |       0 |      89 |        0 |      0 |   101 |    +0.2% |  -45.389 |    -1609.0 |    -2255.5 |    150 | u983/D
     230* |       0 |      96 |        0 |      0 |   104 |    +0.2% |  -45.389 |    -1588.2 |    -2113.0 |    150 | u983/D
     240* |       0 |     101 |        0 |      0 |   109 |    +0.2% |  -45.389 |    -1580.6 |    -2077.8 |    150 | u983/D
     243* |       0 |     101 |        0 |      0 |   112 |    +0.2% |  -45.389 |    -1573.4 |    -2063.5 |    150 | u983/D
     250* |       0 |     103 |        0 |      0 |   116 |    +0.2% |  -45.389 |    -1570.2 |    -2045.1 |    150 | u983/D
     253* |       0 |     104 |        0 |      0 |   118 |    +0.2% |  -45.389 |    -1568.2 |    -2043.1 |    150 | u983/D
     260* |       0 |     104 |        0 |      0 |   124 |    +0.2% |  -45.498 |    -1565.3 |    -2041.5 |    150 | u983/D
     263* |       0 |     104 |        0 |      0 |   118 |    +0.2% |  -45.389 |    -1568.2 |    -2043.1 |    150 | u983/D
     270* |       0 |     106 |        0 |      0 |   122 |    +0.3% |  -46.080 |    -1569.6 |    -2010.8 |    150 | u983/D
     277* |       0 |     104 |        0 |      0 |   118 |    +0.2% |  -45.389 |    -1568.2 |    -2043.1 |    150 | u983/D
     280* |       0 |     105 |        0 |      0 |   119 |    +0.3% |  -45.389 |    -1562.3 |    -2017.6 |    150 | u983/D
     290* |       0 |     110 |        0 |      0 |   124 |    +0.3% |  -45.389 |    -1549.4 |    -1953.9 |    150 | u983/D
     298* |       0 |     114 |        0 |      0 |   128 |    +0.3% |  -45.389 |    -1541.1 |    -1934.3 |    150 | u983/D
     300* |       0 |     115 |        0 |      0 |   128 |    +0.3% |  -46.151 |    -1542.7 |    -1904.4 |    150 | u983/D
     305* |       0 |     114 |        0 |      0 |   128 |    +0.3% |  -45.389 |    -1541.1 |    -1934.3 |    150 | u983/D
     310* |       0 |     114 |        0 |      0 |   132 |    +0.3% |  -45.389 |    -1538.9 |    -1931.8 |    150 | u983/D
     318* |       0 |     117 |        0 |      0 |   137 |    +0.3% |  -45.389 |    -1534.6 |    -1920.2 |    150 | u983/D
     320* |       0 |     118 |        0 |      0 |   137 |    +0.3% |  -46.151 |    -1536.1 |    -1890.3 |    150 | u983/D
     330* |       0 |     119 |        0 |      0 |   146 |    +0.3% |  -46.151 |    -1535.9 |    -1884.8 |    150 | u983/D
     332* |       0 |     117 |        0 |      0 |   137 |    +0.3% |  -45.389 |    -1534.6 |    -1920.2 |    150 | u983/D
     336* |       0 |     117 |        0 |      0 |   137 |    +0.3% |  -45.389 |    -1534.6 |    -1920.2 |    150 | u983/D
     340* |       0 |     118 |        0 |      0 |   139 |    +0.3% |  -45.389 |    -1534.6 |    -1917.0 |    150 | u983/D
     344* |       0 |     118 |        0 |      0 |   143 |    +0.3% |  -45.389 |    -1534.4 |    -1907.0 |    150 | u983/D
     350* |       0 |     120 |        0 |      0 |   146 |    +0.3% |  -45.389 |    -1529.9 |    -1879.6 |    150 | u983/D
     360* |       0 |     125 |        0 |      0 |   151 |    +0.3% |  -45.389 |    -1525.3 |    -1869.4 |    150 | u983/D
     362* |       0 |     125 |        0 |      0 |   152 |    +0.3% |  -45.389 |    -1524.5 |    -1868.6 |    150 | u983/D
     370* |       0 |     128 |        0 |      0 |   156 |    +0.3% |  -45.389 |    -1521.7 |    -1865.0 |    150 | u983/D
     375* |       0 |     129 |        0 |      0 |   160 |    +0.3% |  -45.389 |    -1518.8 |    -1861.6 |    150 | u983/D
     380* |       0 |     129 |        0 |      0 |   164 |    +0.3% |  -45.389 |    -1517.7 |    -1859.7 |    150 | u983/D
     381* |       0 |     129 |        0 |      0 |   165 |    +0.3% |  -45.389 |    -1517.7 |    -1859.3 |    150 | u983/D
     385* |       0 |     129 |        0 |      0 |   166 |    +0.3% |  -45.389 |    -1517.3 |    -1858.9 |    150 | u983/D
     390* |       0 |     132 |        0 |      0 |   167 |    +0.3% |  -45.389 |    -1503.6 |    -1838.9 |    150 | u983/D
     400* |       0 |     136 |        0 |      0 |   173 |    +0.3% |  -45.389 |    -1494.5 |    -1829.4 |    150 | u983/D
     410* |       0 |     139 |        0 |      0 |   180 |    +0.3% |  -45.389 |    -1489.8 |    -1827.7 |    150 | u983/D
     414* |       0 |     142 |        0 |      0 |   181 |    +0.3% |  -45.389 |    -1480.0 |    -1825.7 |    150 | u983/D
     417* |       0 |     142 |        0 |      0 |   181 |    +0.3% |  -45.389 |    -1480.0 |    -1825.7 |    150 | u983/D
     420* |       0 |     142 |        0 |      0 |   183 |    +0.3% |  -45.389 |    -1480.0 |    -1826.6 |    150 | u983/D
     421* |       0 |     142 |        0 |      0 |   182 |    +0.3% |  -45.389 |    -1480.0 |    -1825.1 |    150 | u983/D
     425* |       0 |     142 |        0 |      0 |   185 |    +0.3% |  -45.389 |    -1480.0 |    -1823.6 |    150 | u983/D
     429* |       0 |     142 |        0 |      0 |   186 |    +0.3% |  -45.389 |    -1480.0 |    -1823.0 |    150 | u983/D
     430* |       0 |     142 |        0 |      0 |   186 |    +0.3% |  -45.389 |    -1480.0 |    -1823.0 |    150 | u983/D
     440* |       0 |     143 |        0 |      0 |   195 |    +0.3% |  -45.389 |    -1481.2 |    -1824.0 |    150 | u983/D
     442* |       0 |     143 |        0 |      0 |   195 |    +0.3% |  -45.389 |    -1481.2 |    -1824.0 |    150 | u983/D
     450* |       0 |     143 |        0 |      0 |   202 |    +0.3% |  -45.389 |    -1481.2 |    -1821.6 |    150 | u983/D
     451* |       0 |     143 |        0 |      0 |   203 |    +0.3% |  -45.389 |    -1481.2 |    -1821.2 |    150 | u983/D
     460* |       0 |     144 |        0 |      0 |   210 |    +0.4% |  -45.389 |    -1480.6 |    -1810.3 |    150 | u983/D
     466* |       0 |     146 |        0 |      0 |   214 |    +0.4% |  -45.389 |    -1476.7 |    -1791.1 |    150 | u983/D
     470* |       0 |     146 |        0 |      0 |   217 |    +0.4% |  -45.389 |    -1476.7 |    -1790.5 |    150 | u983/D
     470* |       0 |     146 |        0 |      0 |   215 |    +0.4% |  -45.389 |    -1476.7 |    -1789.4 |    150 | u983/D
     480* |       0 |     150 |        0 |      0 |   220 |    +0.4% |  -45.389 |    -1467.4 |    -1767.1 |    150 | u983/D
     490* |       0 |     155 |        0 |      0 |   225 |    +0.4% |  -45.389 |    -1463.0 |    -1755.3 |    150 | u983/D
     491* |       0 |     155 |        0 |      0 |   224 |    +0.4% |  -45.389 |    -1463.1 |    -1755.0 |    150 | u983/D
     495* |       0 |     155 |        0 |      0 |   227 |    +0.4% |  -45.389 |    -1463.1 |    -1755.5 |    150 | u983/D
     499* |       0 |     155 |        0 |      0 |   229 |    +0.4% |  -45.166 |    -1462.2 |    -1753.8 |    150 | u983/D
     500* |       0 |     155 |        0 |      0 |   229 |    +0.4% |  -45.166 |    -1462.2 |    -1753.8 |    150 | u983/D
     510* |       0 |     158 |        0 |      0 |   236 |    +0.4% |  -45.166 |    -1454.9 |    -1725.1 |    150 | u983/D
     514* |       0 |     158 |        0 |      0 |   238 |    +0.4% |  -45.166 |    -1454.9 |    -1722.6 |    150 | u983/D
     517* |       0 |     158 |        0 |      0 |   238 |    +0.4% |  -45.166 |    -1454.9 |    -1722.6 |    150 | u983/D
     520* |       0 |     158 |        0 |      0 |   240 |    +0.4% |  -45.166 |    -1454.9 |    -1720.9 |    150 | u983/D
     530* |       0 |     160 |        0 |      0 |   248 |    +0.4% |  -45.166 |    -1454.9 |    -1718.2 |    150 | u983/D
     530* |       0 |     160 |        0 |      0 |   248 |    +0.4% |  -45.166 |    -1454.9 |    -1718.2 |    150 | u983/D
     540* |       0 |     163 |        0 |      0 |   254 |    +0.4% |  -45.853 |    -1456.3 |    -1689.2 |    150 | u983/D
     545* |       0 |     160 |        0 |      0 |   248 |    +0.4% |  -45.166 |    -1454.9 |    -1718.2 |    150 | u983/D
     550* |       0 |     160 |        0 |      0 |   252 |    +0.4% |  -45.166 |    -1454.9 |    -1718.4 |    150 | u983/D
     550* |       0 |     160 |        0 |      0 |   250 |    +0.4% |  -45.166 |    -1454.9 |    -1717.0 |    150 | u983/D
     560* |       0 |     161 |        0 |      0 |   258 |    +0.4% |  -45.166 |    -1453.1 |    -1693.5 |    150 | u983/D
     562* |       0 |     161 |        0 |      0 |   259 |    +0.4% |  -45.166 |    -1453.1 |    -1693.4 |    150 | u983/D
     570* |       0 |     166 |        0 |      0 |   261 |    +0.4% |  -45.166 |    -1448.2 |    -1686.8 |    150 | u983/D
     580* |       0 |     173 |        0 |      0 |   264 |    +0.4% |  -45.166 |    -1444.7 |    -1676.9 |    150 | u983/D
     590* |       0 |     177 |        0 |      0 |   270 |    +0.5% |  -45.166 |    -1432.0 |    -1668.7 |    150 | u983/D
     594* |       0 |     177 |        0 |      0 |   274 |    +0.5% |  -45.166 |    -1430.0 |    -1666.6 |    150 | u983/D
     598* |       0 |     177 |        0 |      0 |   277 |    +0.5% |  -45.166 |    -1430.0 |    -1665.5 |    150 | u983/D
     600* |       0 |     177 |        0 |      0 |   278 |    +0.5% |  -45.166 |    -1430.0 |    -1666.1 |    150 | u983/D
     602* |       0 |     177 |        0 |      0 |   277 |    +0.5% |  -45.166 |    -1430.0 |    -1665.5 |    150 | u983/D
     606* |       0 |     177 |        0 |      0 |   278 |    +0.5% |  -45.166 |    -1430.0 |    -1665.2 |    150 | u983/D
     609* |       0 |     177 |        0 |      0 |   279 |    +0.5% |  -45.166 |    -1430.0 |    -1664.8 |    150 | u983/D
     610* |       0 |     177 |        0 |      0 |   279 |    +0.5% |  -45.166 |    -1430.0 |    -1664.8 |    150 | u983/D
     620* |       0 |     183 |        0 |      0 |   283 |    +0.5% |  -45.166 |    -1411.1 |    -1631.6 |    150 | u983/D
     630* |       0 |     189 |        0 |      0 |   287 |    +0.5% |  -45.166 |    -1408.3 |    -1623.1 |    150 | u983/D
     638* |       0 |     191 |        0 |      0 |   293 |    +0.5% |  -45.166 |    -1406.4 |    -1615.0 |    150 | u983/D
     640* |       0 |     191 |        0 |      0 |   294 |    +0.5% |  -45.023 |    -1405.8 |    -1614.6 |    150 | u983/D
     641* |       0 |     191 |        0 |      0 |   294 |    +0.5% |  -45.023 |    -1405.8 |    -1614.6 |    150 | u983/D
     646* |       0 |     191 |        0 |      0 |   298 |    +0.5% |  -45.023 |    -1406.3 |    -1612.7 |    150 | u983/D
     650* |       0 |     191 |        0 |      0 |   301 |    +0.5% |  -45.023 |    -1406.3 |    -1612.0 |    150 | u983/D
     654* |       0 |     191 |        0 |      0 |   305 |    +0.5% |  -45.023 |    -1406.3 |    -1609.8 |    150 | u983/D
     657* |       0 |     191 |        0 |      0 |   305 |    +0.5% |  -45.023 |    -1406.3 |    -1609.8 |    150 | u983/D
     660* |       0 |     191 |        0 |      0 |   307 |    +0.5% |  -45.023 |    -1406.5 |    -1611.6 |    150 | u983/D
     662* |       0 |     191 |        0 |      0 |   309 |    +0.5% |  -45.023 |    -1406.5 |    -1609.6 |    150 | u983/D
     670* |       0 |     194 |        0 |      0 |   313 |    +0.5% |  -45.023 |    -1402.6 |    -1597.7 |    150 | u983/D
     676* |       0 |     194 |        0 |      0 |   319 |    +0.5% |  -45.023 |    -1396.7 |    -1593.6 |    150 | u983/D
     680* |       0 |     196 |        0 |      0 |   320 |    +0.5% |  -45.023 |    -1387.9 |    -1546.1 |    150 | u983/D
     690* |       0 |     199 |        0 |      0 |   327 |    +0.5% |  -45.023 |    -1386.4 |    -1533.1 |    150 | u983/D
     691* |       0 |     199 |        0 |      0 |   328 |    +0.5% |  -45.023 |    -1386.4 |    -1531.6 |    150 | u983/D
     700* |       0 |     203 |        0 |      0 |   332 |    +0.5% |  -45.023 |    -1386.4 |    -1527.2 |    150 | u983/D
     710* |       0 |     206 |        0 |      0 |   339 |    +0.5% |  -45.023 |    -1374.8 |    -1519.8 |    150 | u983/D
     714* |       0 |     207 |        0 |      0 |   342 |    +0.5% |  -45.023 |    -1373.6 |    -1517.5 |    150 | u983/D
     717* |       0 |     207 |        0 |      0 |   344 |    +0.5% |  -45.023 |    -1373.6 |    -1515.8 |    150 | u983/D
     720* |       0 |     208 |        0 |      0 |   345 |    +0.5% |  -45.023 |    -1373.9 |    -1504.4 |    150 | u983/D
     730* |       0 |     209 |        0 |      0 |   354 |    +0.5% |  -45.023 |    -1374.3 |    -1495.9 |    150 | u983/D
     731* |       0 |     209 |        0 |      0 |   354 |    +0.5% |  -45.023 |    -1374.3 |    -1495.9 |    150 | u983/D
     740* |       0 |     213 |        0 |      0 |   358 |    +0.5% |  -45.785 |    -1375.9 |    -1463.0 |    150 | u983/D
     744* |       0 |     209 |        0 |      0 |   354 |    +0.5% |  -45.023 |    -1374.3 |    -1495.9 |    150 | u983/D
     748* |       0 |     209 |        0 |      0 |   355 |    +0.5% |  -45.023 |    -1374.3 |    -1495.5 |    150 | u983/D
     750* |       0 |     209 |        0 |      0 |   356 |    +0.5% |  -45.023 |    -1373.2 |    -1494.3 |    150 | u983/D
     760* |       0 |     211 |        0 |      0 |   364 |    +0.5% |  -45.023 |    -1367.1 |    -1487.7 |    150 | u983/D
     762* |       0 |     211 |        0 |      0 |   366 |    +0.5% |  -45.023 |    -1366.2 |    -1486.8 |    150 | u983/D
     766* |       0 |     211 |        0 |      0 |   369 |    +0.5% |  -45.023 |    -1366.2 |    -1485.8 |    150 | u983/D
     770* |       0 |     211 |        0 |      0 |   372 |    +0.5% |  -45.023 |    -1366.2 |    -1482.7 |    150 | u983/D
     777* |       0 |     212 |        0 |      0 |   377 |    +0.5% |  -45.023 |    -1366.3 |    -1480.3 |    150 | u983/D
     780* |       0 |     213 |        0 |      0 |   378 |    +0.5% |  -45.023 |    -1367.7 |    -1478.8 |    150 | u983/D
     790* |       0 |     216 |        0 |      0 |   385 |    +0.6% |  -45.023 |    -1365.0 |    -1455.9 |    150 | u983/D
     791* |       0 |     216 |        0 |      0 |   386 |    +0.6% |  -45.023 |    -1365.0 |    -1455.3 |    150 | u983/D
     800* |       0 |     219 |        0 |      0 |   391 |    +0.6% |  -45.023 |    -1360.6 |    -1443.8 |    150 | u983/D
     806* |       0 |     219 |        0 |      0 |   394 |    +0.6% |  -45.023 |    -1360.6 |    -1442.6 |    150 | u983/D
     810* |       0 |     219 |        0 |      0 |   397 |    +0.6% |  -45.023 |    -1360.4 |    -1442.8 |    150 | u983/D
     817* |       0 |     220 |        0 |      0 |   403 |    +0.6% |  -45.023 |    -1360.4 |    -1438.4 |    150 | u983/D
     820* |       0 |     221 |        0 |      0 |   404 |    +0.6% |  -45.023 |    -1360.2 |    -1433.8 |    150 | u983/D
     826* |       0 |     222 |        0 |      0 |   409 |    +0.6% |  -45.023 |    -1360.3 |    -1426.6 |    150 | u983/D
     830* |       0 |     223 |        0 |      0 |   411 |    +0.6% |  -45.023 |    -1360.3 |    -1425.9 |    150 | u983/D
     836* |       0 |     223 |        0 |      0 |   410 |    +0.6% |  -45.023 |    -1360.3 |    -1424.4 |    150 | u983/D
     840* |       0 |     223 |        0 |      0 |   413 |    +0.6% |  -45.023 |    -1359.4 |    -1416.3 |    150 | u983/D
     848* |       0 |     226 |        0 |      0 |   418 |    +0.6% |  -45.023 |    -1357.1 |    -1404.1 |    150 | u983/D
     850* |       0 |     227 |        0 |      0 |   418 |    +0.6% |  -45.023 |    -1357.1 |    -1402.8 |    150 | u983/D
     860* |       0 |     231 |        0 |      0 |   424 |    +0.6% |  -45.023 |    -1357.2 |    -1395.8 |    150 | u983/D
     865* |       0 |     231 |        0 |      0 |   426 |    +0.6% |  -45.023 |    -1357.2 |    -1394.0 |    150 | u983/D
     870* |       0 |     232 |        0 |      0 |   429 |    +0.6% |  -45.023 |    -1357.9 |    -1390.5 |    150 | u983/D
     880* |       0 |     238 |        0 |      0 |   433 |    +0.6% |  -45.023 |    -1333.7 |    -1363.5 |    150 | u983/D
     890* |       0 |     243 |        0 |      0 |   438 |    +0.6% |  -45.023 |    -1327.1 |    -1355.4 |    150 | u983/D
     891* |       0 |     243 |        0 |      0 |   438 |    +0.6% |  -45.023 |    -1327.1 |    -1355.4 |    150 | u983/D
     895* |       0 |     243 |        0 |      0 |   439 |    +0.6% |  -45.023 |    -1327.1 |    -1354.8 |    150 | u983/D
     900* |       0 |     244 |        0 |      0 |   442 |    +0.6% |  -45.023 |    -1325.6 |    -1354.9 |    150 | u983/D
     900* |       0 |     244 |        0 |      0 |   440 |    +0.6% |  -45.023 |    -1325.6 |    -1353.6 |    150 | u983/D
     908* |       0 |     244 |        0 |      0 |   447 |    +0.6% |  -45.023 |    -1325.6 |    -1349.5 |    150 | u983/D
     910* |       0 |     245 |        0 |      0 |   447 |    +0.6% |  -45.785 |    -1327.1 |    -1319.6 |    150 | u983/D
     914* |       0 |     244 |        0 |      0 |   447 |    +0.6% |  -45.023 |    -1325.6 |    -1349.5 |    150 | u983/D
     915* |       0 |     244 |        0 |      0 |   447 |    +0.6% |  -45.023 |    -1325.6 |    -1349.5 |    150 | u983/D
     918* |       0 |     244 |        0 |      0 |   449 |    +0.6% |  -45.023 |    -1325.6 |    -1349.2 |    150 | u983/D
     920* |       0 |     245 |        0 |      0 |   449 |    +0.6% |  -45.023 |    -1320.1 |    -1343.6 |    150 | u983/D
     930* |       0 |     247 |        0 |      0 |   457 |    +0.6% |  -45.023 |    -1318.4 |    -1331.8 |    150 | u983/D
     931* |       0 |     247 |        0 |      0 |   458 |    +0.6% |  -45.023 |    -1318.4 |    -1331.7 |    150 | u983/D
     933* |       0 |     247 |        0 |      0 |   459 |    +0.6% |  -45.023 |    -1318.4 |    -1331.4 |    150 | u983/D
     935* |       0 |     248 |        0 |      0 |   459 |    +0.6% |  -45.023 |    -1312.9 |    -1312.1 |    150 | u983/D
     940* |       0 |     250 |        0 |      0 |   461 |    +0.6% |  -45.023 |    -1310.9 |    -1307.7 |    150 | u983/D
     945* |       0 |     252 |        0 |      0 |   464 |    +0.7% |  -45.023 |    -1300.0 |    -1304.8 |    150 | u983/D
     950* |       0 |     254 |        0 |      0 |   466 |    +0.7% |  -45.023 |    -1293.5 |    -1285.9 |    150 | u983/D
     960* |       0 |     257 |        0 |      0 |   473 |    +0.7% |  -45.023 |    -1289.3 |    -1256.9 |    150 | u983/D
     961* |       0 |     258 |        0 |      0 |   473 |    +0.7% |  -45.023 |    -1288.9 |    -1255.7 |    150 | u983/D
     964* |       0 |     258 |        0 |      0 |   475 |    +0.7% |  -45.023 |    -1288.9 |    -1254.6 |    150 | u983/D
     968* |       0 |     258 |        0 |      0 |   478 |    +0.7% |  -45.023 |    -1288.9 |    -1253.9 |    150 | u983/D
     970* |       0 |     259 |        0 |      0 |   478 |    +0.7% |  -45.023 |    -1291.0 |    -1260.9 |    150 | u983/D
     979* |       0 |     262 |        0 |      0 |   482 |    +0.7% |  -45.023 |    -1289.2 |    -1258.3 |    150 | u983/D
     980* |       0 |     262 |        0 |      0 |   482 |    +0.7% |  -45.023 |    -1289.2 |    -1258.3 |    150 | u983/D
     980* |       0 |     262 |        0 |      0 |   482 |    +0.7% |  -45.023 |    -1289.2 |    -1258.3 |    150 | u983/D
     981* |       0 |     262 |        0 |      0 |   482 |    +0.7% |  -45.023 |    -1289.2 |    -1258.3 |    150 | u983/D
     990* |       0 |     263 |        0 |      0 |   489 |    +0.7% |  -45.023 |    -1287.4 |    -1252.5 |    150 | u983/D
     990* |       0 |     263 |        0 |      0 |   489 |    +0.7% |  -45.023 |    -1287.4 |    -1252.5 |    150 | u983/D
     991* |       0 |     263 |        0 |      0 |   489 |    +0.7% |  -45.023 |    -1287.4 |    -1252.5 |    150 | u983/D
     996* |       0 |     263 |        0 |      0 |   493 |    +0.7% |  -45.023 |    -1287.4 |    -1250.7 |    150 | u983/D
     997* |       0 |     263 |        0 |      0 |   493 |    +0.7% |  -45.023 |    -1287.4 |    -1250.7 |    150 | u983/D
     998* |       0 |     263 |        0 |      0 |   493 |    +0.7% |  -45.023 |    -1287.4 |    -1250.7 |    150 | u983/D
    1000* |       0 |     263 |        0 |      0 |   494 |    +0.7% |  -45.023 |    -1287.4 |    -1250.6 |    150 | u983/D
    1002* |       0 |     263 |        0 |      0 |   494 |    +0.7% |  -45.023 |    -1287.4 |    -1250.6 |    150 | u983/D
    1003* |       0 |     263 |        0 |      0 |   494 |    +0.7% |  -45.023 |    -1287.4 |    -1250.6 |    150 | u983/D
    1005* |       0 |     263 |        0 |      0 |   495 |    +0.7% |  -45.023 |    -1287.4 |    -1250.1 |    150 | u983/D
    1009* |       0 |     263 |        0 |      0 |   495 |    +0.7% |  -45.023 |    -1287.4 |    -1250.1 |    150 | u983/D
    1010* |       0 |     263 |        0 |      0 |   495 |    +0.7% |  -45.023 |    -1287.4 |    -1250.1 |    150 | u983/D
    1010* |       0 |     263 |        0 |      0 |   495 |    +0.7% |  -45.023 |    -1287.4 |    -1250.1 |    150 | u983/D
    1011* |       0 |     263 |        0 |      0 |   495 |    +0.7% |  -45.023 |    -1287.4 |    -1250.1 |    150 | u983/D
    1012* |       0 |     263 |        0 |      0 |   495 |    +0.7% |  -45.023 |    -1287.4 |    -1250.1 |    150 | u983/D
    1013* |       0 |     263 |        0 |      0 |   495 |    +0.7% |  -45.023 |    -1287.4 |    -1250.1 |    150 | u983/D
    1014* |       0 |     263 |        0 |      0 |   495 |    +0.7% |  -45.023 |    -1287.4 |    -1250.1 |    150 | u983/D
    1015* |       0 |     263 |        0 |      0 |   495 |    +0.7% |  -45.023 |    -1287.4 |    -1250.1 |    150 | u983/D
    1016* |       0 |     263 |        0 |      0 |   495 |    +0.7% |  -45.023 |    -1287.4 |    -1250.1 |    150 | u983/D
    1017* |       0 |     263 |        0 |      0 |   495 |    +0.7% |  -45.023 |    -1287.4 |    -1250.1 |    150 | u983/D
    1018* |       0 |     263 |        0 |      0 |   495 |    +0.7% |  -45.023 |    -1287.4 |    -1250.1 |    150 | u983/D
    1019* |       0 |     263 |        0 |      0 |   495 |    +0.7% |  -45.023 |    -1287.4 |    -1250.1 |    150 | u983/D
    1020* |       0 |     263 |        0 |      0 |   495 |    +0.7% |  -45.023 |    -1287.4 |    -1250.1 |    150 | u983/D
    1020* |       0 |     263 |        0 |      0 |   495 |    +0.7% |  -45.023 |    -1287.4 |    -1250.1 |    150 | u983/D
    1021* |       0 |     263 |        0 |      0 |   495 |    +0.7% |  -45.023 |    -1287.4 |    -1250.1 |    150 | u983/D
    1024* |       0 |     264 |        0 |      0 |   496 |    +0.7% |  -45.023 |    -1287.5 |    -1249.9 |    150 | u983/D
    1025* |       0 |     264 |        0 |      0 |   496 |    +0.7% |  -45.023 |    -1287.5 |    -1249.9 |    150 | u983/D
    1026* |       0 |     264 |        0 |      0 |   496 |    +0.7% |  -45.023 |    -1287.5 |    -1249.9 |    150 | u983/D
    1027* |       0 |     264 |        0 |      0 |   496 |    +0.7% |  -45.023 |    -1287.5 |    -1249.9 |    150 | u983/D
    1028* |       0 |     264 |        0 |      0 |   496 |    +0.7% |  -45.023 |    -1287.5 |    -1249.9 |    150 | u983/D
    1029* |       0 |     264 |        0 |      0 |   496 |    +0.7% |  -45.023 |    -1287.5 |    -1249.9 |    150 | u983/D
    1030* |       0 |     264 |        0 |      0 |   496 |    +0.7% |  -45.023 |    -1287.5 |    -1249.9 |    150 | u983/D
    1040* |       0 |     268 |        0 |      0 |   502 |    +0.7% |  -45.023 |    -1283.4 |    -1246.6 |    150 | u983/D
    1043* |       0 |     268 |        0 |      0 |   500 |    +0.7% |  -45.023 |    -1282.5 |    -1245.6 |    150 | u983/D
    1044* |       0 |     268 |        0 |      0 |   500 |    +0.7% |  -45.023 |    -1282.5 |    -1245.6 |    150 | u983/D
    1045* |       0 |     268 |        0 |      0 |   500 |    +0.7% |  -45.023 |    -1282.5 |    -1245.6 |    150 | u983/D
    1046* |       0 |     268 |        0 |      0 |   500 |    +0.7% |  -45.023 |    -1282.5 |    -1245.6 |    150 | u983/D
    1047* |       0 |     268 |        0 |      0 |   500 |    +0.7% |  -45.023 |    -1282.5 |    -1245.6 |    150 | u983/D
    1049* |       0 |     268 |        0 |      0 |   501 |    +0.7% |  -45.023 |    -1282.5 |    -1244.8 |    150 | u983/D
    1050* |       0 |     268 |        0 |      0 |   501 |    +0.7% |  -45.023 |    -1282.5 |    -1244.8 |    150 | u983/D
    1050* |       0 |     268 |        0 |      0 |   501 |    +0.7% |  -45.023 |    -1282.5 |    -1244.8 |    150 | u983/D
    1051* |       0 |     268 |        0 |      0 |   501 |    +0.7% |  -45.023 |    -1282.5 |    -1244.8 |    150 | u983/D
    1052* |       0 |     268 |        0 |      0 |   501 |    +0.7% |  -45.023 |    -1282.5 |    -1244.8 |    150 | u983/D
    1053* |       0 |     268 |        0 |      0 |   501 |    +0.7% |  -45.023 |    -1282.5 |    -1244.8 |    150 | u983/D
    1054* |       0 |     268 |        0 |      0 |   501 |    +0.7% |  -45.023 |    -1282.5 |    -1244.8 |    150 | u983/D
    1055* |       0 |     268 |        0 |      0 |   501 |    +0.7% |  -45.023 |    -1282.5 |    -1244.8 |    150 | u983/D
    1057* |       0 |     269 |        0 |      0 |   501 |    +0.7% |  -45.023 |    -1282.5 |    -1244.4 |    150 | u983/D
    1058* |       0 |     269 |        0 |      0 |   501 |    +0.7% |  -45.023 |    -1282.5 |    -1244.4 |    150 | u983/D
    1059* |       0 |     269 |        0 |      0 |   501 |    +0.7% |  -45.023 |    -1282.5 |    -1244.4 |    150 | u983/D
    1060* |       0 |     269 |        0 |      0 |   501 |    +0.7% |  -45.023 |    -1282.5 |    -1244.4 |    150 | u983/D
    1060* |       0 |     269 |        0 |      0 |   501 |    +0.7% |  -45.023 |    -1282.5 |    -1244.4 |    150 | u983/D
    1061* |       0 |     269 |        0 |      0 |   501 |    +0.7% |  -45.023 |    -1282.5 |    -1244.4 |    150 | u983/D
    1062* |       0 |     269 |        0 |      0 |   501 |    +0.7% |  -45.023 |    -1282.5 |    -1244.4 |    150 | u983/D
    1063* |       0 |     269 |        0 |      0 |   501 |    +0.7% |  -45.023 |    -1282.5 |    -1244.4 |    150 | u983/D
    1064* |       0 |     269 |        0 |      0 |   501 |    +0.7% |  -45.023 |    -1282.5 |    -1244.4 |    150 | u983/D
    1065* |       0 |     269 |        0 |      0 |   501 |    +0.7% |  -45.023 |    -1282.5 |    -1244.4 |    150 | u983/D
    1066* |       0 |     269 |        0 |      0 |   501 |    +0.7% |  -45.023 |    -1282.5 |    -1244.4 |    150 | u983/D
    1067* |       0 |     269 |        0 |      0 |   501 |    +0.7% |  -45.023 |    -1282.5 |    -1244.4 |    150 | u983/D
    1068* |       0 |     269 |        0 |      0 |   501 |    +0.7% |  -45.023 |    -1282.5 |    -1244.4 |    150 | u983/D
    1069* |       0 |     269 |        0 |      0 |   501 |    +0.7% |  -45.023 |    -1282.5 |    -1244.4 |    150 | u983/D
    1070* |       0 |     269 |        0 |      0 |   501 |    +0.7% |  -45.023 |    -1282.5 |    -1244.4 |    150 | u983/D
    1070* |       0 |     269 |        0 |      0 |   501 |    +0.7% |  -45.023 |    -1282.5 |    -1244.4 |    150 | u983/D
    1071* |       0 |     269 |        0 |      0 |   501 |    +0.7% |  -45.023 |    -1282.5 |    -1244.4 |    150 | u983/D
    1072* |       0 |     269 |        0 |      0 |   501 |    +0.7% |  -45.023 |    -1282.5 |    -1244.4 |    150 | u983/D
    1073* |       0 |     269 |        0 |      0 |   501 |    +0.7% |  -45.023 |    -1282.5 |    -1244.4 |    150 | u983/D
    1074* |       0 |     269 |        0 |      0 |   501 |    +0.7% |  -45.023 |    -1282.5 |    -1244.4 |    150 | u983/D
    1075* |       0 |     269 |        0 |      0 |   501 |    +0.7% |  -45.023 |    -1282.5 |    -1244.4 |    150 | u983/D
    1076* |       0 |     269 |        0 |      0 |   501 |    +0.7% |  -45.023 |    -1282.5 |    -1244.4 |    150 | u983/D
    1077* |       0 |     269 |        0 |      0 |   501 |    +0.7% |  -45.023 |    -1282.5 |    -1244.4 |    150 | u983/D
    1077* |       0 |     269 |        0 |      0 |   501 |    +0.7% |  -45.023 |    -1282.5 |    -1244.4 |    150 | u983/D
    final |       0 |     269 |        0 |      0 |   501 |    +0.7% |  -45.023 |    -1282.5 |    -1244.4 |     82 | u983/D
------------------------------------------------------------------------------------------------------------------------------
[INFO RSZ-0051] Resized 269 instances: 269 up, 0 up match, 0 down, 0 VT
[INFO RSZ-0043] Swapped pins on 501 instances.
[WARNING RSZ-0062] Unable to repair all setup violations.
[INFO RSZ-0505] Runtime: 11.68s
Took 12 seconds: repair_timing -setup_margin 0 -hold_margin 0 -repair_tns 100 -setup -skip_last_gasp -sequence unbuffer,sizeup,swap,vt_swap -verbose
Default units for flow
 time 1ps
 capacitance 1fF
 resistance 1kohm
 voltage 1v
 current 1mA
 power 1pW
 distance 1um
   Layer   | Unit Resistance | Unit Capacitance 
           |       (kohm/um) |          (fF/um)
------------------------------------------------
        M1 |        7.04e-02 |         1.00e-10
        M2 |        2.97e-02 |         1.75e-01
        M3 |        3.13e-02 |         1.56e-01
        M4 |        1.80e-02 |         1.78e-01
        M5 |        1.90e-02 |         1.64e-01
        M6 |        1.19e-02 |         1.87e-01
        M7 |        1.25e-02 |         1.63e-01
        M8 |        8.45e-03 |         1.04e-01
        M9 |        8.90e-03 |         9.28e-02
       Pad |        0.00e+00 |         0.00e+00
------------------------------------------------

   Layer   | Via Resistance 
           |         (kohm) 
----------------------------
        V1 |       1.72e-02 
        V2 |       1.72e-02 
        V3 |       1.72e-02 
        V4 |       1.18e-02 
        V5 |       1.18e-02 
        V6 |       8.20e-03 
        V7 |       8.20e-03 
        V8 |       6.30e-03 
        V9 |       6.30e-03 
----------------------------
Report metrics stage 2, floorplan final...

==========================================================================
floorplan final report_design_area
--------------------------------------------------------------------------
Design area 1409 um^2 71% utilization.
write_db /w/experiments/outputs/orfs/asap7/aes/base/results/asap7/aes/base/2_1_floorplan.odb
write_sdc -no_timestamp /w/experiments/outputs/orfs/asap7/aes/base/results/asap7/aes/base/2_1_floorplan.sdc
Elapsed time: 0:15.35[h:]min:sec. CPU time: user 16.68 sys 3.80 (133%). Peak memory: 240264KB.
Log                       Ext     Elapsed/s Peak Memory/MB sha1sum result [0:20)
2_1_floorplan             .odb           15            234 6a612011b922a089739e
2_1_floorplan             .sdc                             f1097b520eac1b47b8e3
/OpenROAD-flow-scripts/flow/scripts/flow.sh 2_2_floorplan_macro macro_place
Running macro_place.tcl, stage 2_2_floorplan_macro
source /OpenROAD-flow-scripts/flow/platforms/asap7/liberty_suppressions.tcl
read_liberty /OpenROAD-flow-scripts/flow/platforms/asap7/lib/NLDM/asap7sc7p5t_AO_RVT_FF_nldm_211120.lib.gz
read_liberty /OpenROAD-flow-scripts/flow/platforms/asap7/lib/NLDM/asap7sc7p5t_INVBUF_RVT_FF_nldm_220122.lib.gz
read_liberty /OpenROAD-flow-scripts/flow/platforms/asap7/lib/NLDM/asap7sc7p5t_OA_RVT_FF_nldm_211120.lib.gz
read_liberty /OpenROAD-flow-scripts/flow/platforms/asap7/lib/NLDM/asap7sc7p5t_SIMPLE_RVT_FF_nldm_211120.lib.gz
read_liberty /OpenROAD-flow-scripts/flow/platforms/asap7/lib/NLDM/asap7sc7p5t_SEQ_RVT_FF_nldm_220123.lib
read_db /w/experiments/outputs/orfs/asap7/aes/base/results/asap7/aes/base/2_1_floorplan.odb
read_sdc /w/experiments/outputs/orfs/asap7/aes/base/results/asap7/aes/base/2_1_floorplan.sdc
source /OpenROAD-flow-scripts/flow/platforms/asap7/setRC.tcl
No macros found: Skipping macro_placement
Design area 1409 um^2 71% utilization.
write_db /w/experiments/outputs/orfs/asap7/aes/base/results/asap7/aes/base/2_2_floorplan_macro.odb
Elapsed time: 0:01.78[h:]min:sec. CPU time: user 1.29 sys 0.09 (77%). Peak memory: 176464KB.
Log                       Ext     Elapsed/s Peak Memory/MB sha1sum result [0:20)
2_2_floorplan_macro       .odb            1            172 6a612011b922a089739e
/OpenROAD-flow-scripts/flow/scripts/flow.sh 2_3_floorplan_tapcell tapcell
Running tapcell.tcl, stage 2_3_floorplan_tapcell
source /OpenROAD-flow-scripts/flow/platforms/asap7/liberty_suppressions.tcl
read_liberty /OpenROAD-flow-scripts/flow/platforms/asap7/lib/NLDM/asap7sc7p5t_AO_RVT_FF_nldm_211120.lib.gz
read_liberty /OpenROAD-flow-scripts/flow/platforms/asap7/lib/NLDM/asap7sc7p5t_INVBUF_RVT_FF_nldm_220122.lib.gz
read_liberty /OpenROAD-flow-scripts/flow/platforms/asap7/lib/NLDM/asap7sc7p5t_OA_RVT_FF_nldm_211120.lib.gz
read_liberty /OpenROAD-flow-scripts/flow/platforms/asap7/lib/NLDM/asap7sc7p5t_SIMPLE_RVT_FF_nldm_211120.lib.gz
read_liberty /OpenROAD-flow-scripts/flow/platforms/asap7/lib/NLDM/asap7sc7p5t_SEQ_RVT_FF_nldm_220123.lib
read_db /w/experiments/outputs/orfs/asap7/aes/base/results/asap7/aes/base/2_2_floorplan_macro.odb
read_sdc /w/experiments/outputs/orfs/asap7/aes/base/results/asap7/aes/base/2_1_floorplan.sdc
source /OpenROAD-flow-scripts/flow/platforms/asap7/setRC.tcl
Tap and End Cap cell insertion
  TAP Cell          : TAPCELL_ASAP7_75t_R
  ENDCAP Cell       : TAPCELL_ASAP7_75t_R
  Halo Around Macro : 2 2
  TAP Cell Distance : 25
[INFO TAP-0004] Inserted 328 endcaps.
[INFO TAP-0005] Inserted 83 tapcells.
Design area 1421 um^2 72% utilization.
write_db /w/experiments/outputs/orfs/asap7/aes/base/results/asap7/aes/base/2_3_floorplan_tapcell.odb
Elapsed time: 0:01.80[h:]min:sec. CPU time: user 1.28 sys 0.14 (78%). Peak memory: 175680KB.
Log                       Ext     Elapsed/s Peak Memory/MB sha1sum result [0:20)
2_3_floorplan_tapcell     .odb            1            171 ebe161b8a5f9416344b6
/OpenROAD-flow-scripts/flow/scripts/flow.sh 2_4_floorplan_pdn pdn
Running pdn.tcl, stage 2_4_floorplan_pdn
source /OpenROAD-flow-scripts/flow/platforms/asap7/liberty_suppressions.tcl
read_liberty /OpenROAD-flow-scripts/flow/platforms/asap7/lib/NLDM/asap7sc7p5t_AO_RVT_FF_nldm_211120.lib.gz
read_liberty /OpenROAD-flow-scripts/flow/platforms/asap7/lib/NLDM/asap7sc7p5t_INVBUF_RVT_FF_nldm_220122.lib.gz
read_liberty /OpenROAD-flow-scripts/flow/platforms/asap7/lib/NLDM/asap7sc7p5t_OA_RVT_FF_nldm_211120.lib.gz
read_liberty /OpenROAD-flow-scripts/flow/platforms/asap7/lib/NLDM/asap7sc7p5t_SIMPLE_RVT_FF_nldm_211120.lib.gz
read_liberty /OpenROAD-flow-scripts/flow/platforms/asap7/lib/NLDM/asap7sc7p5t_SEQ_RVT_FF_nldm_220123.lib
read_db /w/experiments/outputs/orfs/asap7/aes/base/results/asap7/aes/base/2_3_floorplan_tapcell.odb
read_sdc /w/experiments/outputs/orfs/asap7/aes/base/results/asap7/aes/base/2_1_floorplan.sdc
source /OpenROAD-flow-scripts/flow/platforms/asap7/setRC.tcl
[WARNING PDN-1051] No instances found for grid (CORE_macro_grid_1).
[WARNING PDN-1051] No instances found for grid (CORE_macro_grid_2).
[INFO PDN-0001] Inserting grid: top
[INFO PDN-0500] Runtime: 0.04s
Design area 1421 um^2 72% utilization.
write_db /w/experiments/outputs/orfs/asap7/aes/base/results/asap7/aes/base/2_4_floorplan_pdn.odb
Elapsed time: 0:01.92[h:]min:sec. CPU time: user 1.40 sys 0.13 (79%). Peak memory: 181044KB.
Log                       Ext     Elapsed/s Peak Memory/MB sha1sum result [0:20)
2_4_floorplan_pdn         .odb            1            176 16e622de5020be3c3174
cp /w/experiments/outputs/orfs/asap7/aes/base/results/asap7/aes/base/2_4_floorplan_pdn.odb /w/experiments/outputs/orfs/asap7/aes/base/results/asap7/aes/base/2_floorplan.odb
cp /w/experiments/outputs/orfs/asap7/aes/base/results/asap7/aes/base/2_1_floorplan.sdc /w/experiments/outputs/orfs/asap7/aes/base/results/asap7/aes/base/2_floorplan.sdc
/OpenROAD-flow-scripts/flow/scripts/flow.sh 3_1_place_gp_skip_io global_place_skip_io
Running global_place_skip_io.tcl, stage 3_1_place_gp_skip_io
source /OpenROAD-flow-scripts/flow/platforms/asap7/liberty_suppressions.tcl
read_liberty /OpenROAD-flow-scripts/flow/platforms/asap7/lib/NLDM/asap7sc7p5t_AO_RVT_FF_nldm_211120.lib.gz
read_liberty /OpenROAD-flow-scripts/flow/platforms/asap7/lib/NLDM/asap7sc7p5t_INVBUF_RVT_FF_nldm_220122.lib.gz
read_liberty /OpenROAD-flow-scripts/flow/platforms/asap7/lib/NLDM/asap7sc7p5t_OA_RVT_FF_nldm_211120.lib.gz
read_liberty /OpenROAD-flow-scripts/flow/platforms/asap7/lib/NLDM/asap7sc7p5t_SIMPLE_RVT_FF_nldm_211120.lib.gz
read_liberty /OpenROAD-flow-scripts/flow/platforms/asap7/lib/NLDM/asap7sc7p5t_SEQ_RVT_FF_nldm_220123.lib
read_db /w/experiments/outputs/orfs/asap7/aes/base/results/asap7/aes/base/2_floorplan.odb
read_sdc /w/experiments/outputs/orfs/asap7/aes/base/results/asap7/aes/base/2_floorplan.sdc
source /OpenROAD-flow-scripts/flow/platforms/asap7/setRC.tcl
global_placement -skip_io -density 0.65 -pad_left 0 -pad_right 0
[INFO GPL-0001] ---- Initialize GPL Main Data Structures
[INFO GPL-0002] DBU: 1000
[INFO GPL-0003] SiteSize: (  0.054  0.270 ) um
[INFO GPL-0004] CoreBBox: (  2.052  2.160 ) ( 46.656 46.440 ) um
[INFO GPL-0016] Core area:                    1975.065 um^2
[INFO GPL-0036] Movable instances area:       1409.128 um^2
[INFO GPL-0037] Total instances area:         1421.113 um^2
[INFO GPL-0035] Pin density area adjust:       221.195 um^2
[INFO GPL-0032] ---- Initialize Region: Top-level
[INFO GPL-0006] Number of instances:             11497
[INFO GPL-0007] Movable instances:               11086
[INFO GPL-0008] Fixed instances:                   411
[INFO GPL-0009] Dummy instances:                     0
[INFO GPL-0010] Number of nets:                  11345
[INFO GPL-0011] Number of pins:                  40651
[INFO GPL-0012] Die BBox:       (  0.000  0.000 ) ( 48.709 48.709 ) um
[INFO GPL-0013] Placement BBox: (  2.052  2.160 ) ( 46.656 46.440 ) um
[INFO GPL-0014] Region name: top-level.
[INFO GPL-0015] Region area:                  1975.065 um^2
[INFO GPL-0017] Fixed instances area:           11.985 um^2
[INFO GPL-0018] Movable instances area:       1630.323 um^2
[INFO GPL-0019] Utilization:                    83.049 %
[INFO GPL-0020] Standard cells area:          1630.323 um^2
[INFO GPL-0021] Large instances area:            0.000 um^2
[INFO GPL-0005] ---- Execute Conjugate Gradient Initial Placement.
[INFO GPL-0051] Source of initial instance position counters:
	Odb location = 1059	Core center = 10027	Region center = 0
[INFO GPL-0033] ---- Initialize Nesterov Region: Top-level
[WARNING GPL-0302] Target density 0.6500 is too low for the available free area.
Automatically adjusting to uniform density 0.8400.
[INFO GPL-0023] Placement target density:       0.8400
[INFO GPL-0024] Movable insts average area:      0.147 um^2
[INFO GPL-0025] Ideal bin area:                  0.175 um^2
[INFO GPL-0026] Ideal bin count:                 11281
[INFO GPL-0027] Total bin area:               1975.065 um^2
[INFO GPL-0028] Bin count (X, Y):          64 ,     64
[INFO GPL-0029] Bin size (W * H):       0.697 *  0.692 um
[INFO GPL-0030] Number of bins:                   4096
[INFO GPL-0084] ---- Execute Nesterov Global Placement.
[INFO GPL-0031] HPWL: Half-Perimeter Wirelength
Iteration | Overflow |     HPWL (um) |  HPWL(%) |   Penalty | Group
---------------------------------------------------------------
        0 |   0.9688 |  3.733567e+04 |   +0.00% |  2.20e-12 |      
       10 |   0.9890 |  3.884604e+03 |  -89.60% |  3.59e-12 |      
       20 |   0.9927 |  2.342124e+03 |  -39.71% |  5.85e-12 |      
       30 |   0.9935 |  2.021903e+03 |  -13.67% |  9.52e-12 |      
       40 |   0.9930 |  1.961117e+03 |   -3.01% |  1.55e-11 |      
       50 |   0.9923 |  2.041571e+03 |   +4.10% |  2.53e-11 |      
       60 |   0.9899 |  2.243049e+03 |   +9.87% |  4.12e-11 |      
       70 |   0.9856 |  2.584278e+03 |  +15.21% |  6.70e-11 |      
       80 |   0.9771 |  3.081436e+03 |  +19.24% |  1.09e-10 |      
       90 |   0.9653 |  3.652126e+03 |  +18.52% |  1.78e-10 |      
      100 |   0.9509 |  4.239854e+03 |  +16.09% |  2.90e-10 |      
      110 |   0.9336 |  4.921944e+03 |  +16.09% |  4.72e-10 |      
      120 |   0.9155 |  5.755889e+03 |  +16.94% |  7.69e-10 |      
      130 |   0.8935 |  6.743452e+03 |  +17.16% |  1.25e-09 |      
      140 |   0.8700 |  7.900417e+03 |  +17.16% |  2.04e-09 |      
      150 |   0.8462 |  9.188892e+03 |  +16.31% |  3.32e-09 |      
      160 |   0.8196 |  1.054724e+04 |  +14.78% |  5.41e-09 |      
      170 |   0.7952 |  1.190201e+04 |  +12.84% |  8.81e-09 |      
      180 |   0.7687 |  1.326711e+04 |  +11.47% |  1.43e-08 |      
      190 |   0.7354 |  1.454020e+04 |   +9.60% |  2.34e-08 |      
      200 |   0.7028 |  1.579928e+04 |   +8.66% |  3.81e-08 |      
      210 |   0.6675 |  1.707289e+04 |   +8.06% |  6.20e-08 |      
      220 |   0.6328 |  1.839439e+04 |   +7.74% |  1.01e-07 |      
      230 |   0.5963 |  1.960322e+04 |   +6.57% |  1.64e-07 |      
      240 |   0.5594 |  2.074979e+04 |   +5.85% |  2.68e-07 |      
      250 |   0.5191 |  2.180550e+04 |   +5.09% |  4.36e-07 |      
      260 |   0.4807 |  2.280658e+04 |   +4.59% |  7.10e-07 |      
      270 |   0.4368 |  2.380572e+04 |   +4.38% |  1.16e-06 |      
      280 |   0.3882 |  2.487681e+04 |   +4.50% |  1.88e-06 |      
      290 |   0.3316 |  2.602493e+04 |   +4.62% |  3.01e-06 |      
      300 |   0.2785 |  2.691237e+04 |   +3.41% |  4.43e-06 |      
      310 |   0.2257 |  2.780831e+04 |   +3.33% |  6.53e-06 |      
      320 |   0.1838 |  2.851996e+04 |   +2.56% |  9.61e-06 |      
      330 |   0.1499 |  2.905371e+04 |   +1.87% |  1.42e-05 |      
      340 |   0.1236 |  2.944993e+04 |   +1.36% |  2.09e-05 |      
      350 |   0.1001 |  2.973393e+04 |   +0.96% |  3.07e-05 |      
      351 |   0.0983 |  2.975901e+04 |          |  3.32e-05 |      
---------------------------------------------------------------
[INFO GPL-1001] Global placement finished at iteration 351
[INFO GPL-1002] Placed Cell Area             1630.3232
[INFO GPL-1003] Available Free Area          1963.0804
[INFO GPL-1004] Minimum Feasible Density        0.8400 (cell_area / free_area)
[INFO GPL-1006]   Suggested Target Densities:
[INFO GPL-1007]     - For 90% usage of free space: 0.9228
[INFO GPL-1008]     - For 80% usage of free space: 1.0381
[INFO GPL-1014] Final placement area: 1630.32 (+0.00%)
[INFO GPL-1018] Final HPWL (um): 29818.71
Design area 1421 um^2 72% utilization.
write_db /w/experiments/outputs/orfs/asap7/aes/base/results/asap7/aes/base/3_1_place_gp_skip_io.odb
Elapsed time: 0:04.53[h:]min:sec. CPU time: user 4.42 sys 1.26 (125%). Peak memory: 197232KB.
Log                       Ext     Elapsed/s Peak Memory/MB sha1sum result [0:20)
3_1_place_gp_skip_io      .odb            4            192 ff072436b6d36603f2fc
/OpenROAD-flow-scripts/flow/scripts/flow.sh 3_2_place_iop io_placement
Running io_placement.tcl, stage 3_2_place_iop
source /OpenROAD-flow-scripts/flow/platforms/asap7/liberty_suppressions.tcl
read_liberty /OpenROAD-flow-scripts/flow/platforms/asap7/lib/NLDM/asap7sc7p5t_AO_RVT_FF_nldm_211120.lib.gz
read_liberty /OpenROAD-flow-scripts/flow/platforms/asap7/lib/NLDM/asap7sc7p5t_INVBUF_RVT_FF_nldm_220122.lib.gz
read_liberty /OpenROAD-flow-scripts/flow/platforms/asap7/lib/NLDM/asap7sc7p5t_OA_RVT_FF_nldm_211120.lib.gz
read_liberty /OpenROAD-flow-scripts/flow/platforms/asap7/lib/NLDM/asap7sc7p5t_SIMPLE_RVT_FF_nldm_211120.lib.gz
read_liberty /OpenROAD-flow-scripts/flow/platforms/asap7/lib/NLDM/asap7sc7p5t_SEQ_RVT_FF_nldm_220123.lib
read_db /w/experiments/outputs/orfs/asap7/aes/base/results/asap7/aes/base/3_1_place_gp_skip_io.odb
read_sdc /w/experiments/outputs/orfs/asap7/aes/base/results/asap7/aes/base/2_floorplan.sdc
source /OpenROAD-flow-scripts/flow/platforms/asap7/setRC.tcl
place_pins -hor_layers M4 -ver_layers M5
Found 0 macro blocks.
Using 2 tracks default min distance between IO pins.
[INFO PPL-0001] Number of available slots 1968
[INFO PPL-0002] Number of I/O             388
[INFO PPL-0003] Number of I/O w/sink      388
[INFO PPL-0004] Number of I/O w/o sink    0
[INFO PPL-0005] Slots per section         200
[INFO PPL-0008] Successfully assigned pins to sections.
[INFO PPL-0012] I/O nets HPWL: 6723.98 um.
Design area 1421 um^2 72% utilization.
write_db /w/experiments/outputs/orfs/asap7/aes/base/results/asap7/aes/base/3_2_place_iop.odb
Elapsed time: 0:01.95[h:]min:sec. CPU time: user 1.40 sys 0.11 (77%). Peak memory: 179360KB.
Log                       Ext     Elapsed/s Peak Memory/MB sha1sum result [0:20)
3_2_place_iop             .odb            1            175 5b807ab69b563eabe266
/OpenROAD-flow-scripts/flow/scripts/flow.sh 3_3_place_gp global_place
Running global_place.tcl, stage 3_3_place_gp
source /OpenROAD-flow-scripts/flow/platforms/asap7/liberty_suppressions.tcl
read_liberty /OpenROAD-flow-scripts/flow/platforms/asap7/lib/NLDM/asap7sc7p5t_AO_RVT_FF_nldm_211120.lib.gz
read_liberty /OpenROAD-flow-scripts/flow/platforms/asap7/lib/NLDM/asap7sc7p5t_INVBUF_RVT_FF_nldm_220122.lib.gz
read_liberty /OpenROAD-flow-scripts/flow/platforms/asap7/lib/NLDM/asap7sc7p5t_OA_RVT_FF_nldm_211120.lib.gz
read_liberty /OpenROAD-flow-scripts/flow/platforms/asap7/lib/NLDM/asap7sc7p5t_SIMPLE_RVT_FF_nldm_211120.lib.gz
read_liberty /OpenROAD-flow-scripts/flow/platforms/asap7/lib/NLDM/asap7sc7p5t_SEQ_RVT_FF_nldm_220123.lib
read_db /w/experiments/outputs/orfs/asap7/aes/base/results/asap7/aes/base/3_2_place_iop.odb
read_sdc /w/experiments/outputs/orfs/asap7/aes/base/results/asap7/aes/base/2_floorplan.sdc
source /OpenROAD-flow-scripts/flow/platforms/asap7/setRC.tcl
[INFO RSZ-0026] Removed 1059 buffers.
Perform port buffering...
[INFO RSZ-0027] Inserted 258 BUFx2_ASAP7_75t_R input buffers.
[INFO RSZ-0028] Inserted 129 BUFx2_ASAP7_75t_R output buffers.
global_placement -density 0.65 -pad_left 0 -pad_right 0 -routability_driven -timing_driven -force_center_initial_place -min_phi_coef 0.95 -max_phi_coef 1.05
[INFO GPL-0001] ---- Initialize GPL Main Data Structures
[INFO GPL-0002] DBU: 1000
[INFO GPL-0003] SiteSize: (  0.054  0.270 ) um
[INFO GPL-0004] CoreBBox: (  2.052  2.160 ) ( 46.656 46.440 ) um
[INFO GPL-0016] Core area:                    1975.065 um^2
[INFO GPL-0036] Movable instances area:       1217.240 um^2
[INFO GPL-0037] Total instances area:         1229.225 um^2
[INFO GPL-0035] Pin density area adjust:       148.997 um^2
[INFO GPL-0032] ---- Initialize Region: Top-level
[INFO GPL-0006] Number of instances:             10825
[INFO GPL-0007] Movable instances:               10414
[INFO GPL-0008] Fixed instances:                   411
[INFO GPL-0009] Dummy instances:                     0
[INFO GPL-0010] Number of nets:                  10673
[INFO GPL-0011] Number of pins:                  39695
[INFO GPL-0012] Die BBox:       (  0.000  0.000 ) ( 48.709 48.709 ) um
[INFO GPL-0013] Placement BBox: (  2.052  2.160 ) ( 46.656 46.440 ) um
[INFO GPL-0014] Region name: top-level.
[INFO GPL-0015] Region area:                  1975.065 um^2
[INFO GPL-0017] Fixed instances area:           11.985 um^2
[INFO GPL-0018] Movable instances area:       1366.237 um^2
[INFO GPL-0019] Utilization:                    69.597 %
[INFO GPL-0020] Standard cells area:          1366.237 um^2
[INFO GPL-0021] Large instances area:            0.000 um^2
[INFO GPL-0005] ---- Execute Conjugate Gradient Initial Placement.
[INFO GPL-0051] Source of initial instance position counters:
	Odb location = 0	Core center = 10414	Region center = 0
[InitialPlace]  Iter: 1 conjugate gradient residual: 0.00007434 HPWL: 42779608
[InitialPlace]  Iter: 2 conjugate gradient residual: 0.00001940 HPWL: 20494387
[InitialPlace]  Iter: 3 conjugate gradient residual: 0.00001511 HPWL: 20431752
[InitialPlace]  Iter: 4 conjugate gradient residual: 0.00000802 HPWL: 20558955
[InitialPlace]  Iter: 5 conjugate gradient residual: 0.00001427 HPWL: 20541769
[InitialPlace]  Iter: 6 conjugate gradient residual: 0.00000910 HPWL: 20607391
[INFO GPL-0033] ---- Initialize Nesterov Region: Top-level
[WARNING GPL-0302] Target density 0.6500 is too low for the available free area.
Automatically adjusting to uniform density 0.7000.
[INFO GPL-0023] Placement target density:       0.7000
[INFO GPL-0024] Movable insts average area:      0.131 um^2
[INFO GPL-0025] Ideal bin area:                  0.187 um^2
[INFO GPL-0026] Ideal bin count:                 10538
[INFO GPL-0027] Total bin area:               1975.065 um^2
[INFO GPL-0028] Bin count (X, Y):          64 ,     64
[INFO GPL-0029] Bin size (W * H):       0.697 *  0.692 um
[INFO GPL-0030] Number of bins:                   4096
[INFO GPL-0084] ---- Execute Nesterov Global Placement.
[INFO GPL-0031] HPWL: Half-Perimeter Wirelength
Iteration | Overflow |     HPWL (um) |  HPWL(%) |   Penalty | Group
---------------------------------------------------------------
        0 |   0.8754 |  1.338344e+04 |   +0.00% |  5.92e-13 |      
       10 |   0.7986 |  1.497531e+04 |  +11.89% |  9.63e-13 |      
       20 |   0.7782 |  1.526842e+04 |   +1.96% |  1.57e-12 |      
       30 |   0.7785 |  1.511275e+04 |   -1.02% |  2.56e-12 |      
       40 |   0.7811 |  1.495684e+04 |   -1.03% |  4.16e-12 |      
       50 |   0.7806 |  1.494582e+04 |   -0.07% |  6.78e-12 |      
       60 |   0.7793 |  1.492370e+04 |   -0.15% |  1.10e-11 |      
       70 |   0.7797 |  1.488411e+04 |   -0.27% |  1.80e-11 |      
       80 |   0.7790 |  1.487307e+04 |   -0.07% |  2.93e-11 |      
       90 |   0.7782 |  1.488226e+04 |   +0.06% |  4.77e-11 |      
      100 |   0.7771 |  1.488636e+04 |   +0.03% |  7.78e-11 |      
      110 |   0.7765 |  1.489174e+04 |   +0.04% |  1.27e-10 |      
      120 |   0.7753 |  1.490527e+04 |   +0.09% |  2.06e-10 |      
      130 |   0.7747 |  1.492444e+04 |   +0.13% |  3.36e-10 |      
      140 |   0.7738 |  1.495268e+04 |   +0.19% |  5.47e-10 |      
      150 |   0.7715 |  1.500433e+04 |   +0.35% |  8.92e-10 |      
      160 |   0.7680 |  1.510130e+04 |   +0.65% |  1.45e-09 |      
      170 |   0.7621 |  1.527307e+04 |   +1.14% |  2.37e-09 |      
      180 |   0.7520 |  1.557134e+04 |   +1.95% |  3.85e-09 |      
      190 |   0.7420 |  1.607339e+04 |   +3.22% |  6.28e-09 |      
      200 |   0.7282 |  1.684213e+04 |   +4.78% |  1.02e-08 |      
      210 |   0.7111 |  1.787948e+04 |   +6.16% |  1.67e-08 |      
      220 |   0.6937 |  1.903756e+04 |   +6.48% |  2.71e-08 |      
      230 |   0.6737 |  2.024147e+04 |   +6.32% |  4.42e-08 |      
      240 |   0.6517 |  2.144692e+04 |   +5.96% |  7.19e-08 |      
[INFO GPL-0100] Timing-driven iteration 1/2, virtual: false.
[INFO GPL-0101]    Iter: 248, overflow: 0.635, keep resizer changes at: 1, HPWL: 22209264
Iteration |   Area    | Resized | Buffers | Nets repaired | Remaining
---------------------------------------------------------------------
        0 |     +0.0% |       0 |       0 |             0 |     10673
    final |     +0.3% |       0 |      47 |            33 |         0
---------------------------------------------------------------------
[INFO RSZ-0034] Found 7 slew violations.
[INFO RSZ-0035] Found 33 fanout violations.
[INFO RSZ-0038] Inserted 47 buffers in 33 nets.
   Iter   |    Area   | Removed | Inserted |   Pins
          |           | Buffers | Buffers  | Remaining
-------------------------------------------------------
        0 |     +0.0% |       0 |        0 |     10414
     1000 |     +0.7% |       0 |       94 |      9414
     2000 |     +2.1% |       0 |      290 |      8414
     3000 |     +2.1% |       0 |      290 |      7414
     4000 |     +2.2% |       0 |      310 |      6414
     5000 |     +2.6% |       0 |      355 |      5414
     6000 |     +3.4% |       0 |      468 |      4414
     7000 |     +4.8% |       0 |      664 |      3414
     8000 |     +7.4% |       0 |     1019 |      2414
     9000 |    +11.9% |       0 |     1626 |      1414
    10000 |    +19.2% |      34 |     2552 |       414
    final |    +20.4% |      47 |     2711 |         0
-------------------------------------------------------
[INFO GPL-0106] Timing-driven: worst slack -1.587977e-11
[INFO GPL-0107] Timing-driven: repair_design delta area: 255.063 um^2 (+18.67%)
[INFO GPL-0108] Timing-driven: repair_design, gpl delta gcells: 2711 (+26.03%)
[INFO GPL-0109] Timing-driven: repair_design, gcells created: 2758, deleted: 47
[INFO GPL-0110] Timing-driven: new target density: 0.8299297
Iteration | Overflow |     HPWL (um) |  HPWL(%) |   Penalty | Group
---------------------------------------------------------------
      250 |   0.6271 |  2.615766e+04 |  +21.96% |  1.17e-07 |      
[INFO GPL-0038] Routability snapshot saved at iter = 254
      253 |   0.5930 |  2.812523e+04 |          |           |      
      260 |   0.5767 |  2.859915e+04 |   +9.33% |  1.91e-07 |      
      270 |   0.5661 |  2.904909e+04 |   +1.57% |  3.11e-07 |      
      280 |   0.5188 |  3.058449e+04 |   +5.29% |  5.06e-07 |      
      290 |   0.4826 |  3.192972e+04 |   +4.40% |  8.24e-07 |      
      300 |   0.4421 |  3.306322e+04 |   +3.55% |  1.34e-06 |      
      310 |   0.3934 |  3.454339e+04 |   +4.48% |  2.19e-06 |      
      320 |   0.3399 |  3.600978e+04 |   +4.25% |  3.56e-06 |      
[INFO GPL-0040] Routability iteration: 1
[INFO GPL-0088] Tiles the placer can act on: 4206 of 7225 (58.21%)
[INFO GPL-0041] Total routing overflow: 0.0192
[INFO GPL-0042] Number of overflowed tiles: 2 (0.05%)
[INFO GPL-0043] Average top 0.5% routing congestion: 0.8931
[INFO GPL-0044] Average top 1.0% routing congestion: 0.8429
[INFO GPL-0045] Average top 2.0% routing congestion: 0.7894
[INFO GPL-0046] Average top 5.0% routing congestion: 0.7209
[INFO GPL-0047] Routability iteration weighted routing congestion: 0.8680
[INFO GPL-0050] Weighted routing congestion is lower than target routing congestion(1.0100), end routability optimization.
[INFO GPL-0090] Routability finished. Target routing congestion achieved succesfully.
Iteration | Overflow |     HPWL (um) |  HPWL(%) |   Penalty | Group
---------------------------------------------------------------
      330 |   0.2884 |  3.728963e+04 |   +3.55% |  5.24e-06 |      
      340 |   0.2355 |  3.838346e+04 |   +2.93% |  7.72e-06 |      
[INFO GPL-0100] Timing-driven iteration 2/2, virtual: false.
[INFO GPL-0101]    Iter: 350, overflow: 0.194, keep resizer changes at: 1, HPWL: 39247250
Iteration |   Area    | Resized | Buffers | Nets repaired | Remaining
---------------------------------------------------------------------
        0 |     +0.0% |       0 |       0 |             0 |     13384
    final |     +0.0% |       0 |       0 |             0 |         0
---------------------------------------------------------------------
   Iter   |    Area   | Removed | Inserted |   Pins
          |           | Buffers | Buffers  | Remaining
-------------------------------------------------------
        0 |     +0.0% |       0 |        0 |     10414
     1000 |     -0.2% |      94 |       58 |      9414
     2000 |     -0.5% |     290 |      205 |      8414
     3000 |     -0.5% |     290 |      205 |      7414
     4000 |     -0.6% |     310 |      210 |      6414
     5000 |     -0.7% |     355 |      237 |      5414
     6000 |     -0.9% |     468 |      308 |      4414
     7000 |     -1.4% |     664 |      416 |      3414
     8000 |     -2.2% |    1019 |      633 |      2414
     9000 |     -3.7% |    1626 |     1001 |      1414
    10000 |     -6.1% |    2552 |     1530 |       414
    final |     -6.2% |    2711 |     1660 |         0
-------------------------------------------------------
[INFO GPL-0106] Timing-driven: worst slack -1.2323642e-11
[INFO GPL-0107] Timing-driven: repair_design delta area: -91.592 um^2 (-5.65%)
[INFO GPL-0108] Timing-driven: repair_design, gpl delta gcells: -1051 (-8.01%)
[INFO GPL-0109] Timing-driven: repair_design, gcells created: 1660, deleted: 2711
[INFO GPL-0110] Timing-driven: new target density: 0.7832727
Iteration | Overflow |     HPWL (um) |  HPWL(%) |   Penalty | Group
---------------------------------------------------------------
      350 |   0.2062 |  3.911161e+04 |   +1.90% |  1.14e-05 |      
      360 |   0.1596 |  3.928801e+04 |   +0.45% |  1.68e-05 |      
      370 |   0.1302 |  3.943074e+04 |   +0.36% |  2.47e-05 |      
      380 |   0.1088 |  3.949822e+04 |   +0.17% |  3.64e-05 |      
      385 |   0.0996 |  3.952919e+04 |          |  4.59e-05 |      
---------------------------------------------------------------
[INFO GPL-1001] Global placement finished at iteration 385
[INFO GPL-1017] Routability mode iteration count: 74
[INFO GPL-1005] Routability final weighted congestion: 0.6515
[INFO GPL-1002] Placed Cell Area             1529.7080
[INFO GPL-1003] Available Free Area          1963.0804
[INFO GPL-1004] Minimum Feasible Density        0.7000 (cell_area / free_area)
[INFO GPL-1006]   Suggested Target Densities:
[INFO GPL-1007]     - For 90% usage of free space: 0.8658
[INFO GPL-1008]     - For 80% usage of free space: 0.9740
[INFO GPL-1011] Original area (um^2): 1366.24
[INFO GPL-1012] Total routability artificial inflation: 0.00 (+0.00%)
[INFO GPL-1013] Total timing-driven delta area: 163.47 (+11.97%)
[INFO GPL-1014] Final placement area: 1529.71 (+11.97%)
[INFO GPL-1018] Final HPWL (um): 39509.39
Took 15 seconds: global_placement -density 0.65 -pad_left 0 -pad_right 0 -routability_driven -timing_driven -force_center_initial_place -min_phi_coef 0.95 -max_phi_coef 1.05
estimate_parasitics -placement
Report metrics stage 3, global place...

==========================================================================
global place report_design_area
--------------------------------------------------------------------------
Design area 1393 um^2 71% utilization.
write_db /w/experiments/outputs/orfs/asap7/aes/base/results/asap7/aes/base/3_3_place_gp.odb
Elapsed time: 0:20.05[h:]min:sec. CPU time: user 23.07 sys 4.31 (136%). Peak memory: 516960KB.
Log                       Ext     Elapsed/s Peak Memory/MB sha1sum result [0:20)
3_3_place_gp              .odb           20            504 1d975b7f5a9d66efa334
/OpenROAD-flow-scripts/flow/scripts/flow.sh 3_4_place_resized resize
Running resize.tcl, stage 3_4_place_resized
source /OpenROAD-flow-scripts/flow/platforms/asap7/liberty_suppressions.tcl
read_liberty /OpenROAD-flow-scripts/flow/platforms/asap7/lib/NLDM/asap7sc7p5t_AO_RVT_FF_nldm_211120.lib.gz
read_liberty /OpenROAD-flow-scripts/flow/platforms/asap7/lib/NLDM/asap7sc7p5t_INVBUF_RVT_FF_nldm_220122.lib.gz
read_liberty /OpenROAD-flow-scripts/flow/platforms/asap7/lib/NLDM/asap7sc7p5t_OA_RVT_FF_nldm_211120.lib.gz
read_liberty /OpenROAD-flow-scripts/flow/platforms/asap7/lib/NLDM/asap7sc7p5t_SIMPLE_RVT_FF_nldm_211120.lib.gz
read_liberty /OpenROAD-flow-scripts/flow/platforms/asap7/lib/NLDM/asap7sc7p5t_SEQ_RVT_FF_nldm_220123.lib
read_db /w/experiments/outputs/orfs/asap7/aes/base/results/asap7/aes/base/3_3_place_gp.odb
read_sdc /w/experiments/outputs/orfs/asap7/aes/base/results/asap7/aes/base/2_floorplan.sdc
source /OpenROAD-flow-scripts/flow/platforms/asap7/setRC.tcl
estimate_parasitics -placement
Perform buffer insertion and gate resizing...
repair_design -verbose
Iteration |   Area    | Resized | Buffers | Nets repaired | Remaining
---------------------------------------------------------------------
        0 |     +0.0% |       0 |       0 |             0 |     12333
     1000 |     +0.0% |       0 |       0 |             0 |     11333
     2000 |     +0.0% |       0 |       0 |             0 |     10333
     3000 |     +0.0% |       0 |       0 |             0 |      9333
     4000 |     +0.0% |       0 |       0 |             0 |      8333
     5000 |     +0.0% |       0 |       0 |             0 |      7333
     6000 |     +0.0% |       0 |       0 |             0 |      6333
     7000 |     +0.0% |       0 |       0 |             0 |      5333
     8000 |     +0.0% |       0 |       0 |             0 |      4333
     9000 |     +0.0% |       0 |       0 |             0 |      3333
    10000 |     +0.0% |       0 |       0 |             0 |      2333
    11000 |     +0.0% |       0 |       0 |             0 |      1333
    12000 |     +0.0% |       0 |       0 |             0 |       333
    final |     +0.0% |       0 |       0 |             0 |         0
---------------------------------------------------------------------
[INFO RSZ-0504] Runtime: 1.59s
Floating nets: 
Report metrics stage 3, resizer...

==========================================================================
resizer report_design_area
--------------------------------------------------------------------------
Design area 1393 um^2 71% utilization.
Instance count before 12485, after 12485
Pin count before 42627, after 42627
write_db /w/experiments/outputs/orfs/asap7/aes/base/results/asap7/aes/base/3_4_place_resized.odb
Elapsed time: 0:08.66[h:]min:sec. CPU time: user 8.26 sys 1.05 (107%). Peak memory: 247092KB.
Log                       Ext     Elapsed/s Peak Memory/MB sha1sum result [0:20)
3_4_place_resized         .odb            8            241 1d975b7f5a9d66efa334
/OpenROAD-flow-scripts/flow/scripts/flow.sh 3_5_place_dp detail_place
Running detail_place.tcl, stage 3_5_place_dp
source /OpenROAD-flow-scripts/flow/platforms/asap7/liberty_suppressions.tcl
read_liberty /OpenROAD-flow-scripts/flow/platforms/asap7/lib/NLDM/asap7sc7p5t_AO_RVT_FF_nldm_211120.lib.gz
read_liberty /OpenROAD-flow-scripts/flow/platforms/asap7/lib/NLDM/asap7sc7p5t_INVBUF_RVT_FF_nldm_220122.lib.gz
read_liberty /OpenROAD-flow-scripts/flow/platforms/asap7/lib/NLDM/asap7sc7p5t_OA_RVT_FF_nldm_211120.lib.gz
read_liberty /OpenROAD-flow-scripts/flow/platforms/asap7/lib/NLDM/asap7sc7p5t_SIMPLE_RVT_FF_nldm_211120.lib.gz
read_liberty /OpenROAD-flow-scripts/flow/platforms/asap7/lib/NLDM/asap7sc7p5t_SEQ_RVT_FF_nldm_220123.lib
read_db /w/experiments/outputs/orfs/asap7/aes/base/results/asap7/aes/base/3_4_place_resized.odb
read_sdc /w/experiments/outputs/orfs/asap7/aes/base/results/asap7/aes/base/2_floorplan.sdc
source /OpenROAD-flow-scripts/flow/platforms/asap7/setRC.tcl
detailed_placement
[INFO DPL-0006] Core area: 1975.07 um^2
[INFO DPL-0007] Movable instances area: 1380.71 um^2
[INFO DPL-0008] Fixed instances area within core: 11.98 um^2
[INFO DPL-0009] Utilization: 70.5%
[INFO DPL-0005] Diamond search max displacement: +/- 500 sites horizontally, +/- 100 rows vertically.
[INFO DPL-1102] Legalizing using negotiation legalizer.
[INFO DPL-1103] Negotiation base search window: +/-20 sites horizontally, +/-5 rows vertically 
	Automatic search window extension enabled.
	Search window extendable up to the max displacement cap of +/-500 sites, +/-100 rows near walls.
[INFO DPL-1104] NegotiationLegalizer DRC penalty: 5.
[INFO DPL-0392] Negotiation cell height distribution (1 unique row-count(s)):
[INFO DPL-0393]   height 1 row(s): 12485 cells
          |      Total |  Illegal |  Illegal
Iteration | Violations |    Cells |    Sites
---------------------------------------------
        0 |       5975 |      1371 |      4598
        1 |        295 |        49 |       246
        2 |        110 |        14 |        96
        3 |         93 |        11 |        82
        4 |         19 |         3 |        16
        5 |          4 |         2 |         2
        6 |         10 |         2 |         8
        7 |         40 |         2 |        38
        8 |         30 |         2 |        28
        9 |         39 |         3 |        36
       10 |          8 |         2 |         6
       11 |          0 |         0 |         0
Negotiation phase 1 converged at iteration 11.
[INFO DPL-0500] Runtime: 0.35s
Placement Analysis
---------------------------------
total displacement       3684.1 u
average displacement        0.3 u
max displacement            1.6 u
original HPWL           39509.4 u
legalized HPWL          41679.1 u
delta HPWL                    5 %

improve_placement -max_displacement "5 1"
Detailed placement improvement.
[INFO DPL-0401] Setting random seed to 1.
[INFO DPL-0402] Setting maximum displacement 5 1 to 1350 270 units.
[INFO DPL-0320] Collected 799 fixed cells.
[INFO DPL-0318] Collected 12074 single height cells.
[INFO DPL-0321] Collected 0 wide cells.
[INFO DPL-0322] Image (2052, 2160) - (46656, 46440)
[INFO DPL-0310] Assigned 12074 cells into segments.  Movement in X-direction is 0.000000, movement in Y-direction is 0.000000.
[INFO DPL-0313] Found 0 cells in wrong regions.
[INFO DPL-0315] Found 0 row alignment problems.
[INFO DPL-0314] Found 0 site alignment problems.
[INFO DPL-0311] Found 0 overlaps between adjacent cells.
[INFO DPL-0312] Found 0 edge spacing violations and 0 padding violations.
[INFO DPL-0303] Running algorithm for independent set matching.
[INFO DPL-0300] Set matching objective is wirelength.
[INFO DPL-0301] Pass   1 of matching; objective is 4.168911e+07.
[INFO DPL-0302] End of matching; objective is 4.162412e+07, improvement is 0.16 percent.
[INFO DPL-0303] Running algorithm for global swaps.
[INFO DPL-0306] Pass   1 of global swaps; hpwl is 4.110131e+07.
[INFO DPL-0306] Pass   2 of global swaps; hpwl is 4.096547e+07.
[INFO DPL-0307] End of global swaps; objective is 4.096547e+07, improvement is 1.58 percent.
[INFO DPL-0303] Running algorithm for vertical swaps.
[INFO DPL-0308] Pass   1 of vertical swaps; hpwl is 4.083623e+07.
[INFO DPL-0309] End of vertical swaps; objective is 4.083623e+07, improvement is 0.32 percent.
[INFO DPL-0303] Running algorithm for reordering.
[INFO DPL-0304] Pass   1 of reordering; objective is 4.062731e+07.
[INFO DPL-0305] End of reordering; objective is 4.062731e+07, improvement is 0.51 percent.
[INFO DPL-0303] Running algorithm for random improvement.
[INFO DPL-0324] Random improver is using random generator.
[INFO DPL-0325] Random improver is using hpwl objective.
[INFO DPL-0326] Random improver cost string is (a).
[INFO DPL-0332] End of pass, Generator random called 241480 times.
[INFO DPL-0335] Generator random, Cumulative attempts 241480, swaps 56602, moves 34760 since last reset.
[INFO DPL-0333] End of pass, Objective hpwl, Initial cost 4.053767e+07, Scratch cost 4.000946e+07, Incremental cost 4.000946e+07, Mismatch? N
[INFO DPL-0338] End of pass, Total cost is 4.000946e+07.
[INFO DPL-0327] Pass   1 of random improver; improvement in cost is 1.30 percent.
[INFO DPL-0332] End of pass, Generator random called 241480 times.
[INFO DPL-0335] Generator random, Cumulative attempts 482960, swaps 109858, moves 69461 since last reset.
[INFO DPL-0333] End of pass, Objective hpwl, Initial cost 4.000946e+07, Scratch cost 3.973950e+07, Incremental cost 3.973950e+07, Mismatch? N
[INFO DPL-0338] End of pass, Total cost is 3.973950e+07.
[INFO DPL-0327] Pass   2 of random improver; improvement in cost is 0.67 percent.
[INFO DPL-0328] End of random improver; improvement is 1.968959 percent.
[INFO DPL-0380] Cell flipping.
[INFO DPL-0382] Changed 0 cell orientations for row compatibility.
[INFO DPL-0383] Performed 2993 cell flips.
[INFO DPL-0384] End of flipping; objective is 3.913397e+07, improvement is 1.75 percent.
[INFO DPL-0313] Found 0 cells in wrong regions.
[INFO DPL-0315] Found 0 row alignment problems.
[INFO DPL-0314] Found 0 site alignment problems.
[INFO DPL-0311] Found 0 overlaps between adjacent cells.
[INFO DPL-0312] Found 0 edge spacing violations and 0 padding violations.
Detailed Improvement Results
------------------------------------------
Original HPWL            41679.1 u (   20444.8,    21234.4)
Final HPWL               39071.9 u (   18631.4,    20440.5)
Delta HPWL                  -6.3 % (      -8.9,       -3.7)

optimize_mirroring
[INFO DPL-0020] Mirrored 1453 instances
[INFO DPL-0021] HPWL before           39071.9 u
[INFO DPL-0022] HPWL after            39044.0 u
[INFO DPL-0023] HPWL delta               -0.1 %
[INFO FLW-0012] Placement violations .
estimate_parasitics -placement
Report metrics stage 3, detailed place...

==========================================================================
detailed place report_design_area
--------------------------------------------------------------------------
Design area 1393 um^2 71% utilization.
write_db /w/experiments/outputs/orfs/asap7/aes/base/results/asap7/aes/base/3_5_place_dp.odb
write_sdc -no_timestamp /w/experiments/outputs/orfs/asap7/aes/base/results/asap7/aes/base/3_place.sdc
Elapsed time: 0:11.70[h:]min:sec. CPU time: user 11.38 sys 0.85 (104%). Peak memory: 250748KB.
Log                       Ext     Elapsed/s Peak Memory/MB sha1sum result [0:20)
3_5_place_dp              .odb           11            244 07a0af3fb59ba111d3b0
cp /w/experiments/outputs/orfs/asap7/aes/base/results/asap7/aes/base/3_5_place_dp.odb /w/experiments/outputs/orfs/asap7/aes/base/results/asap7/aes/base/3_place.odb
make_exit=0
/OpenROAD-flow-scripts/flow/scripts/flow.sh 4_1_cts cts
Running cts.tcl, stage 4_1_cts
source /OpenROAD-flow-scripts/flow/platforms/asap7/liberty_suppressions.tcl
read_liberty /OpenROAD-flow-scripts/flow/platforms/asap7/lib/NLDM/asap7sc7p5t_AO_RVT_FF_nldm_211120.lib.gz
read_liberty /OpenROAD-flow-scripts/flow/platforms/asap7/lib/NLDM/asap7sc7p5t_INVBUF_RVT_FF_nldm_220122.lib.gz
read_liberty /OpenROAD-flow-scripts/flow/platforms/asap7/lib/NLDM/asap7sc7p5t_OA_RVT_FF_nldm_211120.lib.gz
read_liberty /OpenROAD-flow-scripts/flow/platforms/asap7/lib/NLDM/asap7sc7p5t_SIMPLE_RVT_FF_nldm_211120.lib.gz
read_liberty /OpenROAD-flow-scripts/flow/platforms/asap7/lib/NLDM/asap7sc7p5t_SEQ_RVT_FF_nldm_220123.lib
read_db /w/experiments/outputs/orfs/asap7/aes/base/results/asap7/aes/base/3_place.odb
read_sdc /w/experiments/outputs/orfs/asap7/aes/base/results/asap7/aes/base/3_place.sdc
source /OpenROAD-flow-scripts/flow/platforms/asap7/setRC.tcl
clock_tree_synthesis -sink_clustering_enable -repair_clock_nets
[INFO CTS-0050] Root buffer is BUFx16f_ASAP7_75t_R.
[INFO CTS-0051] Sink buffer is BUFx24_ASAP7_75t_R.
[INFO CTS-0052] The following clock buffers will be used for CTS:
                    BUFx16f_ASAP7_75t_R
                    BUFx24_ASAP7_75t_R
[INFO CTS-0049] Characterization buffer is BUFx24_ASAP7_75t_R.
[INFO CTS-0007] Net "clk" found for clock "clk".
[INFO CTS-0010]  Clock net "clk" has 530 sinks.
[INFO CTS-0008] TritonCTS found 1 clock nets.
[INFO CTS-0097] Characterization used 2 buffer(s) types.
[INFO CTS-0201] 0 blockages from hard placement blockages and placed macros will be used.
[INFO CTS-0027] Generating H-Tree topology for net clk.
[INFO CTS-0028]  Total number of sinks: 530.
[INFO CTS-0090]  Sinks will be clustered based on buffer max cap.
[INFO CTS-0030]  Number of static layers: 0.
[INFO CTS-0020]  Wire segment unit: 1350  dbu (1 um).
[INFO CTS-0206] Best clustering solution was found from max clustering size of 25 and max clustering diameter of 26.
[INFO CTS-0019]  Total number of sinks after clustering: 28.
[INFO CTS-0024]  Normalized sink region: [(3.05247, 2.24286), (33.2822, 33.0905)].
[INFO CTS-0025]     Width:  30.2297.
[INFO CTS-0026]     Height: 30.8476.
 Level 1
    Direction: Vertical
    Sinks per sub-region: 14
    Sub-region size: 30.2297 X 15.4238
[INFO CTS-0034]     Segment length (rounded): 8.
[INFO CTS-0038]  Stop criterion found. Sink region hpwl is smaller than max wirelength (137.460 um) and max number of sinks is 15.
[INFO CTS-0035]  Number of sinks covered: 28.
[INFO CTS-0018]     Created 31 clock buffers.
[INFO CTS-0012]     Minimum number of buffers in the clock path: 3.
[INFO CTS-0013]     Maximum number of buffers in the clock path: 3.
[INFO CTS-0015]     Created 31 clock nets.
[INFO CTS-0016]     Fanout distribution for the current clock = 11:1, 13:2, 14:2, 15:3, 16:1, 17:1, 18:5, 19:3, 20:1, 21:4, 22:2, 23:2, 24:1, 25:2..
[INFO CTS-0017]     Max level of the clock tree: 1.
[INFO CTS-0098] Clock net "clk"
[INFO CTS-0099]  Sinks 556
[INFO CTS-0100]  Leaf buffers 28
[INFO CTS-0101]  Average sink wire length 61.16 um
[INFO CTS-0102]  Path depth 2 - 3
[INFO CTS-0207]  Dummy loads inserted 26
[INFO CTS-0500] Runtime: 2.76s
estimate_parasitics -placement
detailed_placement
[INFO DPL-0006] Core area: 1975.07 um^2
[INFO DPL-0007] Movable instances area: 1399.62 um^2
[INFO DPL-0008] Fixed instances area within core: 11.98 um^2
[INFO DPL-0009] Utilization: 71.5%
[INFO DPL-0005] Diamond search max displacement: +/- 500 sites horizontally, +/- 100 rows vertically.
[INFO DPL-1102] Legalizing using negotiation legalizer.
[INFO DPL-1103] Negotiation base search window: +/-20 sites horizontally, +/-5 rows vertically 
	Automatic search window extension enabled.
	Search window extendable up to the max displacement cap of +/-500 sites, +/-100 rows near walls.
[INFO DPL-1104] NegotiationLegalizer DRC penalty: 5.
[INFO DPL-0392] Negotiation cell height distribution (1 unique row-count(s)):
[INFO DPL-0393]   height 1 row(s): 12542 cells
          |      Total |  Illegal |  Illegal
Iteration | Violations |    Cells |    Sites
---------------------------------------------
        0 |       1068 |       120 |       948
        1 |        524 |        60 |       464
        2 |        159 |        21 |       138
        3 |         78 |        16 |        62
        4 |         58 |         8 |        50
        5 |          0 |         0 |         0
Negotiation phase 1 converged at iteration 5.
[INFO DPL-0500] Runtime: 0.11s
Placement Analysis
---------------------------------
total displacement       1666.1 u
average displacement        0.1 u
max displacement            2.5 u
original HPWL           39530.7 u
legalized HPWL          40392.3 u
delta HPWL                    2 %

estimate_parasitics -placement
repair_timing -setup_margin 0 -hold_margin 0 -repair_tns 100 -verbose
[INFO RSZ-0100] Repair move sequence: UnbufferMove SizeUpMove SwapPinsMove BufferMove CloneMove SplitLoadMove 
[INFO RSZ-0094] Found 84 endpoints with setup violations.
[INFO RSZ-0099] Repairing 84 out of 84 (100.00%) violating endpoints...
   Iter   | Removed | Resized | Inserted | Cloned |  Pin  |   Area   |    WNS   |   StTNS    |   EnTNS    |  Viol  |  Worst  
          | Buffers |  Gates  | Buffers  |  Gates | Swaps |          |          |            |            | Endpts | St/EnPt 
------------------------------------------------------------------------------------------------------------------------------
       0* |       0 |       0 |        0 |      0 |     0 |    +0.0% |  -32.457 |     -302.3 |     -756.7 |     84 | u147/D
      10* |       0 |       8 |        1 |      0 |     0 |    +0.0% |  -13.951 |     -215.4 |     -283.7 |     84 | u1381/D
      20* |       0 |      12 |        4 |      1 |     3 |    +0.1% |  -11.557 |     -186.2 |     -226.1 |     84 | u5156/D
      30* |       0 |      17 |        7 |      1 |     6 |    +0.1% |   -8.500 |     -166.4 |     -206.6 |     84 | u1386/D
      40* |       0 |      19 |       16 |      2 |     6 |    +0.2% |   -7.728 |     -155.9 |     -195.2 |     84 | u1347/D
      50* |       0 |      24 |       20 |      2 |     8 |    +0.2% |   -6.465 |     -135.8 |     -165.1 |     84 | u4327/D
      60* |       0 |      29 |       22 |      2 |    11 |    +0.2% |   -6.162 |     -130.5 |     -162.0 |     84 | u4329/D
      61* |       0 |      30 |       22 |      2 |    11 |    +0.2% |   -6.035 |     -129.2 |     -154.1 |     84 | u147/D
      65* |       0 |      33 |       22 |      2 |    11 |    +0.3% |   -5.972 |     -127.0 |     -148.4 |     84 | u147/D
      70* |       0 |      36 |       22 |      2 |    12 |    +0.3% |   -7.684 |     -128.8 |     -141.9 |     84 | u144/D
      73* |       0 |      38 |       22 |      2 |    13 |    +0.3% |   -5.972 |     -126.7 |     -139.7 |     84 | u147/D
      74* |       0 |      38 |       22 |      2 |    13 |    +0.3% |   -5.972 |     -126.7 |     -139.7 |     84 | u147/D
      77* |       0 |      40 |       22 |      2 |    13 |    +0.3% |   -5.972 |     -125.1 |     -138.0 |     84 | u147/D
      80* |       0 |      40 |       25 |      2 |    14 |    +0.3% |   -5.972 |     -121.7 |     -137.3 |     84 | u147/D
      90* |       0 |      40 |       29 |      2 |    21 |    +0.3% |   -5.972 |     -119.3 |     -130.8 |     84 | u147/D
      91* |       0 |      40 |       27 |      2 |    15 |    +0.3% |   -5.972 |     -117.6 |     -128.9 |     84 | u147/D
      92* |       0 |      40 |       27 |      2 |    15 |    +0.3% |   -5.972 |     -117.6 |     -128.9 |     84 | u147/D
      93* |       0 |      40 |       27 |      2 |    15 |    +0.3% |   -5.972 |     -117.6 |     -128.9 |     84 | u147/D
      94* |       0 |      40 |       27 |      2 |    15 |    +0.3% |   -5.972 |     -117.6 |     -128.9 |     84 | u147/D
     100* |       0 |      43 |       28 |      2 |    16 |    +0.3% |   -5.972 |     -114.6 |     -122.9 |     84 | u147/D
     101* |       0 |      43 |       30 |      2 |    16 |    +0.3% |   -5.972 |     -112.1 |     -122.7 |     84 | u147/D
     105* |       0 |      44 |       31 |      2 |    17 |    +0.3% |   -5.972 |     -110.9 |     -119.3 |     84 | u147/D
     110* |       0 |      46 |       31 |      2 |    19 |    +0.4% |   -8.598 |     -113.8 |     -133.3 |     84 | u563/D
     120* |       0 |      46 |       35 |      2 |    25 |    +0.4% |   -6.736 |     -112.1 |     -123.0 |     84 | u561/D
     122* |       0 |      44 |       31 |      2 |    17 |    +0.3% |   -5.972 |     -110.9 |     -119.3 |     84 | u147/D
     123* |       0 |      44 |       31 |      2 |    17 |    +0.3% |   -5.972 |     -110.9 |     -119.3 |     84 | u147/D
     124* |       0 |      44 |       31 |      2 |    17 |    +0.3% |   -5.972 |     -110.9 |     -119.3 |     84 | u147/D
     125* |       0 |      44 |       31 |      2 |    17 |    +0.3% |   -5.972 |     -110.9 |     -119.3 |     84 | u147/D
     130* |       0 |      46 |       34 |      2 |    17 |    +0.4% |   -5.972 |     -105.7 |     -108.7 |     84 | u147/D
     134* |       0 |      49 |       34 |      2 |    18 |    +0.4% |   -5.972 |     -103.1 |     -106.7 |     84 | u147/D
     135* |       0 |      49 |       34 |      2 |    18 |    +0.4% |   -5.972 |     -103.1 |     -106.7 |     84 | u147/D
     136* |       0 |      49 |       34 |      2 |    18 |    +0.4% |   -5.972 |     -103.1 |     -106.7 |     84 | u147/D
     137* |       0 |      49 |       34 |      2 |    18 |    +0.4% |   -5.972 |     -103.1 |     -106.7 |     84 | u147/D
     140* |       0 |      49 |       35 |      2 |    19 |    +0.4% |   -5.972 |     -103.1 |     -106.6 |     84 | u147/D
     142* |       0 |      50 |       37 |      2 |    19 |    +0.4% |   -5.972 |     -103.8 |     -104.0 |     84 | u147/D
     150* |       0 |      52 |       37 |      2 |    24 |    +0.4% |   -5.972 |     -105.6 |     -103.2 |     84 | u147/D
     151* |       0 |      53 |       37 |      2 |    24 |    +0.4% |   -5.972 |     -105.4 |     -102.9 |     84 | u147/D
     156* |       0 |      53 |       38 |      2 |    24 |    +0.4% |   -5.972 |     -105.1 |     -100.5 |     84 | u147/D
     157* |       0 |      53 |       38 |      2 |    24 |    +0.4% |   -5.972 |     -105.1 |     -100.5 |     84 | u147/D
     160* |       0 |      55 |       38 |      2 |    24 |    +0.4% |   -5.972 |     -102.6 |      -99.4 |     84 | u147/D
     169* |       0 |      60 |       39 |      2 |    25 |    +0.5% |   -5.972 |     -103.4 |      -99.5 |     84 | u147/D
     170* |       0 |      60 |       39 |      2 |    25 |    +0.5% |   -5.972 |     -103.4 |      -99.5 |     84 | u147/D
     170* |       0 |      60 |       39 |      2 |    25 |    +0.5% |   -5.972 |     -103.4 |      -99.5 |     84 | u147/D
     180* |       0 |      62 |       45 |      3 |    29 |    +0.5% |   -5.972 |      -95.4 |      -94.0 |     84 | u147/D
     190* |       0 |      64 |       46 |      3 |    36 |    +0.5% |   -5.972 |      -94.3 |      -93.1 |     84 | u147/D
     191* |       0 |      62 |       43 |      2 |    25 |    +0.5% |   -5.972 |      -94.8 |      -92.8 |     84 | u147/D
     200* |       1 |      65 |       49 |      2 |    25 |    +0.5% |   -7.493 |      -93.5 |      -95.7 |     84 | u1407/D
     201* |       0 |      62 |       46 |      2 |    25 |    +0.5% |   -5.972 |      -93.3 |      -92.0 |     84 | u147/D
     202* |       0 |      62 |       46 |      2 |    25 |    +0.5% |   -5.972 |      -93.3 |      -92.0 |     84 | u147/D
     203* |       0 |      62 |       46 |      2 |    25 |    +0.5% |   -5.972 |      -93.3 |      -92.0 |     84 | u147/D
     204* |       0 |      62 |       46 |      2 |    25 |    +0.5% |   -5.972 |      -93.3 |      -92.0 |     84 | u147/D
     209* |       0 |      63 |       47 |      2 |    27 |    +0.5% |   -5.972 |      -93.0 |      -87.3 |     84 | u147/D
     210* |       0 |      63 |       47 |      2 |    27 |    +0.5% |   -5.972 |      -93.0 |      -87.3 |     84 | u147/D
     210* |       0 |      63 |       47 |      2 |    27 |    +0.5% |   -5.972 |      -93.0 |      -87.3 |     84 | u147/D
     211* |       0 |      63 |       47 |      2 |    27 |    +0.5% |   -5.972 |      -93.0 |      -87.3 |     84 | u147/D
     218* |       0 |      67 |       48 |      2 |    28 |    +0.5% |   -5.972 |      -93.5 |      -87.1 |     84 | u147/D
     219* |       0 |      67 |       48 |      2 |    28 |    +0.5% |   -5.972 |      -93.5 |      -87.1 |     84 | u147/D
     220* |       0 |      67 |       48 |      2 |    28 |    +0.5% |   -5.972 |      -93.5 |      -87.1 |     84 | u147/D
     220* |       0 |      67 |       48 |      2 |    28 |    +0.5% |   -5.972 |      -93.5 |      -87.1 |     84 | u147/D
     221* |       0 |      67 |       48 |      2 |    28 |    +0.5% |   -5.972 |      -93.5 |      -87.1 |     84 | u147/D
     223* |       0 |      68 |       48 |      2 |    28 |    +0.5% |   -5.972 |      -91.6 |      -84.5 |     84 | u147/D
     224* |       0 |      68 |       48 |      2 |    28 |    +0.5% |   -5.972 |      -91.6 |      -84.5 |     84 | u147/D
     225* |       0 |      68 |       48 |      2 |    28 |    +0.5% |   -5.972 |      -91.6 |      -84.5 |     84 | u147/D
     226* |       0 |      68 |       48 |      2 |    28 |    +0.5% |   -5.972 |      -91.6 |      -84.5 |     84 | u147/D
     228* |       0 |      69 |       48 |      2 |    28 |    +0.5% |   -5.972 |      -89.2 |      -82.1 |     84 | u147/D
     230* |       0 |      70 |       48 |      2 |    28 |    +0.5% |   -5.972 |      -84.3 |      -72.6 |     84 | u147/D
     232* |       0 |      69 |       48 |      2 |    28 |    +0.5% |   -5.972 |      -89.2 |      -82.1 |     84 | u147/D
     234* |       0 |      70 |       48 |      2 |    28 |    +0.5% |   -5.972 |      -85.0 |      -74.8 |     84 | u147/D
     235* |       0 |      70 |       48 |      2 |    28 |    +0.5% |   -5.972 |      -85.0 |      -74.8 |     84 | u147/D
     236* |       0 |      70 |       48 |      2 |    28 |    +0.5% |   -5.972 |      -85.0 |      -74.8 |     84 | u147/D
     239* |       0 |      70 |       48 |      2 |    28 |    +0.5% |   -5.972 |      -85.0 |      -74.8 |     84 | u147/D
     240* |       0 |      70 |       48 |      2 |    28 |    +0.5% |   -5.972 |      -85.0 |      -74.8 |     84 | u147/D
     240* |       0 |      70 |       48 |      2 |    28 |    +0.5% |   -5.972 |      -85.0 |      -74.8 |     84 | u147/D
     241* |       0 |      70 |       48 |      2 |    28 |    +0.5% |   -5.972 |      -85.0 |      -74.8 |     84 | u147/D
     242* |       0 |      70 |       48 |      2 |    28 |    +0.5% |   -5.972 |      -85.0 |      -74.8 |     84 | u147/D
     243* |       0 |      70 |       48 |      2 |    28 |    +0.5% |   -5.972 |      -85.0 |      -74.8 |     84 | u147/D
     246* |       0 |      71 |       49 |      2 |    28 |    +0.5% |   -5.972 |      -84.4 |      -73.6 |     84 | u147/D
     247* |       0 |      71 |       49 |      2 |    28 |    +0.5% |   -5.972 |      -84.4 |      -73.6 |     84 | u147/D
     248* |       0 |      71 |       49 |      2 |    28 |    +0.5% |   -5.972 |      -84.4 |      -73.6 |     84 | u147/D
     250* |       0 |      71 |       49 |      2 |    29 |    +0.5% |   -6.627 |      -86.2 |      -75.5 |     84 | u1658/D
     256* |       0 |      76 |       49 |      3 |    29 |    +0.6% |   -5.972 |      -80.8 |      -65.6 |     84 | u147/D
     257* |       0 |      76 |       49 |      3 |    29 |    +0.6% |   -5.972 |      -80.8 |      -65.6 |     84 | u147/D
     258* |       0 |      76 |       49 |      3 |    29 |    +0.6% |   -5.972 |      -80.8 |      -65.6 |     84 | u147/D
     260* |       0 |      76 |       50 |      3 |    29 |    +0.6% |   -5.972 |      -77.2 |      -62.5 |     84 | u147/D
     263* |       0 |      78 |       51 |      3 |    29 |    +0.6% |   -5.972 |      -75.9 |      -60.7 |     84 | u147/D
     264* |       0 |      78 |       51 |      3 |    29 |    +0.6% |   -5.972 |      -75.9 |      -60.7 |     84 | u147/D
     265* |       0 |      78 |       51 |      3 |    29 |    +0.6% |   -5.972 |      -75.9 |      -60.7 |     84 | u147/D
     268* |       0 |      80 |       51 |      3 |    29 |    +0.6% |   -5.972 |      -71.6 |      -57.4 |     84 | u147/D
     269* |       0 |      80 |       51 |      3 |    29 |    +0.6% |   -5.972 |      -71.6 |      -57.4 |     84 | u147/D
     270* |       0 |      80 |       51 |      3 |    29 |    +0.6% |   -5.972 |      -71.6 |      -57.4 |     84 | u147/D
     270* |       0 |      80 |       51 |      3 |    29 |    +0.6% |   -5.972 |      -71.6 |      -57.4 |     84 | u147/D
     271* |       0 |      80 |       51 |      3 |    29 |    +0.6% |   -5.972 |      -71.6 |      -57.4 |     84 | u147/D
     273* |       0 |      80 |       52 |      3 |    29 |    +0.6% |   -5.972 |      -68.7 |      -54.5 |     84 | u147/D
     274* |       0 |      80 |       52 |      3 |    29 |    +0.6% |   -5.972 |      -68.7 |      -54.5 |     84 | u147/D
     276* |       0 |      81 |       52 |      3 |    29 |    +0.6% |   -5.972 |      -67.9 |      -49.8 |     84 | u147/D
     278* |       0 |      82 |       52 |      3 |    29 |    +0.6% |   -5.972 |      -67.0 |      -48.9 |     84 | u147/D
     279* |       0 |      82 |       52 |      3 |    29 |    +0.6% |   -5.972 |      -67.0 |      -48.9 |     84 | u147/D
     280* |       0 |      82 |       52 |      3 |    29 |    +0.6% |   -5.972 |      -67.0 |      -48.9 |     84 | u147/D
     281* |       0 |      83 |       52 |      3 |    29 |    +0.6% |   -5.972 |      -65.1 |      -46.9 |     84 | u147/D
     284* |       0 |      85 |       52 |      3 |    29 |    +0.6% |   -5.972 |      -60.7 |      -43.4 |     84 | u147/D
     290* |       0 |      86 |       54 |      3 |    31 |    +0.6% |   -5.972 |      -54.8 |      -41.3 |     84 | u147/D
     294* |       0 |      87 |       55 |      3 |    33 |    +0.6% |   -5.972 |      -54.8 |      -41.7 |     84 | u147/D
     295* |       0 |      87 |       55 |      3 |    33 |    +0.6% |   -5.972 |      -54.8 |      -41.7 |     84 | u147/D
     296* |       0 |      87 |       55 |      3 |    33 |    +0.6% |   -5.972 |      -54.8 |      -41.7 |     84 | u147/D
     297* |       0 |      87 |       55 |      3 |    33 |    +0.6% |   -5.972 |      -54.8 |      -41.7 |     84 | u147/D
     300* |       0 |      88 |       55 |      3 |    34 |    +0.6% |   -5.972 |      -53.0 |      -39.9 |     84 | u147/D
     303* |       0 |      89 |       56 |      3 |    35 |    +0.6% |   -5.972 |      -51.6 |      -36.1 |     84 | u147/D
     304* |       0 |      89 |       56 |      3 |    35 |    +0.6% |   -5.972 |      -51.6 |      -36.1 |     84 | u147/D
     305* |       0 |      89 |       56 |      3 |    35 |    +0.6% |   -5.972 |      -51.6 |      -36.1 |     84 | u147/D
     306* |       0 |      89 |       56 |      3 |    35 |    +0.6% |   -5.972 |      -51.6 |      -36.1 |     84 | u147/D
     307* |       0 |      89 |       56 |      3 |    35 |    +0.6% |   -5.972 |      -51.6 |      -36.1 |     84 | u147/D
     309* |       0 |      89 |       56 |      3 |    35 |    +0.6% |   -5.972 |      -51.6 |      -36.1 |     84 | u147/D
     310* |       0 |      89 |       56 |      3 |    35 |    +0.6% |   -5.972 |      -51.6 |      -36.1 |     84 | u147/D
     310* |       0 |      89 |       56 |      3 |    35 |    +0.6% |   -5.972 |      -51.6 |      -36.1 |     84 | u147/D
     311* |       0 |      89 |       56 |      3 |    35 |    +0.6% |   -5.972 |      -51.6 |      -36.1 |     84 | u147/D
     313* |       0 |      89 |       59 |      3 |    35 |    +0.7% |   -5.972 |      -50.8 |      -35.3 |     84 | u147/D
     313* |       0 |      89 |       59 |      3 |    35 |    +0.7% |   -5.972 |      -50.8 |      -35.3 |     84 | u147/D
     319+ |       0 |      94 |       59 |      3 |    35 |    +0.7% |   -3.841 |      -21.0 |      -21.0 |     15 | u563/D
     320+ |       0 |      94 |       59 |      3 |    35 |    +0.7% |   -3.841 |      -21.0 |      -21.0 |     15 | u563/D
     320+ |       0 |      94 |       59 |      3 |    35 |    +0.7% |   -3.841 |      -21.0 |      -21.0 |     15 | u563/D
     322+ |       0 |      96 |       59 |      3 |    35 |    +0.7% |   -3.841 |      -19.0 |      -19.1 |     15 | u563/D
     323+ |       0 |      97 |       59 |      3 |    35 |    +0.7% |   -3.841 |      -18.7 |      -18.8 |     15 | u563/D
     326+ |       0 |      98 |       59 |      3 |    36 |    +0.7% |   -3.841 |      -18.9 |      -18.2 |     15 | u563/D
     327+ |       0 |      99 |       59 |      3 |    36 |    +0.7% |   -3.841 |      -17.0 |      -16.6 |     15 | u563/D
     329+ |       0 |      99 |       59 |      3 |    37 |    +0.7% |   -3.841 |      -16.2 |      -15.8 |     15 | u563/D
     330+ |       0 |      99 |       59 |      3 |    37 |    +0.7% |   -3.841 |      -16.2 |      -15.8 |     15 | u563/D
     330+ |       0 |      99 |       59 |      3 |    37 |    +0.7% |   -3.841 |      -16.2 |      -15.8 |     15 | u563/D
     332+ |       0 |      99 |       59 |      3 |    39 |    +0.7% |   -3.841 |      -15.7 |      -14.4 |     15 | u563/D
     334+ |       0 |     100 |       59 |      3 |    39 |    +0.7% |   -3.841 |      -15.4 |      -13.9 |     15 | u563/D
     335+ |       0 |     100 |       59 |      3 |    39 |    +0.7% |   -3.841 |      -15.4 |      -13.9 |     15 | u563/D
     336+ |       0 |     100 |       59 |      3 |    39 |    +0.7% |   -3.841 |      -15.4 |      -13.9 |     15 | u563/D
     338+ |       0 |     100 |       59 |      3 |    40 |    +0.7% |   -3.841 |      -14.8 |      -13.9 |     15 | u563/D
     340+ |       0 |     101 |       59 |      3 |    40 |    +0.7% |   -3.841 |      -14.8 |      -13.7 |     15 | u563/D
     340+ |       0 |     101 |       59 |      3 |    41 |    +0.7% |   -3.841 |      -14.8 |      -13.4 |     15 | u563/D
     341+ |       0 |     101 |       59 |      3 |    41 |    +0.7% |   -3.841 |      -14.8 |      -13.4 |     15 | u563/D
    final |       0 |     101 |       59 |      3 |    41 |    +0.7% |   -3.841 |      -14.8 |      -13.4 |     11 | u563/D
------------------------------------------------------------------------------------------------------------------------------
[INFO RSZ-0040] Inserted 59 buffers.
[INFO RSZ-0051] Resized 101 instances: 101 up, 0 up match, 0 down, 0 VT
[INFO RSZ-0043] Swapped pins on 41 instances.
[INFO RSZ-0049] Cloned 3 instances.
[WARNING RSZ-0062] Unable to repair all setup violations.
[INFO RSZ-0505] Runtime: 8.66s
[INFO RSZ-0033] No hold violations found.
[INFO RSZ-0506] Runtime: 0.01s
Took 9 seconds: repair_timing -setup_margin 0 -hold_margin 0 -repair_tns 100 -verbose
detailed_placement
[INFO DPL-0006] Core area: 1975.07 um^2
[INFO DPL-0007] Movable instances area: 1409.64 um^2
[INFO DPL-0008] Fixed instances area within core: 11.98 um^2
[INFO DPL-0009] Utilization: 72.0%
[INFO DPL-0005] Diamond search max displacement: +/- 500 sites horizontally, +/- 100 rows vertically.
[INFO DPL-1102] Legalizing using negotiation legalizer.
[INFO DPL-1103] Negotiation base search window: +/-20 sites horizontally, +/-5 rows vertically 
	Automatic search window extension enabled.
	Search window extendable up to the max displacement cap of +/-500 sites, +/-100 rows near walls.
[INFO DPL-1104] NegotiationLegalizer DRC penalty: 5.
[INFO DPL-0392] Negotiation cell height distribution (1 unique row-count(s)):
[INFO DPL-0393]   height 1 row(s): 12604 cells
          |      Total |  Illegal |  Illegal
Iteration | Violations |    Cells |    Sites
---------------------------------------------
        0 |        601 |       131 |       470
        1 |        127 |        23 |       104
        2 |         84 |        16 |        68
        3 |         78 |        14 |        64
        4 |         10 |         4 |         6
        5 |          4 |         2 |         2
        6 |          0 |         0 |         0
Negotiation phase 1 converged at iteration 6.
[INFO DPL-0500] Runtime: 0.19s
Placement Analysis
---------------------------------
total displacement         75.4 u
average displacement        0.0 u
max displacement            2.0 u
original HPWL           40514.8 u
legalized HPWL          40581.8 u
delta HPWL                    0 %

estimate_parasitics -placement
Report metrics stage 4, cts final...

==========================================================================
cts final report_design_area
--------------------------------------------------------------------------
Design area 1422 um^2 72% utilization.
write_db /w/experiments/outputs/orfs/asap7/aes/base/results/asap7/aes/base/4_1_cts.odb
write_sdc -no_timestamp /w/experiments/outputs/orfs/asap7/aes/base/results/asap7/aes/base/4_cts.sdc
Elapsed time: 0:21.61[h:]min:sec. CPU time: user 25.88 sys 4.15 (138%). Peak memory: 284772KB.
Log                       Ext     Elapsed/s Peak Memory/MB sha1sum result [0:20)
4_1_cts                   .odb           21            278 48a9f349113c3754a410
cp /w/experiments/outputs/orfs/asap7/aes/base/results/asap7/aes/base/4_1_cts.odb /w/experiments/outputs/orfs/asap7/aes/base/results/asap7/aes/base/4_cts.odb
/OpenROAD-flow-scripts/flow/scripts/flow.sh 5_1_grt global_route
Running global_route.tcl, stage 5_1_grt
source /OpenROAD-flow-scripts/flow/platforms/asap7/liberty_suppressions.tcl
read_liberty /OpenROAD-flow-scripts/flow/platforms/asap7/lib/NLDM/asap7sc7p5t_AO_RVT_FF_nldm_211120.lib.gz
read_liberty /OpenROAD-flow-scripts/flow/platforms/asap7/lib/NLDM/asap7sc7p5t_INVBUF_RVT_FF_nldm_220122.lib.gz
read_liberty /OpenROAD-flow-scripts/flow/platforms/asap7/lib/NLDM/asap7sc7p5t_OA_RVT_FF_nldm_211120.lib.gz
read_liberty /OpenROAD-flow-scripts/flow/platforms/asap7/lib/NLDM/asap7sc7p5t_SIMPLE_RVT_FF_nldm_211120.lib.gz
read_liberty /OpenROAD-flow-scripts/flow/platforms/asap7/lib/NLDM/asap7sc7p5t_SEQ_RVT_FF_nldm_220123.lib
read_db /w/experiments/outputs/orfs/asap7/aes/base/results/asap7/aes/base/4_cts.odb
read_sdc /w/experiments/outputs/orfs/asap7/aes/base/results/asap7/aes/base/4_cts.sdc
source /OpenROAD-flow-scripts/flow/platforms/asap7/setRC.tcl
pin_access
[INFO DRT-0149] Reading tech and libs.

Units:                1000
Number of layers:     21
Number of macros:     212
Number of vias:       14
Number of viarulegen: 11

[INFO DRT-0150] Reading design.

Design:                   aes_cipher_top
Die area:                 ( 0 0 ) ( 48709 48709 )
Number of track patterns: 32
Number of DEF vias:       0
Number of components:     12604
Number of terminals:      390
Number of snets:          2
Number of nets:           12426

[INFO DRT-0167] List of default vias:
  Layer V2
    default via: VIA23
  Layer V3
    default via: VIA34
  Layer V4
    default via: VIA45
  Layer V5
    default via: VIA56
  Layer V6
    default via: VIA67
  Layer V7
    default via: VIA78
  Layer V8
    default via: VIA89
  Layer V9
    default via: VIA9Pad
[INFO DRT-0162] Library cell analysis.
[INFO DRT-0163] Instance analysis.
[INFO DRT-0164] Number of unique instances = 236.
[INFO DRT-0168] Init region query.
[INFO DRT-0024]   Complete Active.
[INFO DRT-0024]   Complete V0.
[INFO DRT-0024]   Complete M1.
[INFO DRT-0024]   Complete V1.
[INFO DRT-0024]   Complete M2.
[INFO DRT-0024]   Complete V2.
[INFO DRT-0024]   Complete M3.
[INFO DRT-0024]   Complete V3.
[INFO DRT-0024]   Complete M4.
[INFO DRT-0024]   Complete V4.
[INFO DRT-0024]   Complete M5.
[INFO DRT-0024]   Complete V5.
[INFO DRT-0024]   Complete M6.
[INFO DRT-0024]   Complete V6.
[INFO DRT-0024]   Complete M7.
[INFO DRT-0024]   Complete V7.
[INFO DRT-0024]   Complete M8.
[INFO DRT-0024]   Complete V8.
[INFO DRT-0024]   Complete M9.
[INFO DRT-0024]   Complete V9.
[INFO DRT-0024]   Complete Pad.
[INFO DRT-0033] Active shape region query size = 0.
[INFO DRT-0033] V0 shape region query size = 0.
[INFO DRT-0033] M1 shape region query size = 195721.
[INFO DRT-0033] V1 shape region query size = 209213.
[INFO DRT-0033] M2 shape region query size = 3409.
[INFO DRT-0033] V2 shape region query size = 4455.
[INFO DRT-0033] M3 shape region query size = 4455.
[INFO DRT-0033] V3 shape region query size = 2970.
[INFO DRT-0033] M4 shape region query size = 3215.
[INFO DRT-0033] V4 shape region query size = 2970.
[INFO DRT-0033] M5 shape region query size = 1808.
[INFO DRT-0033] V5 shape region query size = 324.
[INFO DRT-0033] M6 shape region query size = 198.
[INFO DRT-0033] V6 shape region query size = 0.
[INFO DRT-0033] M7 shape region query size = 0.
[INFO DRT-0033] V7 shape region query size = 0.
[INFO DRT-0033] M8 shape region query size = 0.
[INFO DRT-0033] V8 shape region query size = 0.
[INFO DRT-0033] M9 shape region query size = 0.
[INFO DRT-0033] V9 shape region query size = 0.
[INFO DRT-0033] Pad shape region query size = 0.
[INFO DRT-0165] Start pin access.
[INFO DRT-0076]   Complete 1000 pins.
[INFO DRT-0078]   Complete 1392 pins.
[INFO DRT-0079]   Complete 100 unique inst patterns.
[INFO DRT-0079]   Complete 200 unique inst patterns.
[INFO DRT-0081]   Complete 236 unique inst patterns.
[INFO DRT-0084]   Complete 6883 groups.
#scanned instances     = 12604
#unique  instances     = 236
#stdCellGenAp          = 6748
#stdCellValidPlanarAp  = 10
#stdCellValidViaAp     = 5689
#stdCellPinNoAp        = 0
#stdCellPinCnt         = 42839
#instTermValidViaApCnt = 0
#macroGenAp            = 0
#macroValidPlanarAp    = 0
#macroValidViaAp       = 0
#macroNoAp             = 0
[INFO DRT-0166] Complete pin access.
[INFO DRT-0267] cpu time = 00:02:28, elapsed time = 00:01:14, memory = 219.39 (MB), peak = 218.57 (MB)
Took 74 seconds: pin_access
global_route -congestion_report_file /w/experiments/outputs/orfs/asap7/aes/base/reports/asap7/aes/base/congestion.rpt -congestion_iterations 30 -congestion_report_iter_step 5 -verbose -resistance_aware
[INFO GRT-0020] Min routing layer: M2
[INFO GRT-0021] Max routing layer: M7
[INFO GRT-0022] Global adjustment: 0%
[INFO GRT-0023] Grid origin: (0, 0)
[INFO GRT-0088] Layer M1      Track-Pitch = 0.0360  line-2-Via Pitch: 0.0360
[INFO GRT-0088] Layer M2      Track-Pitch = 0.0390  line-2-Via Pitch: 0.0360
[INFO GRT-0088] Layer M3      Track-Pitch = 0.0360  line-2-Via Pitch: 0.0360
[INFO GRT-0088] Layer M4      Track-Pitch = 0.0480  line-2-Via Pitch: 0.0480
[INFO GRT-0088] Layer M5      Track-Pitch = 0.0480  line-2-Via Pitch: 0.0480
[INFO GRT-0088] Layer M6      Track-Pitch = 0.0640  line-2-Via Pitch: 0.0640
[INFO GRT-0088] Layer M7      Track-Pitch = 0.0640  line-2-Via Pitch: 0.0640
[INFO GRT-0003] Macros: 0
[INFO GRT-0004] Blockages: 1590
[INFO GRT-0019] Found 32 clock nets.
[INFO GRT-0001] Minimum degree: 2
[INFO GRT-0002] Maximum degree: 51

[INFO GRT-0053] Routing resources analysis:
          Routing      Original      Derated      Resource
Layer     Direction    Resources     Resources    Reduction (%)
---------------------------------------------------------------
M1         Vertical            0             0          0.00%
M2         Horizontal      96331         68542          28.85%
M3         Vertical       109746         81638          25.61%
M4         Horizontal      84152         62564          25.65%
M5         Vertical        81429         60459          25.75%
M6         Horizontal      56826         38724          31.86%
M7         Vertical        63924         43092          32.59%
---------------------------------------------------------------

[INFO GRT-0197] Via related to pin nodes: 106007
[INFO GRT-0198] Via related Steiner nodes: 2914
[INFO GRT-0199] Via filling finished.
[INFO GRT-0111] Final number of vias: 142941
[INFO GRT-0112] Final usage 3D: 511820

[INFO GRT-0096] Final congestion report:
Layer         Resource        Demand        Usage (%)    Max H / Max V / Total Congestion
---------------------------------------------------------------------------------------
M1                   0             0            0.00%             0 /  0 /  0
M2               68542         23713           34.60%             0 /  0 /  0
M3               81638         27428           33.60%             0 /  0 /  0
M4               62564          8629           13.79%             0 /  0 /  0
M5               60459          5981            9.89%             0 /  0 /  0
M6               38724          8527           22.02%             0 /  0 /  0
M7               43092          8719           20.23%             0 /  0 /  0
---------------------------------------------------------------------------------------
Total           355019         82997           23.38%             0 /  0 /  0

[INFO GRT-0018] Total wirelength: 680722 um
[INFO GRT-0014] Routed nets: 12426
[INFO GRT-0303] Global routing runtime = 00:00:06
Took 7 seconds: global_route -congestion_report_file /w/experiments/outputs/orfs/asap7/aes/base/reports/asap7/aes/base/congestion.rpt -congestion_iterations 30 -congestion_report_iter_step 5 -verbose -resistance_aware
[WARNING STA-0450] virtual clock vclk_clk can not be propagated.
estimate_parasitics -global_routing
Perform buffer insertion and gate resizing...
repair_design -verbose
Iteration |   Area    | Resized | Buffers | Nets repaired | Remaining
---------------------------------------------------------------------
        0 |     +0.0% |       0 |       0 |             0 |     12452
     1000 |     +0.0% |       0 |       0 |             0 |     11452
     2000 |     +0.0% |       0 |       0 |             0 |     10452
     3000 |     +0.0% |       0 |       0 |             0 |      9452
     4000 |     +0.0% |       0 |       0 |             0 |      8452
     5000 |     +0.0% |       0 |       0 |             0 |      7452
     6000 |     +0.0% |       0 |       0 |             0 |      6452
     7000 |     +0.0% |       0 |       0 |             0 |      5452
     8000 |     +0.0% |       0 |       0 |             0 |      4452
     9000 |     +0.0% |       0 |       0 |             0 |      3452
    10000 |     +0.0% |       0 |       0 |             0 |      2452
    11000 |     +0.0% |       0 |       0 |             0 |      1452
    12000 |     +0.0% |       0 |       0 |             0 |       452
    final |     +0.0% |       0 |       0 |             0 |         0
---------------------------------------------------------------------
[INFO RSZ-0504] Runtime: 1.46s
global_route -start_incremental
detailed_placement
[INFO DPL-0006] Core area: 1975.07 um^2
[INFO DPL-0007] Movable instances area: 1409.64 um^2
[INFO DPL-0008] Fixed instances area within core: 11.98 um^2
[INFO DPL-0009] Utilization: 72.0%
[INFO DPL-0005] Diamond search max displacement: +/- 500 sites horizontally, +/- 100 rows vertically.
[INFO DPL-1102] Legalizing using negotiation legalizer.
[INFO DPL-1103] Negotiation base search window: +/-20 sites horizontally, +/-5 rows vertically 
	Automatic search window extension enabled.
	Search window extendable up to the max displacement cap of +/-500 sites, +/-100 rows near walls.
[INFO DPL-1104] NegotiationLegalizer DRC penalty: 5.
[INFO DPL-0392] Negotiation cell height distribution (1 unique row-count(s)):
[INFO DPL-0393]   height 1 row(s): 12604 cells
[INFO DPL-0500] Runtime: 0.06s
Placement Analysis
---------------------------------
total displacement          0.0 u
average displacement        0.0 u
max displacement            0.0 u
original HPWL           40581.8 u
legalized HPWL          40581.8 u
delta HPWL                    0 %

global_route -end_incremental -resistance_aware -congestion_report_file /w/experiments/outputs/orfs/asap7/aes/base/reports/asap7/aes/base/congestion_post_repair_design.rpt
Repair setup and hold violations...
estimate_parasitics -global_routing
repair_timing -setup_margin 0 -hold_margin 0 -repair_tns 100 -verbose
[INFO RSZ-0100] Repair move sequence: UnbufferMove SizeUpMove SwapPinsMove BufferMove CloneMove SplitLoadMove 
[INFO RSZ-0094] Found 111 endpoints with setup violations.
[INFO RSZ-0099] Repairing 111 out of 111 (100.00%) violating endpoints...
   Iter   | Removed | Resized | Inserted | Cloned |  Pin  |   Area   |    WNS   |   StTNS    |   EnTNS    |  Viol  |  Worst  
          | Buffers |  Gates  | Buffers  |  Gates | Swaps |          |          |            |            | Endpts | St/EnPt 
------------------------------------------------------------------------------------------------------------------------------
       0* |       0 |       0 |        0 |      0 |     0 |    +0.0% |  -16.794 |     -636.9 |     -749.7 |    111 | u1796/D
      10* |       0 |       4 |        4 |      0 |     2 |    +0.0% |  -14.644 |     -618.0 |     -730.5 |    111 | u1386/D
      20* |       0 |       9 |        5 |      1 |     5 |    +0.1% |  -13.475 |     -595.7 |     -710.4 |    111 | u147/D
      30* |       0 |      14 |        5 |      1 |    10 |    +0.1% |  -14.011 |     -585.1 |     -689.6 |    111 | u1386/D
      40* |       0 |      18 |        8 |      1 |    13 |    +0.1% |  -12.534 |     -575.4 |     -679.3 |    111 | u1694/D
      50* |       0 |      19 |       13 |      1 |    19 |    +0.1% |  -12.172 |     -567.3 |     -664.9 |    111 | u144/D
      60* |       0 |      23 |       16 |      1 |    23 |    +0.2% |  -17.540 |     -568.9 |     -690.1 |    111 | u563/D
      70* |       0 |      26 |       19 |      1 |    27 |    +0.2% |  -11.723 |     -557.4 |     -659.4 |    111 | u1386/D
      80* |       0 |      30 |       22 |      1 |    30 |    +0.2% |  -12.957 |     -558.7 |     -664.0 |    111 | u2643/D
      90* |       0 |      30 |       24 |      1 |    38 |    +0.3% |  -11.386 |     -552.4 |     -660.3 |    111 | u983/D
     100* |       0 |      32 |       27 |      1 |    43 |    +0.3% |  -11.219 |     -541.7 |     -645.7 |    111 | u1615/D
     110* |       0 |      37 |       32 |      1 |    46 |    +0.3% |  -11.237 |     -528.2 |     -638.0 |    111 | u1617/D
     120* |       0 |      42 |       35 |      1 |    49 |    +0.4% |  -10.857 |     -511.5 |     -632.0 |    111 | u2643/D
     130* |       0 |      45 |       36 |      1 |    55 |    +0.4% |  -10.670 |     -506.0 |     -625.0 |    111 | u147/D
     140* |       0 |      48 |       42 |      1 |    61 |    +0.4% |  -12.462 |     -496.5 |     -624.0 |    111 | u144/D
     140* |       0 |      48 |       42 |      1 |    56 |    +0.4% |  -10.526 |     -500.1 |     -620.2 |    111 | u144/D
     150* |       0 |      50 |       45 |      1 |    60 |    +0.4% |  -10.526 |     -492.6 |     -609.7 |    111 | u144/D
     160* |       0 |      52 |       47 |      1 |    66 |    +0.5% |  -10.526 |     -492.5 |     -606.9 |    111 | u144/D
     161* |       0 |      52 |       47 |      1 |    63 |    +0.5% |  -10.526 |     -492.0 |     -605.1 |    111 | u144/D
     170* |       0 |      54 |       51 |      1 |    66 |    +0.5% |  -10.682 |     -491.0 |     -600.0 |    111 | u2643/D
     180* |       0 |      55 |       53 |      1 |    73 |    +0.5% |  -11.442 |     -488.8 |     -600.4 |    111 | u2643/D
     188* |       0 |      55 |       53 |      1 |    75 |    +0.5% |  -10.526 |     -488.5 |     -595.1 |    111 | u144/D
     190* |       0 |      56 |       53 |      1 |    75 |    +0.5% |  -10.526 |     -481.9 |     -595.0 |    111 | u144/D
     200* |       0 |      59 |       64 |      2 |    76 |    +0.6% |  -10.664 |     -470.1 |     -595.4 |    111 | u5571/D
     210* |       0 |      62 |       68 |      3 |    79 |    +0.6% |  -10.664 |     -466.1 |     -596.8 |    111 | u5571/D
     220* |       0 |      64 |       70 |      3 |    85 |    +0.7% |  -10.664 |     -462.9 |     -601.7 |    111 | u5571/D
     230* |       0 |      67 |       74 |      3 |    88 |    +0.7% |  -10.664 |     -462.0 |     -600.0 |    111 | u5571/D
     233* |       0 |      57 |       53 |      1 |    75 |    +0.5% |  -10.526 |     -477.0 |     -594.3 |    111 | u144/D
     239* |       0 |      57 |       53 |      1 |    75 |    +0.5% |  -10.526 |     -477.0 |     -594.3 |    111 | u144/D
     240* |       0 |      57 |       53 |      1 |    75 |    +0.5% |  -10.526 |     -477.0 |     -594.3 |    111 | u144/D
     250* |       0 |      59 |       56 |      1 |    80 |    +0.6% |  -10.526 |     -471.0 |     -591.9 |    111 | u144/D
     250* |       0 |      59 |       56 |      1 |    76 |    +0.6% |  -10.526 |     -471.0 |     -588.2 |    111 | u144/D
     257* |       0 |      62 |       56 |      1 |    77 |    +0.6% |  -10.526 |     -468.8 |     -578.0 |    111 | u144/D
     260* |       0 |      63 |       56 |      1 |    78 |    +0.6% |  -10.526 |     -464.3 |     -564.2 |    111 | u144/D
     270* |       0 |      66 |       62 |      1 |    81 |    +0.6% |  -10.526 |     -460.3 |     -552.5 |    111 | u144/D
     272* |       0 |      67 |       62 |      1 |    82 |    +0.6% |  -10.526 |     -460.3 |     -552.3 |    111 | u144/D
     273* |       0 |      67 |       62 |      1 |    82 |    +0.6% |  -10.526 |     -460.3 |     -552.3 |    111 | u144/D
     280* |       0 |      69 |       63 |      1 |    85 |    +0.6% |  -10.526 |     -459.4 |     -550.7 |    111 | u144/D
     290* |       0 |      74 |       63 |      1 |    90 |    +0.7% |  -10.526 |     -457.9 |     -547.1 |    111 | u144/D
     298* |       0 |      74 |       63 |      1 |    90 |    +0.7% |  -10.526 |     -457.9 |     -547.1 |    111 | u144/D
     300* |       0 |      74 |       63 |      1 |    91 |    +0.7% |  -10.526 |     -457.9 |     -547.6 |    111 | u144/D
     310* |       0 |      76 |       68 |      1 |    96 |    +0.7% |  -11.732 |     -461.9 |     -545.0 |    111 | u1792/D
     312* |       0 |      74 |       63 |      1 |    93 |    +0.7% |  -10.526 |     -457.7 |     -546.3 |    111 | u144/D
     320* |       0 |      77 |       64 |      1 |    96 |    +0.7% |  -10.526 |     -460.1 |     -545.3 |    111 | u144/D
     330* |       0 |      78 |       66 |      1 |   103 |    +0.7% |  -10.526 |     -459.0 |     -542.3 |    111 | u144/D
     337* |       0 |      78 |       67 |      1 |   106 |    +0.7% |  -10.526 |     -459.0 |     -541.4 |    111 | u144/D
     340* |       0 |      79 |       67 |      1 |   107 |    +0.7% |  -10.526 |     -455.5 |     -537.4 |    111 | u144/D
     350* |       0 |      82 |       69 |      1 |   112 |    +0.7% |  -10.526 |     -446.5 |     -535.2 |    111 | u144/D
     360* |       0 |      86 |       71 |      1 |   117 |    +0.8% |  -10.526 |     -437.0 |     -527.3 |    111 | u144/D
     363* |       0 |      88 |       71 |      1 |   117 |    +0.8% |  -10.526 |     -434.8 |     -527.1 |    111 | u144/D
     370* |       0 |      89 |       72 |      1 |   121 |    +0.8% |  -11.739 |     -436.5 |     -545.8 |    111 | u563/D
     374* |       0 |      88 |       71 |      1 |   117 |    +0.8% |  -10.526 |     -434.8 |     -527.1 |    111 | u144/D
     380* |       0 |      91 |       72 |      1 |   118 |    +0.8% |  -10.526 |     -433.5 |     -525.4 |    111 | u144/D
     383* |       0 |      91 |       72 |      1 |   117 |    +0.8% |  -10.526 |     -434.0 |     -525.0 |    111 | u144/D
     390* |       0 |      93 |       75 |      1 |   120 |    +0.8% |  -10.539 |     -430.8 |     -518.6 |    111 | u1796/D
     400* |       1 |      95 |       80 |      1 |   123 |    +0.8% |  -10.526 |     -424.3 |     -512.8 |    111 | u144/D
     406* |       1 |      95 |       80 |      1 |   122 |    +0.8% |  -10.526 |     -424.3 |     -512.4 |    111 | u144/D
     410* |       1 |      96 |       81 |      1 |   123 |    +0.8% |  -10.526 |     -423.4 |     -488.2 |    111 | u144/D
     410* |       1 |      96 |       81 |      1 |   123 |    +0.8% |  -10.526 |     -423.4 |     -488.2 |    111 | u144/D
     416* |       1 |      98 |       84 |      1 |   124 |    +0.9% |  -10.526 |     -414.5 |     -480.8 |    111 | u144/D
     420* |       1 |     100 |       87 |      1 |   124 |    +0.9% |  -10.526 |     -406.4 |     -476.4 |    111 | u144/D
     430* |       1 |     106 |       98 |      1 |   124 |    +1.0% |  -10.526 |     -404.8 |     -471.3 |    111 | u144/D
     436* |       1 |     108 |      100 |      2 |   126 |    +1.0% |  -10.526 |     -407.7 |     -477.0 |    111 | u144/D
     440* |       1 |     110 |      102 |      2 |   126 |    +1.0% |  -10.526 |     -403.8 |     -475.5 |    111 | u144/D
     450* |       1 |     117 |      104 |      2 |   128 |    +1.1% |  -10.705 |     -405.6 |     -481.8 |    111 | u1347/D
     460* |       1 |     120 |      110 |      2 |   131 |    +1.1% |  -12.305 |     -402.8 |     -476.2 |    111 | u1347/D
     470* |       1 |     121 |      118 |      2 |   134 |    +1.2% |  -10.526 |     -395.6 |     -476.3 |    111 | u144/D
     480* |       1 |     124 |      122 |      2 |   138 |    +1.2% |  -10.526 |     -394.7 |     -472.4 |    111 | u144/D
     480* |       1 |     123 |      122 |      2 |   135 |    +1.2% |  -10.526 |     -395.6 |     -472.9 |    111 | u144/D
     490* |       1 |     125 |      125 |      2 |   140 |    +1.2% |  -10.526 |     -387.5 |     -462.5 |    111 | u144/D
     495* |       1 |     126 |      126 |      2 |   143 |    +1.2% |  -10.526 |     -387.6 |     -458.8 |    111 | u144/D
     500* |       1 |     129 |      127 |      2 |   143 |    +1.3% |  -10.540 |     -388.0 |     -444.3 |    111 | u2643/D
     508* |       1 |     127 |      126 |      2 |   143 |    +1.2% |  -10.526 |     -387.3 |     -450.3 |    111 | u144/D
     510* |       1 |     127 |      126 |      2 |   144 |    +1.2% |  -10.526 |     -387.6 |     -451.6 |    111 | u144/D
     520* |       1 |     128 |      135 |      2 |   148 |    +1.3% |  -10.526 |     -381.2 |     -439.2 |    111 | u144/D
     526* |       1 |     128 |      136 |      2 |   149 |    +1.3% |  -10.526 |     -378.2 |     -436.0 |    111 | u144/D
     530* |       1 |     129 |      136 |      2 |   151 |    +1.3% |  -10.526 |     -377.6 |     -436.0 |    111 | u144/D
     540* |       1 |     131 |      137 |      2 |   158 |    +1.3% |  -10.526 |     -380.4 |     -432.8 |    111 | u144/D
     543* |       1 |     128 |      136 |      2 |   150 |    +1.3% |  -10.526 |     -377.3 |     -434.8 |    111 | u144/D
     550* |       1 |     130 |      139 |      2 |   153 |    +1.3% |  -10.526 |     -373.2 |     -433.0 |    111 | u144/D
     560* |       1 |     134 |      142 |      2 |   157 |    +1.4% |  -10.526 |     -371.5 |     -433.0 |    111 | u144/D
     570* |       1 |     137 |      144 |      2 |   162 |    +1.4% |  -10.526 |     -371.4 |     -433.0 |    111 | u144/D
     573* |       1 |     138 |      144 |      2 |   163 |    +1.4% |  -10.526 |     -371.4 |     -431.3 |    111 | u144/D
     580* |       1 |     140 |      144 |      2 |   167 |    +1.4% |  -10.636 |     -371.8 |     -429.6 |    111 | u1792/D
     587* |       1 |     139 |      144 |      2 |   164 |    +1.4% |  -10.526 |     -371.4 |     -428.2 |    111 | u144/D
     590* |       1 |     139 |      144 |      2 |   166 |    +1.4% |  -10.526 |     -371.6 |     -428.4 |    111 | u144/D
     597* |       1 |     139 |      144 |      2 |   165 |    +1.4% |  -10.526 |     -370.3 |     -427.1 |    111 | u144/D
     599* |       1 |     140 |      144 |      2 |   165 |    +1.4% |  -10.526 |     -366.6 |     -420.9 |    111 | u144/D
     600* |       1 |     140 |      144 |      2 |   165 |    +1.4% |  -10.526 |     -366.6 |     -420.9 |    111 | u144/D
     605* |       1 |     144 |      144 |      2 |   166 |    +1.4% |  -10.526 |     -367.4 |     -407.4 |    111 | u144/D
     610* |       1 |     145 |      144 |      2 |   169 |    +1.4% |  -10.526 |     -367.2 |     -405.4 |    111 | u144/D
     620* |       1 |     149 |      148 |      2 |   171 |    +1.4% |  -10.526 |     -371.2 |     -402.9 |    111 | u144/D
     622* |       1 |     149 |      148 |      2 |   171 |    +1.4% |  -10.526 |     -371.2 |     -402.9 |    111 | u144/D
     630* |       1 |     152 |      150 |      2 |   173 |    +1.5% |  -10.526 |     -370.6 |     -391.4 |    111 | u144/D
     632* |       1 |     152 |      151 |      2 |   174 |    +1.5% |  -10.526 |     -370.4 |     -389.8 |    111 | u144/D
     634* |       1 |     153 |      151 |      2 |   174 |    +1.5% |  -10.526 |     -370.4 |     -387.7 |    111 | u144/D
     640* |       1 |     156 |      152 |      2 |   175 |    +1.5% |  -10.526 |     -371.3 |     -379.1 |    111 | u144/D
     647* |       1 |     156 |      156 |      3 |   175 |    +1.5% |  -10.526 |     -370.9 |     -376.0 |    111 | u144/D
     650* |       1 |     158 |      156 |      3 |   175 |    +1.5% |  -10.526 |     -369.2 |     -370.8 |    111 | u144/D
     660* |       1 |     165 |      157 |      3 |   177 |    +1.5% |  -10.526 |     -368.1 |     -368.2 |    111 | u144/D
     670* |       1 |     167 |      163 |      4 |   179 |    +1.6% |  -10.513 |     -366.7 |     -366.6 |    111 | u144/D
     670* |       1 |     167 |      163 |      4 |   179 |    +1.6% |  -10.513 |     -366.7 |     -366.6 |    111 | u144/D
     680* |       1 |     169 |      166 |      4 |   183 |    +1.6% |  -10.513 |     -359.3 |     -362.3 |    111 | u144/D
     683* |       1 |     171 |      166 |      4 |   184 |    +1.6% |  -10.513 |     -357.8 |     -357.9 |    111 | u144/D
     689* |       1 |     171 |      166 |      4 |   184 |    +1.6% |  -10.513 |     -357.8 |     -357.9 |    111 | u144/D
     690* |       1 |     171 |      166 |      4 |   184 |    +1.6% |  -10.513 |     -357.8 |     -357.9 |    111 | u144/D
     692* |       1 |     173 |      166 |      4 |   184 |    +1.6% |  -10.513 |     -354.7 |     -355.0 |    111 | u144/D
     699* |       1 |     173 |      166 |      4 |   184 |    +1.6% |  -10.513 |     -354.7 |     -355.0 |    111 | u144/D
     700* |       1 |     173 |      166 |      4 |   184 |    +1.6% |  -10.513 |     -354.7 |     -355.0 |    111 | u144/D
     701* |       1 |     174 |      166 |      4 |   184 |    +1.6% |  -10.513 |     -354.7 |     -351.5 |    111 | u144/D
     710* |       1 |     174 |      167 |      4 |   191 |    +1.6% |  -10.513 |     -354.8 |     -352.6 |    111 | u144/D
     713* |       1 |     174 |      167 |      4 |   194 |    +1.6% |  -10.513 |     -354.8 |     -349.9 |    111 | u144/D
     720* |       1 |     180 |      167 |      4 |   194 |    +1.6% |  -10.521 |     -354.1 |     -342.6 |    111 | u144/D
     721* |       1 |     176 |      167 |      4 |   194 |    +1.6% |  -10.513 |     -354.8 |     -349.1 |    111 | u144/D
     722* |       1 |     176 |      167 |      4 |   194 |    +1.6% |  -10.513 |     -354.8 |     -349.1 |    111 | u144/D
     730* |       1 |     179 |      167 |      4 |   198 |    +1.6% |  -10.513 |     -351.7 |     -342.8 |    111 | u144/D
     740* |       1 |     180 |      170 |      4 |   206 |    +1.7% |  -10.513 |     -353.7 |     -344.0 |    111 | u144/D
     741* |       1 |     179 |      167 |      4 |   197 |    +1.6% |  -10.513 |     -351.7 |     -339.0 |    111 | u144/D
     750* |       1 |     182 |      171 |      4 |   200 |    +1.7% |  -11.226 |     -344.6 |     -331.2 |    111 | u144/D
     751* |       1 |     179 |      167 |      4 |   199 |    +1.6% |  -10.513 |     -351.7 |     -335.8 |    111 | u144/D
     760* |       1 |     182 |      170 |      4 |   201 |    +1.7% |  -14.384 |     -355.9 |     -357.7 |    111 | u563/D
     762* |       1 |     179 |      168 |      4 |   200 |    +1.7% |  -10.513 |     -351.7 |     -332.1 |    111 | u144/D
     768* |       1 |     179 |      168 |      4 |   200 |    +1.7% |  -10.513 |     -351.7 |     -332.1 |    111 | u144/D
     770* |       1 |     179 |      168 |      4 |   201 |    +1.7% |  -10.513 |     -351.7 |     -329.3 |    111 | u144/D
     780* |       1 |     179 |      169 |      5 |   209 |    +1.7% |  -10.512 |     -353.4 |     -342.6 |    111 | u144/D
     782* |       1 |     179 |      169 |      5 |   206 |    +1.7% |  -10.512 |     -352.2 |     -338.8 |    111 | u144/D
     790* |       1 |     182 |      174 |      5 |   208 |    +1.7% |  -10.512 |     -350.3 |     -335.5 |    111 | u144/D
     792* |       1 |     184 |      174 |      5 |   208 |    +1.7% |  -10.512 |     -346.7 |     -330.5 |    111 | u144/D
     800* |       1 |     187 |      179 |      7 |   209 |    +1.8% |  -10.470 |     -341.9 |     -320.2 |    111 | u144/D
     801* |       1 |     185 |      179 |      7 |   209 |    +1.8% |  -10.462 |     -342.6 |     -319.9 |    111 | u144/D
     802* |       1 |     185 |      179 |      7 |   209 |    +1.8% |  -10.462 |     -342.6 |     -319.9 |    111 | u144/D
     803* |       1 |     185 |      179 |      7 |   209 |    +1.8% |  -10.462 |     -342.6 |     -319.9 |    111 | u144/D
     810* |       1 |     188 |      179 |      7 |   212 |    +1.8% |  -10.462 |     -341.7 |     -316.4 |    111 | u144/D
     810* |       1 |     188 |      179 |      7 |   212 |    +1.8% |  -10.462 |     -341.7 |     -316.4 |    111 | u144/D
     817* |       1 |     190 |      185 |      7 |   213 |    +1.8% |  -10.462 |     -328.4 |     -310.3 |    111 | u144/D
     820* |       1 |     191 |      188 |      7 |   213 |    +1.8% |  -10.462 |     -322.6 |     -306.8 |    111 | u144/D
     823* |       1 |     191 |      189 |      7 |   215 |    +1.9% |  -10.462 |     -322.6 |     -304.5 |    111 | u144/D
     830* |       1 |     192 |      190 |      7 |   219 |    +1.9% |  -10.462 |     -321.8 |     -298.6 |    111 | u144/D
     833* |       1 |     192 |      190 |      7 |   217 |    +1.9% |  -10.462 |     -322.6 |     -297.3 |    111 | u144/D
     835* |       1 |     193 |      190 |      7 |   217 |    +1.9% |  -10.462 |     -321.8 |     -296.5 |    111 | u144/D
     836* |       1 |     193 |      190 |      7 |   217 |    +1.9% |  -10.462 |     -321.8 |     -296.5 |    111 | u144/D
     840* |       1 |     194 |      190 |      7 |   219 |    +1.9% |  -10.903 |     -322.3 |     -294.3 |    111 | u144/D
     844* |       1 |     193 |      190 |      7 |   217 |    +1.9% |  -10.462 |     -321.8 |     -296.5 |    111 | u144/D
     850* |       1 |     195 |      190 |      7 |   220 |    +1.9% |  -10.462 |     -321.8 |     -295.7 |    111 | u144/D
     850* |       1 |     195 |      190 |      7 |   220 |    +1.9% |  -10.462 |     -321.8 |     -295.7 |    111 | u144/D
     851* |       1 |     195 |      190 |      7 |   220 |    +1.9% |  -10.462 |     -321.8 |     -295.7 |    111 | u144/D
     860* |       1 |     195 |      200 |      8 |   223 |    +1.9% |  -10.462 |     -321.6 |     -293.4 |    111 | u144/D
     861* |       1 |     196 |      200 |      8 |   223 |    +1.9% |  -10.462 |     -321.6 |     -293.4 |    111 | u144/D
     862* |       1 |     196 |      200 |      8 |   223 |    +1.9% |  -10.462 |     -321.6 |     -293.4 |    111 | u144/D
     868* |       1 |     196 |      203 |      8 |   225 |    +2.0% |  -10.462 |     -321.6 |     -292.4 |    111 | u144/D
     870* |       1 |     197 |      203 |      8 |   225 |    +2.0% |  -10.783 |     -322.3 |     -291.8 |    111 | u2643/D
     870* |       1 |     196 |      203 |      8 |   225 |    +2.0% |  -10.462 |     -321.6 |     -292.4 |    111 | u144/D
     872* |       1 |     197 |      203 |      8 |   225 |    +2.0% |  -10.462 |     -321.6 |     -285.9 |    111 | u144/D
     874* |       1 |     197 |      203 |      8 |   225 |    +2.0% |  -10.462 |     -321.6 |     -285.9 |    111 | u144/D
     879* |       1 |     199 |      203 |      8 |   227 |    +2.0% |  -10.462 |     -318.5 |     -280.5 |    111 | u144/D
     880* |       1 |     199 |      203 |      8 |   227 |    +2.0% |  -10.462 |     -318.5 |     -280.5 |    111 | u144/D
     890* |       1 |     204 |      204 |      8 |   231 |    +2.0% |  -10.462 |     -312.6 |     -278.4 |    111 | u144/D
     892* |       1 |     204 |      204 |      8 |   231 |    +2.0% |  -10.462 |     -312.6 |     -278.4 |    111 | u144/D
     899* |       1 |     204 |      204 |      8 |   231 |    +2.0% |  -10.462 |     -312.6 |     -278.4 |    111 | u144/D
     900* |       1 |     204 |      204 |      8 |   231 |    +2.0% |  -10.462 |     -312.6 |     -278.4 |    111 | u144/D
     910* |       1 |     208 |      208 |      8 |   235 |    +2.0% |  -10.460 |     -298.7 |     -266.9 |    111 | u144/D
     914* |       1 |     210 |      208 |      8 |   237 |    +2.0% |  -10.460 |     -297.9 |     -265.5 |    111 | u144/D
     916* |       1 |     211 |      208 |      8 |   237 |    +2.0% |  -10.460 |     -297.9 |     -261.9 |    111 | u144/D
     920* |       1 |     211 |      210 |      8 |   239 |    +2.1% |  -10.460 |     -295.8 |     -259.8 |    111 | u144/D
     920* |       1 |     211 |      210 |      8 |   239 |    +2.1% |  -10.460 |     -295.8 |     -259.8 |    111 | u144/D
     921* |       1 |     211 |      210 |      8 |   239 |    +2.1% |  -10.460 |     -295.8 |     -259.8 |    111 | u144/D
     927* |       1 |     211 |      210 |      8 |   239 |    +2.1% |  -10.460 |     -295.8 |     -259.8 |    111 | u144/D
     928* |       1 |     211 |      210 |      8 |   239 |    +2.1% |  -10.460 |     -295.8 |     -259.8 |    111 | u144/D
     929* |       1 |     211 |      210 |      8 |   239 |    +2.1% |  -10.460 |     -295.8 |     -259.8 |    111 | u144/D
     930* |       1 |     211 |      210 |      8 |   239 |    +2.1% |  -10.460 |     -295.8 |     -259.8 |    111 | u144/D
     934* |       1 |     211 |      211 |      8 |   242 |    +2.1% |  -10.460 |     -292.8 |     -253.3 |    111 | u144/D
     935* |       1 |     211 |      211 |      8 |   242 |    +2.1% |  -10.460 |     -292.8 |     -253.3 |    111 | u144/D
     940* |       1 |     214 |      211 |      9 |   242 |    +2.1% |  -10.460 |     -291.5 |     -258.9 |    111 | u144/D
     941* |       1 |     214 |      211 |      9 |   243 |    +2.1% |  -10.460 |     -291.5 |     -258.1 |    111 | u144/D
     942* |       1 |     214 |      211 |      9 |   243 |    +2.1% |  -10.460 |     -291.5 |     -258.1 |    111 | u144/D
     943* |       1 |     214 |      211 |      9 |   243 |    +2.1% |  -10.460 |     -291.5 |     -258.1 |    111 | u144/D
     950* |       1 |     215 |      213 |      9 |   246 |    +2.1% |  -10.460 |     -287.9 |     -253.7 |    111 | u144/D
     955* |       1 |     219 |      213 |      9 |   247 |    +2.1% |  -10.460 |     -287.1 |     -253.4 |    111 | u144/D
     958* |       1 |     221 |      213 |      9 |   247 |    +2.1% |  -10.460 |     -283.0 |     -249.0 |    111 | u144/D
     959* |       1 |     221 |      213 |      9 |   247 |    +2.1% |  -10.460 |     -283.0 |     -249.0 |    111 | u144/D
     960* |       1 |     221 |      213 |      9 |   247 |    +2.1% |  -10.460 |     -283.0 |     -249.0 |    111 | u144/D
     964* |       1 |     222 |      213 |      9 |   250 |    +2.1% |  -10.460 |     -285.9 |     -249.5 |    111 | u144/D
     965* |       1 |     222 |      213 |      9 |   250 |    +2.1% |  -10.460 |     -285.9 |     -249.5 |    111 | u144/D
     967* |       1 |     222 |      213 |      9 |   250 |    +2.1% |  -10.460 |     -285.9 |     -249.5 |    111 | u144/D
     968* |       1 |     222 |      213 |      9 |   250 |    +2.1% |  -10.460 |     -285.9 |     -249.5 |    111 | u144/D
     969* |       1 |     222 |      213 |      9 |   250 |    +2.1% |  -10.460 |     -285.9 |     -249.5 |    111 | u144/D
     970* |       1 |     222 |      213 |      9 |   250 |    +2.1% |  -10.460 |     -285.9 |     -249.5 |    111 | u144/D
     971* |       1 |     223 |      213 |      9 |   250 |    +2.1% |  -10.460 |     -286.6 |     -250.3 |    111 | u144/D
     972* |       1 |     223 |      213 |      9 |   250 |    +2.1% |  -10.460 |     -286.6 |     -250.3 |    111 | u144/D
     973* |       1 |     223 |      213 |      9 |   250 |    +2.1% |  -10.460 |     -286.6 |     -250.3 |    111 | u144/D
     974* |       1 |     223 |      213 |      9 |   250 |    +2.1% |  -10.460 |     -286.6 |     -250.3 |    111 | u144/D
     975* |       1 |     223 |      213 |      9 |   250 |    +2.1% |  -10.460 |     -286.6 |     -250.3 |    111 | u144/D
     980* |       1 |     225 |      213 |      9 |   252 |    +2.1% |  -10.460 |     -287.1 |     -250.0 |    111 | u144/D
     987* |       1 |     224 |      213 |      9 |   251 |    +2.1% |  -10.460 |     -286.6 |     -246.9 |    111 | u144/D
     988* |       1 |     224 |      213 |      9 |   251 |    +2.1% |  -10.460 |     -286.6 |     -246.9 |    111 | u144/D
     989* |       1 |     224 |      213 |      9 |   251 |    +2.1% |  -10.460 |     -286.6 |     -246.9 |    111 | u144/D
     990* |       1 |     224 |      213 |      9 |   251 |    +2.1% |  -10.460 |     -286.6 |     -246.9 |    111 | u144/D
     990* |       1 |     224 |      213 |      9 |   251 |    +2.1% |  -10.460 |     -286.6 |     -246.9 |    111 | u144/D
     992* |       1 |     224 |      213 |      9 |   252 |    +2.1% |  -10.460 |     -286.6 |     -246.6 |    111 | u144/D
     993* |       1 |     224 |      213 |      9 |   252 |    +2.1% |  -10.460 |     -286.6 |     -246.6 |    111 | u144/D
     994* |       1 |     224 |      213 |      9 |   252 |    +2.1% |  -10.460 |     -286.6 |     -246.6 |    111 | u144/D
     995* |       1 |     224 |      213 |      9 |   252 |    +2.1% |  -10.460 |     -286.6 |     -246.6 |    111 | u144/D
     996* |       1 |     224 |      213 |      9 |   252 |    +2.1% |  -10.460 |     -286.6 |     -246.6 |    111 | u144/D
     997* |       1 |     224 |      213 |      9 |   252 |    +2.1% |  -10.460 |     -286.6 |     -246.6 |    111 | u144/D
    1000* |       1 |     224 |      213 |      9 |   254 |    +2.1% |  -10.460 |     -286.6 |     -247.3 |    111 | u144/D
    1003* |       1 |     226 |      214 |      9 |   254 |    +2.1% |  -10.460 |     -286.9 |     -245.8 |    111 | u144/D
    1004* |       1 |     226 |      214 |      9 |   254 |    +2.1% |  -10.460 |     -286.9 |     -245.8 |    111 | u144/D
    1005* |       1 |     226 |      214 |      9 |   254 |    +2.1% |  -10.460 |     -286.9 |     -245.8 |    111 | u144/D
    1006* |       1 |     226 |      214 |      9 |   254 |    +2.1% |  -10.460 |     -286.9 |     -245.8 |    111 | u144/D
    1007* |       1 |     226 |      214 |      9 |   254 |    +2.1% |  -10.460 |     -286.9 |     -245.8 |    111 | u144/D
    1008* |       1 |     226 |      214 |      9 |   254 |    +2.1% |  -10.460 |     -286.9 |     -245.8 |    111 | u144/D
    1009* |       1 |     226 |      214 |      9 |   254 |    +2.1% |  -10.460 |     -286.9 |     -245.8 |    111 | u144/D
    1009* |       1 |     226 |      214 |      9 |   254 |    +2.1% |  -10.460 |     -286.9 |     -245.8 |    111 | u144/D
    1010+ |       1 |     226 |      214 |      9 |   254 |    +2.1% |  -10.460 |     -286.9 |     -245.8 |     53 | u144/D
    1010+ |       1 |     226 |      214 |      9 |   254 |    +2.1% |  -10.460 |     -286.9 |     -245.8 |     53 | u144/D
    1011+ |       1 |     226 |      214 |      9 |   254 |    +2.1% |  -10.460 |     -286.9 |     -245.8 |     53 | u144/D
    1012+ |       1 |     226 |      214 |      9 |   254 |    +2.1% |  -10.460 |     -286.9 |     -245.8 |     53 | u144/D
    1013+ |       1 |     226 |      214 |      9 |   254 |    +2.1% |  -10.460 |     -286.9 |     -245.8 |     53 | u144/D
    1015+ |       1 |     226 |      214 |      9 |   255 |    +2.1% |  -10.460 |     -284.1 |     -245.8 |     53 | u144/D
    1016+ |       1 |     226 |      214 |      9 |   255 |    +2.1% |  -10.460 |     -284.1 |     -245.8 |     53 | u144/D
    1017+ |       1 |     226 |      214 |      9 |   255 |    +2.1% |  -10.460 |     -284.1 |     -245.8 |     53 | u144/D
    1018+ |       1 |     226 |      214 |      9 |   255 |    +2.1% |  -10.460 |     -284.1 |     -245.8 |     53 | u144/D
    1019+ |       1 |     226 |      214 |      9 |   255 |    +2.1% |  -10.460 |     -284.1 |     -245.8 |     53 | u144/D
    1020+ |       1 |     226 |      214 |      9 |   255 |    +2.1% |  -10.460 |     -284.1 |     -245.8 |     53 | u144/D
    1020+ |       1 |     226 |      214 |      9 |   255 |    +2.1% |  -10.460 |     -284.1 |     -245.8 |     53 | u144/D
    1021+ |       1 |     226 |      214 |      9 |   255 |    +2.1% |  -10.460 |     -284.1 |     -245.8 |     53 | u144/D
    1024+ |       1 |     228 |      214 |      9 |   255 |    +2.1% |  -10.460 |     -285.1 |     -243.2 |     53 | u144/D
    1025+ |       1 |     228 |      214 |      9 |   255 |    +2.1% |  -10.460 |     -285.1 |     -243.2 |     53 | u144/D
    1026+ |       1 |     228 |      214 |      9 |   255 |    +2.1% |  -10.460 |     -285.1 |     -243.2 |     53 | u144/D
    1027+ |       1 |     228 |      214 |      9 |   255 |    +2.1% |  -10.460 |     -285.1 |     -243.2 |     53 | u144/D
    1028+ |       1 |     228 |      214 |      9 |   255 |    +2.1% |  -10.460 |     -285.1 |     -243.2 |     53 | u144/D
    1029+ |       1 |     228 |      214 |      9 |   255 |    +2.1% |  -10.460 |     -285.1 |     -243.2 |     53 | u144/D
    1030+ |       1 |     228 |      214 |      9 |   255 |    +2.1% |  -10.460 |     -285.1 |     -243.2 |     53 | u144/D
    1031+ |       1 |     228 |      214 |      9 |   256 |    +2.1% |  -10.460 |     -285.1 |     -243.1 |     53 | u144/D
    1032+ |       1 |     228 |      214 |      9 |   256 |    +2.1% |  -10.460 |     -285.1 |     -243.1 |     53 | u144/D
    1033+ |       1 |     228 |      214 |      9 |   256 |    +2.1% |  -10.460 |     -285.1 |     -243.1 |     53 | u144/D
    1034+ |       1 |     228 |      214 |      9 |   256 |    +2.1% |  -10.460 |     -285.1 |     -243.1 |     53 | u144/D
    1035+ |       1 |     228 |      214 |      9 |   256 |    +2.1% |  -10.460 |     -285.1 |     -243.1 |     53 | u144/D
    1036+ |       1 |     228 |      214 |      9 |   256 |    +2.1% |  -10.460 |     -285.1 |     -243.1 |     53 | u144/D
    1038+ |       1 |     228 |      214 |      9 |   257 |    +2.1% |  -10.460 |     -285.1 |     -242.9 |     53 | u144/D
    1039+ |       1 |     228 |      214 |      9 |   257 |    +2.1% |  -10.460 |     -285.1 |     -242.9 |     53 | u144/D
    1040+ |       1 |     228 |      214 |      9 |   257 |    +2.1% |  -10.460 |     -285.1 |     -242.9 |     53 | u144/D
    1042+ |       1 |     229 |      214 |      9 |   258 |    +2.1% |  -10.460 |     -285.2 |     -240.8 |     53 | u144/D
    1043+ |       1 |     229 |      214 |      9 |   258 |    +2.1% |  -10.460 |     -285.2 |     -240.8 |     53 | u144/D
    1045+ |       1 |     231 |      214 |      9 |   258 |    +2.1% |  -10.460 |     -284.8 |     -237.0 |     53 | u144/D
    1046+ |       1 |     231 |      214 |      9 |   258 |    +2.1% |  -10.460 |     -284.8 |     -237.0 |     53 | u144/D
    1047+ |       1 |     231 |      214 |      9 |   258 |    +2.1% |  -10.460 |     -284.8 |     -237.0 |     53 | u144/D
    1048+ |       1 |     231 |      214 |      9 |   258 |    +2.1% |  -10.460 |     -284.8 |     -237.0 |     53 | u144/D
    1049+ |       1 |     231 |      214 |      9 |   258 |    +2.1% |  -10.460 |     -284.8 |     -237.0 |     53 | u144/D
    1050+ |       1 |     231 |      214 |      9 |   258 |    +2.1% |  -10.460 |     -284.8 |     -237.0 |     53 | u144/D
    1050+ |       1 |     232 |      214 |      9 |   258 |    +2.1% |  -10.460 |     -280.9 |     -233.0 |     53 | u144/D
    1051+ |       1 |     232 |      214 |      9 |   258 |    +2.1% |  -10.460 |     -280.9 |     -233.0 |     53 | u144/D
    1053+ |       1 |     232 |      214 |      9 |   259 |    +2.1% |  -10.460 |     -280.9 |     -232.0 |     53 | u144/D
    1054+ |       1 |     232 |      214 |      9 |   259 |    +2.1% |  -10.460 |     -280.9 |     -232.0 |     53 | u144/D
    1055+ |       1 |     232 |      214 |      9 |   259 |    +2.1% |  -10.460 |     -280.9 |     -232.0 |     53 | u144/D
    1056+ |       1 |     232 |      214 |      9 |   259 |    +2.1% |  -10.460 |     -280.9 |     -232.0 |     53 | u144/D
    1058+ |       1 |     233 |      214 |      9 |   259 |    +2.2% |  -10.460 |     -281.2 |     -231.3 |     53 | u144/D
    1059+ |       1 |     233 |      214 |      9 |   259 |    +2.2% |  -10.460 |     -281.2 |     -231.3 |     53 | u144/D
    1060+ |       1 |     233 |      214 |      9 |   259 |    +2.2% |  -10.460 |     -281.2 |     -231.3 |     53 | u144/D
    1060+ |       1 |     233 |      214 |      9 |   259 |    +2.2% |  -10.460 |     -281.2 |     -231.3 |     53 | u144/D
    1061+ |       1 |     233 |      214 |      9 |   259 |    +2.2% |  -10.460 |     -281.2 |     -231.3 |     53 | u144/D
    1062+ |       1 |     233 |      214 |      9 |   259 |    +2.2% |  -10.460 |     -281.2 |     -231.3 |     53 | u144/D
    1063+ |       1 |     233 |      214 |      9 |   259 |    +2.2% |  -10.460 |     -281.2 |     -231.3 |     53 | u144/D
    1064+ |       1 |     233 |      214 |      9 |   259 |    +2.2% |  -10.460 |     -281.2 |     -231.3 |     53 | u144/D
    1065+ |       1 |     233 |      214 |      9 |   259 |    +2.2% |  -10.460 |     -281.2 |     -231.3 |     53 | u144/D
    1067+ |       1 |     233 |      214 |      9 |   261 |    +2.2% |  -10.460 |     -281.2 |     -230.4 |     53 | u144/D
    1069+ |       1 |     233 |      214 |      9 |   262 |    +2.2% |  -10.460 |     -280.2 |     -229.9 |     53 | u144/D
    1070+ |       1 |     233 |      214 |      9 |   262 |    +2.2% |  -10.460 |     -280.2 |     -229.9 |     53 | u144/D
    1071+ |       1 |     233 |      214 |      9 |   263 |    +2.2% |  -10.460 |     -280.2 |     -229.8 |     53 | u144/D
    1072+ |       1 |     233 |      214 |      9 |   263 |    +2.2% |  -10.460 |     -280.2 |     -229.8 |     53 | u144/D
    1073+ |       1 |     233 |      214 |      9 |   263 |    +2.2% |  -10.460 |     -280.2 |     -229.8 |     53 | u144/D
    1074+ |       1 |     233 |      214 |      9 |   263 |    +2.2% |  -10.460 |     -280.2 |     -229.8 |     53 | u144/D
    1075+ |       1 |     233 |      214 |      9 |   263 |    +2.2% |  -10.460 |     -280.2 |     -229.8 |     53 | u144/D
    final |       1 |     233 |      214 |      9 |   263 |    +2.2% |  -10.460 |     -280.2 |     -229.8 |     51 | u144/D
------------------------------------------------------------------------------------------------------------------------------
[INFO RSZ-0059] Removed 1 buffers.
[INFO RSZ-0040] Inserted 214 buffers.
[INFO RSZ-0051] Resized 233 instances: 233 up, 0 up match, 0 down, 0 VT
[INFO RSZ-0043] Swapped pins on 263 instances.
[INFO RSZ-0049] Cloned 9 instances.
[WARNING RSZ-0062] Unable to repair all setup violations.
[INFO RSZ-0505] Runtime: 44.82s
[INFO RSZ-0033] No hold violations found.
[INFO RSZ-0506] Runtime: 0.06s
Took 45 seconds: repair_timing -setup_margin 0 -hold_margin 0 -repair_tns 100 -verbose
global_route -start_incremental
detailed_placement
[INFO DPL-0006] Core area: 1975.07 um^2
[INFO DPL-0007] Movable instances area: 1440.21 um^2
[INFO DPL-0008] Fixed instances area within core: 11.98 um^2
[INFO DPL-0009] Utilization: 73.5%
[INFO DPL-0005] Diamond search max displacement: +/- 500 sites horizontally, +/- 100 rows vertically.
[INFO DPL-1102] Legalizing using negotiation legalizer.
[INFO DPL-1103] Negotiation base search window: +/-20 sites horizontally, +/-5 rows vertically 
	Automatic search window extension enabled.
	Search window extendable up to the max displacement cap of +/-500 sites, +/-100 rows near walls.
[INFO DPL-1104] NegotiationLegalizer DRC penalty: 5.
[INFO DPL-0392] Negotiation cell height distribution (1 unique row-count(s)):
[INFO DPL-0393]   height 1 row(s): 12826 cells
          |      Total |  Illegal |  Illegal
Iteration | Violations |    Cells |    Sites
---------------------------------------------
        0 |       2266 |       456 |      1798
        1 |        864 |       178 |       683
        2 |        479 |        87 |       386
        3 |        275 |        43 |       232
        4 |        241 |        39 |       196
        5 |        112 |        16 |        96
        6 |        105 |        18 |        87
        7 |         14 |         4 |        10
        8 |          0 |         0 |         0
Negotiation phase 1 converged at iteration 8.
[INFO DPL-0500] Runtime: 0.23s
Placement Analysis
---------------------------------
total displacement        265.8 u
average displacement        0.0 u
max displacement            2.4 u
original HPWL           40846.4 u
legalized HPWL          41095.7 u
delta HPWL                    1 %

check_placement -verbose
global_route -end_incremental -resistance_aware -congestion_report_file /w/experiments/outputs/orfs/asap7/aes/base/reports/asap7/aes/base/congestion_post_repair_timing.rpt
Took 13 seconds: global_route -end_incremental -resistance_aware -congestion_report_file /w/experiments/outputs/orfs/asap7/aes/base/reports/asap7/aes/base/congestion_post_repair_timing.rpt
estimate_parasitics -global_routing
repair_timing -setup -sequence "vt_swap reroute" -skip_last_gasp -repair_tns 0 -verbose
[INFO RSZ-0100] Repair move sequence: RerouteMove 
[INFO RSZ-0094] Found 59 endpoints with setup violations.
[INFO RSZ-0099] Repairing 1 out of 59 (0.00%) violating endpoints...
   Iter   | Removed | Resized | Inserted | Cloned |  Pin  |   Area   |    WNS   |   StTNS    |   EnTNS    |  Viol  |  Worst  
          | Buffers |  Gates  | Buffers  |  Gates | Swaps |          |          |            |            | Endpts | St/EnPt 
------------------------------------------------------------------------------------------------------------------------------
       0* |       0 |       0 |        0 |      0 |     0 |    +0.0% |  -10.547 |     -297.9 |     -258.5 |     59 | u563/D
       1* |       0 |       0 |        0 |      0 |     0 |    +0.0% |  -10.547 |     -297.9 |     -258.5 |     59 | u563/D
       1* |       0 |       0 |        0 |      0 |     0 |    +0.0% |  -10.547 |     -297.9 |     -258.5 |     59 | u563/D
    final |       0 |       0 |        0 |      0 |     0 |    +0.0% |  -10.547 |     -297.9 |     -258.5 |     59 | u563/D
------------------------------------------------------------------------------------------------------------------------------
[WARNING RSZ-0062] Unable to repair all setup violations.
[INFO RSZ-0505] Runtime: 1.13s
Repair antennas...
[WARNING GRT-0246] No diode with LEF class CORE ANTENNACELL found.
[INFO ANT-0002] Found 0 net violations.
[INFO ANT-0001] Found 0 pin violations.
Estimate parasitics...
estimate_parasitics -global_routing
Report metrics stage 5, global route...

==========================================================================
global route report_design_area
--------------------------------------------------------------------------
Design area 1452 um^2 74% utilization.
[INFO FLW-0007] clock clk period 380.000000
[WARNING FLW-0010] more than one clock found. Skipping sdc update.
[INFO FLW-0011] Path endpoint path count 685
write_db /w/experiments/outputs/orfs/asap7/aes/base/results/asap7/aes/base/5_1_grt.odb
write_sdc -no_timestamp /w/experiments/outputs/orfs/asap7/aes/base/results/asap7/aes/base/5_1_grt.sdc
Elapsed time: 2:37.11[h:]min:sec. CPU time: user 255.13 sys 11.44 (169%). Peak memory: 511736KB.
Log                       Ext     Elapsed/s Peak Memory/MB sha1sum result [0:20)
5_1_grt                   .odb          157            499 f26f47bf04a6361503eb
5_1_grt                   .sdc                             fac572f5cfbc5b8e1282
/OpenROAD-flow-scripts/flow/scripts/flow.sh 5_2_route detail_route
Running detail_route.tcl, stage 5_2_route
source /OpenROAD-flow-scripts/flow/platforms/asap7/liberty_suppressions.tcl
read_liberty /OpenROAD-flow-scripts/flow/platforms/asap7/lib/NLDM/asap7sc7p5t_AO_RVT_FF_nldm_211120.lib.gz
read_liberty /OpenROAD-flow-scripts/flow/platforms/asap7/lib/NLDM/asap7sc7p5t_INVBUF_RVT_FF_nldm_220122.lib.gz
read_liberty /OpenROAD-flow-scripts/flow/platforms/asap7/lib/NLDM/asap7sc7p5t_OA_RVT_FF_nldm_211120.lib.gz
read_liberty /OpenROAD-flow-scripts/flow/platforms/asap7/lib/NLDM/asap7sc7p5t_SIMPLE_RVT_FF_nldm_211120.lib.gz
read_liberty /OpenROAD-flow-scripts/flow/platforms/asap7/lib/NLDM/asap7sc7p5t_SEQ_RVT_FF_nldm_220123.lib
read_db /w/experiments/outputs/orfs/asap7/aes/base/results/asap7/aes/base/5_1_grt.odb
read_sdc /w/experiments/outputs/orfs/asap7/aes/base/results/asap7/aes/base/5_1_grt.sdc
source /OpenROAD-flow-scripts/flow/platforms/asap7/setRC.tcl
[WARNING STA-0450] virtual clock vclk_clk can not be propagated.
detailed_route -output_drc /w/experiments/outputs/orfs/asap7/aes/base/reports/asap7/aes/base/5_route_drc.rpt -output_maze /w/experiments/outputs/orfs/asap7/aes/base/results/asap7/aes/base/maze.log -droute_end_iter 64 -verbose 1 -drc_report_iter_step 5
[INFO DRT-0149] Reading tech and libs.

Units:                1000
Number of layers:     21
Number of macros:     212
Number of vias:       14
Number of viarulegen: 11

[INFO DRT-0150] Reading design.

Design:                   aes_cipher_top
Die area:                 ( 0 0 ) ( 48709 48709 )
Number of track patterns: 32
Number of DEF vias:       0
Number of components:     12826
Number of terminals:      390
Number of snets:          2
Number of nets:           12648

[INFO DRT-0167] List of default vias:
  Layer V2
    default via: VIA23
  Layer V3
    default via: VIA34
  Layer V4
    default via: VIA45
  Layer V5
    default via: VIA56
  Layer V6
    default via: VIA67
  Layer V7
    default via: VIA78
  Layer V8
    default via: VIA89
  Layer V9
    default via: VIA9Pad
[INFO DRT-0162] Library cell analysis.
[INFO DRT-0163] Instance analysis.
[INFO DRT-0164] Number of unique instances = 253.
[INFO DRT-0168] Init region query.
[INFO DRT-0024]   Complete Active.
[INFO DRT-0024]   Complete V0.
[INFO DRT-0024]   Complete M1.
[INFO DRT-0024]   Complete V1.
[INFO DRT-0024]   Complete M2.
[INFO DRT-0024]   Complete V2.
[INFO DRT-0024]   Complete M3.
[INFO DRT-0024]   Complete V3.
[INFO DRT-0024]   Complete M4.
[INFO DRT-0024]   Complete V4.
[INFO DRT-0024]   Complete M5.
[INFO DRT-0024]   Complete V5.
[INFO DRT-0024]   Complete M6.
[INFO DRT-0024]   Complete V6.
[INFO DRT-0024]   Complete M7.
[INFO DRT-0024]   Complete V7.
[INFO DRT-0024]   Complete M8.
[INFO DRT-0024]   Complete V8.
[INFO DRT-0024]   Complete M9.
[INFO DRT-0024]   Complete V9.
[INFO DRT-0024]   Complete Pad.
[INFO DRT-0033] Active shape region query size = 0.
[INFO DRT-0033] V0 shape region query size = 0.
[INFO DRT-0033] M1 shape region query size = 198819.
[INFO DRT-0033] V1 shape region query size = 209213.
[INFO DRT-0033] M2 shape region query size = 3409.
[INFO DRT-0033] V2 shape region query size = 4455.
[INFO DRT-0033] M3 shape region query size = 4455.
[INFO DRT-0033] V3 shape region query size = 2970.
[INFO DRT-0033] M4 shape region query size = 3215.
[INFO DRT-0033] V4 shape region query size = 2970.
[INFO DRT-0033] M5 shape region query size = 1808.
[INFO DRT-0033] V5 shape region query size = 324.
[INFO DRT-0033] M6 shape region query size = 198.
[INFO DRT-0033] V6 shape region query size = 0.
[INFO DRT-0033] M7 shape region query size = 0.
[INFO DRT-0033] V7 shape region query size = 0.
[INFO DRT-0033] M8 shape region query size = 0.
[INFO DRT-0033] V8 shape region query size = 0.
[INFO DRT-0033] M9 shape region query size = 0.
[INFO DRT-0033] V9 shape region query size = 0.
[INFO DRT-0033] Pad shape region query size = 0.
[INFO DRT-0165] Start pin access.
[INFO DRT-0076]   Complete 1000 pins.
[INFO DRT-0078]   Complete 1488 pins.
[INFO DRT-0079]   Complete 100 unique inst patterns.
[INFO DRT-0079]   Complete 200 unique inst patterns.
[INFO DRT-0081]   Complete 253 unique inst patterns.
[INFO DRT-0084]   Complete 6723 groups.
#scanned instances     = 12826
#unique  instances     = 253
#stdCellGenAp          = 7223
#stdCellValidPlanarAp  = 10
#stdCellValidViaAp     = 6136
#stdCellPinNoAp        = 0
#stdCellPinCnt         = 43283
#instTermValidViaApCnt = 0
#macroGenAp            = 0
#macroValidPlanarAp    = 0
#macroValidViaAp       = 0
#macroNoAp             = 0
[INFO DRT-0166] Complete pin access.
[INFO DRT-0267] cpu time = 00:02:49, elapsed time = 00:01:24, memory = 366.74 (MB), peak = 365.92 (MB)
[INFO DRT-0156] guideIn read 100000 guides.

[INFO DRT-0157] Number of guides:     144149

[INFO DRT-0169] Post process guides.
[INFO DRT-0176] GCELLGRID X 0 DO 85 STEP 570 ;
[INFO DRT-0177] GCELLGRID Y 0 DO 85 STEP 570 ;
[INFO DRT-0026]   Complete 100000 origin guides.
[INFO DRT-0028]   Complete Active.
[INFO DRT-0028]   Complete V0.
[INFO DRT-0028]   Complete M1.
[INFO DRT-0028]   Complete V1.
[INFO DRT-0028]   Complete M2.
[INFO DRT-0028]   Complete V2.
[INFO DRT-0028]   Complete M3.
[INFO DRT-0028]   Complete V3.
[INFO DRT-0028]   Complete M4.
[INFO DRT-0028]   Complete V4.
[INFO DRT-0028]   Complete M5.
[INFO DRT-0028]   Complete V5.
[INFO DRT-0028]   Complete M6.
[INFO DRT-0028]   Complete V6.
[INFO DRT-0028]   Complete M7.
[INFO DRT-0028]   Complete V7.
[INFO DRT-0028]   Complete M8.
[INFO DRT-0028]   Complete V8.
[INFO DRT-0028]   Complete M9.
[INFO DRT-0028]   Complete V9.
[INFO DRT-0028]   Complete Pad.
[INFO DRT-0178] Init guide query.
[INFO DRT-0035]   Complete Active (guide).
[INFO DRT-0035]   Complete V0 (guide).
[INFO DRT-0035]   Complete M1 (guide).
[INFO DRT-0035]   Complete V1 (guide).
[INFO DRT-0035]   Complete M2 (guide).
[INFO DRT-0035]   Complete V2 (guide).
[INFO DRT-0035]   Complete M3 (guide).
[INFO DRT-0035]   Complete V3 (guide).
[INFO DRT-0035]   Complete M4 (guide).
[INFO DRT-0035]   Complete V4 (guide).
[INFO DRT-0035]   Complete M5 (guide).
[INFO DRT-0035]   Complete V5 (guide).
[INFO DRT-0035]   Complete M6 (guide).
[INFO DRT-0035]   Complete V6 (guide).
[INFO DRT-0035]   Complete M7 (guide).
[INFO DRT-0035]   Complete V7 (guide).
[INFO DRT-0035]   Complete M8 (guide).
[INFO DRT-0035]   Complete V8 (guide).
[INFO DRT-0035]   Complete M9 (guide).
[INFO DRT-0035]   Complete V9 (guide).
[INFO DRT-0035]   Complete Pad (guide).
[INFO DRT-0036] Active guide region query size = 0.
[INFO DRT-0036] V0 guide region query size = 0.
[INFO DRT-0036] M1 guide region query size = 38313.
[INFO DRT-0036] V1 guide region query size = 0.
[INFO DRT-0036] M2 guide region query size = 34242.
[INFO DRT-0036] V2 guide region query size = 0.
[INFO DRT-0036] M3 guide region query size = 21566.
[INFO DRT-0036] V3 guide region query size = 0.
[INFO DRT-0036] M4 guide region query size = 9927.
[INFO DRT-0036] V4 guide region query size = 0.
[INFO DRT-0036] M5 guide region query size = 7903.
[INFO DRT-0036] V5 guide region query size = 0.
[INFO DRT-0036] M6 guide region query size = 6003.
[INFO DRT-0036] V6 guide region query size = 0.
[INFO DRT-0036] M7 guide region query size = 2738.
[INFO DRT-0036] V7 guide region query size = 0.
[INFO DRT-0036] M8 guide region query size = 0.
[INFO DRT-0036] V8 guide region query size = 0.
[INFO DRT-0036] M9 guide region query size = 0.
[INFO DRT-0036] V9 guide region query size = 0.
[INFO DRT-0036] Pad guide region query size = 0.
[INFO DRT-0179] Init gr pin query.
[INFO DRT-0267] cpu time = 00:00:00, elapsed time = 00:00:00, memory = 420.29 (MB), peak = 419.61 (MB)
[INFO DRT-0245] skipped writing guide updates to database.
[INFO DRT-0181] Start track assignment.
[INFO DRT-0184] Done with 70520 vertical wires in 2 frboxes and 50172 horizontal wires in 2 frboxes.
[INFO DRT-0186] Done with 8650 vertical wires in 2 frboxes and 10750 horizontal wires in 2 frboxes.
[INFO DRT-0182] Complete track assignment.
[INFO DRT-0267] cpu time = 00:00:08, elapsed time = 00:00:05, memory = 596.07 (MB), peak = 603.49 (MB)
[INFO DRT-0187] Start routing data preparation.
[INFO DRT-0267] cpu time = 00:00:00, elapsed time = 00:00:00, memory = 596.14 (MB), peak = 603.49 (MB)
[INFO DRT-0194] Start detail routing.
[INFO DRT-0195] Start 0th optimization iteration.
    Completing 10% with 0 violations.
    elapsed time = 00:00:05, memory = 1010.02 (MB).
    Completing 20% with 0 violations.
    elapsed time = 00:00:24, memory = 1408.65 (MB).
    Completing 30% with 723 violations.
    elapsed time = 00:00:35, memory = 1413.23 (MB).
    Completing 40% with 723 violations.
    elapsed time = 00:00:47, memory = 1454.89 (MB).
    Completing 50% with 723 violations.
    elapsed time = 00:01:02, memory = 1607.23 (MB).
    Completing 60% with 1482 violations.
    elapsed time = 00:01:19, memory = 1717.86 (MB).
    Completing 70% with 1482 violations.
    elapsed time = 00:01:35, memory = 1716.30 (MB).
    Completing 80% with 2463 violations.
    elapsed time = 00:01:57, memory = 1939.08 (MB).
    Completing 90% with 2463 violations.
    elapsed time = 00:02:18, memory = 1997.27 (MB).
    Completing 100% with 3374 violations.
    elapsed time = 00:02:40, memory = 2104.92 (MB).
[INFO DRT-0199]   Number of violations = 4626.
Viol/Layer          M1     M2     V2     M3     V3     M4     V4     M5     V5     M6     V6     M7
CutSpcTbl            0      0      0      0     37      0     19      0     16      0      9      0
EOL                  0    320      0     32      0     33      0      5      0      2      0      0
Metal Spacing       58    108      0    169      0     15      0      5      0     23      0      0
Recheck              0    374      0    342      0    224      0    175      0    112      0     25
Short                0    205      8     50      3     19      4      6      6     48      0      1
eolKeepOut           0   1911      0    102      0    130      0     24      0      6      0      0
[INFO DRT-0267] cpu time = 00:05:18, elapsed time = 00:02:41, memory = 2113.00 (MB), peak = 2284.35 (MB)
Total wire length = 50544 um.
Total wire length on LAYER M1 = 0 um.
Total wire length on LAYER M2 = 11007 um.
Total wire length on LAYER M3 = 17251 um.
Total wire length on LAYER M4 = 9105 um.
Total wire length on LAYER M5 = 3654 um.
Total wire length on LAYER M6 = 4733 um.
Total wire length on LAYER M7 = 4792 um.
Total wire length on LAYER M8 = 0 um.
Total wire length on LAYER M9 = 0 um.
Total wire length on LAYER Pad = 0 um.
Total number of vias = 147757.
Up-via summary (total 147757):

-----------------
 Active         0
     M1     43292
     M2     63979
     M3     21120
     M4      9072
     M5      6187
     M6      4107
     M7         0
     M8         0
     M9         0
-----------------
       147757


[INFO DRT-0195] Start 1st optimization iteration.
    Completing 10% with 4626 violations.
    elapsed time = 00:00:05, memory = 2130.65 (MB).
    Completing 20% with 4626 violations.
    elapsed time = 00:00:27, memory = 2230.67 (MB).
    Completing 30% with 3764 violations.
    elapsed time = 00:00:41, memory = 2238.93 (MB).
    Completing 40% with 3764 violations.
    elapsed time = 00:00:56, memory = 2238.93 (MB).
    Completing 50% with 3764 violations.
    elapsed time = 00:01:15, memory = 2242.30 (MB).
    Completing 60% with 3072 violations.
    elapsed time = 00:01:35, memory = 2243.29 (MB).
    Completing 70% with 3072 violations.
    elapsed time = 00:01:57, memory = 2243.83 (MB).
    Completing 80% with 1790 violations.
    elapsed time = 00:02:17, memory = 2243.90 (MB).
    Completing 90% with 1790 violations.
    elapsed time = 00:02:38, memory = 2243.91 (MB).
    Completing 100% with 644 violations.
    elapsed time = 00:02:50, memory = 2259.00 (MB).
[INFO DRT-0199]   Number of violations = 644.
Viol/Layer          M1     M2     M3     V3     M4     V4     M5     V5     V6
CutSpcTbl            0      0      0      9      0      3      0      1      1
EOL                  0     60      5      0      4      0      1      0      0
Metal Spacing       14     25     89      0      3      0      0      0      0
Short                0     28     27      0      4      0      0      0      0
eolKeepOut           0    339     16      0     12      0      3      0      0
[INFO DRT-0267] cpu time = 00:05:38, elapsed time = 00:02:51, memory = 2264.52 (MB), peak = 2409.88 (MB)
Total wire length = 49969 um.
Total wire length on LAYER M1 = 0 um.
Total wire length on LAYER M2 = 10769 um.
Total wire length on LAYER M3 = 17534 um.
Total wire length on LAYER M4 = 9309 um.
Total wire length on LAYER M5 = 3517 um.
Total wire length on LAYER M6 = 4452 um.
Total wire length on LAYER M7 = 4385 um.
Total wire length on LAYER M8 = 0 um.
Total wire length on LAYER M9 = 0 um.
Total wire length on LAYER Pad = 0 um.
Total number of vias = 140821.
Up-via summary (total 140821):

-----------------
 Active         0
     M1     43280
     M2     60818
     M3     20149
     M4      7997
     M5      5229
     M6      3348
     M7         0
     M8         0
     M9         0
-----------------
       140821


[INFO DRT-0195] Start 2nd optimization iteration.
    Completing 10% with 644 violations.
    elapsed time = 00:00:07, memory = 2265.95 (MB).
    Completing 20% with 644 violations.
    elapsed time = 00:00:20, memory = 2265.95 (MB).
    Completing 30% with 650 violations.
    elapsed time = 00:00:30, memory = 2263.95 (MB).
    Completing 40% with 650 violations.
    elapsed time = 00:00:42, memory = 2263.95 (MB).
    Completing 50% with 650 violations.
    elapsed time = 00:00:57, memory = 2263.95 (MB).
    Completing 60% with 610 violations.
    elapsed time = 00:01:13, memory = 2259.96 (MB).
    Completing 70% with 610 violations.
    elapsed time = 00:01:25, memory = 2265.95 (MB).
    Completing 80% with 591 violations.
    elapsed time = 00:01:43, memory = 2259.95 (MB).
    Completing 90% with 591 violations.
    elapsed time = 00:02:02, memory = 2259.95 (MB).
    Completing 100% with 580 violations.
    elapsed time = 00:02:23, memory = 2259.95 (MB).
[INFO DRT-0199]   Number of violations = 580.
Viol/Layer          M1     M2     M3     V3     M4     V4     V6
CutSpcTbl            0      0      0      6      0      1      1
EOL                  0     64      7      0      3      0      0
Metal Spacing       11     14     71      0      2      0      0
Short                0     39     19      0      2      0      0
eolKeepOut           0    303     24      0     13      0      0
[INFO DRT-0267] cpu time = 00:04:40, elapsed time = 00:02:23, memory = 2263.36 (MB), peak = 2409.88 (MB)
Total wire length = 49867 um.
Total wire length on LAYER M1 = 0 um.
Total wire length on LAYER M2 = 10787 um.
Total wire length on LAYER M3 = 17666 um.
Total wire length on LAYER M4 = 9286 um.
Total wire length on LAYER M5 = 3494 um.
Total wire length on LAYER M6 = 4395 um.
Total wire length on LAYER M7 = 4236 um.
Total wire length on LAYER M8 = 0 um.
Total wire length on LAYER M9 = 0 um.
Total wire length on LAYER Pad = 0 um.
Total number of vias = 139491.
Up-via summary (total 139491):

-----------------
 Active         0
     M1     43280
     M2     60479
     M3     19879
     M4      7762
     M5      4999
     M6      3092
     M7         0
     M8         0
     M9         0
-----------------
       139491


[INFO DRT-0195] Start 3rd optimization iteration.
    Completing 10% with 580 violations.
    elapsed time = 00:00:01, memory = 2263.36 (MB).
    Completing 20% with 580 violations.
    elapsed time = 00:00:05, memory = 2263.36 (MB).
    Completing 30% with 474 violations.
    elapsed time = 00:00:11, memory = 2263.95 (MB).
    Completing 40% with 474 violations.
    elapsed time = 00:00:16, memory = 2263.96 (MB).
    Completing 50% with 474 violations.
    elapsed time = 00:00:20, memory = 2263.96 (MB).
    Completing 60% with 320 violations.
    elapsed time = 00:00:28, memory = 2263.96 (MB).
    Completing 70% with 320 violations.
    elapsed time = 00:00:36, memory = 2263.96 (MB).
    Completing 80% with 159 violations.
    elapsed time = 00:00:42, memory = 2263.96 (MB).
    Completing 90% with 159 violations.
    elapsed time = 00:00:49, memory = 2263.96 (MB).
    Completing 100% with 29 violations.
    elapsed time = 00:00:55, memory = 2263.96 (MB).
[INFO DRT-0199]   Number of violations = 29.
Viol/Layer          M2     M3     V3     M4
CutSpcTbl            0      0      1      0
EOL                  2      1      0      0
Metal Spacing        2      3      0      0
Short                0      1      0      1
eolKeepOut          15      3      0      0
[INFO DRT-0267] cpu time = 00:01:45, elapsed time = 00:00:56, memory = 2266.75 (MB), peak = 2409.88 (MB)
Total wire length = 49876 um.
Total wire length on LAYER M1 = 0 um.
Total wire length on LAYER M2 = 10530 um.
Total wire length on LAYER M3 = 17564 um.
Total wire length on LAYER M4 = 9574 um.
Total wire length on LAYER M5 = 3623 um.
Total wire length on LAYER M6 = 4385 um.
Total wire length on LAYER M7 = 4199 um.
Total wire length on LAYER M8 = 0 um.
Total wire length on LAYER M9 = 0 um.
Total wire length on LAYER Pad = 0 um.
Total number of vias = 139546.
Up-via summary (total 139546):

-----------------
 Active         0
     M1     43280
     M2     59831
     M3     20427
     M4      7964
     M5      4990
     M6      3054
     M7         0
     M8         0
     M9         0
-----------------
       139546


[INFO DRT-0195] Start 4th guides tiles iteration.
    Completing 10% with 29 violations.
    elapsed time = 00:00:00, memory = 2266.75 (MB).
    Completing 20% with 29 violations.
    elapsed time = 00:00:00, memory = 2266.75 (MB).
    Completing 30% with 29 violations.
    elapsed time = 00:00:01, memory = 2266.75 (MB).
    Completing 40% with 29 violations.
    elapsed time = 00:00:01, memory = 2266.75 (MB).
    Completing 50% with 29 violations.
    elapsed time = 00:00:01, memory = 2266.75 (MB).
    Completing 60% with 7 violations.
    elapsed time = 00:00:01, memory = 2266.75 (MB).
    Completing 70% with 7 violations.
    elapsed time = 00:00:02, memory = 2266.75 (MB).
    Completing 80% with 7 violations.
    elapsed time = 00:00:02, memory = 2266.75 (MB).
    Completing 100% with 5 violations.
    elapsed time = 00:00:02, memory = 2266.75 (MB).
[INFO DRT-0199]   Number of violations = 5.
Viol/Layer          M3
EOL                  1
Metal Spacing        1
eolKeepOut           3
[INFO DRT-0267] cpu time = 00:00:04, elapsed time = 00:00:02, memory = 2271.52 (MB), peak = 2415.06 (MB)
Total wire length = 49877 um.
Total wire length on LAYER M1 = 0 um.
Total wire length on LAYER M2 = 10529 um.
Total wire length on LAYER M3 = 17563 um.
Total wire length on LAYER M4 = 9572 um.
Total wire length on LAYER M5 = 3622 um.
Total wire length on LAYER M6 = 4388 um.
Total wire length on LAYER M7 = 4199 um.
Total wire length on LAYER M8 = 0 um.
Total wire length on LAYER M9 = 0 um.
Total wire length on LAYER Pad = 0 um.
Total number of vias = 139556.
Up-via summary (total 139556):

-----------------
 Active         0
     M1     43280
     M2     59832
     M3     20433
     M4      7964
     M5      4993
     M6      3054
     M7         0
     M8         0
     M9         0
-----------------
       139556


[INFO DRT-0195] Start 5th guides tiles iteration.
    Completing 100% with 5 violations.
    elapsed time = 00:00:00, memory = 2271.52 (MB).
[INFO DRT-0199]   Number of violations = 5.
Viol/Layer          M3
EOL                  1
Metal Spacing        1
eolKeepOut           3
[INFO DRT-0267] cpu time = 00:00:00, elapsed time = 00:00:00, memory = 2271.83 (MB), peak = 2415.06 (MB)
Total wire length = 49877 um.
Total wire length on LAYER M1 = 0 um.
Total wire length on LAYER M2 = 10529 um.
Total wire length on LAYER M3 = 17563 um.
Total wire length on LAYER M4 = 9572 um.
Total wire length on LAYER M5 = 3622 um.
Total wire length on LAYER M6 = 4388 um.
Total wire length on LAYER M7 = 4199 um.
Total wire length on LAYER M8 = 0 um.
Total wire length on LAYER M9 = 0 um.
Total wire length on LAYER Pad = 0 um.
Total number of vias = 139556.
Up-via summary (total 139556):

-----------------
 Active         0
     M1     43280
     M2     59832
     M3     20433
     M4      7964
     M5      4993
     M6      3054
     M7         0
     M8         0
     M9         0
-----------------
       139556


[INFO DRT-0195] Start 6th stubborn tiles iteration.
    Completing 10% with 5 violations.
    elapsed time = 00:00:06, memory = 2271.84 (MB).
    Completing 20% with 5 violations.
    elapsed time = 00:00:07, memory = 2271.84 (MB).
    Completing 30% with 5 violations.
    elapsed time = 00:00:10, memory = 2271.84 (MB).
    Completing 40% with 5 violations.
    elapsed time = 00:00:13, memory = 2272.27 (MB).
    Completing 50% with 5 violations.
    elapsed time = 00:00:17, memory = 2272.27 (MB).
    Completing 60% with 5 violations.
    elapsed time = 00:00:20, memory = 2337.00 (MB).
    Completing 70% with 5 violations.
    elapsed time = 00:00:24, memory = 2455.71 (MB).
    Completing 80% with 5 violations.
    elapsed time = 00:00:26, memory = 2622.37 (MB).
    Completing 90% with 5 violations.
    elapsed time = 00:00:29, memory = 2695.87 (MB).
    Completing 100% with 0 violations.
    elapsed time = 00:00:30, memory = 2648.57 (MB).
[INFO DRT-0199]   Number of violations = 0.
[INFO DRT-0267] cpu time = 00:01:00, elapsed time = 00:00:30, memory = 2701.78 (MB), peak = 2741.05 (MB)
Total wire length = 49876 um.
Total wire length on LAYER M1 = 0 um.
Total wire length on LAYER M2 = 10529 um.
Total wire length on LAYER M3 = 17562 um.
Total wire length on LAYER M4 = 9573 um.
Total wire length on LAYER M5 = 3623 um.
Total wire length on LAYER M6 = 4388 um.
Total wire length on LAYER M7 = 4199 um.
Total wire length on LAYER M8 = 0 um.
Total wire length on LAYER M9 = 0 um.
Total wire length on LAYER Pad = 0 um.
Total number of vias = 139554.
Up-via summary (total 139554):

-----------------
 Active         0
     M1     43280
     M2     59833
     M3     20432
     M4      7962
     M5      4993
     M6      3054
     M7         0
     M8         0
     M9         0
-----------------
       139554


[INFO DRT-0198] Complete detail routing.
Total wire length = 49876 um.
Total wire length on LAYER M1 = 0 um.
Total wire length on LAYER M2 = 10529 um.
Total wire length on LAYER M3 = 17562 um.
Total wire length on LAYER M4 = 9573 um.
Total wire length on LAYER M5 = 3623 um.
Total wire length on LAYER M6 = 4388 um.
Total wire length on LAYER M7 = 4199 um.
Total wire length on LAYER M8 = 0 um.
Total wire length on LAYER M9 = 0 um.
Total wire length on LAYER Pad = 0 um.
Total number of vias = 139554.
Up-via summary (total 139554):

-----------------
 Active         0
     M1     43280
     M2     59833
     M3     20432
     M4      7962
     M5      4993
     M6      3054
     M7         0
     M8         0
     M9         0
-----------------
       139554


[INFO DRT-0267] cpu time = 00:18:28, elapsed time = 00:09:27, memory = 2701.78 (MB), peak = 2741.05 (MB)

[INFO DRT-0180] Post processing.
[INFO DRT-0501] Runtime: 658.15s
Took 658 seconds: detailed_route -output_drc /w/experiments/outputs/orfs/asap7/aes/base/reports/asap7/aes/base/5_route_drc.rpt -output_maze /w/experiments/outputs/orfs/asap7/aes/base/results/asap7/aes/base/maze.log -droute_end_iter 64 -verbose 1 -drc_report_iter_step 5
[WARNING GRT-0246] No diode with LEF class CORE ANTENNACELL found.
[INFO ANT-0002] Found 0 net violations.
[INFO ANT-0001] Found 0 pin violations.
[INFO ANT-0002] Found 0 net violations.
[INFO ANT-0001] Found 0 pin violations.
Design area 1452 um^2 74% utilization.
write_db /w/experiments/outputs/orfs/asap7/aes/base/results/asap7/aes/base/5_2_route.odb
Elapsed time: 11:09.52[h:]min:sec. CPU time: user 1289.95 sys 15.23 (194%). Peak memory: 2806836KB.
Log                       Ext     Elapsed/s Peak Memory/MB sha1sum result [0:20)
5_2_route                 .odb          669           2741 2d8a371d4b5f32469bbb
/OpenROAD-flow-scripts/flow/scripts/flow.sh 5_3_fillcell fillcell
Running fillcell.tcl, stage 5_3_fillcell
source /OpenROAD-flow-scripts/flow/platforms/asap7/liberty_suppressions.tcl
read_liberty /OpenROAD-flow-scripts/flow/platforms/asap7/lib/NLDM/asap7sc7p5t_AO_RVT_FF_nldm_211120.lib.gz
read_liberty /OpenROAD-flow-scripts/flow/platforms/asap7/lib/NLDM/asap7sc7p5t_INVBUF_RVT_FF_nldm_220122.lib.gz
read_liberty /OpenROAD-flow-scripts/flow/platforms/asap7/lib/NLDM/asap7sc7p5t_OA_RVT_FF_nldm_211120.lib.gz
read_liberty /OpenROAD-flow-scripts/flow/platforms/asap7/lib/NLDM/asap7sc7p5t_SIMPLE_RVT_FF_nldm_211120.lib.gz
read_liberty /OpenROAD-flow-scripts/flow/platforms/asap7/lib/NLDM/asap7sc7p5t_SEQ_RVT_FF_nldm_220123.lib
read_db /w/experiments/outputs/orfs/asap7/aes/base/results/asap7/aes/base/5_2_route.odb
read_sdc /w/experiments/outputs/orfs/asap7/aes/base/results/asap7/aes/base/5_1_grt.sdc
source /OpenROAD-flow-scripts/flow/platforms/asap7/setRC.tcl
[WARNING STA-0450] virtual clock vclk_clk can not be propagated.
filler_placement "FILLERxp5_ASAP7_75t_R FILLER_ASAP7_75t_R DECAPx1_ASAP7_75t_R DECAPx2_ASAP7_75t_R DECAPx4_ASAP7_75t_R DECAPx6_ASAP7_75t_R DECAPx10_ASAP7_75t_R"
[INFO DPL-0001] Placed 10068 filler instances.
Design area 1452 um^2 74% utilization.
write_db /w/experiments/outputs/orfs/asap7/aes/base/results/asap7/aes/base/5_3_fillcell.odb
Elapsed time: 0:03.86[h:]min:sec. CPU time: user 1.65 sys 0.30 (50%). Peak memory: 219968KB.
Log                       Ext     Elapsed/s Peak Memory/MB sha1sum result [0:20)
5_3_fillcell              .odb            3            214 5dd8d19004d267f87b7f
cp /w/experiments/outputs/orfs/asap7/aes/base/results/asap7/aes/base/5_3_fillcell.odb /w/experiments/outputs/orfs/asap7/aes/base/results/asap7/aes/base/5_route.odb
cp /w/experiments/outputs/orfs/asap7/aes/base/results/asap7/aes/base/5_1_grt.sdc /w/experiments/outputs/orfs/asap7/aes/base/results/asap7/aes/base/5_route.sdc
/OpenROAD-flow-scripts/flow/scripts/flow.sh 6_1_fill density_fill
Running density_fill.tcl, stage 6_1_fill
source /OpenROAD-flow-scripts/flow/platforms/asap7/liberty_suppressions.tcl
read_liberty /OpenROAD-flow-scripts/flow/platforms/asap7/lib/NLDM/asap7sc7p5t_AO_RVT_FF_nldm_211120.lib.gz
read_liberty /OpenROAD-flow-scripts/flow/platforms/asap7/lib/NLDM/asap7sc7p5t_INVBUF_RVT_FF_nldm_220122.lib.gz
read_liberty /OpenROAD-flow-scripts/flow/platforms/asap7/lib/NLDM/asap7sc7p5t_OA_RVT_FF_nldm_211120.lib.gz
read_liberty /OpenROAD-flow-scripts/flow/platforms/asap7/lib/NLDM/asap7sc7p5t_SIMPLE_RVT_FF_nldm_211120.lib.gz
read_liberty /OpenROAD-flow-scripts/flow/platforms/asap7/lib/NLDM/asap7sc7p5t_SEQ_RVT_FF_nldm_220123.lib
read_db /w/experiments/outputs/orfs/asap7/aes/base/results/asap7/aes/base/5_route.odb
read_sdc /w/experiments/outputs/orfs/asap7/aes/base/results/asap7/aes/base/5_route.sdc
source /OpenROAD-flow-scripts/flow/platforms/asap7/setRC.tcl
exec cp /w/experiments/outputs/orfs/asap7/aes/base/results/asap7/aes/base/5_route.odb /w/experiments/outputs/orfs/asap7/aes/base/results/asap7/aes/base/6_1_fill.odb
Elapsed time: 0:04.00[h:]min:sec. CPU time: user 1.53 sys 0.37 (47%). Peak memory: 199880KB.
Log                       Ext     Elapsed/s Peak Memory/MB sha1sum result [0:20)
6_1_fill                  .odb            4            195 5dd8d19004d267f87b7f
cp /w/experiments/outputs/orfs/asap7/aes/base/results/asap7/aes/base/5_route.sdc /w/experiments/outputs/orfs/asap7/aes/base/results/asap7/aes/base/6_1_fill.sdc
/OpenROAD-flow-scripts/flow/scripts/flow.sh 6_report final_report
Running final_report.tcl, stage 6_report
source /OpenROAD-flow-scripts/flow/platforms/asap7/liberty_suppressions.tcl
read_liberty /OpenROAD-flow-scripts/flow/platforms/asap7/lib/NLDM/asap7sc7p5t_AO_RVT_FF_nldm_211120.lib.gz
read_liberty /OpenROAD-flow-scripts/flow/platforms/asap7/lib/NLDM/asap7sc7p5t_INVBUF_RVT_FF_nldm_220122.lib.gz
read_liberty /OpenROAD-flow-scripts/flow/platforms/asap7/lib/NLDM/asap7sc7p5t_OA_RVT_FF_nldm_211120.lib.gz
read_liberty /OpenROAD-flow-scripts/flow/platforms/asap7/lib/NLDM/asap7sc7p5t_SIMPLE_RVT_FF_nldm_211120.lib.gz
read_liberty /OpenROAD-flow-scripts/flow/platforms/asap7/lib/NLDM/asap7sc7p5t_SEQ_RVT_FF_nldm_220123.lib
read_db /w/experiments/outputs/orfs/asap7/aes/base/results/asap7/aes/base/6_1_fill.odb
read_sdc /w/experiments/outputs/orfs/asap7/aes/base/results/asap7/aes/base/6_1_fill.sdc
source /OpenROAD-flow-scripts/flow/platforms/asap7/setRC.tcl
[WARNING STA-0450] virtual clock vclk_clk can not be propagated.
write_db /w/experiments/outputs/orfs/asap7/aes/base/results/asap7/aes/base/6_final.odb
write_sdc -no_timestamp /w/experiments/outputs/orfs/asap7/aes/base/results/asap7/aes/base/6_final.sdc
Deleted 0 routing obstructions
[INFO RCX-0431] Defined process_corner X with ext_model_index 0
[INFO RCX-0029] Defined extraction corner X
[INFO RCX-0435] Reading extraction model file /OpenROAD-flow-scripts/flow/platforms/asap7/rcx_patterns.rules ...
[INFO RCX-0436] RC segment generation aes_cipher_top (max_merge_res 50.0) ...
[INFO RCX-0040] Final 99982 rc segments
[INFO RCX-0439] Coupling Cap extraction aes_cipher_top ...
[INFO RCX-0440] Coupling threshhold is 0.1000 fF, coupling capacitance less than 0.1000 fF will be grounded.
[INFO RCX-0442] 54% of 115083 wires extracted
[INFO RCX-0442] 100% of 115083 wires extracted
[INFO RCX-0045] Extract 12648 nets, 112630 rsegs, 112630 caps, 173499 ccs
[INFO RCX-0443] 12648 nets finished
[INFO PSM-0040] All shapes on net VDD are connected.
########## IR report #################
Net              : VDD
Corner           : default
Total power      : 8.34e-02 W
Supply voltage   : 7.70e-01 V
Worstcase voltage: 7.47e-01 V
Average voltage  : 7.62e-01 V
Average IR drop  : 7.54e-03 V
Worstcase IR drop: 2.26e-02 V
Percentage drop  : 2.93 %
######################################
[INFO PSM-0040] All shapes on net VSS are connected.
########## IR report #################
Net              : VSS
Corner           : default
Total power      : 8.34e-02 W
Supply voltage   : 0.00e+00 V
Worstcase voltage: 2.33e-02 V
Average voltage  : 7.44e-03 V
Average IR drop  : 7.44e-03 V
Worstcase IR drop: 2.33e-02 V
Percentage drop  : 3.03 %
######################################
Cell type report:                       Count       Area
  Fill cell                             10068     522.87
  Tap cell                                411      11.98
  Clock buffer                             40      15.21
  Timing Repair Buffer                   2330     224.63
  Inverter                                170      10.42
  Clock inverter                           17       3.70
  Timing Repair inverter                    1       0.06
  Sequential cell                         530     154.97
  Multi-Input combinational cell         9327    1031.21
  Total                                 22894    1975.07
Report metrics stage 6, finish...

==========================================================================
finish report_design_area
--------------------------------------------------------------------------
Design area 1452 um^2 74% utilization.
[WARNING GUI-0010] File path does not end with a valid extension, new path is: /w/experiments/outputs/orfs/asap7/aes/base/reports/asap7/aes/base/final_all.webp.png
[WARNING GUI-0010] File path does not end with a valid extension, new path is: /w/experiments/outputs/orfs/asap7/aes/base/reports/asap7/aes/base/final_routing.webp.png
[WARNING GUI-0010] File path does not end with a valid extension, new path is: /w/experiments/outputs/orfs/asap7/aes/base/reports/asap7/aes/base/final_placement.webp.png
[WARNING GUI-0010] File path does not end with a valid extension, new path is: /w/experiments/outputs/orfs/asap7/aes/base/reports/asap7/aes/base/final_ir_drop.webp.png
[WARNING GUI-0010] File path does not end with a valid extension, new path is: /w/experiments/outputs/orfs/asap7/aes/base/reports/asap7/aes/base/final_clocks.webp.png
[WARNING GUI-0010] File path does not end with a valid extension, new path is: /w/experiments/outputs/orfs/asap7/aes/base/reports/asap7/aes/base/cts_default_clk.webp.png
[WARNING GUI-0010] File path does not end with a valid extension, new path is: /w/experiments/outputs/orfs/asap7/aes/base/reports/asap7/aes/base/cts_default_clk_layout.webp.png
[WARNING GUI-0010] File path does not end with a valid extension, new path is: /w/experiments/outputs/orfs/asap7/aes/base/reports/asap7/aes/base/final_resizer.webp.png
[WARNING GUI-0010] File path does not end with a valid extension, new path is: /w/experiments/outputs/orfs/asap7/aes/base/reports/asap7/aes/base/final_congestion.webp.png
[WARNING GUI-0010] File path does not end with a valid extension, new path is: /w/experiments/outputs/orfs/asap7/aes/base/reports/asap7/aes/base/final_worst_path.webp.png
Elapsed time: 0:31.65[h:]min:sec. CPU time: user 19.28 sys 2.39 (68%). Peak memory: 460996KB.
Log                       Ext     Elapsed/s Peak Memory/MB sha1sum result [0:20)
6_report                                 31            450                  N/A
cp /OpenROAD-flow-scripts/flow/platforms/asap7/lef/asap7_tech_1x_201209.lef /w/experiments/outputs/orfs/asap7/aes/base/objects/asap7/aes/base/klayout_tech.lef
/usr/bin/python3 /OpenROAD-flow-scripts/flow/util/generate_klayout_tech.py \
	--template /OpenROAD-flow-scripts/flow/platforms/asap7/KLayout/asap7.lyt \
	--output /w/experiments/outputs/orfs/asap7/aes/base/objects/asap7/aes/base/klayout.lyt \
	--lef-files /w/experiments/outputs/orfs/asap7/aes/base/objects/asap7/aes/base/klayout_tech.lef /OpenROAD-flow-scripts/flow/platforms/asap7/lef/asap7sc7p5t_28_R_1x_220121a.lef   \
	--map-files 
/usr/bin/python3 /OpenROAD-flow-scripts/flow/scripts/run_command.py --log /w/experiments/outputs/orfs/asap7/aes/base/logs/asap7/aes/base/6_1_merge.log --tee -- \
        /OpenROAD-flow-scripts/flow/scripts/klayout.sh -zz -rd design_name=aes_cipher_top \
        -rd in_def=/w/experiments/outputs/orfs/asap7/aes/base/results/asap7/aes/base/6_final.def \
        -rd in_files="/OpenROAD-flow-scripts/flow/platforms/asap7/gds/asap7sc7p5t_28_R_220121a.gds  " \
        -rd seal_file="" \
        -rd out_file=/w/experiments/outputs/orfs/asap7/aes/base/results/asap7/aes/base/6_1_merged.gds \
        -rd tech_file=/w/experiments/outputs/orfs/asap7/aes/base/objects/asap7/aes/base/klayout.lyt \
        -rd layer_map= \
        -r /OpenROAD-flow-scripts/flow/util/def2stream.py
KLayout 0.30.12
Warning: DEF UNITS does not match reader DBU (DEF UNITS is 100 and corresponds to a DBU of 0.01, but reader DBU is set to 0.00025) (line=5, cell=, file=6_final.def)
[INFO] Reporting cells prior to loading DEF ...
	/OpenROAD-flow-scripts/flow/platforms/asap7/gds/asap7sc7p5t_28_R_220121a.gds
[INFO] GDS_ALLOW_EMPTY=fakeram.*
[INFO] All LEF cells have matching GDS/OAS cells
[INFO] No orphan cells in the final layout
Elapsed time: 0:05.60[h:]min:sec. CPU time: user 3.26 sys 0.64 (69%). Peak memory: 500196KB.
cp /w/experiments/outputs/orfs/asap7/aes/base/results/asap7/aes/base/6_1_merged.gds /w/experiments/outputs/orfs/asap7/aes/base/results/asap7/aes/base/6_final.gds
/w/experiments/outputs/orfs/asap7/aes/base/logs/asap7/aes/base
Log                       Ext     Elapsed/s Peak Memory/MB sha1sum result [0:20)
1_synth                   .v             10            225 7b2cb8318292996e32af
1_synth                   .odb                             d0e08570fdcf4c396e53
1_synth                   .sdc                             f1097b520eac1b47b8e3
2_1_floorplan             .odb           15            234 6a612011b922a089739e
2_1_floorplan             .sdc                             f1097b520eac1b47b8e3
2_2_floorplan_macro       .odb            1            172 6a612011b922a089739e
2_3_floorplan_tapcell     .odb            1            171 ebe161b8a5f9416344b6
2_4_floorplan_pdn         .odb            1            176 16e622de5020be3c3174
3_1_place_gp_skip_io      .odb            4            192 ff072436b6d36603f2fc
3_2_place_iop             .odb            1            175 5b807ab69b563eabe266
3_3_place_gp              .odb           20            504 1d975b7f5a9d66efa334
3_4_place_resized         .odb            8            241 1d975b7f5a9d66efa334
3_5_place_dp              .odb           11            244 07a0af3fb59ba111d3b0
4_1_cts                   .odb           21            278 48a9f349113c3754a410
5_1_grt                   .odb          157            499 f26f47bf04a6361503eb
5_1_grt                   .sdc                             fac572f5cfbc5b8e1282
5_2_route                 .odb          669           2741 2d8a371d4b5f32469bbb
5_3_fillcell              .odb            3            214 5dd8d19004d267f87b7f
6_1_fill                  .odb            4            195 5dd8d19004d267f87b7f
6_1_fill                  .sdc                             fac572f5cfbc5b8e1282
6_1_merge                                 5            488                  N/A
6_report                                 31            450                  N/A
Total                                   962           2741                     
mkdir -p /w/experiments/outputs/orfs/asap7/aes/base/reports/asap7/aes/base
echo ./designs/asap7/aes > /w/experiments/outputs/orfs/asap7/aes/base/reports/asap7/aes/base/design-dir.txt
/usr/bin/python3 /OpenROAD-flow-scripts/flow/util/genMetrics.py -d aes \
    -p asap7 \
    -v base \
    --logs /w/experiments/outputs/orfs/asap7/aes/base/logs/asap7/aes/base \
    --reports /w/experiments/outputs/orfs/asap7/aes/base/reports/asap7/aes/base \
    --results /w/experiments/outputs/orfs/asap7/aes/base/results/asap7/aes/base \
    -o /w/experiments/outputs/orfs/asap7/aes/base/reports/asap7/aes/base/metadata.json 2>&1 \
    | tee /w/experiments/outputs/orfs/asap7/aes/base/reports/asap7/aes/base/metadata-generate.log
[WARN] not a git repo: /OpenROAD-flow-scripts/flow/util/../
[WARN] not a git repo: /OpenROAD-flow-scripts/flow/platforms/asap7
[WARN] Tag globalroute__timing__clock__slack not found in /w/experiments/outputs/orfs/asap7/aes/base/logs/asap7/aes/base/5_1_grt.log. Will use N/A.
[WARN] Overwriting Tag finish__runtime__total
[WARN] Overwriting Tag finish__cpu__total
[WARN] Overwriting Tag finish__mem__peak
/usr/bin/python3 /OpenROAD-flow-scripts/flow/util/checkMetadata.py \
    -m /w/experiments/outputs/orfs/asap7/aes/base/reports/asap7/aes/base/metadata.json \
    -r ./designs/asap7/aes/rules-base.json 2>&1 \
    | tee /w/experiments/outputs/orfs/asap7/aes/base/reports/asap7/aes/base/metadata-check.log
[INFO] synth__canonical_netlist__hash pass test: N/A == N/A
[INFO] synth__netlist__hash pass test: N/A == N/A
[INFO] synth__design__instance__area__stdcell pass test: 1399.29 <= 1610
[INFO] constraints__clocks__count pass test: 2 == 2
[INFO] placeopt__design__instance__area pass test: 1392.7 <= 1597
[INFO] placeopt__design__instance__count__stdcell pass test: 12485 <= 14321
[INFO] detailedplace__design__violations pass test: 0 == 0
[INFO] cts__design__instance__count__setup_buffer pass test: 59 <= 1245
[INFO] cts__design__instance__count__hold_buffer pass test: 0 <= 1245
[INFO] cts__timing__setup__ws pass test: -3.91326 >= -20.8
[INFO] cts__timing__setup__tns pass test: -17.6365 >= -79.3
[INFO] cts__timing__hold__ws pass test: 35.8359 >= -19
[INFO] cts__timing__hold__tns pass test: 0 >= -76
[INFO] globalroute__antenna_diodes_count pass test: 0 <= 100
[INFO] globalroute__timing__setup__ws pass test: -10.5474 >= -27.8
[INFO] globalroute__timing__setup__tns pass test: -258.533 >= -467
[INFO] globalroute__timing__hold__ws pass test: 37.4642 >= -19
[INFO] globalroute__timing__hold__tns pass test: 0 >= -76
[INFO] detailedroute__route__wirelength pass test: 49876 <= 57175
[INFO] detailedroute__route__drc_errors pass test: 0 <= 0
[INFO] detailedroute__antenna__violating__nets pass test: 0 <= 0
[INFO] detailedroute__antenna_diodes_count pass test: 0 <= 100
[INFO] finish__timing__setup__ws pass test: -10.7962 >= -24.2
[INFO] finish__timing__setup__tns pass test: -90.3713 >= -191
[INFO] finish__timing__hold__ws pass test: 35.9489 >= -19
[INFO] finish__timing__hold__tns pass test: 0 >= -76
[INFO] finish__design__instance__area pass test: 1452.2 <= 1663
Metadata check warnings: 0
All metadata rules passed (27 rules)
