mkdir -p /work/orfs/results/sky130hd/g2_ubp3s_u60/base/
echo 3.0 > /work/orfs/results/sky130hd/g2_ubp3s_u60/base/clock_period.txt
/OpenROAD-flow-scripts/flow/scripts/synth.sh /OpenROAD-flow-scripts/flow/scripts/synth_canonicalize.tcl /work/orfs/logs/sky130hd/g2_ubp3s_u60/base/1_1_yosys_canonicalize.log
exec cp /work/ubp3s/netlist_base.v /work/orfs/results/sky130hd/g2_ubp3s_u60/base/1_2_yosys.v
exec touch -r /work/ubp3s/netlist_base.v /work/orfs/results/sky130hd/g2_ubp3s_u60/base/1_2_yosys.v
Elapsed time: 0:00.05[h:]min:sec. CPU time: user 0.04 sys 0.00 (96%). Peak memory: 27400KB.
Log                       Ext     Elapsed/s Peak Memory/MB sha1sum result [0:20)
1_1_yosys_canonicalize                    0             26                  N/A
/OpenROAD-flow-scripts/flow/scripts/synth.sh /OpenROAD-flow-scripts/flow/scripts/synth.tcl /work/orfs/logs/sky130hd/g2_ubp3s_u60/base/1_2_yosys.log
exec cp /work/ubp3s/netlist_base.v /work/orfs/results/sky130hd/g2_ubp3s_u60/base/1_2_yosys.v
exec touch -r /work/ubp3s/netlist_base.v /work/orfs/results/sky130hd/g2_ubp3s_u60/base/1_2_yosys.v
Elapsed time: 0:00.04[h:]min:sec. CPU time: user 0.03 sys 0.01 (98%). Peak memory: 27272KB.
Log                       Ext     Elapsed/s Peak Memory/MB sha1sum result [0:20)
1_2_yosys                 .v              0             26 93b75006f64992473138
cp /work/ubp3s/constraint.sdc /work/orfs/results/sky130hd/g2_ubp3s_u60/base/1_2_yosys.sdc
touch -r /work/ubp3s/constraint.sdc /work/orfs/results/sky130hd/g2_ubp3s_u60/base/1_2_yosys.sdc
OpenROAD unknown 
Features included (+) or not (-): -GPU +GUI -Python
This program is licensed under the BSD-3 license. See the LICENSE file for details.
Components of this program may be licensed under more restrictive licenses which must be honored.
[INFO ORD-0030] Using 2 thread(s).
mkdir -p /work/orfs/objects/sky130hd/g2_ubp3s_u60/base
/OpenROAD-flow-scripts/flow/scripts/flow.sh 1_synth synth_odb
Running synth_odb.tcl, stage 1_synth
read_liberty /OpenROAD-flow-scripts/flow/platforms/sky130hd/lib/sky130_fd_sc_hd__tt_025C_1v80.lib
read_liberty /work/cells/g2_cells.lib
[INFO ODB-0227] LEF file: /OpenROAD-flow-scripts/flow/platforms/sky130hd/lef/sky130_fd_sc_hd.tlef, created 13 layers, 25 vias
[INFO ODB-0227] LEF file: /OpenROAD-flow-scripts/flow/platforms/sky130hd/lef/sky130_fd_sc_hd_merged.lef, created 441 library cells
[INFO ODB-0227] LEF file: /work/cells/g2_cells.lef, created 4 library cells
link_design top
read_sdc /work/orfs/results/sky130hd/g2_ubp3s_u60/base/1_2_yosys.sdc
source /OpenROAD-flow-scripts/flow/platforms/sky130hd/setRC.tcl
Design area 169469 um^2 100% utilization.
source /work/cells/dont_touch.tcl
G2: dont_touch set on 1956 via-site/line-tap instances
write_db /work/orfs/results/sky130hd/g2_ubp3s_u60/base/1_synth.odb
write_sdc -no_timestamp /work/orfs/results/sky130hd/g2_ubp3s_u60/base/1_synth.sdc
Warning: master sky130_ef_sc_hd__decap_12 has signal pins but no liberty cell
Elapsed time: 0:00.80[h:]min:sec. CPU time: user 0.66 sys 0.10 (94%). Peak memory: 135600KB.
Log                       Ext     Elapsed/s Peak Memory/MB sha1sum result [0:20)
1_synth                   .odb            0            132 afb9296fb6a59a5b6931
1_synth                   .sdc                             c9b52a36521419161edd
/OpenROAD-flow-scripts/flow/scripts/flow.sh 2_1_floorplan floorplan
Running floorplan.tcl, stage 2_1_floorplan
read_liberty /OpenROAD-flow-scripts/flow/platforms/sky130hd/lib/sky130_fd_sc_hd__tt_025C_1v80.lib
read_liberty /work/cells/g2_cells.lib
read_db /work/orfs/results/sky130hd/g2_ubp3s_u60/base/1_synth.odb
read_sdc /work/orfs/results/sky130hd/g2_ubp3s_u60/base/1_synth.sdc
source /OpenROAD-flow-scripts/flow/platforms/sky130hd/setRC.tcl
Master sky130_ef_sc_hd__decap_12 is loaded but not used in the design

==========================================================================
Floorplan check_setup
--------------------------------------------------------------------------
number instances in verilog is 12349
initialize_floorplan -utilization 60 -aspect_ratio 1 -core_space 2 -site unithd
[INFO IFP-0107] Defining die area using utilization: 60.00% and aspect ratio: 1.
[WARNING IFP-0028] Core area lower left (2.000, 2.000) snapped to (2.300, 2.720).
[INFO IFP-0001] Added 195 rows of 1154 site unithd.
[INFO IFP-0100] Die BBox:  (  0.000  0.000 ) ( 535.460 535.460 ) um
[INFO IFP-0101] Core BBox: (  2.300  2.720 ) ( 533.140 533.120 ) um
[INFO IFP-0102] Core area:                       281557.536 um^2
[INFO IFP-0103] Total instances area:            169468.784 um^2
[INFO IFP-0104] Effective utilization:                0.602
[INFO IFP-0105] Number of instances:                  12349
source /OpenROAD-flow-scripts/flow/platforms/sky130hd/make_tracks.tcl
source /OpenROAD-flow-scripts/flow/platforms/sky130hd/fastroute.tcl
set_dont_use "sky130_fd_sc_hd__probe_p_8 sky130_fd_sc_hd__probec_p_8 sky130_fd_sc_hd__lpflow_bleeder_1 sky130_fd_sc_hd__lpflow_clkbufkapwr_1 sky130_fd_sc_hd__lpflow_clkbufkapwr_16 sky130_fd_sc_hd__lpflow_clkbufkapwr_2 sky130_fd_sc_hd__lpflow_clkbufkapwr_4 sky130_fd_sc_hd__lpflow_clkbufkapwr_8 sky130_fd_sc_hd__lpflow_clkinvkapwr_1 sky130_fd_sc_hd__lpflow_clkinvkapwr_16 sky130_fd_sc_hd__lpflow_clkinvkapwr_2 sky130_fd_sc_hd__lpflow_clkinvkapwr_4 sky130_fd_sc_hd__lpflow_clkinvkapwr_8 sky130_fd_sc_hd__lpflow_decapkapwr_12 sky130_fd_sc_hd__lpflow_decapkapwr_3 sky130_fd_sc_hd__lpflow_decapkapwr_4 sky130_fd_sc_hd__lpflow_decapkapwr_6 sky130_fd_sc_hd__lpflow_decapkapwr_8 sky130_fd_sc_hd__lpflow_inputiso0n_1 sky130_fd_sc_hd__lpflow_inputiso0p_1 sky130_fd_sc_hd__lpflow_inputiso1n_1 sky130_fd_sc_hd__lpflow_inputiso1p_1 sky130_fd_sc_hd__lpflow_inputisolatch_1 sky130_fd_sc_hd__lpflow_isobufsrc_1 sky130_fd_sc_hd__lpflow_isobufsrc_16 sky130_fd_sc_hd__lpflow_isobufsrc_2 sky130_fd_sc_hd__lpflow_isobufsrc_4 sky130_fd_sc_hd__lpflow_isobufsrc_8 sky130_fd_sc_hd__lpflow_isobufsrckapwr_16 sky130_fd_sc_hd__lpflow_lsbuf_lh_hl_isowell_tap_1 sky130_fd_sc_hd__lpflow_lsbuf_lh_hl_isowell_tap_2 sky130_fd_sc_hd__lpflow_lsbuf_lh_hl_isowell_tap_4 sky130_fd_sc_hd__lpflow_lsbuf_lh_isowell_4 sky130_fd_sc_hd__lpflow_lsbuf_lh_isowell_tap_1 sky130_fd_sc_hd__lpflow_lsbuf_lh_isowell_tap_2 sky130_fd_sc_hd__lpflow_lsbuf_lh_isowell_tap_4"
repair_tie_fanout -separation 0 sky130_fd_sc_hd__tt_025C_1v80/sky130_fd_sc_hd__conb_1/LO
repair_tie_fanout -separation 0 sky130_fd_sc_hd__tt_025C_1v80/sky130_fd_sc_hd__conb_1/HI
repair_timing -setup_margin 0 -hold_margin 0 -repair_tns 100 -match_cell_footprint -setup -skip_last_gasp -sequence unbuffer,sizeup,swap,vt_swap -verbose
[WARNING EST-0027] no estimated parasitics. Using wire load models.
[INFO RSZ-0100] Repair move sequence: UnbufferMove SizeUpMove SwapPinsMove 
[INFO RSZ-0094] Found 2020 endpoints with setup violations.
[INFO RSZ-0099] Repairing 2020 out of 2020 (100.00%) violating endpoints...
   Iter   | Removed | Resized | Inserted | Cloned |  Pin  |   Area   |    WNS   |    TNS     |  Viol  |  Worst
          | Buffers |  Gates  | Buffers  |  Gates | Swaps |          |          |            | Endpts | Endpoint
------------------------------------------------------------------------------------------------------------------------------
       0* |       0 |       0 |        0 |      0 |     0 |    +0.0% |  -10.809 |   -16919.6 |   2020 | row0/_153_/D
      10* |       0 |       9 |        0 |      0 |     0 |    +0.0% |   -1.800 |    -2561.4 |   2020 | row0/_165_/D
      20* |       0 |      19 |        0 |      0 |     0 |    +0.0% |   -1.800 |    -2561.5 |   2020 | row1/_163_/D
      30* |       0 |      29 |        0 |      0 |     0 |    +0.0% |   -1.800 |    -2561.5 |   2020 | row10/_161_/D
      40* |       0 |      39 |        0 |      0 |     0 |    +0.0% |   -1.800 |    -2561.5 |   2020 | row11/_159_/D
      50* |       0 |      49 |        0 |      0 |     0 |    +0.0% |   -1.800 |    -2561.6 |   2020 | row12/_157_/D
      54* |       0 |       3 |        0 |      0 |     0 |    +0.0% |   -1.800 |    -2561.4 |   2020 | row12/_167_/D
      57* |       0 |       4 |        0 |      0 |     1 |    +0.0% |   -1.800 |    -2561.4 |   2020 | row12/_167_/D
      60* |       0 |       5 |        0 |      0 |     2 |    +0.0% |   -1.800 |    -2561.3 |   2020 | row12/_167_/D
      60* |       0 |       5 |        0 |      0 |     2 |    +0.0% |   -1.800 |    -2561.3 |   2020 | row12/_167_/D
      63* |       0 |       6 |        0 |      0 |     3 |    +0.0% |   -1.800 |    -2561.3 |   2020 | row12/_167_/D
      66* |       0 |       7 |        0 |      0 |     4 |    +0.0% |   -1.800 |    -2561.3 |   2020 | row12/_167_/D
      69* |       0 |       8 |        0 |      0 |     5 |    +0.0% |   -1.800 |    -2561.2 |   2020 | row12/_167_/D
      70* |       0 |       8 |        0 |      0 |     5 |    +0.0% |   -1.800 |    -2561.2 |   2020 | row12/_167_/D
      72* |       0 |       9 |        0 |      0 |     6 |    +0.0% |   -1.800 |    -2561.2 |   2020 | row12/_167_/D
      75* |       0 |      10 |        0 |      0 |     7 |    +0.0% |   -1.800 |    -2561.1 |   2020 | row12/_167_/D
      78* |       0 |      11 |        0 |      0 |     8 |    +0.0% |   -1.800 |    -2561.1 |   2020 | row12/_167_/D
      80* |       0 |      12 |        0 |      0 |     8 |    +0.0% |   -1.800 |    -2561.1 |   2020 | row12/_167_/D
      81* |       0 |      12 |        0 |      0 |     9 |    +0.0% |   -1.800 |    -2561.1 |   2020 | row12/_167_/D
      84* |       0 |      13 |        0 |      0 |    10 |    +0.0% |   -1.800 |    -2561.0 |   2020 | row12/_167_/D
      87* |       0 |      14 |        0 |      0 |    11 |    +0.0% |   -1.800 |    -2561.0 |   2020 | row12/_167_/D
      90* |       0 |      15 |        0 |      0 |    12 |    +0.0% |   -1.800 |    -2560.9 |   2020 | row12/_167_/D
      90* |       0 |      15 |        0 |      0 |    12 |    +0.0% |   -1.800 |    -2560.9 |   2020 | row12/_167_/D
      93* |       0 |      16 |        0 |      0 |    13 |    +0.0% |   -1.800 |    -2560.9 |   2020 | row12/_167_/D
      96* |       0 |      17 |        0 |      0 |    14 |    +0.0% |   -1.800 |    -2560.9 |   2020 | row12/_167_/D
      99* |       0 |      18 |        0 |      0 |    15 |    +0.0% |   -1.800 |    -2560.8 |   2020 | row12/_167_/D
     100* |       0 |      18 |        0 |      0 |    15 |    +0.0% |   -1.800 |    -2560.8 |   2020 | row12/_167_/D
     102* |       0 |      19 |        0 |      0 |    16 |    +0.0% |   -1.800 |    -2560.8 |   2020 | row12/_167_/D
     105* |       0 |      20 |        0 |      0 |    17 |    +0.0% |   -1.800 |    -2560.7 |   2020 | row12/_167_/D
     108* |       0 |      21 |        0 |      0 |    18 |    +0.0% |   -1.800 |    -2560.7 |   2020 | row12/_167_/D
     110* |       0 |      22 |        0 |      0 |    18 |    +0.0% |   -1.800 |    -2560.7 |   2020 | row12/_167_/D
     111* |       0 |      22 |        0 |      0 |    19 |    +0.0% |   -1.800 |    -2560.7 |   2020 | row12/_167_/D
     114* |       0 |      23 |        0 |      0 |    20 |    +0.0% |   -1.800 |    -2560.6 |   2020 | row12/_167_/D
     117* |       0 |      24 |        0 |      0 |    21 |    +0.0% |   -1.800 |    -2560.6 |   2020 | row12/_167_/D
     120* |       0 |      25 |        0 |      0 |    22 |    +0.0% |   -1.800 |    -2560.5 |   2020 | row12/_167_/D
     120* |       0 |      25 |        0 |      0 |    22 |    +0.0% |   -1.800 |    -2560.5 |   2020 | row12/_167_/D
     123* |       0 |      26 |        0 |      0 |    23 |    +0.0% |   -1.800 |    -2560.5 |   2020 | row12/_167_/D
     126* |       0 |      27 |        0 |      0 |    24 |    +0.0% |   -1.800 |    -2560.4 |   2020 | row12/_167_/D
     129* |       0 |      28 |        0 |      0 |    25 |    +0.0% |   -1.800 |    -2560.4 |   2020 | row12/_167_/D
     130* |       0 |      28 |        0 |      0 |    25 |    +0.0% |   -1.800 |    -2560.4 |   2020 | row12/_167_/D
     132* |       0 |      29 |        0 |      0 |    26 |    +0.0% |   -1.800 |    -2560.4 |   2020 | row12/_167_/D
     135* |       0 |      30 |        0 |      0 |    27 |    +0.0% |   -1.800 |    -2560.3 |   2020 | row12/_167_/D
     138* |       0 |      31 |        0 |      0 |    28 |    +0.0% |   -1.800 |    -2560.3 |   2020 | row12/_167_/D
     140* |       0 |      32 |        0 |      0 |    28 |    +0.0% |   -1.800 |    -2560.3 |   2020 | row12/_167_/D
     141* |       0 |      32 |        0 |      0 |    29 |    +0.0% |   -1.800 |    -2560.2 |   2020 | row12/_167_/D
     144* |       0 |      33 |        0 |      0 |    30 |    +0.0% |   -1.800 |    -2560.2 |   2020 | row12/_167_/D
     147* |       0 |      34 |        0 |      0 |    31 |    +0.0% |   -1.800 |    -2560.2 |   2020 | row12/_167_/D
     150* |       0 |      35 |        0 |      0 |    32 |    +0.0% |   -1.800 |    -2560.1 |   2020 | row12/_167_/D
     150* |       0 |      35 |        0 |      0 |    32 |    +0.0% |   -1.800 |    -2560.1 |   2020 | row12/_167_/D
     153* |       0 |      36 |        0 |      0 |    33 |    +0.0% |   -1.800 |    -2560.1 |   2020 | row12/_167_/D
     156* |       0 |      37 |        0 |      0 |    34 |    +0.0% |   -1.800 |    -2560.0 |   2020 | row12/_167_/D
     159* |       0 |      38 |        0 |      0 |    35 |    +0.0% |   -1.800 |    -2560.0 |   2020 | row12/_167_/D
     160* |       0 |      38 |        0 |      0 |    35 |    +0.0% |   -1.800 |    -2560.0 |   2020 | row12/_167_/D
     162* |       0 |      39 |        0 |      0 |    36 |    +0.0% |   -1.800 |    -2560.0 |   2020 | row12/_167_/D
     165* |       0 |      40 |        0 |      0 |    37 |    +0.0% |   -1.800 |    -2559.9 |   2020 | row12/_167_/D
     168* |       0 |      41 |        0 |      0 |    38 |    +0.0% |   -1.800 |    -2559.9 |   2020 | row12/_167_/D
     170* |       0 |      42 |        0 |      0 |    38 |    +0.0% |   -1.800 |    -2559.9 |   2020 | row12/_167_/D
     171* |       0 |      42 |        0 |      0 |    39 |    +0.0% |   -1.800 |    -2559.8 |   2020 | row12/_167_/D
     174* |       0 |      43 |        0 |      0 |    40 |    +0.0% |   -1.800 |    -2559.8 |   2020 | row12/_167_/D
     177* |       0 |      44 |        0 |      0 |    41 |    +0.0% |   -1.800 |    -2559.8 |   2020 | row12/_167_/D
     180* |       0 |      45 |        0 |      0 |    42 |    +0.0% |   -1.800 |    -2559.7 |   2020 | row12/_167_/D
     180* |       0 |      45 |        0 |      0 |    42 |    +0.0% |   -1.800 |    -2559.7 |   2020 | row12/_167_/D
     183* |       0 |      46 |        0 |      0 |    43 |    +0.0% |   -1.800 |    -2559.7 |   2020 | row12/_167_/D
     186* |       0 |      47 |        0 |      0 |    44 |    +0.0% |   -1.800 |    -2559.6 |   2020 | row12/_167_/D
     189* |       0 |      48 |        0 |      0 |    45 |    +0.0% |   -1.800 |    -2559.6 |   2020 | row12/_167_/D
     190* |       0 |      48 |        0 |      0 |    45 |    +0.0% |   -1.800 |    -2559.6 |   2020 | row12/_167_/D
     192* |       0 |      49 |        0 |      0 |    46 |    +0.0% |   -1.800 |    -2559.6 |   2020 | row12/_167_/D
     195* |       0 |      50 |        0 |      0 |    47 |    +0.0% |   -1.800 |    -2559.5 |   2020 | row12/_167_/D
     198* |       0 |      51 |        0 |      0 |    48 |    +0.0% |   -1.800 |    -2559.5 |   2020 | row12/_167_/D
     200* |       0 |      52 |        0 |      0 |    48 |    +0.0% |   -1.800 |    -2559.5 |   2020 | row12/_167_/D
     201* |       0 |      52 |        0 |      0 |    49 |    +0.0% |   -1.800 |    -2559.4 |   2020 | row12/_167_/D
     204* |       0 |      53 |        0 |      0 |    50 |    +0.0% |   -1.800 |    -2559.4 |   2020 | row12/_167_/D
     207* |       0 |      54 |        0 |      0 |    51 |    +0.0% |   -1.800 |    -2559.3 |   2020 | row0/_153_/D
     210* |       0 |      55 |        0 |      0 |    52 |    +0.0% |   -1.800 |    -2559.3 |   2020 | row0/_153_/D
     210* |       0 |      55 |        0 |      0 |    52 |    +0.0% |   -1.800 |    -2559.3 |   2020 | row0/_153_/D
     213* |       0 |      56 |        0 |      0 |    53 |    +0.0% |   -1.800 |    -2559.3 |   2020 | row0/_153_/D
     216* |       0 |      57 |        0 |      0 |    54 |    +0.0% |   -1.800 |    -2559.2 |   2020 | row0/_153_/D
     219* |       0 |      58 |        0 |      0 |    55 |    +0.0% |   -1.800 |    -2559.2 |   2020 | row0/_153_/D
     220* |       0 |      58 |        0 |      0 |    55 |    +0.0% |   -1.800 |    -2559.2 |   2020 | row0/_153_/D
     222* |       0 |      59 |        0 |      0 |    56 |    +0.0% |   -1.800 |    -2559.1 |   2020 | row0/_153_/D
     225* |       0 |      60 |        0 |      0 |    57 |    +0.0% |   -1.800 |    -2559.1 |   2020 | row0/_153_/D
     228* |       0 |      61 |        0 |      0 |    58 |    +0.0% |   -1.800 |    -2559.1 |   2020 | row0/_153_/D
     230* |       0 |      62 |        0 |      0 |    58 |    +0.0% |   -1.800 |    -2559.1 |   2020 | row0/_153_/D
     231* |       0 |      62 |        0 |      0 |    59 |    +0.0% |   -1.800 |    -2559.0 |   2020 | row0/_153_/D
     234* |       0 |      63 |        0 |      0 |    60 |    +0.0% |   -1.800 |    -2559.0 |   2020 | row0/_153_/D
     237* |       0 |      64 |        0 |      0 |    61 |    +0.0% |   -1.800 |    -2558.9 |   2020 | row0/_153_/D
     240* |       0 |      65 |        0 |      0 |    62 |    +0.0% |   -1.800 |    -2558.9 |   2020 | row0/_153_/D
     240* |       0 |      65 |        0 |      0 |    62 |    +0.0% |   -1.800 |    -2558.9 |   2020 | row0/_153_/D
     243* |       0 |      66 |        0 |      0 |    63 |    +0.0% |   -1.800 |    -2558.9 |   2020 | row0/_153_/D
     246* |       0 |      67 |        0 |      0 |    64 |    +0.1% |   -1.800 |    -2558.8 |   2020 | row0/_153_/D
     249* |       0 |      68 |        0 |      0 |    65 |    +0.1% |   -1.800 |    -2558.8 |   2020 | row0/_153_/D
     250* |       0 |      68 |        0 |      0 |    65 |    +0.1% |   -1.800 |    -2558.8 |   2020 | row0/_153_/D
     252* |       0 |      69 |        0 |      0 |    66 |    +0.1% |   -1.800 |    -2558.7 |   2020 | row0/_153_/D
     255* |       0 |      70 |        0 |      0 |    67 |    +0.1% |   -1.800 |    -2558.7 |   2020 | row0/_153_/D
     258* |       0 |      71 |        0 |      0 |    68 |    +0.1% |   -1.800 |    -2558.7 |   2020 | row0/_153_/D
     260* |       0 |      72 |        0 |      0 |    68 |    +0.1% |   -1.800 |    -2558.7 |   2020 | row0/_153_/D
     261* |       0 |      72 |        0 |      0 |    69 |    +0.1% |   -1.800 |    -2558.6 |   2020 | row0/_153_/D
     264* |       0 |      73 |        0 |      0 |    70 |    +0.1% |   -1.800 |    -2558.6 |   2020 | row0/_153_/D
     267* |       0 |      74 |        0 |      0 |    71 |    +0.1% |   -1.800 |    -2558.5 |   2020 | row0/_153_/D
     270* |       0 |      75 |        0 |      0 |    72 |    +0.1% |   -1.800 |    -2558.5 |   2020 | row0/_153_/D
     270* |       0 |      75 |        0 |      0 |    72 |    +0.1% |   -1.800 |    -2558.5 |   2020 | row0/_153_/D
     273* |       0 |      76 |        0 |      0 |    73 |    +0.1% |   -1.800 |    -2558.5 |   2020 | row0/_153_/D
     276* |       0 |      77 |        0 |      0 |    74 |    +0.1% |   -1.800 |    -2558.4 |   2020 | row0/_153_/D
     279* |       0 |      78 |        0 |      0 |    75 |    +0.1% |   -1.800 |    -2558.4 |   2020 | row0/_153_/D
     280* |       0 |      78 |        0 |      0 |    75 |    +0.1% |   -1.800 |    -2558.4 |   2020 | row0/_153_/D
     282* |       0 |      79 |        0 |      0 |    76 |    +0.1% |   -1.800 |    -2558.3 |   2020 | row0/_153_/D
     285* |       0 |      80 |        0 |      0 |    77 |    +0.1% |   -1.800 |    -2558.3 |   2020 | row0/_153_/D
     288* |       0 |      81 |        0 |      0 |    78 |    +0.1% |   -1.800 |    -2558.2 |   2020 | row0/_153_/D
     290* |       0 |      82 |        0 |      0 |    78 |    +0.1% |   -1.800 |    -2558.3 |   2020 | row0/_153_/D
     291* |       0 |      82 |        0 |      0 |    79 |    +0.1% |   -1.800 |    -2558.2 |   2020 | row0/_153_/D
     294* |       0 |      83 |        0 |      0 |    80 |    +0.1% |   -1.800 |    -2558.2 |   2020 | row0/_153_/D
     297* |       0 |      84 |        0 |      0 |    81 |    +0.1% |   -1.800 |    -2558.1 |   2020 | row0/_153_/D
     300* |       0 |      85 |        0 |      0 |    82 |    +0.1% |   -1.800 |    -2558.1 |   2020 | row0/_153_/D
     300* |       0 |      85 |        0 |      0 |    82 |    +0.1% |   -1.800 |    -2558.1 |   2020 | row0/_153_/D
     303* |       0 |      86 |        0 |      0 |    83 |    +0.1% |   -1.800 |    -2558.0 |   2020 | row0/_153_/D
     306* |       0 |      87 |        0 |      0 |    84 |    +0.1% |   -1.800 |    -2558.0 |   2020 | row0/_153_/D
     309* |       0 |      88 |        0 |      0 |    85 |    +0.1% |   -1.800 |    -2558.0 |   2020 | row0/_153_/D
     310* |       0 |      88 |        0 |      0 |    85 |    +0.1% |   -1.800 |    -2558.0 |   2020 | row0/_153_/D
     312* |       0 |      89 |        0 |      0 |    86 |    +0.1% |   -1.800 |    -2557.9 |   2020 | row0/_153_/D
     315* |       0 |      90 |        0 |      0 |    87 |    +0.1% |   -1.800 |    -2557.9 |   2020 | row0/_153_/D
     318* |       0 |      91 |        0 |      0 |    88 |    +0.1% |   -1.800 |    -2557.8 |   2020 | row0/_153_/D
     320* |       0 |      92 |        0 |      0 |    88 |    +0.1% |   -1.800 |    -2557.8 |   2020 | row0/_153_/D
     321* |       0 |      92 |        0 |      0 |    89 |    +0.1% |   -1.800 |    -2557.8 |   2020 | row0/_153_/D
     324* |       0 |      93 |        0 |      0 |    90 |    +0.1% |   -1.800 |    -2557.8 |   2020 | row0/_153_/D
     327* |       0 |      94 |        0 |      0 |    91 |    +0.1% |   -1.800 |    -2557.7 |   2020 | row0/_153_/D
     330* |       0 |      95 |        0 |      0 |    92 |    +0.1% |   -1.800 |    -2557.7 |   2020 | row0/_153_/D
     330* |       0 |      95 |        0 |      0 |    92 |    +0.1% |   -1.800 |    -2557.7 |   2020 | row0/_153_/D
     333* |       0 |      96 |        0 |      0 |    93 |    +0.1% |   -1.800 |    -2557.6 |   2020 | row0/_153_/D
     336* |       0 |      97 |        0 |      0 |    94 |    +0.1% |   -1.800 |    -2557.6 |   2020 | row0/_153_/D
     339* |       0 |      98 |        0 |      0 |    95 |    +0.1% |   -1.800 |    -2557.6 |   2020 | row0/_153_/D
     340* |       0 |      98 |        0 |      0 |    95 |    +0.1% |   -1.800 |    -2557.6 |   2020 | row0/_153_/D
     342* |       0 |      99 |        0 |      0 |    96 |    +0.1% |   -1.800 |    -2557.5 |   2020 | row0/_153_/D
     345* |       0 |     100 |        0 |      0 |    97 |    +0.1% |   -1.800 |    -2557.5 |   2020 | row0/_153_/D
     348* |       0 |     101 |        0 |      0 |    98 |    +0.1% |   -1.800 |    -2557.4 |   2020 | row0/_153_/D
     350* |       0 |     102 |        0 |      0 |    98 |    +0.1% |   -1.800 |    -2557.4 |   2020 | row0/_153_/D
     351* |       0 |     102 |        0 |      0 |    99 |    +0.1% |   -1.800 |    -2557.4 |   2020 | row0/_153_/D
     354* |       0 |     103 |        0 |      0 |   100 |    +0.1% |   -1.800 |    -2557.4 |   2020 | row0/_153_/D
     357* |       0 |     104 |        0 |      0 |   101 |    +0.1% |   -1.800 |    -2557.3 |   2020 | row0/_153_/D
     360* |       0 |     105 |        0 |      0 |   102 |    +0.1% |   -1.800 |    -2557.3 |   2020 | row0/_153_/D
     360* |       0 |     105 |        0 |      0 |   102 |    +0.1% |   -1.800 |    -2557.3 |   2020 | row0/_153_/D
     363* |       0 |     106 |        0 |      0 |   103 |    +0.1% |   -1.800 |    -2557.2 |   2020 | row0/_153_/D
     366* |       0 |     107 |        0 |      0 |   104 |    +0.1% |   -1.800 |    -2557.2 |   2020 | row0/_153_/D
     369* |       0 |     108 |        0 |      0 |   105 |    +0.1% |   -1.800 |    -2557.1 |   2020 | row0/_153_/D
     370* |       0 |     108 |        0 |      0 |   105 |    +0.1% |   -1.800 |    -2557.1 |   2020 | row0/_153_/D
     372* |       0 |     109 |        0 |      0 |   106 |    +0.1% |   -1.800 |    -2557.1 |   2020 | row0/_153_/D
     375* |       0 |     110 |        0 |      0 |   107 |    +0.1% |   -1.800 |    -2557.1 |   2020 | row0/_153_/D
     378* |       0 |     111 |        0 |      0 |   108 |    +0.1% |   -1.800 |    -2557.0 |   2020 | row0/_153_/D
     380* |       0 |     112 |        0 |      0 |   108 |    +0.1% |   -1.800 |    -2557.0 |   2020 | row0/_153_/D
     381* |       0 |     112 |        0 |      0 |   109 |    +0.1% |   -1.800 |    -2557.0 |   2020 | row0/_153_/D
     384* |       0 |     113 |        0 |      0 |   110 |    +0.1% |   -1.800 |    -2556.9 |   2020 | row0/_153_/D
     387* |       0 |     114 |        0 |      0 |   111 |    +0.1% |   -1.800 |    -2556.9 |   2020 | row0/_153_/D
     390* |       0 |     115 |        0 |      0 |   112 |    +0.1% |   -1.800 |    -2556.9 |   2020 | row0/_153_/D
     390* |       0 |     115 |        0 |      0 |   112 |    +0.1% |   -1.800 |    -2556.9 |   2020 | row0/_153_/D
     393* |       0 |     116 |        0 |      0 |   113 |    +0.1% |   -1.800 |    -2556.8 |   2020 | row0/_153_/D
     396* |       0 |     117 |        0 |      0 |   114 |    +0.1% |   -1.800 |    -2556.8 |   2020 | row0/_153_/D
     399* |       0 |     118 |        0 |      0 |   115 |    +0.1% |   -1.800 |    -2556.7 |   2020 | row0/_153_/D
     400* |       0 |     118 |        0 |      0 |   115 |    +0.1% |   -1.800 |    -2556.7 |   2020 | row0/_153_/D
     402* |       0 |     119 |        0 |      0 |   116 |    +0.1% |   -1.800 |    -2556.7 |   2020 | row0/_153_/D
     405* |       0 |     120 |        0 |      0 |   117 |    +0.1% |   -1.800 |    -2556.7 |   2020 | row0/_153_/D
     408* |       0 |     121 |        0 |      0 |   118 |    +0.1% |   -1.800 |    -2556.6 |   2020 | row0/_153_/D
     410* |       0 |     122 |        0 |      0 |   118 |    +0.1% |   -1.800 |    -2556.6 |   2020 | row0/_153_/D
     411* |       0 |     122 |        0 |      0 |   119 |    +0.1% |   -1.800 |    -2556.6 |   2020 | row0/_153_/D
     414* |       0 |     123 |        0 |      0 |   120 |    +0.1% |   -1.800 |    -2556.5 |   2020 | row0/_153_/D
     417* |       0 |     124 |        0 |      0 |   121 |    +0.1% |   -1.800 |    -2556.5 |   2020 | row0/_153_/D
     420* |       0 |     125 |        0 |      0 |   122 |    +0.1% |   -1.800 |    -2556.5 |   2020 | row0/_153_/D
     420* |       0 |     125 |        0 |      0 |   122 |    +0.1% |   -1.800 |    -2556.5 |   2020 | row0/_153_/D
     423* |       0 |     126 |        0 |      0 |   123 |    +0.1% |   -1.800 |    -2556.4 |   2020 | row0/_153_/D
     426* |       0 |     127 |        0 |      0 |   124 |    +0.1% |   -1.800 |    -2556.4 |   2020 | row0/_153_/D
     429* |       0 |     128 |        0 |      0 |   125 |    +0.1% |   -1.800 |    -2556.3 |   2020 | row0/_153_/D
     430* |       0 |     128 |        0 |      0 |   125 |    +0.1% |   -1.800 |    -2556.3 |   2020 | row0/_153_/D
     432* |       0 |     129 |        0 |      0 |   126 |    +0.1% |   -1.800 |    -2556.3 |   2020 | row0/_153_/D
     435* |       0 |     130 |        0 |      0 |   127 |    +0.1% |   -1.800 |    -2556.3 |   2020 | row0/_153_/D
     438* |       0 |     131 |        0 |      0 |   128 |    +0.1% |   -1.800 |    -2556.2 |   2020 | row0/_153_/D
     440* |       0 |     132 |        0 |      0 |   128 |    +0.1% |   -1.800 |    -2556.2 |   2020 | row0/_153_/D
     441* |       0 |     132 |        0 |      0 |   129 |    +0.1% |   -1.800 |    -2556.2 |   2020 | row0/_153_/D
     444* |       0 |     133 |        0 |      0 |   130 |    +0.1% |   -1.800 |    -2556.1 |   2020 | row0/_153_/D
     447* |       0 |     134 |        0 |      0 |   131 |    +0.1% |   -1.800 |    -2556.1 |   2020 | row0/_153_/D
     450* |       0 |     135 |        0 |      0 |   132 |    +0.1% |   -1.800 |    -2556.0 |   2020 | row0/_153_/D
     450* |       0 |     135 |        0 |      0 |   132 |    +0.1% |   -1.800 |    -2556.0 |   2020 | row0/_153_/D
     453* |       0 |     136 |        0 |      0 |   133 |    +0.1% |   -1.800 |    -2556.0 |   2020 | row0/_153_/D
     456* |       0 |     137 |        0 |      0 |   134 |    +0.1% |   -1.800 |    -2556.0 |   2020 | row0/_153_/D
     459* |       0 |     138 |        0 |      0 |   135 |    +0.1% |   -1.800 |    -2555.9 |   2020 | row0/_153_/D
     460* |       0 |     138 |        0 |      0 |   135 |    +0.1% |   -1.800 |    -2555.9 |   2020 | row0/_153_/D
     462* |       0 |     139 |        0 |      0 |   136 |    +0.1% |   -1.800 |    -2555.9 |   2020 | row0/_153_/D
     465* |       0 |     140 |        0 |      0 |   137 |    +0.1% |   -1.800 |    -2555.8 |   2020 | row0/_153_/D
     468* |       0 |     141 |        0 |      0 |   138 |    +0.1% |   -1.800 |    -2555.8 |   2020 | row0/_153_/D
     470* |       0 |     142 |        0 |      0 |   138 |    +0.1% |   -1.800 |    -2555.8 |   2020 | row0/_153_/D
     471* |       0 |     142 |        0 |      0 |   139 |    +0.1% |   -1.800 |    -2555.8 |   2020 | row0/_153_/D
     474* |       0 |     143 |        0 |      0 |   140 |    +0.1% |   -1.800 |    -2555.7 |   2020 | row0/_153_/D
     477* |       0 |     144 |        0 |      0 |   141 |    +0.1% |   -1.800 |    -2555.7 |   2020 | row0/_153_/D
     480* |       0 |     145 |        0 |      0 |   142 |    +0.1% |   -1.800 |    -2555.6 |   2020 | row0/_153_/D
     480* |       0 |     145 |        0 |      0 |   142 |    +0.1% |   -1.800 |    -2555.6 |   2020 | row0/_153_/D
     483* |       0 |     146 |        0 |      0 |   143 |    +0.1% |   -1.800 |    -2555.6 |   2020 | row0/_153_/D
     486* |       0 |     147 |        0 |      0 |   144 |    +0.1% |   -1.800 |    -2555.6 |   2020 | row0/_153_/D
     489* |       0 |     148 |        0 |      0 |   145 |    +0.1% |   -1.800 |    -2555.5 |   2020 | row0/_153_/D
     490* |       0 |     148 |        0 |      0 |   145 |    +0.1% |   -1.800 |    -2555.5 |   2020 | row0/_153_/D
     492* |       0 |     149 |        0 |      0 |   146 |    +0.1% |   -1.800 |    -2555.5 |   2020 | row0/_153_/D
     495* |       0 |     150 |        0 |      0 |   147 |    +0.1% |   -1.800 |    -2555.4 |   2020 | row0/_153_/D
     498* |       0 |     151 |        0 |      0 |   148 |    +0.1% |   -1.800 |    -2555.4 |   2020 | row0/_153_/D
     500* |       0 |     152 |        0 |      0 |   148 |    +0.1% |   -1.800 |    -2555.4 |   2020 | row0/_153_/D
     501* |       0 |     152 |        0 |      0 |   149 |    +0.1% |   -1.800 |    -2555.4 |   2020 | row0/_153_/D
     504* |       0 |     153 |        0 |      0 |   150 |    +0.1% |   -1.800 |    -2555.3 |   2020 | row0/_153_/D
     507* |       0 |     154 |        0 |      0 |   151 |    +0.1% |   -1.800 |    -2555.3 |   2020 | row0/_153_/D
     510* |       0 |     155 |        0 |      0 |   152 |    +0.1% |   -1.800 |    -2555.2 |   2020 | row0/_153_/D
     510* |       0 |     155 |        0 |      0 |   152 |    +0.1% |   -1.800 |    -2555.2 |   2020 | row0/_153_/D
     513* |       0 |     156 |        0 |      0 |   153 |    +0.1% |   -1.800 |    -2555.2 |   2020 | row0/_153_/D
     516* |       0 |     157 |        0 |      0 |   154 |    +0.1% |   -1.800 |    -2555.1 |   2020 | row0/_153_/D
     519* |       0 |     158 |        0 |      0 |   155 |    +0.1% |   -1.800 |    -2555.1 |   2020 | row0/_153_/D
     520* |       0 |     158 |        0 |      0 |   155 |    +0.1% |   -1.800 |    -2555.1 |   2020 | row0/_153_/D
     522* |       0 |     159 |        0 |      0 |   156 |    +0.1% |   -1.800 |    -2555.1 |   2020 | row0/_153_/D
     525* |       0 |     160 |        0 |      0 |   157 |    +0.1% |   -1.800 |    -2555.0 |   2020 | row0/_153_/D
     528* |       0 |     161 |        0 |      0 |   158 |    +0.1% |   -1.800 |    -2555.0 |   2020 | row0/_153_/D
     530* |       0 |     162 |        0 |      0 |   158 |    +0.1% |   -1.800 |    -2555.0 |   2020 | row0/_153_/D
     531* |       0 |     162 |        0 |      0 |   159 |    +0.1% |   -1.800 |    -2554.9 |   2020 | row0/_153_/D
     534* |       0 |     163 |        0 |      0 |   160 |    +0.1% |   -1.800 |    -2554.9 |   2020 | row0/_153_/D
     537* |       0 |     164 |        0 |      0 |   161 |    +0.1% |   -1.800 |    -2554.9 |   2020 | row0/_153_/D
     540* |       0 |     165 |        0 |      0 |   162 |    +0.1% |   -1.800 |    -2554.8 |   2020 | row0/_153_/D
     540* |       0 |     165 |        0 |      0 |   162 |    +0.1% |   -1.800 |    -2554.8 |   2020 | row0/_153_/D
     543* |       0 |     166 |        0 |      0 |   163 |    +0.1% |   -1.800 |    -2554.8 |   2020 | row0/_153_/D
     546* |       0 |     167 |        0 |      0 |   164 |    +0.1% |   -1.800 |    -2554.7 |   2020 | row0/_153_/D
     549* |       0 |     168 |        0 |      0 |   165 |    +0.1% |   -1.800 |    -2554.7 |   2020 | row0/_153_/D
     550* |       0 |     168 |        0 |      0 |   165 |    +0.1% |   -1.800 |    -2554.7 |   2020 | row0/_153_/D
     552* |       0 |     169 |        0 |      0 |   166 |    +0.1% |   -1.800 |    -2554.7 |   2020 | row0/_153_/D
     555* |       0 |     170 |        0 |      0 |   167 |    +0.1% |   -1.800 |    -2554.6 |   2020 | row0/_153_/D
     558* |       0 |     171 |        0 |      0 |   168 |    +0.1% |   -1.800 |    -2554.6 |   2020 | row0/_153_/D
     560* |       0 |     172 |        0 |      0 |   168 |    +0.1% |   -1.800 |    -2554.6 |   2020 | row0/_153_/D
     561* |       0 |     172 |        0 |      0 |   169 |    +0.1% |   -1.800 |    -2554.5 |   2020 | row0/_153_/D
     564* |       0 |     173 |        0 |      0 |   170 |    +0.1% |   -1.800 |    -2554.5 |   2020 | row0/_153_/D
     567* |       0 |     174 |        0 |      0 |   171 |    +0.1% |   -1.800 |    -2554.5 |   2020 | row0/_153_/D
     570* |       0 |     175 |        0 |      0 |   172 |    +0.1% |   -1.800 |    -2554.4 |   2020 | row0/_153_/D
     570* |       0 |     175 |        0 |      0 |   172 |    +0.1% |   -1.800 |    -2554.4 |   2020 | row0/_153_/D
     573* |       0 |     176 |        0 |      0 |   173 |    +0.1% |   -1.800 |    -2554.4 |   2020 | row0/_153_/D
     576* |       0 |     177 |        0 |      0 |   174 |    +0.1% |   -1.800 |    -2554.3 |   2020 | row0/_153_/D
     579* |       0 |     178 |        0 |      0 |   175 |    +0.1% |   -1.800 |    -2554.3 |   2020 | row0/_153_/D
     580* |       0 |     178 |        0 |      0 |   175 |    +0.1% |   -1.800 |    -2554.3 |   2020 | row0/_153_/D
     582* |       0 |     179 |        0 |      0 |   176 |    +0.1% |   -1.800 |    -2554.3 |   2020 | row0/_153_/D
     585* |       0 |     180 |        0 |      0 |   177 |    +0.1% |   -1.800 |    -2554.2 |   2020 | row0/_153_/D
     588* |       0 |     181 |        0 |      0 |   178 |    +0.1% |   -1.800 |    -2554.2 |   2020 | row0/_153_/D
     590* |       0 |     182 |        0 |      0 |   178 |    +0.1% |   -1.800 |    -2554.2 |   2020 | row0/_153_/D
     591* |       0 |     182 |        0 |      0 |   179 |    +0.1% |   -1.800 |    -2554.1 |   2020 | row0/_153_/D
     594* |       0 |     183 |        0 |      0 |   180 |    +0.1% |   -1.800 |    -2554.1 |   2020 | row0/_153_/D
     597* |       0 |     184 |        0 |      0 |   181 |    +0.1% |   -1.800 |    -2554.0 |   2020 | row0/_153_/D
     600* |       0 |     185 |        0 |      0 |   182 |    +0.1% |   -1.800 |    -2554.0 |   2020 | row0/_153_/D
     600* |       0 |     185 |        0 |      0 |   182 |    +0.1% |   -1.800 |    -2554.0 |   2020 | row0/_153_/D
     603* |       0 |     186 |        0 |      0 |   183 |    +0.1% |   -1.800 |    -2554.0 |   2020 | row0/_153_/D
     606* |       0 |     187 |        0 |      0 |   184 |    +0.1% |   -1.800 |    -2553.9 |   2020 | row0/_153_/D
     609* |       0 |     188 |        0 |      0 |   185 |    +0.1% |   -1.800 |    -2553.9 |   2020 | row0/_153_/D
     610* |       0 |     188 |        0 |      0 |   185 |    +0.1% |   -1.800 |    -2553.9 |   2020 | row0/_153_/D
     612* |       0 |     189 |        0 |      0 |   186 |    +0.1% |   -1.800 |    -2553.8 |   2020 | row0/_153_/D
     615* |       0 |     190 |        0 |      0 |   187 |    +0.1% |   -1.800 |    -2553.8 |   2020 | row0/_153_/D
     618* |       0 |     191 |        0 |      0 |   188 |    +0.1% |   -1.800 |    -2553.8 |   2020 | row0/_153_/D
     620* |       0 |     192 |        0 |      0 |   188 |    +0.1% |   -1.800 |    -2553.8 |   2020 | row0/_153_/D
     621* |       0 |     192 |        0 |      0 |   189 |    +0.1% |   -1.800 |    -2553.7 |   2020 | row0/_153_/D
     624* |       0 |     193 |        0 |      0 |   190 |    +0.1% |   -1.800 |    -2553.7 |   2020 | row0/_153_/D
     627* |       0 |     194 |        0 |      0 |   191 |    +0.1% |   -1.800 |    -2553.6 |   2020 | row0/_153_/D
     630* |       0 |     195 |        0 |      0 |   192 |    +0.1% |   -1.800 |    -2553.6 |   2020 | row0/_153_/D
     630* |       0 |     195 |        0 |      0 |   192 |    +0.1% |   -1.800 |    -2553.6 |   2020 | row0/_153_/D
     633* |       0 |     196 |        0 |      0 |   193 |    +0.1% |   -1.800 |    -2553.6 |   2020 | row0/_153_/D
     636* |       0 |     197 |        0 |      0 |   194 |    +0.1% |   -1.800 |    -2553.5 |   2020 | row0/_153_/D
     639* |       0 |     198 |        0 |      0 |   195 |    +0.1% |   -1.800 |    -2553.5 |   2020 | row0/_153_/D
     640* |       0 |     198 |        0 |      0 |   195 |    +0.1% |   -1.800 |    -2553.5 |   2020 | row0/_153_/D
     642* |       0 |     199 |        0 |      0 |   196 |    +0.1% |   -1.800 |    -2553.4 |   2020 | row0/_153_/D
     645* |       0 |     200 |        0 |      0 |   197 |    +0.1% |   -1.800 |    -2553.4 |   2020 | row0/_153_/D
     648* |       0 |     201 |        0 |      0 |   198 |    +0.1% |   -1.800 |    -2553.4 |   2020 | row0/_153_/D
     650* |       0 |     202 |        0 |      0 |   198 |    +0.1% |   -1.800 |    -2553.4 |   2020 | row0/_153_/D
     651* |       0 |     202 |        0 |      0 |   199 |    +0.1% |   -1.800 |    -2553.3 |   2020 | row0/_153_/D
     654* |       0 |     203 |        0 |      0 |   200 |    +0.2% |   -1.800 |    -2553.3 |   2020 | row0/_153_/D
     657* |       0 |     204 |        0 |      0 |   201 |    +0.2% |   -1.800 |    -2553.2 |   2020 | row0/_153_/D
     660* |       0 |     205 |        0 |      0 |   202 |    +0.2% |   -1.800 |    -2553.2 |   2020 | row0/_153_/D
     660* |       0 |     205 |        0 |      0 |   202 |    +0.2% |   -1.800 |    -2553.2 |   2020 | row0/_153_/D
     663* |       0 |     206 |        0 |      0 |   203 |    +0.2% |   -1.800 |    -2553.2 |   2020 | row0/_153_/D
     666* |       0 |     207 |        0 |      0 |   204 |    +0.2% |   -1.800 |    -2553.1 |   2020 | row0/_153_/D
     669* |       0 |     208 |        0 |      0 |   205 |    +0.2% |   -1.800 |    -2553.1 |   2020 | row0/_153_/D
     670* |       0 |     208 |        0 |      0 |   205 |    +0.2% |   -1.800 |    -2553.1 |   2020 | row0/_153_/D
     672* |       0 |     209 |        0 |      0 |   206 |    +0.2% |   -1.800 |    -2553.0 |   2020 | row0/_153_/D
     675* |       0 |     210 |        0 |      0 |   207 |    +0.2% |   -1.800 |    -2553.0 |   2020 | row0/_153_/D
     678* |       0 |     211 |        0 |      0 |   208 |    +0.2% |   -1.800 |    -2552.9 |   2020 | row0/_153_/D
     680* |       0 |     212 |        0 |      0 |   208 |    +0.2% |   -1.800 |    -2553.0 |   2020 | row0/_153_/D
     681* |       0 |     212 |        0 |      0 |   209 |    +0.2% |   -1.800 |    -2552.9 |   2020 | row0/_153_/D
     684* |       0 |     213 |        0 |      0 |   210 |    +0.2% |   -1.800 |    -2552.9 |   2020 | row0/_153_/D
     687* |       0 |     214 |        0 |      0 |   211 |    +0.2% |   -1.800 |    -2552.8 |   2020 | row0/_153_/D
     690* |       0 |     215 |        0 |      0 |   212 |    +0.2% |   -1.800 |    -2552.8 |   2020 | row0/_153_/D
     690* |       0 |     215 |        0 |      0 |   212 |    +0.2% |   -1.800 |    -2552.8 |   2020 | row0/_153_/D
     693* |       0 |     216 |        0 |      0 |   213 |    +0.2% |   -1.800 |    -2552.7 |   2020 | row0/_153_/D
     696* |       0 |     217 |        0 |      0 |   214 |    +0.2% |   -1.800 |    -2552.7 |   2020 | row0/_153_/D
     699* |       0 |     218 |        0 |      0 |   215 |    +0.2% |   -1.800 |    -2552.7 |   2020 | row0/_153_/D
     700* |       0 |     218 |        0 |      0 |   215 |    +0.2% |   -1.800 |    -2552.7 |   2020 | row0/_153_/D
     702* |       0 |     219 |        0 |      0 |   216 |    +0.2% |   -1.800 |    -2552.6 |   2020 | row0/_153_/D
     705* |       0 |     220 |        0 |      0 |   217 |    +0.2% |   -1.800 |    -2552.6 |   2020 | row0/_153_/D
     708* |       0 |     221 |        0 |      0 |   218 |    +0.2% |   -1.800 |    -2552.5 |   2020 | row0/_153_/D
     710* |       0 |     222 |        0 |      0 |   218 |    +0.2% |   -1.800 |    -2552.5 |   2020 | row0/_153_/D
     711* |       0 |     222 |        0 |      0 |   219 |    +0.2% |   -1.800 |    -2552.5 |   2020 | row0/_153_/D
     714* |       0 |     223 |        0 |      0 |   220 |    +0.2% |   -1.800 |    -2552.5 |   2020 | row0/_153_/D
     717* |       0 |     224 |        0 |      0 |   221 |    +0.2% |   -1.800 |    -2552.4 |   2020 | row0/_153_/D
     720* |       0 |     225 |        0 |      0 |   222 |    +0.2% |   -1.800 |    -2552.4 |   2020 | row0/_153_/D
     720* |       0 |     225 |        0 |      0 |   222 |    +0.2% |   -1.800 |    -2552.4 |   2020 | row0/_153_/D
     723* |       0 |     226 |        0 |      0 |   223 |    +0.2% |   -1.800 |    -2552.3 |   2020 | row0/_153_/D
     726* |       0 |     227 |        0 |      0 |   224 |    +0.2% |   -1.800 |    -2552.3 |   2020 | row0/_153_/D
     729* |       0 |     228 |        0 |      0 |   225 |    +0.2% |   -1.800 |    -2552.3 |   2020 | row0/_153_/D
     730* |       0 |     228 |        0 |      0 |   225 |    +0.2% |   -1.800 |    -2552.3 |   2020 | row0/_153_/D
     732* |       0 |     229 |        0 |      0 |   226 |    +0.2% |   -1.800 |    -2552.2 |   2020 | row0/_153_/D
     735* |       0 |     230 |        0 |      0 |   227 |    +0.2% |   -1.800 |    -2552.2 |   2020 | row0/_153_/D
     738* |       0 |     231 |        0 |      0 |   228 |    +0.2% |   -1.800 |    -2552.1 |   2020 | row0/_153_/D
     740* |       0 |     232 |        0 |      0 |   228 |    +0.2% |   -1.800 |    -2552.1 |   2020 | row0/_153_/D
     741* |       0 |     232 |        0 |      0 |   229 |    +0.2% |   -1.800 |    -2552.1 |   2020 | row0/_153_/D
     744* |       0 |     233 |        0 |      0 |   230 |    +0.2% |   -1.800 |    -2552.1 |   2020 | row0/_153_/D
     747* |       0 |     234 |        0 |      0 |   231 |    +0.2% |   -1.800 |    -2552.0 |   2020 | row0/_153_/D
     750* |       0 |     235 |        0 |      0 |   232 |    +0.2% |   -1.800 |    -2552.0 |   2020 | row0/_153_/D
     750* |       0 |     235 |        0 |      0 |   232 |    +0.2% |   -1.800 |    -2552.0 |   2020 | row0/_153_/D
     753* |       0 |     236 |        0 |      0 |   233 |    +0.2% |   -1.800 |    -2551.9 |   2020 | row0/_153_/D
     756* |       0 |     237 |        0 |      0 |   234 |    +0.2% |   -1.800 |    -2551.9 |   2020 | row0/_153_/D
     759* |       0 |     238 |        0 |      0 |   235 |    +0.2% |   -1.800 |    -2551.8 |   2020 | row0/_153_/D
     760* |       0 |     238 |        0 |      0 |   235 |    +0.2% |   -1.800 |    -2551.8 |   2020 | row0/_153_/D
     762* |       0 |     239 |        0 |      0 |   236 |    +0.2% |   -1.800 |    -2551.8 |   2020 | row0/_153_/D
     765* |       0 |     240 |        0 |      0 |   237 |    +0.2% |   -1.800 |    -2551.8 |   2020 | row0/_153_/D
     768* |       0 |     241 |        0 |      0 |   238 |    +0.2% |   -1.800 |    -2551.7 |   2020 | row0/_153_/D
     770* |       0 |     242 |        0 |      0 |   238 |    +0.2% |   -1.800 |    -2551.7 |   2020 | row0/_153_/D
     771* |       0 |     242 |        0 |      0 |   239 |    +0.2% |   -1.800 |    -2551.7 |   2020 | row0/_153_/D
     774* |       0 |     243 |        0 |      0 |   240 |    +0.2% |   -1.800 |    -2551.6 |   2020 | row0/_153_/D
     777* |       0 |     244 |        0 |      0 |   241 |    +0.2% |   -1.800 |    -2551.6 |   2020 | row0/_153_/D
     780* |       0 |     245 |        0 |      0 |   242 |    +0.2% |   -1.800 |    -2551.6 |   2020 | row0/_153_/D
     780* |       0 |     245 |        0 |      0 |   242 |    +0.2% |   -1.800 |    -2551.6 |   2020 | row0/_153_/D
     783* |       0 |     246 |        0 |      0 |   243 |    +0.2% |   -1.800 |    -2551.5 |   2020 | row0/_153_/D
     786* |       0 |     247 |        0 |      0 |   244 |    +0.2% |   -1.800 |    -2551.5 |   2020 | row0/_153_/D
     789* |       0 |     248 |        0 |      0 |   245 |    +0.2% |   -1.800 |    -2551.4 |   2020 | row0/_153_/D
     790* |       0 |     248 |        0 |      0 |   245 |    +0.2% |   -1.800 |    -2551.4 |   2020 | row0/_153_/D
     792* |       0 |     249 |        0 |      0 |   246 |    +0.2% |   -1.800 |    -2551.4 |   2020 | row0/_153_/D
     795* |       0 |     250 |        0 |      0 |   247 |    +0.2% |   -1.800 |    -2551.4 |   2020 | row0/_153_/D
     798* |       0 |     251 |        0 |      0 |   248 |    +0.2% |   -1.800 |    -2551.3 |   2020 | row0/_153_/D
     800* |       0 |     252 |        0 |      0 |   248 |    +0.2% |   -1.800 |    -2551.3 |   2020 | row0/_153_/D
     801* |       0 |     252 |        0 |      0 |   249 |    +0.2% |   -1.800 |    -2551.3 |   2020 | row0/_153_/D
     804* |       0 |     253 |        0 |      0 |   250 |    +0.2% |   -1.800 |    -2551.2 |   2020 | row0/_153_/D
     807* |       0 |     254 |        0 |      0 |   251 |    +0.2% |   -1.800 |    -2551.2 |   2020 | row0/_153_/D
     810* |       0 |     255 |        0 |      0 |   252 |    +0.2% |   -1.800 |    -2551.2 |   2020 | row0/_153_/D
     810* |       0 |     255 |        0 |      0 |   252 |    +0.2% |   -1.800 |    -2551.2 |   2020 | row0/_153_/D
     813* |       0 |     256 |        0 |      0 |   253 |    +0.2% |   -1.800 |    -2551.1 |   2020 | row0/_153_/D
     816* |       0 |     257 |        0 |      0 |   254 |    +0.2% |   -1.800 |    -2551.1 |   2020 | row0/_153_/D
     819* |       0 |     258 |        0 |      0 |   255 |    +0.2% |   -1.800 |    -2551.0 |   2020 | row0/_153_/D
     820* |       0 |     258 |        0 |      0 |   255 |    +0.2% |   -1.800 |    -2551.0 |   2020 | row0/_153_/D
     822* |       0 |     259 |        0 |      0 |   256 |    +0.2% |   -1.800 |    -2551.0 |   2020 | row0/_153_/D
     825* |       0 |     260 |        0 |      0 |   257 |    +0.2% |   -1.800 |    -2551.0 |   2020 | row0/_153_/D
     828* |       0 |     261 |        0 |      0 |   258 |    +0.2% |   -1.800 |    -2550.9 |   2020 | row0/_153_/D
     830* |       0 |     262 |        0 |      0 |   258 |    +0.2% |   -1.800 |    -2550.9 |   2020 | row0/_153_/D
     831* |       0 |     262 |        0 |      0 |   259 |    +0.2% |   -1.800 |    -2550.9 |   2020 | row0/_153_/D
     834* |       0 |     263 |        0 |      0 |   260 |    +0.2% |   -1.800 |    -2550.8 |   2020 | row0/_153_/D
     837* |       0 |     264 |        0 |      0 |   261 |    +0.2% |   -1.800 |    -2550.8 |   2020 | row0/_153_/D
     840* |       0 |     265 |        0 |      0 |   262 |    +0.2% |   -1.800 |    -2550.7 |   2020 | row0/_153_/D
     840* |       0 |     265 |        0 |      0 |   262 |    +0.2% |   -1.800 |    -2550.7 |   2020 | row0/_153_/D
     843* |       0 |     266 |        0 |      0 |   263 |    +0.2% |   -1.800 |    -2550.7 |   2020 | row0/_153_/D
     846* |       0 |     267 |        0 |      0 |   264 |    +0.2% |   -1.800 |    -2550.7 |   2020 | row0/_153_/D
     849* |       0 |     268 |        0 |      0 |   265 |    +0.2% |   -1.800 |    -2550.6 |   2020 | row0/_153_/D
     850* |       0 |     268 |        0 |      0 |   265 |    +0.2% |   -1.800 |    -2550.6 |   2020 | row0/_153_/D
     852* |       0 |     269 |        0 |      0 |   266 |    +0.2% |   -1.800 |    -2550.6 |   2020 | row0/_153_/D
     855* |       0 |     270 |        0 |      0 |   267 |    +0.2% |   -1.800 |    -2550.5 |   2020 | row0/_153_/D
     858* |       0 |     271 |        0 |      0 |   268 |    +0.2% |   -1.800 |    -2550.5 |   2020 | row0/_153_/D
     860* |       0 |     272 |        0 |      0 |   268 |    +0.2% |   -1.800 |    -2550.5 |   2020 | row0/_153_/D
     861* |       0 |     272 |        0 |      0 |   269 |    +0.2% |   -1.800 |    -2550.5 |   2020 | row0/_153_/D
     864* |       0 |     273 |        0 |      0 |   270 |    +0.2% |   -1.800 |    -2550.4 |   2020 | row0/_153_/D
     867* |       0 |     274 |        0 |      0 |   271 |    +0.2% |   -1.800 |    -2550.4 |   2020 | row0/_153_/D
     870* |       0 |     275 |        0 |      0 |   272 |    +0.2% |   -1.800 |    -2550.3 |   2020 | row0/_153_/D
     870* |       0 |     275 |        0 |      0 |   272 |    +0.2% |   -1.800 |    -2550.3 |   2020 | row0/_153_/D
     873* |       0 |     276 |        0 |      0 |   273 |    +0.2% |   -1.800 |    -2550.3 |   2020 | row0/_153_/D
     876* |       0 |     277 |        0 |      0 |   274 |    +0.2% |   -1.800 |    -2550.3 |   2020 | row0/_153_/D
     879* |       0 |     278 |        0 |      0 |   275 |    +0.2% |   -1.800 |    -2550.2 |   2020 | row0/_153_/D
     880* |       0 |     278 |        0 |      0 |   275 |    +0.2% |   -1.800 |    -2550.2 |   2020 | row0/_153_/D
     882* |       0 |     279 |        0 |      0 |   276 |    +0.2% |   -1.800 |    -2550.2 |   2020 | row0/_153_/D
     885* |       0 |     280 |        0 |      0 |   277 |    +0.2% |   -1.800 |    -2550.1 |   2020 | row0/_153_/D
     888* |       0 |     281 |        0 |      0 |   278 |    +0.2% |   -1.800 |    -2550.1 |   2020 | row0/_153_/D
     890* |       0 |     282 |        0 |      0 |   278 |    +0.2% |   -1.800 |    -2550.1 |   2020 | row0/_153_/D
     891* |       0 |     282 |        0 |      0 |   279 |    +0.2% |   -1.800 |    -2550.1 |   2020 | row0/_153_/D
     894* |       0 |     283 |        0 |      0 |   280 |    +0.2% |   -1.800 |    -2550.0 |   2020 | row0/_153_/D
     897* |       0 |     284 |        0 |      0 |   281 |    +0.2% |   -1.800 |    -2550.0 |   2020 | row0/_153_/D
     900* |       0 |     285 |        0 |      0 |   282 |    +0.2% |   -1.800 |    -2549.9 |   2020 | row0/_153_/D
     900* |       0 |     285 |        0 |      0 |   282 |    +0.2% |   -1.800 |    -2549.9 |   2020 | row0/_153_/D
     903* |       0 |     286 |        0 |      0 |   283 |    +0.2% |   -1.800 |    -2549.9 |   2020 | row0/_153_/D
     906* |       0 |     287 |        0 |      0 |   284 |    +0.2% |   -1.800 |    -2549.8 |   2020 | row0/_153_/D
     909* |       0 |     288 |        0 |      0 |   285 |    +0.2% |   -1.800 |    -2549.8 |   2020 | row0/_153_/D
     910* |       0 |     288 |        0 |      0 |   285 |    +0.2% |   -1.800 |    -2549.8 |   2020 | row0/_153_/D
     912* |       0 |     289 |        0 |      0 |   286 |    +0.2% |   -1.800 |    -2549.8 |   2020 | row0/_153_/D
     915* |       0 |     290 |        0 |      0 |   287 |    +0.2% |   -1.800 |    -2549.7 |   2020 | row0/_153_/D
     918* |       0 |     291 |        0 |      0 |   288 |    +0.2% |   -1.800 |    -2549.7 |   2020 | row0/_153_/D
     920* |       0 |     292 |        0 |      0 |   288 |    +0.2% |   -1.800 |    -2549.7 |   2020 | row0/_153_/D
     921* |       0 |     292 |        0 |      0 |   289 |    +0.2% |   -1.800 |    -2549.6 |   2020 | row0/_153_/D
     924* |       0 |     293 |        0 |      0 |   290 |    +0.2% |   -1.800 |    -2549.6 |   2020 | row0/_153_/D
     927* |       0 |     294 |        0 |      0 |   291 |    +0.2% |   -1.800 |    -2549.6 |   2020 | row0/_153_/D
     930* |       0 |     295 |        0 |      0 |   292 |    +0.2% |   -1.800 |    -2549.5 |   2020 | row0/_153_/D
     930* |       0 |     295 |        0 |      0 |   292 |    +0.2% |   -1.800 |    -2549.5 |   2020 | row0/_153_/D
     933* |       0 |     296 |        0 |      0 |   293 |    +0.2% |   -1.800 |    -2549.5 |   2020 | row0/_153_/D
     936* |       0 |     297 |        0 |      0 |   294 |    +0.2% |   -1.800 |    -2549.4 |   2020 | row0/_153_/D
     939* |       0 |     298 |        0 |      0 |   295 |    +0.2% |   -1.800 |    -2549.4 |   2020 | row0/_153_/D
     940* |       0 |     298 |        0 |      0 |   295 |    +0.2% |   -1.800 |    -2549.4 |   2020 | row0/_153_/D
     942* |       0 |     299 |        0 |      0 |   296 |    +0.2% |   -1.800 |    -2549.4 |   2020 | row0/_153_/D
     945* |       0 |     300 |        0 |      0 |   297 |    +0.2% |   -1.800 |    -2549.3 |   2020 | row0/_153_/D
     948* |       0 |     301 |        0 |      0 |   298 |    +0.2% |   -1.800 |    -2549.3 |   2020 | row0/_153_/D
     950* |       0 |     302 |        0 |      0 |   298 |    +0.2% |   -1.800 |    -2549.3 |   2020 | row0/_153_/D
     951* |       0 |     302 |        0 |      0 |   299 |    +0.2% |   -1.800 |    -2549.2 |   2020 | row0/_153_/D
     954* |       0 |     303 |        0 |      0 |   300 |    +0.2% |   -1.800 |    -2549.2 |   2020 | row0/_153_/D
     957* |       0 |     304 |        0 |      0 |   301 |    +0.2% |   -1.800 |    -2549.2 |   2020 | row0/_153_/D
     960* |       0 |     305 |        0 |      0 |   302 |    +0.2% |   -1.800 |    -2549.1 |   2020 | row0/_153_/D
     960* |       0 |     305 |        0 |      0 |   302 |    +0.2% |   -1.800 |    -2549.1 |   2020 | row0/_153_/D
     963* |       0 |     306 |        0 |      0 |   303 |    +0.2% |   -1.800 |    -2549.1 |   2020 | row0/_153_/D
     966* |       0 |     307 |        0 |      0 |   304 |    +0.2% |   -1.800 |    -2549.0 |   2020 | row0/_153_/D
     969* |       0 |     308 |        0 |      0 |   305 |    +0.2% |   -1.800 |    -2549.0 |   2020 | row0/_153_/D
     970* |       0 |     308 |        0 |      0 |   305 |    +0.2% |   -1.800 |    -2549.0 |   2020 | row0/_153_/D
     972* |       0 |     309 |        0 |      0 |   306 |    +0.2% |   -1.800 |    -2549.0 |   2020 | row0/_153_/D
     975* |       0 |     310 |        0 |      0 |   307 |    +0.2% |   -1.800 |    -2548.9 |   2020 | row0/_153_/D
     978* |       0 |     311 |        0 |      0 |   308 |    +0.2% |   -1.800 |    -2548.9 |   2020 | row0/_153_/D
     980* |       0 |     312 |        0 |      0 |   308 |    +0.2% |   -1.800 |    -2548.9 |   2020 | row0/_153_/D
     981* |       0 |     312 |        0 |      0 |   309 |    +0.2% |   -1.800 |    -2548.8 |   2020 | row0/_153_/D
     984* |       0 |     313 |        0 |      0 |   310 |    +0.2% |   -1.800 |    -2548.8 |   2020 | row0/_153_/D
     987* |       0 |     314 |        0 |      0 |   311 |    +0.2% |   -1.800 |    -2548.7 |   2020 | row0/_153_/D
     990* |       0 |     315 |        0 |      0 |   312 |    +0.2% |   -1.800 |    -2548.7 |   2020 | row0/_153_/D
     990* |       0 |     315 |        0 |      0 |   312 |    +0.2% |   -1.800 |    -2548.7 |   2020 | row0/_153_/D
     993* |       0 |     316 |        0 |      0 |   313 |    +0.2% |   -1.800 |    -2548.7 |   2020 | row0/_153_/D
     996* |       0 |     317 |        0 |      0 |   314 |    +0.2% |   -1.800 |    -2548.6 |   2020 | row0/_153_/D
     999* |       0 |     318 |        0 |      0 |   315 |    +0.2% |   -1.800 |    -2548.6 |   2020 | row0/_153_/D
    1000* |       0 |     318 |        0 |      0 |   315 |    +0.2% |   -1.800 |    -2548.6 |   2020 | row0/_153_/D
    1002* |       0 |     319 |        0 |      0 |   316 |    +0.2% |   -1.800 |    -2548.5 |   2020 | row0/_153_/D
    1005* |       0 |     320 |        0 |      0 |   317 |    +0.2% |   -1.800 |    -2548.5 |   2020 | row0/_153_/D
    1008* |       0 |     321 |        0 |      0 |   318 |    +0.2% |   -1.800 |    -2548.5 |   2020 | row0/_153_/D
    1010* |       0 |     322 |        0 |      0 |   318 |    +0.2% |   -1.800 |    -2548.5 |   2020 | row0/_153_/D
    1011* |       0 |     322 |        0 |      0 |   319 |    +0.2% |   -1.800 |    -2548.4 |   2020 | row0/_153_/D
    1014* |       0 |     323 |        0 |      0 |   320 |    +0.2% |   -1.800 |    -2548.4 |   2020 | row0/_153_/D
    1017* |       0 |     324 |        0 |      0 |   321 |    +0.2% |   -1.800 |    -2548.3 |   2020 | row0/_153_/D
    1020* |       0 |     325 |        0 |      0 |   322 |    +0.2% |   -1.800 |    -2548.3 |   2020 | row0/_153_/D
    1020* |       0 |     325 |        0 |      0 |   322 |    +0.2% |   -1.800 |    -2548.3 |   2020 | row0/_153_/D
    1023* |       0 |     326 |        0 |      0 |   323 |    +0.2% |   -1.800 |    -2548.3 |   2020 | row0/_153_/D
    1026* |       0 |     327 |        0 |      0 |   324 |    +0.2% |   -1.800 |    -2548.2 |   2020 | row0/_153_/D
    1029* |       0 |     328 |        0 |      0 |   325 |    +0.2% |   -1.800 |    -2548.2 |   2020 | row0/_153_/D
    1030* |       0 |     328 |        0 |      0 |   325 |    +0.2% |   -1.800 |    -2548.2 |   2020 | row0/_153_/D
    1032* |       0 |     329 |        0 |      0 |   326 |    +0.2% |   -1.800 |    -2548.1 |   2020 | row0/_153_/D
    1035* |       0 |     330 |        0 |      0 |   327 |    +0.2% |   -1.800 |    -2548.1 |   2020 | row0/_153_/D
    1038* |       0 |     331 |        0 |      0 |   328 |    +0.2% |   -1.800 |    -2548.1 |   2020 | row0/_153_/D
    1040* |       0 |     332 |        0 |      0 |   328 |    +0.2% |   -1.800 |    -2548.1 |   2020 | row0/_153_/D
    1041* |       0 |     332 |        0 |      0 |   329 |    +0.2% |   -1.800 |    -2548.0 |   2020 | row0/_153_/D
    1044* |       0 |     333 |        0 |      0 |   330 |    +0.2% |   -1.800 |    -2548.0 |   2020 | row0/_153_/D
    1047* |       0 |     334 |        0 |      0 |   331 |    +0.2% |   -1.800 |    -2547.9 |   2020 | row0/_153_/D
    1050* |       0 |     335 |        0 |      0 |   332 |    +0.2% |   -1.800 |    -2547.9 |   2020 | row0/_153_/D
    1050* |       0 |     335 |        0 |      0 |   332 |    +0.2% |   -1.800 |    -2547.9 |   2020 | row0/_153_/D
    1053* |       0 |     336 |        0 |      0 |   333 |    +0.2% |   -1.800 |    -2547.9 |   2020 | row0/_153_/D
    1056* |       0 |     337 |        0 |      0 |   334 |    +0.2% |   -1.800 |    -2547.8 |   2020 | row0/_153_/D
    1059* |       0 |     338 |        0 |      0 |   335 |    +0.3% |   -1.800 |    -2547.8 |   2020 | row0/_153_/D
    1060* |       0 |     338 |        0 |      0 |   335 |    +0.3% |   -1.800 |    -2547.8 |   2020 | row0/_153_/D
    1062* |       0 |     339 |        0 |      0 |   336 |    +0.3% |   -1.800 |    -2547.7 |   2020 | row0/_153_/D
    1065* |       0 |     340 |        0 |      0 |   337 |    +0.3% |   -1.800 |    -2547.7 |   2020 | row0/_153_/D
    1068* |       0 |     341 |        0 |      0 |   338 |    +0.3% |   -1.800 |    -2547.6 |   2020 | row0/_153_/D
    1070* |       0 |     342 |        0 |      0 |   338 |    +0.3% |   -1.800 |    -2547.7 |   2020 | row0/_153_/D
    1071* |       0 |     342 |        0 |      0 |   339 |    +0.3% |   -1.800 |    -2547.6 |   2020 | row0/_153_/D
    1074* |       0 |     343 |        0 |      0 |   340 |    +0.3% |   -1.800 |    -2547.6 |   2020 | row0/_153_/D
    1077* |       0 |     344 |        0 |      0 |   341 |    +0.3% |   -1.800 |    -2547.5 |   2020 | row0/_153_/D
    1080* |       0 |     345 |        0 |      0 |   342 |    +0.3% |   -1.800 |    -2547.5 |   2020 | row0/_153_/D
    1080* |       0 |     345 |        0 |      0 |   342 |    +0.3% |   -1.800 |    -2547.5 |   2020 | row0/_153_/D
    1083* |       0 |     346 |        0 |      0 |   343 |    +0.3% |   -1.800 |    -2547.4 |   2020 | row0/_153_/D
    1086* |       0 |     347 |        0 |      0 |   344 |    +0.3% |   -1.800 |    -2547.4 |   2020 | row0/_153_/D
    1089* |       0 |     348 |        0 |      0 |   345 |    +0.3% |   -1.800 |    -2547.4 |   2020 | row0/_153_/D
    1090* |       0 |     348 |        0 |      0 |   345 |    +0.3% |   -1.800 |    -2547.4 |   2020 | row0/_153_/D
    1092* |       0 |     349 |        0 |      0 |   346 |    +0.3% |   -1.800 |    -2547.3 |   2020 | row0/_153_/D
    1095* |       0 |     350 |        0 |      0 |   347 |    +0.3% |   -1.800 |    -2547.3 |   2020 | row0/_153_/D
    1098* |       0 |     351 |        0 |      0 |   348 |    +0.3% |   -1.800 |    -2547.2 |   2020 | row0/_153_/D
    1100* |       0 |     352 |        0 |      0 |   348 |    +0.3% |   -1.800 |    -2547.2 |   2020 | row0/_153_/D
    1100* |       0 |     352 |        0 |      0 |   348 |    +0.3% |   -1.800 |    -2547.2 |   2020 | row0/_153_/D
    1103* |       0 |     353 |        0 |      0 |   349 |    +0.3% |   -1.800 |    -2547.2 |   2020 | row0/_153_/D
    1106* |       0 |     354 |        0 |      0 |   350 |    +0.3% |   -1.800 |    -2547.2 |   2020 | row0/_153_/D
    1109* |       0 |     355 |        0 |      0 |   351 |    +0.3% |   -1.800 |    -2547.1 |   2020 | row0/_153_/D
    1110* |       0 |     355 |        0 |      0 |   351 |    +0.3% |   -1.800 |    -2547.1 |   2020 | row0/_153_/D
    1112* |       0 |     356 |        0 |      0 |   352 |    +0.3% |   -1.800 |    -2547.1 |   2020 | row0/_153_/D
    1115* |       0 |     357 |        0 |      0 |   353 |    +0.3% |   -1.800 |    -2547.0 |   2020 | row0/_153_/D
    1118* |       0 |     358 |        0 |      0 |   354 |    +0.3% |   -1.800 |    -2547.0 |   2020 | row0/_153_/D
    1120* |       0 |     359 |        0 |      0 |   354 |    +0.3% |   -1.800 |    -2547.0 |   2020 | row0/_153_/D
    1121* |       0 |     359 |        0 |      0 |   355 |    +0.3% |   -1.800 |    -2547.0 |   2020 | row0/_153_/D
    1124* |       0 |     360 |        0 |      0 |   356 |    +0.3% |   -1.800 |    -2546.9 |   2020 | row0/_153_/D
    1127* |       0 |     361 |        0 |      0 |   357 |    +0.3% |   -1.800 |    -2546.9 |   2020 | row0/_153_/D
    1130* |       0 |     362 |        0 |      0 |   358 |    +0.3% |   -1.800 |    -2546.8 |   2020 | row0/_153_/D
    1130* |       0 |     362 |        0 |      0 |   358 |    +0.3% |   -1.800 |    -2546.8 |   2020 | row0/_153_/D
    1133* |       0 |     363 |        0 |      0 |   359 |    +0.3% |   -1.800 |    -2546.8 |   2020 | row0/_153_/D
    1136* |       0 |     364 |        0 |      0 |   360 |    +0.3% |   -1.800 |    -2546.8 |   2020 | row0/_153_/D
    1139* |       0 |     365 |        0 |      0 |   361 |    +0.3% |   -1.800 |    -2546.7 |   2020 | row0/_153_/D
    1140* |       0 |     365 |        0 |      0 |   361 |    +0.3% |   -1.800 |    -2546.7 |   2020 | row0/_153_/D
    1142* |       0 |     366 |        0 |      0 |   362 |    +0.3% |   -1.800 |    -2546.7 |   2020 | row0/_153_/D
    1145* |       0 |     367 |        0 |      0 |   363 |    +0.3% |   -1.800 |    -2546.6 |   2020 | row0/_153_/D
    1148* |       0 |     368 |        0 |      0 |   364 |    +0.3% |   -1.800 |    -2546.6 |   2020 | row0/_153_/D
    1150* |       0 |     369 |        0 |      0 |   364 |    +0.3% |   -1.800 |    -2546.6 |   2020 | row0/_153_/D
    1151* |       0 |     369 |        0 |      0 |   365 |    +0.3% |   -1.800 |    -2546.6 |   2020 | row0/_153_/D
    1154* |       0 |     370 |        0 |      0 |   366 |    +0.3% |   -1.800 |    -2546.5 |   2020 | row0/_153_/D
    1157* |       0 |     371 |        0 |      0 |   367 |    +0.3% |   -1.800 |    -2546.5 |   2020 | row0/_153_/D
    1160* |       0 |     372 |        0 |      0 |   368 |    +0.3% |   -1.800 |    -2546.4 |   2020 | row0/_153_/D
    1160* |       0 |     372 |        0 |      0 |   368 |    +0.3% |   -1.800 |    -2546.4 |   2020 | row0/_153_/D
    1163* |       0 |     373 |        0 |      0 |   369 |    +0.3% |   -1.800 |    -2546.4 |   2020 | row0/_153_/D
    1166* |       0 |     374 |        0 |      0 |   370 |    +0.3% |   -1.800 |    -2546.3 |   2020 | row0/_153_/D
    1169* |       0 |     375 |        0 |      0 |   371 |    +0.3% |   -1.800 |    -2546.3 |   2020 | row0/_153_/D
    1170* |       0 |     375 |        0 |      0 |   371 |    +0.3% |   -1.800 |    -2546.3 |   2020 | row0/_153_/D
    1172* |       0 |     376 |        0 |      0 |   372 |    +0.3% |   -1.800 |    -2546.3 |   2020 | row0/_153_/D
    1175* |       0 |     377 |        0 |      0 |   373 |    +0.3% |   -1.800 |    -2546.2 |   2020 | row0/_153_/D
    1178* |       0 |     378 |        0 |      0 |   374 |    +0.3% |   -1.800 |    -2546.2 |   2020 | row0/_153_/D
    1180* |       0 |     379 |        0 |      0 |   374 |    +0.3% |   -1.800 |    -2546.2 |   2020 | row0/_153_/D
    1181* |       0 |     379 |        0 |      0 |   375 |    +0.3% |   -1.800 |    -2546.1 |   2020 | row0/_153_/D
    1184* |       0 |     380 |        0 |      0 |   376 |    +0.3% |   -1.800 |    -2546.1 |   2020 | row0/_153_/D
    1187* |       0 |     381 |        0 |      0 |   377 |    +0.3% |   -1.800 |    -2546.1 |   2020 | row0/_153_/D
    1190* |       0 |     382 |        0 |      0 |   378 |    +0.3% |   -1.800 |    -2546.0 |   2020 | row0/_153_/D
    1190* |       0 |     382 |        0 |      0 |   378 |    +0.3% |   -1.800 |    -2546.0 |   2020 | row0/_153_/D
    1193* |       0 |     383 |        0 |      0 |   379 |    +0.3% |   -1.800 |    -2546.0 |   2020 | row0/_153_/D
    1196* |       0 |     384 |        0 |      0 |   380 |    +0.3% |   -1.800 |    -2545.9 |   2020 | row0/_153_/D
    1199* |       0 |     385 |        0 |      0 |   381 |    +0.3% |   -1.800 |    -2545.9 |   2020 | row0/_153_/D
    1200* |       0 |     385 |        0 |      0 |   381 |    +0.3% |   -1.800 |    -2545.9 |   2020 | row0/_153_/D
    1200* |       0 |     385 |        0 |      0 |   381 |    +0.3% |   -1.800 |    -2545.9 |   2020 | row0/_153_/D
    1200* |       0 |     385 |        0 |      0 |   381 |    +0.3% |   -1.800 |    -2545.9 |   2020 | row0/_153_/D
    final |       0 |     385 |        0 |      0 |   381 |    +0.3% |   -1.800 |    -2545.9 |   2020 | row0/_153_/D
------------------------------------------------------------------------------------------------------------------------------
[INFO RSZ-0051] Resized 385 instances: 385 up, 0 up match, 0 down, 0 VT
[INFO RSZ-0043] Swapped pins on 381 instances.
[WARNING RSZ-0062] Unable to repair all setup violations.
[INFO RSZ-0505] Runtime: 8.31s
Took 9 seconds: repair_timing -setup_margin 0 -hold_margin 0 -repair_tns 100 -match_cell_footprint -setup -skip_last_gasp -sequence unbuffer,sizeup,swap,vt_swap -verbose
Default units for flow
 time 1ns
 capacitance 1pF
 resistance 1kohm
 voltage 1v
 current 1mA
 power 1nW
 distance 1um
   Layer   | Unit Resistance | Unit Capacitance 
           |       (kohm/um) |          (pF/um)
------------------------------------------------
       li1 |        7.18e-02 |         1.50e-04
      met1 |        1.21e-03 |         1.72e-04
      met2 |        1.22e-03 |         1.36e-04
      met3 |        1.66e-04 |         2.15e-04
      met4 |        1.68e-04 |         1.48e-04
      met5 |        1.84e-05 |         1.54e-04
------------------------------------------------

   Layer   | Via Resistance 
           |         (kohm) 
----------------------------
      mcon |       9.25e-03 
       via |       4.50e-03 
      via2 |       3.37e-03 
      via3 |       3.77e-04 
      via4 |       5.80e-06 
----------------------------
Report metrics stage 2, floorplan final...

==========================================================================
floorplan final report_design_area
--------------------------------------------------------------------------
Design area 169952 um^2 60% utilization.
write_db /work/orfs/results/sky130hd/g2_ubp3s_u60/base/2_1_floorplan.odb
write_sdc -no_timestamp /work/orfs/results/sky130hd/g2_ubp3s_u60/base/2_1_floorplan.sdc
Elapsed time: 0:09.87[h:]min:sec. CPU time: user 8.60 sys 0.51 (92%). Peak memory: 180308KB.
Log                       Ext     Elapsed/s Peak Memory/MB sha1sum result [0:20)
2_1_floorplan             .odb            9            176 29c59856948114a6d37f
2_1_floorplan             .sdc                             c9b52a36521419161edd
/OpenROAD-flow-scripts/flow/scripts/flow.sh 2_2_floorplan_macro macro_place
Running macro_place.tcl, stage 2_2_floorplan_macro
read_liberty /OpenROAD-flow-scripts/flow/platforms/sky130hd/lib/sky130_fd_sc_hd__tt_025C_1v80.lib
read_liberty /work/cells/g2_cells.lib
read_db /work/orfs/results/sky130hd/g2_ubp3s_u60/base/2_1_floorplan.odb
read_sdc /work/orfs/results/sky130hd/g2_ubp3s_u60/base/2_1_floorplan.sdc
source /OpenROAD-flow-scripts/flow/platforms/sky130hd/setRC.tcl
No macros found: Skipping macro_placement
Design area 169952 um^2 60% utilization.
write_db /work/orfs/results/sky130hd/g2_ubp3s_u60/base/2_2_floorplan_macro.odb
Elapsed time: 0:00.58[h:]min:sec. CPU time: user 0.48 sys 0.08 (96%). Peak memory: 119160KB.
Log                       Ext     Elapsed/s Peak Memory/MB sha1sum result [0:20)
2_2_floorplan_macro       .odb            0            116 29c59856948114a6d37f
/OpenROAD-flow-scripts/flow/scripts/flow.sh 2_3_floorplan_tapcell tapcell
Running tapcell.tcl, stage 2_3_floorplan_tapcell
read_liberty /OpenROAD-flow-scripts/flow/platforms/sky130hd/lib/sky130_fd_sc_hd__tt_025C_1v80.lib
read_liberty /work/cells/g2_cells.lib
read_db /work/orfs/results/sky130hd/g2_ubp3s_u60/base/2_2_floorplan_macro.odb
read_sdc /work/orfs/results/sky130hd/g2_ubp3s_u60/base/2_1_floorplan.sdc
source /OpenROAD-flow-scripts/flow/platforms/sky130hd/setRC.tcl
[INFO TAP-0005] Inserted 3743 tapcells.
Design area 174635 um^2 62% utilization.
write_db /work/orfs/results/sky130hd/g2_ubp3s_u60/base/2_3_floorplan_tapcell.odb
Elapsed time: 0:00.62[h:]min:sec. CPU time: user 0.51 sys 0.08 (94%). Peak memory: 119920KB.
Log                       Ext     Elapsed/s Peak Memory/MB sha1sum result [0:20)
2_3_floorplan_tapcell     .odb            0            117 f2c8747dc59e4d809e9f
/OpenROAD-flow-scripts/flow/scripts/flow.sh 2_4_floorplan_pdn pdn
Running pdn.tcl, stage 2_4_floorplan_pdn
read_liberty /OpenROAD-flow-scripts/flow/platforms/sky130hd/lib/sky130_fd_sc_hd__tt_025C_1v80.lib
read_liberty /work/cells/g2_cells.lib
read_db /work/orfs/results/sky130hd/g2_ubp3s_u60/base/2_3_floorplan_tapcell.odb
read_sdc /work/orfs/results/sky130hd/g2_ubp3s_u60/base/2_1_floorplan.sdc
source /OpenROAD-flow-scripts/flow/platforms/sky130hd/setRC.tcl
[WARNING ODB-0383] lt_pn0_0 is marked do not touch and will be skipped in global connections.
[WARNING ODB-0383] lt_pn0_1 is marked do not touch and will be skipped in global connections.
[WARNING ODB-0383] lt_pn0_10 is marked do not touch and will be skipped in global connections.
[WARNING ODB-0383] lt_pn0_11 is marked do not touch and will be skipped in global connections.
[WARNING ODB-0383] lt_pn0_12 is marked do not touch and will be skipped in global connections.
[WARNING ODB-0383] lt_pn0_2 is marked do not touch and will be skipped in global connections.
[WARNING ODB-0383] lt_pn0_3 is marked do not touch and will be skipped in global connections.
[WARNING ODB-0383] lt_pn0_4 is marked do not touch and will be skipped in global connections.
[WARNING ODB-0383] lt_pn0_5 is marked do not touch and will be skipped in global connections.
[WARNING ODB-0383] lt_pn0_6 is marked do not touch and will be skipped in global connections.
[WARNING ODB-0383] lt_pn0_7 is marked do not touch and will be skipped in global connections.
[WARNING ODB-0383] lt_pn0_8 is marked do not touch and will be skipped in global connections.
[WARNING ODB-0383] lt_pn0_9 is marked do not touch and will be skipped in global connections.
[WARNING ODB-0383] lt_pn10_0 is marked do not touch and will be skipped in global connections.
[WARNING ODB-0383] lt_pn10_1 is marked do not touch and will be skipped in global connections.
[WARNING ODB-0383] lt_pn10_10 is marked do not touch and will be skipped in global connections.
[WARNING ODB-0383] lt_pn10_11 is marked do not touch and will be skipped in global connections.
[WARNING ODB-0383] lt_pn10_12 is marked do not touch and will be skipped in global connections.
[WARNING ODB-0383] lt_pn10_2 is marked do not touch and will be skipped in global connections.
[WARNING ODB-0383] lt_pn10_3 is marked do not touch and will be skipped in global connections.
[WARNING ODB-0383] lt_pn10_4 is marked do not touch and will be skipped in global connections.
[WARNING ODB-0383] lt_pn10_5 is marked do not touch and will be skipped in global connections.
[WARNING ODB-0383] lt_pn10_6 is marked do not touch and will be skipped in global connections.
[WARNING ODB-0383] lt_pn10_7 is marked do not touch and will be skipped in global connections.
[WARNING ODB-0383] lt_pn10_8 is marked do not touch and will be skipped in global connections.
[WARNING ODB-0383] lt_pn10_9 is marked do not touch and will be skipped in global connections.
[WARNING ODB-0383] lt_pn11_0 is marked do not touch and will be skipped in global connections.
[WARNING ODB-0383] lt_pn11_1 is marked do not touch and will be skipped in global connections.
[WARNING ODB-0383] lt_pn11_10 is marked do not touch and will be skipped in global connections.
[WARNING ODB-0383] lt_pn11_11 is marked do not touch and will be skipped in global connections.
[WARNING ODB-0383] lt_pn11_12 is marked do not touch and will be skipped in global connections.
[WARNING ODB-0383] lt_pn11_2 is marked do not touch and will be skipped in global connections.
[WARNING ODB-0383] lt_pn11_3 is marked do not touch and will be skipped in global connections.
[WARNING ODB-0383] lt_pn11_4 is marked do not touch and will be skipped in global connections.
[WARNING ODB-0383] lt_pn11_5 is marked do not touch and will be skipped in global connections.
[WARNING ODB-0383] lt_pn11_6 is marked do not touch and will be skipped in global connections.
[WARNING ODB-0383] lt_pn11_7 is marked do not touch and will be skipped in global connections.
[WARNING ODB-0383] lt_pn11_8 is marked do not touch and will be skipped in global connections.
[WARNING ODB-0383] lt_pn11_9 is marked do not touch and will be skipped in global connections.
[WARNING ODB-0383] lt_pn12_0 is marked do not touch and will be skipped in global connections.
[WARNING ODB-0383] lt_pn12_1 is marked do not touch and will be skipped in global connections.
[WARNING ODB-0383] lt_pn12_10 is marked do not touch and will be skipped in global connections.
[WARNING ODB-0383] lt_pn12_11 is marked do not touch and will be skipped in global connections.
[WARNING ODB-0383] lt_pn12_12 is marked do not touch and will be skipped in global connections.
[WARNING ODB-0383] lt_pn12_2 is marked do not touch and will be skipped in global connections.
[WARNING ODB-0383] lt_pn12_3 is marked do not touch and will be skipped in global connections.
[WARNING ODB-0383] lt_pn12_4 is marked do not touch and will be skipped in global connections.
[WARNING ODB-0383] lt_pn12_5 is marked do not touch and will be skipped in global connections.
[WARNING ODB-0383] lt_pn12_6 is marked do not touch and will be skipped in global connections.
[WARNING ODB-0383] lt_pn12_7 is marked do not touch and will be skipped in global connections.
[WARNING ODB-0383] lt_pn12_8 is marked do not touch and will be skipped in global connections.
[WARNING ODB-0383] lt_pn12_9 is marked do not touch and will be skipped in global connections.
[WARNING ODB-0383] lt_pn13_0 is marked do not touch and will be skipped in global connections.
[WARNING ODB-0383] lt_pn13_1 is marked do not touch and will be skipped in global connections.
[WARNING ODB-0383] lt_pn13_10 is marked do not touch and will be skipped in global connections.
[WARNING ODB-0383] lt_pn13_11 is marked do not touch and will be skipped in global connections.
[WARNING ODB-0383] lt_pn13_12 is marked do not touch and will be skipped in global connections.
[WARNING ODB-0383] lt_pn13_2 is marked do not touch and will be skipped in global connections.
[WARNING ODB-0383] lt_pn13_3 is marked do not touch and will be skipped in global connections.
[WARNING ODB-0383] lt_pn13_4 is marked do not touch and will be skipped in global connections.
[WARNING ODB-0383] lt_pn13_5 is marked do not touch and will be skipped in global connections.
[WARNING ODB-0383] lt_pn13_6 is marked do not touch and will be skipped in global connections.
[WARNING ODB-0383] lt_pn13_7 is marked do not touch and will be skipped in global connections.
[WARNING ODB-0383] lt_pn13_8 is marked do not touch and will be skipped in global connections.
[WARNING ODB-0383] lt_pn13_9 is marked do not touch and will be skipped in global connections.
[WARNING ODB-0383] lt_pn14_0 is marked do not touch and will be skipped in global connections.
[WARNING ODB-0383] lt_pn14_1 is marked do not touch and will be skipped in global connections.
[WARNING ODB-0383] lt_pn14_10 is marked do not touch and will be skipped in global connections.
[WARNING ODB-0383] lt_pn14_11 is marked do not touch and will be skipped in global connections.
[WARNING ODB-0383] lt_pn14_12 is marked do not touch and will be skipped in global connections.
[WARNING ODB-0383] lt_pn14_2 is marked do not touch and will be skipped in global connections.
[WARNING ODB-0383] lt_pn14_3 is marked do not touch and will be skipped in global connections.
[WARNING ODB-0383] lt_pn14_4 is marked do not touch and will be skipped in global connections.
[WARNING ODB-0383] lt_pn14_5 is marked do not touch and will be skipped in global connections.
[WARNING ODB-0383] lt_pn14_6 is marked do not touch and will be skipped in global connections.
[WARNING ODB-0383] lt_pn14_7 is marked do not touch and will be skipped in global connections.
[WARNING ODB-0383] lt_pn14_8 is marked do not touch and will be skipped in global connections.
[WARNING ODB-0383] lt_pn14_9 is marked do not touch and will be skipped in global connections.
[WARNING ODB-0383] lt_pn15_0 is marked do not touch and will be skipped in global connections.
[WARNING ODB-0383] lt_pn15_1 is marked do not touch and will be skipped in global connections.
[WARNING ODB-0383] lt_pn15_10 is marked do not touch and will be skipped in global connections.
[WARNING ODB-0383] lt_pn15_11 is marked do not touch and will be skipped in global connections.
[WARNING ODB-0383] lt_pn15_12 is marked do not touch and will be skipped in global connections.
[WARNING ODB-0383] lt_pn15_2 is marked do not touch and will be skipped in global connections.
[WARNING ODB-0383] lt_pn15_3 is marked do not touch and will be skipped in global connections.
[WARNING ODB-0383] lt_pn15_4 is marked do not touch and will be skipped in global connections.
[WARNING ODB-0383] lt_pn15_5 is marked do not touch and will be skipped in global connections.
[WARNING ODB-0383] lt_pn15_6 is marked do not touch and will be skipped in global connections.
[WARNING ODB-0383] lt_pn15_7 is marked do not touch and will be skipped in global connections.
[WARNING ODB-0383] lt_pn15_8 is marked do not touch and will be skipped in global connections.
[WARNING ODB-0383] lt_pn15_9 is marked do not touch and will be skipped in global connections.
[WARNING ODB-0383] lt_pn16_0 is marked do not touch and will be skipped in global connections.
[WARNING ODB-0383] lt_pn16_1 is marked do not touch and will be skipped in global connections.
[WARNING ODB-0383] lt_pn16_10 is marked do not touch and will be skipped in global connections.
[WARNING ODB-0383] lt_pn16_11 is marked do not touch and will be skipped in global connections.
[WARNING ODB-0383] lt_pn16_12 is marked do not touch and will be skipped in global connections.
[WARNING ODB-0383] lt_pn16_2 is marked do not touch and will be skipped in global connections.
[WARNING ODB-0383] lt_pn16_3 is marked do not touch and will be skipped in global connections.
[WARNING ODB-0383] lt_pn16_4 is marked do not touch and will be skipped in global connections.
[WARNING ODB-0383] lt_pn16_5 is marked do not touch and will be skipped in global connections.
[WARNING ODB-0383] lt_pn16_6 is marked do not touch and will be skipped in global connections.
[WARNING ODB-0383] lt_pn16_7 is marked do not touch and will be skipped in global connections.
[WARNING ODB-0383] lt_pn16_8 is marked do not touch and will be skipped in global connections.
[WARNING ODB-0383] lt_pn16_9 is marked do not touch and will be skipped in global connections.
[WARNING ODB-0383] lt_pn17_0 is marked do not touch and will be skipped in global connections.
[WARNING ODB-0383] lt_pn17_1 is marked do not touch and will be skipped in global connections.
[WARNING ODB-0383] lt_pn17_10 is marked do not touch and will be skipped in global connections.
[WARNING ODB-0383] lt_pn17_11 is marked do not touch and will be skipped in global connections.
[WARNING ODB-0383] lt_pn17_12 is marked do not touch and will be skipped in global connections.
[WARNING ODB-0383] lt_pn17_2 is marked do not touch and will be skipped in global connections.
[WARNING ODB-0383] lt_pn17_3 is marked do not touch and will be skipped in global connections.
[WARNING ODB-0383] lt_pn17_4 is marked do not touch and will be skipped in global connections.
[WARNING ODB-0383] lt_pn17_5 is marked do not touch and will be skipped in global connections.
[WARNING ODB-0383] lt_pn17_6 is marked do not touch and will be skipped in global connections.
[WARNING ODB-0383] lt_pn17_7 is marked do not touch and will be skipped in global connections.
[WARNING ODB-0383] lt_pn17_8 is marked do not touch and will be skipped in global connections.
[WARNING ODB-0383] lt_pn17_9 is marked do not touch and will be skipped in global connections.
[WARNING ODB-0383] lt_pn18_0 is marked do not touch and will be skipped in global connections.
[WARNING ODB-0383] lt_pn18_1 is marked do not touch and will be skipped in global connections.
[WARNING ODB-0383] lt_pn18_10 is marked do not touch and will be skipped in global connections.
[WARNING ODB-0383] lt_pn18_11 is marked do not touch and will be skipped in global connections.
[WARNING ODB-0383] lt_pn18_12 is marked do not touch and will be skipped in global connections.
[WARNING ODB-0383] lt_pn18_2 is marked do not touch and will be skipped in global connections.
[WARNING ODB-0383] lt_pn18_3 is marked do not touch and will be skipped in global connections.
[WARNING ODB-0383] lt_pn18_4 is marked do not touch and will be skipped in global connections.
[WARNING ODB-0383] lt_pn18_5 is marked do not touch and will be skipped in global connections.
[WARNING ODB-0383] lt_pn18_6 is marked do not touch and will be skipped in global connections.
[WARNING ODB-0383] lt_pn18_7 is marked do not touch and will be skipped in global connections.
[WARNING ODB-0383] lt_pn18_8 is marked do not touch and will be skipped in global connections.
[WARNING ODB-0383] lt_pn18_9 is marked do not touch and will be skipped in global connections.
[WARNING ODB-0383] lt_pn19_0 is marked do not touch and will be skipped in global connections.
[WARNING ODB-0383] lt_pn19_1 is marked do not touch and will be skipped in global connections.
[WARNING ODB-0383] lt_pn19_10 is marked do not touch and will be skipped in global connections.
[WARNING ODB-0383] lt_pn19_11 is marked do not touch and will be skipped in global connections.
[WARNING ODB-0383] lt_pn19_12 is marked do not touch and will be skipped in global connections.
[WARNING ODB-0383] lt_pn19_2 is marked do not touch and will be skipped in global connections.
[WARNING ODB-0383] lt_pn19_3 is marked do not touch and will be skipped in global connections.
[WARNING ODB-0383] lt_pn19_4 is marked do not touch and will be skipped in global connections.
[WARNING ODB-0383] lt_pn19_5 is marked do not touch and will be skipped in global connections.
[WARNING ODB-0383] lt_pn19_6 is marked do not touch and will be skipped in global connections.
[WARNING ODB-0383] lt_pn19_7 is marked do not touch and will be skipped in global connections.
[WARNING ODB-0383] lt_pn19_8 is marked do not touch and will be skipped in global connections.
[WARNING ODB-0383] lt_pn19_9 is marked do not touch and will be skipped in global connections.
[WARNING ODB-0383] lt_pn1_0 is marked do not touch and will be skipped in global connections.
[WARNING ODB-0383] lt_pn1_1 is marked do not touch and will be skipped in global connections.
[WARNING ODB-0383] lt_pn1_10 is marked do not touch and will be skipped in global connections.
[WARNING ODB-0383] lt_pn1_11 is marked do not touch and will be skipped in global connections.
[WARNING ODB-0383] lt_pn1_12 is marked do not touch and will be skipped in global connections.
[WARNING ODB-0383] lt_pn1_2 is marked do not touch and will be skipped in global connections.
[WARNING ODB-0383] lt_pn1_3 is marked do not touch and will be skipped in global connections.
[WARNING ODB-0383] lt_pn1_4 is marked do not touch and will be skipped in global connections.
[WARNING ODB-0383] lt_pn1_5 is marked do not touch and will be skipped in global connections.
[WARNING ODB-0383] lt_pn1_6 is marked do not touch and will be skipped in global connections.
[WARNING ODB-0383] lt_pn1_7 is marked do not touch and will be skipped in global connections.
[WARNING ODB-0383] lt_pn1_8 is marked do not touch and will be skipped in global connections.
[WARNING ODB-0383] lt_pn1_9 is marked do not touch and will be skipped in global connections.
[WARNING ODB-0383] lt_pn20_0 is marked do not touch and will be skipped in global connections.
[WARNING ODB-0383] lt_pn20_1 is marked do not touch and will be skipped in global connections.
[WARNING ODB-0383] lt_pn20_10 is marked do not touch and will be skipped in global connections.
[WARNING ODB-0383] lt_pn20_11 is marked do not touch and will be skipped in global connections.
[WARNING ODB-0383] lt_pn20_12 is marked do not touch and will be skipped in global connections.
[WARNING ODB-0383] lt_pn20_2 is marked do not touch and will be skipped in global connections.
[WARNING ODB-0383] lt_pn20_3 is marked do not touch and will be skipped in global connections.
[WARNING ODB-0383] lt_pn20_4 is marked do not touch and will be skipped in global connections.
[WARNING ODB-0383] lt_pn20_5 is marked do not touch and will be skipped in global connections.
[WARNING ODB-0383] lt_pn20_6 is marked do not touch and will be skipped in global connections.
[WARNING ODB-0383] lt_pn20_7 is marked do not touch and will be skipped in global connections.
[WARNING ODB-0383] lt_pn20_8 is marked do not touch and will be skipped in global connections.
[WARNING ODB-0383] lt_pn20_9 is marked do not touch and will be skipped in global connections.
[WARNING ODB-0383] lt_pn21_0 is marked do not touch and will be skipped in global connections.
[WARNING ODB-0383] lt_pn2_0 is marked do not touch and will be skipped in global connections.
[WARNING ODB-0383] lt_pn2_1 is marked do not touch and will be skipped in global connections.
[WARNING ODB-0383] lt_pn2_10 is marked do not touch and will be skipped in global connections.
[WARNING ODB-0383] lt_pn2_11 is marked do not touch and will be skipped in global connections.
[WARNING ODB-0383] lt_pn2_12 is marked do not touch and will be skipped in global connections.
[WARNING ODB-0383] lt_pn2_2 is marked do not touch and will be skipped in global connections.
[WARNING ODB-0383] lt_pn2_3 is marked do not touch and will be skipped in global connections.
[WARNING ODB-0383] lt_pn2_4 is marked do not touch and will be skipped in global connections.
[WARNING ODB-0383] lt_pn2_5 is marked do not touch and will be skipped in global connections.
[WARNING ODB-0383] lt_pn2_6 is marked do not touch and will be skipped in global connections.
[WARNING ODB-0383] lt_pn2_7 is marked do not touch and will be skipped in global connections.
[WARNING ODB-0383] lt_pn2_8 is marked do not touch and will be skipped in global connections.
[WARNING ODB-0383] lt_pn2_9 is marked do not touch and will be skipped in global connections.
[WARNING ODB-0383] lt_pn3_0 is marked do not touch and will be skipped in global connections.
[WARNING ODB-0383] lt_pn3_1 is marked do not touch and will be skipped in global connections.
[WARNING ODB-0383] lt_pn3_10 is marked do not touch and will be skipped in global connections.
[WARNING ODB-0383] lt_pn3_11 is marked do not touch and will be skipped in global connections.
[WARNING ODB-0383] lt_pn3_12 is marked do not touch and will be skipped in global connections.
[WARNING ODB-0383] lt_pn3_2 is marked do not touch and will be skipped in global connections.
[WARNING ODB-0383] lt_pn3_3 is marked do not touch and will be skipped in global connections.
[WARNING ODB-0383] lt_pn3_4 is marked do not touch and will be skipped in global connections.
[WARNING ODB-0383] lt_pn3_5 is marked do not touch and will be skipped in global connections.
[WARNING ODB-0383] lt_pn3_6 is marked do not touch and will be skipped in global connections.
[WARNING ODB-0383] lt_pn3_7 is marked do not touch and will be skipped in global connections.
[WARNING ODB-0383] lt_pn3_8 is marked do not touch and will be skipped in global connections.
[WARNING ODB-0383] lt_pn3_9 is marked do not touch and will be skipped in global connections.
[WARNING ODB-0383] lt_pn4_0 is marked do not touch and will be skipped in global connections.
[WARNING ODB-0383] lt_pn4_1 is marked do not touch and will be skipped in global connections.
[WARNING ODB-0383] lt_pn4_10 is marked do not touch and will be skipped in global connections.
[WARNING ODB-0383] lt_pn4_11 is marked do not touch and will be skipped in global connections.
[WARNING ODB-0383] lt_pn4_12 is marked do not touch and will be skipped in global connections.
[WARNING ODB-0383] lt_pn4_2 is marked do not touch and will be skipped in global connections.
[WARNING ODB-0383] lt_pn4_3 is marked do not touch and will be skipped in global connections.
[WARNING ODB-0383] lt_pn4_4 is marked do not touch and will be skipped in global connections.
[WARNING ODB-0383] lt_pn4_5 is marked do not touch and will be skipped in global connections.
[WARNING ODB-0383] lt_pn4_6 is marked do not touch and will be skipped in global connections.
[WARNING ODB-0383] lt_pn4_7 is marked do not touch and will be skipped in global connections.
[WARNING ODB-0383] lt_pn4_8 is marked do not touch and will be skipped in global connections.
[WARNING ODB-0383] lt_pn4_9 is marked do not touch and will be skipped in global connections.
[WARNING ODB-0383] lt_pn5_0 is marked do not touch and will be skipped in global connections.
[WARNING ODB-0383] lt_pn5_1 is marked do not touch and will be skipped in global connections.
[WARNING ODB-0383] lt_pn5_10 is marked do not touch and will be skipped in global connections.
[WARNING ODB-0383] lt_pn5_11 is marked do not touch and will be skipped in global connections.
[WARNING ODB-0383] lt_pn5_12 is marked do not touch and will be skipped in global connections.
[WARNING ODB-0383] lt_pn5_2 is marked do not touch and will be skipped in global connections.
[WARNING ODB-0383] lt_pn5_3 is marked do not touch and will be skipped in global connections.
[WARNING ODB-0383] lt_pn5_4 is marked do not touch and will be skipped in global connections.
[WARNING ODB-0383] lt_pn5_5 is marked do not touch and will be skipped in global connections.
[WARNING ODB-0383] lt_pn5_6 is marked do not touch and will be skipped in global connections.
[WARNING ODB-0383] lt_pn5_7 is marked do not touch and will be skipped in global connections.
[WARNING ODB-0383] lt_pn5_8 is marked do not touch and will be skipped in global connections.
[WARNING ODB-0383] lt_pn5_9 is marked do not touch and will be skipped in global connections.
[WARNING ODB-0383] lt_pn6_0 is marked do not touch and will be skipped in global connections.
[WARNING ODB-0383] lt_pn6_1 is marked do not touch and will be skipped in global connections.
[WARNING ODB-0383] lt_pn6_10 is marked do not touch and will be skipped in global connections.
[WARNING ODB-0383] lt_pn6_11 is marked do not touch and will be skipped in global connections.
[WARNING ODB-0383] lt_pn6_12 is marked do not touch and will be skipped in global connections.
[WARNING ODB-0383] lt_pn6_2 is marked do not touch and will be skipped in global connections.
[WARNING ODB-0383] lt_pn6_3 is marked do not touch and will be skipped in global connections.
[WARNING ODB-0383] lt_pn6_4 is marked do not touch and will be skipped in global connections.
[WARNING ODB-0383] lt_pn6_5 is marked do not touch and will be skipped in global connections.
[WARNING ODB-0383] lt_pn6_6 is marked do not touch and will be skipped in global connections.
[WARNING ODB-0383] lt_pn6_7 is marked do not touch and will be skipped in global connections.
[WARNING ODB-0383] lt_pn6_8 is marked do not touch and will be skipped in global connections.
[WARNING ODB-0383] lt_pn6_9 is marked do not touch and will be skipped in global connections.
[WARNING ODB-0383] lt_pn7_0 is marked do not touch and will be skipped in global connections.
[WARNING ODB-0383] lt_pn7_1 is marked do not touch and will be skipped in global connections.
[WARNING ODB-0383] lt_pn7_10 is marked do not touch and will be skipped in global connections.
[WARNING ODB-0383] lt_pn7_11 is marked do not touch and will be skipped in global connections.
[WARNING ODB-0383] lt_pn7_12 is marked do not touch and will be skipped in global connections.
[WARNING ODB-0383] lt_pn7_2 is marked do not touch and will be skipped in global connections.
[WARNING ODB-0383] lt_pn7_3 is marked do not touch and will be skipped in global connections.
[WARNING ODB-0383] lt_pn7_4 is marked do not touch and will be skipped in global connections.
[WARNING ODB-0383] lt_pn7_5 is marked do not touch and will be skipped in global connections.
[WARNING ODB-0383] lt_pn7_6 is marked do not touch and will be skipped in global connections.
[WARNING ODB-0383] lt_pn7_7 is marked do not touch and will be skipped in global connections.
[WARNING ODB-0383] lt_pn7_8 is marked do not touch and will be skipped in global connections.
[WARNING ODB-0383] lt_pn7_9 is marked do not touch and will be skipped in global connections.
[WARNING ODB-0383] lt_pn8_0 is marked do not touch and will be skipped in global connections.
[WARNING ODB-0383] lt_pn8_1 is marked do not touch and will be skipped in global connections.
[WARNING ODB-0383] lt_pn8_10 is marked do not touch and will be skipped in global connections.
[WARNING ODB-0383] lt_pn8_11 is marked do not touch and will be skipped in global connections.
[WARNING ODB-0383] lt_pn8_12 is marked do not touch and will be skipped in global connections.
[WARNING ODB-0383] lt_pn8_2 is marked do not touch and will be skipped in global connections.
[WARNING ODB-0383] lt_pn8_3 is marked do not touch and will be skipped in global connections.
[WARNING ODB-0383] lt_pn8_4 is marked do not touch and will be skipped in global connections.
[WARNING ODB-0383] lt_pn8_5 is marked do not touch and will be skipped in global connections.
[WARNING ODB-0383] lt_pn8_6 is marked do not touch and will be skipped in global connections.
[WARNING ODB-0383] lt_pn8_7 is marked do not touch and will be skipped in global connections.
[WARNING ODB-0383] lt_pn8_8 is marked do not touch and will be skipped in global connections.
[WARNING ODB-0383] lt_pn8_9 is marked do not touch and will be skipped in global connections.
[WARNING ODB-0383] lt_pn9_0 is marked do not touch and will be skipped in global connections.
[WARNING ODB-0383] lt_pn9_1 is marked do not touch and will be skipped in global connections.
[WARNING ODB-0383] lt_pn9_10 is marked do not touch and will be skipped in global connections.
[WARNING ODB-0383] lt_pn9_11 is marked do not touch and will be skipped in global connections.
[WARNING ODB-0383] lt_pn9_12 is marked do not touch and will be skipped in global connections.
[WARNING ODB-0383] lt_pn9_2 is marked do not touch and will be skipped in global connections.
[WARNING ODB-0383] lt_pn9_3 is marked do not touch and will be skipped in global connections.
[WARNING ODB-0383] lt_pn9_4 is marked do not touch and will be skipped in global connections.
[WARNING ODB-0383] lt_pn9_5 is marked do not touch and will be skipped in global connections.
[WARNING ODB-0383] lt_pn9_6 is marked do not touch and will be skipped in global connections.
[WARNING ODB-0383] lt_pn9_7 is marked do not touch and will be skipped in global connections.
[WARNING ODB-0383] lt_pn9_8 is marked do not touch and will be skipped in global connections.
[WARNING ODB-0383] lt_pn9_9 is marked do not touch and will be skipped in global connections.
[WARNING ODB-0383] lt_pp0_0 is marked do not touch and will be skipped in global connections.
[WARNING ODB-0383] lt_pp0_1 is marked do not touch and will be skipped in global connections.
[WARNING ODB-0383] lt_pp0_10 is marked do not touch and will be skipped in global connections.
[WARNING ODB-0383] lt_pp0_11 is marked do not touch and will be skipped in global connections.
[WARNING ODB-0383] lt_pp0_12 is marked do not touch and will be skipped in global connections.
[WARNING ODB-0383] lt_pp0_2 is marked do not touch and will be skipped in global connections.
[WARNING ODB-0383] lt_pp0_3 is marked do not touch and will be skipped in global connections.
[WARNING ODB-0383] lt_pp0_4 is marked do not touch and will be skipped in global connections.
[WARNING ODB-0383] lt_pp0_5 is marked do not touch and will be skipped in global connections.
[WARNING ODB-0383] lt_pp0_6 is marked do not touch and will be skipped in global connections.
[WARNING ODB-0383] lt_pp0_7 is marked do not touch and will be skipped in global connections.
[WARNING ODB-0383] lt_pp0_8 is marked do not touch and will be skipped in global connections.
[WARNING ODB-0383] lt_pp0_9 is marked do not touch and will be skipped in global connections.
[WARNING ODB-0383] lt_pp10_0 is marked do not touch and will be skipped in global connections.
[WARNING ODB-0383] lt_pp10_1 is marked do not touch and will be skipped in global connections.
[WARNING ODB-0383] lt_pp10_10 is marked do not touch and will be skipped in global connections.
[WARNING ODB-0383] lt_pp10_11 is marked do not touch and will be skipped in global connections.
[WARNING ODB-0383] lt_pp10_12 is marked do not touch and will be skipped in global connections.
[WARNING ODB-0383] lt_pp10_2 is marked do not touch and will be skipped in global connections.
[WARNING ODB-0383] lt_pp10_3 is marked do not touch and will be skipped in global connections.
[WARNING ODB-0383] lt_pp10_4 is marked do not touch and will be skipped in global connections.
[WARNING ODB-0383] lt_pp10_5 is marked do not touch and will be skipped in global connections.
[WARNING ODB-0383] lt_pp10_6 is marked do not touch and will be skipped in global connections.
[WARNING ODB-0383] lt_pp10_7 is marked do not touch and will be skipped in global connections.
[WARNING ODB-0383] lt_pp10_8 is marked do not touch and will be skipped in global connections.
[WARNING ODB-0383] lt_pp10_9 is marked do not touch and will be skipped in global connections.
[WARNING ODB-0383] lt_pp11_0 is marked do not touch and will be skipped in global connections.
[WARNING ODB-0383] lt_pp11_1 is marked do not touch and will be skipped in global connections.
[WARNING ODB-0383] lt_pp11_10 is marked do not touch and will be skipped in global connections.
[WARNING ODB-0383] lt_pp11_11 is marked do not touch and will be skipped in global connections.
[WARNING ODB-0383] lt_pp11_12 is marked do not touch and will be skipped in global connections.
[WARNING ODB-0383] lt_pp11_2 is marked do not touch and will be skipped in global connections.
[WARNING ODB-0383] lt_pp11_3 is marked do not touch and will be skipped in global connections.
[WARNING ODB-0383] lt_pp11_4 is marked do not touch and will be skipped in global connections.
[WARNING ODB-0383] lt_pp11_5 is marked do not touch and will be skipped in global connections.
[WARNING ODB-0383] lt_pp11_6 is marked do not touch and will be skipped in global connections.
[WARNING ODB-0383] lt_pp11_7 is marked do not touch and will be skipped in global connections.
[WARNING ODB-0383] lt_pp11_8 is marked do not touch and will be skipped in global connections.
[WARNING ODB-0383] lt_pp11_9 is marked do not touch and will be skipped in global connections.
[WARNING ODB-0383] lt_pp12_0 is marked do not touch and will be skipped in global connections.
[WARNING ODB-0383] lt_pp12_1 is marked do not touch and will be skipped in global connections.
[WARNING ODB-0383] lt_pp12_10 is marked do not touch and will be skipped in global connections.
[WARNING ODB-0383] lt_pp12_11 is marked do not touch and will be skipped in global connections.
[WARNING ODB-0383] lt_pp12_12 is marked do not touch and will be skipped in global connections.
[WARNING ODB-0383] lt_pp12_2 is marked do not touch and will be skipped in global connections.
[WARNING ODB-0383] lt_pp12_3 is marked do not touch and will be skipped in global connections.
[WARNING ODB-0383] lt_pp12_4 is marked do not touch and will be skipped in global connections.
[WARNING ODB-0383] lt_pp12_5 is marked do not touch and will be skipped in global connections.
[WARNING ODB-0383] lt_pp12_6 is marked do not touch and will be skipped in global connections.
[WARNING ODB-0383] lt_pp12_7 is marked do not touch and will be skipped in global connections.
[WARNING ODB-0383] lt_pp12_8 is marked do not touch and will be skipped in global connections.
[WARNING ODB-0383] lt_pp12_9 is marked do not touch and will be skipped in global connections.
[WARNING ODB-0383] lt_pp13_0 is marked do not touch and will be skipped in global connections.
[WARNING ODB-0383] lt_pp13_1 is marked do not touch and will be skipped in global connections.
[WARNING ODB-0383] lt_pp13_10 is marked do not touch and will be skipped in global connections.
[WARNING ODB-0383] lt_pp13_11 is marked do not touch and will be skipped in global connections.
[WARNING ODB-0383] lt_pp13_12 is marked do not touch and will be skipped in global connections.
[WARNING ODB-0383] lt_pp13_2 is marked do not touch and will be skipped in global connections.
[WARNING ODB-0383] lt_pp13_3 is marked do not touch and will be skipped in global connections.
[WARNING ODB-0383] lt_pp13_4 is marked do not touch and will be skipped in global connections.
[WARNING ODB-0383] lt_pp13_5 is marked do not touch and will be skipped in global connections.
[WARNING ODB-0383] lt_pp13_6 is marked do not touch and will be skipped in global connections.
[WARNING ODB-0383] lt_pp13_7 is marked do not touch and will be skipped in global connections.
[WARNING ODB-0383] lt_pp13_8 is marked do not touch and will be skipped in global connections.
[WARNING ODB-0383] lt_pp13_9 is marked do not touch and will be skipped in global connections.
[WARNING ODB-0383] lt_pp14_0 is marked do not touch and will be skipped in global connections.
[WARNING ODB-0383] lt_pp14_1 is marked do not touch and will be skipped in global connections.
[WARNING ODB-0383] lt_pp14_10 is marked do not touch and will be skipped in global connections.
[WARNING ODB-0383] lt_pp14_11 is marked do not touch and will be skipped in global connections.
[WARNING ODB-0383] lt_pp14_12 is marked do not touch and will be skipped in global connections.
[WARNING ODB-0383] lt_pp14_2 is marked do not touch and will be skipped in global connections.
[WARNING ODB-0383] lt_pp14_3 is marked do not touch and will be skipped in global connections.
[WARNING ODB-0383] lt_pp14_4 is marked do not touch and will be skipped in global connections.
[WARNING ODB-0383] lt_pp14_5 is marked do not touch and will be skipped in global connections.
[WARNING ODB-0383] lt_pp14_6 is marked do not touch and will be skipped in global connections.
[WARNING ODB-0383] lt_pp14_7 is marked do not touch and will be skipped in global connections.
[WARNING ODB-0383] lt_pp14_8 is marked do not touch and will be skipped in global connections.
[WARNING ODB-0383] lt_pp14_9 is marked do not touch and will be skipped in global connections.
[WARNING ODB-0383] lt_pp15_0 is marked do not touch and will be skipped in global connections.
[WARNING ODB-0383] lt_pp15_1 is marked do not touch and will be skipped in global connections.
[WARNING ODB-0383] lt_pp15_10 is marked do not touch and will be skipped in global connections.
[WARNING ODB-0383] lt_pp15_11 is marked do not touch and will be skipped in global connections.
[WARNING ODB-0383] lt_pp15_12 is marked do not touch and will be skipped in global connections.
[WARNING ODB-0383] lt_pp15_2 is marked do not touch and will be skipped in global connections.
[WARNING ODB-0383] lt_pp15_3 is marked do not touch and will be skipped in global connections.
[WARNING ODB-0383] lt_pp15_4 is marked do not touch and will be skipped in global connections.
[WARNING ODB-0383] lt_pp15_5 is marked do not touch and will be skipped in global connections.
[WARNING ODB-0383] lt_pp15_6 is marked do not touch and will be skipped in global connections.
[WARNING ODB-0383] lt_pp15_7 is marked do not touch and will be skipped in global connections.
[WARNING ODB-0383] lt_pp15_8 is marked do not touch and will be skipped in global connections.
[WARNING ODB-0383] lt_pp15_9 is marked do not touch and will be skipped in global connections.
[WARNING ODB-0383] lt_pp16_0 is marked do not touch and will be skipped in global connections.
[WARNING ODB-0383] lt_pp16_1 is marked do not touch and will be skipped in global connections.
[WARNING ODB-0383] lt_pp16_10 is marked do not touch and will be skipped in global connections.
[WARNING ODB-0383] lt_pp16_11 is marked do not touch and will be skipped in global connections.
[WARNING ODB-0383] lt_pp16_12 is marked do not touch and will be skipped in global connections.
[WARNING ODB-0383] lt_pp16_2 is marked do not touch and will be skipped in global connections.
[WARNING ODB-0383] lt_pp16_3 is marked do not touch and will be skipped in global connections.
[WARNING ODB-0383] lt_pp16_4 is marked do not touch and will be skipped in global connections.
[WARNING ODB-0383] lt_pp16_5 is marked do not touch and will be skipped in global connections.
[WARNING ODB-0383] lt_pp16_6 is marked do not touch and will be skipped in global connections.
[WARNING ODB-0383] lt_pp16_7 is marked do not touch and will be skipped in global connections.
[WARNING ODB-0383] lt_pp16_8 is marked do not touch and will be skipped in global connections.
[WARNING ODB-0383] lt_pp16_9 is marked do not touch and will be skipped in global connections.
[WARNING ODB-0383] lt_pp17_0 is marked do not touch and will be skipped in global connections.
[WARNING ODB-0383] lt_pp17_1 is marked do not touch and will be skipped in global connections.
[WARNING ODB-0383] lt_pp17_10 is marked do not touch and will be skipped in global connections.
[WARNING ODB-0383] lt_pp17_11 is marked do not touch and will be skipped in global connections.
[WARNING ODB-0383] lt_pp17_12 is marked do not touch and will be skipped in global connections.
[WARNING ODB-0383] lt_pp17_2 is marked do not touch and will be skipped in global connections.
[WARNING ODB-0383] lt_pp17_3 is marked do not touch and will be skipped in global connections.
[WARNING ODB-0383] lt_pp17_4 is marked do not touch and will be skipped in global connections.
[WARNING ODB-0383] lt_pp17_5 is marked do not touch and will be skipped in global connections.
[WARNING ODB-0383] lt_pp17_6 is marked do not touch and will be skipped in global connections.
[WARNING ODB-0383] lt_pp17_7 is marked do not touch and will be skipped in global connections.
[WARNING ODB-0383] lt_pp17_8 is marked do not touch and will be skipped in global connections.
[WARNING ODB-0383] lt_pp17_9 is marked do not touch and will be skipped in global connections.
[WARNING ODB-0383] lt_pp18_0 is marked do not touch and will be skipped in global connections.
[WARNING ODB-0383] lt_pp18_1 is marked do not touch and will be skipped in global connections.
[WARNING ODB-0383] lt_pp18_10 is marked do not touch and will be skipped in global connections.
[WARNING ODB-0383] lt_pp18_11 is marked do not touch and will be skipped in global connections.
[WARNING ODB-0383] lt_pp18_12 is marked do not touch and will be skipped in global connections.
[WARNING ODB-0383] lt_pp18_2 is marked do not touch and will be skipped in global connections.
[WARNING ODB-0383] lt_pp18_3 is marked do not touch and will be skipped in global connections.
[WARNING ODB-0383] lt_pp18_4 is marked do not touch and will be skipped in global connections.
[WARNING ODB-0383] lt_pp18_5 is marked do not touch and will be skipped in global connections.
[WARNING ODB-0383] lt_pp18_6 is marked do not touch and will be skipped in global connections.
[WARNING ODB-0383] lt_pp18_7 is marked do not touch and will be skipped in global connections.
[WARNING ODB-0383] lt_pp18_8 is marked do not touch and will be skipped in global connections.
[WARNING ODB-0383] lt_pp18_9 is marked do not touch and will be skipped in global connections.
[WARNING ODB-0383] lt_pp19_0 is marked do not touch and will be skipped in global connections.
[WARNING ODB-0383] lt_pp19_1 is marked do not touch and will be skipped in global connections.
[WARNING ODB-0383] lt_pp19_10 is marked do not touch and will be skipped in global connections.
[WARNING ODB-0383] lt_pp19_11 is marked do not touch and will be skipped in global connections.
[WARNING ODB-0383] lt_pp19_12 is marked do not touch and will be skipped in global connections.
[WARNING ODB-0383] lt_pp19_2 is marked do not touch and will be skipped in global connections.
[WARNING ODB-0383] lt_pp19_3 is marked do not touch and will be skipped in global connections.
[WARNING ODB-0383] lt_pp19_4 is marked do not touch and will be skipped in global connections.
[WARNING ODB-0383] lt_pp19_5 is marked do not touch and will be skipped in global connections.
[WARNING ODB-0383] lt_pp19_6 is marked do not touch and will be skipped in global connections.
[WARNING ODB-0383] lt_pp19_7 is marked do not touch and will be skipped in global connections.
[WARNING ODB-0383] lt_pp19_8 is marked do not touch and will be skipped in global connections.
[WARNING ODB-0383] lt_pp19_9 is marked do not touch and will be skipped in global connections.
[WARNING ODB-0383] lt_pp1_0 is marked do not touch and will be skipped in global connections.
[WARNING ODB-0383] lt_pp1_1 is marked do not touch and will be skipped in global connections.
[WARNING ODB-0383] lt_pp1_10 is marked do not touch and will be skipped in global connections.
[WARNING ODB-0383] lt_pp1_11 is marked do not touch and will be skipped in global connections.
[WARNING ODB-0383] lt_pp1_12 is marked do not touch and will be skipped in global connections.
[WARNING ODB-0383] lt_pp1_2 is marked do not touch and will be skipped in global connections.
[WARNING ODB-0383] lt_pp1_3 is marked do not touch and will be skipped in global connections.
[WARNING ODB-0383] lt_pp1_4 is marked do not touch and will be skipped in global connections.
[WARNING ODB-0383] lt_pp1_5 is marked do not touch and will be skipped in global connections.
[WARNING ODB-0383] lt_pp1_6 is marked do not touch and will be skipped in global connections.
[WARNING ODB-0383] lt_pp1_7 is marked do not touch and will be skipped in global connections.
[WARNING ODB-0383] lt_pp1_8 is marked do not touch and will be skipped in global connections.
[WARNING ODB-0383] lt_pp1_9 is marked do not touch and will be skipped in global connections.
[WARNING ODB-0383] lt_pp20_0 is marked do not touch and will be skipped in global connections.
[WARNING ODB-0383] lt_pp20_1 is marked do not touch and will be skipped in global connections.
[WARNING ODB-0383] lt_pp20_10 is marked do not touch and will be skipped in global connections.
[WARNING ODB-0383] lt_pp20_11 is marked do not touch and will be skipped in global connections.
[WARNING ODB-0383] lt_pp20_12 is marked do not touch and will be skipped in global connections.
[WARNING ODB-0383] lt_pp20_2 is marked do not touch and will be skipped in global connections.
[WARNING ODB-0383] lt_pp20_3 is marked do not touch and will be skipped in global connections.
[WARNING ODB-0383] lt_pp20_4 is marked do not touch and will be skipped in global connections.
[WARNING ODB-0383] lt_pp20_5 is marked do not touch and will be skipped in global connections.
[WARNING ODB-0383] lt_pp20_6 is marked do not touch and will be skipped in global connections.
[WARNING ODB-0383] lt_pp20_7 is marked do not touch and will be skipped in global connections.
[WARNING ODB-0383] lt_pp20_8 is marked do not touch and will be skipped in global connections.
[WARNING ODB-0383] lt_pp20_9 is marked do not touch and will be skipped in global connections.
[WARNING ODB-0383] lt_pp21_0 is marked do not touch and will be skipped in global connections.
[WARNING ODB-0383] lt_pp2_0 is marked do not touch and will be skipped in global connections.
[WARNING ODB-0383] lt_pp2_1 is marked do not touch and will be skipped in global connections.
[WARNING ODB-0383] lt_pp2_10 is marked do not touch and will be skipped in global connections.
[WARNING ODB-0383] lt_pp2_11 is marked do not touch and will be skipped in global connections.
[WARNING ODB-0383] lt_pp2_12 is marked do not touch and will be skipped in global connections.
[WARNING ODB-0383] lt_pp2_2 is marked do not touch and will be skipped in global connections.
[WARNING ODB-0383] lt_pp2_3 is marked do not touch and will be skipped in global connections.
[WARNING ODB-0383] lt_pp2_4 is marked do not touch and will be skipped in global connections.
[WARNING ODB-0383] lt_pp2_5 is marked do not touch and will be skipped in global connections.
[WARNING ODB-0383] lt_pp2_6 is marked do not touch and will be skipped in global connections.
[WARNING ODB-0383] lt_pp2_7 is marked do not touch and will be skipped in global connections.
[WARNING ODB-0383] lt_pp2_8 is marked do not touch and will be skipped in global connections.
[WARNING ODB-0383] lt_pp2_9 is marked do not touch and will be skipped in global connections.
[WARNING ODB-0383] lt_pp3_0 is marked do not touch and will be skipped in global connections.
[WARNING ODB-0383] lt_pp3_1 is marked do not touch and will be skipped in global connections.
[WARNING ODB-0383] lt_pp3_10 is marked do not touch and will be skipped in global connections.
[WARNING ODB-0383] lt_pp3_11 is marked do not touch and will be skipped in global connections.
[WARNING ODB-0383] lt_pp3_12 is marked do not touch and will be skipped in global connections.
[WARNING ODB-0383] lt_pp3_2 is marked do not touch and will be skipped in global connections.
[WARNING ODB-0383] lt_pp3_3 is marked do not touch and will be skipped in global connections.
[WARNING ODB-0383] lt_pp3_4 is marked do not touch and will be skipped in global connections.
[WARNING ODB-0383] lt_pp3_5 is marked do not touch and will be skipped in global connections.
[WARNING ODB-0383] lt_pp3_6 is marked do not touch and will be skipped in global connections.
[WARNING ODB-0383] lt_pp3_7 is marked do not touch and will be skipped in global connections.
[WARNING ODB-0383] lt_pp3_8 is marked do not touch and will be skipped in global connections.
[WARNING ODB-0383] lt_pp3_9 is marked do not touch and will be skipped in global connections.
[WARNING ODB-0383] lt_pp4_0 is marked do not touch and will be skipped in global connections.
[WARNING ODB-0383] lt_pp4_1 is marked do not touch and will be skipped in global connections.
[WARNING ODB-0383] lt_pp4_10 is marked do not touch and will be skipped in global connections.
[WARNING ODB-0383] lt_pp4_11 is marked do not touch and will be skipped in global connections.
[WARNING ODB-0383] lt_pp4_12 is marked do not touch and will be skipped in global connections.
[WARNING ODB-0383] lt_pp4_2 is marked do not touch and will be skipped in global connections.
[WARNING ODB-0383] lt_pp4_3 is marked do not touch and will be skipped in global connections.
[WARNING ODB-0383] lt_pp4_4 is marked do not touch and will be skipped in global connections.
[WARNING ODB-0383] lt_pp4_5 is marked do not touch and will be skipped in global connections.
[WARNING ODB-0383] lt_pp4_6 is marked do not touch and will be skipped in global connections.
[WARNING ODB-0383] lt_pp4_7 is marked do not touch and will be skipped in global connections.
[WARNING ODB-0383] lt_pp4_8 is marked do not touch and will be skipped in global connections.
[WARNING ODB-0383] lt_pp4_9 is marked do not touch and will be skipped in global connections.
[WARNING ODB-0383] lt_pp5_0 is marked do not touch and will be skipped in global connections.
[WARNING ODB-0383] lt_pp5_1 is marked do not touch and will be skipped in global connections.
[WARNING ODB-0383] lt_pp5_10 is marked do not touch and will be skipped in global connections.
[WARNING ODB-0383] lt_pp5_11 is marked do not touch and will be skipped in global connections.
[WARNING ODB-0383] lt_pp5_12 is marked do not touch and will be skipped in global connections.
[WARNING ODB-0383] lt_pp5_2 is marked do not touch and will be skipped in global connections.
[WARNING ODB-0383] lt_pp5_3 is marked do not touch and will be skipped in global connections.
[WARNING ODB-0383] lt_pp5_4 is marked do not touch and will be skipped in global connections.
[WARNING ODB-0383] lt_pp5_5 is marked do not touch and will be skipped in global connections.
[WARNING ODB-0383] lt_pp5_6 is marked do not touch and will be skipped in global connections.
[WARNING ODB-0383] lt_pp5_7 is marked do not touch and will be skipped in global connections.
[WARNING ODB-0383] lt_pp5_8 is marked do not touch and will be skipped in global connections.
[WARNING ODB-0383] lt_pp5_9 is marked do not touch and will be skipped in global connections.
[WARNING ODB-0383] lt_pp6_0 is marked do not touch and will be skipped in global connections.
[WARNING ODB-0383] lt_pp6_1 is marked do not touch and will be skipped in global connections.
[WARNING ODB-0383] lt_pp6_10 is marked do not touch and will be skipped in global connections.
[WARNING ODB-0383] lt_pp6_11 is marked do not touch and will be skipped in global connections.
[WARNING ODB-0383] lt_pp6_12 is marked do not touch and will be skipped in global connections.
[WARNING ODB-0383] lt_pp6_2 is marked do not touch and will be skipped in global connections.
[WARNING ODB-0383] lt_pp6_3 is marked do not touch and will be skipped in global connections.
[WARNING ODB-0383] lt_pp6_4 is marked do not touch and will be skipped in global connections.
[WARNING ODB-0383] lt_pp6_5 is marked do not touch and will be skipped in global connections.
[WARNING ODB-0383] lt_pp6_6 is marked do not touch and will be skipped in global connections.
[WARNING ODB-0383] lt_pp6_7 is marked do not touch and will be skipped in global connections.
[WARNING ODB-0383] lt_pp6_8 is marked do not touch and will be skipped in global connections.
[WARNING ODB-0383] lt_pp6_9 is marked do not touch and will be skipped in global connections.
[WARNING ODB-0383] lt_pp7_0 is marked do not touch and will be skipped in global connections.
[WARNING ODB-0383] lt_pp7_1 is marked do not touch and will be skipped in global connections.
[WARNING ODB-0383] lt_pp7_10 is marked do not touch and will be skipped in global connections.
[WARNING ODB-0383] lt_pp7_11 is marked do not touch and will be skipped in global connections.
[WARNING ODB-0383] lt_pp7_12 is marked do not touch and will be skipped in global connections.
[WARNING ODB-0383] lt_pp7_2 is marked do not touch and will be skipped in global connections.
[WARNING ODB-0383] lt_pp7_3 is marked do not touch and will be skipped in global connections.
[WARNING ODB-0383] lt_pp7_4 is marked do not touch and will be skipped in global connections.
[WARNING ODB-0383] lt_pp7_5 is marked do not touch and will be skipped in global connections.
[WARNING ODB-0383] lt_pp7_6 is marked do not touch and will be skipped in global connections.
[WARNING ODB-0383] lt_pp7_7 is marked do not touch and will be skipped in global connections.
[WARNING ODB-0383] lt_pp7_8 is marked do not touch and will be skipped in global connections.
[WARNING ODB-0383] lt_pp7_9 is marked do not touch and will be skipped in global connections.
[WARNING ODB-0383] lt_pp8_0 is marked do not touch and will be skipped in global connections.
[WARNING ODB-0383] lt_pp8_1 is marked do not touch and will be skipped in global connections.
[WARNING ODB-0383] lt_pp8_10 is marked do not touch and will be skipped in global connections.
[WARNING ODB-0383] lt_pp8_11 is marked do not touch and will be skipped in global connections.
[WARNING ODB-0383] lt_pp8_12 is marked do not touch and will be skipped in global connections.
[WARNING ODB-0383] lt_pp8_2 is marked do not touch and will be skipped in global connections.
[WARNING ODB-0383] lt_pp8_3 is marked do not touch and will be skipped in global connections.
[WARNING ODB-0383] lt_pp8_4 is marked do not touch and will be skipped in global connections.
[WARNING ODB-0383] lt_pp8_5 is marked do not touch and will be skipped in global connections.
[WARNING ODB-0383] lt_pp8_6 is marked do not touch and will be skipped in global connections.
[WARNING ODB-0383] lt_pp8_7 is marked do not touch and will be skipped in global connections.
[WARNING ODB-0383] lt_pp8_8 is marked do not touch and will be skipped in global connections.
[WARNING ODB-0383] lt_pp8_9 is marked do not touch and will be skipped in global connections.
[WARNING ODB-0383] lt_pp9_0 is marked do not touch and will be skipped in global connections.
[WARNING ODB-0383] lt_pp9_1 is marked do not touch and will be skipped in global connections.
[WARNING ODB-0383] lt_pp9_10 is marked do not touch and will be skipped in global connections.
[WARNING ODB-0383] lt_pp9_11 is marked do not touch and will be skipped in global connections.
[WARNING ODB-0383] lt_pp9_12 is marked do not touch and will be skipped in global connections.
[WARNING ODB-0383] lt_pp9_2 is marked do not touch and will be skipped in global connections.
[WARNING ODB-0383] lt_pp9_3 is marked do not touch and will be skipped in global connections.
[WARNING ODB-0383] lt_pp9_4 is marked do not touch and will be skipped in global connections.
[WARNING ODB-0383] lt_pp9_5 is marked do not touch and will be skipped in global connections.
[WARNING ODB-0383] lt_pp9_6 is marked do not touch and will be skipped in global connections.
[WARNING ODB-0383] lt_pp9_7 is marked do not touch and will be skipped in global connections.
[WARNING ODB-0383] lt_pp9_8 is marked do not touch and will be skipped in global connections.
[WARNING ODB-0383] lt_pp9_9 is marked do not touch and will be skipped in global connections.
[WARNING ODB-0383] vs_0_0 is marked do not touch and will be skipped in global connections.
[WARNING ODB-0383] vs_0_1 is marked do not touch and will be skipped in global connections.
[WARNING ODB-0383] vs_0_10 is marked do not touch and will be skipped in global connections.
[WARNING ODB-0383] vs_0_11 is marked do not touch and will be skipped in global connections.
[WARNING ODB-0383] vs_0_12 is marked do not touch and will be skipped in global connections.
[WARNING ODB-0383] vs_0_13 is marked do not touch and will be skipped in global connections.
[WARNING ODB-0383] vs_0_14 is marked do not touch and will be skipped in global connections.
[WARNING ODB-0383] vs_0_15 is marked do not touch and will be skipped in global connections.
[WARNING ODB-0383] vs_0_16 is marked do not touch and will be skipped in global connections.
[WARNING ODB-0383] vs_0_17 is marked do not touch and will be skipped in global connections.
[WARNING ODB-0383] vs_0_18 is marked do not touch and will be skipped in global connections.
[WARNING ODB-0383] vs_0_19 is marked do not touch and will be skipped in global connections.
[WARNING ODB-0383] vs_0_2 is marked do not touch and will be skipped in global connections.
[WARNING ODB-0383] vs_0_20 is marked do not touch and will be skipped in global connections.
[WARNING ODB-0383] vs_0_21 is marked do not touch and will be skipped in global connections.
[WARNING ODB-0383] vs_0_3 is marked do not touch and will be skipped in global connections.
[WARNING ODB-0383] vs_0_4 is marked do not touch and will be skipped in global connections.
[WARNING ODB-0383] vs_0_5 is marked do not touch and will be skipped in global connections.
[WARNING ODB-0383] vs_0_6 is marked do not touch and will be skipped in global connections.
[WARNING ODB-0383] vs_0_7 is marked do not touch and will be skipped in global connections.
[WARNING ODB-0383] vs_0_8 is marked do not touch and will be skipped in global connections.
[WARNING ODB-0383] vs_0_9 is marked do not touch and will be skipped in global connections.
[WARNING ODB-0383] vs_10_0 is marked do not touch and will be skipped in global connections.
[WARNING ODB-0383] vs_10_1 is marked do not touch and will be skipped in global connections.
[WARNING ODB-0383] vs_10_10 is marked do not touch and will be skipped in global connections.
[WARNING ODB-0383] vs_10_11 is marked do not touch and will be skipped in global connections.
[WARNING ODB-0383] vs_10_12 is marked do not touch and will be skipped in global connections.
[WARNING ODB-0383] vs_10_13 is marked do not touch and will be skipped in global connections.
[WARNING ODB-0383] vs_10_14 is marked do not touch and will be skipped in global connections.
[WARNING ODB-0383] vs_10_15 is marked do not touch and will be skipped in global connections.
[WARNING ODB-0383] vs_10_16 is marked do not touch and will be skipped in global connections.
[WARNING ODB-0383] vs_10_17 is marked do not touch and will be skipped in global connections.
[WARNING ODB-0383] vs_10_18 is marked do not touch and will be skipped in global connections.
[WARNING ODB-0383] vs_10_19 is marked do not touch and will be skipped in global connections.
[WARNING ODB-0383] vs_10_2 is marked do not touch and will be skipped in global connections.
[WARNING ODB-0383] vs_10_20 is marked do not touch and will be skipped in global connections.
[WARNING ODB-0383] vs_10_21 is marked do not touch and will be skipped in global connections.
[WARNING ODB-0383] vs_10_3 is marked do not touch and will be skipped in global connections.
[WARNING ODB-0383] vs_10_4 is marked do not touch and will be skipped in global connections.
[WARNING ODB-0383] vs_10_5 is marked do not touch and will be skipped in global connections.
[WARNING ODB-0383] vs_10_6 is marked do not touch and will be skipped in global connections.
[WARNING ODB-0383] vs_10_7 is marked do not touch and will be skipped in global connections.
[WARNING ODB-0383] vs_10_8 is marked do not touch and will be skipped in global connections.
[WARNING ODB-0383] vs_10_9 is marked do not touch and will be skipped in global connections.
[WARNING ODB-0383] vs_11_0 is marked do not touch and will be skipped in global connections.
[WARNING ODB-0383] vs_11_1 is marked do not touch and will be skipped in global connections.
[WARNING ODB-0383] vs_11_10 is marked do not touch and will be skipped in global connections.
[WARNING ODB-0383] vs_11_11 is marked do not touch and will be skipped in global connections.
[WARNING ODB-0383] vs_11_12 is marked do not touch and will be skipped in global connections.
[WARNING ODB-0383] vs_11_13 is marked do not touch and will be skipped in global connections.
[WARNING ODB-0383] vs_11_14 is marked do not touch and will be skipped in global connections.
[WARNING ODB-0383] vs_11_15 is marked do not touch and will be skipped in global connections.
[WARNING ODB-0383] vs_11_16 is marked do not touch and will be skipped in global connections.
[WARNING ODB-0383] vs_11_17 is marked do not touch and will be skipped in global connections.
[WARNING ODB-0383] vs_11_18 is marked do not touch and will be skipped in global connections.
[WARNING ODB-0383] vs_11_19 is marked do not touch and will be skipped in global connections.
[WARNING ODB-0383] vs_11_2 is marked do not touch and will be skipped in global connections.
[WARNING ODB-0383] vs_11_20 is marked do not touch and will be skipped in global connections.
[WARNING ODB-0383] vs_11_21 is marked do not touch and will be skipped in global connections.
[WARNING ODB-0383] vs_11_3 is marked do not touch and will be skipped in global connections.
[WARNING ODB-0383] vs_11_4 is marked do not touch and will be skipped in global connections.
[WARNING ODB-0383] vs_11_5 is marked do not touch and will be skipped in global connections.
[WARNING ODB-0383] vs_11_6 is marked do not touch and will be skipped in global connections.
[WARNING ODB-0383] vs_11_7 is marked do not touch and will be skipped in global connections.
[WARNING ODB-0383] vs_11_8 is marked do not touch and will be skipped in global connections.
[WARNING ODB-0383] vs_11_9 is marked do not touch and will be skipped in global connections.
[WARNING ODB-0383] vs_12_0 is marked do not touch and will be skipped in global connections.
[WARNING ODB-0383] vs_12_1 is marked do not touch and will be skipped in global connections.
[WARNING ODB-0383] vs_12_10 is marked do not touch and will be skipped in global connections.
[WARNING ODB-0383] vs_12_11 is marked do not touch and will be skipped in global connections.
[WARNING ODB-0383] vs_12_12 is marked do not touch and will be skipped in global connections.
[WARNING ODB-0383] vs_12_13 is marked do not touch and will be skipped in global connections.
[WARNING ODB-0383] vs_12_14 is marked do not touch and will be skipped in global connections.
[WARNING ODB-0383] vs_12_15 is marked do not touch and will be skipped in global connections.
[WARNING ODB-0383] vs_12_16 is marked do not touch and will be skipped in global connections.
[WARNING ODB-0383] vs_12_17 is marked do not touch and will be skipped in global connections.
[WARNING ODB-0383] vs_12_18 is marked do not touch and will be skipped in global connections.
[WARNING ODB-0383] vs_12_19 is marked do not touch and will be skipped in global connections.
[WARNING ODB-0383] vs_12_2 is marked do not touch and will be skipped in global connections.
[WARNING ODB-0383] vs_12_20 is marked do not touch and will be skipped in global connections.
[WARNING ODB-0383] vs_12_21 is marked do not touch and will be skipped in global connections.
[WARNING ODB-0383] vs_12_3 is marked do not touch and will be skipped in global connections.
[WARNING ODB-0383] vs_12_4 is marked do not touch and will be skipped in global connections.
[WARNING ODB-0383] vs_12_5 is marked do not touch and will be skipped in global connections.
[WARNING ODB-0383] vs_12_6 is marked do not touch and will be skipped in global connections.
[WARNING ODB-0383] vs_12_7 is marked do not touch and will be skipped in global connections.
[WARNING ODB-0383] vs_12_8 is marked do not touch and will be skipped in global connections.
[WARNING ODB-0383] vs_12_9 is marked do not touch and will be skipped in global connections.
[WARNING ODB-0383] vs_13_0 is marked do not touch and will be skipped in global connections.
[WARNING ODB-0383] vs_13_1 is marked do not touch and will be skipped in global connections.
[WARNING ODB-0383] vs_13_10 is marked do not touch and will be skipped in global connections.
[WARNING ODB-0383] vs_13_11 is marked do not touch and will be skipped in global connections.
[WARNING ODB-0383] vs_13_12 is marked do not touch and will be skipped in global connections.
[WARNING ODB-0383] vs_13_13 is marked do not touch and will be skipped in global connections.
[WARNING ODB-0383] vs_13_14 is marked do not touch and will be skipped in global connections.
[WARNING ODB-0383] vs_13_15 is marked do not touch and will be skipped in global connections.
[WARNING ODB-0383] vs_13_16 is marked do not touch and will be skipped in global connections.
[WARNING ODB-0383] vs_13_17 is marked do not touch and will be skipped in global connections.
[WARNING ODB-0383] vs_13_18 is marked do not touch and will be skipped in global connections.
[WARNING ODB-0383] vs_13_19 is marked do not touch and will be skipped in global connections.
[WARNING ODB-0383] vs_13_2 is marked do not touch and will be skipped in global connections.
[WARNING ODB-0383] vs_13_20 is marked do not touch and will be skipped in global connections.
[WARNING ODB-0383] vs_13_21 is marked do not touch and will be skipped in global connections.
[WARNING ODB-0383] vs_13_3 is marked do not touch and will be skipped in global connections.
[WARNING ODB-0383] vs_13_4 is marked do not touch and will be skipped in global connections.
[WARNING ODB-0383] vs_13_5 is marked do not touch and will be skipped in global connections.
[WARNING ODB-0383] vs_13_6 is marked do not touch and will be skipped in global connections.
[WARNING ODB-0383] vs_13_7 is marked do not touch and will be skipped in global connections.
[WARNING ODB-0383] vs_13_8 is marked do not touch and will be skipped in global connections.
[WARNING ODB-0383] vs_13_9 is marked do not touch and will be skipped in global connections.
[WARNING ODB-0383] vs_14_0 is marked do not touch and will be skipped in global connections.
[WARNING ODB-0383] vs_14_1 is marked do not touch and will be skipped in global connections.
[WARNING ODB-0383] vs_14_10 is marked do not touch and will be skipped in global connections.
[WARNING ODB-0383] vs_14_11 is marked do not touch and will be skipped in global connections.
[WARNING ODB-0383] vs_14_12 is marked do not touch and will be skipped in global connections.
[WARNING ODB-0383] vs_14_13 is marked do not touch and will be skipped in global connections.
[WARNING ODB-0383] vs_14_14 is marked do not touch and will be skipped in global connections.
[WARNING ODB-0383] vs_14_15 is marked do not touch and will be skipped in global connections.
[WARNING ODB-0383] vs_14_16 is marked do not touch and will be skipped in global connections.
[WARNING ODB-0383] vs_14_17 is marked do not touch and will be skipped in global connections.
[WARNING ODB-0383] vs_14_18 is marked do not touch and will be skipped in global connections.
[WARNING ODB-0383] vs_14_19 is marked do not touch and will be skipped in global connections.
[WARNING ODB-0383] vs_14_2 is marked do not touch and will be skipped in global connections.
[WARNING ODB-0383] vs_14_20 is marked do not touch and will be skipped in global connections.
[WARNING ODB-0383] vs_14_21 is marked do not touch and will be skipped in global connections.
[WARNING ODB-0383] vs_14_3 is marked do not touch and will be skipped in global connections.
[WARNING ODB-0383] vs_14_4 is marked do not touch and will be skipped in global connections.
[WARNING ODB-0383] vs_14_5 is marked do not touch and will be skipped in global connections.
[WARNING ODB-0383] vs_14_6 is marked do not touch and will be skipped in global connections.
[WARNING ODB-0383] vs_14_7 is marked do not touch and will be skipped in global connections.
[WARNING ODB-0383] vs_14_8 is marked do not touch and will be skipped in global connections.
[WARNING ODB-0383] vs_14_9 is marked do not touch and will be skipped in global connections.
[WARNING ODB-0383] vs_15_0 is marked do not touch and will be skipped in global connections.
[WARNING ODB-0383] vs_15_1 is marked do not touch and will be skipped in global connections.
[WARNING ODB-0383] vs_15_10 is marked do not touch and will be skipped in global connections.
[WARNING ODB-0383] vs_15_11 is marked do not touch and will be skipped in global connections.
[WARNING ODB-0383] vs_15_12 is marked do not touch and will be skipped in global connections.
[WARNING ODB-0383] vs_15_13 is marked do not touch and will be skipped in global connections.
[WARNING ODB-0383] vs_15_14 is marked do not touch and will be skipped in global connections.
[WARNING ODB-0383] vs_15_15 is marked do not touch and will be skipped in global connections.
[WARNING ODB-0383] vs_15_16 is marked do not touch and will be skipped in global connections.
[WARNING ODB-0383] vs_15_17 is marked do not touch and will be skipped in global connections.
[WARNING ODB-0383] vs_15_18 is marked do not touch and will be skipped in global connections.
[WARNING ODB-0383] vs_15_19 is marked do not touch and will be skipped in global connections.
[WARNING ODB-0383] vs_15_2 is marked do not touch and will be skipped in global connections.
[WARNING ODB-0383] vs_15_20 is marked do not touch and will be skipped in global connections.
[WARNING ODB-0383] vs_15_21 is marked do not touch and will be skipped in global connections.
[WARNING ODB-0383] vs_15_3 is marked do not touch and will be skipped in global connections.
[WARNING ODB-0383] vs_15_4 is marked do not touch and will be skipped in global connections.
[WARNING ODB-0383] vs_15_5 is marked do not touch and will be skipped in global connections.
[WARNING ODB-0383] vs_15_6 is marked do not touch and will be skipped in global connections.
[WARNING ODB-0383] vs_15_7 is marked do not touch and will be skipped in global connections.
[WARNING ODB-0383] vs_15_8 is marked do not touch and will be skipped in global connections.
[WARNING ODB-0383] vs_15_9 is marked do not touch and will be skipped in global connections.
[WARNING ODB-0383] vs_16_0 is marked do not touch and will be skipped in global connections.
[WARNING ODB-0383] vs_16_1 is marked do not touch and will be skipped in global connections.
[WARNING ODB-0383] vs_16_10 is marked do not touch and will be skipped in global connections.
[WARNING ODB-0383] vs_16_11 is marked do not touch and will be skipped in global connections.
[WARNING ODB-0383] vs_16_12 is marked do not touch and will be skipped in global connections.
[WARNING ODB-0383] vs_16_13 is marked do not touch and will be skipped in global connections.
[WARNING ODB-0383] vs_16_14 is marked do not touch and will be skipped in global connections.
[WARNING ODB-0383] vs_16_15 is marked do not touch and will be skipped in global connections.
[WARNING ODB-0383] vs_16_16 is marked do not touch and will be skipped in global connections.
[WARNING ODB-0383] vs_16_17 is marked do not touch and will be skipped in global connections.
[WARNING ODB-0383] vs_16_18 is marked do not touch and will be skipped in global connections.
[WARNING ODB-0383] vs_16_19 is marked do not touch and will be skipped in global connections.
[WARNING ODB-0383] vs_16_2 is marked do not touch and will be skipped in global connections.
[WARNING ODB-0383] vs_16_20 is marked do not touch and will be skipped in global connections.
[WARNING ODB-0383] vs_16_21 is marked do not touch and will be skipped in global connections.
[WARNING ODB-0383] vs_16_3 is marked do not touch and will be skipped in global connections.
[WARNING ODB-0383] vs_16_4 is marked do not touch and will be skipped in global connections.
[WARNING ODB-0383] vs_16_5 is marked do not touch and will be skipped in global connections.
[WARNING ODB-0383] vs_16_6 is marked do not touch and will be skipped in global connections.
[WARNING ODB-0383] vs_16_7 is marked do not touch and will be skipped in global connections.
[WARNING ODB-0383] vs_16_8 is marked do not touch and will be skipped in global connections.
[WARNING ODB-0383] vs_16_9 is marked do not touch and will be skipped in global connections.
[WARNING ODB-0383] vs_17_0 is marked do not touch and will be skipped in global connections.
[WARNING ODB-0383] vs_17_1 is marked do not touch and will be skipped in global connections.
[WARNING ODB-0383] vs_17_10 is marked do not touch and will be skipped in global connections.
[WARNING ODB-0383] vs_17_11 is marked do not touch and will be skipped in global connections.
[WARNING ODB-0383] vs_17_12 is marked do not touch and will be skipped in global connections.
[WARNING ODB-0383] vs_17_13 is marked do not touch and will be skipped in global connections.
[WARNING ODB-0383] vs_17_14 is marked do not touch and will be skipped in global connections.
[WARNING ODB-0383] vs_17_15 is marked do not touch and will be skipped in global connections.
[WARNING ODB-0383] vs_17_16 is marked do not touch and will be skipped in global connections.
[WARNING ODB-0383] vs_17_17 is marked do not touch and will be skipped in global connections.
[WARNING ODB-0383] vs_17_18 is marked do not touch and will be skipped in global connections.
[WARNING ODB-0383] vs_17_19 is marked do not touch and will be skipped in global connections.
[WARNING ODB-0383] vs_17_2 is marked do not touch and will be skipped in global connections.
[WARNING ODB-0383] vs_17_20 is marked do not touch and will be skipped in global connections.
[WARNING ODB-0383] vs_17_21 is marked do not touch and will be skipped in global connections.
[WARNING ODB-0383] vs_17_3 is marked do not touch and will be skipped in global connections.
[WARNING ODB-0383] vs_17_4 is marked do not touch and will be skipped in global connections.
[WARNING ODB-0383] vs_17_5 is marked do not touch and will be skipped in global connections.
[WARNING ODB-0383] vs_17_6 is marked do not touch and will be skipped in global connections.
[WARNING ODB-0383] vs_17_7 is marked do not touch and will be skipped in global connections.
[WARNING ODB-0383] vs_17_8 is marked do not touch and will be skipped in global connections.
[WARNING ODB-0383] vs_17_9 is marked do not touch and will be skipped in global connections.
[WARNING ODB-0383] vs_18_0 is marked do not touch and will be skipped in global connections.
[WARNING ODB-0383] vs_18_1 is marked do not touch and will be skipped in global connections.
[WARNING ODB-0383] vs_18_10 is marked do not touch and will be skipped in global connections.
[WARNING ODB-0383] vs_18_11 is marked do not touch and will be skipped in global connections.
[WARNING ODB-0383] vs_18_12 is marked do not touch and will be skipped in global connections.
[WARNING ODB-0383] vs_18_13 is marked do not touch and will be skipped in global connections.
[WARNING ODB-0383] vs_18_14 is marked do not touch and will be skipped in global connections.
[WARNING ODB-0383] vs_18_15 is marked do not touch and will be skipped in global connections.
[WARNING ODB-0383] vs_18_16 is marked do not touch and will be skipped in global connections.
[WARNING ODB-0383] vs_18_17 is marked do not touch and will be skipped in global connections.
[WARNING ODB-0383] vs_18_18 is marked do not touch and will be skipped in global connections.
[WARNING ODB-0383] vs_18_19 is marked do not touch and will be skipped in global connections.
[WARNING ODB-0383] vs_18_2 is marked do not touch and will be skipped in global connections.
[WARNING ODB-0383] vs_18_20 is marked do not touch and will be skipped in global connections.
[WARNING ODB-0383] vs_18_21 is marked do not touch and will be skipped in global connections.
[WARNING ODB-0383] vs_18_3 is marked do not touch and will be skipped in global connections.
[WARNING ODB-0383] vs_18_4 is marked do not touch and will be skipped in global connections.
[WARNING ODB-0383] vs_18_5 is marked do not touch and will be skipped in global connections.
[WARNING ODB-0383] vs_18_6 is marked do not touch and will be skipped in global connections.
[WARNING ODB-0383] vs_18_7 is marked do not touch and will be skipped in global connections.
[WARNING ODB-0383] vs_18_8 is marked do not touch and will be skipped in global connections.
[WARNING ODB-0383] vs_18_9 is marked do not touch and will be skipped in global connections.
[WARNING ODB-0383] vs_19_0 is marked do not touch and will be skipped in global connections.
[WARNING ODB-0383] vs_19_1 is marked do not touch and will be skipped in global connections.
[WARNING ODB-0383] vs_19_10 is marked do not touch and will be skipped in global connections.
[WARNING ODB-0383] vs_19_11 is marked do not touch and will be skipped in global connections.
[WARNING ODB-0383] vs_19_12 is marked do not touch and will be skipped in global connections.
[WARNING ODB-0383] vs_19_13 is marked do not touch and will be skipped in global connections.
[WARNING ODB-0383] vs_19_14 is marked do not touch and will be skipped in global connections.
[WARNING ODB-0383] vs_19_15 is marked do not touch and will be skipped in global connections.
[WARNING ODB-0383] vs_19_16 is marked do not touch and will be skipped in global connections.
[WARNING ODB-0383] vs_19_17 is marked do not touch and will be skipped in global connections.
[WARNING ODB-0383] vs_19_18 is marked do not touch and will be skipped in global connections.
[WARNING ODB-0383] vs_19_19 is marked do not touch and will be skipped in global connections.
[WARNING ODB-0383] vs_19_2 is marked do not touch and will be skipped in global connections.
[WARNING ODB-0383] vs_19_20 is marked do not touch and will be skipped in global connections.
[WARNING ODB-0383] vs_19_21 is marked do not touch and will be skipped in global connections.
[WARNING ODB-0383] vs_19_3 is marked do not touch and will be skipped in global connections.
[WARNING ODB-0383] vs_19_4 is marked do not touch and will be skipped in global connections.
[WARNING ODB-0383] vs_19_5 is marked do not touch and will be skipped in global connections.
[WARNING ODB-0383] vs_19_6 is marked do not touch and will be skipped in global connections.
[WARNING ODB-0383] vs_19_7 is marked do not touch and will be skipped in global connections.
[WARNING ODB-0383] vs_19_8 is marked do not touch and will be skipped in global connections.
[WARNING ODB-0383] vs_19_9 is marked do not touch and will be skipped in global connections.
[WARNING ODB-0383] vs_1_0 is marked do not touch and will be skipped in global connections.
[WARNING ODB-0383] vs_1_1 is marked do not touch and will be skipped in global connections.
[WARNING ODB-0383] vs_1_10 is marked do not touch and will be skipped in global connections.
[WARNING ODB-0383] vs_1_11 is marked do not touch and will be skipped in global connections.
[WARNING ODB-0383] vs_1_12 is marked do not touch and will be skipped in global connections.
[WARNING ODB-0383] vs_1_13 is marked do not touch and will be skipped in global connections.
[WARNING ODB-0383] vs_1_14 is marked do not touch and will be skipped in global connections.
[WARNING ODB-0383] vs_1_15 is marked do not touch and will be skipped in global connections.
[WARNING ODB-0383] vs_1_16 is marked do not touch and will be skipped in global connections.
[WARNING ODB-0383] vs_1_17 is marked do not touch and will be skipped in global connections.
[WARNING ODB-0383] vs_1_18 is marked do not touch and will be skipped in global connections.
[WARNING ODB-0383] vs_1_19 is marked do not touch and will be skipped in global connections.
[WARNING ODB-0383] vs_1_2 is marked do not touch and will be skipped in global connections.
[WARNING ODB-0383] vs_1_20 is marked do not touch and will be skipped in global connections.
[WARNING ODB-0383] vs_1_21 is marked do not touch and will be skipped in global connections.
[WARNING ODB-0383] vs_1_3 is marked do not touch and will be skipped in global connections.
[WARNING ODB-0383] vs_1_4 is marked do not touch and will be skipped in global connections.
[WARNING ODB-0383] vs_1_5 is marked do not touch and will be skipped in global connections.
[WARNING ODB-0383] vs_1_6 is marked do not touch and will be skipped in global connections.
[WARNING ODB-0383] vs_1_7 is marked do not touch and will be skipped in global connections.
[WARNING ODB-0383] vs_1_8 is marked do not touch and will be skipped in global connections.
[WARNING ODB-0383] vs_1_9 is marked do not touch and will be skipped in global connections.
[WARNING ODB-0383] vs_20_0 is marked do not touch and will be skipped in global connections.
[WARNING ODB-0383] vs_20_1 is marked do not touch and will be skipped in global connections.
[WARNING ODB-0383] vs_20_10 is marked do not touch and will be skipped in global connections.
[WARNING ODB-0383] vs_20_11 is marked do not touch and will be skipped in global connections.
[WARNING ODB-0383] vs_20_12 is marked do not touch and will be skipped in global connections.
[WARNING ODB-0383] vs_20_13 is marked do not touch and will be skipped in global connections.
[WARNING ODB-0383] vs_20_14 is marked do not touch and will be skipped in global connections.
[WARNING ODB-0383] vs_20_15 is marked do not touch and will be skipped in global connections.
[WARNING ODB-0383] vs_20_16 is marked do not touch and will be skipped in global connections.
[WARNING ODB-0383] vs_20_17 is marked do not touch and will be skipped in global connections.
[WARNING ODB-0383] vs_20_18 is marked do not touch and will be skipped in global connections.
[WARNING ODB-0383] vs_20_19 is marked do not touch and will be skipped in global connections.
[WARNING ODB-0383] vs_20_2 is marked do not touch and will be skipped in global connections.
[WARNING ODB-0383] vs_20_20 is marked do not touch and will be skipped in global connections.
[WARNING ODB-0383] vs_20_21 is marked do not touch and will be skipped in global connections.
[WARNING ODB-0383] vs_20_3 is marked do not touch and will be skipped in global connections.
[WARNING ODB-0383] vs_20_4 is marked do not touch and will be skipped in global connections.
[WARNING ODB-0383] vs_20_5 is marked do not touch and will be skipped in global connections.
[WARNING ODB-0383] vs_20_6 is marked do not touch and will be skipped in global connections.
[WARNING ODB-0383] vs_20_7 is marked do not touch and will be skipped in global connections.
[WARNING ODB-0383] vs_20_8 is marked do not touch and will be skipped in global connections.
[WARNING ODB-0383] vs_20_9 is marked do not touch and will be skipped in global connections.
[WARNING ODB-0383] vs_21_0 is marked do not touch and will be skipped in global connections.
[WARNING ODB-0383] vs_21_1 is marked do not touch and will be skipped in global connections.
[WARNING ODB-0383] vs_21_10 is marked do not touch and will be skipped in global connections.
[WARNING ODB-0383] vs_21_11 is marked do not touch and will be skipped in global connections.
[WARNING ODB-0383] vs_21_12 is marked do not touch and will be skipped in global connections.
[WARNING ODB-0383] vs_21_13 is marked do not touch and will be skipped in global connections.
[WARNING ODB-0383] vs_21_14 is marked do not touch and will be skipped in global connections.
[WARNING ODB-0383] vs_21_15 is marked do not touch and will be skipped in global connections.
[WARNING ODB-0383] vs_21_16 is marked do not touch and will be skipped in global connections.
[WARNING ODB-0383] vs_21_17 is marked do not touch and will be skipped in global connections.
[WARNING ODB-0383] vs_21_18 is marked do not touch and will be skipped in global connections.
[WARNING ODB-0383] vs_21_19 is marked do not touch and will be skipped in global connections.
[WARNING ODB-0383] vs_21_2 is marked do not touch and will be skipped in global connections.
[WARNING ODB-0383] vs_21_20 is marked do not touch and will be skipped in global connections.
[WARNING ODB-0383] vs_21_21 is marked do not touch and will be skipped in global connections.
[WARNING ODB-0383] vs_21_3 is marked do not touch and will be skipped in global connections.
[WARNING ODB-0383] vs_21_4 is marked do not touch and will be skipped in global connections.
[WARNING ODB-0383] vs_21_5 is marked do not touch and will be skipped in global connections.
[WARNING ODB-0383] vs_21_6 is marked do not touch and will be skipped in global connections.
[WARNING ODB-0383] vs_21_7 is marked do not touch and will be skipped in global connections.
[WARNING ODB-0383] vs_21_8 is marked do not touch and will be skipped in global connections.
[WARNING ODB-0383] vs_21_9 is marked do not touch and will be skipped in global connections.
[WARNING ODB-0383] vs_22_0 is marked do not touch and will be skipped in global connections.
[WARNING ODB-0383] vs_22_1 is marked do not touch and will be skipped in global connections.
[WARNING ODB-0383] vs_22_10 is marked do not touch and will be skipped in global connections.
[WARNING ODB-0383] vs_22_11 is marked do not touch and will be skipped in global connections.
[WARNING ODB-0383] vs_22_12 is marked do not touch and will be skipped in global connections.
[WARNING ODB-0383] vs_22_13 is marked do not touch and will be skipped in global connections.
[WARNING ODB-0383] vs_22_14 is marked do not touch and will be skipped in global connections.
[WARNING ODB-0383] vs_22_15 is marked do not touch and will be skipped in global connections.
[WARNING ODB-0383] vs_22_16 is marked do not touch and will be skipped in global connections.
[WARNING ODB-0383] vs_22_17 is marked do not touch and will be skipped in global connections.
[WARNING ODB-0383] vs_22_18 is marked do not touch and will be skipped in global connections.
[WARNING ODB-0383] vs_22_19 is marked do not touch and will be skipped in global connections.
[WARNING ODB-0383] vs_22_2 is marked do not touch and will be skipped in global connections.
[WARNING ODB-0383] vs_22_20 is marked do not touch and will be skipped in global connections.
[WARNING ODB-0383] vs_22_21 is marked do not touch and will be skipped in global connections.
[WARNING ODB-0383] vs_22_3 is marked do not touch and will be skipped in global connections.
[WARNING ODB-0383] vs_22_4 is marked do not touch and will be skipped in global connections.
[WARNING ODB-0383] vs_22_5 is marked do not touch and will be skipped in global connections.
[WARNING ODB-0383] vs_22_6 is marked do not touch and will be skipped in global connections.
[WARNING ODB-0383] vs_22_7 is marked do not touch and will be skipped in global connections.
[WARNING ODB-0383] vs_22_8 is marked do not touch and will be skipped in global connections.
[WARNING ODB-0383] vs_22_9 is marked do not touch and will be skipped in global connections.
[WARNING ODB-0383] vs_23_0 is marked do not touch and will be skipped in global connections.
[WARNING ODB-0383] vs_23_1 is marked do not touch and will be skipped in global connections.
[WARNING ODB-0383] vs_23_10 is marked do not touch and will be skipped in global connections.
[WARNING ODB-0383] vs_23_11 is marked do not touch and will be skipped in global connections.
[WARNING ODB-0383] vs_23_12 is marked do not touch and will be skipped in global connections.
[WARNING ODB-0383] vs_23_13 is marked do not touch and will be skipped in global connections.
[WARNING ODB-0383] vs_23_14 is marked do not touch and will be skipped in global connections.
[WARNING ODB-0383] vs_23_15 is marked do not touch and will be skipped in global connections.
[WARNING ODB-0383] vs_23_16 is marked do not touch and will be skipped in global connections.
[WARNING ODB-0383] vs_23_17 is marked do not touch and will be skipped in global connections.
[WARNING ODB-0383] vs_23_18 is marked do not touch and will be skipped in global connections.
[WARNING ODB-0383] vs_23_19 is marked do not touch and will be skipped in global connections.
[WARNING ODB-0383] vs_23_2 is marked do not touch and will be skipped in global connections.
[WARNING ODB-0383] vs_23_20 is marked do not touch and will be skipped in global connections.
[WARNING ODB-0383] vs_23_21 is marked do not touch and will be skipped in global connections.
[WARNING ODB-0383] vs_23_3 is marked do not touch and will be skipped in global connections.
[WARNING ODB-0383] vs_23_4 is marked do not touch and will be skipped in global connections.
[WARNING ODB-0383] vs_23_5 is marked do not touch and will be skipped in global connections.
[WARNING ODB-0383] vs_23_6 is marked do not touch and will be skipped in global connections.
[WARNING ODB-0383] vs_23_7 is marked do not touch and will be skipped in global connections.
[WARNING ODB-0383] vs_23_8 is marked do not touch and will be skipped in global connections.
[WARNING ODB-0383] vs_23_9 is marked do not touch and will be skipped in global connections.
[WARNING ODB-0383] vs_24_0 is marked do not touch and will be skipped in global connections.
[WARNING ODB-0383] vs_24_1 is marked do not touch and will be skipped in global connections.
[WARNING ODB-0383] vs_24_10 is marked do not touch and will be skipped in global connections.
[WARNING ODB-0383] vs_24_11 is marked do not touch and will be skipped in global connections.
[WARNING ODB-0383] vs_24_12 is marked do not touch and will be skipped in global connections.
[WARNING ODB-0383] vs_24_13 is marked do not touch and will be skipped in global connections.
[WARNING ODB-0383] vs_24_14 is marked do not touch and will be skipped in global connections.
[WARNING ODB-0383] vs_24_15 is marked do not touch and will be skipped in global connections.
[WARNING ODB-0383] vs_24_16 is marked do not touch and will be skipped in global connections.
[WARNING ODB-0383] vs_24_17 is marked do not touch and will be skipped in global connections.
[WARNING ODB-0383] vs_24_18 is marked do not touch and will be skipped in global connections.
[WARNING ODB-0383] vs_24_19 is marked do not touch and will be skipped in global connections.
[WARNING ODB-0383] vs_24_2 is marked do not touch and will be skipped in global connections.
[WARNING ODB-0383] vs_24_20 is marked do not touch and will be skipped in global connections.
[WARNING ODB-0383] vs_24_21 is marked do not touch and will be skipped in global connections.
[WARNING ODB-0383] vs_24_3 is marked do not touch and will be skipped in global connections.
[WARNING ODB-0383] vs_24_4 is marked do not touch and will be skipped in global connections.
[WARNING ODB-0383] vs_24_5 is marked do not touch and will be skipped in global connections.
[WARNING ODB-0383] vs_24_6 is marked do not touch and will be skipped in global connections.
[WARNING ODB-0383] vs_24_7 is marked do not touch and will be skipped in global connections.
[WARNING ODB-0383] vs_24_8 is marked do not touch and will be skipped in global connections.
[WARNING ODB-0383] vs_24_9 is marked do not touch and will be skipped in global connections.
[WARNING ODB-0383] vs_25_0 is marked do not touch and will be skipped in global connections.
[WARNING ODB-0383] vs_25_1 is marked do not touch and will be skipped in global connections.
[WARNING ODB-0383] vs_25_10 is marked do not touch and will be skipped in global connections.
[WARNING ODB-0383] vs_25_11 is marked do not touch and will be skipped in global connections.
[WARNING ODB-0383] vs_25_12 is marked do not touch and will be skipped in global connections.
[WARNING ODB-0383] vs_25_13 is marked do not touch and will be skipped in global connections.
[WARNING ODB-0383] vs_25_14 is marked do not touch and will be skipped in global connections.
[WARNING ODB-0383] vs_25_15 is marked do not touch and will be skipped in global connections.
[WARNING ODB-0383] vs_25_16 is marked do not touch and will be skipped in global connections.
[WARNING ODB-0383] vs_25_17 is marked do not touch and will be skipped in global connections.
[WARNING ODB-0383] vs_25_18 is marked do not touch and will be skipped in global connections.
[WARNING ODB-0383] vs_25_19 is marked do not touch and will be skipped in global connections.
[WARNING ODB-0383] vs_25_2 is marked do not touch and will be skipped in global connections.
[WARNING ODB-0383] vs_25_20 is marked do not touch and will be skipped in global connections.
[WARNING ODB-0383] vs_25_21 is marked do not touch and will be skipped in global connections.
[WARNING ODB-0383] vs_25_3 is marked do not touch and will be skipped in global connections.
[WARNING ODB-0383] vs_25_4 is marked do not touch and will be skipped in global connections.
[WARNING ODB-0383] vs_25_5 is marked do not touch and will be skipped in global connections.
[WARNING ODB-0383] vs_25_6 is marked do not touch and will be skipped in global connections.
[WARNING ODB-0383] vs_25_7 is marked do not touch and will be skipped in global connections.
[WARNING ODB-0383] vs_25_8 is marked do not touch and will be skipped in global connections.
[WARNING ODB-0383] vs_25_9 is marked do not touch and will be skipped in global connections.
[WARNING ODB-0383] vs_26_0 is marked do not touch and will be skipped in global connections.
[WARNING ODB-0383] vs_26_1 is marked do not touch and will be skipped in global connections.
[WARNING ODB-0383] vs_26_10 is marked do not touch and will be skipped in global connections.
[WARNING ODB-0383] vs_26_11 is marked do not touch and will be skipped in global connections.
[WARNING ODB-0383] vs_26_12 is marked do not touch and will be skipped in global connections.
[WARNING ODB-0383] vs_26_13 is marked do not touch and will be skipped in global connections.
[WARNING ODB-0383] vs_26_14 is marked do not touch and will be skipped in global connections.
[WARNING ODB-0383] vs_26_15 is marked do not touch and will be skipped in global connections.
[WARNING ODB-0383] vs_26_16 is marked do not touch and will be skipped in global connections.
[WARNING ODB-0383] vs_26_17 is marked do not touch and will be skipped in global connections.
[WARNING ODB-0383] vs_26_18 is marked do not touch and will be skipped in global connections.
[WARNING ODB-0383] vs_26_19 is marked do not touch and will be skipped in global connections.
[WARNING ODB-0383] vs_26_2 is marked do not touch and will be skipped in global connections.
[WARNING ODB-0383] vs_26_20 is marked do not touch and will be skipped in global connections.
[WARNING ODB-0383] vs_26_21 is marked do not touch and will be skipped in global connections.
[WARNING ODB-0383] vs_26_3 is marked do not touch and will be skipped in global connections.
[WARNING ODB-0383] vs_26_4 is marked do not touch and will be skipped in global connections.
[WARNING ODB-0383] vs_26_5 is marked do not touch and will be skipped in global connections.
[WARNING ODB-0383] vs_26_6 is marked do not touch and will be skipped in global connections.
[WARNING ODB-0383] vs_26_7 is marked do not touch and will be skipped in global connections.
[WARNING ODB-0383] vs_26_8 is marked do not touch and will be skipped in global connections.
[WARNING ODB-0383] vs_26_9 is marked do not touch and will be skipped in global connections.
[WARNING ODB-0383] vs_27_0 is marked do not touch and will be skipped in global connections.
[WARNING ODB-0383] vs_27_1 is marked do not touch and will be skipped in global connections.
[WARNING ODB-0383] vs_27_10 is marked do not touch and will be skipped in global connections.
[WARNING ODB-0383] vs_27_11 is marked do not touch and will be skipped in global connections.
[WARNING ODB-0383] vs_27_12 is marked do not touch and will be skipped in global connections.
[WARNING ODB-0383] vs_27_13 is marked do not touch and will be skipped in global connections.
[WARNING ODB-0383] vs_27_14 is marked do not touch and will be skipped in global connections.
[WARNING ODB-0383] vs_27_15 is marked do not touch and will be skipped in global connections.
[WARNING ODB-0383] vs_27_16 is marked do not touch and will be skipped in global connections.
[WARNING ODB-0383] vs_27_17 is marked do not touch and will be skipped in global connections.
[WARNING ODB-0383] vs_27_18 is marked do not touch and will be skipped in global connections.
[WARNING ODB-0383] vs_27_19 is marked do not touch and will be skipped in global connections.
[WARNING ODB-0383] vs_27_2 is marked do not touch and will be skipped in global connections.
[WARNING ODB-0383] vs_27_20 is marked do not touch and will be skipped in global connections.
[WARNING ODB-0383] vs_27_21 is marked do not touch and will be skipped in global connections.
[WARNING ODB-0383] vs_27_3 is marked do not touch and will be skipped in global connections.
[WARNING ODB-0383] vs_27_4 is marked do not touch and will be skipped in global connections.
[WARNING ODB-0383] vs_27_5 is marked do not touch and will be skipped in global connections.
[WARNING ODB-0383] vs_27_6 is marked do not touch and will be skipped in global connections.
[WARNING ODB-0383] vs_27_7 is marked do not touch and will be skipped in global connections.
[WARNING ODB-0383] vs_27_8 is marked do not touch and will be skipped in global connections.
[WARNING ODB-0383] vs_27_9 is marked do not touch and will be skipped in global connections.
[WARNING ODB-0383] vs_28_0 is marked do not touch and will be skipped in global connections.
[WARNING ODB-0383] vs_28_1 is marked do not touch and will be skipped in global connections.
[WARNING ODB-0383] vs_28_10 is marked do not touch and will be skipped in global connections.
[WARNING ODB-0383] vs_28_11 is marked do not touch and will be skipped in global connections.
[WARNING ODB-0383] vs_28_12 is marked do not touch and will be skipped in global connections.
[WARNING ODB-0383] vs_28_13 is marked do not touch and will be skipped in global connections.
[WARNING ODB-0383] vs_28_14 is marked do not touch and will be skipped in global connections.
[WARNING ODB-0383] vs_28_15 is marked do not touch and will be skipped in global connections.
[WARNING ODB-0383] vs_28_16 is marked do not touch and will be skipped in global connections.
[WARNING ODB-0383] vs_28_17 is marked do not touch and will be skipped in global connections.
[WARNING ODB-0383] vs_28_18 is marked do not touch and will be skipped in global connections.
[WARNING ODB-0383] vs_28_19 is marked do not touch and will be skipped in global connections.
[WARNING ODB-0383] message limit (1000) reached. This message will no longer print.
[INFO PDN-0001] Inserting grid: grid
[INFO PDN-0500] Runtime: 0.04s
Design area 174635 um^2 62% utilization.
write_db /work/orfs/results/sky130hd/g2_ubp3s_u60/base/2_4_floorplan_pdn.odb
Elapsed time: 0:00.89[h:]min:sec. CPU time: user 0.65 sys 0.21 (96%). Peak memory: 126012KB.
Log                       Ext     Elapsed/s Peak Memory/MB sha1sum result [0:20)
2_4_floorplan_pdn         .odb            0            123 b8c45aed384e65065601
cp /work/orfs/results/sky130hd/g2_ubp3s_u60/base/2_4_floorplan_pdn.odb /work/orfs/results/sky130hd/g2_ubp3s_u60/base/2_floorplan.odb
cp /work/orfs/results/sky130hd/g2_ubp3s_u60/base/2_1_floorplan.sdc /work/orfs/results/sky130hd/g2_ubp3s_u60/base/2_floorplan.sdc
/OpenROAD-flow-scripts/flow/scripts/flow.sh 3_1_place_gp_skip_io global_place_skip_io
Running global_place_skip_io.tcl, stage 3_1_place_gp_skip_io
read_liberty /OpenROAD-flow-scripts/flow/platforms/sky130hd/lib/sky130_fd_sc_hd__tt_025C_1v80.lib
read_liberty /work/cells/g2_cells.lib
read_db /work/orfs/results/sky130hd/g2_ubp3s_u60/base/2_floorplan.odb
read_sdc /work/orfs/results/sky130hd/g2_ubp3s_u60/base/2_floorplan.sdc
source /OpenROAD-flow-scripts/flow/platforms/sky130hd/setRC.tcl
global_placement -skip_io -density 0.6 -pad_left 0 -pad_right 0
[INFO GPL-0001] ---- Initialize GPL Main Data Structures
[INFO GPL-0002] DBU: 1000
[INFO GPL-0003] SiteSize: (  0.460  2.720 ) um
[INFO GPL-0004] CoreBBox: (  2.300  2.720 ) ( 533.140 533.120 ) um
[INFO GPL-0016] Core area:                  281557.536 um^2
[INFO GPL-0036] Movable instances area:     169951.747 um^2
[INFO GPL-0037] Total instances area:       174634.989 um^2
[INFO GPL-0035] Pin density area adjust:      2652.131 um^2
[INFO GPL-0032] ---- Initialize Region: Top-level
[INFO GPL-0006] Number of instances:             16092
[INFO GPL-0007] Movable instances:               12349
[INFO GPL-0008] Fixed instances:                  3743
[INFO GPL-0009] Dummy instances:                     0
[INFO GPL-0010] Number of nets:                  11867
[INFO GPL-0011] Number of pins:                  36033
[INFO GPL-0012] Die BBox:       (  0.000  0.000 ) ( 535.460 535.460 ) um
[INFO GPL-0013] Placement BBox: (  2.300  2.720 ) ( 533.140 533.120 ) um
[INFO GPL-0014] Region name: top-level.
[INFO GPL-0015] Region area:                281557.536 um^2
[INFO GPL-0017] Fixed instances area:         4683.242 um^2
[INFO GPL-0018] Movable instances area:     172603.879 um^2
[INFO GPL-0019] Utilization:                    62.340 %
[INFO GPL-0020] Standard cells area:        172603.879 um^2
[INFO GPL-0021] Large instances area:            0.000 um^2
[INFO GPL-0005] ---- Execute Conjugate Gradient Initial Placement.
[INFO GPL-0051] Source of initial instance position counters:
	Odb location = 0	Core center = 12349	Region center = 0
[INFO GPL-0033] ---- Initialize Nesterov Region: Top-level
[WARNING GPL-0302] Target density 0.6000 is too low for the available free area.
Automatically adjusting to uniform density 0.6300.
[INFO GPL-0023] Placement target density:       0.6300
[INFO GPL-0024] Movable insts average area:     13.977 um^2
[INFO GPL-0025] Ideal bin area:                 22.186 um^2
[INFO GPL-0026] Ideal bin count:                 12690
[INFO GPL-0027] Total bin area:             281557.536 um^2
[INFO GPL-0028] Bin count (X, Y):          64 ,     64
[INFO GPL-0029] Bin size (W * H):       8.294 *  8.287 um
[INFO GPL-0030] Number of bins:                   4096
[INFO GPL-0084] ---- Execute Nesterov Global Placement.
[INFO GPL-0031] HPWL: Half-Perimeter Wirelength
Iteration | Overflow |     HPWL (um) |  HPWL(%) |   Penalty | Group
---------------------------------------------------------------
        0 |   0.9990 |  4.061033e+04 |   +0.00% |  3.37e-15 |      
       10 |   0.9980 |  3.090653e+04 |  -23.89% |  5.49e-15 |      
       20 |   0.9975 |  2.938358e+04 |   -4.93% |  8.94e-15 |      
       30 |   0.9970 |  2.944469e+04 |   +0.21% |  1.46e-14 |      
       40 |   0.9971 |  2.926598e+04 |   -0.61% |  2.37e-14 |      
       50 |   0.9971 |  2.919508e+04 |   -0.24% |  3.86e-14 |      
       60 |   0.9970 |  2.944899e+04 |   +0.87% |  6.29e-14 |      
       70 |   0.9970 |  2.994210e+04 |   +1.67% |  1.02e-13 |      
       80 |   0.9965 |  3.064830e+04 |   +2.36% |  1.67e-13 |      
       90 |   0.9964 |  3.198814e+04 |   +4.37% |  2.72e-13 |      
      100 |   0.9937 |  3.475839e+04 |   +8.66% |  4.43e-13 |      
      110 |   0.9885 |  4.049459e+04 |  +16.50% |  7.21e-13 |      
      120 |   0.9786 |  4.632819e+04 |  +14.41% |  1.17e-12 |      
      130 |   0.9571 |  4.688953e+04 |   +1.21% |  1.91e-12 |      
      140 |   0.9179 |  4.598749e+04 |   -1.92% |  3.11e-12 |      
      150 |   0.8768 |  4.472493e+04 |   -2.75% |  5.06e-12 |      
      160 |   0.8352 |  4.540301e+04 |   +1.52% |  8.23e-12 |      
      170 |   0.7827 |  4.718282e+04 |   +3.92% |  1.34e-11 |      
      180 |   0.7849 |  4.625808e+04 |   -1.96% |  2.18e-11 |      
      190 |   0.7904 |  4.420200e+04 |   -4.44% |  3.55e-11 |      
      200 |   0.7669 |  4.445560e+04 |   +0.57% |  5.78e-11 |      
      210 |   0.7128 |  4.644708e+04 |   +4.48% |  9.41e-11 |      
      220 |   0.6648 |  4.918700e+04 |   +5.90% |  1.53e-10 |      
      230 |   0.6306 |  4.997335e+04 |   +1.60% |  2.50e-10 |      
      240 |   0.5908 |  5.172195e+04 |   +3.50% |  4.06e-10 |      
      250 |   0.5393 |  5.349263e+04 |   +3.42% |  6.62e-10 |      
      260 |   0.4926 |  5.450433e+04 |   +1.89% |  1.08e-09 |      
      270 |   0.4521 |  5.657225e+04 |   +3.79% |  1.75e-09 |      
      280 |   0.4061 |  5.917078e+04 |   +4.59% |  2.86e-09 |      
      290 |   0.3605 |  6.049928e+04 |   +2.25% |  4.65e-09 |      
      300 |   0.3235 |  6.103178e+04 |   +0.88% |  7.14e-09 |      
      310 |   0.2973 |  6.124610e+04 |   +0.35% |  1.05e-08 |      
      320 |   0.2646 |  6.232198e+04 |   +1.76% |  1.55e-08 |      
      330 |   0.2384 |  6.258805e+04 |   +0.43% |  2.28e-08 |      
      340 |   0.2084 |  6.288538e+04 |   +0.48% |  3.36e-08 |      
      350 |   0.1813 |  6.323074e+04 |   +0.55% |  4.95e-08 |      
      360 |   0.1573 |  6.353069e+04 |   +0.47% |  7.29e-08 |      
      370 |   0.1353 |  6.365787e+04 |   +0.20% |  1.07e-07 |      
      380 |   0.1162 |  6.366581e+04 |   +0.01% |  1.58e-07 |      
      390 |   0.0988 |  6.379754e+04 |   +0.21% |  2.33e-07 |      
      390 |   0.0988 |  6.379754e+04 |          |  2.42e-07 |      
---------------------------------------------------------------
[INFO GPL-1001] Global placement finished at iteration 390
[INFO GPL-1002] Placed Cell Area            172603.8786
[INFO GPL-1003] Available Free Area         276874.2944
[INFO GPL-1004] Minimum Feasible Density        0.6300 (cell_area / free_area)
[INFO GPL-1006]   Suggested Target Densities:
[INFO GPL-1007]     - For 90% usage of free space: 0.6927
[INFO GPL-1008]     - For 80% usage of free space: 0.7793
[INFO GPL-1014] Final placement area: 172603.88 (+0.00%)
[INFO GPL-1018] Final HPWL (um): 65195.42
Design area 174635 um^2 62% utilization.
write_db /work/orfs/results/sky130hd/g2_ubp3s_u60/base/3_1_place_gp_skip_io.odb
Elapsed time: 0:03.69[h:]min:sec. CPU time: user 3.67 sys 0.19 (104%). Peak memory: 140888KB.
Log                       Ext     Elapsed/s Peak Memory/MB sha1sum result [0:20)
3_1_place_gp_skip_io      .odb            3            137 43e61e986625716a515e
/OpenROAD-flow-scripts/flow/scripts/flow.sh 3_2_place_iop io_placement
Running io_placement.tcl, stage 3_2_place_iop
read_liberty /OpenROAD-flow-scripts/flow/platforms/sky130hd/lib/sky130_fd_sc_hd__tt_025C_1v80.lib
read_liberty /work/cells/g2_cells.lib
read_db /work/orfs/results/sky130hd/g2_ubp3s_u60/base/3_1_place_gp_skip_io.odb
read_sdc /work/orfs/results/sky130hd/g2_ubp3s_u60/base/2_floorplan.sdc
source /OpenROAD-flow-scripts/flow/platforms/sky130hd/setRC.tcl
place_pins -hor_layers met3 -ver_layers met2
Found 0 macro blocks.
Using 2 tracks default min distance between IO pins.
[INFO PPL-0001] Number of available slots 1940
[INFO PPL-0002] Number of I/O             130
[INFO PPL-0003] Number of I/O w/sink      130
[INFO PPL-0004] Number of I/O w/o sink    0
[INFO PPL-0005] Slots per section         200
[INFO PPL-0008] Successfully assigned pins to sections.
[INFO PPL-0012] I/O nets HPWL: 15530.20 um.
Design area 174635 um^2 62% utilization.
write_db /work/orfs/results/sky130hd/g2_ubp3s_u60/base/3_2_place_iop.odb
Elapsed time: 0:00.68[h:]min:sec. CPU time: user 0.52 sys 0.14 (96%). Peak memory: 123616KB.
Log                       Ext     Elapsed/s Peak Memory/MB sha1sum result [0:20)
3_2_place_iop             .odb            0            120 275637dbaee777c33d5d
/OpenROAD-flow-scripts/flow/scripts/flow.sh 3_3_place_gp global_place
Running global_place.tcl, stage 3_3_place_gp
read_liberty /OpenROAD-flow-scripts/flow/platforms/sky130hd/lib/sky130_fd_sc_hd__tt_025C_1v80.lib
read_liberty /work/cells/g2_cells.lib
read_db /work/orfs/results/sky130hd/g2_ubp3s_u60/base/3_2_place_iop.odb
read_sdc /work/orfs/results/sky130hd/g2_ubp3s_u60/base/2_floorplan.sdc
source /OpenROAD-flow-scripts/flow/platforms/sky130hd/setRC.tcl
[INFO RSZ-0026] Removed 0 buffers.
Perform port buffering...
[INFO RSZ-0027] Inserted 65 sky130_fd_sc_hd__clkdlybuf4s50_1 input buffers.
[INFO RSZ-0028] Inserted 64 sky130_fd_sc_hd__clkdlybuf4s50_1 output buffers.
global_placement -density 0.6 -pad_left 0 -pad_right 0 -routability_driven -timing_driven -force_center_initial_place -min_phi_coef 0.95 -max_phi_coef 1.05
[INFO GPL-0001] ---- Initialize GPL Main Data Structures
[INFO GPL-0002] DBU: 1000
[INFO GPL-0003] SiteSize: (  0.460  2.720 ) um
[INFO GPL-0004] CoreBBox: (  2.300  2.720 ) ( 533.140 533.120 ) um
[INFO GPL-0016] Core area:                  281557.536 um^2
[INFO GPL-0036] Movable instances area:     171242.986 um^2
[INFO GPL-0037] Total instances area:       175926.227 um^2
[INFO GPL-0035] Pin density area adjust:      2652.131 um^2
[INFO GPL-0032] ---- Initialize Region: Top-level
[INFO GPL-0006] Number of instances:             16221
[INFO GPL-0007] Movable instances:               12478
[INFO GPL-0008] Fixed instances:                  3743
[INFO GPL-0009] Dummy instances:                     0
[INFO GPL-0010] Number of nets:                  11996
[INFO GPL-0011] Number of pins:                  36421
[INFO GPL-0012] Die BBox:       (  0.000  0.000 ) ( 535.460 535.460 ) um
[INFO GPL-0013] Placement BBox: (  2.300  2.720 ) ( 533.140 533.120 ) um
[INFO GPL-0014] Region name: top-level.
[INFO GPL-0015] Region area:                281557.536 um^2
[INFO GPL-0017] Fixed instances area:         4683.242 um^2
[INFO GPL-0018] Movable instances area:     173895.117 um^2
[INFO GPL-0019] Utilization:                    62.807 %
[INFO GPL-0020] Standard cells area:        173895.117 um^2
[INFO GPL-0021] Large instances area:            0.000 um^2
[INFO GPL-0005] ---- Execute Conjugate Gradient Initial Placement.
[INFO GPL-0051] Source of initial instance position counters:
	Odb location = 0	Core center = 12478	Region center = 0
[InitialPlace]  Iter: 1 conjugate gradient residual: 0.00629122 HPWL: 182038529
[InitialPlace]  Iter: 2 conjugate gradient residual: 0.00857200 HPWL: 166010286
[InitialPlace]  Iter: 3 conjugate gradient residual: 0.00076022 HPWL: 147483649
[InitialPlace]  Iter: 4 conjugate gradient residual: 0.00058718 HPWL: 143783369
[InitialPlace]  Iter: 5 conjugate gradient residual: 0.00019381 HPWL: 140226481
[InitialPlace]  Iter: 6 conjugate gradient residual: 0.00004152 HPWL: 137892299
[InitialPlace]  Iter: 7 conjugate gradient residual: 0.00002620 HPWL: 136982888
[InitialPlace]  Iter: 8 conjugate gradient residual: 0.00002561 HPWL: 137021556
[InitialPlace]  Iter: 9 conjugate gradient residual: 0.00002598 HPWL: 137081503
[InitialPlace]  Iter: 10 conjugate gradient residual: 0.00001636 HPWL: 137140853
[InitialPlace]  Iter: 11 conjugate gradient residual: 0.00006761 HPWL: 137190090
[InitialPlace]  Iter: 12 conjugate gradient residual: 0.00004236 HPWL: 137231233
[InitialPlace]  Iter: 13 conjugate gradient residual: 0.00002176 HPWL: 137265750
[InitialPlace]  Iter: 14 conjugate gradient residual: 0.00002796 HPWL: 137296033
[InitialPlace]  Iter: 15 conjugate gradient residual: 0.00002085 HPWL: 137323806
[InitialPlace]  Iter: 16 conjugate gradient residual: 0.00014503 HPWL: 137347570
[InitialPlace]  Iter: 17 conjugate gradient residual: 0.00001671 HPWL: 137435068
[InitialPlace]  Iter: 18 conjugate gradient residual: 0.00002255 HPWL: 137387176
[InitialPlace]  Iter: 19 conjugate gradient residual: 0.00002141 HPWL: 137402009
[InitialPlace]  Iter: 20 conjugate gradient residual: 0.00002433 HPWL: 137413463
[INFO GPL-0033] ---- Initialize Nesterov Region: Top-level
[WARNING GPL-0302] Target density 0.6000 is too low for the available free area.
Automatically adjusting to uniform density 0.6300.
[INFO GPL-0023] Placement target density:       0.6300
[INFO GPL-0024] Movable insts average area:     13.936 um^2
[INFO GPL-0025] Ideal bin area:                 22.121 um^2
[INFO GPL-0026] Ideal bin count:                 12728
[INFO GPL-0027] Total bin area:             281557.536 um^2
[INFO GPL-0028] Bin count (X, Y):          64 ,     64
[INFO GPL-0029] Bin size (W * H):       8.294 *  8.287 um
[INFO GPL-0030] Number of bins:                   4096
[INFO GPL-0084] ---- Execute Nesterov Global Placement.
[INFO GPL-0031] HPWL: Half-Perimeter Wirelength
Iteration | Overflow |     HPWL (um) |  HPWL(%) |   Penalty | Group
---------------------------------------------------------------
        0 |   0.9194 |  4.021593e+04 |   +0.00% |  2.71e-15 |      
       10 |   0.9095 |  3.940120e+04 |   -2.03% |  4.41e-15 |      
       20 |   0.9020 |  3.936733e+04 |   -0.09% |  7.18e-15 |      
       30 |   0.8795 |  3.977556e+04 |   +1.04% |  1.17e-14 |      
       40 |   0.8893 |  4.103454e+04 |   +3.17% |  1.90e-14 |      
       50 |   0.8712 |  4.245222e+04 |   +3.45% |  3.10e-14 |      
       60 |   0.8756 |  4.390992e+04 |   +3.43% |  5.05e-14 |      
       70 |   0.8567 |  4.522523e+04 |   +3.00% |  8.23e-14 |      
       80 |   0.8444 |  4.655806e+04 |   +2.95% |  1.34e-13 |      
       90 |   0.8417 |  4.767939e+04 |   +2.41% |  2.18e-13 |      
      100 |   0.8325 |  4.854180e+04 |   +1.81% |  3.55e-13 |      
      110 |   0.8348 |  4.941772e+04 |   +1.80% |  5.79e-13 |      
      120 |   0.8271 |  4.999209e+04 |   +1.16% |  9.43e-13 |      
      130 |   0.8272 |  5.055828e+04 |   +1.13% |  1.54e-12 |      
      140 |   0.8180 |  5.098731e+04 |   +0.85% |  2.50e-12 |      
      150 |   0.8136 |  5.144968e+04 |   +0.91% |  4.08e-12 |      
      160 |   0.8015 |  5.199559e+04 |   +1.06% |  6.64e-12 |      
      170 |   0.7859 |  5.273872e+04 |   +1.43% |  1.08e-11 |      
      180 |   0.7654 |  5.377787e+04 |   +1.97% |  1.76e-11 |      
      190 |   0.7393 |  5.528300e+04 |   +2.80% |  2.87e-11 |      
      200 |   0.7113 |  5.716719e+04 |   +3.41% |  4.67e-11 |      
      210 |   0.6796 |  5.972983e+04 |   +4.48% |  7.61e-11 |      
      220 |   0.6421 |  6.274184e+04 |   +5.04% |  1.24e-10 |      
[INFO GPL-0100] Timing-driven iteration 1/2, virtual: false.
[INFO GPL-0101]    Iter: 225, overflow: 0.634, keep resizer changes at: 1, HPWL: 63885427
Iteration |   Area    | Resized | Buffers | Nets repaired | Remaining
---------------------------------------------------------------------
        0 |     +0.0% |       0 |       0 |             0 |     12544
    final |     +0.1% |      20 |      27 |             3 |         0
---------------------------------------------------------------------
[INFO RSZ-0034] Found 3 slew violations.
[INFO RSZ-0035] Found 3 fanout violations.
[INFO RSZ-0039] Resized 20 instances.
[INFO RSZ-0038] Inserted 27 buffers in 3 nets.
   Iter   |    Area   | Removed | Inserted |   Pins
          |           | Buffers | Buffers  | Remaining
-------------------------------------------------------
        0 |     +0.0% |       0 |        0 |     10522
     1000 |     +0.0% |       0 |        0 |      9522
     2000 |     +0.0% |       0 |        0 |      8522
     3000 |     +0.0% |       0 |        0 |      7522
     4000 |     +0.1% |       0 |       33 |      6522
     5000 |     +0.5% |       0 |      106 |      5522
     6000 |     +0.7% |      23 |      150 |      4522
     7000 |     +0.7% |      23 |      150 |      3522
     8000 |     +0.7% |      23 |      150 |      2522
     9000 |     +0.7% |      23 |      150 |      1522
    10000 |     +0.7% |      23 |      150 |       522
    final |     +0.7% |      27 |      155 |         0
-------------------------------------------------------
[INFO GPL-0106] Timing-driven: worst slack 1.1880259e-09
[INFO GPL-0107] Timing-driven: repair_design delta area: 1383.827 um^2 (+0.80%)
[INFO GPL-0108] Timing-driven: repair_design, gpl delta gcells: 155 (+1.24%)
[INFO GPL-0109] Timing-driven: repair_design, gcells created: 182, deleted: 27
[INFO GPL-0110] Timing-driven: new target density: 0.63499796
Iteration | Overflow |     HPWL (um) |  HPWL(%) |   Penalty | Group
---------------------------------------------------------------
      230 |   0.6086 |  7.785471e+04 |  +24.09% |  2.01e-10 |      
[INFO GPL-0038] Routability snapshot saved at iter = 234
      233 |   0.5995 |  7.967807e+04 |          |           |      
      240 |   0.5873 |  8.186515e+04 |   +5.15% |  3.28e-10 |      
      250 |   0.5853 |  8.626218e+04 |   +5.37% |  5.34e-10 |      
      260 |   0.5492 |  8.875669e+04 |   +2.89% |  8.69e-10 |      
      270 |   0.4951 |  8.989989e+04 |   +1.29% |  1.42e-09 |      
      280 |   0.4544 |  9.026679e+04 |   +0.41% |  2.31e-09 |      
      290 |   0.4218 |  8.952470e+04 |   -0.82% |  3.76e-09 |      
      300 |   0.3725 |  8.962756e+04 |   +0.11% |  6.12e-09 |      
      310 |   0.3248 |  9.012891e+04 |   +0.56% |  9.57e-09 |      
[INFO GPL-0040] Routability iteration: 1
[WARNING GRT-0281] Net clk has a large fanout of 4595 terminals.
[INFO GPL-0088] Tiles the placer can act on: 3208 of 5929 (54.11%)
[INFO GPL-0041] Total routing overflow: 5.1734
[INFO GPL-0042] Number of overflowed tiles: 16 (0.50%)
[INFO GPL-0043] Average top 0.5% routing congestion: 1.3015
[INFO GPL-0044] Average top 1.0% routing congestion: 1.0873
[INFO GPL-0045] Average top 2.0% routing congestion: 0.9085
[INFO GPL-0046] Average top 5.0% routing congestion: 0.7097
[INFO GPL-0047] Routability iteration weighted routing congestion: 1.1944
[INFO GPL-0048] Routing congestion (1.1944) lower than previous minimum (1e+30). Updating minimum.
[INFO GPL-0086] Inflated area:                2988.341 um^2 (+1.70%)
[INFO GPL-0052] Placement target density:       0.6350
[INFO GPL-0076] Removing fillers, count: Before: 37, After: 0 (-100.00%)
[INFO GPL-0077] Filler area (um^2)     : Before: 535.681, After: 0.000 (-100.00%)
[INFO GPL-0078] Removed fillers count: 37, area removed: 532.733 um^2. Remaining area to be compensated by modifying density: 2455.608 um^2
[INFO GPL-0079] New target density: 0.6438564
[INFO GPL-0058] White space area:           276874.294 um^2 (+0.00%)
[INFO GPL-0059] Movable instances area:     178267.292 um^2 (+1.40%)
[INFO GPL-0060] Total filler area:               0.000 um^2 (-100.00%)
[INFO GPL-0061] Total non-inflated area:    178267.285 um^2 (+1.40%)
[INFO GPL-0062] Total inflated area:        181255.627 um^2 (+1.37%)
[INFO GPL-0063] New Target Density:             0.6439
[INFO GPL-0087] Routability end iteration: increase inflation and revert back to snapshot.
Iteration | Overflow |     HPWL (um) |  HPWL(%) |   Penalty | Group
---------------------------------------------------------------
      320 |   0.5983 |  8.042245e+04 |   +0.00% |  2.54e-10 |      
      330 |   0.5871 |  8.415166e+04 |   +4.64% |  3.75e-10 |      
      340 |   0.5814 |  8.724362e+04 |   +3.67% |  5.52e-10 |      
      350 |   0.5425 |  8.793188e+04 |   +0.79% |  8.13e-10 |      
      360 |   0.5014 |  8.793881e+04 |   +0.01% |  1.20e-09 |      
      370 |   0.4741 |  8.790914e+04 |   -0.03% |  1.76e-09 |      
      380 |   0.4457 |  8.729802e+04 |   -0.70% |  2.60e-09 |      
      390 |   0.4093 |  8.763582e+04 |   +0.39% |  3.83e-09 |      
      400 |   0.3656 |  8.831349e+04 |   +0.77% |  5.64e-09 |      
      410 |   0.3283 |  8.822296e+04 |   -0.10% |  8.30e-09 |      
      420 |   0.2979 |  8.810973e+04 |   -0.13% |  1.22e-08 |      
[INFO GPL-0040] Routability iteration: 2
[INFO GPL-0088] Tiles the placer can act on: 3108 of 5929 (52.42%)
[INFO GPL-0041] Total routing overflow: 0.0000
[INFO GPL-0042] Number of overflowed tiles: 0 (0.00%)
[INFO GPL-0043] Average top 0.5% routing congestion: 0.7367
[INFO GPL-0044] Average top 1.0% routing congestion: 0.6685
[INFO GPL-0045] Average top 2.0% routing congestion: 0.5960
[INFO GPL-0046] Average top 5.0% routing congestion: 0.4973
[INFO GPL-0047] Routability iteration weighted routing congestion: 0.7026
[INFO GPL-0050] Weighted routing congestion is lower than target routing congestion(1.0100), end routability optimization.
[INFO GPL-0090] Routability finished. Target routing congestion achieved succesfully.
Iteration | Overflow |     HPWL (um) |  HPWL(%) |   Penalty | Group
---------------------------------------------------------------
      430 |   0.2693 |  8.761047e+04 |   -0.57% |  1.80e-08 |      
      440 |   0.2438 |  8.728979e+04 |   -0.37% |  2.65e-08 |      
      450 |   0.2142 |  8.743840e+04 |   +0.17% |  3.91e-08 |      
[INFO GPL-0100] Timing-driven iteration 2/2, virtual: false.
[INFO GPL-0101]    Iter: 458, overflow: 0.195, keep resizer changes at: 1, HPWL: 87188758
Iteration |   Area    | Resized | Buffers | Nets repaired | Remaining
---------------------------------------------------------------------
        0 |     +0.0% |       0 |       0 |             0 |     12699
    final |     +0.0% |       0 |       0 |             0 |         0
---------------------------------------------------------------------
   Iter   |    Area   | Removed | Inserted |   Pins
          |           | Buffers | Buffers  | Remaining
-------------------------------------------------------
        0 |     +0.0% |       0 |        0 |     10522
     1000 |     +0.0% |       0 |        0 |      9522
     2000 |     +0.0% |       0 |        0 |      8522
     3000 |     +0.0% |       0 |        0 |      7522
     4000 |     -0.1% |      33 |        0 |      6522
     5000 |     -0.4% |     106 |        0 |      5522
     6000 |     -0.5% |     150 |       39 |      4522
     7000 |     -0.5% |     150 |       39 |      3522
     8000 |     -0.5% |     150 |       39 |      2522
     9000 |     -0.5% |     150 |       39 |      1522
    10000 |     -0.5% |     150 |       39 |       522
    final |     -0.5% |     155 |       46 |         0
-------------------------------------------------------
[INFO GPL-0106] Timing-driven: worst slack 1.2157954e-09
[INFO GPL-0107] Timing-driven: repair_design delta area: -877.046 um^2 (-0.49%)
[INFO GPL-0108] Timing-driven: repair_design, gpl delta gcells: -109 (-0.86%)
[INFO GPL-0109] Timing-driven: repair_design, gcells created: 46, deleted: 155
[INFO GPL-0110] Timing-driven: new target density: 0.6406887
Iteration | Overflow |     HPWL (um) |  HPWL(%) |   Penalty | Group
---------------------------------------------------------------
      460 |   0.1874 |  8.765999e+04 |   +0.25% |  5.76e-08 |      
      470 |   0.1706 |  8.835434e+04 |   +0.79% |  8.48e-08 |      
      480 |   0.1490 |  8.798322e+04 |   -0.42% |  1.25e-07 |      
      490 |   0.1281 |  8.780484e+04 |   -0.20% |  1.84e-07 |      
      500 |   0.1100 |  8.766028e+04 |   -0.16% |  2.71e-07 |      
      507 |   0.0992 |  8.805910e+04 |          |  3.69e-07 |      
---------------------------------------------------------------
[INFO GPL-1001] Global placement finished at iteration 507
[INFO GPL-1017] Routability mode iteration count: 185
[INFO GPL-1005] Routability final weighted congestion: 0.4468
[INFO GPL-1002] Placed Cell Area            177390.2393
[INFO GPL-1003] Available Free Area         276874.2944
[INFO GPL-1004] Minimum Feasible Density        0.6300 (cell_area / free_area)
[INFO GPL-1006]   Suggested Target Densities:
[INFO GPL-1007]     - For 90% usage of free space: 0.7119
[INFO GPL-1008]     - For 80% usage of free space: 0.8009
[INFO GPL-1011] Original area (um^2): 173895.12
[INFO GPL-1012] Total routability artificial inflation: 2988.34 (+1.72%)
[INFO GPL-1013] Total timing-driven delta area: 506.78 (+0.29%)
[INFO GPL-1014] Final placement area: 177390.24 (+2.01%)
[INFO GPL-1018] Final HPWL (um): 89501.04
Took 9 seconds: global_placement -density 0.6 -pad_left 0 -pad_right 0 -routability_driven -timing_driven -force_center_initial_place -min_phi_coef 0.95 -max_phi_coef 1.05
estimate_parasitics -placement
Report metrics stage 3, global place...

==========================================================================
global place report_design_area
--------------------------------------------------------------------------
Design area 176442 um^2 63% utilization.
write_db /work/orfs/results/sky130hd/g2_ubp3s_u60/base/3_3_place_gp.odb
Elapsed time: 0:11.86[h:]min:sec. CPU time: user 11.83 sys 1.17 (109%). Peak memory: 318752KB.
Log                       Ext     Elapsed/s Peak Memory/MB sha1sum result [0:20)
3_3_place_gp              .odb           11            311 8e77aa9b625571367d51
/OpenROAD-flow-scripts/flow/scripts/flow.sh 3_4_place_resized resize
Running resize.tcl, stage 3_4_place_resized
read_liberty /OpenROAD-flow-scripts/flow/platforms/sky130hd/lib/sky130_fd_sc_hd__tt_025C_1v80.lib
read_liberty /work/cells/g2_cells.lib
read_db /work/orfs/results/sky130hd/g2_ubp3s_u60/base/3_3_place_gp.odb
read_sdc /work/orfs/results/sky130hd/g2_ubp3s_u60/base/2_floorplan.sdc
source /OpenROAD-flow-scripts/flow/platforms/sky130hd/setRC.tcl
estimate_parasitics -placement
Perform buffer insertion and gate resizing...
repair_design -verbose -match_cell_footprint
Iteration |   Area    | Resized | Buffers | Nets repaired | Remaining
---------------------------------------------------------------------
        0 |     +0.0% |       0 |       0 |             0 |     12590
     1000 |     +0.0% |       0 |       0 |             0 |     11590
     2000 |     +0.0% |       0 |       0 |             0 |     10590
     3000 |     +0.0% |       0 |       0 |             0 |      9590
     4000 |     +0.0% |       0 |       0 |             0 |      8590
     5000 |     +0.0% |       0 |       0 |             0 |      7590
     6000 |     +0.0% |       0 |       0 |             0 |      6590
     7000 |     +0.0% |       0 |       0 |             0 |      5590
     8000 |     +0.0% |       0 |       0 |             0 |      4590
     9000 |     +0.0% |       0 |       0 |             0 |      3590
    10000 |     +0.0% |       0 |       0 |             0 |      2590
    11000 |     +0.0% |       0 |       0 |             0 |      1590
    12000 |     +0.0% |       0 |       0 |             0 |       590
    final |     +0.0% |       0 |       0 |             0 |         0
---------------------------------------------------------------------
[INFO RSZ-0504] Runtime: 0.71s
Floating nets: 
[WARNING RSZ-0095] found 1408 floating pins.
Report metrics stage 3, resizer...

==========================================================================
resizer report_design_area
--------------------------------------------------------------------------
Design area 176442 um^2 63% utilization.
Instance count before 16267, after 16267
Pin count before 38339, after 38339
write_db /work/orfs/results/sky130hd/g2_ubp3s_u60/base/3_4_place_resized.odb
Elapsed time: 0:04.46[h:]min:sec. CPU time: user 4.52 sys 0.23 (106%). Peak memory: 184368KB.
Log                       Ext     Elapsed/s Peak Memory/MB sha1sum result [0:20)
3_4_place_resized         .odb            4            180 8e77aa9b625571367d51
/OpenROAD-flow-scripts/flow/scripts/flow.sh 3_5_place_dp detail_place
Running detail_place.tcl, stage 3_5_place_dp
read_liberty /OpenROAD-flow-scripts/flow/platforms/sky130hd/lib/sky130_fd_sc_hd__tt_025C_1v80.lib
read_liberty /work/cells/g2_cells.lib
read_db /work/orfs/results/sky130hd/g2_ubp3s_u60/base/3_4_place_resized.odb
read_sdc /work/orfs/results/sky130hd/g2_ubp3s_u60/base/2_floorplan.sdc
source /OpenROAD-flow-scripts/flow/platforms/sky130hd/setRC.tcl
detailed_placement
[INFO DPL-0006] Core area: 281557.54 um^2
[INFO DPL-0007] Movable instances area: 171758.48 um^2
[INFO DPL-0008] Fixed instances area within core: 4683.24 um^2
[INFO DPL-0009] Utilization: 62.7%
[INFO DPL-0005] Diamond search max displacement: +/- 500 sites horizontally, +/- 100 rows vertically.
[INFO DPL-1102] Legalizing using negotiation legalizer.
[INFO DPL-1103] Negotiation base search window: +/-20 sites horizontally, +/-5 rows vertically 
	Automatic search window extension enabled.
	Search window extendable up to the max displacement cap of +/-500 sites, +/-100 rows near walls.
[INFO DPL-1104] NegotiationLegalizer DRC penalty: 5.
[INFO DPL-0392] Negotiation cell height distribution (1 unique row-count(s)):
[INFO DPL-0393]   height 1 row(s): 16267 cells
          |      Total |  Illegal |  Illegal
Iteration | Violations |    Cells |    Sites
---------------------------------------------
        0 |       9580 |      2164 |      7284
        1 |        122 |        28 |        94
        2 |          0 |         0 |         0
Negotiation phase 1 converged at iteration 2.
[INFO DPL-0500] Runtime: 0.22s
Detailed Placement Analysis
---------------------------------
legalizer            negotiation
total moves               13669
total displacement      46012.6 u
average displacement        2.8 u
max displacement           16.7 u
original HPWL           89501.0 u
legalized HPWL         135198.9 u
delta HPWL                   51 %

improve_placement -max_displacement "5 1"
Detailed placement improvement.
[INFO DPL-0401] Setting random seed to 1.
[INFO DPL-0402] Setting maximum displacement 5 1 to 13600 2720 units.
[INFO DPL-0320] Collected 3873 fixed cells.
[INFO DPL-0318] Collected 12524 single height cells.
[INFO DPL-0321] Collected 0 wide cells.
[INFO DPL-0322] Image (2300, 2720) - (533140, 533120)
[INFO DPL-0310] Assigned 12524 cells into segments.  Movement in X-direction is 0.000000, movement in Y-direction is 0.000000.
[INFO DPL-0313] Found 0 cells in wrong regions.
[INFO DPL-0315] Found 0 row alignment problems.
[INFO DPL-0314] Found 0 site alignment problems.
[INFO DPL-0311] Found 0 overlaps between adjacent cells.
[INFO DPL-0312] Found 0 edge spacing violations and 0 padding violations.
[INFO DPL-0303] Running algorithm for independent set matching.
[INFO DPL-0300] Set matching objective is wirelength.
[INFO DPL-0301] Pass   1 of matching; objective is 1.352363e+08.
[INFO DPL-0302] End of matching; objective is 1.345834e+08, improvement is 0.48 percent.
[INFO DPL-0303] Running algorithm for global swaps.
[INFO DPL-0306] Pass   1 of global swaps; hpwl is 1.292129e+08.
[INFO DPL-0306] Pass   2 of global swaps; hpwl is 1.283598e+08.
[INFO DPL-0307] End of global swaps; objective is 1.283598e+08, improvement is 4.62 percent.
[INFO DPL-0303] Running algorithm for vertical swaps.
[INFO DPL-0308] Pass   1 of vertical swaps; hpwl is 1.270465e+08.
[INFO DPL-0308] Pass   2 of vertical swaps; hpwl is 1.262840e+08.
[INFO DPL-0309] End of vertical swaps; objective is 1.262840e+08, improvement is 1.62 percent.
[INFO DPL-0303] Running algorithm for reordering.
[INFO DPL-0304] Pass   1 of reordering; objective is 1.258701e+08.
[INFO DPL-0305] End of reordering; objective is 1.258701e+08, improvement is 0.33 percent.
[INFO DPL-0303] Running algorithm for random improvement.
[INFO DPL-0324] Random improver is using random generator.
[INFO DPL-0325] Random improver is using hpwl objective.
[INFO DPL-0326] Random improver cost string is (a).
[INFO DPL-0332] End of pass, Generator random called 250480 times.
[INFO DPL-0335] Generator random, Cumulative attempts 250480, swaps 39155, moves 48053 since last reset.
[INFO DPL-0333] End of pass, Objective hpwl, Initial cost 1.248186e+08, Scratch cost 1.216489e+08, Incremental cost 1.216489e+08, Mismatch? N
[INFO DPL-0338] End of pass, Total cost is 1.216489e+08.
[INFO DPL-0327] Pass   1 of random improver; improvement in cost is 2.54 percent.
[INFO DPL-0332] End of pass, Generator random called 250480 times.
[INFO DPL-0335] Generator random, Cumulative attempts 500960, swaps 77018, moves 96212 since last reset.
[INFO DPL-0333] End of pass, Objective hpwl, Initial cost 1.216489e+08, Scratch cost 1.205952e+08, Incremental cost 1.205952e+08, Mismatch? N
[INFO DPL-0338] End of pass, Total cost is 1.205952e+08.
[INFO DPL-0327] Pass   2 of random improver; improvement in cost is 0.87 percent.
[INFO DPL-0328] End of random improver; improvement is 3.383592 percent.
[INFO DPL-0380] Cell flipping.
[INFO DPL-0382] Changed 0 cell orientations for row compatibility.
[INFO DPL-0383] Performed 3265 cell flips.
[INFO DPL-0384] End of flipping; objective is 1.117366e+08, improvement is 8.15 percent.
[INFO DPL-0313] Found 0 cells in wrong regions.
[INFO DPL-0315] Found 0 row alignment problems.
[INFO DPL-0314] Found 0 site alignment problems.
[INFO DPL-0311] Found 0 overlaps between adjacent cells.
[INFO DPL-0312] Found 0 edge spacing violations and 0 padding violations.
Place Optimization Analysis
---------------------------------
total attempts           751440
relocated cells            6543
total displacement      31406.5 u
average displacement        4.8 u
max displacement           16.1 u
original HPWL          135198.9 u
improved HPWL          111502.3 u
delta HPWL                  -18 %

optimize_mirroring
[INFO DPL-0020] Mirrored 373 instances
[INFO DPL-0021] HPWL before          111502.3 u
[INFO DPL-0022] HPWL after           111231.0 u
[INFO DPL-0023] HPWL delta               -0.2 %
[INFO FLW-0012] Placement violations .
estimate_parasitics -placement
Report metrics stage 3, detailed place...

==========================================================================
detailed place report_design_area
--------------------------------------------------------------------------
Design area 176442 um^2 63% utilization.
write_db /work/orfs/results/sky130hd/g2_ubp3s_u60/base/3_5_place_dp.odb
write_sdc -no_timestamp /work/orfs/results/sky130hd/g2_ubp3s_u60/base/3_place.sdc
Elapsed time: 0:07.36[h:]min:sec. CPU time: user 7.46 sys 0.24 (104%). Peak memory: 193740KB.
Log                       Ext     Elapsed/s Peak Memory/MB sha1sum result [0:20)
3_5_place_dp              .odb            7            189 28b01aa855a0be2293dc
cp /work/orfs/results/sky130hd/g2_ubp3s_u60/base/3_5_place_dp.odb /work/orfs/results/sky130hd/g2_ubp3s_u60/base/3_place.odb
/OpenROAD-flow-scripts/flow/scripts/flow.sh 4_1_cts cts
Running cts.tcl, stage 4_1_cts
read_liberty /OpenROAD-flow-scripts/flow/platforms/sky130hd/lib/sky130_fd_sc_hd__tt_025C_1v80.lib
read_liberty /work/cells/g2_cells.lib
read_db /work/orfs/results/sky130hd/g2_ubp3s_u60/base/3_place.odb
read_sdc /work/orfs/results/sky130hd/g2_ubp3s_u60/base/3_place.sdc
source /OpenROAD-flow-scripts/flow/platforms/sky130hd/setRC.tcl
clock_tree_synthesis -sink_clustering_enable -repair_clock_nets
[INFO CTS-0050] Root buffer is sky130_fd_sc_hd__clkbuf_16.
[INFO CTS-0051] Sink buffer is sky130_fd_sc_hd__clkbuf_16.
[INFO CTS-0052] The following clock buffers will be used for CTS:
                    sky130_fd_sc_hd__clkbuf_16
[INFO CTS-0049] Characterization buffer is sky130_fd_sc_hd__clkbuf_16.
[INFO CTS-0007] Net "clk" found for clock "clk".
[INFO CTS-0010]  Clock net "clk" has 4594 sinks.
[INFO CTS-0008] TritonCTS found 1 clock nets.
[INFO CTS-0097] Characterization used 1 buffer(s) types.
[INFO CTS-0201] 0 blockages from hard placement blockages and placed macros will be used.
[INFO CTS-0027] Generating H-Tree topology for net clk.
[INFO CTS-0028]  Total number of sinks: 4594.
[INFO CTS-0090]  Sinks will be clustered based on buffer max cap.
[INFO CTS-0030]  Number of static layers: 0.
[INFO CTS-0020]  Wire segment unit: 13600  dbu (13 um).
[INFO CTS-0206] Best clustering solution was found from max clustering size of 15 and max clustering diameter of 64.
[INFO CTS-0019]  Total number of sinks after clustering: 413.
[INFO CTS-0024]  Normalized sink region: [(0.754378, 0.884276), (38.1715, 38.5791)].
[INFO CTS-0025]     Width:  37.4171.
[INFO CTS-0026]     Height: 37.6948.
 Level 1
    Direction: Vertical
    Sinks per sub-region: 207
    Sub-region size: 37.4171 X 18.8474
[INFO CTS-0034]     Segment length (rounded): 10.
 Level 2
    Direction: Horizontal
    Sinks per sub-region: 104
    Sub-region size: 18.7086 X 18.8474
[INFO CTS-0034]     Segment length (rounded): 10.
 Level 3
    Direction: Vertical
    Sinks per sub-region: 52
    Sub-region size: 18.7086 X 9.4237
[INFO CTS-0034]     Segment length (rounded): 4.
 Level 4
    Direction: Horizontal
    Sinks per sub-region: 26
    Sub-region size: 9.3543 X 9.4237
[INFO CTS-0034]     Segment length (rounded): 4.
 Level 5
    Direction: Vertical
    Sinks per sub-region: 13
    Sub-region size: 9.3543 X 4.7119
[INFO CTS-0034]     Segment length (rounded): 2.
[INFO CTS-0038]  Stop criterion found. Sink region hpwl is smaller than max wirelength (1911.535 um) and max number of sinks is 15.
[INFO CTS-0035]  Number of sinks covered: 413.
[INFO CTS-0018]     Created 450 clock buffers.
[INFO CTS-0012]     Minimum number of buffers in the clock path: 4.
[INFO CTS-0013]     Maximum number of buffers in the clock path: 4.
[INFO CTS-0015]     Created 450 clock nets.
[INFO CTS-0016]     Fanout distribution for the current clock = 8:5, 9:37, 10:89, 11:122, 12:118, 13:54, 14:16, 15:4..
[INFO CTS-0017]     Max level of the clock tree: 5.
[INFO CTS-0098] Clock net "clk"
[INFO CTS-0099]  Sinks 4971
[INFO CTS-0100]  Leaf buffers 413
[INFO CTS-0101]  Average sink wire length 970.53 um
[INFO CTS-0102]  Path depth 3 - 4
[INFO CTS-0207]  Dummy loads inserted 377
[INFO CTS-0500] Runtime: 1.59s
estimate_parasitics -placement
detailed_placement
[INFO DPL-0006] Core area: 281557.54 um^2
[INFO DPL-0007] Movable instances area: 187113.21 um^2
[INFO DPL-0008] Fixed instances area within core: 4683.24 um^2
[INFO DPL-0009] Utilization: 68.1%
[INFO DPL-0005] Diamond search max displacement: +/- 500 sites horizontally, +/- 100 rows vertically.
[INFO DPL-1102] Legalizing using negotiation legalizer.
[INFO DPL-1103] Negotiation base search window: +/-20 sites horizontally, +/-5 rows vertically 
	Automatic search window extension enabled.
	Search window extendable up to the max displacement cap of +/-500 sites, +/-100 rows near walls.
[INFO DPL-1104] NegotiationLegalizer DRC penalty: 5.
[INFO DPL-0392] Negotiation cell height distribution (1 unique row-count(s)):
[INFO DPL-0393]   height 1 row(s): 17094 cells
          |      Total |  Illegal |  Illegal
Iteration | Violations |    Cells |    Sites
---------------------------------------------
        0 |       4755 |       673 |      4058
        1 |        740 |       100 |       640
        2 |        198 |        18 |       180
        3 |          0 |         0 |         0
Negotiation phase 1 converged at iteration 3.
[INFO DPL-0500] Runtime: 0.21s
Detailed Placement Analysis
---------------------------------
legalizer            negotiation
total moves               13340
total displacement      21089.1 u
average displacement        1.2 u
max displacement           20.5 u
original HPWL          138257.2 u
legalized HPWL         153080.5 u
delta HPWL                   11 %

estimate_parasitics -placement
Warning: master sky130_ef_sc_hd__decap_12 has signal pins but no liberty cell
repair_timing -setup_margin 0 -hold_margin 0 -repair_tns 100 -match_cell_footprint -verbose
[INFO RSZ-0100] Repair move sequence: UnbufferMove SizeUpMove SwapPinsMove BufferMove CloneMove SplitLoadMove 
[INFO RSZ-0098] No setup violations found
[INFO RSZ-0505] Runtime: 0.55s
[INFO RSZ-0046] Found 296 endpoints with hold violations.
Iteration | Resized | Buffers | Cloned Gates |   Area   |   WNS   |   TNS   | Endpoint
--------------------------------------------------------------------------------------
        0 |       0 |       0 |            0 |    +0.0% |  -0.572 | -41.562 | ba21_0_0_ff/D
       10 |       0 |      10 |            0 |    +0.1% |  -0.309 | -36.681 | gen15/_099_/D
       20 |       0 |      20 |            0 |    +0.1% |  -0.299 | -30.734 | gen13/_099_/D
       30 |       0 |      30 |            0 |    +0.2% |  -0.287 | -25.182 | gen0/_097_/D
       40 |       0 |      40 |            0 |    +0.2% |  -0.265 | -19.346 | gen16/_099_/D
       50 |       0 |      50 |            0 |    +0.3% |  -0.246 | -14.073 | gen14/_121_/D
       60 |       0 |      59 |            0 |    +0.3% |  -0.228 |  -2.616 | gen20/_097_/D
       70 |       0 |      62 |            0 |    +0.3% |  -0.202 |  -1.255 | gen6/_097_/D
       80 |       0 |      63 |            0 |    +0.3% |  -0.182 |  -0.831 | gen14/_097_/D
       90 |       0 |      63 |            0 |    +0.3% |  -0.182 |  -0.831 | gen14/_097_/D
      100 |       0 |      64 |            0 |    +0.3% |  -0.182 |  -0.658 | gen14/_097_/D
      110 |       0 |      65 |            0 |    +0.3% |  -0.166 |  -0.304 | gen4/_097_/D
      120 |       0 |      66 |            0 |    +0.3% |   0.234 |   0.000 | gen18/_122_/D
      130 |       0 |      66 |            0 |    +0.3% |   0.234 |   0.000 | gen18/_122_/D
      140 |       0 |      66 |            0 |    +0.3% |   0.234 |   0.000 | gen18/_122_/D
      150 |       0 |      66 |            0 |    +0.3% |   0.234 |   0.000 | gen18/_122_/D
      160 |       0 |      66 |            0 |    +0.3% |   0.234 |   0.000 | gen18/_122_/D
      170 |       0 |      66 |            0 |    +0.3% |   0.234 |   0.000 | gen18/_122_/D
      180 |       0 |      66 |            0 |    +0.3% |   0.234 |   0.000 | gen18/_122_/D
      190 |       0 |      66 |            0 |    +0.3% |   0.234 |   0.000 | gen18/_122_/D
      200 |       0 |      66 |            0 |    +0.3% |   0.234 |   0.000 | gen18/_122_/D
      210 |       0 |      66 |            0 |    +0.3% |   0.234 |   0.000 | gen18/_122_/D
      220 |       0 |      66 |            0 |    +0.3% |   0.234 |   0.000 | gen18/_122_/D
      230 |       0 |      66 |            0 |    +0.3% |   0.234 |   0.000 | gen18/_122_/D
      240 |       0 |      66 |            0 |    +0.3% |   0.234 |   0.000 | gen18/_122_/D
      250 |       0 |      66 |            0 |    +0.3% |   0.234 |   0.000 | gen18/_122_/D
      260 |       0 |      66 |            0 |    +0.3% |   0.234 |   0.000 | gen18/_122_/D
      270 |       0 |      66 |            0 |    +0.3% |   0.234 |   0.000 | gen18/_122_/D
      280 |       0 |      66 |            0 |    +0.3% |   0.234 |   0.000 | gen18/_122_/D
      290 |       0 |      66 |            0 |    +0.3% |   0.234 |   0.000 | gen18/_122_/D
    final |       0 |      66 |            0 |    +0.3% |   0.234 |   0.000 | gen18/_122_/D
--------------------------------------------------------------------------------------
[INFO RSZ-0032] Inserted 66 hold buffers.
[INFO RSZ-0506] Runtime: 0.49s
Warning: master sky130_ef_sc_hd__decap_12 has signal pins but no liberty cell
Repair timing output passed lec test
detailed_placement
[INFO DPL-0006] Core area: 281557.54 um^2
[INFO DPL-0007] Movable instances area: 187773.84 um^2
[INFO DPL-0008] Fixed instances area within core: 4683.24 um^2
[INFO DPL-0009] Utilization: 68.4%
[INFO DPL-0005] Diamond search max displacement: +/- 500 sites horizontally, +/- 100 rows vertically.
[INFO DPL-1102] Legalizing using negotiation legalizer.
[INFO DPL-1103] Negotiation base search window: +/-20 sites horizontally, +/-5 rows vertically 
	Automatic search window extension enabled.
	Search window extendable up to the max displacement cap of +/-500 sites, +/-100 rows near walls.
[INFO DPL-1104] NegotiationLegalizer DRC penalty: 5.
[INFO DPL-0392] Negotiation cell height distribution (1 unique row-count(s)):
[INFO DPL-0393]   height 1 row(s): 17160 cells
          |      Total |  Illegal |  Illegal
Iteration | Violations |    Cells |    Sites
---------------------------------------------
        0 |        358 |        54 |       304
        1 |          4 |         2 |         2
        2 |          0 |         0 |         0
Negotiation phase 1 converged at iteration 2.
[INFO DPL-0500] Runtime: 0.12s
Detailed Placement Analysis
---------------------------------
legalizer            negotiation
total moves                 865
total displacement        366.7 u
average displacement        0.0 u
max displacement           13.8 u
original HPWL          153312.2 u
legalized HPWL         153553.1 u
delta HPWL                    0 %

estimate_parasitics -placement
Report metrics stage 4, cts final...

==========================================================================
cts final report_design_area
--------------------------------------------------------------------------
Design area 192457 um^2 68% utilization.
write_db /work/orfs/results/sky130hd/g2_ubp3s_u60/base/4_1_cts.odb
write_sdc -no_timestamp /work/orfs/results/sky130hd/g2_ubp3s_u60/base/4_cts.sdc
Elapsed time: 0:09.64[h:]min:sec. CPU time: user 9.75 sys 0.78 (109%). Peak memory: 224580KB.
Log                       Ext     Elapsed/s Peak Memory/MB sha1sum result [0:20)
4_1_cts                   .odb            9            219 3cb4ab88bc70afa5c744
cp /work/orfs/results/sky130hd/g2_ubp3s_u60/base/4_1_cts.odb /work/orfs/results/sky130hd/g2_ubp3s_u60/base/4_cts.odb
/OpenROAD-flow-scripts/flow/scripts/flow.sh 5_1_grt global_route
Running global_route.tcl, stage 5_1_grt
read_liberty /OpenROAD-flow-scripts/flow/platforms/sky130hd/lib/sky130_fd_sc_hd__tt_025C_1v80.lib
read_liberty /work/cells/g2_cells.lib
read_db /work/orfs/results/sky130hd/g2_ubp3s_u60/base/4_cts.odb
read_sdc /work/orfs/results/sky130hd/g2_ubp3s_u60/base/4_cts.sdc
source /OpenROAD-flow-scripts/flow/platforms/sky130hd/setRC.tcl
pin_access
[INFO DRT-0149] Reading tech and libs.
[WARNING DRT-0349] LEF58_ENCLOSURE with no CUTCLASS is not supported. Skipping for layer mcon
[WARNING DRT-0349] LEF58_ENCLOSURE with no CUTCLASS is not supported. Skipping for layer mcon
[WARNING DRT-0349] LEF58_ENCLOSURE with no CUTCLASS is not supported. Skipping for layer via
[WARNING DRT-0349] LEF58_ENCLOSURE with no CUTCLASS is not supported. Skipping for layer via
[WARNING DRT-0349] LEF58_ENCLOSURE with no CUTCLASS is not supported. Skipping for layer via2
[WARNING DRT-0349] LEF58_ENCLOSURE with no CUTCLASS is not supported. Skipping for layer via2
[WARNING DRT-0349] LEF58_ENCLOSURE with no CUTCLASS is not supported. Skipping for layer via3
[WARNING DRT-0349] LEF58_ENCLOSURE with no CUTCLASS is not supported. Skipping for layer via3
[WARNING DRT-0349] LEF58_ENCLOSURE with no CUTCLASS is not supported. Skipping for layer via4
[WARNING DRT-0349] LEF58_ENCLOSURE with no CUTCLASS is not supported. Skipping for layer via4

Units:                1000
Number of layers:     13
Number of macros:     445
Number of vias:       26
Number of viarulegen: 25

[INFO DRT-0150] Reading design.

Design:                   top
Die area:                 ( 0 0 ) ( 535460 535460 )
Number of track patterns: 12
Number of DEF vias:       0
Number of components:     17160
Number of terminals:      130
Number of snets:          2
Number of nets:           12558

[INFO DRT-0167] List of default vias:
  Layer via
    default via: M1M2_PR
  Layer via2
    default via: M2M3_PR
  Layer via3
    default via: M3M4_PR
  Layer via4
    default via: M4M5_PR
[INFO DRT-0162] Library cell analysis.
[INFO DRT-0163] Instance analysis.
[INFO DRT-0164] Number of unique instances = 89.
[INFO DRT-0168] Init region query.
[INFO DRT-0024]   Complete FR_MASTERSLICE.
[INFO DRT-0024]   Complete Fr_VIA.
[INFO DRT-0024]   Complete li1.
[INFO DRT-0024]   Complete mcon.
[INFO DRT-0024]   Complete met1.
[INFO DRT-0024]   Complete via.
[INFO DRT-0024]   Complete met2.
[INFO DRT-0024]   Complete via2.
[INFO DRT-0024]   Complete met3.
[INFO DRT-0024]   Complete via3.
[INFO DRT-0024]   Complete met4.
[INFO DRT-0024]   Complete via4.
[INFO DRT-0024]   Complete met5.
[INFO DRT-0033] FR_MASTERSLICE shape region query size = 0.
[INFO DRT-0033] FR_VIA shape region query size = 0.
[INFO DRT-0033] li1 shape region query size = 537952.
[INFO DRT-0033] mcon shape region query size = 324576.
[INFO DRT-0033] met1 shape region query size = 90486.
[INFO DRT-0033] via shape region query size = 19110.
[INFO DRT-0033] met2 shape region query size = 5880.
[INFO DRT-0033] via2 shape region query size = 0.
[INFO DRT-0033] met3 shape region query size = 2023.
[INFO DRT-0033] via3 shape region query size = 0.
[INFO DRT-0033] met4 shape region query size = 1956.
[INFO DRT-0033] via4 shape region query size = 0.
[INFO DRT-0033] met5 shape region query size = 0.
[INFO DRT-0165] Start pin access.
[INFO DRT-0078]   Complete 476 pins.
[INFO DRT-0081]   Complete 89 unique inst patterns.
[INFO DRT-0084]   Complete 8286 groups.
#scanned instances     = 17160
#unique  instances     = 89
#stdCellGenAp          = 1186
#stdCellValidPlanarAp  = 0
#stdCellValidViaAp     = 944
#stdCellPinNoAp        = 0
#stdCellPinCnt         = 37792
#instTermValidViaApCnt = 0
#macroGenAp            = 0
#macroValidPlanarAp    = 0
#macroValidViaAp       = 0
#macroNoAp             = 0
[INFO DRT-0166] Complete pin access.
[INFO DRT-0267] cpu time = 00:03:37, elapsed time = 00:01:57, memory = 210.82 (MB), peak = 218.54 (MB)
Took 118 seconds: pin_access
global_route -congestion_report_file /work/orfs/reports/sky130hd/g2_ubp3s_u60/base/congestion.rpt -congestion_iterations 30 -congestion_report_iter_step 5 -verbose
[INFO GRT-0020] Min routing layer: met1
[INFO GRT-0021] Max routing layer: met3
[INFO GRT-0022] Global adjustment: 0%
[INFO GRT-0023] Grid origin: (0, 0)
[INFO GRT-0088] Layer li1     Track-Pitch = 0.4600  line-2-Via Pitch: 0.3400
[INFO GRT-0088] Layer met1    Track-Pitch = 0.3400  line-2-Via Pitch: 0.3400
[INFO GRT-0088] Layer met2    Track-Pitch = 0.4600  line-2-Via Pitch: 0.3500
[INFO GRT-0088] Layer met3    Track-Pitch = 0.6800  line-2-Via Pitch: 0.6150
[INFO GRT-0003] Macros: 0
[INFO GRT-0004] Blockages: 93032
[INFO GRT-0019] Found 451 clock nets.
[INFO GRT-0001] Minimum degree: 2
[INFO GRT-0002] Maximum degree: 51

[INFO GRT-0053] Routing resources analysis:
          Routing      Original      Derated      Resource
Layer     Direction    Resources     Resources    Reduction (%)
---------------------------------------------------------------
li1        Vertical            0             0          0.00%
met1       Horizontal      81641         63315          22.45%
met2       Vertical        73918         56866          23.07%
met3       Horizontal      56524         44074          22.03%
---------------------------------------------------------------

[INFO GRT-0197] Via related to pin nodes: 57004
[INFO GRT-0198] Via related Steiner nodes: 519
[INFO GRT-0199] Via filling finished.
[INFO GRT-0111] Final number of vias: 68774
[INFO GRT-0112] Final usage 3D: 232917

[INFO GRT-0096] Final congestion report:
Layer         Resource        Demand        Usage (%)    Max H / Max V / Total Congestion
---------------------------------------------------------------------------------------
li1                  0             0            0.00%             0 /  0 /  0
met1             63315         12726           20.10%             0 /  0 /  0
met2             56866         12535           22.04%             0 /  0 /  0
met3             44074          1334            3.03%             0 /  0 /  0
---------------------------------------------------------------------------------------
Total           164255         26595           16.19%             0 /  0 /  0

[INFO GRT-0018] Total wirelength: 326073 um
[INFO GRT-0014] Routed nets: 12558
[INFO GRT-0303] Global routing runtime = 00:00:00
estimate_parasitics -global_routing
Perform buffer insertion and gate resizing...
repair_design -verbose
Iteration |   Area    | Resized | Buffers | Nets repaired | Remaining
---------------------------------------------------------------------
        0 |     +0.0% |       0 |       0 |             0 |     13483
     1000 |     +0.0% |       0 |       0 |             0 |     12483
     2000 |     +0.0% |       0 |       0 |             0 |     11483
     3000 |     +0.0% |       0 |       0 |             0 |     10483
     4000 |     +0.0% |       0 |       0 |             0 |      9483
     5000 |     +0.0% |       0 |       0 |             0 |      8483
     6000 |     +0.0% |       0 |       0 |             0 |      7483
     7000 |     +0.0% |       0 |       0 |             0 |      6483
     8000 |     +0.0% |       0 |       0 |             0 |      5483
     9000 |     +0.0% |       0 |       0 |             0 |      4483
    10000 |     +0.0% |       0 |       0 |             0 |      3483
    11000 |     +0.0% |       0 |       0 |             0 |      2483
    12000 |     +0.0% |       0 |       0 |             0 |      1483
    13000 |     +0.0% |       0 |       0 |             0 |       483
    final |     +0.0% |       0 |       0 |             0 |         0
---------------------------------------------------------------------
[INFO RSZ-0504] Runtime: 1.40s
global_route -start_incremental
detailed_placement
[INFO DPL-0006] Core area: 281557.54 um^2
[INFO DPL-0007] Movable instances area: 187773.84 um^2
[INFO DPL-0008] Fixed instances area within core: 4683.24 um^2
[INFO DPL-0009] Utilization: 68.4%
[INFO DPL-0005] Diamond search max displacement: +/- 500 sites horizontally, +/- 100 rows vertically.
[INFO DPL-1102] Legalizing using negotiation legalizer.
[INFO DPL-1103] Negotiation base search window: +/-20 sites horizontally, +/-5 rows vertically 
	Automatic search window extension enabled.
	Search window extendable up to the max displacement cap of +/-500 sites, +/-100 rows near walls.
[INFO DPL-1104] NegotiationLegalizer DRC penalty: 5.
[INFO DPL-0392] Negotiation cell height distribution (1 unique row-count(s)):
[INFO DPL-0393]   height 1 row(s): 17160 cells
[INFO DPL-0500] Runtime: 0.13s
Detailed Placement Analysis
---------------------------------
legalizer            negotiation
total moves                   0
total displacement          0.0 u
average displacement        0.0 u
max displacement            0.0 u
original HPWL          153553.1 u
legalized HPWL         153553.1 u
delta HPWL                    0 %

global_route -end_incremental -congestion_report_file /work/orfs/reports/sky130hd/g2_ubp3s_u60/base/congestion_post_repair_design.rpt
Repair setup and hold violations...
estimate_parasitics -global_routing
repair_timing -setup_margin 0 -hold_margin 0 -repair_tns 100 -verbose
[INFO RSZ-0100] Repair move sequence: UnbufferMove SizeUpMove SwapPinsMove BufferMove CloneMove SplitLoadMove 
[INFO RSZ-0098] No setup violations found
[INFO RSZ-0505] Runtime: 0.83s
[INFO RSZ-0033] No hold violations found.
[INFO RSZ-0506] Runtime: 0.24s
global_route -start_incremental
detailed_placement
[INFO DPL-0006] Core area: 281557.54 um^2
[INFO DPL-0007] Movable instances area: 187773.84 um^2
[INFO DPL-0008] Fixed instances area within core: 4683.24 um^2
[INFO DPL-0009] Utilization: 68.4%
[INFO DPL-0005] Diamond search max displacement: +/- 500 sites horizontally, +/- 100 rows vertically.
[INFO DPL-1102] Legalizing using negotiation legalizer.
[INFO DPL-1103] Negotiation base search window: +/-20 sites horizontally, +/-5 rows vertically 
	Automatic search window extension enabled.
	Search window extendable up to the max displacement cap of +/-500 sites, +/-100 rows near walls.
[INFO DPL-1104] NegotiationLegalizer DRC penalty: 5.
[INFO DPL-0392] Negotiation cell height distribution (1 unique row-count(s)):
[INFO DPL-0393]   height 1 row(s): 17160 cells
[INFO DPL-0500] Runtime: 0.12s
Detailed Placement Analysis
---------------------------------
legalizer            negotiation
total moves                   0
total displacement          0.0 u
average displacement        0.0 u
max displacement            0.0 u
original HPWL          153553.1 u
legalized HPWL         153553.1 u
delta HPWL                    0 %

check_placement -verbose
global_route -end_incremental -congestion_report_file /work/orfs/reports/sky130hd/g2_ubp3s_u60/base/congestion_post_repair_timing.rpt
estimate_parasitics -global_routing
global_route -start_incremental
global_route -end_incremental -congestion_report_file /work/orfs/reports/sky130hd/g2_ubp3s_u60/base/congestion_post_recover_power.rpt
Repair antennas...
[INFO GRT-0012] Found 1 antenna violations.
[INFO GRT-0302] Inserted 0 jumpers for 0 nets.
[INFO GRT-0012] Found 1 antenna violations.
[INFO DPL-0501] Legalized with 0 moves: displacement total 0.0 u, max 0.0 u; HPWL 153562.5 -> 153562.5 u (+0.0 %).
[INFO DPL-0500] Runtime: 0.09s
[INFO GRT-0015] Inserted 1 diodes.
[INFO GRT-0012] Found 0 antenna violations.
[INFO ANT-0002] Found 0 net violations.
[INFO ANT-0001] Found 0 pin violations.
Estimate parasitics...
estimate_parasitics -global_routing
Report metrics stage 5, global route...

==========================================================================
global route report_design_area
--------------------------------------------------------------------------
Design area 192460 um^2 68% utilization.
[INFO FLW-0007] clock clk period 3.000000
[INFO FLW-0008] Clock clk period 2.080
[INFO FLW-0009] Clock clk slack 0.811
write_sdc -no_timestamp /work/orfs/results/sky130hd/g2_ubp3s_u60/base/updated_clks.sdc
[INFO FLW-0011] Path endpoint path count 5584
write_db /work/orfs/results/sky130hd/g2_ubp3s_u60/base/5_1_grt.odb
write_sdc -no_timestamp /work/orfs/results/sky130hd/g2_ubp3s_u60/base/5_1_grt.sdc
Elapsed time: 2:22.22[h:]min:sec. CPU time: user 250.22 sys 3.64 (178%). Peak memory: 431920KB.
Log                       Ext     Elapsed/s Peak Memory/MB sha1sum result [0:20)
5_1_grt                   .odb          142            421 d685f010d9fa2fb376f1
5_1_grt                   .sdc                             9fd7445c262a15275321
/OpenROAD-flow-scripts/flow/scripts/flow.sh 5_2_route detail_route
Running detail_route.tcl, stage 5_2_route
read_liberty /OpenROAD-flow-scripts/flow/platforms/sky130hd/lib/sky130_fd_sc_hd__tt_025C_1v80.lib
read_liberty /work/cells/g2_cells.lib
read_db /work/orfs/results/sky130hd/g2_ubp3s_u60/base/5_1_grt.odb
read_sdc /work/orfs/results/sky130hd/g2_ubp3s_u60/base/5_1_grt.sdc
source /OpenROAD-flow-scripts/flow/platforms/sky130hd/setRC.tcl
detailed_route -output_drc /work/orfs/reports/sky130hd/g2_ubp3s_u60/base/5_route_drc.rpt -output_maze /work/orfs/results/sky130hd/g2_ubp3s_u60/base/maze.log -droute_end_iter 64 -verbose 1 -drc_report_iter_step 5
[INFO DRT-0149] Reading tech and libs.
[WARNING DRT-0349] LEF58_ENCLOSURE with no CUTCLASS is not supported. Skipping for layer mcon
[WARNING DRT-0349] LEF58_ENCLOSURE with no CUTCLASS is not supported. Skipping for layer mcon
[WARNING DRT-0349] LEF58_ENCLOSURE with no CUTCLASS is not supported. Skipping for layer via
[WARNING DRT-0349] LEF58_ENCLOSURE with no CUTCLASS is not supported. Skipping for layer via
[WARNING DRT-0349] LEF58_ENCLOSURE with no CUTCLASS is not supported. Skipping for layer via2
[WARNING DRT-0349] LEF58_ENCLOSURE with no CUTCLASS is not supported. Skipping for layer via2
[WARNING DRT-0349] LEF58_ENCLOSURE with no CUTCLASS is not supported. Skipping for layer via3
[WARNING DRT-0349] LEF58_ENCLOSURE with no CUTCLASS is not supported. Skipping for layer via3
[WARNING DRT-0349] LEF58_ENCLOSURE with no CUTCLASS is not supported. Skipping for layer via4
[WARNING DRT-0349] LEF58_ENCLOSURE with no CUTCLASS is not supported. Skipping for layer via4

Units:                1000
Number of layers:     13
Number of macros:     445
Number of vias:       26
Number of viarulegen: 25

[INFO DRT-0150] Reading design.

Design:                   top
Die area:                 ( 0 0 ) ( 535460 535460 )
Number of track patterns: 12
Number of DEF vias:       0
Number of components:     17161
Number of terminals:      130
Number of snets:          2
Number of nets:           12558

[INFO DRT-0167] List of default vias:
  Layer via
    default via: M1M2_PR
  Layer via2
    default via: M2M3_PR
  Layer via3
    default via: M3M4_PR
  Layer via4
    default via: M4M5_PR
[INFO DRT-0162] Library cell analysis.
[INFO DRT-0163] Instance analysis.
[INFO DRT-0164] Number of unique instances = 90.
[INFO DRT-0168] Init region query.
[INFO DRT-0024]   Complete FR_MASTERSLICE.
[INFO DRT-0024]   Complete Fr_VIA.
[INFO DRT-0024]   Complete li1.
[INFO DRT-0024]   Complete mcon.
[INFO DRT-0024]   Complete met1.
[INFO DRT-0024]   Complete via.
[INFO DRT-0024]   Complete met2.
[INFO DRT-0024]   Complete via2.
[INFO DRT-0024]   Complete met3.
[INFO DRT-0024]   Complete via3.
[INFO DRT-0024]   Complete met4.
[INFO DRT-0024]   Complete via4.
[INFO DRT-0024]   Complete met5.
[INFO DRT-0033] FR_MASTERSLICE shape region query size = 0.
[INFO DRT-0033] FR_VIA shape region query size = 0.
[INFO DRT-0033] li1 shape region query size = 537955.
[INFO DRT-0033] mcon shape region query size = 324580.
[INFO DRT-0033] met1 shape region query size = 90488.
[INFO DRT-0033] via shape region query size = 19110.
[INFO DRT-0033] met2 shape region query size = 5880.
[INFO DRT-0033] via2 shape region query size = 0.
[INFO DRT-0033] met3 shape region query size = 2023.
[INFO DRT-0033] via3 shape region query size = 0.
[INFO DRT-0033] met4 shape region query size = 1956.
[INFO DRT-0033] via4 shape region query size = 0.
[INFO DRT-0033] met5 shape region query size = 0.
[INFO DRT-0165] Start pin access.
[INFO DRT-0078]   Complete 481 pins.
[INFO DRT-0081]   Complete 90 unique inst patterns.
[INFO DRT-0084]   Complete 8286 groups.
#scanned instances     = 17161
#unique  instances     = 90
#stdCellGenAp          = 1198
#stdCellValidPlanarAp  = 0
#stdCellValidViaAp     = 956
#stdCellPinNoAp        = 0
#stdCellPinCnt         = 37792
#instTermValidViaApCnt = 0
#macroGenAp            = 0
#macroValidPlanarAp    = 0
#macroValidViaAp       = 0
#macroNoAp             = 0
[INFO DRT-0166] Complete pin access.
[INFO DRT-0267] cpu time = 00:03:41, elapsed time = 00:02:41, memory = 319.11 (MB), peak = 323.01 (MB)

[INFO DRT-0157] Number of guides:     73321

[INFO DRT-0169] Post process guides.
[INFO DRT-0176] GCELLGRID X 0 DO 77 STEP 6900 ;
[INFO DRT-0177] GCELLGRID Y 0 DO 77 STEP 6900 ;
[INFO DRT-0028]   Complete FR_MASTERSLICE.
[INFO DRT-0028]   Complete Fr_VIA.
[INFO DRT-0028]   Complete li1.
[INFO DRT-0028]   Complete mcon.
[INFO DRT-0028]   Complete met1.
[INFO DRT-0028]   Complete via.
[INFO DRT-0028]   Complete met2.
[INFO DRT-0028]   Complete via2.
[INFO DRT-0028]   Complete met3.
[INFO DRT-0028]   Complete via3.
[INFO DRT-0028]   Complete met4.
[INFO DRT-0028]   Complete via4.
[INFO DRT-0028]   Complete met5.
[INFO DRT-0178] Init guide query.
[INFO DRT-0035]   Complete FR_MASTERSLICE (guide).
[INFO DRT-0035]   Complete Fr_VIA (guide).
[INFO DRT-0035]   Complete li1 (guide).
[INFO DRT-0035]   Complete mcon (guide).
[INFO DRT-0035]   Complete met1 (guide).
[INFO DRT-0035]   Complete via (guide).
[INFO DRT-0035]   Complete met2 (guide).
[INFO DRT-0035]   Complete via2 (guide).
[INFO DRT-0035]   Complete met3 (guide).
[INFO DRT-0035]   Complete via3 (guide).
[INFO DRT-0035]   Complete met4 (guide).
[INFO DRT-0035]   Complete via4 (guide).
[INFO DRT-0035]   Complete met5 (guide).
[INFO DRT-0036] FR_MASTERSLICE guide region query size = 0.
[INFO DRT-0036] FR_VIA guide region query size = 0.
[INFO DRT-0036] li1 guide region query size = 29108.
[INFO DRT-0036] mcon guide region query size = 0.
[INFO DRT-0036] met1 guide region query size = 21768.
[INFO DRT-0036] via guide region query size = 0.
[INFO DRT-0036] met2 guide region query size = 9379.
[INFO DRT-0036] via2 guide region query size = 0.
[INFO DRT-0036] met3 guide region query size = 424.
[INFO DRT-0036] via3 guide region query size = 0.
[INFO DRT-0036] met4 guide region query size = 0.
[INFO DRT-0036] via4 guide region query size = 0.
[INFO DRT-0036] met5 guide region query size = 0.
[INFO DRT-0179] Init gr pin query.
[INFO DRT-0267] cpu time = 00:00:00, elapsed time = 00:00:00, memory = 332.71 (MB), peak = 332.45 (MB)
[INFO DRT-0245] skipped writing guide updates to database.
[INFO DRT-0181] Start track assignment.
[INFO DRT-0184] Done with 38487 vertical wires in 2 frboxes and 22192 horizontal wires in 2 frboxes.
[INFO DRT-0186] Done with 2049 vertical wires in 2 frboxes and 4669 horizontal wires in 2 frboxes.
[INFO DRT-0182] Complete track assignment.
[INFO DRT-0267] cpu time = 00:00:04, elapsed time = 00:00:04, memory = 447.85 (MB), peak = 447.58 (MB)
[INFO DRT-0187] Start routing data preparation.
[INFO DRT-0267] cpu time = 00:00:00, elapsed time = 00:00:00, memory = 447.92 (MB), peak = 447.70 (MB)
[INFO DRT-0194] Start detail routing.
[INFO DRT-0195] Start 0th optimization iteration.
    Completing 10% with 0 violations.
    elapsed time = 00:00:08, memory = 558.39 (MB).
    Completing 20% with 0 violations.
    elapsed time = 00:00:16, memory = 736.59 (MB).
    Completing 30% with 420 violations.
    elapsed time = 00:00:25, memory = 875.61 (MB).
    Completing 40% with 420 violations.
    elapsed time = 00:00:32, memory = 817.00 (MB).
    Completing 50% with 420 violations.
    elapsed time = 00:00:39, memory = 817.43 (MB).
    Completing 60% with 790 violations.
    elapsed time = 00:00:49, memory = 845.62 (MB).
    Completing 70% with 790 violations.
    elapsed time = 00:00:56, memory = 843.89 (MB).
    Completing 80% with 1164 violations.
    elapsed time = 00:01:07, memory = 865.10 (MB).
    Completing 90% with 1164 violations.
    elapsed time = 00:01:17, memory = 861.73 (MB).
    Completing 100% with 1523 violations.
    elapsed time = 00:01:26, memory = 844.02 (MB).
[INFO DRT-0199]   Number of violations = 2263.
Viol/Layer         li1   mcon   met1    via   met2   via2   met3
Cut Spacing          0     18      0      0      0      0      0
Metal Spacing        0      0    572      0     55      0      3
Min Hole             0      0      1      0      1      0      0
Recheck             17      0    569      0    148      0      6
Short                0      0    824      2     41      2      4
[INFO DRT-0267] cpu time = 00:01:48, elapsed time = 00:01:27, memory = 823.59 (MB), peak = 889.08 (MB)
Total wire length = 189173 um.
Total wire length on LAYER li1 = 0 um.
Total wire length on LAYER met1 = 100940 um.
Total wire length on LAYER met2 = 80875 um.
Total wire length on LAYER met3 = 7356 um.
Total wire length on LAYER met4 = 0 um.
Total wire length on LAYER met5 = 0 um.
Total number of vias = 72352.
Up-via summary (total 72352):

------------------------
 FR_MASTERSLICE        0
            li1    38282
           met1    33487
           met2      583
           met3        0
           met4        0
------------------------
               72352


[INFO DRT-0195] Start 1st optimization iteration.
    Completing 10% with 2263 violations.
    elapsed time = 00:00:08, memory = 836.61 (MB).
    Completing 20% with 2263 violations.
    elapsed time = 00:00:17, memory = 837.09 (MB).
    Completing 30% with 1719 violations.
    elapsed time = 00:00:26, memory = 904.89 (MB).
    Completing 40% with 1719 violations.
    elapsed time = 00:00:33, memory = 910.69 (MB).
    Completing 50% with 1719 violations.
    elapsed time = 00:00:41, memory = 898.00 (MB).
    Completing 60% with 1236 violations.
    elapsed time = 00:00:50, memory = 894.47 (MB).
    Completing 70% with 1236 violations.
    elapsed time = 00:00:59, memory = 898.12 (MB).
    Completing 80% with 688 violations.
    elapsed time = 00:01:05, memory = 887.42 (MB).
    Completing 90% with 688 violations.
    elapsed time = 00:01:13, memory = 894.00 (MB).
    Completing 100% with 347 violations.
    elapsed time = 00:01:17, memory = 881.23 (MB).
[INFO DRT-0199]   Number of violations = 347.
Viol/Layer        met1   met2
Metal Spacing      114      7
Short              226      0
[INFO DRT-0267] cpu time = 00:01:38, elapsed time = 00:01:18, memory = 885.58 (MB), peak = 921.04 (MB)
Total wire length = 187267 um.
Total wire length on LAYER li1 = 0 um.
Total wire length on LAYER met1 = 100391 um.
Total wire length on LAYER met2 = 79684 um.
Total wire length on LAYER met3 = 7190 um.
Total wire length on LAYER met4 = 0 um.
Total wire length on LAYER met5 = 0 um.
Total number of vias = 71853.
Up-via summary (total 71853):

------------------------
 FR_MASTERSLICE        0
            li1    38278
           met1    33016
           met2      559
           met3        0
           met4        0
------------------------
               71853


[INFO DRT-0195] Start 2nd optimization iteration.
    Completing 10% with 347 violations.
    elapsed time = 00:00:03, memory = 901.01 (MB).
    Completing 20% with 347 violations.
    elapsed time = 00:00:07, memory = 894.53 (MB).
    Completing 30% with 311 violations.
    elapsed time = 00:00:12, memory = 882.98 (MB).
    Completing 40% with 311 violations.
    elapsed time = 00:00:21, memory = 881.28 (MB).
    Completing 50% with 311 violations.
    elapsed time = 00:00:29, memory = 872.91 (MB).
    Completing 60% with 289 violations.
    elapsed time = 00:00:33, memory = 880.91 (MB).
    Completing 70% with 289 violations.
    elapsed time = 00:00:38, memory = 886.07 (MB).
    Completing 80% with 276 violations.
    elapsed time = 00:00:45, memory = 880.40 (MB).
    Completing 90% with 276 violations.
    elapsed time = 00:00:51, memory = 879.02 (MB).
    Completing 100% with 257 violations.
    elapsed time = 00:00:56, memory = 868.24 (MB).
[INFO DRT-0199]   Number of violations = 257.
Viol/Layer        met1   met2   met3
Metal Spacing       78      3      8
Short              168      0      0
[INFO DRT-0267] cpu time = 00:01:12, elapsed time = 00:00:57, memory = 864.92 (MB), peak = 921.04 (MB)
Total wire length = 187068 um.
Total wire length on LAYER li1 = 0 um.
Total wire length on LAYER met1 = 100419 um.
Total wire length on LAYER met2 = 79507 um.
Total wire length on LAYER met3 = 7141 um.
Total wire length on LAYER met4 = 0 um.
Total wire length on LAYER met5 = 0 um.
Total number of vias = 71751.
Up-via summary (total 71751):

------------------------
 FR_MASTERSLICE        0
            li1    38273
           met1    32935
           met2      543
           met3        0
           met4        0
------------------------
               71751


[INFO DRT-0195] Start 3rd optimization iteration.
    Completing 10% with 257 violations.
    elapsed time = 00:00:03, memory = 878.36 (MB).
    Completing 20% with 257 violations.
    elapsed time = 00:00:05, memory = 878.64 (MB).
    Completing 30% with 168 violations.
    elapsed time = 00:00:09, memory = 863.52 (MB).
    Completing 40% with 168 violations.
    elapsed time = 00:00:11, memory = 876.21 (MB).
    Completing 50% with 168 violations.
    elapsed time = 00:00:13, memory = 876.21 (MB).
    Completing 60% with 123 violations.
    elapsed time = 00:00:17, memory = 881.93 (MB).
    Completing 70% with 123 violations.
    elapsed time = 00:00:19, memory = 880.21 (MB).
    Completing 80% with 61 violations.
    elapsed time = 00:00:23, memory = 879.42 (MB).
    Completing 90% with 61 violations.
    elapsed time = 00:00:25, memory = 879.42 (MB).
    Completing 100% with 1 violations.
    elapsed time = 00:00:30, memory = 869.42 (MB).
[INFO DRT-0199]   Number of violations = 1.
Viol/Layer        met1
Short                1
[INFO DRT-0267] cpu time = 00:00:37, elapsed time = 00:00:30, memory = 881.42 (MB), peak = 921.04 (MB)
Total wire length = 187081 um.
Total wire length on LAYER li1 = 0 um.
Total wire length on LAYER met1 = 99999 um.
Total wire length on LAYER met2 = 79687 um.
Total wire length on LAYER met3 = 7394 um.
Total wire length on LAYER met4 = 0 um.
Total wire length on LAYER met5 = 0 um.
Total number of vias = 71929.
Up-via summary (total 71929):

------------------------
 FR_MASTERSLICE        0
            li1    38269
           met1    33067
           met2      593
           met3        0
           met4        0
------------------------
               71929


[INFO DRT-0195] Start 4th guides tiles iteration.
    Completing 50% with 1 violations.
    elapsed time = 00:00:00, memory = 881.42 (MB).
    Completing 100% with 0 violations.
    elapsed time = 00:00:00, memory = 881.42 (MB).
[INFO DRT-0199]   Number of violations = 0.
[INFO DRT-0267] cpu time = 00:00:00, elapsed time = 00:00:00, memory = 890.42 (MB), peak = 921.04 (MB)
Total wire length = 187081 um.
Total wire length on LAYER li1 = 0 um.
Total wire length on LAYER met1 = 99989 um.
Total wire length on LAYER met2 = 79689 um.
Total wire length on LAYER met3 = 7403 um.
Total wire length on LAYER met4 = 0 um.
Total wire length on LAYER met5 = 0 um.
Total number of vias = 71931.
Up-via summary (total 71931):

------------------------
 FR_MASTERSLICE        0
            li1    38269
           met1    33067
           met2      595
           met3        0
           met4        0
------------------------
               71931


[INFO DRT-0198] Complete detail routing.
Total wire length = 187081 um.
Total wire length on LAYER li1 = 0 um.
Total wire length on LAYER met1 = 99989 um.
Total wire length on LAYER met2 = 79689 um.
Total wire length on LAYER met3 = 7403 um.
Total wire length on LAYER met4 = 0 um.
Total wire length on LAYER met5 = 0 um.
Total number of vias = 71931.
Up-via summary (total 71931):

------------------------
 FR_MASTERSLICE        0
            li1    38269
           met1    33067
           met2      595
           met3        0
           met4        0
------------------------
               71931


[INFO DRT-0267] cpu time = 00:05:17, elapsed time = 00:04:14, memory = 890.54 (MB), peak = 921.04 (MB)

[INFO DRT-0180] Post processing.
[INFO DRT-0501] Runtime: 420.73s
Took 421 seconds: detailed_route -output_drc /work/orfs/reports/sky130hd/g2_ubp3s_u60/base/5_route_drc.rpt -output_maze /work/orfs/results/sky130hd/g2_ubp3s_u60/base/maze.log -droute_end_iter 64 -verbose 1 -drc_report_iter_step 5
[INFO GRT-0012] Found 2 antenna violations.
[INFO DPL-0501] Legalized with 0 moves: displacement total 0.0 u, max 0.0 u; HPWL 153562.5 -> 153562.5 u (+0.0 %).
[INFO DPL-0500] Runtime: 0.08s
[INFO GRT-0015] Inserted 2 diodes.
[INFO DRT-0024]   Complete FR_MASTERSLICE.
[INFO DRT-0024]   Complete Fr_VIA.
[INFO DRT-0024]   Complete li1.
[INFO DRT-0024]   Complete mcon.
[INFO DRT-0024]   Complete met1.
[INFO DRT-0024]   Complete via.
[INFO DRT-0024]   Complete met2.
[INFO DRT-0024]   Complete via2.
[INFO DRT-0024]   Complete met3.
[INFO DRT-0024]   Complete via3.
[INFO DRT-0024]   Complete met4.
[INFO DRT-0024]   Complete via4.
[INFO DRT-0024]   Complete met5.
[INFO DRT-0165] Start pin access.
[INFO DRT-0078]   Complete 486 pins.
[INFO DRT-0081]   Complete 91 unique inst patterns.
[INFO DRT-0084]   Complete 8286 groups.
#scanned instances     = 17163
#unique  instances     = 91
#stdCellGenAp          = 1210
#stdCellValidPlanarAp  = 0
#stdCellValidViaAp     = 968
#stdCellPinNoAp        = 0
#stdCellPinCnt         = 37792
#instTermValidViaApCnt = 0
#macroGenAp            = 0
#macroValidPlanarAp    = 0
#macroValidViaAp       = 0
#macroNoAp             = 0
[INFO DRT-0166] Complete pin access.
[INFO DRT-0267] cpu time = 00:03:34, elapsed time = 00:02:36, memory = 863.76 (MB), peak = 921.73 (MB)

[INFO DRT-0157] Number of guides:     73317

[INFO DRT-0169] Post process guides.
[INFO DRT-0176] GCELLGRID X 0 DO 77 STEP 6900 ;
[INFO DRT-0177] GCELLGRID Y 0 DO 77 STEP 6900 ;
[INFO DRT-0028]   Complete FR_MASTERSLICE.
[INFO DRT-0028]   Complete Fr_VIA.
[INFO DRT-0028]   Complete li1.
[INFO DRT-0028]   Complete mcon.
[INFO DRT-0028]   Complete met1.
[INFO DRT-0028]   Complete via.
[INFO DRT-0028]   Complete met2.
[INFO DRT-0028]   Complete via2.
[INFO DRT-0028]   Complete met3.
[INFO DRT-0028]   Complete via3.
[INFO DRT-0028]   Complete met4.
[INFO DRT-0028]   Complete via4.
[INFO DRT-0028]   Complete met5.
[INFO DRT-0178] Init guide query.
[INFO DRT-0035]   Complete FR_MASTERSLICE (guide).
[INFO DRT-0035]   Complete Fr_VIA (guide).
[INFO DRT-0035]   Complete li1 (guide).
[INFO DRT-0035]   Complete mcon (guide).
[INFO DRT-0035]   Complete met1 (guide).
[INFO DRT-0035]   Complete via (guide).
[INFO DRT-0035]   Complete met2 (guide).
[INFO DRT-0035]   Complete via2 (guide).
[INFO DRT-0035]   Complete met3 (guide).
[INFO DRT-0035]   Complete via3 (guide).
[INFO DRT-0035]   Complete met4 (guide).
[INFO DRT-0035]   Complete via4 (guide).
[INFO DRT-0035]   Complete met5 (guide).
[INFO DRT-0036] FR_MASTERSLICE guide region query size = 0.
[INFO DRT-0036] FR_VIA guide region query size = 0.
[INFO DRT-0036] li1 guide region query size = 29109.
[INFO DRT-0036] mcon guide region query size = 0.
[INFO DRT-0036] met1 guide region query size = 21768.
[INFO DRT-0036] via guide region query size = 0.
[INFO DRT-0036] met2 guide region query size = 9378.
[INFO DRT-0036] via2 guide region query size = 0.
[INFO DRT-0036] met3 guide region query size = 424.
[INFO DRT-0036] via3 guide region query size = 0.
[INFO DRT-0036] met4 guide region query size = 0.
[INFO DRT-0036] via4 guide region query size = 0.
[INFO DRT-0036] met5 guide region query size = 0.
[INFO DRT-0179] Init gr pin query.
[INFO DRT-0267] cpu time = 00:00:00, elapsed time = 00:00:00, memory = 863.76 (MB), peak = 921.73 (MB)
[INFO DRT-0245] skipped writing guide updates to database.
[INFO DRT-0181] Start track assignment.
[INFO DRT-0184] Done with 38487 vertical wires in 2 frboxes and 22192 horizontal wires in 2 frboxes.
[INFO DRT-0186] Done with 2025 vertical wires in 2 frboxes and 4706 horizontal wires in 2 frboxes.
[INFO DRT-0182] Complete track assignment.
[INFO DRT-0267] cpu time = 00:00:04, elapsed time = 00:00:04, memory = 920.46 (MB), peak = 926.54 (MB)
[INFO DRT-0187] Start routing data preparation.
[INFO DRT-0267] cpu time = 00:00:00, elapsed time = 00:00:00, memory = 920.46 (MB), peak = 926.54 (MB)
[INFO DRT-0194] Start detail routing.
[INFO DRT-0195] Start 0th optimization iteration.
    Completing 10% with 0 violations.
    elapsed time = 00:00:05, memory = 893.80 (MB).
    Completing 20% with 0 violations.
    elapsed time = 00:00:09, memory = 888.15 (MB).
    Completing 30% with 17 violations.
    elapsed time = 00:00:13, memory = 972.68 (MB).
    Completing 40% with 17 violations.
    elapsed time = 00:00:16, memory = 972.47 (MB).
    Completing 50% with 17 violations.
    elapsed time = 00:00:19, memory = 973.43 (MB).
    Completing 60% with 19 violations.
    elapsed time = 00:00:24, memory = 955.19 (MB).
    Completing 70% with 19 violations.
    elapsed time = 00:00:28, memory = 948.88 (MB).
    Completing 80% with 25 violations.
    elapsed time = 00:00:32, memory = 947.07 (MB).
    Completing 90% with 25 violations.
    elapsed time = 00:00:36, memory = 947.07 (MB).
    Completing 100% with 34 violations.
    elapsed time = 00:00:41, memory = 935.37 (MB).
[INFO DRT-0199]   Number of violations = 48.
Viol/Layer         li1   mcon   met1   met2
Cut Spacing          0      1      0      0
Metal Spacing        0      0     10      0
Recheck              1      0     12      1
Short                0      0     23      0
[INFO DRT-0267] cpu time = 00:00:52, elapsed time = 00:00:41, memory = 937.57 (MB), peak = 983.51 (MB)
Total wire length = 187083 um.
Total wire length on LAYER li1 = 0 um.
Total wire length on LAYER met1 = 99951 um.
Total wire length on LAYER met2 = 79728 um.
Total wire length on LAYER met3 = 7403 um.
Total wire length on LAYER met4 = 0 um.
Total wire length on LAYER met5 = 0 um.
Total number of vias = 71937.
Up-via summary (total 71937):

------------------------
 FR_MASTERSLICE        0
            li1    38274
           met1    33068
           met2      595
           met3        0
           met4        0
------------------------
               71937


[INFO DRT-0195] Start 1st optimization iteration.
    Completing 10% with 48 violations.
    elapsed time = 00:00:03, memory = 947.04 (MB).
    Completing 20% with 48 violations.
    elapsed time = 00:00:08, memory = 949.17 (MB).
    Completing 30% with 30 violations.
    elapsed time = 00:00:12, memory = 952.67 (MB).
    Completing 40% with 30 violations.
    elapsed time = 00:00:17, memory = 955.82 (MB).
    Completing 50% with 30 violations.
    elapsed time = 00:00:21, memory = 944.87 (MB).
    Completing 60% with 18 violations.
    elapsed time = 00:00:26, memory = 956.68 (MB).
    Completing 70% with 18 violations.
    elapsed time = 00:00:29, memory = 937.33 (MB).
    Completing 80% with 4 violations.
    elapsed time = 00:00:34, memory = 947.18 (MB).
    Completing 90% with 4 violations.
    elapsed time = 00:00:37, memory = 941.54 (MB).
    Completing 100% with 1 violations.
    elapsed time = 00:00:40, memory = 934.24 (MB).
[INFO DRT-0199]   Number of violations = 1.
Viol/Layer        met1
Short                1
[INFO DRT-0267] cpu time = 00:00:55, elapsed time = 00:00:40, memory = 937.52 (MB), peak = 983.51 (MB)
Total wire length = 187079 um.
Total wire length on LAYER li1 = 0 um.
Total wire length on LAYER met1 = 99939 um.
Total wire length on LAYER met2 = 79736 um.
Total wire length on LAYER met3 = 7403 um.
Total wire length on LAYER met4 = 0 um.
Total wire length on LAYER met5 = 0 um.
Total number of vias = 71942.
Up-via summary (total 71942):

------------------------
 FR_MASTERSLICE        0
            li1    38274
           met1    33073
           met2      595
           met3        0
           met4        0
------------------------
               71942


[INFO DRT-0195] Start 2nd optimization iteration.
    Completing 10% with 1 violations.
    elapsed time = 00:00:00, memory = 937.52 (MB).
    Completing 20% with 1 violations.
    elapsed time = 00:00:00, memory = 940.72 (MB).
    Completing 30% with 1 violations.
    elapsed time = 00:00:00, memory = 938.31 (MB).
    Completing 40% with 1 violations.
    elapsed time = 00:00:00, memory = 938.31 (MB).
    Completing 50% with 1 violations.
    elapsed time = 00:00:00, memory = 938.31 (MB).
    Completing 60% with 1 violations.
    elapsed time = 00:00:00, memory = 938.31 (MB).
    Completing 70% with 1 violations.
    elapsed time = 00:00:00, memory = 938.31 (MB).
    Completing 80% with 1 violations.
    elapsed time = 00:00:00, memory = 938.31 (MB).
    Completing 90% with 1 violations.
    elapsed time = 00:00:00, memory = 938.31 (MB).
    Completing 100% with 1 violations.
    elapsed time = 00:00:00, memory = 938.31 (MB).
[INFO DRT-0199]   Number of violations = 1.
Viol/Layer        met1
Short                1
[INFO DRT-0267] cpu time = 00:00:00, elapsed time = 00:00:00, memory = 956.52 (MB), peak = 983.51 (MB)
Total wire length = 187079 um.
Total wire length on LAYER li1 = 0 um.
Total wire length on LAYER met1 = 99935 um.
Total wire length on LAYER met2 = 79740 um.
Total wire length on LAYER met3 = 7403 um.
Total wire length on LAYER met4 = 0 um.
Total wire length on LAYER met5 = 0 um.
Total number of vias = 71940.
Up-via summary (total 71940):

------------------------
 FR_MASTERSLICE        0
            li1    38273
           met1    33072
           met2      595
           met3        0
           met4        0
------------------------
               71940


[INFO DRT-0195] Start 3rd guides tiles iteration.
    Completing 50% with 1 violations.
    elapsed time = 00:00:00, memory = 956.52 (MB).
    Completing 100% with 0 violations.
    elapsed time = 00:00:00, memory = 956.52 (MB).
[INFO DRT-0199]   Number of violations = 0.
[INFO DRT-0267] cpu time = 00:00:00, elapsed time = 00:00:00, memory = 956.52 (MB), peak = 983.51 (MB)
Total wire length = 187077 um.
Total wire length on LAYER li1 = 0 um.
Total wire length on LAYER met1 = 99897 um.
Total wire length on LAYER met2 = 79738 um.
Total wire length on LAYER met3 = 7441 um.
Total wire length on LAYER met4 = 0 um.
Total wire length on LAYER met5 = 0 um.
Total number of vias = 71939.
Up-via summary (total 71939):

------------------------
 FR_MASTERSLICE        0
            li1    38272
           met1    33070
           met2      597
           met3        0
           met4        0
------------------------
               71939


[INFO DRT-0198] Complete detail routing.
Total wire length = 187077 um.
Total wire length on LAYER li1 = 0 um.
Total wire length on LAYER met1 = 99897 um.
Total wire length on LAYER met2 = 79738 um.
Total wire length on LAYER met3 = 7441 um.
Total wire length on LAYER met4 = 0 um.
Total wire length on LAYER met5 = 0 um.
Total number of vias = 71939.
Up-via summary (total 71939):

------------------------
 FR_MASTERSLICE        0
            li1    38272
           met1    33070
           met2      597
           met3        0
           met4        0
------------------------
               71939


[INFO DRT-0267] cpu time = 00:01:49, elapsed time = 00:01:23, memory = 956.58 (MB), peak = 983.51 (MB)

[INFO DRT-0180] Post processing.
[INFO DRT-0501] Runtime: 244.54s
[INFO ANT-0002] Found 0 net violations.
[INFO ANT-0001] Found 0 pin violations.
[INFO ANT-0002] Found 0 net violations.
[INFO ANT-0001] Found 0 pin violations.
Design area 192465 um^2 68% utilization.
write_db /work/orfs/results/sky130hd/g2_ubp3s_u60/base/5_2_route.odb
Elapsed time: 11:20.22[h:]min:sec. CPU time: user 885.63 sys 5.65 (131%). Peak memory: 1007112KB.
Log                       Ext     Elapsed/s Peak Memory/MB sha1sum result [0:20)
5_2_route                 .odb          680            983 c4b38844ea69a702bdc3
/OpenROAD-flow-scripts/flow/scripts/flow.sh 5_3_fillcell fillcell
Running fillcell.tcl, stage 5_3_fillcell
read_liberty /OpenROAD-flow-scripts/flow/platforms/sky130hd/lib/sky130_fd_sc_hd__tt_025C_1v80.lib
read_liberty /work/cells/g2_cells.lib
read_db /work/orfs/results/sky130hd/g2_ubp3s_u60/base/5_2_route.odb
read_sdc /work/orfs/results/sky130hd/g2_ubp3s_u60/base/5_1_grt.sdc
source /OpenROAD-flow-scripts/flow/platforms/sky130hd/setRC.tcl
filler_placement "sky130_fd_sc_hd__fill_1 sky130_fd_sc_hd__fill_2 sky130_fd_sc_hd__fill_4 sky130_fd_sc_hd__fill_8"
[INFO DPL-0001] Placed 18836 filler instances.
Design area 192465 um^2 68% utilization.
write_db /work/orfs/results/sky130hd/g2_ubp3s_u60/base/5_3_fillcell.odb
Elapsed time: 0:01.05[h:]min:sec. CPU time: user 0.74 sys 0.10 (80%). Peak memory: 171536KB.
Log                       Ext     Elapsed/s Peak Memory/MB sha1sum result [0:20)
5_3_fillcell              .odb            1            167 69d076fa7554e4e0d958
cp /work/orfs/results/sky130hd/g2_ubp3s_u60/base/5_3_fillcell.odb /work/orfs/results/sky130hd/g2_ubp3s_u60/base/5_route.odb
cp /work/orfs/results/sky130hd/g2_ubp3s_u60/base/5_1_grt.sdc /work/orfs/results/sky130hd/g2_ubp3s_u60/base/5_route.sdc
/OpenROAD-flow-scripts/flow/scripts/flow.sh 6_1_fill density_fill
Running density_fill.tcl, stage 6_1_fill
read_liberty /OpenROAD-flow-scripts/flow/platforms/sky130hd/lib/sky130_fd_sc_hd__tt_025C_1v80.lib
read_liberty /work/cells/g2_cells.lib
read_db /work/orfs/results/sky130hd/g2_ubp3s_u60/base/5_route.odb
read_sdc /work/orfs/results/sky130hd/g2_ubp3s_u60/base/5_route.sdc
source /OpenROAD-flow-scripts/flow/platforms/sky130hd/setRC.tcl
exec cp /work/orfs/results/sky130hd/g2_ubp3s_u60/base/5_route.odb /work/orfs/results/sky130hd/g2_ubp3s_u60/base/6_1_fill.odb
Elapsed time: 0:00.59[h:]min:sec. CPU time: user 0.47 sys 0.11 (97%). Peak memory: 142780KB.
Log                       Ext     Elapsed/s Peak Memory/MB sha1sum result [0:20)
6_1_fill                  .odb            0            139 69d076fa7554e4e0d958
cp /work/orfs/results/sky130hd/g2_ubp3s_u60/base/5_route.sdc /work/orfs/results/sky130hd/g2_ubp3s_u60/base/6_1_fill.sdc
/OpenROAD-flow-scripts/flow/scripts/flow.sh 6_report final_report
Running final_report.tcl, stage 6_report
read_liberty /OpenROAD-flow-scripts/flow/platforms/sky130hd/lib/sky130_fd_sc_hd__tt_025C_1v80.lib
read_liberty /work/cells/g2_cells.lib
read_db /work/orfs/results/sky130hd/g2_ubp3s_u60/base/6_1_fill.odb
read_sdc /work/orfs/results/sky130hd/g2_ubp3s_u60/base/6_1_fill.sdc
source /OpenROAD-flow-scripts/flow/platforms/sky130hd/setRC.tcl
write_db /work/orfs/results/sky130hd/g2_ubp3s_u60/base/6_final.odb
write_sdc -no_timestamp /work/orfs/results/sky130hd/g2_ubp3s_u60/base/6_final.sdc
Deleted 0 routing obstructions
Warning: master sky130_ef_sc_hd__decap_12 has signal pins but no liberty cell
Warning: master sky130_ef_sc_hd__decap_12 has signal pins but no liberty cell
Global output passed lec test
[INFO RCX-0431] Defined process_corner X with ext_model_index 0
[INFO RCX-0029] Defined extraction corner X
[INFO RCX-0435] Reading extraction model file /OpenROAD-flow-scripts/flow/platforms/sky130hd/rcx_patterns.rules ...
[INFO RCX-0436] RC segment generation top (max_merge_res 50.0) ...
[INFO RCX-0040] Final 38123 rc segments
[INFO RCX-0439] Coupling Cap extraction top ...
[INFO RCX-0440] Coupling threshhold is 0.1000 fF, coupling capacitance less than 0.1000 fF will be grounded.
[INFO RCX-0442] 52% of 64402 wires extracted
[INFO RCX-0442] 100% of 64402 wires extracted
[INFO RCX-0045] Extract 12558 nets, 50681 rsegs, 50681 caps, 48982 ccs
[INFO RCX-0443] 12558 nets finished
[WARNING PSM-0043] Shorted shape on net VDD to instance lt_pn0_2 at (491.420um, 139.620um) - (491.620um, 140.520um), layer: met2.
[WARNING PSM-0043] Shorted shape on net VDD to instance lt_pn12_0 at (437.140um, 436.120um) - (437.340um, 437.020um), layer: met2.
[WARNING PSM-0043] Shorted shape on net VDD to instance lt_pn12_1 at (408.620um, 525.860um) - (409.270um, 526.760um), layer: met2.
[WARNING PSM-0043] Shorted shape on net VDD to instance lt_pn12_4 at (435.760um, 520.420um) - (436.410um, 521.320um), layer: met2.
[WARNING PSM-0043] Shorted shape on net VDD to instance lt_pn13_2 at (490.960um, 523.160um) - (491.610um, 524.060um), layer: met2.
[WARNING PSM-0043] Shorted shape on net VDD to instance lt_pn14_0 at (410.000um, 115.160um) - (410.200um, 116.060um), layer: met2.
[WARNING PSM-0043] Shorted shape on net VDD to instance lt_pn15_8 at (463.820um, 47.140um) - (464.470um, 48.040um), layer: met2.
[WARNING PSM-0043] Shorted shape on net VDD to instance lt_pn17_1 at (491.420um, 319.140um) - (491.620um, 320.040um), layer: met2.
[WARNING PSM-0043] Shorted shape on net VDD to instance lt_pn1_0 at (355.720um, 74.340um) - (355.920um, 75.240um), layer: met2.
[WARNING PSM-0043] Shorted shape on net VDD to instance lt_pn1_11 at (382.400um, 71.640um) - (383.050um, 72.540um), layer: met2.
[WARNING PSM-0043] Shorted shape on net VDD to instance lt_pn6_10 at (437.140um, 169.560um) - (437.340um, 170.460um), layer: met2.
[WARNING PSM-0043] Shorted shape on net VDD to instance lt_pn6_3 at (490.040um, 191.320um) - (490.690um, 192.220um), layer: met2.
[WARNING PSM-0043] Shorted shape on net VDD to instance lt_pn6_4 at (490.040um, 169.560um) - (490.690um, 170.460um), layer: met2.
[WARNING PSM-0043] Shorted shape on net VDD to instance lt_pn9_1 at (491.420um, 376.280um) - (491.620um, 377.180um), layer: met2.
[WARNING PSM-0043] Shorted shape on net VDD to instance lt_pp0_11 at (462.880um, 101.540um) - (463.090um, 102.440um), layer: met2.
[WARNING PSM-0043] Shorted shape on net VDD to instance lt_pp0_7 at (463.360um, 131.480um) - (464.010um, 132.380um), layer: met2.
[WARNING PSM-0043] Shorted shape on net VDD to instance lt_pp10_9 at (490.040um, 452.440um) - (490.690um, 453.340um), layer: met2.
[WARNING PSM-0043] Shorted shape on net VDD to instance lt_pp11_9 at (435.760um, 289.240um) - (436.410um, 290.140um), layer: met2.
[WARNING PSM-0043] Shorted shape on net VDD to instance lt_pp12_4 at (435.740um, 517.720um) - (435.950um, 518.620um), layer: met2.
[WARNING PSM-0043] Shorted shape on net VDD to instance lt_pp12_5 at (436.680um, 495.960um) - (437.330um, 496.860um), layer: met2.
[WARNING PSM-0043] Shorted shape on net VDD to instance lt_pp13_5 at (490.040um, 501.400um) - (490.690um, 502.300um), layer: met2.
[WARNING PSM-0043] Shorted shape on net VDD to instance lt_pp14_12 at (409.540um, 109.720um) - (410.190um, 110.620um), layer: met2.
[WARNING PSM-0043] Shorted shape on net VDD to instance lt_pp15_10 at (463.820um, 66.200um) - (464.470um, 67.100um), layer: met2.
[WARNING PSM-0043] Shorted shape on net VDD to instance lt_pp17_2 at (490.960um, 300.120um) - (491.610um, 301.020um), layer: met2.
[WARNING PSM-0043] Shorted shape on net VDD to instance lt_pp1_1 at (355.720um, 14.500um) - (355.920um, 15.400um), layer: met2.
[WARNING PSM-0043] Shorted shape on net VDD to instance lt_pp1_7 at (355.260um, 44.440um) - (355.910um, 45.340um), layer: met2.
[WARNING PSM-0043] Shorted shape on net VDD to instance lt_pp20_11 at (382.400um, 207.640um) - (383.050um, 208.540um), layer: met2.
[WARNING PSM-0043] Shorted shape on net VDD to instance lt_pp8_12 at (408.620um, 104.280um) - (409.270um, 105.180um), layer: met2.
[WARNING PSM-0043] Shorted shape on net VDD to instance lt_pp8_9 at (436.680um, 87.960um) - (437.330um, 88.860um), layer: met2.
[WARNING PSM-0043] Shorted shape on net VDD to instance vs_0_14 at (247.160um, 270.180um) - (247.360um, 271.080um), layer: met2.
[WARNING PSM-0043] Shorted shape on net VDD to instance vs_0_6 at (272.900um, 297.380um) - (273.110um, 298.280um), layer: met2.
[WARNING PSM-0043] Shorted shape on net VDD to instance vs_10_15 at (355.260um, 294.680um) - (355.910um, 295.580um), layer: met2.
[WARNING PSM-0043] Shorted shape on net VDD to instance vs_11_15 at (192.420um, 185.880um) - (193.070um, 186.780um), layer: met2.
[WARNING PSM-0043] Shorted shape on net VDD to instance vs_11_16 at (219.100um, 272.920um) - (219.750um, 273.820um), layer: met2.
[WARNING PSM-0043] Shorted shape on net VDD to instance vs_11_3 at (245.760um, 202.200um) - (245.970um, 203.100um), layer: met2.
[WARNING PSM-0043] Shorted shape on net VDD to instance vs_12_1 at (327.200um, 378.980um) - (327.850um, 379.880um), layer: met2.
[WARNING PSM-0043] Shorted shape on net VDD to instance vs_15_13 at (300.520um, 474.200um) - (301.170um, 475.100um), layer: met2.
[WARNING PSM-0043] Shorted shape on net VDD to instance vs_15_3 at (300.980um, 460.580um) - (301.630um, 461.480um), layer: met2.
[WARNING PSM-0043] Shorted shape on net VDD to instance vs_15_5 at (272.900um, 468.760um) - (273.110um, 469.660um), layer: met2.
[WARNING PSM-0043] Shorted shape on net VDD to instance vs_16_4 at (300.520um, 93.400um) - (301.170um, 94.300um), layer: met2.
[WARNING PSM-0043] Shorted shape on net VDD to instance vs_16_7 at (300.980um, 82.520um) - (301.630um, 83.420um), layer: met2.
[WARNING PSM-0043] Shorted shape on net VDD to instance vs_16_9 at (328.120um, 104.280um) - (328.770um, 105.180um), layer: met2.
[WARNING PSM-0043] Shorted shape on net VDD to instance vs_17_10 at (328.120um, 47.140um) - (328.770um, 48.040um), layer: met2.
[WARNING PSM-0043] Shorted shape on net VDD to instance vs_17_21 at (300.520um, 9.060um) - (301.170um, 9.960um), layer: met2.
[WARNING PSM-0043] Shorted shape on net VDD to instance vs_18_20 at (219.100um, 460.580um) - (219.750um, 461.480um), layer: met2.
[WARNING PSM-0043] Shorted shape on net VDD to instance vs_18_4 at (192.420um, 408.920um) - (193.070um, 409.820um), layer: met2.
[WARNING PSM-0043] Shorted shape on net VDD to instance vs_19_12 at (245.760um, 28.120um) - (245.970um, 29.020um), layer: met2.
[WARNING PSM-0043] Shorted shape on net VDD to instance vs_19_2 at (191.500um, 47.140um) - (192.150um, 48.040um), layer: met2.
[WARNING PSM-0043] Shorted shape on net VDD to instance vs_1_10 at (354.800um, 240.280um) - (355.450um, 241.180um), layer: met2.
[WARNING PSM-0043] Shorted shape on net VDD to instance vs_1_11 at (355.260um, 237.540um) - (355.910um, 238.440um), layer: met2.
[WARNING PSM-0043] Shorted shape on net VDD to instance vs_1_12 at (328.580um, 229.400um) - (328.780um, 230.300um), layer: met2.
[WARNING PSM-0043] Shorted shape on net VDD to instance vs_21_16 at (381.940um, 357.220um) - (382.590um, 358.120um), layer: met2.
[WARNING PSM-0043] Shorted shape on net VDD to instance vs_21_2 at (409.080um, 311.000um) - (409.730um, 311.900um), layer: met2.
[WARNING PSM-0043] Shorted shape on net VDD to instance vs_21_8 at (381.480um, 327.320um) - (382.130um, 328.220um), layer: met2.
[WARNING PSM-0043] Shorted shape on net VDD to instance vs_22_1 at (164.340um, 44.440um) - (164.550um, 45.340um), layer: met2.
[WARNING PSM-0043] Shorted shape on net VDD to instance vs_22_12 at (111.460um, 55.320um) - (111.660um, 56.220um), layer: met2.
[WARNING PSM-0043] Shorted shape on net VDD to instance vs_22_13 at (111.460um, 49.880um) - (111.660um, 50.780um), layer: met2.
[WARNING PSM-0043] Shorted shape on net VDD to instance vs_23_2 at (328.120um, 302.820um) - (328.770um, 303.720um), layer: met2.
[WARNING PSM-0043] Shorted shape on net VDD to instance vs_23_5 at (300.520um, 272.920um) - (301.170um, 273.820um), layer: met2.
[WARNING PSM-0043] Shorted shape on net VDD to instance vs_23_7 at (273.840um, 283.800um) - (274.490um, 284.700um), layer: met2.
[WARNING PSM-0043] Shorted shape on net VDD to instance vs_23_8 at (327.200um, 286.500um) - (327.850um, 287.400um), layer: met2.
[WARNING PSM-0043] Shorted shape on net VDD to instance vs_25_1 at (164.340um, 112.420um) - (164.550um, 113.320um), layer: met2.
[WARNING PSM-0043] Shorted shape on net VDD to instance vs_25_10 at (164.340um, 134.180um) - (164.550um, 135.080um), layer: met2.
[WARNING PSM-0043] Shorted shape on net VDD to instance vs_25_11 at (165.740um, 134.180um) - (165.940um, 135.080um), layer: met2.
[WARNING PSM-0043] Shorted shape on net VDD to instance vs_25_4 at (137.200um, 142.360um) - (137.410um, 143.260um), layer: met2.
[WARNING PSM-0043] Shorted shape on net VDD to instance vs_26_18 at (328.580um, 183.140um) - (328.780um, 184.040um), layer: met2.
[WARNING PSM-0043] Shorted shape on net VDD to instance vs_27_15 at (354.800um, 134.180um) - (355.450um, 135.080um), layer: met2.
[WARNING PSM-0043] Shorted shape on net VDD to instance vs_27_2 at (381.480um, 82.520um) - (382.130um, 83.420um), layer: met2.
[WARNING PSM-0043] Shorted shape on net VDD to instance vs_28_10 at (191.500um, 300.120um) - (192.150um, 301.020um), layer: met2.
[WARNING PSM-0043] Shorted shape on net VDD to instance vs_28_11 at (191.480um, 302.820um) - (191.690um, 303.720um), layer: met2.
[WARNING PSM-0043] Shorted shape on net VDD to instance vs_28_15 at (218.620um, 311.000um) - (218.830um, 311.900um), layer: met2.
[WARNING PSM-0043] Shorted shape on net VDD to instance vs_28_17 at (164.360um, 256.600um) - (165.010um, 257.500um), layer: met2.
[WARNING PSM-0043] Shorted shape on net VDD to instance vs_28_3 at (192.420um, 253.860um) - (193.070um, 254.760um), layer: met2.
[WARNING PSM-0043] Shorted shape on net VDD to instance vs_29_16 at (245.760um, 87.960um) - (245.970um, 88.860um), layer: met2.
[WARNING PSM-0043] Shorted shape on net VDD to instance vs_29_17 at (247.160um, 87.960um) - (247.360um, 88.860um), layer: met2.
[WARNING PSM-0043] Shorted shape on net VDD to instance vs_29_18 at (273.380um, 71.640um) - (274.030um, 72.540um), layer: met2.
[WARNING PSM-0043] Shorted shape on net VDD to instance vs_2_19 at (192.420um, 237.540um) - (193.070um, 238.440um), layer: met2.
[WARNING PSM-0043] Shorted shape on net VDD to instance vs_2_3 at (245.760um, 194.020um) - (245.970um, 194.920um), layer: met2.
[WARNING PSM-0043] Shorted shape on net VDD to instance vs_30_11 at (218.620um, 153.240um) - (218.830um, 154.140um), layer: met2.
[WARNING PSM-0043] Shorted shape on net VDD to instance vs_30_12 at (218.640um, 177.700um) - (219.290um, 178.600um), layer: met2.
[WARNING PSM-0043] Shorted shape on net VDD to instance vs_30_13 at (218.620um, 183.140um) - (218.830um, 184.040um), layer: met2.
[WARNING PSM-0043] Shorted shape on net VDD to instance vs_32_0 at (381.480um, 408.920um) - (382.130um, 409.820um), layer: met2.
[WARNING PSM-0043] Shorted shape on net VDD to instance vs_32_19 at (300.520um, 444.260um) - (301.170um, 445.160um), layer: met2.
[WARNING PSM-0043] Shorted shape on net VDD to instance vs_34_2 at (300.040um, 495.960um) - (300.250um, 496.860um), layer: met2.
[WARNING PSM-0043] Shorted shape on net VDD to instance vs_34_3 at (301.440um, 495.960um) - (301.640um, 496.860um), layer: met2.
[WARNING PSM-0043] Shorted shape on net VDD to instance vs_34_5 at (328.120um, 485.080um) - (328.770um, 485.980um), layer: met2.
[WARNING PSM-0043] Shorted shape on net VDD to instance vs_34_9 at (327.200um, 504.100um) - (327.850um, 505.000um), layer: met2.
[WARNING PSM-0043] Shorted shape on net VDD to instance vs_35_0 at (219.100um, 120.600um) - (219.750um, 121.500um), layer: met2.
[WARNING PSM-0043] Shorted shape on net VDD to instance vs_36_12 at (111.000um, 221.220um) - (111.650um, 222.120um), layer: met2.
[WARNING PSM-0043] Shorted shape on net VDD to instance vs_36_18 at (83.400um, 204.900um) - (84.050um, 205.800um), layer: met2.
[WARNING PSM-0043] Shorted shape on net VDD to instance vs_36_3 at (137.200um, 177.700um) - (137.410um, 178.600um), layer: met2.
[WARNING PSM-0043] Shorted shape on net VDD to instance vs_37_10 at (191.480um, 74.340um) - (191.690um, 75.240um), layer: met2.
[WARNING PSM-0043] Shorted shape on net VDD to instance vs_37_15 at (164.340um, 90.660um) - (164.550um, 91.560um), layer: met2.
[WARNING PSM-0043] Shorted shape on net VDD to instance vs_37_20 at (138.600um, 77.080um) - (138.800um, 77.980um), layer: met2.
[WARNING PSM-0043] Shorted shape on net VDD to instance vs_37_21 at (137.200um, 77.080um) - (137.410um, 77.980um), layer: met2.
[WARNING PSM-0043] Shorted shape on net VDD to instance vs_38_4 at (219.560um, 256.600um) - (220.210um, 257.500um), layer: met2.
[WARNING PSM-0043] Shorted shape on net VDD to instance vs_39_17 at (300.060um, 126.040um) - (300.710um, 126.940um), layer: met2.
[WARNING PSM-0043] Shorted shape on net VDD to instance vs_3_13 at (272.920um, 199.460um) - (273.570um, 200.360um), layer: met2.
[WARNING PSM-0043] Shorted shape on net VDD to instance vs_40_13 at (110.080um, 335.460um) - (110.730um, 336.360um), layer: met2.
[WARNING PSM-0043] Shorted shape on net VDD to instance vs_41_11 at (83.400um, 68.900um) - (84.050um, 69.800um), layer: met2.
[WARNING PSM-0043] Shorted shape on net VDD to instance vs_42_6 at (220.020um, 414.360um) - (220.220um, 415.260um), layer: met2.
[WARNING PSM-0043] Shorted shape on net VDD to instance vs_42_7 at (218.640um, 417.060um) - (219.290um, 417.960um), layer: met2.
[WARNING PSM-0043] Shorted shape on net VDD to instance vs_43_10 at (138.140um, 221.220um) - (138.790um, 222.120um), layer: met2.
[WARNING PSM-0043] Shorted shape on net VDD to instance vs_44_11 at (55.800um, 447.000um) - (56.450um, 447.900um), layer: met2.
[WARNING PSM-0043] Shorted shape on net VDD to instance vs_44_18 at (55.800um, 523.160um) - (56.450um, 524.060um), layer: met2.
[WARNING PSM-0043] Shorted shape on net VDD to instance vs_45_12 at (28.660um, 229.400um) - (29.310um, 230.300um), layer: met2.
[WARNING PSM-0043] Shorted shape on net VDD to instance vs_45_18 at (28.660um, 218.520um) - (29.310um, 219.420um), layer: met2.
[WARNING PSM-0043] Shorted shape on net VDD to instance vs_45_3 at (57.180um, 270.180um) - (57.380um, 271.080um), layer: met2.
[WARNING PSM-0043] Shorted shape on net VDD to instance vs_45_9 at (56.260um, 256.600um) - (56.910um, 257.500um), layer: met2.
[WARNING PSM-0043] Shorted shape on net VDD to instance vs_46_4 at (300.060um, 327.320um) - (300.710um, 328.220um), layer: met2.
[WARNING PSM-0043] Shorted shape on net VDD to instance vs_46_6 at (300.520um, 332.760um) - (301.170um, 333.660um), layer: met2.
[WARNING PSM-0043] Shorted shape on net VDD to instance vs_46_9 at (300.520um, 343.640um) - (301.170um, 344.540um), layer: met2.
[WARNING PSM-0043] Shorted shape on net VDD to instance vs_47_0 at (219.100um, 368.100um) - (219.750um, 369.000um), layer: met2.
[WARNING PSM-0043] Shorted shape on net VDD to instance vs_47_11 at (192.420um, 381.720um) - (193.070um, 382.620um), layer: met2.
[WARNING PSM-0043] Shorted shape on net VDD to instance vs_47_15 at (218.640um, 387.160um) - (219.290um, 388.060um), layer: met2.
[WARNING PSM-0043] Shorted shape on net VDD to instance vs_47_17 at (245.780um, 359.960um) - (246.430um, 360.860um), layer: met2.
[WARNING PSM-0043] Shorted shape on net VDD to instance vs_47_18 at (247.160um, 370.840um) - (247.360um, 371.740um), layer: met2.
[WARNING PSM-0043] Shorted shape on net VDD to instance vs_47_19 at (245.760um, 370.840um) - (245.970um, 371.740um), layer: met2.
[WARNING PSM-0043] Shorted shape on net VDD to instance vs_47_9 at (192.420um, 365.400um) - (193.070um, 366.300um), layer: met2.
[WARNING PSM-0043] Shorted shape on net VDD to instance vs_48_0 at (355.720um, 449.700um) - (355.920um, 450.600um), layer: met2.
[WARNING PSM-0043] Shorted shape on net VDD to instance vs_48_1 at (355.720um, 447.000um) - (355.920um, 447.900um), layer: met2.
[WARNING PSM-0043] Shorted shape on net VDD to instance vs_49_11 at (137.220um, 514.980um) - (137.870um, 515.880um), layer: met2.
[WARNING PSM-0043] Shorted shape on net VDD to instance vs_49_9 at (83.860um, 528.600um) - (84.510um, 529.500um), layer: met2.
[WARNING PSM-0043] Shorted shape on net VDD to instance vs_4_11 at (56.260um, 47.140um) - (56.910um, 48.040um), layer: met2.
[WARNING PSM-0043] Shorted shape on net VDD to instance vs_4_21 at (55.800um, 22.680um) - (56.450um, 23.580um), layer: met2.
[WARNING PSM-0043] Shorted shape on net VDD to instance vs_4_6 at (28.640um, 47.140um) - (28.850um, 48.040um), layer: met2.
[WARNING PSM-0043] Shorted shape on net VDD to instance vs_50_15 at (28.640um, 444.260um) - (28.850um, 445.160um), layer: met2.
[WARNING PSM-0043] Shorted shape on net VDD to instance vs_50_3 at (55.800um, 408.920um) - (56.450um, 409.820um), layer: met2.
[WARNING PSM-0043] Shorted shape on net VDD to instance vs_51_13 at (191.500um, 438.820um) - (192.150um, 439.720um), layer: met2.
[WARNING PSM-0043] Shorted shape on net VDD to instance vs_52_21 at (111.000um, 490.520um) - (111.650um, 491.420um), layer: met2.
[WARNING PSM-0043] Shorted shape on net VDD to instance vs_53_0 at (192.420um, 327.320um) - (193.070um, 328.220um), layer: met2.
[WARNING PSM-0043] Shorted shape on net VDD to instance vs_54_16 at (83.400um, 139.620um) - (84.050um, 140.520um), layer: met2.
[WARNING PSM-0043] Shorted shape on net VDD to instance vs_54_2 at (111.000um, 79.780um) - (111.650um, 80.680um), layer: met2.
[WARNING PSM-0043] Shorted shape on net VDD to instance vs_54_7 at (83.860um, 87.960um) - (84.510um, 88.860um), layer: met2.
[WARNING PSM-0043] Shorted shape on net VDD to instance vs_55_0 at (246.240um, 153.240um) - (246.890um, 154.140um), layer: met2.
[WARNING PSM-0043] Shorted shape on net VDD to instance vs_55_18 at (272.900um, 175.000um) - (273.110um, 175.900um), layer: met2.
[WARNING PSM-0043] Shorted shape on net VDD to instance vs_55_19 at (274.300um, 175.000um) - (274.500um, 175.900um), layer: met2.
[WARNING PSM-0043] Shorted shape on net VDD to instance vs_56_3 at (111.460um, 240.280um) - (111.660um, 241.180um), layer: met2.
[WARNING PSM-0043] Shorted shape on net VDD to instance vs_57_14 at (245.760um, 487.780um) - (245.970um, 488.680um), layer: met2.
[WARNING PSM-0043] Shorted shape on net VDD to instance vs_57_17 at (246.240um, 509.540um) - (246.890um, 510.440um), layer: met2.
[WARNING PSM-0043] Shorted shape on net VDD to instance vs_57_18 at (245.760um, 523.160um) - (245.970um, 524.060um), layer: met2.
[WARNING PSM-0043] Shorted shape on net VDD to instance vs_57_19 at (246.240um, 525.860um) - (246.890um, 526.760um), layer: met2.
[WARNING PSM-0043] Shorted shape on net VDD to instance vs_57_3 at (192.420um, 517.720um) - (193.070um, 518.620um), layer: met2.
[WARNING PSM-0043] Shorted shape on net VDD to instance vs_57_7 at (219.560um, 479.640um) - (220.210um, 480.540um), layer: met2.
[WARNING PSM-0043] Shorted shape on net VDD to instance vs_58_14 at (29.120um, 58.020um) - (29.770um, 58.920um), layer: met2.
[WARNING PSM-0043] Shorted shape on net VDD to instance vs_58_6 at (28.660um, 123.300um) - (29.310um, 124.200um), layer: met2.
[WARNING PSM-0043] Shorted shape on net VDD to instance vs_59_8 at (191.480um, 482.340um) - (191.690um, 483.240um), layer: met2.
[WARNING PSM-0043] Shorted shape on net VDD to instance vs_5_0 at (56.720um, 58.020um) - (57.370um, 58.920um), layer: met2.
[WARNING PSM-0043] Shorted shape on net VDD to instance vs_5_2 at (55.780um, 55.320um) - (55.990um, 56.220um), layer: met2.
[WARNING PSM-0043] Shorted shape on net VDD to instance vs_5_21 at (28.640um, 139.620um) - (28.850um, 140.520um), layer: met2.
[WARNING PSM-0043] Shorted shape on net VDD to instance vs_5_3 at (56.260um, 60.760um) - (56.910um, 61.660um), layer: met2.
[WARNING PSM-0043] Shorted shape on net VDD to instance vs_60_12 at (274.300um, 433.380um) - (274.500um, 434.280um), layer: met2.
[WARNING PSM-0043] Shorted shape on net VDD to instance vs_61_13 at (28.660um, 487.780um) - (29.310um, 488.680um), layer: met2.
[WARNING PSM-0043] Shorted shape on net VDD to instance vs_61_16 at (28.660um, 528.600um) - (29.310um, 529.500um), layer: met2.
[WARNING PSM-0043] Shorted shape on net VDD to instance vs_62_3 at (165.280um, 354.520um) - (165.930um, 355.420um), layer: met2.
[WARNING PSM-0043] Shorted shape on net VDD to instance vs_6_13 at (246.700um, 74.340um) - (247.350um, 75.240um), layer: met2.
[WARNING PSM-0043] Shorted shape on net VDD to instance vs_6_16 at (273.380um, 28.120um) - (274.030um, 29.020um), layer: met2.
[WARNING PSM-0043] Shorted shape on net VDD to instance vs_6_18 at (273.380um, 44.440um) - (274.030um, 45.340um), layer: met2.
[WARNING PSM-0043] Shorted shape on net VDD to instance vs_6_20 at (247.160um, 9.060um) - (247.360um, 9.960um), layer: met2.
[WARNING PSM-0043] Shorted shape on net VDD to instance vs_6_4 at (220.020um, 71.640um) - (220.220um, 72.540um), layer: met2.
[WARNING PSM-0043] Shorted shape on net VDD to instance vs_7_11 at (56.260um, 218.520um) - (56.910um, 219.420um), layer: met2.
[WARNING PSM-0043] Shorted shape on net VDD to instance vs_7_13 at (28.660um, 207.640um) - (29.310um, 208.540um), layer: met2.
[WARNING PSM-0043] Shorted shape on net VDD to instance vs_8_10 at (28.640um, 357.220um) - (28.850um, 358.120um), layer: met2.
[WARNING PSM-0043] Shorted shape on net VDD to instance vs_8_11 at (30.040um, 357.220um) - (30.240um, 358.120um), layer: met2.
[WARNING PSM-0043] Shorted shape on net VDD to instance vs_8_4 at (56.260um, 362.660um) - (56.910um, 363.560um), layer: met2.
[WARNING PSM-0043] Shorted shape on net VDD to instance vs_8_7 at (55.800um, 370.840um) - (56.450um, 371.740um), layer: met2.
[WARNING PSM-0043] Shorted shape on net VDD to instance vs_9_15 at (83.860um, 311.000um) - (84.510um, 311.900um), layer: met2.
[WARNING PSM-0043] Shorted shape on net VDD to instance vs_9_6 at (111.000um, 324.580um) - (111.650um, 325.480um), layer: met2.
[WARNING PSM-0043] Shorted shape on net VDD to instance vs_9_8 at (137.220um, 305.560um) - (137.870um, 306.460um), layer: met2.
[ERROR PSM-0069] Check connectivity failed on VDD.
PSM-0069
    while executing
"psm::analyze_power_grid_cmd  [psm::find_net $keys(-net)]  [sta::parse_scene_or_default keys]  $source_type  $error_file  [info exists flags(-allow_reu..."
    (procedure "analyze_power_grid" line 36)
    invoked from within
"analyze_power_grid -net ${pwrNetName}  -error_file $::env(REPORTS_DIR)/${pwrNetName}.rpt"
    ("dict for" body line 3)
    invoked from within
"dict for {pwrNetName pwrNetVoltage} $::env(PWR_NETS_VOLTAGES) {
      set_pdnsim_net_voltage -net ${pwrNetName} -voltage ${pwrNetVoltage}
      analyz..."
    invoked from within
"if {
  [env_var_exists_and_non_empty RCX_RULES]
  && !$::env(SKIP_DETAILED_ROUTE)
} {
  # RCX section
  define_process_corner -ext_model_index 0 X
  s..."
    (file "/OpenROAD-flow-scripts/flow/scripts/final_outputs.tcl" line 23)
    invoked from within
"source $::env(SCRIPTS_DIR)/final_outputs.tcl"
    (file "/OpenROAD-flow-scripts/flow/scripts/final_report.tcl" line 7)
Elapsed time: 0:07.04[h:]min:sec. CPU time: user 6.34 sys 0.32 (94%). Peak memory: 212728KB.
make[1]: *** [Makefile:686: do-6_report] Error 1
make: *** [Makefile:686: /work/orfs/logs/sky130hd/g2_ubp3s_u60/base/6_report.log] Error 2
