mkdir -p /work/orfs/results/sky130hd/s_ubp4_n64_u60/base/
echo 3.0 > /work/orfs/results/sky130hd/s_ubp4_n64_u60/base/clock_period.txt
/OpenROAD-flow-scripts/flow/scripts/synth.sh /OpenROAD-flow-scripts/flow/scripts/synth_canonicalize.tcl /work/orfs/logs/sky130hd/s_ubp4_n64_u60/base/1_1_yosys_canonicalize.log
exec cp /work/ubp4_n64/netlist.v /work/orfs/results/sky130hd/s_ubp4_n64_u60/base/1_2_yosys.v
exec touch -r /work/ubp4_n64/netlist.v /work/orfs/results/sky130hd/s_ubp4_n64_u60/base/1_2_yosys.v
Elapsed time: 0:00.13[h:]min:sec. CPU time: user 0.04 sys 0.03 (48%). Peak memory: 27404KB.
Log                       Ext     Elapsed/s Peak Memory/MB sha1sum result [0:20)
1_1_yosys_canonicalize                    0             26                  N/A
/OpenROAD-flow-scripts/flow/scripts/synth.sh /OpenROAD-flow-scripts/flow/scripts/synth.tcl /work/orfs/logs/sky130hd/s_ubp4_n64_u60/base/1_2_yosys.log
exec cp /work/ubp4_n64/netlist.v /work/orfs/results/sky130hd/s_ubp4_n64_u60/base/1_2_yosys.v
exec touch -r /work/ubp4_n64/netlist.v /work/orfs/results/sky130hd/s_ubp4_n64_u60/base/1_2_yosys.v
Elapsed time: 0:00.07[h:]min:sec. CPU time: user 0.03 sys 0.02 (55%). Peak memory: 27300KB.
Log                       Ext     Elapsed/s Peak Memory/MB sha1sum result [0:20)
1_2_yosys                 .v              0             26 a6842ca0f446e1115f80
cp /work/ubp4_n64/constraint.sdc /work/orfs/results/sky130hd/s_ubp4_n64_u60/base/1_2_yosys.sdc
touch -r /work/ubp4_n64/constraint.sdc /work/orfs/results/sky130hd/s_ubp4_n64_u60/base/1_2_yosys.sdc
OpenROAD unknown 
Features included (+) or not (-): -GPU +GUI -Python
This program is licensed under the BSD-3 license. See the LICENSE file for details.
Components of this program may be licensed under more restrictive licenses which must be honored.
[INFO ORD-0030] Using 2 thread(s).
mkdir -p /work/orfs/objects/sky130hd/s_ubp4_n64_u60/base
/OpenROAD-flow-scripts/flow/scripts/flow.sh 1_synth synth_odb
Running synth_odb.tcl, stage 1_synth
read_liberty /OpenROAD-flow-scripts/flow/platforms/sky130hd/lib/sky130_fd_sc_hd__tt_025C_1v80.lib
[INFO ODB-0227] LEF file: /OpenROAD-flow-scripts/flow/platforms/sky130hd/lef/sky130_fd_sc_hd.tlef, created 13 layers, 25 vias
[INFO ODB-0227] LEF file: /OpenROAD-flow-scripts/flow/platforms/sky130hd/lef/sky130_fd_sc_hd_merged.lef, created 441 library cells
link_design top
read_sdc /work/orfs/results/sky130hd/s_ubp4_n64_u60/base/1_2_yosys.sdc
source /OpenROAD-flow-scripts/flow/platforms/sky130hd/setRC.tcl
Design area 188444 um^2 100% utilization.
write_db /work/orfs/results/sky130hd/s_ubp4_n64_u60/base/1_synth.odb
write_sdc -no_timestamp /work/orfs/results/sky130hd/s_ubp4_n64_u60/base/1_synth.sdc
Warning: master sky130_ef_sc_hd__decap_12 has signal pins but no liberty cell
Elapsed time: 0:00.93[h:]min:sec. CPU time: user 0.63 sys 0.07 (75%). Peak memory: 138400KB.
Log                       Ext     Elapsed/s Peak Memory/MB sha1sum result [0:20)
1_synth                   .odb            0            135 0f31e84aeda89fa05608
1_synth                   .sdc                             c9b52a36521419161edd
/OpenROAD-flow-scripts/flow/scripts/flow.sh 2_1_floorplan floorplan
Running floorplan.tcl, stage 2_1_floorplan
read_liberty /OpenROAD-flow-scripts/flow/platforms/sky130hd/lib/sky130_fd_sc_hd__tt_025C_1v80.lib
read_db /work/orfs/results/sky130hd/s_ubp4_n64_u60/base/1_synth.odb
read_sdc /work/orfs/results/sky130hd/s_ubp4_n64_u60/base/1_synth.sdc
source /OpenROAD-flow-scripts/flow/platforms/sky130hd/setRC.tcl
Master sky130_ef_sc_hd__decap_12 is loaded but not used in the design

==========================================================================
Floorplan check_setup
--------------------------------------------------------------------------
number instances in verilog is 13448
initialize_floorplan -utilization 60 -aspect_ratio 1 -core_space 2 -site unithd
[INFO IFP-0107] Defining die area using utilization: 60.00% and aspect ratio: 1.
[WARNING IFP-0028] Core area lower left (2.000, 2.000) snapped to (2.300, 2.720).
[INFO IFP-0001] Added 205 rows of 1217 site unithd.
[INFO IFP-0100] Die BBox:  (  0.000  0.000 ) ( 564.425 564.425 ) um
[INFO IFP-0101] Core BBox: (  2.300  2.720 ) ( 562.120 560.320 ) um
[INFO IFP-0102] Core area:                       312155.632 um^2
[INFO IFP-0103] Total instances area:            188444.483 um^2
[INFO IFP-0104] Effective utilization:                0.604
[INFO IFP-0105] Number of instances:                  13448
source /OpenROAD-flow-scripts/flow/platforms/sky130hd/make_tracks.tcl
source /OpenROAD-flow-scripts/flow/platforms/sky130hd/fastroute.tcl
set_dont_use "sky130_fd_sc_hd__probe_p_8 sky130_fd_sc_hd__probec_p_8 sky130_fd_sc_hd__lpflow_bleeder_1 sky130_fd_sc_hd__lpflow_clkbufkapwr_1 sky130_fd_sc_hd__lpflow_clkbufkapwr_16 sky130_fd_sc_hd__lpflow_clkbufkapwr_2 sky130_fd_sc_hd__lpflow_clkbufkapwr_4 sky130_fd_sc_hd__lpflow_clkbufkapwr_8 sky130_fd_sc_hd__lpflow_clkinvkapwr_1 sky130_fd_sc_hd__lpflow_clkinvkapwr_16 sky130_fd_sc_hd__lpflow_clkinvkapwr_2 sky130_fd_sc_hd__lpflow_clkinvkapwr_4 sky130_fd_sc_hd__lpflow_clkinvkapwr_8 sky130_fd_sc_hd__lpflow_decapkapwr_12 sky130_fd_sc_hd__lpflow_decapkapwr_3 sky130_fd_sc_hd__lpflow_decapkapwr_4 sky130_fd_sc_hd__lpflow_decapkapwr_6 sky130_fd_sc_hd__lpflow_decapkapwr_8 sky130_fd_sc_hd__lpflow_inputiso0n_1 sky130_fd_sc_hd__lpflow_inputiso0p_1 sky130_fd_sc_hd__lpflow_inputiso1n_1 sky130_fd_sc_hd__lpflow_inputiso1p_1 sky130_fd_sc_hd__lpflow_inputisolatch_1 sky130_fd_sc_hd__lpflow_isobufsrc_1 sky130_fd_sc_hd__lpflow_isobufsrc_16 sky130_fd_sc_hd__lpflow_isobufsrc_2 sky130_fd_sc_hd__lpflow_isobufsrc_4 sky130_fd_sc_hd__lpflow_isobufsrc_8 sky130_fd_sc_hd__lpflow_isobufsrckapwr_16 sky130_fd_sc_hd__lpflow_lsbuf_lh_hl_isowell_tap_1 sky130_fd_sc_hd__lpflow_lsbuf_lh_hl_isowell_tap_2 sky130_fd_sc_hd__lpflow_lsbuf_lh_hl_isowell_tap_4 sky130_fd_sc_hd__lpflow_lsbuf_lh_isowell_4 sky130_fd_sc_hd__lpflow_lsbuf_lh_isowell_tap_1 sky130_fd_sc_hd__lpflow_lsbuf_lh_isowell_tap_2 sky130_fd_sc_hd__lpflow_lsbuf_lh_isowell_tap_4"
repair_tie_fanout -separation 0 sky130_fd_sc_hd__tt_025C_1v80/sky130_fd_sc_hd__conb_1/LO
[INFO RSZ-0042] Inserted 34 tie sky130_fd_sc_hd__conb_1 instances.
repair_tie_fanout -separation 0 sky130_fd_sc_hd__tt_025C_1v80/sky130_fd_sc_hd__conb_1/HI
repair_timing -setup_margin 0 -hold_margin 0 -repair_tns 100 -match_cell_footprint -setup -skip_last_gasp -sequence unbuffer,sizeup,swap,vt_swap -verbose
[WARNING EST-0027] no estimated parasitics. Using wire load models.
[INFO RSZ-0100] Repair move sequence: UnbufferMove SizeUpMove SwapPinsMove 
[INFO RSZ-0094] Found 2368 endpoints with setup violations.
[INFO RSZ-0099] Repairing 2368 out of 2368 (100.00%) violating endpoints...
   Iter   | Removed | Resized | Inserted | Cloned |  Pin  |   Area   |    WNS   |    TNS     |  Viol  |  Worst
          | Buffers |  Gates  | Buffers  |  Gates | Swaps |          |          |            | Endpts | Endpoint
------------------------------------------------------------------------------------------------------------------------------
       0* |       0 |       0 |        0 |      0 |     0 |    +0.0% |   -8.693 |   -18969.1 |   2368 | ng0_0/_8_/D
       7* |       0 |       4 |        0 |      0 |     0 |    +0.0% |   -1.040 |    -1981.8 |   2368 | ng0_0/_8_/D
      10* |       0 |       4 |        0 |      0 |     2 |    +0.0% |   -1.133 |    -1981.8 |   2368 | ng0_1/_8_/D
      10* |       0 |       4 |        0 |      0 |     0 |    +0.0% |   -1.040 |    -1981.8 |   2368 | ng0_0/_8_/D
      13* |       0 |       4 |        0 |      0 |     0 |    +0.0% |   -1.040 |    -1981.8 |   2368 | ng0_0/_8_/D
      16* |       0 |       4 |        0 |      0 |     0 |    +0.0% |   -1.040 |    -1981.8 |   2368 | ng0_0/_8_/D
      19* |       0 |       4 |        0 |      0 |     0 |    +0.0% |   -1.040 |    -1981.8 |   2368 | ng0_0/_8_/D
      20* |       0 |       4 |        0 |      0 |     0 |    +0.0% |   -1.040 |    -1981.8 |   2368 | ng0_0/_8_/D
      22* |       0 |       4 |        0 |      0 |     0 |    +0.0% |   -1.040 |    -1981.8 |   2368 | ng0_0/_8_/D
      25* |       0 |       4 |        0 |      0 |     0 |    +0.0% |   -1.040 |    -1981.8 |   2368 | ng0_0/_8_/D
      28* |       0 |       4 |        0 |      0 |     0 |    +0.0% |   -1.040 |    -1981.8 |   2368 | ng0_0/_8_/D
      30* |       0 |       4 |        0 |      0 |     1 |    +0.0% |   -1.114 |    -1981.8 |   2368 | ng0_16/_8_/D
      31* |       0 |       4 |        0 |      0 |     0 |    +0.0% |   -1.040 |    -1981.8 |   2368 | ng0_0/_8_/D
      34* |       0 |       4 |        0 |      0 |     0 |    +0.0% |   -1.040 |    -1981.8 |   2368 | ng0_0/_8_/D
      37* |       0 |       4 |        0 |      0 |     0 |    +0.0% |   -1.040 |    -1981.8 |   2368 | ng0_0/_8_/D
      40* |       0 |       4 |        0 |      0 |     2 |    +0.0% |   -1.133 |    -1981.8 |   2368 | ng0_19/_8_/D
      40* |       0 |       4 |        0 |      0 |     0 |    +0.0% |   -1.040 |    -1981.8 |   2368 | ng0_0/_8_/D
      43* |       0 |       4 |        0 |      0 |     0 |    +0.0% |   -1.040 |    -1981.8 |   2368 | ng0_0/_8_/D
      46* |       0 |       4 |        0 |      0 |     0 |    +0.0% |   -1.040 |    -1981.8 |   2368 | ng0_0/_8_/D
      49* |       0 |       4 |        0 |      0 |     0 |    +0.0% |   -1.040 |    -1981.8 |   2368 | ng0_0/_8_/D
      50* |       0 |       4 |        0 |      0 |     0 |    +0.0% |   -1.040 |    -1981.8 |   2368 | ng0_0/_8_/D
      52* |       0 |       4 |        0 |      0 |     0 |    +0.0% |   -1.040 |    -1981.8 |   2368 | ng0_0/_8_/D
      55* |       0 |       4 |        0 |      0 |     0 |    +0.0% |   -1.040 |    -1981.8 |   2368 | ng0_0/_8_/D
      58* |       0 |       4 |        0 |      0 |     0 |    +0.0% |   -1.040 |    -1981.8 |   2368 | ng0_0/_8_/D
      60* |       0 |       4 |        0 |      0 |     1 |    +0.0% |   -1.114 |    -1981.8 |   2368 | ng0_25/_8_/D
      61* |       0 |       4 |        0 |      0 |     0 |    +0.0% |   -1.040 |    -1981.8 |   2368 | ng0_0/_8_/D
      64* |       0 |       4 |        0 |      0 |     0 |    +0.0% |   -1.040 |    -1981.8 |   2368 | ng0_0/_8_/D
      67* |       0 |       4 |        0 |      0 |     0 |    +0.0% |   -1.040 |    -1981.8 |   2368 | ng0_0/_8_/D
      70* |       0 |       4 |        0 |      0 |     2 |    +0.0% |   -1.133 |    -1981.8 |   2368 | ng0_28/_8_/D
      70* |       0 |       4 |        0 |      0 |     0 |    +0.0% |   -1.040 |    -1981.8 |   2368 | ng0_0/_8_/D
      73* |       0 |       4 |        0 |      0 |     0 |    +0.0% |   -1.040 |    -1981.8 |   2368 | ng0_0/_8_/D
      76* |       0 |       4 |        0 |      0 |     0 |    +0.0% |   -1.040 |    -1981.8 |   2368 | ng0_0/_8_/D
      79* |       0 |       4 |        0 |      0 |     0 |    +0.0% |   -1.040 |    -1981.8 |   2368 | ng0_0/_8_/D
      80* |       0 |       4 |        0 |      0 |     0 |    +0.0% |   -1.040 |    -1981.8 |   2368 | ng0_0/_8_/D
      82* |       0 |       4 |        0 |      0 |     0 |    +0.0% |   -1.040 |    -1981.8 |   2368 | ng0_0/_8_/D
      85* |       0 |       4 |        0 |      0 |     0 |    +0.0% |   -1.040 |    -1981.8 |   2368 | ng0_0/_8_/D
      88* |       0 |       4 |        0 |      0 |     0 |    +0.0% |   -1.040 |    -1981.8 |   2368 | ng0_0/_8_/D
      90* |       0 |       4 |        0 |      0 |     1 |    +0.0% |   -1.114 |    -1981.8 |   2368 | ng0_34/_8_/D
      91* |       0 |       4 |        0 |      0 |     0 |    +0.0% |   -1.040 |    -1981.8 |   2368 | ng0_0/_8_/D
      94* |       0 |       4 |        0 |      0 |     0 |    +0.0% |   -1.040 |    -1981.8 |   2368 | ng0_0/_8_/D
      97* |       0 |       4 |        0 |      0 |     0 |    +0.0% |   -1.040 |    -1981.8 |   2368 | ng0_0/_8_/D
     100* |       0 |       4 |        0 |      0 |     2 |    +0.0% |   -1.133 |    -1981.8 |   2368 | ng0_37/_8_/D
     100* |       0 |       4 |        0 |      0 |     0 |    +0.0% |   -1.040 |    -1981.8 |   2368 | ng0_0/_8_/D
     103* |       0 |       4 |        0 |      0 |     0 |    +0.0% |   -1.040 |    -1981.8 |   2368 | ng0_0/_8_/D
     106* |       0 |       4 |        0 |      0 |     0 |    +0.0% |   -1.040 |    -1981.8 |   2368 | ng0_0/_8_/D
     109* |       0 |       4 |        0 |      0 |     0 |    +0.0% |   -1.040 |    -1981.8 |   2368 | ng0_0/_8_/D
     110* |       0 |       4 |        0 |      0 |     0 |    +0.0% |   -1.040 |    -1981.8 |   2368 | ng0_0/_8_/D
     112* |       0 |       4 |        0 |      0 |     0 |    +0.0% |   -1.040 |    -1981.8 |   2368 | ng0_0/_8_/D
     115* |       0 |       4 |        0 |      0 |     0 |    +0.0% |   -1.040 |    -1981.8 |   2368 | ng0_0/_8_/D
     118* |       0 |       4 |        0 |      0 |     0 |    +0.0% |   -1.040 |    -1981.8 |   2368 | ng0_0/_8_/D
     120* |       0 |       4 |        0 |      0 |     1 |    +0.0% |   -1.114 |    -1981.8 |   2368 | ng0_8/_8_/D
     121* |       0 |       4 |        0 |      0 |     0 |    +0.0% |   -1.040 |    -1981.8 |   2368 | ng0_0/_8_/D
     124* |       0 |       4 |        0 |      0 |     0 |    +0.0% |   -1.040 |    -1981.8 |   2368 | ng0_0/_8_/D
     127* |       0 |       4 |        0 |      0 |     0 |    +0.0% |   -1.040 |    -1981.8 |   2368 | ng0_0/_8_/D
     130* |       0 |       4 |        0 |      0 |     2 |    +0.0% |   -1.133 |    -1981.8 |   2368 | ng10_1/_8_/D
     130* |       0 |       4 |        0 |      0 |     0 |    +0.0% |   -1.040 |    -1981.8 |   2368 | ng0_0/_8_/D
     133* |       0 |       4 |        0 |      0 |     0 |    +0.0% |   -1.040 |    -1981.8 |   2368 | ng0_0/_8_/D
     136* |       0 |       4 |        0 |      0 |     0 |    +0.0% |   -1.040 |    -1981.8 |   2368 | ng0_0/_8_/D
     139* |       0 |       4 |        0 |      0 |     0 |    +0.0% |   -1.040 |    -1981.8 |   2368 | ng0_0/_8_/D
     140* |       0 |       4 |        0 |      0 |     0 |    +0.0% |   -1.040 |    -1981.8 |   2368 | ng0_0/_8_/D
     142* |       0 |       4 |        0 |      0 |     0 |    +0.0% |   -1.040 |    -1981.8 |   2368 | ng0_0/_8_/D
     145* |       0 |       4 |        0 |      0 |     0 |    +0.0% |   -1.040 |    -1981.8 |   2368 | ng0_0/_8_/D
     148* |       0 |       4 |        0 |      0 |     0 |    +0.0% |   -1.040 |    -1981.8 |   2368 | ng0_0/_8_/D
     150* |       0 |       4 |        0 |      0 |     1 |    +0.0% |   -1.114 |    -1981.8 |   2368 | ng10_16/_8_/D
     151* |       0 |       4 |        0 |      0 |     0 |    +0.0% |   -1.040 |    -1981.8 |   2368 | ng0_0/_8_/D
     154* |       0 |       4 |        0 |      0 |     0 |    +0.0% |   -1.040 |    -1981.8 |   2368 | ng0_0/_8_/D
     157* |       0 |       4 |        0 |      0 |     0 |    +0.0% |   -1.040 |    -1981.8 |   2368 | ng0_0/_8_/D
     160* |       0 |       4 |        0 |      0 |     2 |    +0.0% |   -1.133 |    -1981.8 |   2368 | ng10_19/_8_/D
     160* |       0 |       4 |        0 |      0 |     0 |    +0.0% |   -1.040 |    -1981.8 |   2368 | ng0_0/_8_/D
     163* |       0 |       4 |        0 |      0 |     0 |    +0.0% |   -1.040 |    -1981.8 |   2368 | ng0_0/_8_/D
     166* |       0 |       4 |        0 |      0 |     0 |    +0.0% |   -1.040 |    -1981.8 |   2368 | ng0_0/_8_/D
     169* |       0 |       4 |        0 |      0 |     0 |    +0.0% |   -1.040 |    -1981.8 |   2368 | ng0_0/_8_/D
     170* |       0 |       4 |        0 |      0 |     0 |    +0.0% |   -1.040 |    -1981.8 |   2368 | ng0_0/_8_/D
     172* |       0 |       4 |        0 |      0 |     0 |    +0.0% |   -1.040 |    -1981.8 |   2368 | ng0_0/_8_/D
     175* |       0 |       4 |        0 |      0 |     0 |    +0.0% |   -1.040 |    -1981.8 |   2368 | ng0_0/_8_/D
     178* |       0 |       4 |        0 |      0 |     0 |    +0.0% |   -1.040 |    -1981.8 |   2368 | ng0_0/_8_/D
     180* |       0 |       4 |        0 |      0 |     1 |    +0.0% |   -1.114 |    -1981.8 |   2368 | ng10_25/_8_/D
     181* |       0 |       4 |        0 |      0 |     0 |    +0.0% |   -1.040 |    -1981.8 |   2368 | ng0_0/_8_/D
     184* |       0 |       4 |        0 |      0 |     0 |    +0.0% |   -1.040 |    -1981.8 |   2368 | ng0_0/_8_/D
     187* |       0 |       4 |        0 |      0 |     0 |    +0.0% |   -1.040 |    -1981.8 |   2368 | ng0_0/_8_/D
     190* |       0 |       4 |        0 |      0 |     2 |    +0.0% |   -1.133 |    -1981.8 |   2368 | ng10_28/_8_/D
     190* |       0 |       4 |        0 |      0 |     0 |    +0.0% |   -1.040 |    -1981.8 |   2368 | ng0_0/_8_/D
     193* |       0 |       4 |        0 |      0 |     0 |    +0.0% |   -1.040 |    -1981.8 |   2368 | ng0_0/_8_/D
     196* |       0 |       4 |        0 |      0 |     0 |    +0.0% |   -1.040 |    -1981.8 |   2368 | ng0_0/_8_/D
     199* |       0 |       4 |        0 |      0 |     0 |    +0.0% |   -1.040 |    -1981.8 |   2368 | ng0_0/_8_/D
     200* |       0 |       4 |        0 |      0 |     0 |    +0.0% |   -1.040 |    -1981.8 |   2368 | ng0_0/_8_/D
     202* |       0 |       4 |        0 |      0 |     0 |    +0.0% |   -1.040 |    -1981.8 |   2368 | ng0_0/_8_/D
     205* |       0 |       4 |        0 |      0 |     0 |    +0.0% |   -1.040 |    -1981.8 |   2368 | ng0_0/_8_/D
     208* |       0 |       4 |        0 |      0 |     0 |    +0.0% |   -1.040 |    -1981.8 |   2368 | ng0_0/_8_/D
     210* |       0 |       4 |        0 |      0 |     1 |    +0.0% |   -1.114 |    -1981.8 |   2368 | ng10_34/_8_/D
     211* |       0 |       4 |        0 |      0 |     0 |    +0.0% |   -1.040 |    -1981.8 |   2368 | ng0_0/_8_/D
     214* |       0 |       4 |        0 |      0 |     0 |    +0.0% |   -1.040 |    -1981.8 |   2368 | ng0_0/_8_/D
     217* |       0 |       4 |        0 |      0 |     0 |    +0.0% |   -1.040 |    -1981.8 |   2368 | ng0_0/_8_/D
     220* |       0 |       4 |        0 |      0 |     2 |    +0.0% |   -1.133 |    -1981.8 |   2368 | ng10_37/_8_/D
     220* |       0 |       4 |        0 |      0 |     0 |    +0.0% |   -1.040 |    -1981.8 |   2368 | ng0_0/_8_/D
     223* |       0 |       4 |        0 |      0 |     0 |    +0.0% |   -1.040 |    -1981.8 |   2368 | ng0_0/_8_/D
     226* |       0 |       4 |        0 |      0 |     0 |    +0.0% |   -1.040 |    -1981.8 |   2368 | ng0_0/_8_/D
     229* |       0 |       4 |        0 |      0 |     0 |    +0.0% |   -1.040 |    -1981.8 |   2368 | ng0_0/_8_/D
     230* |       0 |       4 |        0 |      0 |     0 |    +0.0% |   -1.040 |    -1981.8 |   2368 | ng0_0/_8_/D
     232* |       0 |       4 |        0 |      0 |     0 |    +0.0% |   -1.040 |    -1981.8 |   2368 | ng0_0/_8_/D
     235* |       0 |       4 |        0 |      0 |     0 |    +0.0% |   -1.040 |    -1981.8 |   2368 | ng0_0/_8_/D
     238* |       0 |       4 |        0 |      0 |     0 |    +0.0% |   -1.040 |    -1981.8 |   2368 | ng0_0/_8_/D
     240* |       0 |       4 |        0 |      0 |     1 |    +0.0% |   -1.114 |    -1981.8 |   2368 | ng10_8/_8_/D
     241* |       0 |       4 |        0 |      0 |     0 |    +0.0% |   -1.040 |    -1981.8 |   2368 | ng0_0/_8_/D
     244* |       0 |       4 |        0 |      0 |     0 |    +0.0% |   -1.040 |    -1981.8 |   2368 | ng0_0/_8_/D
     247* |       0 |       4 |        0 |      0 |     0 |    +0.0% |   -1.040 |    -1981.8 |   2368 | ng0_0/_8_/D
     250* |       0 |       4 |        0 |      0 |     2 |    +0.0% |   -1.133 |    -1981.8 |   2368 | ng11_1/_8_/D
     250* |       0 |       4 |        0 |      0 |     0 |    +0.0% |   -1.040 |    -1981.8 |   2368 | ng0_0/_8_/D
     253* |       0 |       4 |        0 |      0 |     0 |    +0.0% |   -1.040 |    -1981.8 |   2368 | ng0_0/_8_/D
     256* |       0 |       4 |        0 |      0 |     0 |    +0.0% |   -1.040 |    -1981.8 |   2368 | ng0_0/_8_/D
     259* |       0 |       4 |        0 |      0 |     0 |    +0.0% |   -1.040 |    -1981.8 |   2368 | ng0_0/_8_/D
     260* |       0 |       4 |        0 |      0 |     0 |    +0.0% |   -1.040 |    -1981.8 |   2368 | ng0_0/_8_/D
     262* |       0 |       4 |        0 |      0 |     0 |    +0.0% |   -1.040 |    -1981.8 |   2368 | ng0_0/_8_/D
     265* |       0 |       4 |        0 |      0 |     0 |    +0.0% |   -1.040 |    -1981.8 |   2368 | ng0_0/_8_/D
     268* |       0 |       4 |        0 |      0 |     0 |    +0.0% |   -1.040 |    -1981.8 |   2368 | ng0_0/_8_/D
     270* |       0 |       4 |        0 |      0 |     1 |    +0.0% |   -1.114 |    -1981.8 |   2368 | ng11_16/_8_/D
     271* |       0 |       4 |        0 |      0 |     0 |    +0.0% |   -1.040 |    -1981.8 |   2368 | ng0_0/_8_/D
     274* |       0 |       4 |        0 |      0 |     0 |    +0.0% |   -1.040 |    -1981.8 |   2368 | ng0_0/_8_/D
     277* |       0 |       4 |        0 |      0 |     0 |    +0.0% |   -1.040 |    -1981.8 |   2368 | ng0_0/_8_/D
     280* |       0 |       4 |        0 |      0 |     2 |    +0.0% |   -1.133 |    -1981.8 |   2368 | ng11_19/_8_/D
     280* |       0 |       4 |        0 |      0 |     0 |    +0.0% |   -1.040 |    -1981.8 |   2368 | ng0_0/_8_/D
     283* |       0 |       4 |        0 |      0 |     0 |    +0.0% |   -1.040 |    -1981.8 |   2368 | ng0_0/_8_/D
     286* |       0 |       4 |        0 |      0 |     0 |    +0.0% |   -1.040 |    -1981.8 |   2368 | ng0_0/_8_/D
     289* |       0 |       4 |        0 |      0 |     0 |    +0.0% |   -1.040 |    -1981.8 |   2368 | ng0_0/_8_/D
     290* |       0 |       4 |        0 |      0 |     0 |    +0.0% |   -1.040 |    -1981.8 |   2368 | ng0_0/_8_/D
     292* |       0 |       4 |        0 |      0 |     0 |    +0.0% |   -1.040 |    -1981.8 |   2368 | ng0_0/_8_/D
     295* |       0 |       4 |        0 |      0 |     0 |    +0.0% |   -1.040 |    -1981.8 |   2368 | ng0_0/_8_/D
     298* |       0 |       4 |        0 |      0 |     0 |    +0.0% |   -1.040 |    -1981.8 |   2368 | ng0_0/_8_/D
     300* |       0 |       4 |        0 |      0 |     1 |    +0.0% |   -1.114 |    -1981.8 |   2368 | ng11_25/_8_/D
     301* |       0 |       4 |        0 |      0 |     0 |    +0.0% |   -1.040 |    -1981.8 |   2368 | ng0_0/_8_/D
     304* |       0 |       4 |        0 |      0 |     0 |    +0.0% |   -1.040 |    -1981.8 |   2368 | ng0_0/_8_/D
     307* |       0 |       4 |        0 |      0 |     0 |    +0.0% |   -1.040 |    -1981.8 |   2368 | ng0_0/_8_/D
     310* |       0 |       4 |        0 |      0 |     2 |    +0.0% |   -1.133 |    -1981.8 |   2368 | ng11_28/_8_/D
     310* |       0 |       4 |        0 |      0 |     0 |    +0.0% |   -1.040 |    -1981.8 |   2368 | ng0_0/_8_/D
     313* |       0 |       4 |        0 |      0 |     0 |    +0.0% |   -1.040 |    -1981.8 |   2368 | ng0_0/_8_/D
     316* |       0 |       4 |        0 |      0 |     0 |    +0.0% |   -1.040 |    -1981.8 |   2368 | ng0_0/_8_/D
     319* |       0 |       4 |        0 |      0 |     0 |    +0.0% |   -1.040 |    -1981.8 |   2368 | ng0_0/_8_/D
     320* |       0 |       4 |        0 |      0 |     0 |    +0.0% |   -1.040 |    -1981.8 |   2368 | ng0_0/_8_/D
     322* |       0 |       4 |        0 |      0 |     0 |    +0.0% |   -1.040 |    -1981.8 |   2368 | ng0_0/_8_/D
     325* |       0 |       4 |        0 |      0 |     0 |    +0.0% |   -1.040 |    -1981.8 |   2368 | ng0_0/_8_/D
     328* |       0 |       4 |        0 |      0 |     0 |    +0.0% |   -1.040 |    -1981.8 |   2368 | ng0_0/_8_/D
     330* |       0 |       4 |        0 |      0 |     1 |    +0.0% |   -1.114 |    -1981.8 |   2368 | ng11_34/_8_/D
     331* |       0 |       4 |        0 |      0 |     0 |    +0.0% |   -1.040 |    -1981.8 |   2368 | ng0_0/_8_/D
     334* |       0 |       4 |        0 |      0 |     0 |    +0.0% |   -1.040 |    -1981.8 |   2368 | ng0_0/_8_/D
     337* |       0 |       4 |        0 |      0 |     0 |    +0.0% |   -1.040 |    -1981.8 |   2368 | ng0_0/_8_/D
     340* |       0 |       4 |        0 |      0 |     2 |    +0.0% |   -1.133 |    -1981.8 |   2368 | ng11_37/_8_/D
     340* |       0 |       4 |        0 |      0 |     0 |    +0.0% |   -1.040 |    -1981.8 |   2368 | ng0_0/_8_/D
     343* |       0 |       4 |        0 |      0 |     0 |    +0.0% |   -1.040 |    -1981.8 |   2368 | ng0_0/_8_/D
     346* |       0 |       4 |        0 |      0 |     0 |    +0.0% |   -1.040 |    -1981.8 |   2368 | ng0_0/_8_/D
     349* |       0 |       4 |        0 |      0 |     0 |    +0.0% |   -1.040 |    -1981.8 |   2368 | ng0_0/_8_/D
     350* |       0 |       4 |        0 |      0 |     0 |    +0.0% |   -1.040 |    -1981.8 |   2368 | ng0_0/_8_/D
     352* |       0 |       4 |        0 |      0 |     0 |    +0.0% |   -1.040 |    -1981.8 |   2368 | ng0_0/_8_/D
     355* |       0 |       4 |        0 |      0 |     0 |    +0.0% |   -1.040 |    -1981.8 |   2368 | ng0_0/_8_/D
     358* |       0 |       4 |        0 |      0 |     0 |    +0.0% |   -1.040 |    -1981.8 |   2368 | ng0_0/_8_/D
     360* |       0 |       4 |        0 |      0 |     1 |    +0.0% |   -1.114 |    -1981.8 |   2368 | ng11_8/_8_/D
     361* |       0 |       4 |        0 |      0 |     0 |    +0.0% |   -1.040 |    -1981.8 |   2368 | ng0_0/_8_/D
     364* |       0 |       4 |        0 |      0 |     0 |    +0.0% |   -1.040 |    -1981.8 |   2368 | ng0_0/_8_/D
     367* |       0 |       4 |        0 |      0 |     0 |    +0.0% |   -1.040 |    -1981.8 |   2368 | ng0_0/_8_/D
     370* |       0 |       4 |        0 |      0 |     2 |    +0.0% |   -1.133 |    -1981.8 |   2368 | ng12_1/_8_/D
     370* |       0 |       4 |        0 |      0 |     0 |    +0.0% |   -1.040 |    -1981.8 |   2368 | ng0_0/_8_/D
     373* |       0 |       4 |        0 |      0 |     0 |    +0.0% |   -1.040 |    -1981.8 |   2368 | ng0_0/_8_/D
     376* |       0 |       4 |        0 |      0 |     0 |    +0.0% |   -1.040 |    -1981.8 |   2368 | ng0_0/_8_/D
     379* |       0 |       4 |        0 |      0 |     0 |    +0.0% |   -1.040 |    -1981.8 |   2368 | ng0_0/_8_/D
     380* |       0 |       4 |        0 |      0 |     0 |    +0.0% |   -1.040 |    -1981.8 |   2368 | ng0_0/_8_/D
     382* |       0 |       4 |        0 |      0 |     0 |    +0.0% |   -1.040 |    -1981.8 |   2368 | ng0_0/_8_/D
     385* |       0 |       4 |        0 |      0 |     0 |    +0.0% |   -1.040 |    -1981.8 |   2368 | ng0_0/_8_/D
     388* |       0 |       4 |        0 |      0 |     0 |    +0.0% |   -1.040 |    -1981.8 |   2368 | ng0_0/_8_/D
     390* |       0 |       4 |        0 |      0 |     1 |    +0.0% |   -1.114 |    -1981.8 |   2368 | ng12_16/_8_/D
     391* |       0 |       4 |        0 |      0 |     0 |    +0.0% |   -1.040 |    -1981.8 |   2368 | ng0_0/_8_/D
     394* |       0 |       4 |        0 |      0 |     0 |    +0.0% |   -1.040 |    -1981.8 |   2368 | ng0_0/_8_/D
     397* |       0 |       4 |        0 |      0 |     0 |    +0.0% |   -1.040 |    -1981.8 |   2368 | ng0_0/_8_/D
     400* |       0 |       4 |        0 |      0 |     2 |    +0.0% |   -1.133 |    -1981.8 |   2368 | ng12_19/_8_/D
     400* |       0 |       4 |        0 |      0 |     0 |    +0.0% |   -1.040 |    -1981.8 |   2368 | ng0_0/_8_/D
     403* |       0 |       4 |        0 |      0 |     0 |    +0.0% |   -1.040 |    -1981.8 |   2368 | ng0_0/_8_/D
     406* |       0 |       4 |        0 |      0 |     0 |    +0.0% |   -1.040 |    -1981.8 |   2368 | ng0_0/_8_/D
     409* |       0 |       4 |        0 |      0 |     0 |    +0.0% |   -1.040 |    -1981.8 |   2368 | ng0_0/_8_/D
     410* |       0 |       4 |        0 |      0 |     0 |    +0.0% |   -1.040 |    -1981.8 |   2368 | ng0_0/_8_/D
     412* |       0 |       4 |        0 |      0 |     0 |    +0.0% |   -1.040 |    -1981.8 |   2368 | ng0_0/_8_/D
     415* |       0 |       4 |        0 |      0 |     0 |    +0.0% |   -1.040 |    -1981.8 |   2368 | ng0_0/_8_/D
     418* |       0 |       4 |        0 |      0 |     0 |    +0.0% |   -1.040 |    -1981.8 |   2368 | ng0_0/_8_/D
     420* |       0 |       4 |        0 |      0 |     1 |    +0.0% |   -1.114 |    -1981.8 |   2368 | ng12_25/_8_/D
     421* |       0 |       4 |        0 |      0 |     0 |    +0.0% |   -1.040 |    -1981.8 |   2368 | ng0_0/_8_/D
     424* |       0 |       4 |        0 |      0 |     0 |    +0.0% |   -1.040 |    -1981.8 |   2368 | ng0_0/_8_/D
     427* |       0 |       4 |        0 |      0 |     0 |    +0.0% |   -1.040 |    -1981.8 |   2368 | ng0_0/_8_/D
     430* |       0 |       4 |        0 |      0 |     2 |    +0.0% |   -1.133 |    -1981.8 |   2368 | ng12_28/_8_/D
     430* |       0 |       4 |        0 |      0 |     0 |    +0.0% |   -1.040 |    -1981.8 |   2368 | ng0_0/_8_/D
     433* |       0 |       4 |        0 |      0 |     0 |    +0.0% |   -1.040 |    -1981.8 |   2368 | ng0_0/_8_/D
     436* |       0 |       4 |        0 |      0 |     0 |    +0.0% |   -1.040 |    -1981.8 |   2368 | ng0_0/_8_/D
     439* |       0 |       4 |        0 |      0 |     0 |    +0.0% |   -1.040 |    -1981.8 |   2368 | ng0_0/_8_/D
     440* |       0 |       4 |        0 |      0 |     0 |    +0.0% |   -1.040 |    -1981.8 |   2368 | ng0_0/_8_/D
     442* |       0 |       4 |        0 |      0 |     0 |    +0.0% |   -1.040 |    -1981.8 |   2368 | ng0_0/_8_/D
     445* |       0 |       4 |        0 |      0 |     0 |    +0.0% |   -1.040 |    -1981.8 |   2368 | ng0_0/_8_/D
     448* |       0 |       4 |        0 |      0 |     0 |    +0.0% |   -1.040 |    -1981.8 |   2368 | ng0_0/_8_/D
     450* |       0 |       4 |        0 |      0 |     1 |    +0.0% |   -1.114 |    -1981.8 |   2368 | ng12_34/_8_/D
     451* |       0 |       4 |        0 |      0 |     0 |    +0.0% |   -1.040 |    -1981.8 |   2368 | ng0_0/_8_/D
     454* |       0 |       4 |        0 |      0 |     0 |    +0.0% |   -1.040 |    -1981.8 |   2368 | ng0_0/_8_/D
     457* |       0 |       4 |        0 |      0 |     0 |    +0.0% |   -1.040 |    -1981.8 |   2368 | ng0_0/_8_/D
     460* |       0 |       4 |        0 |      0 |     2 |    +0.0% |   -1.133 |    -1981.8 |   2368 | ng12_37/_8_/D
     460* |       0 |       4 |        0 |      0 |     0 |    +0.0% |   -1.040 |    -1981.8 |   2368 | ng0_0/_8_/D
     463* |       0 |       4 |        0 |      0 |     0 |    +0.0% |   -1.040 |    -1981.8 |   2368 | ng0_0/_8_/D
     466* |       0 |       4 |        0 |      0 |     0 |    +0.0% |   -1.040 |    -1981.8 |   2368 | ng0_0/_8_/D
     469* |       0 |       4 |        0 |      0 |     0 |    +0.0% |   -1.040 |    -1981.8 |   2368 | ng0_0/_8_/D
     470* |       0 |       4 |        0 |      0 |     0 |    +0.0% |   -1.040 |    -1981.8 |   2368 | ng0_0/_8_/D
     472* |       0 |       4 |        0 |      0 |     0 |    +0.0% |   -1.040 |    -1981.8 |   2368 | ng0_0/_8_/D
     475* |       0 |       4 |        0 |      0 |     0 |    +0.0% |   -1.040 |    -1981.8 |   2368 | ng0_0/_8_/D
     478* |       0 |       4 |        0 |      0 |     0 |    +0.0% |   -1.040 |    -1981.8 |   2368 | ng0_0/_8_/D
     480* |       0 |       4 |        0 |      0 |     1 |    +0.0% |   -1.114 |    -1981.8 |   2368 | ng12_8/_8_/D
     481* |       0 |       4 |        0 |      0 |     0 |    +0.0% |   -1.040 |    -1981.8 |   2368 | ng0_0/_8_/D
     484* |       0 |       4 |        0 |      0 |     0 |    +0.0% |   -1.040 |    -1981.8 |   2368 | ng0_0/_8_/D
     487* |       0 |       4 |        0 |      0 |     0 |    +0.0% |   -1.040 |    -1981.8 |   2368 | ng0_0/_8_/D
     490* |       0 |       4 |        0 |      0 |     2 |    +0.0% |   -1.133 |    -1981.8 |   2368 | ng13_1/_8_/D
     490* |       0 |       4 |        0 |      0 |     0 |    +0.0% |   -1.040 |    -1981.8 |   2368 | ng0_0/_8_/D
     493* |       0 |       4 |        0 |      0 |     0 |    +0.0% |   -1.040 |    -1981.8 |   2368 | ng0_0/_8_/D
     496* |       0 |       4 |        0 |      0 |     0 |    +0.0% |   -1.040 |    -1981.8 |   2368 | ng0_0/_8_/D
     499* |       0 |       4 |        0 |      0 |     0 |    +0.0% |   -1.040 |    -1981.8 |   2368 | ng0_0/_8_/D
     500* |       0 |       4 |        0 |      0 |     0 |    +0.0% |   -1.040 |    -1981.8 |   2368 | ng0_0/_8_/D
     502* |       0 |       4 |        0 |      0 |     0 |    +0.0% |   -1.040 |    -1981.8 |   2368 | ng0_0/_8_/D
     505* |       0 |       4 |        0 |      0 |     0 |    +0.0% |   -1.040 |    -1981.8 |   2368 | ng0_0/_8_/D
     508* |       0 |       4 |        0 |      0 |     0 |    +0.0% |   -1.040 |    -1981.8 |   2368 | ng0_0/_8_/D
     510* |       0 |       4 |        0 |      0 |     1 |    +0.0% |   -1.114 |    -1981.8 |   2368 | ng13_16/_8_/D
     511* |       0 |       4 |        0 |      0 |     0 |    +0.0% |   -1.040 |    -1981.8 |   2368 | ng0_0/_8_/D
     514* |       0 |       4 |        0 |      0 |     0 |    +0.0% |   -1.040 |    -1981.8 |   2368 | ng0_0/_8_/D
     517* |       0 |       4 |        0 |      0 |     0 |    +0.0% |   -1.040 |    -1981.8 |   2368 | ng0_0/_8_/D
     520* |       0 |       4 |        0 |      0 |     2 |    +0.0% |   -1.133 |    -1981.8 |   2368 | ng13_19/_8_/D
     520* |       0 |       4 |        0 |      0 |     0 |    +0.0% |   -1.040 |    -1981.8 |   2368 | ng0_0/_8_/D
     523* |       0 |       4 |        0 |      0 |     0 |    +0.0% |   -1.040 |    -1981.8 |   2368 | ng0_0/_8_/D
     526* |       0 |       4 |        0 |      0 |     0 |    +0.0% |   -1.040 |    -1981.8 |   2368 | ng0_0/_8_/D
     529* |       0 |       4 |        0 |      0 |     0 |    +0.0% |   -1.040 |    -1981.8 |   2368 | ng0_0/_8_/D
     530* |       0 |       4 |        0 |      0 |     0 |    +0.0% |   -1.040 |    -1981.8 |   2368 | ng0_0/_8_/D
     532* |       0 |       4 |        0 |      0 |     0 |    +0.0% |   -1.040 |    -1981.8 |   2368 | ng0_0/_8_/D
     535* |       0 |       4 |        0 |      0 |     0 |    +0.0% |   -1.040 |    -1981.8 |   2368 | ng0_0/_8_/D
     538* |       0 |       4 |        0 |      0 |     0 |    +0.0% |   -1.040 |    -1981.8 |   2368 | ng0_0/_8_/D
     540* |       0 |       4 |        0 |      0 |     1 |    +0.0% |   -1.114 |    -1981.8 |   2368 | ng13_25/_8_/D
     541* |       0 |       4 |        0 |      0 |     0 |    +0.0% |   -1.040 |    -1981.8 |   2368 | ng0_0/_8_/D
     544* |       0 |       4 |        0 |      0 |     0 |    +0.0% |   -1.040 |    -1981.8 |   2368 | ng0_0/_8_/D
     547* |       0 |       4 |        0 |      0 |     0 |    +0.0% |   -1.040 |    -1981.8 |   2368 | ng0_0/_8_/D
     550* |       0 |       4 |        0 |      0 |     2 |    +0.0% |   -1.133 |    -1981.8 |   2368 | ng13_28/_8_/D
     550* |       0 |       4 |        0 |      0 |     0 |    +0.0% |   -1.040 |    -1981.8 |   2368 | ng0_0/_8_/D
     553* |       0 |       4 |        0 |      0 |     0 |    +0.0% |   -1.040 |    -1981.8 |   2368 | ng0_0/_8_/D
     556* |       0 |       4 |        0 |      0 |     0 |    +0.0% |   -1.040 |    -1981.8 |   2368 | ng0_0/_8_/D
     559* |       0 |       4 |        0 |      0 |     0 |    +0.0% |   -1.040 |    -1981.8 |   2368 | ng0_0/_8_/D
     560* |       0 |       4 |        0 |      0 |     0 |    +0.0% |   -1.040 |    -1981.8 |   2368 | ng0_0/_8_/D
     562* |       0 |       4 |        0 |      0 |     0 |    +0.0% |   -1.040 |    -1981.8 |   2368 | ng0_0/_8_/D
     565* |       0 |       4 |        0 |      0 |     0 |    +0.0% |   -1.040 |    -1981.8 |   2368 | ng0_0/_8_/D
     568* |       0 |       4 |        0 |      0 |     0 |    +0.0% |   -1.040 |    -1981.8 |   2368 | ng0_0/_8_/D
     570* |       0 |       4 |        0 |      0 |     1 |    +0.0% |   -1.114 |    -1981.8 |   2368 | ng13_34/_8_/D
     571* |       0 |       4 |        0 |      0 |     0 |    +0.0% |   -1.040 |    -1981.8 |   2368 | ng0_0/_8_/D
     574* |       0 |       4 |        0 |      0 |     0 |    +0.0% |   -1.040 |    -1981.8 |   2368 | ng0_0/_8_/D
     577* |       0 |       4 |        0 |      0 |     0 |    +0.0% |   -1.040 |    -1981.8 |   2368 | ng0_0/_8_/D
     580* |       0 |       4 |        0 |      0 |     2 |    +0.0% |   -1.133 |    -1981.8 |   2368 | ng13_37/_8_/D
     580* |       0 |       4 |        0 |      0 |     0 |    +0.0% |   -1.040 |    -1981.8 |   2368 | ng0_0/_8_/D
     583* |       0 |       4 |        0 |      0 |     0 |    +0.0% |   -1.040 |    -1981.8 |   2368 | ng0_0/_8_/D
     586* |       0 |       4 |        0 |      0 |     0 |    +0.0% |   -1.040 |    -1981.8 |   2368 | ng0_0/_8_/D
     589* |       0 |       4 |        0 |      0 |     0 |    +0.0% |   -1.040 |    -1981.8 |   2368 | ng0_0/_8_/D
     590* |       0 |       4 |        0 |      0 |     0 |    +0.0% |   -1.040 |    -1981.8 |   2368 | ng0_0/_8_/D
     592* |       0 |       4 |        0 |      0 |     0 |    +0.0% |   -1.040 |    -1981.8 |   2368 | ng0_0/_8_/D
     595* |       0 |       4 |        0 |      0 |     0 |    +0.0% |   -1.040 |    -1981.8 |   2368 | ng0_0/_8_/D
     598* |       0 |       4 |        0 |      0 |     0 |    +0.0% |   -1.040 |    -1981.8 |   2368 | ng0_0/_8_/D
     600* |       0 |       4 |        0 |      0 |     1 |    +0.0% |   -1.114 |    -1981.8 |   2368 | ng13_8/_8_/D
     601* |       0 |       4 |        0 |      0 |     0 |    +0.0% |   -1.040 |    -1981.8 |   2368 | ng0_0/_8_/D
     604* |       0 |       4 |        0 |      0 |     0 |    +0.0% |   -1.040 |    -1981.8 |   2368 | ng0_0/_8_/D
     607* |       0 |       4 |        0 |      0 |     0 |    +0.0% |   -1.040 |    -1981.8 |   2368 | ng0_0/_8_/D
     610* |       0 |       4 |        0 |      0 |     2 |    +0.0% |   -1.133 |    -1981.8 |   2368 | ng14_1/_8_/D
     610* |       0 |       4 |        0 |      0 |     0 |    +0.0% |   -1.040 |    -1981.8 |   2368 | ng0_0/_8_/D
     613* |       0 |       4 |        0 |      0 |     0 |    +0.0% |   -1.040 |    -1981.8 |   2368 | ng0_0/_8_/D
     616* |       0 |       4 |        0 |      0 |     0 |    +0.0% |   -1.040 |    -1981.8 |   2368 | ng0_0/_8_/D
     619* |       0 |       4 |        0 |      0 |     0 |    +0.0% |   -1.040 |    -1981.8 |   2368 | ng0_0/_8_/D
     620* |       0 |       4 |        0 |      0 |     0 |    +0.0% |   -1.040 |    -1981.8 |   2368 | ng0_0/_8_/D
     622* |       0 |       4 |        0 |      0 |     0 |    +0.0% |   -1.040 |    -1981.8 |   2368 | ng0_0/_8_/D
     625* |       0 |       4 |        0 |      0 |     0 |    +0.0% |   -1.040 |    -1981.8 |   2368 | ng0_0/_8_/D
     628* |       0 |       4 |        0 |      0 |     0 |    +0.0% |   -1.040 |    -1981.8 |   2368 | ng0_0/_8_/D
     630* |       0 |       4 |        0 |      0 |     1 |    +0.0% |   -1.114 |    -1981.8 |   2368 | ng14_16/_8_/D
     631* |       0 |       4 |        0 |      0 |     0 |    +0.0% |   -1.040 |    -1981.8 |   2368 | ng0_0/_8_/D
     634* |       0 |       4 |        0 |      0 |     0 |    +0.0% |   -1.040 |    -1981.8 |   2368 | ng0_0/_8_/D
     637* |       0 |       4 |        0 |      0 |     0 |    +0.0% |   -1.040 |    -1981.8 |   2368 | ng0_0/_8_/D
     640* |       0 |       4 |        0 |      0 |     2 |    +0.0% |   -1.133 |    -1981.8 |   2368 | ng14_19/_8_/D
     640* |       0 |       4 |        0 |      0 |     0 |    +0.0% |   -1.040 |    -1981.8 |   2368 | ng0_0/_8_/D
     643* |       0 |       4 |        0 |      0 |     0 |    +0.0% |   -1.040 |    -1981.8 |   2368 | ng0_0/_8_/D
     646* |       0 |       4 |        0 |      0 |     0 |    +0.0% |   -1.040 |    -1981.8 |   2368 | ng0_0/_8_/D
     649* |       0 |       4 |        0 |      0 |     0 |    +0.0% |   -1.040 |    -1981.8 |   2368 | ng0_0/_8_/D
     650* |       0 |       4 |        0 |      0 |     0 |    +0.0% |   -1.040 |    -1981.8 |   2368 | ng0_0/_8_/D
     652* |       0 |       4 |        0 |      0 |     0 |    +0.0% |   -1.040 |    -1981.8 |   2368 | ng0_0/_8_/D
     655* |       0 |       4 |        0 |      0 |     0 |    +0.0% |   -1.040 |    -1981.8 |   2368 | ng0_0/_8_/D
     658* |       0 |       4 |        0 |      0 |     0 |    +0.0% |   -1.040 |    -1981.8 |   2368 | ng0_0/_8_/D
     660* |       0 |       4 |        0 |      0 |     1 |    +0.0% |   -1.114 |    -1981.8 |   2368 | ng14_25/_8_/D
     661* |       0 |       4 |        0 |      0 |     0 |    +0.0% |   -1.040 |    -1981.8 |   2368 | ng0_0/_8_/D
     664* |       0 |       4 |        0 |      0 |     0 |    +0.0% |   -1.040 |    -1981.8 |   2368 | ng0_0/_8_/D
     667* |       0 |       4 |        0 |      0 |     0 |    +0.0% |   -1.040 |    -1981.8 |   2368 | ng0_0/_8_/D
     670* |       0 |       4 |        0 |      0 |     2 |    +0.0% |   -1.133 |    -1981.8 |   2368 | ng14_28/_8_/D
     670* |       0 |       4 |        0 |      0 |     0 |    +0.0% |   -1.040 |    -1981.8 |   2368 | ng0_0/_8_/D
     673* |       0 |       4 |        0 |      0 |     0 |    +0.0% |   -1.040 |    -1981.8 |   2368 | ng0_0/_8_/D
     676* |       0 |       4 |        0 |      0 |     0 |    +0.0% |   -1.040 |    -1981.8 |   2368 | ng0_0/_8_/D
     679* |       0 |       4 |        0 |      0 |     0 |    +0.0% |   -1.040 |    -1981.8 |   2368 | ng0_0/_8_/D
     680* |       0 |       4 |        0 |      0 |     0 |    +0.0% |   -1.040 |    -1981.8 |   2368 | ng0_0/_8_/D
     682* |       0 |       4 |        0 |      0 |     0 |    +0.0% |   -1.040 |    -1981.8 |   2368 | ng0_0/_8_/D
     685* |       0 |       4 |        0 |      0 |     0 |    +0.0% |   -1.040 |    -1981.8 |   2368 | ng0_0/_8_/D
     688* |       0 |       4 |        0 |      0 |     0 |    +0.0% |   -1.040 |    -1981.8 |   2368 | ng0_0/_8_/D
     690* |       0 |       4 |        0 |      0 |     1 |    +0.0% |   -1.114 |    -1981.8 |   2368 | ng14_34/_8_/D
     691* |       0 |       4 |        0 |      0 |     0 |    +0.0% |   -1.040 |    -1981.8 |   2368 | ng0_0/_8_/D
     694* |       0 |       4 |        0 |      0 |     0 |    +0.0% |   -1.040 |    -1981.8 |   2368 | ng0_0/_8_/D
     697* |       0 |       4 |        0 |      0 |     0 |    +0.0% |   -1.040 |    -1981.8 |   2368 | ng0_0/_8_/D
     700* |       0 |       4 |        0 |      0 |     2 |    +0.0% |   -1.133 |    -1981.8 |   2368 | ng14_37/_8_/D
     700* |       0 |       4 |        0 |      0 |     0 |    +0.0% |   -1.040 |    -1981.8 |   2368 | ng0_0/_8_/D
     703* |       0 |       4 |        0 |      0 |     0 |    +0.0% |   -1.040 |    -1981.8 |   2368 | ng0_0/_8_/D
     706* |       0 |       4 |        0 |      0 |     0 |    +0.0% |   -1.040 |    -1981.8 |   2368 | ng0_0/_8_/D
     709* |       0 |       4 |        0 |      0 |     0 |    +0.0% |   -1.040 |    -1981.8 |   2368 | ng0_0/_8_/D
     710* |       0 |       4 |        0 |      0 |     0 |    +0.0% |   -1.040 |    -1981.8 |   2368 | ng0_0/_8_/D
     712* |       0 |       4 |        0 |      0 |     0 |    +0.0% |   -1.040 |    -1981.8 |   2368 | ng0_0/_8_/D
     715* |       0 |       4 |        0 |      0 |     0 |    +0.0% |   -1.040 |    -1981.8 |   2368 | ng0_0/_8_/D
     718* |       0 |       4 |        0 |      0 |     0 |    +0.0% |   -1.040 |    -1981.8 |   2368 | ng0_0/_8_/D
     720* |       0 |       4 |        0 |      0 |     1 |    +0.0% |   -1.114 |    -1981.8 |   2368 | ng14_8/_8_/D
     721* |       0 |       4 |        0 |      0 |     0 |    +0.0% |   -1.040 |    -1981.8 |   2368 | ng0_0/_8_/D
     724* |       0 |       4 |        0 |      0 |     0 |    +0.0% |   -1.040 |    -1981.8 |   2368 | ng0_0/_8_/D
     727* |       0 |       4 |        0 |      0 |     0 |    +0.0% |   -1.040 |    -1981.8 |   2368 | ng0_0/_8_/D
     730* |       0 |       4 |        0 |      0 |     2 |    +0.0% |   -1.133 |    -1981.8 |   2368 | ng15_1/_8_/D
     730* |       0 |       4 |        0 |      0 |     0 |    +0.0% |   -1.040 |    -1981.8 |   2368 | ng0_0/_8_/D
     733* |       0 |       4 |        0 |      0 |     0 |    +0.0% |   -1.040 |    -1981.8 |   2368 | ng0_0/_8_/D
     736* |       0 |       4 |        0 |      0 |     0 |    +0.0% |   -1.040 |    -1981.8 |   2368 | ng0_0/_8_/D
     739* |       0 |       4 |        0 |      0 |     0 |    +0.0% |   -1.040 |    -1981.8 |   2368 | ng0_0/_8_/D
     740* |       0 |       4 |        0 |      0 |     0 |    +0.0% |   -1.040 |    -1981.8 |   2368 | ng0_0/_8_/D
     742* |       0 |       4 |        0 |      0 |     0 |    +0.0% |   -1.040 |    -1981.8 |   2368 | ng0_0/_8_/D
     745* |       0 |       4 |        0 |      0 |     0 |    +0.0% |   -1.040 |    -1981.8 |   2368 | ng0_0/_8_/D
     748* |       0 |       4 |        0 |      0 |     0 |    +0.0% |   -1.040 |    -1981.8 |   2368 | ng0_0/_8_/D
     750* |       0 |       4 |        0 |      0 |     1 |    +0.0% |   -1.114 |    -1981.8 |   2368 | ng15_16/_8_/D
     751* |       0 |       4 |        0 |      0 |     0 |    +0.0% |   -1.040 |    -1981.8 |   2368 | ng0_0/_8_/D
     754* |       0 |       4 |        0 |      0 |     0 |    +0.0% |   -1.040 |    -1981.8 |   2368 | ng0_0/_8_/D
     757* |       0 |       4 |        0 |      0 |     0 |    +0.0% |   -1.040 |    -1981.8 |   2368 | ng0_0/_8_/D
     760* |       0 |       4 |        0 |      0 |     2 |    +0.0% |   -1.133 |    -1981.8 |   2368 | ng15_19/_8_/D
     760* |       0 |       4 |        0 |      0 |     0 |    +0.0% |   -1.040 |    -1981.8 |   2368 | ng0_0/_8_/D
     763* |       0 |       4 |        0 |      0 |     0 |    +0.0% |   -1.040 |    -1981.8 |   2368 | ng0_0/_8_/D
     766* |       0 |       4 |        0 |      0 |     0 |    +0.0% |   -1.040 |    -1981.8 |   2368 | ng0_0/_8_/D
     769* |       0 |       4 |        0 |      0 |     0 |    +0.0% |   -1.040 |    -1981.8 |   2368 | ng0_0/_8_/D
     770* |       0 |       4 |        0 |      0 |     0 |    +0.0% |   -1.040 |    -1981.8 |   2368 | ng0_0/_8_/D
     772* |       0 |       4 |        0 |      0 |     0 |    +0.0% |   -1.040 |    -1981.8 |   2368 | ng0_0/_8_/D
     775* |       0 |       4 |        0 |      0 |     0 |    +0.0% |   -1.040 |    -1981.8 |   2368 | ng0_0/_8_/D
     778* |       0 |       4 |        0 |      0 |     0 |    +0.0% |   -1.040 |    -1981.8 |   2368 | ng0_0/_8_/D
     780* |       0 |       4 |        0 |      0 |     1 |    +0.0% |   -1.114 |    -1981.8 |   2368 | ng15_25/_8_/D
     781* |       0 |       4 |        0 |      0 |     0 |    +0.0% |   -1.040 |    -1981.8 |   2368 | ng0_0/_8_/D
     784* |       0 |       4 |        0 |      0 |     0 |    +0.0% |   -1.040 |    -1981.8 |   2368 | ng0_0/_8_/D
     787* |       0 |       4 |        0 |      0 |     0 |    +0.0% |   -1.040 |    -1981.8 |   2368 | ng0_0/_8_/D
     790* |       0 |       4 |        0 |      0 |     2 |    +0.0% |   -1.133 |    -1981.8 |   2368 | ng15_28/_8_/D
     790* |       0 |       4 |        0 |      0 |     0 |    +0.0% |   -1.040 |    -1981.8 |   2368 | ng0_0/_8_/D
     793* |       0 |       4 |        0 |      0 |     0 |    +0.0% |   -1.040 |    -1981.8 |   2368 | ng0_0/_8_/D
     796* |       0 |       4 |        0 |      0 |     0 |    +0.0% |   -1.040 |    -1981.8 |   2368 | ng0_0/_8_/D
     799* |       0 |       4 |        0 |      0 |     0 |    +0.0% |   -1.040 |    -1981.8 |   2368 | ng0_0/_8_/D
     800* |       0 |       4 |        0 |      0 |     0 |    +0.0% |   -1.040 |    -1981.8 |   2368 | ng0_0/_8_/D
     802* |       0 |       4 |        0 |      0 |     0 |    +0.0% |   -1.040 |    -1981.8 |   2368 | ng0_0/_8_/D
     805* |       0 |       4 |        0 |      0 |     0 |    +0.0% |   -1.040 |    -1981.8 |   2368 | ng0_0/_8_/D
     808* |       0 |       4 |        0 |      0 |     0 |    +0.0% |   -1.040 |    -1981.8 |   2368 | ng0_0/_8_/D
     810* |       0 |       4 |        0 |      0 |     1 |    +0.0% |   -1.114 |    -1981.8 |   2368 | ng15_34/_8_/D
     811* |       0 |       4 |        0 |      0 |     0 |    +0.0% |   -1.040 |    -1981.8 |   2368 | ng0_0/_8_/D
     814* |       0 |       4 |        0 |      0 |     0 |    +0.0% |   -1.040 |    -1981.8 |   2368 | ng0_0/_8_/D
     817* |       0 |       4 |        0 |      0 |     0 |    +0.0% |   -1.040 |    -1981.8 |   2368 | ng0_0/_8_/D
     820* |       0 |       4 |        0 |      0 |     2 |    +0.0% |   -1.133 |    -1981.8 |   2368 | ng15_37/_8_/D
     820* |       0 |       4 |        0 |      0 |     0 |    +0.0% |   -1.040 |    -1981.8 |   2368 | ng0_0/_8_/D
     823* |       0 |       4 |        0 |      0 |     0 |    +0.0% |   -1.040 |    -1981.8 |   2368 | ng0_0/_8_/D
     826* |       0 |       4 |        0 |      0 |     0 |    +0.0% |   -1.040 |    -1981.8 |   2368 | ng0_0/_8_/D
     829* |       0 |       4 |        0 |      0 |     0 |    +0.0% |   -1.040 |    -1981.8 |   2368 | ng0_0/_8_/D
     830* |       0 |       4 |        0 |      0 |     0 |    +0.0% |   -1.040 |    -1981.8 |   2368 | ng0_0/_8_/D
     832* |       0 |       4 |        0 |      0 |     0 |    +0.0% |   -1.040 |    -1981.8 |   2368 | ng0_0/_8_/D
     835* |       0 |       4 |        0 |      0 |     0 |    +0.0% |   -1.040 |    -1981.8 |   2368 | ng0_0/_8_/D
     838* |       0 |       4 |        0 |      0 |     0 |    +0.0% |   -1.040 |    -1981.8 |   2368 | ng0_0/_8_/D
     840* |       0 |       4 |        0 |      0 |     1 |    +0.0% |   -1.114 |    -1981.8 |   2368 | ng15_8/_8_/D
     841* |       0 |       4 |        0 |      0 |     0 |    +0.0% |   -1.040 |    -1981.8 |   2368 | ng0_0/_8_/D
     844* |       0 |       4 |        0 |      0 |     0 |    +0.0% |   -1.040 |    -1981.8 |   2368 | ng0_0/_8_/D
     847* |       0 |       4 |        0 |      0 |     0 |    +0.0% |   -1.040 |    -1981.8 |   2368 | ng0_0/_8_/D
     850* |       0 |       4 |        0 |      0 |     2 |    +0.0% |   -1.133 |    -1981.8 |   2368 | ng1_1/_8_/D
     850* |       0 |       4 |        0 |      0 |     0 |    +0.0% |   -1.040 |    -1981.8 |   2368 | ng0_0/_8_/D
     853* |       0 |       4 |        0 |      0 |     0 |    +0.0% |   -1.040 |    -1981.8 |   2368 | ng0_0/_8_/D
     856* |       0 |       4 |        0 |      0 |     0 |    +0.0% |   -1.040 |    -1981.8 |   2368 | ng0_0/_8_/D
     859* |       0 |       4 |        0 |      0 |     0 |    +0.0% |   -1.040 |    -1981.8 |   2368 | ng0_0/_8_/D
     860* |       0 |       4 |        0 |      0 |     0 |    +0.0% |   -1.040 |    -1981.8 |   2368 | ng0_0/_8_/D
     862* |       0 |       4 |        0 |      0 |     0 |    +0.0% |   -1.040 |    -1981.8 |   2368 | ng0_0/_8_/D
     865* |       0 |       4 |        0 |      0 |     0 |    +0.0% |   -1.040 |    -1981.8 |   2368 | ng0_0/_8_/D
     868* |       0 |       4 |        0 |      0 |     0 |    +0.0% |   -1.040 |    -1981.8 |   2368 | ng0_0/_8_/D
     870* |       0 |       4 |        0 |      0 |     1 |    +0.0% |   -1.114 |    -1981.8 |   2368 | ng1_16/_8_/D
     871* |       0 |       4 |        0 |      0 |     0 |    +0.0% |   -1.040 |    -1981.8 |   2368 | ng0_0/_8_/D
     874* |       0 |       4 |        0 |      0 |     0 |    +0.0% |   -1.040 |    -1981.8 |   2368 | ng0_0/_8_/D
     877* |       0 |       4 |        0 |      0 |     0 |    +0.0% |   -1.040 |    -1981.8 |   2368 | ng0_0/_8_/D
     880* |       0 |       4 |        0 |      0 |     2 |    +0.0% |   -1.133 |    -1981.8 |   2368 | ng1_19/_8_/D
     880* |       0 |       4 |        0 |      0 |     0 |    +0.0% |   -1.040 |    -1981.8 |   2368 | ng0_0/_8_/D
     883* |       0 |       4 |        0 |      0 |     0 |    +0.0% |   -1.040 |    -1981.8 |   2368 | ng0_0/_8_/D
     886* |       0 |       4 |        0 |      0 |     0 |    +0.0% |   -1.040 |    -1981.8 |   2368 | ng0_0/_8_/D
     889* |       0 |       4 |        0 |      0 |     0 |    +0.0% |   -1.040 |    -1981.8 |   2368 | ng0_0/_8_/D
     890* |       0 |       4 |        0 |      0 |     0 |    +0.0% |   -1.040 |    -1981.8 |   2368 | ng0_0/_8_/D
     892* |       0 |       4 |        0 |      0 |     0 |    +0.0% |   -1.040 |    -1981.8 |   2368 | ng0_0/_8_/D
     895* |       0 |       4 |        0 |      0 |     0 |    +0.0% |   -1.040 |    -1981.8 |   2368 | ng0_0/_8_/D
     898* |       0 |       4 |        0 |      0 |     0 |    +0.0% |   -1.040 |    -1981.8 |   2368 | ng0_0/_8_/D
     900* |       0 |       4 |        0 |      0 |     1 |    +0.0% |   -1.114 |    -1981.8 |   2368 | ng1_25/_8_/D
     901* |       0 |       4 |        0 |      0 |     0 |    +0.0% |   -1.040 |    -1981.8 |   2368 | ng0_0/_8_/D
     904* |       0 |       4 |        0 |      0 |     0 |    +0.0% |   -1.040 |    -1981.8 |   2368 | ng0_0/_8_/D
     907* |       0 |       4 |        0 |      0 |     0 |    +0.0% |   -1.040 |    -1981.8 |   2368 | ng0_0/_8_/D
     910* |       0 |       4 |        0 |      0 |     2 |    +0.0% |   -1.133 |    -1981.8 |   2368 | ng1_28/_8_/D
     910* |       0 |       4 |        0 |      0 |     0 |    +0.0% |   -1.040 |    -1981.8 |   2368 | ng0_0/_8_/D
     913* |       0 |       4 |        0 |      0 |     0 |    +0.0% |   -1.040 |    -1981.8 |   2368 | ng0_0/_8_/D
     916* |       0 |       4 |        0 |      0 |     0 |    +0.0% |   -1.040 |    -1981.8 |   2368 | ng0_0/_8_/D
     919* |       0 |       4 |        0 |      0 |     0 |    +0.0% |   -1.040 |    -1981.8 |   2368 | ng0_0/_8_/D
     920* |       0 |       4 |        0 |      0 |     0 |    +0.0% |   -1.040 |    -1981.8 |   2368 | ng0_0/_8_/D
     922* |       0 |       4 |        0 |      0 |     0 |    +0.0% |   -1.040 |    -1981.8 |   2368 | ng0_0/_8_/D
     925* |       0 |       4 |        0 |      0 |     0 |    +0.0% |   -1.040 |    -1981.8 |   2368 | ng0_0/_8_/D
     928* |       0 |       4 |        0 |      0 |     0 |    +0.0% |   -1.040 |    -1981.8 |   2368 | ng0_0/_8_/D
     930* |       0 |       4 |        0 |      0 |     1 |    +0.0% |   -1.114 |    -1981.8 |   2368 | ng1_34/_8_/D
     931* |       0 |       4 |        0 |      0 |     0 |    +0.0% |   -1.040 |    -1981.8 |   2368 | ng0_0/_8_/D
     934* |       0 |       4 |        0 |      0 |     0 |    +0.0% |   -1.040 |    -1981.8 |   2368 | ng0_0/_8_/D
     937* |       0 |       4 |        0 |      0 |     0 |    +0.0% |   -1.040 |    -1981.8 |   2368 | ng0_0/_8_/D
     940* |       0 |       4 |        0 |      0 |     2 |    +0.0% |   -1.133 |    -1981.8 |   2368 | ng1_37/_8_/D
     940* |       0 |       4 |        0 |      0 |     0 |    +0.0% |   -1.040 |    -1981.8 |   2368 | ng0_0/_8_/D
     943* |       0 |       4 |        0 |      0 |     0 |    +0.0% |   -1.040 |    -1981.8 |   2368 | ng0_0/_8_/D
     946* |       0 |       4 |        0 |      0 |     0 |    +0.0% |   -1.040 |    -1981.8 |   2368 | ng0_0/_8_/D
     949* |       0 |       4 |        0 |      0 |     0 |    +0.0% |   -1.040 |    -1981.8 |   2368 | ng0_0/_8_/D
     950* |       0 |       4 |        0 |      0 |     0 |    +0.0% |   -1.040 |    -1981.8 |   2368 | ng0_0/_8_/D
     952* |       0 |       4 |        0 |      0 |     0 |    +0.0% |   -1.040 |    -1981.8 |   2368 | ng0_0/_8_/D
     955* |       0 |       4 |        0 |      0 |     0 |    +0.0% |   -1.040 |    -1981.8 |   2368 | ng0_0/_8_/D
     958* |       0 |       4 |        0 |      0 |     0 |    +0.0% |   -1.040 |    -1981.8 |   2368 | ng0_0/_8_/D
     960* |       0 |       4 |        0 |      0 |     1 |    +0.0% |   -1.114 |    -1981.8 |   2368 | ng1_8/_8_/D
     961* |       0 |       4 |        0 |      0 |     0 |    +0.0% |   -1.040 |    -1981.8 |   2368 | ng0_0/_8_/D
     964* |       0 |       4 |        0 |      0 |     0 |    +0.0% |   -1.040 |    -1981.8 |   2368 | ng0_0/_8_/D
     967* |       0 |       4 |        0 |      0 |     0 |    +0.0% |   -1.040 |    -1981.8 |   2368 | ng0_0/_8_/D
     970* |       0 |       4 |        0 |      0 |     2 |    +0.0% |   -1.133 |    -1981.8 |   2368 | ng2_1/_8_/D
     970* |       0 |       4 |        0 |      0 |     0 |    +0.0% |   -1.040 |    -1981.8 |   2368 | ng0_0/_8_/D
     973* |       0 |       4 |        0 |      0 |     0 |    +0.0% |   -1.040 |    -1981.8 |   2368 | ng0_0/_8_/D
     976* |       0 |       4 |        0 |      0 |     0 |    +0.0% |   -1.040 |    -1981.8 |   2368 | ng0_0/_8_/D
     979* |       0 |       4 |        0 |      0 |     0 |    +0.0% |   -1.040 |    -1981.8 |   2368 | ng0_0/_8_/D
     980* |       0 |       4 |        0 |      0 |     0 |    +0.0% |   -1.040 |    -1981.8 |   2368 | ng0_0/_8_/D
     982* |       0 |       4 |        0 |      0 |     0 |    +0.0% |   -1.040 |    -1981.8 |   2368 | ng0_0/_8_/D
     985* |       0 |       4 |        0 |      0 |     0 |    +0.0% |   -1.040 |    -1981.8 |   2368 | ng0_0/_8_/D
     988* |       0 |       4 |        0 |      0 |     0 |    +0.0% |   -1.040 |    -1981.8 |   2368 | ng0_0/_8_/D
     990* |       0 |       4 |        0 |      0 |     1 |    +0.0% |   -1.114 |    -1981.8 |   2368 | ng2_16/_8_/D
     991* |       0 |       4 |        0 |      0 |     0 |    +0.0% |   -1.040 |    -1981.8 |   2368 | ng0_0/_8_/D
     994* |       0 |       4 |        0 |      0 |     0 |    +0.0% |   -1.040 |    -1981.8 |   2368 | ng0_0/_8_/D
     997* |       0 |       4 |        0 |      0 |     0 |    +0.0% |   -1.040 |    -1981.8 |   2368 | ng0_0/_8_/D
    1000* |       0 |       4 |        0 |      0 |     2 |    +0.0% |   -1.133 |    -1981.8 |   2368 | ng2_19/_8_/D
    1000* |       0 |       4 |        0 |      0 |     0 |    +0.0% |   -1.040 |    -1981.8 |   2368 | ng0_0/_8_/D
    1003* |       0 |       4 |        0 |      0 |     0 |    +0.0% |   -1.040 |    -1981.8 |   2368 | ng0_0/_8_/D
    1006* |       0 |       4 |        0 |      0 |     0 |    +0.0% |   -1.040 |    -1981.8 |   2368 | ng0_0/_8_/D
    1009* |       0 |       4 |        0 |      0 |     0 |    +0.0% |   -1.040 |    -1981.8 |   2368 | ng0_0/_8_/D
    1010* |       0 |       4 |        0 |      0 |     0 |    +0.0% |   -1.040 |    -1981.8 |   2368 | ng0_0/_8_/D
    1012* |       0 |       4 |        0 |      0 |     0 |    +0.0% |   -1.040 |    -1981.8 |   2368 | ng0_0/_8_/D
    1015* |       0 |       4 |        0 |      0 |     0 |    +0.0% |   -1.040 |    -1981.8 |   2368 | ng0_0/_8_/D
    1018* |       0 |       4 |        0 |      0 |     0 |    +0.0% |   -1.040 |    -1981.8 |   2368 | ng0_0/_8_/D
    1020* |       0 |       4 |        0 |      0 |     1 |    +0.0% |   -1.114 |    -1981.8 |   2368 | ng2_25/_8_/D
    1021* |       0 |       4 |        0 |      0 |     0 |    +0.0% |   -1.040 |    -1981.8 |   2368 | ng0_0/_8_/D
    1024* |       0 |       4 |        0 |      0 |     0 |    +0.0% |   -1.040 |    -1981.8 |   2368 | ng0_0/_8_/D
    1027* |       0 |       4 |        0 |      0 |     0 |    +0.0% |   -1.040 |    -1981.8 |   2368 | ng0_0/_8_/D
    1030* |       0 |       4 |        0 |      0 |     2 |    +0.0% |   -1.133 |    -1981.8 |   2368 | ng2_28/_8_/D
    1030* |       0 |       4 |        0 |      0 |     0 |    +0.0% |   -1.040 |    -1981.8 |   2368 | ng0_0/_8_/D
    1033* |       0 |       4 |        0 |      0 |     0 |    +0.0% |   -1.040 |    -1981.8 |   2368 | ng0_0/_8_/D
    1036* |       0 |       4 |        0 |      0 |     0 |    +0.0% |   -1.040 |    -1981.8 |   2368 | ng0_0/_8_/D
    1039* |       0 |       4 |        0 |      0 |     0 |    +0.0% |   -1.040 |    -1981.8 |   2368 | ng0_0/_8_/D
    1040* |       0 |       4 |        0 |      0 |     0 |    +0.0% |   -1.040 |    -1981.8 |   2368 | ng0_0/_8_/D
    1042* |       0 |       4 |        0 |      0 |     0 |    +0.0% |   -1.040 |    -1981.8 |   2368 | ng0_0/_8_/D
    1045* |       0 |       4 |        0 |      0 |     0 |    +0.0% |   -1.040 |    -1981.8 |   2368 | ng0_0/_8_/D
    1048* |       0 |       4 |        0 |      0 |     0 |    +0.0% |   -1.040 |    -1981.8 |   2368 | ng0_0/_8_/D
    1050* |       0 |       4 |        0 |      0 |     1 |    +0.0% |   -1.114 |    -1981.8 |   2368 | ng2_34/_8_/D
    1051* |       0 |       4 |        0 |      0 |     0 |    +0.0% |   -1.040 |    -1981.8 |   2368 | ng0_0/_8_/D
    1054* |       0 |       4 |        0 |      0 |     0 |    +0.0% |   -1.040 |    -1981.8 |   2368 | ng0_0/_8_/D
    1057* |       0 |       4 |        0 |      0 |     0 |    +0.0% |   -1.040 |    -1981.8 |   2368 | ng0_0/_8_/D
    1060* |       0 |       4 |        0 |      0 |     2 |    +0.0% |   -1.133 |    -1981.8 |   2368 | ng2_37/_8_/D
    1060* |       0 |       4 |        0 |      0 |     0 |    +0.0% |   -1.040 |    -1981.8 |   2368 | ng0_0/_8_/D
    1063* |       0 |       4 |        0 |      0 |     0 |    +0.0% |   -1.040 |    -1981.8 |   2368 | ng0_0/_8_/D
    1066* |       0 |       4 |        0 |      0 |     0 |    +0.0% |   -1.040 |    -1981.8 |   2368 | ng0_0/_8_/D
    1069* |       0 |       4 |        0 |      0 |     0 |    +0.0% |   -1.040 |    -1981.8 |   2368 | ng0_0/_8_/D
    1070* |       0 |       4 |        0 |      0 |     0 |    +0.0% |   -1.040 |    -1981.8 |   2368 | ng0_0/_8_/D
    1072* |       0 |       4 |        0 |      0 |     0 |    +0.0% |   -1.040 |    -1981.8 |   2368 | ng0_0/_8_/D
    1075* |       0 |       4 |        0 |      0 |     0 |    +0.0% |   -1.040 |    -1981.8 |   2368 | ng0_0/_8_/D
    1078* |       0 |       4 |        0 |      0 |     0 |    +0.0% |   -1.040 |    -1981.8 |   2368 | ng0_0/_8_/D
    1080* |       0 |       4 |        0 |      0 |     1 |    +0.0% |   -1.114 |    -1981.8 |   2368 | ng2_8/_8_/D
    1081* |       0 |       4 |        0 |      0 |     0 |    +0.0% |   -1.040 |    -1981.8 |   2368 | ng0_0/_8_/D
    1084* |       0 |       4 |        0 |      0 |     0 |    +0.0% |   -1.040 |    -1981.8 |   2368 | ng0_0/_8_/D
    1087* |       0 |       4 |        0 |      0 |     0 |    +0.0% |   -1.040 |    -1981.8 |   2368 | ng0_0/_8_/D
    1090* |       0 |       4 |        0 |      0 |     2 |    +0.0% |   -1.133 |    -1981.8 |   2368 | ng3_1/_8_/D
    1090* |       0 |       4 |        0 |      0 |     0 |    +0.0% |   -1.040 |    -1981.8 |   2368 | ng0_0/_8_/D
    1093* |       0 |       4 |        0 |      0 |     0 |    +0.0% |   -1.040 |    -1981.8 |   2368 | ng0_0/_8_/D
    1096* |       0 |       4 |        0 |      0 |     0 |    +0.0% |   -1.040 |    -1981.8 |   2368 | ng0_0/_8_/D
    1099* |       0 |       4 |        0 |      0 |     0 |    +0.0% |   -1.040 |    -1981.8 |   2368 | ng0_0/_8_/D
    1100* |       0 |       4 |        0 |      0 |     0 |    +0.0% |   -1.040 |    -1981.8 |   2368 | ng0_0/_8_/D
    1100* |       0 |       4 |        0 |      0 |     0 |    +0.0% |   -1.040 |    -1981.8 |   2368 | ng0_0/_8_/D
    1103* |       0 |       4 |        0 |      0 |     0 |    +0.0% |   -1.040 |    -1981.8 |   2368 | ng0_0/_8_/D
    1106* |       0 |       4 |        0 |      0 |     0 |    +0.0% |   -1.040 |    -1981.8 |   2368 | ng0_0/_8_/D
    1109* |       0 |       4 |        0 |      0 |     0 |    +0.0% |   -1.040 |    -1981.8 |   2368 | ng0_0/_8_/D
    1110* |       0 |       4 |        0 |      0 |     0 |    +0.0% |   -1.040 |    -1981.8 |   2368 | ng0_0/_8_/D
    1112* |       0 |       4 |        0 |      0 |     0 |    +0.0% |   -1.040 |    -1981.8 |   2368 | ng0_0/_8_/D
    1115* |       0 |       4 |        0 |      0 |     0 |    +0.0% |   -1.040 |    -1981.8 |   2368 | ng0_0/_8_/D
    1118* |       0 |       4 |        0 |      0 |     0 |    +0.0% |   -1.040 |    -1981.8 |   2368 | ng0_0/_8_/D
    1120* |       0 |       4 |        0 |      0 |     1 |    +0.0% |   -1.114 |    -1981.8 |   2368 | ng3_2/_8_/D
    1121* |       0 |       4 |        0 |      0 |     0 |    +0.0% |   -1.040 |    -1981.8 |   2368 | ng0_0/_8_/D
    1124* |       0 |       4 |        0 |      0 |     0 |    +0.0% |   -1.040 |    -1981.8 |   2368 | ng0_0/_8_/D
    1127* |       0 |       4 |        0 |      0 |     0 |    +0.0% |   -1.040 |    -1981.8 |   2368 | ng0_0/_8_/D
    1130* |       0 |       4 |        0 |      0 |     2 |    +0.0% |   -1.133 |    -1981.8 |   2368 | ng3_22/_8_/D
    1130* |       0 |       4 |        0 |      0 |     0 |    +0.0% |   -1.040 |    -1981.8 |   2368 | ng0_0/_8_/D
    1133* |       0 |       4 |        0 |      0 |     0 |    +0.0% |   -1.040 |    -1981.8 |   2368 | ng0_0/_8_/D
    1136* |       0 |       4 |        0 |      0 |     0 |    +0.0% |   -1.040 |    -1981.8 |   2368 | ng0_0/_8_/D
    1139* |       0 |       4 |        0 |      0 |     0 |    +0.0% |   -1.040 |    -1981.8 |   2368 | ng0_0/_8_/D
    1140* |       0 |       4 |        0 |      0 |     0 |    +0.0% |   -1.040 |    -1981.8 |   2368 | ng0_0/_8_/D
    1142* |       0 |       4 |        0 |      0 |     0 |    +0.0% |   -1.040 |    -1981.8 |   2368 | ng0_0/_8_/D
    1145* |       0 |       4 |        0 |      0 |     0 |    +0.0% |   -1.040 |    -1981.8 |   2368 | ng0_0/_8_/D
    1148* |       0 |       4 |        0 |      0 |     0 |    +0.0% |   -1.040 |    -1981.8 |   2368 | ng0_0/_8_/D
    1150* |       0 |       4 |        0 |      0 |     1 |    +0.0% |   -1.114 |    -1981.8 |   2368 | ng3_29/_8_/D
    1151* |       0 |       4 |        0 |      0 |     0 |    +0.0% |   -1.040 |    -1981.8 |   2368 | ng0_0/_8_/D
    1154* |       0 |       4 |        0 |      0 |     0 |    +0.0% |   -1.040 |    -1981.8 |   2368 | ng0_0/_8_/D
    1157* |       0 |       4 |        0 |      0 |     0 |    +0.0% |   -1.040 |    -1981.8 |   2368 | ng0_0/_8_/D
    1160* |       0 |       4 |        0 |      0 |     2 |    +0.0% |   -1.133 |    -1981.8 |   2368 | ng3_31/_8_/D
    1160* |       0 |       4 |        0 |      0 |     0 |    +0.0% |   -1.040 |    -1981.8 |   2368 | ng0_0/_8_/D
    1163* |       0 |       4 |        0 |      0 |     0 |    +0.0% |   -1.040 |    -1981.8 |   2368 | ng0_0/_8_/D
    1166* |       0 |       4 |        0 |      0 |     0 |    +0.0% |   -1.040 |    -1981.8 |   2368 | ng0_0/_8_/D
    1169* |       0 |       4 |        0 |      0 |     0 |    +0.0% |   -1.040 |    -1981.8 |   2368 | ng0_0/_8_/D
    1170* |       0 |       4 |        0 |      0 |     0 |    +0.0% |   -1.040 |    -1981.8 |   2368 | ng0_0/_8_/D
    1172* |       0 |       4 |        0 |      0 |     0 |    +0.0% |   -1.040 |    -1981.8 |   2368 | ng0_0/_8_/D
    1175* |       0 |       4 |        0 |      0 |     0 |    +0.0% |   -1.040 |    -1981.8 |   2368 | ng0_0/_8_/D
    1178* |       0 |       4 |        0 |      0 |     0 |    +0.0% |   -1.040 |    -1981.8 |   2368 | ng0_0/_8_/D
    1180* |       0 |       4 |        0 |      0 |     1 |    +0.0% |   -1.114 |    -1981.8 |   2368 | ng3_38/_8_/D
    1181* |       0 |       4 |        0 |      0 |     0 |    +0.0% |   -1.040 |    -1981.8 |   2368 | ng0_0/_8_/D
    1184* |       0 |       4 |        0 |      0 |     0 |    +0.0% |   -1.040 |    -1981.8 |   2368 | ng0_0/_8_/D
    1187* |       0 |       4 |        0 |      0 |     0 |    +0.0% |   -1.040 |    -1981.8 |   2368 | ng0_0/_8_/D
    1190* |       0 |       4 |        0 |      0 |     2 |    +0.0% |   -1.133 |    -1981.8 |   2368 | ng3_5/_8_/D
    1190* |       0 |       4 |        0 |      0 |     0 |    +0.0% |   -1.040 |    -1981.8 |   2368 | ng0_0/_8_/D
    1193* |       0 |       4 |        0 |      0 |     0 |    +0.0% |   -1.040 |    -1981.8 |   2368 | ng0_0/_8_/D
    1196* |       0 |       4 |        0 |      0 |     0 |    +0.0% |   -1.040 |    -1981.8 |   2368 | ng0_0/_8_/D
    1199* |       0 |       4 |        0 |      0 |     0 |    +0.0% |   -1.040 |    -1981.8 |   2368 | ng0_0/_8_/D
    1200* |       0 |       4 |        0 |      0 |     0 |    +0.0% |   -1.040 |    -1981.8 |   2368 | ng0_0/_8_/D
    1200* |       0 |       4 |        0 |      0 |     0 |    +0.0% |   -1.040 |    -1981.8 |   2368 | ng0_0/_8_/D
    1200* |       0 |       4 |        0 |      0 |     0 |    +0.0% |   -1.040 |    -1981.8 |   2368 | ng0_0/_8_/D
    final |       0 |       4 |        0 |      0 |     0 |    +0.0% |   -1.040 |    -1981.8 |   2368 | ng0_0/_8_/D
------------------------------------------------------------------------------------------------------------------------------
[INFO RSZ-0051] Resized 4 instances: 4 up, 0 up match, 0 down, 0 VT
[WARNING RSZ-0062] Unable to repair all setup violations.
[INFO RSZ-0505] Runtime: 135.53s
Took 135 seconds: repair_timing -setup_margin 0 -hold_margin 0 -repair_tns 100 -match_cell_footprint -setup -skip_last_gasp -sequence unbuffer,sizeup,swap,vt_swap -verbose
Default units for flow
 time 1ns
 capacitance 1pF
 resistance 1kohm
 voltage 1v
 current 1mA
 power 1nW
 distance 1um
   Layer   | Unit Resistance | Unit Capacitance 
           |       (kohm/um) |          (pF/um)
------------------------------------------------
       li1 |        7.18e-02 |         1.50e-04
      met1 |        1.21e-03 |         1.72e-04
      met2 |        1.22e-03 |         1.36e-04
      met3 |        1.66e-04 |         2.15e-04
      met4 |        1.68e-04 |         1.48e-04
      met5 |        1.84e-05 |         1.54e-04
------------------------------------------------

   Layer   | Via Resistance 
           |         (kohm) 
----------------------------
      mcon |       9.25e-03 
       via |       4.50e-03 
      via2 |       3.37e-03 
      via3 |       3.77e-04 
      via4 |       5.80e-06 
----------------------------
Report metrics stage 2, floorplan final...

==========================================================================
floorplan final report_design_area
--------------------------------------------------------------------------
Design area 188576 um^2 60% utilization.
write_db /work/orfs/results/sky130hd/s_ubp4_n64_u60/base/2_1_floorplan.odb
write_sdc -no_timestamp /work/orfs/results/sky130hd/s_ubp4_n64_u60/base/2_1_floorplan.sdc
Elapsed time: 2:18.24[h:]min:sec. CPU time: user 75.27 sys 0.99 (55%). Peak memory: 187332KB.
Log                       Ext     Elapsed/s Peak Memory/MB sha1sum result [0:20)
2_1_floorplan             .odb          138            182 4b5edf4b13c4f8ede31b
2_1_floorplan             .sdc                             c9b52a36521419161edd
/OpenROAD-flow-scripts/flow/scripts/flow.sh 2_2_floorplan_macro macro_place
Running macro_place.tcl, stage 2_2_floorplan_macro
read_liberty /OpenROAD-flow-scripts/flow/platforms/sky130hd/lib/sky130_fd_sc_hd__tt_025C_1v80.lib
read_db /work/orfs/results/sky130hd/s_ubp4_n64_u60/base/2_1_floorplan.odb
read_sdc /work/orfs/results/sky130hd/s_ubp4_n64_u60/base/2_1_floorplan.sdc
source /OpenROAD-flow-scripts/flow/platforms/sky130hd/setRC.tcl
No macros found: Skipping macro_placement
Design area 188576 um^2 60% utilization.
write_db /work/orfs/results/sky130hd/s_ubp4_n64_u60/base/2_2_floorplan_macro.odb
Elapsed time: 0:00.92[h:]min:sec. CPU time: user 0.48 sys 0.06 (59%). Peak memory: 121488KB.
Log                       Ext     Elapsed/s Peak Memory/MB sha1sum result [0:20)
2_2_floorplan_macro       .odb            0            118 4b5edf4b13c4f8ede31b
/OpenROAD-flow-scripts/flow/scripts/flow.sh 2_3_floorplan_tapcell tapcell
Running tapcell.tcl, stage 2_3_floorplan_tapcell
read_liberty /OpenROAD-flow-scripts/flow/platforms/sky130hd/lib/sky130_fd_sc_hd__tt_025C_1v80.lib
read_db /work/orfs/results/sky130hd/s_ubp4_n64_u60/base/2_2_floorplan_macro.odb
read_sdc /work/orfs/results/sky130hd/s_ubp4_n64_u60/base/2_1_floorplan.sdc
source /OpenROAD-flow-scripts/flow/platforms/sky130hd/setRC.tcl
[INFO TAP-0005] Inserted 4140 tapcells.
Design area 193756 um^2 62% utilization.
write_db /work/orfs/results/sky130hd/s_ubp4_n64_u60/base/2_3_floorplan_tapcell.odb
Elapsed time: 0:01.37[h:]min:sec. CPU time: user 0.52 sys 0.09 (44%). Peak memory: 122144KB.
Log                       Ext     Elapsed/s Peak Memory/MB sha1sum result [0:20)
2_3_floorplan_tapcell     .odb            1            119 35b9c8c9c3f5833ce56b
/OpenROAD-flow-scripts/flow/scripts/flow.sh 2_4_floorplan_pdn pdn
Running pdn.tcl, stage 2_4_floorplan_pdn
read_liberty /OpenROAD-flow-scripts/flow/platforms/sky130hd/lib/sky130_fd_sc_hd__tt_025C_1v80.lib
read_db /work/orfs/results/sky130hd/s_ubp4_n64_u60/base/2_3_floorplan_tapcell.odb
read_sdc /work/orfs/results/sky130hd/s_ubp4_n64_u60/base/2_1_floorplan.sdc
source /OpenROAD-flow-scripts/flow/platforms/sky130hd/setRC.tcl
[WARNING PDN-1051] No instances found for grid (CORE_macro_grid_1).
[WARNING PDN-1051] No instances found for grid (CORE_macro_grid_2).
[INFO PDN-0001] Inserting grid: grid
[INFO PDN-0500] Runtime: 0.23s
Design area 193756 um^2 62% utilization.
write_db /work/orfs/results/sky130hd/s_ubp4_n64_u60/base/2_4_floorplan_pdn.odb
Elapsed time: 0:01.61[h:]min:sec. CPU time: user 0.79 sys 0.11 (56%). Peak memory: 132832KB.
Log                       Ext     Elapsed/s Peak Memory/MB sha1sum result [0:20)
2_4_floorplan_pdn         .odb            1            129 47fa6b5ee3b6f523972c
cp /work/orfs/results/sky130hd/s_ubp4_n64_u60/base/2_4_floorplan_pdn.odb /work/orfs/results/sky130hd/s_ubp4_n64_u60/base/2_floorplan.odb
cp /work/orfs/results/sky130hd/s_ubp4_n64_u60/base/2_1_floorplan.sdc /work/orfs/results/sky130hd/s_ubp4_n64_u60/base/2_floorplan.sdc
/OpenROAD-flow-scripts/flow/scripts/flow.sh 3_1_place_gp_skip_io global_place_skip_io
Running global_place_skip_io.tcl, stage 3_1_place_gp_skip_io
read_liberty /OpenROAD-flow-scripts/flow/platforms/sky130hd/lib/sky130_fd_sc_hd__tt_025C_1v80.lib
read_db /work/orfs/results/sky130hd/s_ubp4_n64_u60/base/2_floorplan.odb
read_sdc /work/orfs/results/sky130hd/s_ubp4_n64_u60/base/2_floorplan.sdc
source /OpenROAD-flow-scripts/flow/platforms/sky130hd/setRC.tcl
global_placement -skip_io -density 0.6 -pad_left 0 -pad_right 0
[INFO GPL-0001] ---- Initialize GPL Main Data Structures
[INFO GPL-0002] DBU: 1000
[INFO GPL-0003] SiteSize: (  0.460  2.720 ) um
[INFO GPL-0004] CoreBBox: (  2.300  2.720 ) ( 562.120 560.320 ) um
[INFO GPL-0016] Core area:                  312155.632 um^2
[INFO GPL-0036] Movable instances area:     188575.859 um^2
[INFO GPL-0037] Total instances area:       193755.827 um^2
[INFO GPL-0035] Pin density area adjust:      5490.201 um^2
[INFO GPL-0032] ---- Initialize Region: Top-level
[INFO GPL-0006] Number of instances:             17621
[INFO GPL-0007] Movable instances:               13481
[INFO GPL-0008] Fixed instances:                  4140
[INFO GPL-0009] Dummy instances:                     0
[INFO GPL-0010] Number of nets:                  13547
[INFO GPL-0011] Number of pins:                  42871
[INFO GPL-0012] Die BBox:       (  0.000  0.000 ) ( 564.425 564.425 ) um
[INFO GPL-0013] Placement BBox: (  2.300  2.720 ) ( 562.120 560.320 ) um
[INFO GPL-0014] Region name: top-level.
[INFO GPL-0015] Region area:                312155.632 um^2
[INFO GPL-0017] Fixed instances area:         5179.968 um^2
[INFO GPL-0018] Movable instances area:     194066.060 um^2
[INFO GPL-0019] Utilization:                    63.219 %
[INFO GPL-0020] Standard cells area:        194066.060 um^2
[INFO GPL-0021] Large instances area:            0.000 um^2
[INFO GPL-0005] ---- Execute Conjugate Gradient Initial Placement.
[INFO GPL-0051] Source of initial instance position counters:
	Odb location = 0	Core center = 13481	Region center = 0
[INFO GPL-0033] ---- Initialize Nesterov Region: Top-level
[WARNING GPL-0302] Target density 0.6000 is too low for the available free area.
Automatically adjusting to uniform density 0.6400.
[INFO GPL-0023] Placement target density:       0.6400
[INFO GPL-0024] Movable insts average area:     14.396 um^2
[INFO GPL-0025] Ideal bin area:                 22.493 um^2
[INFO GPL-0026] Ideal bin count:                 13877
[INFO GPL-0027] Total bin area:             312155.632 um^2
[INFO GPL-0028] Bin count (X, Y):          64 ,     64
[INFO GPL-0029] Bin size (W * H):       8.747 *  8.713 um
[INFO GPL-0030] Number of bins:                   4096
[INFO GPL-0084] ---- Execute Nesterov Global Placement.
[INFO GPL-0031] HPWL: Half-Perimeter Wirelength
Iteration | Overflow |     HPWL (um) |  HPWL(%) |   Penalty | Group
---------------------------------------------------------------
        0 |   0.9989 |  4.291358e+04 |   +0.00% |  2.99e-15 |      
       10 |   0.9979 |  3.354934e+04 |  -21.82% |  4.88e-15 |      
       20 |   0.9976 |  2.959487e+04 |  -11.79% |  7.94e-15 |      
       30 |   0.9971 |  2.781811e+04 |   -6.00% |  1.29e-14 |      
       40 |   0.9971 |  2.727781e+04 |   -1.94% |  2.11e-14 |      
       50 |   0.9964 |  2.723893e+04 |   -0.14% |  3.43e-14 |      
       60 |   0.9964 |  2.734960e+04 |   +0.41% |  5.59e-14 |      
       70 |   0.9964 |  2.783710e+04 |   +1.78% |  9.11e-14 |      
       80 |   0.9964 |  2.875003e+04 |   +3.28% |  1.48e-13 |      
       90 |   0.9963 |  3.046415e+04 |   +5.96% |  2.42e-13 |      
      100 |   0.9954 |  3.369699e+04 |  +10.61% |  3.93e-13 |      
      110 |   0.9924 |  3.929732e+04 |  +16.62% |  6.41e-13 |      
      120 |   0.9877 |  4.819742e+04 |  +22.65% |  1.04e-12 |      
      130 |   0.9746 |  6.320165e+04 |  +31.13% |  1.70e-12 |      
      140 |   0.9505 |  8.125234e+04 |  +28.56% |  2.76e-12 |      
      150 |   0.9189 |  9.607978e+04 |  +18.25% |  4.48e-12 |      
      160 |   0.8886 |  1.076901e+05 |  +12.08% |  7.29e-12 |      
      170 |   0.8576 |  1.190362e+05 |  +10.54% |  1.19e-11 |      
      180 |   0.8195 |  1.328691e+05 |  +11.62% |  1.93e-11 |      
      190 |   0.7690 |  1.486561e+05 |  +11.88% |  3.14e-11 |      
      200 |   0.7182 |  1.634775e+05 |   +9.97% |  5.10e-11 |      
      210 |   0.6700 |  1.764233e+05 |   +7.92% |  8.30e-11 |      
      220 |   0.6297 |  1.887678e+05 |   +7.00% |  1.35e-10 |      
      230 |   0.5800 |  2.028057e+05 |   +7.44% |  2.20e-10 |      
      240 |   0.5175 |  2.164589e+05 |   +6.73% |  3.57e-10 |      
      250 |   0.4678 |  2.253587e+05 |   +4.11% |  5.81e-10 |      
      260 |   0.4139 |  2.305618e+05 |   +2.31% |  9.46e-10 |      
      270 |   0.3606 |  2.391275e+05 |   +3.72% |  1.54e-09 |      
      280 |   0.3118 |  2.509424e+05 |   +4.94% |  2.36e-09 |      
      290 |   0.2861 |  2.512044e+05 |   +0.10% |  3.47e-09 |      
      300 |   0.2646 |  2.471403e+05 |   -1.62% |  5.12e-09 |      
      310 |   0.2470 |  2.424631e+05 |   -1.89% |  7.54e-09 |      
      320 |   0.2282 |  2.444168e+05 |   +0.81% |  1.11e-08 |      
      330 |   0.2090 |  2.433196e+05 |   -0.45% |  1.64e-08 |      
      340 |   0.1878 |  2.399392e+05 |   -1.39% |  2.41e-08 |      
      350 |   0.1699 |  2.398371e+05 |   -0.04% |  3.55e-08 |      
      360 |   0.1527 |  2.375648e+05 |   -0.95% |  5.23e-08 |      
      370 |   0.1346 |  2.365942e+05 |   -0.41% |  7.70e-08 |      
      380 |   0.1189 |  2.354017e+05 |   -0.50% |  1.13e-07 |      
      390 |   0.1025 |  2.346436e+05 |   -0.32% |  1.67e-07 |      
      392 |   0.0997 |  2.344919e+05 |          |  1.88e-07 |      
---------------------------------------------------------------
[INFO GPL-1001] Global placement finished at iteration 392
[INFO GPL-1002] Placed Cell Area            194066.0601
[INFO GPL-1003] Available Free Area         306975.6640
[INFO GPL-1004] Minimum Feasible Density        0.6400 (cell_area / free_area)
[INFO GPL-1006]   Suggested Target Densities:
[INFO GPL-1007]     - For 90% usage of free space: 0.7024
[INFO GPL-1008]     - For 80% usage of free space: 0.7902
[INFO GPL-1014] Final placement area: 194066.06 (+0.00%)
[INFO GPL-1018] Final HPWL (um): 235295.70
Design area 193756 um^2 62% utilization.
write_db /work/orfs/results/sky130hd/s_ubp4_n64_u60/base/3_1_place_gp_skip_io.odb
Elapsed time: 0:05.35[h:]min:sec. CPU time: user 2.79 sys 0.33 (58%). Peak memory: 149044KB.
Log                       Ext     Elapsed/s Peak Memory/MB sha1sum result [0:20)
3_1_place_gp_skip_io      .odb            5            145 6117b29dc6533f81f0eb
/OpenROAD-flow-scripts/flow/scripts/flow.sh 3_2_place_iop io_placement
Running io_placement.tcl, stage 3_2_place_iop
read_liberty /OpenROAD-flow-scripts/flow/platforms/sky130hd/lib/sky130_fd_sc_hd__tt_025C_1v80.lib
read_db /work/orfs/results/sky130hd/s_ubp4_n64_u60/base/3_1_place_gp_skip_io.odb
read_sdc /work/orfs/results/sky130hd/s_ubp4_n64_u60/base/2_floorplan.sdc
source /OpenROAD-flow-scripts/flow/platforms/sky130hd/setRC.tcl
place_pins -hor_layers met3 -ver_layers met2
Found 0 macro blocks.
Using 2 tracks default min distance between IO pins.
[INFO PPL-0001] Number of available slots 2046
[INFO PPL-0002] Number of I/O             130
[INFO PPL-0003] Number of I/O w/sink      130
[INFO PPL-0004] Number of I/O w/o sink    0
[INFO PPL-0005] Slots per section         200
[INFO PPL-0008] Successfully assigned pins to sections.
[INFO PPL-0012] I/O nets HPWL: 20971.06 um.
Design area 193756 um^2 62% utilization.
write_db /work/orfs/results/sky130hd/s_ubp4_n64_u60/base/3_2_place_iop.odb
Elapsed time: 0:00.82[h:]min:sec. CPU time: user 0.49 sys 0.06 (67%). Peak memory: 127312KB.
Log                       Ext     Elapsed/s Peak Memory/MB sha1sum result [0:20)
3_2_place_iop             .odb            0            124 82148b7fbf0b6de2c230
/OpenROAD-flow-scripts/flow/scripts/flow.sh 3_3_place_gp global_place
Running global_place.tcl, stage 3_3_place_gp
read_liberty /OpenROAD-flow-scripts/flow/platforms/sky130hd/lib/sky130_fd_sc_hd__tt_025C_1v80.lib
read_db /work/orfs/results/sky130hd/s_ubp4_n64_u60/base/3_2_place_iop.odb
read_sdc /work/orfs/results/sky130hd/s_ubp4_n64_u60/base/2_floorplan.sdc
source /OpenROAD-flow-scripts/flow/platforms/sky130hd/setRC.tcl
[INFO RSZ-0026] Removed 0 buffers.
Perform port buffering...
[INFO RSZ-0027] Inserted 65 sky130_fd_sc_hd__clkdlybuf4s50_1 input buffers.
[INFO RSZ-0028] Inserted 64 sky130_fd_sc_hd__clkdlybuf4s50_1 output buffers.
global_placement -density 0.6 -pad_left 0 -pad_right 0 -routability_driven -timing_driven -force_center_initial_place -min_phi_coef 0.95 -max_phi_coef 1.05
[INFO GPL-0001] ---- Initialize GPL Main Data Structures
[INFO GPL-0002] DBU: 1000
[INFO GPL-0003] SiteSize: (  0.460  2.720 ) um
[INFO GPL-0004] CoreBBox: (  2.300  2.720 ) ( 562.120 560.320 ) um
[INFO GPL-0016] Core area:                  312155.632 um^2
[INFO GPL-0036] Movable instances area:     189867.098 um^2
[INFO GPL-0037] Total instances area:       195047.066 um^2
[INFO GPL-0035] Pin density area adjust:      5490.201 um^2
[INFO GPL-0032] ---- Initialize Region: Top-level
[INFO GPL-0006] Number of instances:             17750
[INFO GPL-0007] Movable instances:               13610
[INFO GPL-0008] Fixed instances:                  4140
[INFO GPL-0009] Dummy instances:                     0
[INFO GPL-0010] Number of nets:                  13676
[INFO GPL-0011] Number of pins:                  43259
[INFO GPL-0012] Die BBox:       (  0.000  0.000 ) ( 564.425 564.425 ) um
[INFO GPL-0013] Placement BBox: (  2.300  2.720 ) ( 562.120 560.320 ) um
[INFO GPL-0014] Region name: top-level.
[INFO GPL-0015] Region area:                312155.632 um^2
[INFO GPL-0017] Fixed instances area:         5179.968 um^2
[INFO GPL-0018] Movable instances area:     195357.298 um^2
[INFO GPL-0019] Utilization:                    63.639 %
[INFO GPL-0020] Standard cells area:        195357.298 um^2
[INFO GPL-0021] Large instances area:            0.000 um^2
[INFO GPL-0005] ---- Execute Conjugate Gradient Initial Placement.
[INFO GPL-0051] Source of initial instance position counters:
	Odb location = 0	Core center = 13610	Region center = 0
[InitialPlace]  Iter: 1 conjugate gradient residual: 0.00015083 HPWL: 367122621
[InitialPlace]  Iter: 2 conjugate gradient residual: 0.00005036 HPWL: 198584678
[InitialPlace]  Iter: 3 conjugate gradient residual: 0.00002886 HPWL: 199601192
[InitialPlace]  Iter: 4 conjugate gradient residual: 0.00003677 HPWL: 200001716
[InitialPlace]  Iter: 5 conjugate gradient residual: 0.00001886 HPWL: 200285687
[InitialPlace]  Iter: 6 conjugate gradient residual: 0.00002003 HPWL: 200586177
[InitialPlace]  Iter: 7 conjugate gradient residual: 0.00002258 HPWL: 200755055
[InitialPlace]  Iter: 8 conjugate gradient residual: 0.00001571 HPWL: 200932489
[InitialPlace]  Iter: 9 conjugate gradient residual: 0.00001139 HPWL: 201001615
[InitialPlace]  Iter: 10 conjugate gradient residual: 0.00001591 HPWL: 201101906
[InitialPlace]  Iter: 11 conjugate gradient residual: 0.00001293 HPWL: 201162778
[InitialPlace]  Iter: 12 conjugate gradient residual: 0.00000980 HPWL: 201272210
[INFO GPL-0033] ---- Initialize Nesterov Region: Top-level
[WARNING GPL-0302] Target density 0.6000 is too low for the available free area.
Automatically adjusting to uniform density 0.6400.
[INFO GPL-0023] Placement target density:       0.6400
[INFO GPL-0024] Movable insts average area:     14.354 um^2
[INFO GPL-0025] Ideal bin area:                 22.428 um^2
[INFO GPL-0026] Ideal bin count:                 13918
[INFO GPL-0027] Total bin area:             312155.632 um^2
[INFO GPL-0028] Bin count (X, Y):          64 ,     64
[INFO GPL-0029] Bin size (W * H):       8.747 *  8.713 um
[INFO GPL-0030] Number of bins:                   4096
[INFO GPL-0084] ---- Execute Nesterov Global Placement.
[INFO GPL-0031] HPWL: Half-Perimeter Wirelength
Iteration | Overflow |     HPWL (um) |  HPWL(%) |   Penalty | Group
---------------------------------------------------------------
        0 |   0.9882 |  7.670560e+04 |   +0.00% |  3.40e-16 |      
       10 |   0.9514 |  9.898643e+04 |  +29.05% |  5.52e-16 |      
       20 |   0.9234 |  1.169100e+05 |  +18.11% |  8.97e-16 |      
       30 |   0.9046 |  1.286567e+05 |  +10.05% |  1.46e-15 |      
       40 |   0.8902 |  1.335114e+05 |   +3.77% |  2.38e-15 |      
       50 |   0.8820 |  1.349374e+05 |   +1.07% |  3.87e-15 |      
       60 |   0.8752 |  1.355504e+05 |   +0.45% |  6.30e-15 |      
       70 |   0.8719 |  1.362188e+05 |   +0.49% |  1.03e-14 |      
       80 |   0.8711 |  1.365076e+05 |   +0.21% |  1.67e-14 |      
       90 |   0.8724 |  1.365044e+05 |   -0.00% |  2.72e-14 |      
      100 |   0.8740 |  1.363779e+05 |   -0.09% |  4.44e-14 |      
      110 |   0.8748 |  1.363095e+05 |   -0.05% |  7.23e-14 |      
      120 |   0.8750 |  1.363161e+05 |   +0.00% |  1.18e-13 |      
      130 |   0.8746 |  1.363428e+05 |   +0.02% |  1.92e-13 |      
      140 |   0.8735 |  1.364887e+05 |   +0.11% |  3.12e-13 |      
      150 |   0.8717 |  1.370421e+05 |   +0.41% |  5.09e-13 |      
      160 |   0.8686 |  1.382999e+05 |   +0.92% |  8.29e-13 |      
      170 |   0.8643 |  1.405156e+05 |   +1.60% |  1.35e-12 |      
      180 |   0.8574 |  1.440234e+05 |   +2.50% |  2.20e-12 |      
      190 |   0.8464 |  1.490927e+05 |   +3.52% |  3.58e-12 |      
      200 |   0.8291 |  1.558397e+05 |   +4.53% |  5.82e-12 |      
      210 |   0.8071 |  1.641838e+05 |   +5.35% |  9.48e-12 |      
      220 |   0.7794 |  1.738693e+05 |   +5.90% |  1.54e-11 |      
      230 |   0.7454 |  1.844355e+05 |   +6.08% |  2.51e-11 |      
      240 |   0.7051 |  1.953660e+05 |   +5.93% |  4.08e-11 |      
      250 |   0.6609 |  2.060938e+05 |   +5.49% |  6.64e-11 |      
[INFO GPL-0100] Timing-driven iteration 1/2, virtual: false.
[INFO GPL-0101]    Iter: 258, overflow: 0.630, keep resizer changes at: 1, HPWL: 213187814
Iteration |   Area    | Resized | Buffers | Nets repaired | Remaining
---------------------------------------------------------------------
        0 |     +0.0% |       0 |       0 |             0 |     13710
    final |     +0.1% |      26 |      34 |             3 |         0
---------------------------------------------------------------------
[INFO RSZ-0034] Found 3 slew violations.
[INFO RSZ-0035] Found 3 fanout violations.
[INFO RSZ-0039] Resized 26 instances.
[INFO RSZ-0038] Inserted 34 buffers in 3 nets.
   Iter   |    Area   | Removed | Inserted |   Pins
          |           | Buffers | Buffers  | Remaining
-------------------------------------------------------
        0 |     +0.0% |       0 |        0 |     13576
     1300 |     +0.0% |       0 |        0 |     12276
     2600 |     +0.0% |       0 |        0 |     10976
     3900 |     +0.0% |       0 |        0 |      9676
     5200 |     +0.5% |       0 |      128 |      8376
     6500 |     +1.0% |       0 |      260 |      7076
     7800 |     +1.3% |      29 |      331 |      5776
     9100 |     +1.3% |      29 |      331 |      4476
    10400 |     +1.3% |      29 |      331 |      3176
    11700 |     +1.3% |      29 |      331 |      1876
    13000 |     +1.3% |      29 |      331 |       576
    final |     +1.3% |      34 |      340 |         0
-------------------------------------------------------
[INFO GPL-0106] Timing-driven: worst slack 1.2344563e-09
[INFO GPL-0107] Timing-driven: repair_design delta area: 2760.147 um^2 (+1.41%)
[INFO GPL-0108] Timing-driven: repair_design, gpl delta gcells: 340 (+2.50%)
[INFO GPL-0109] Timing-driven: repair_design, gcells created: 374, deleted: 34
[INFO GPL-0110] Timing-driven: new target density: 0.6489914
Iteration | Overflow |     HPWL (um) |  HPWL(%) |   Penalty | Group
---------------------------------------------------------------
      260 |   0.6185 |  2.286841e+05 |  +10.96% |  1.08e-10 |      
[INFO GPL-0038] Routability snapshot saved at iter = 267
      266 |   0.5999 |  2.348159e+05 |          |           |      
      270 |   0.5922 |  2.376499e+05 |   +3.92% |  1.76e-10 |      
      280 |   0.5693 |  2.450567e+05 |   +3.12% |  2.86e-10 |      
      290 |   0.5256 |  2.547509e+05 |   +3.96% |  4.65e-10 |      
      300 |   0.4622 |  2.629913e+05 |   +3.23% |  7.57e-10 |      
      310 |   0.3934 |  2.673736e+05 |   +1.67% |  1.23e-09 |      
      320 |   0.3409 |  2.703963e+05 |   +1.13% |  1.99e-09 |      
      330 |   0.3147 |  2.747918e+05 |   +1.63% |  2.92e-09 |      
[INFO GPL-0040] Routability iteration: 1
[WARNING GRT-0281] Net clk has a large fanout of 6056 terminals.
[INFO GPL-0088] Tiles the placer can act on: 4143 of 6561 (63.15%)
[INFO GPL-0041] Total routing overflow: 1.1885
[INFO GPL-0042] Number of overflowed tiles: 11 (0.27%)
[INFO GPL-0043] Average top 0.5% routing congestion: 1.0279
[INFO GPL-0044] Average top 1.0% routing congestion: 0.9355
[INFO GPL-0045] Average top 2.0% routing congestion: 0.8464
[INFO GPL-0046] Average top 5.0% routing congestion: 0.7391
[INFO GPL-0047] Routability iteration weighted routing congestion: 0.9817
[INFO GPL-0050] Weighted routing congestion is lower than target routing congestion(1.0100), end routability optimization.
[INFO GPL-0090] Routability finished. Target routing congestion achieved succesfully.
Iteration | Overflow |     HPWL (um) |  HPWL(%) |   Penalty | Group
---------------------------------------------------------------
      340 |   0.2891 |  2.778879e+05 |   +1.13% |  4.31e-09 |      
      350 |   0.2592 |  2.771234e+05 |   -0.28% |  6.34e-09 |      
      360 |   0.2386 |  2.720753e+05 |   -1.82% |  9.35e-09 |      
      370 |   0.2273 |  2.685705e+05 |   -1.29% |  1.38e-08 |      
      380 |   0.2020 |  2.714657e+05 |   +1.08% |  2.03e-08 |      
[INFO GPL-0100] Timing-driven iteration 2/2, virtual: false.
[INFO GPL-0101]    Iter: 385, overflow: 0.194, keep resizer changes at: 1, HPWL: 272457170
Iteration |   Area    | Resized | Buffers | Nets repaired | Remaining
---------------------------------------------------------------------
        0 |     +0.0% |       0 |       0 |             0 |     14050
    final |     +0.0% |       0 |       0 |             0 |         0
---------------------------------------------------------------------
   Iter   |    Area   | Removed | Inserted |   Pins
          |           | Buffers | Buffers  | Remaining
-------------------------------------------------------
        0 |     +0.0% |       0 |        0 |     13576
     1300 |     +0.0% |       0 |        0 |     12276
     2600 |     +0.0% |       0 |        0 |     10976
     3900 |     +0.0% |       0 |        1 |      9676
     5200 |     -0.5% |     128 |        1 |      8376
     6500 |     -1.0% |     260 |        1 |      7076
     7800 |     -1.0% |     331 |       64 |      5776
     9100 |     -1.0% |     331 |       64 |      4476
    10400 |     -1.0% |     331 |       65 |      3176
    11700 |     -1.0% |     331 |       66 |      1876
    13000 |     -1.0% |     331 |       70 |       576
    final |     -0.9% |     340 |       81 |         0
-------------------------------------------------------
[INFO GPL-0106] Timing-driven: worst slack 1.0462453e-09
[INFO GPL-0107] Timing-driven: repair_design delta area: -1844.269 um^2 (-0.93%)
[INFO GPL-0108] Timing-driven: repair_design, gpl delta gcells: -259 (-1.86%)
[INFO GPL-0109] Timing-driven: repair_design, gcells created: 81, deleted: 340
[INFO GPL-0110] Timing-driven: new target density: 0.64298356
Iteration | Overflow |     HPWL (um) |  HPWL(%) |   Penalty | Group
---------------------------------------------------------------
      390 |   0.1791 |  2.740060e+05 |   +0.94% |  2.99e-08 |      
      400 |   0.1692 |  2.735223e+05 |   -0.18% |  4.40e-08 |      
      410 |   0.1514 |  2.719298e+05 |   -0.58% |  6.48e-08 |      
      420 |   0.1326 |  2.681119e+05 |   -1.40% |  9.55e-08 |      
      430 |   0.1159 |  2.673234e+05 |   -0.29% |  1.41e-07 |      
      440 |   0.0998 |  2.662377e+05 |   -0.41% |  2.07e-07 |      
      440 |   0.0998 |  2.662377e+05 |          |  2.15e-07 |      
---------------------------------------------------------------
[INFO GPL-1001] Global placement finished at iteration 440
[INFO GPL-1017] Routability mode iteration count: 70
[INFO GPL-1005] Routability final weighted congestion: 0.7537
[INFO GPL-1002] Placed Cell Area            196273.1769
[INFO GPL-1003] Available Free Area         306975.6640
[INFO GPL-1004] Minimum Feasible Density        0.6400 (cell_area / free_area)
[INFO GPL-1006]   Suggested Target Densities:
[INFO GPL-1007]     - For 90% usage of free space: 0.7104
[INFO GPL-1008]     - For 80% usage of free space: 0.7992
[INFO GPL-1011] Original area (um^2): 195357.30
[INFO GPL-1012] Total routability artificial inflation: 0.00 (+0.00%)
[INFO GPL-1013] Total timing-driven delta area: 915.88 (+0.47%)
[INFO GPL-1014] Final placement area: 196273.18 (+0.47%)
[INFO GPL-1018] Final HPWL (um): 267056.59
Took 22 seconds: global_placement -density 0.6 -pad_left 0 -pad_right 0 -routability_driven -timing_driven -force_center_initial_place -min_phi_coef 0.95 -max_phi_coef 1.05
estimate_parasitics -placement
Report metrics stage 3, global place...

==========================================================================
global place report_design_area
--------------------------------------------------------------------------
Design area 195963 um^2 63% utilization.
write_db /work/orfs/results/sky130hd/s_ubp4_n64_u60/base/3_3_place_gp.odb
Elapsed time: 0:27.59[h:]min:sec. CPU time: user 12.91 sys 1.52 (52%). Peak memory: 364108KB.
Log                       Ext     Elapsed/s Peak Memory/MB sha1sum result [0:20)
3_3_place_gp              .odb           27            355 11f9b008f7c7b44e1026
/OpenROAD-flow-scripts/flow/scripts/flow.sh 3_4_place_resized resize
Running resize.tcl, stage 3_4_place_resized
read_liberty /OpenROAD-flow-scripts/flow/platforms/sky130hd/lib/sky130_fd_sc_hd__tt_025C_1v80.lib
read_db /work/orfs/results/sky130hd/s_ubp4_n64_u60/base/3_3_place_gp.odb
read_sdc /work/orfs/results/sky130hd/s_ubp4_n64_u60/base/2_floorplan.sdc
source /OpenROAD-flow-scripts/flow/platforms/sky130hd/setRC.tcl
estimate_parasitics -placement
Perform buffer insertion and gate resizing...
repair_design -verbose -match_cell_footprint
Iteration |   Area    | Resized | Buffers | Nets repaired | Remaining
---------------------------------------------------------------------
        0 |     +0.0% |       0 |       0 |             0 |     13791
     1000 |     +0.0% |       0 |       0 |             0 |     12791
     2000 |     +0.0% |       0 |       0 |             0 |     11791
     3000 |     +0.0% |       0 |       0 |             0 |     10791
     4000 |     +0.0% |       0 |       0 |             0 |      9791
     5000 |     +0.0% |       0 |       0 |             0 |      8791
     6000 |     +0.0% |       0 |       0 |             0 |      7791
     7000 |     +0.0% |       0 |       0 |             0 |      6791
     8000 |     +0.0% |       0 |       0 |             0 |      5791
     9000 |     +0.0% |       0 |       0 |             0 |      4791
    10000 |     +0.0% |       0 |       0 |             0 |      3791
    11000 |     +0.0% |       0 |       0 |             0 |      2791
    12000 |     +0.0% |       0 |       0 |             0 |      1791
    13000 |     +0.0% |       0 |       0 |             0 |       791
    final |     +0.0% |       0 |       0 |             0 |         0
---------------------------------------------------------------------
[INFO RSZ-0504] Runtime: 1.45s
Floating nets: 
Report metrics stage 3, resizer...

==========================================================================
resizer report_design_area
--------------------------------------------------------------------------
Design area 195963 um^2 63% utilization.
Instance count before 17831, after 17831
Pin count before 43325, after 43325
write_db /work/orfs/results/sky130hd/s_ubp4_n64_u60/base/3_4_place_resized.odb
Elapsed time: 0:08.39[h:]min:sec. CPU time: user 5.24 sys 0.12 (63%). Peak memory: 194576KB.
Log                       Ext     Elapsed/s Peak Memory/MB sha1sum result [0:20)
3_4_place_resized         .odb            8            190 11f9b008f7c7b44e1026
/OpenROAD-flow-scripts/flow/scripts/flow.sh 3_5_place_dp detail_place
Running detail_place.tcl, stage 3_5_place_dp
read_liberty /OpenROAD-flow-scripts/flow/platforms/sky130hd/lib/sky130_fd_sc_hd__tt_025C_1v80.lib
read_db /work/orfs/results/sky130hd/s_ubp4_n64_u60/base/3_4_place_resized.odb
read_sdc /work/orfs/results/sky130hd/s_ubp4_n64_u60/base/2_floorplan.sdc
source /OpenROAD-flow-scripts/flow/platforms/sky130hd/setRC.tcl
detailed_placement
[INFO DPL-0006] Core area: 312155.63 um^2
[INFO DPL-0007] Movable instances area: 190782.98 um^2
[INFO DPL-0008] Fixed instances area within core: 5179.97 um^2
[INFO DPL-0009] Utilization: 62.8%
[INFO DPL-0005] Diamond search max displacement: +/- 500 sites horizontally, +/- 100 rows vertically.
[INFO DPL-1102] Legalizing using negotiation legalizer.
[INFO DPL-1103] Negotiation base search window: +/-20 sites horizontally, +/-5 rows vertically 
	Automatic search window extension enabled.
	Search window extendable up to the max displacement cap of +/-500 sites, +/-100 rows near walls.
[INFO DPL-1104] NegotiationLegalizer DRC penalty: 5.
[INFO DPL-0392] Negotiation cell height distribution (1 unique row-count(s)):
[INFO DPL-0393]   height 1 row(s): 17831 cells
          |      Total |  Illegal |  Illegal
Iteration | Violations |    Cells |    Sites
---------------------------------------------
        0 |      11876 |      2630 |      9123
        1 |         94 |        26 |        68
        2 |          0 |         0 |         0
Negotiation phase 1 converged at iteration 2.
[INFO DPL-0500] Runtime: 0.49s
Detailed Placement Analysis
---------------------------------
legalizer            negotiation
total moves               15020
total displacement      48808.9 u
average displacement        2.7 u
max displacement           16.4 u
original HPWL          267056.6 u
legalized HPWL         307412.3 u
delta HPWL                   15 %

improve_placement -max_displacement "5 1"
Detailed placement improvement.
[INFO DPL-0401] Setting random seed to 1.
[INFO DPL-0402] Setting maximum displacement 5 1 to 13600 2720 units.
[INFO DPL-0320] Collected 4270 fixed cells.
[INFO DPL-0318] Collected 13691 single height cells.
[INFO DPL-0321] Collected 0 wide cells.
[INFO DPL-0322] Image (2300, 2720) - (562120, 560320)
[INFO DPL-0310] Assigned 13691 cells into segments.  Movement in X-direction is 0.000000, movement in Y-direction is 0.000000.
[INFO DPL-0313] Found 0 cells in wrong regions.
[INFO DPL-0315] Found 0 row alignment problems.
[INFO DPL-0314] Found 0 site alignment problems.
[INFO DPL-0311] Found 0 overlaps between adjacent cells.
[INFO DPL-0312] Found 0 edge spacing violations and 0 padding violations.
[INFO DPL-0303] Running algorithm for independent set matching.
[INFO DPL-0300] Set matching objective is wirelength.
[INFO DPL-0301] Pass   1 of matching; objective is 3.074949e+08.
[INFO DPL-0302] End of matching; objective is 3.067567e+08, improvement is 0.24 percent.
[INFO DPL-0303] Running algorithm for global swaps.
[INFO DPL-0306] Pass   1 of global swaps; hpwl is 3.016842e+08.
[INFO DPL-0306] Pass   2 of global swaps; hpwl is 3.007846e+08.
[INFO DPL-0307] End of global swaps; objective is 3.007846e+08, improvement is 1.95 percent.
[INFO DPL-0303] Running algorithm for vertical swaps.
[INFO DPL-0308] Pass   1 of vertical swaps; hpwl is 2.996397e+08.
[INFO DPL-0309] End of vertical swaps; objective is 2.996397e+08, improvement is 0.38 percent.
[INFO DPL-0303] Running algorithm for reordering.
[INFO DPL-0304] Pass   1 of reordering; objective is 2.993021e+08.
[INFO DPL-0305] End of reordering; objective is 2.993021e+08, improvement is 0.11 percent.
[INFO DPL-0303] Running algorithm for random improvement.
[INFO DPL-0324] Random improver is using random generator.
[INFO DPL-0325] Random improver is using hpwl objective.
[INFO DPL-0326] Random improver cost string is (a).
[INFO DPL-0332] End of pass, Generator random called 273820 times.
[INFO DPL-0335] Generator random, Cumulative attempts 273820, swaps 44396, moves 52647 since last reset.
[INFO DPL-0333] End of pass, Objective hpwl, Initial cost 2.981926e+08, Scratch cost 2.944523e+08, Incremental cost 2.944523e+08, Mismatch? N
[INFO DPL-0338] End of pass, Total cost is 2.944523e+08.
[INFO DPL-0327] Pass   1 of random improver; improvement in cost is 1.25 percent.
[INFO DPL-0332] End of pass, Generator random called 273820 times.
[INFO DPL-0335] Generator random, Cumulative attempts 547640, swaps 86704, moves 105042 since last reset.
[INFO DPL-0333] End of pass, Objective hpwl, Initial cost 2.944523e+08, Scratch cost 2.934075e+08, Incremental cost 2.934075e+08, Mismatch? N
[INFO DPL-0338] End of pass, Total cost is 2.934075e+08.
[INFO DPL-0327] Pass   2 of random improver; improvement in cost is 0.35 percent.
[INFO DPL-0328] End of random improver; improvement is 1.604683 percent.
[INFO DPL-0380] Cell flipping.
[INFO DPL-0382] Changed 0 cell orientations for row compatibility.
[INFO DPL-0383] Performed 3701 cell flips.
[INFO DPL-0384] End of flipping; objective is 2.810809e+08, improvement is 4.56 percent.
[INFO DPL-0313] Found 0 cells in wrong regions.
[INFO DPL-0315] Found 0 row alignment problems.
[INFO DPL-0314] Found 0 site alignment problems.
[INFO DPL-0311] Found 0 overlaps between adjacent cells.
[INFO DPL-0312] Found 0 edge spacing violations and 0 padding violations.
Place Optimization Analysis
---------------------------------
total attempts           821460
relocated cells            6943
total displacement      34334.5 u
average displacement        4.9 u
max displacement           16.1 u
original HPWL          307412.3 u
improved HPWL          280852.5 u
delta HPWL                   -9 %

Took 6 seconds: improve_placement -max_displacement "5 1"
optimize_mirroring
[INFO DPL-0020] Mirrored 361 instances
[INFO DPL-0021] HPWL before          280852.5 u
[INFO DPL-0022] HPWL after           280533.1 u
[INFO DPL-0023] HPWL delta               -0.1 %
[INFO FLW-0012] Placement violations .
estimate_parasitics -placement
Report metrics stage 3, detailed place...

==========================================================================
detailed place report_design_area
--------------------------------------------------------------------------
Design area 195963 um^2 63% utilization.
write_db /work/orfs/results/sky130hd/s_ubp4_n64_u60/base/3_5_place_dp.odb
write_sdc -no_timestamp /work/orfs/results/sky130hd/s_ubp4_n64_u60/base/3_place.sdc
Elapsed time: 0:14.79[h:]min:sec. CPU time: user 9.17 sys 0.12 (62%). Peak memory: 212816KB.
Log                       Ext     Elapsed/s Peak Memory/MB sha1sum result [0:20)
3_5_place_dp              .odb           14            207 27a7d64066aed64547eb
cp /work/orfs/results/sky130hd/s_ubp4_n64_u60/base/3_5_place_dp.odb /work/orfs/results/sky130hd/s_ubp4_n64_u60/base/3_place.odb
/OpenROAD-flow-scripts/flow/scripts/flow.sh 4_1_cts cts
Running cts.tcl, stage 4_1_cts
read_liberty /OpenROAD-flow-scripts/flow/platforms/sky130hd/lib/sky130_fd_sc_hd__tt_025C_1v80.lib
read_db /work/orfs/results/sky130hd/s_ubp4_n64_u60/base/3_place.odb
read_sdc /work/orfs/results/sky130hd/s_ubp4_n64_u60/base/3_place.sdc
source /OpenROAD-flow-scripts/flow/platforms/sky130hd/setRC.tcl
clock_tree_synthesis -sink_clustering_enable -repair_clock_nets
[INFO CTS-0050] Root buffer is sky130_fd_sc_hd__clkbuf_16.
[INFO CTS-0051] Sink buffer is sky130_fd_sc_hd__clkbuf_16.
[INFO CTS-0052] The following clock buffers will be used for CTS:
                    sky130_fd_sc_hd__clkbuf_16
[INFO CTS-0049] Characterization buffer is sky130_fd_sc_hd__clkbuf_16.
[INFO CTS-0007] Net "clk" found for clock "clk".
[INFO CTS-0010]  Clock net "clk" has 6055 sinks.
[INFO CTS-0008] TritonCTS found 1 clock nets.
[INFO CTS-0097] Characterization used 1 buffer(s) types.
[INFO CTS-0201] 0 blockages from hard placement blockages and placed macros will be used.
[INFO CTS-0027] Generating H-Tree topology for net clk.
[INFO CTS-0028]  Total number of sinks: 6055.
[INFO CTS-0090]  Sinks will be clustered based on buffer max cap.
[INFO CTS-0030]  Number of static layers: 0.
[INFO CTS-0020]  Wire segment unit: 13600  dbu (13 um).
[INFO CTS-0206] Best clustering solution was found from max clustering size of 16 and max clustering diameter of 62.
[INFO CTS-0019]  Total number of sinks after clustering: 518.
[INFO CTS-0024]  Normalized sink region: [(0.815074, 0.788904), (40.6853, 40.6542)].
[INFO CTS-0025]     Width:  39.8703.
[INFO CTS-0026]     Height: 39.8653.
 Level 1
    Direction: Horizontal
    Sinks per sub-region: 259
    Sub-region size: 19.9351 X 39.8653
[INFO CTS-0034]     Segment length (rounded): 10.
 Level 2
    Direction: Vertical
    Sinks per sub-region: 130
    Sub-region size: 19.9351 X 19.9326
[INFO CTS-0034]     Segment length (rounded): 10.
 Level 3
    Direction: Horizontal
    Sinks per sub-region: 65
    Sub-region size: 9.9676 X 19.9326
[INFO CTS-0034]     Segment length (rounded): 4.
 Level 4
    Direction: Vertical
    Sinks per sub-region: 33
    Sub-region size: 9.9676 X 9.9663
[INFO CTS-0034]     Segment length (rounded): 4.
 Level 5
    Direction: Horizontal
    Sinks per sub-region: 17
    Sub-region size: 4.9838 X 9.9663
[INFO CTS-0034]     Segment length (rounded): 2.
 Level 6
    Direction: Vertical
    Sinks per sub-region: 9
    Sub-region size: 4.9838 X 4.9832
[INFO CTS-0034]     Segment length (rounded): 2.
[INFO CTS-0038]  Stop criterion found. Sink region hpwl is smaller than max wirelength (1911.535 um) and max number of sinks is 15.
[INFO CTS-0035]  Number of sinks covered: 518.
[INFO CTS-0018]     Created 587 clock buffers.
[INFO CTS-0012]     Minimum number of buffers in the clock path: 4.
[INFO CTS-0013]     Maximum number of buffers in the clock path: 4.
[INFO CTS-0015]     Created 587 clock nets.
[INFO CTS-0016]     Fanout distribution for the current clock = 5:2, 6:9, 7:12, 8:16, 9:31, 10:82, 11:138, 12:163, 13:93, 14:27, 15:7, 16:2..
[INFO CTS-0017]     Max level of the clock tree: 6.
[INFO CTS-0098] Clock net "clk"
[INFO CTS-0099]  Sinks 6518
[INFO CTS-0100]  Leaf buffers 518
[INFO CTS-0101]  Average sink wire length 1004.46 um
[INFO CTS-0102]  Path depth 3 - 4
[INFO CTS-0207]  Dummy loads inserted 463
[INFO CTS-0500] Runtime: 2.94s
estimate_parasitics -placement
detailed_placement
[INFO DPL-0006] Core area: 312155.63 um^2
[INFO DPL-0007] Movable instances area: 210578.21 um^2
[INFO DPL-0008] Fixed instances area within core: 5179.97 um^2
[INFO DPL-0009] Utilization: 69.1%
[INFO DPL-0005] Diamond search max displacement: +/- 500 sites horizontally, +/- 100 rows vertically.
[INFO DPL-1102] Legalizing using negotiation legalizer.
[INFO DPL-1103] Negotiation base search window: +/-20 sites horizontally, +/-5 rows vertically 
	Automatic search window extension enabled.
	Search window extendable up to the max displacement cap of +/-500 sites, +/-100 rows near walls.
[INFO DPL-1104] NegotiationLegalizer DRC penalty: 5.
[INFO DPL-0392] Negotiation cell height distribution (1 unique row-count(s)):
[INFO DPL-0393]   height 1 row(s): 18881 cells
          |      Total |  Illegal |  Illegal
Iteration | Violations |    Cells |    Sites
---------------------------------------------
        0 |       5696 |       826 |      4828
        1 |        977 |       141 |       836
        2 |        286 |        28 |       258
        3 |         92 |        12 |        80
        4 |         52 |         8 |        44
        5 |         50 |         6 |        44
        6 |          0 |         0 |         0
Negotiation phase 1 converged at iteration 6.
[INFO DPL-0500] Runtime: 0.63s
Detailed Placement Analysis
---------------------------------
legalizer            negotiation
total moves               15135
total displacement      24515.7 u
average displacement        1.3 u
max displacement           25.1 u
original HPWL          313800.9 u
legalized HPWL         332658.1 u
delta HPWL                    6 %

estimate_parasitics -placement
Warning: master sky130_ef_sc_hd__decap_12 has signal pins but no liberty cell
repair_timing -setup_margin 0 -hold_margin 0 -repair_tns 100 -match_cell_footprint -verbose
[INFO RSZ-0100] Repair move sequence: UnbufferMove SizeUpMove SwapPinsMove BufferMove CloneMove SplitLoadMove 
[INFO RSZ-0098] No setup violations found
[INFO RSZ-0505] Runtime: 1.31s
[INFO RSZ-0046] Found 425 endpoints with hold violations.
Iteration | Resized | Buffers | Cloned Gates |   Area   |   WNS   |   TNS   | Endpoint
--------------------------------------------------------------------------------------
        0 |       0 |       0 |            0 |    +0.0% |  -0.679 | -79.143 | gen6/_360_/D
       10 |       0 |       3 |            0 |    +0.0% |  -0.292 | -19.392 | gen10/_362_/D
       20 |       0 |       5 |            0 |    +0.0% |  -0.292 | -18.868 | gen10/_362_/D
       30 |       0 |       5 |            0 |    +0.0% |  -0.292 | -18.868 | gen10/_362_/D
       40 |       0 |       9 |            0 |    +0.0% |  -0.292 | -17.107 | gen10/_362_/D
       50 |       0 |      13 |            0 |    +0.1% |  -0.275 | -15.328 | gen1/_362_/D
       60 |       0 |      17 |            0 |    +0.1% |  -0.275 | -14.549 | gen1/_362_/D
       70 |       0 |      23 |            0 |    +0.1% |  -0.275 | -13.463 | gen1/_362_/D
       80 |       0 |      26 |            0 |    +0.1% |  -0.275 | -12.227 | gen1/_362_/D
       90 |       0 |      28 |            0 |    +0.1% |  -0.275 | -11.759 | gen1/_362_/D
      100 |       0 |      30 |            0 |    +0.1% |  -0.275 | -11.350 | gen1/_362_/D
      110 |       0 |      30 |            0 |    +0.1% |  -0.275 | -11.350 | gen1/_362_/D
      120 |       0 |      30 |            0 |    +0.1% |  -0.275 | -11.350 | gen1/_362_/D
      130 |       0 |      33 |            0 |    +0.2% |  -0.258 |  -9.778 | gen3/_363_/D
      140 |       0 |      38 |            0 |    +0.2% |  -0.240 |  -7.098 | gen14/_362_/D
      150 |       0 |      40 |            0 |    +0.2% |  -0.221 |  -6.167 | gen11/_406_/D
      160 |       0 |      41 |            0 |    +0.2% |  -0.210 |  -5.541 | gen1/_363_/D
      170 |       0 |      44 |            0 |    +0.2% |  -0.197 |  -4.477 | gen9/_362_/D
      180 |       0 |      48 |            0 |    +0.2% |  -0.174 |  -3.138 | gen11/_363_/D
      190 |       0 |      49 |            0 |    +0.2% |  -0.163 |  -2.882 | gen1/_409_/D
      200 |       0 |      49 |            0 |    +0.2% |  -0.163 |  -2.882 | gen1/_409_/D
      210 |       0 |      50 |            0 |    +0.2% |  -0.158 |  -2.577 | gen2/_406_/D
      220 |       0 |      51 |            0 |    +0.2% |  -0.147 |  -2.210 | gen14/_363_/D
      230 |       0 |      53 |            0 |    +0.2% |  -0.140 |  -1.793 | gen2/_409_/D
      240 |       0 |      56 |            0 |    +0.3% |  -0.129 |  -1.132 | gen14/_409_/D
      250 |       0 |      58 |            0 |    +0.3% |  -0.116 |  -0.646 | gen9/_406_/D
      260 |       0 |      59 |            0 |    +0.3% |  -0.112 |  -0.419 | gen8/_409_/D
      270 |       0 |      60 |            0 |    +0.3% |  -0.098 |  -0.247 | gen8/_363_/D
      280 |       0 |      61 |            0 |    +0.3% |  -0.090 |  -0.138 | gen8/_406_/D
      290 |       0 |      62 |            0 |    +0.3% |   0.018 |   0.000 | gen6/_409_/D
      300 |       0 |      62 |            0 |    +0.3% |   0.018 |   0.000 | gen6/_409_/D
      310 |       0 |      62 |            0 |    +0.3% |   0.018 |   0.000 | gen6/_409_/D
      320 |       0 |      62 |            0 |    +0.3% |   0.018 |   0.000 | gen6/_409_/D
      330 |       0 |      62 |            0 |    +0.3% |   0.018 |   0.000 | gen6/_409_/D
      340 |       0 |      62 |            0 |    +0.3% |   0.018 |   0.000 | gen6/_409_/D
      350 |       0 |      62 |            0 |    +0.3% |   0.018 |   0.000 | gen6/_409_/D
      360 |       0 |      62 |            0 |    +0.3% |   0.018 |   0.000 | gen6/_409_/D
      370 |       0 |      62 |            0 |    +0.3% |   0.018 |   0.000 | gen6/_409_/D
      380 |       0 |      62 |            0 |    +0.3% |   0.018 |   0.000 | gen6/_409_/D
      390 |       0 |      62 |            0 |    +0.3% |   0.018 |   0.000 | gen6/_409_/D
      400 |       0 |      62 |            0 |    +0.3% |   0.018 |   0.000 | gen6/_409_/D
      410 |       0 |      62 |            0 |    +0.3% |   0.018 |   0.000 | gen6/_409_/D
      420 |       0 |      62 |            0 |    +0.3% |   0.018 |   0.000 | gen6/_409_/D
    final |       0 |      62 |            0 |    +0.3% |   0.018 |   0.000 | gen6/_409_/D
--------------------------------------------------------------------------------------
[INFO RSZ-0032] Inserted 62 hold buffers.
[INFO RSZ-0506] Runtime: 1.09s
Warning: master sky130_ef_sc_hd__decap_12 has signal pins but no liberty cell
Repair timing output passed lec test
detailed_placement
[INFO DPL-0006] Core area: 312155.63 um^2
[INFO DPL-0007] Movable instances area: 211198.81 um^2
[INFO DPL-0008] Fixed instances area within core: 5179.97 um^2
[INFO DPL-0009] Utilization: 69.3%
[INFO DPL-0005] Diamond search max displacement: +/- 500 sites horizontally, +/- 100 rows vertically.
[INFO DPL-1102] Legalizing using negotiation legalizer.
[INFO DPL-1103] Negotiation base search window: +/-20 sites horizontally, +/-5 rows vertically 
	Automatic search window extension enabled.
	Search window extendable up to the max displacement cap of +/-500 sites, +/-100 rows near walls.
[INFO DPL-1104] NegotiationLegalizer DRC penalty: 5.
[INFO DPL-0392] Negotiation cell height distribution (1 unique row-count(s)):
[INFO DPL-0393]   height 1 row(s): 18943 cells
          |      Total |  Illegal |  Illegal
Iteration | Violations |    Cells |    Sites
---------------------------------------------
        0 |        240 |        38 |       202
        1 |         30 |         4 |        26
        2 |          0 |         0 |         0
Negotiation phase 1 converged at iteration 2.
[INFO DPL-0500] Runtime: 0.19s
Detailed Placement Analysis
---------------------------------
legalizer            negotiation
total moves                 810
total displacement        348.0 u
average displacement        0.0 u
max displacement           12.0 u
original HPWL          332811.4 u
legalized HPWL         333070.6 u
delta HPWL                    0 %

estimate_parasitics -placement
Report metrics stage 4, cts final...

==========================================================================
cts final report_design_area
--------------------------------------------------------------------------
Design area 216379 um^2 69% utilization.
write_db /work/orfs/results/sky130hd/s_ubp4_n64_u60/base/4_1_cts.odb
write_sdc -no_timestamp /work/orfs/results/sky130hd/s_ubp4_n64_u60/base/4_cts.sdc
Elapsed time: 0:18.77[h:]min:sec. CPU time: user 11.68 sys 0.22 (63%). Peak memory: 240456KB.
Log                       Ext     Elapsed/s Peak Memory/MB sha1sum result [0:20)
4_1_cts                   .odb           18            234 92e7e7ea7fbc66f4eb85
cp /work/orfs/results/sky130hd/s_ubp4_n64_u60/base/4_1_cts.odb /work/orfs/results/sky130hd/s_ubp4_n64_u60/base/4_cts.odb
/OpenROAD-flow-scripts/flow/scripts/flow.sh 5_1_grt global_route
Running global_route.tcl, stage 5_1_grt
read_liberty /OpenROAD-flow-scripts/flow/platforms/sky130hd/lib/sky130_fd_sc_hd__tt_025C_1v80.lib
read_db /work/orfs/results/sky130hd/s_ubp4_n64_u60/base/4_cts.odb
read_sdc /work/orfs/results/sky130hd/s_ubp4_n64_u60/base/4_cts.sdc
source /OpenROAD-flow-scripts/flow/platforms/sky130hd/setRC.tcl
pin_access
[INFO DRT-0149] Reading tech and libs.
[WARNING DRT-0349] LEF58_ENCLOSURE with no CUTCLASS is not supported. Skipping for layer mcon
[WARNING DRT-0349] LEF58_ENCLOSURE with no CUTCLASS is not supported. Skipping for layer mcon
[WARNING DRT-0349] LEF58_ENCLOSURE with no CUTCLASS is not supported. Skipping for layer via
[WARNING DRT-0349] LEF58_ENCLOSURE with no CUTCLASS is not supported. Skipping for layer via
[WARNING DRT-0349] LEF58_ENCLOSURE with no CUTCLASS is not supported. Skipping for layer via2
[WARNING DRT-0349] LEF58_ENCLOSURE with no CUTCLASS is not supported. Skipping for layer via2
[WARNING DRT-0349] LEF58_ENCLOSURE with no CUTCLASS is not supported. Skipping for layer via3
[WARNING DRT-0349] LEF58_ENCLOSURE with no CUTCLASS is not supported. Skipping for layer via3
[WARNING DRT-0349] LEF58_ENCLOSURE with no CUTCLASS is not supported. Skipping for layer via4
[WARNING DRT-0349] LEF58_ENCLOSURE with no CUTCLASS is not supported. Skipping for layer via4

Units:                1000
Number of layers:     13
Number of macros:     441
Number of vias:       29
Number of viarulegen: 25

[INFO DRT-0150] Reading design.

Design:                   top
Die area:                 ( 0 0 ) ( 564425 564425 )
Number of track patterns: 12
Number of DEF vias:       0
Number of components:     18943
Number of terminals:      132
Number of snets:          2
Number of nets:           14406

[INFO DRT-0167] List of default vias:
  Layer via
    default via: M1M2_PR
  Layer via2
    default via: M2M3_PR
  Layer via3
    default via: M3M4_PR
  Layer via4
    default via: M4M5_PR
[INFO DRT-0162] Library cell analysis.
[INFO DRT-0163] Instance analysis.
[INFO DRT-0164] Number of unique instances = 53.
[INFO DRT-0168] Init region query.
[INFO DRT-0024]   Complete FR_MASTERSLICE.
[INFO DRT-0024]   Complete Fr_VIA.
[INFO DRT-0024]   Complete li1.
[INFO DRT-0024]   Complete mcon.
[INFO DRT-0024]   Complete met1.
[INFO DRT-0024]   Complete via.
[INFO DRT-0024]   Complete met2.
[INFO DRT-0024]   Complete via2.
[INFO DRT-0024]   Complete met3.
[INFO DRT-0024]   Complete via3.
[INFO DRT-0024]   Complete met4.
[INFO DRT-0024]   Complete via4.
[INFO DRT-0024]   Complete met5.
[INFO DRT-0033] FR_MASTERSLICE shape region query size = 0.
[INFO DRT-0033] FR_VIA shape region query size = 0.
[INFO DRT-0033] li1 shape region query size = 645649.
[INFO DRT-0033] mcon shape region query size = 388940.
[INFO DRT-0033] met1 shape region query size = 100375.
[INFO DRT-0033] via shape region query size = 21115.
[INFO DRT-0033] met2 shape region query size = 12730.
[INFO DRT-0033] via2 shape region query size = 16892.
[INFO DRT-0033] met3 shape region query size = 12738.
[INFO DRT-0033] via3 shape region query size = 16892.
[INFO DRT-0033] met4 shape region query size = 5105.
[INFO DRT-0033] via4 shape region query size = 841.
[INFO DRT-0033] met5 shape region query size = 923.
[INFO DRT-0165] Start pin access.
[INFO DRT-0078]   Complete 335 pins.
[INFO DRT-0081]   Complete 53 unique inst patterns.
[INFO DRT-0084]   Complete 9444 groups.
#scanned instances     = 18943
#unique  instances     = 53
#stdCellGenAp          = 874
#stdCellValidPlanarAp  = 38
#stdCellValidViaAp     = 660
#stdCellPinNoAp        = 0
#stdCellPinCnt         = 45052
#instTermValidViaApCnt = 0
#macroGenAp            = 0
#macroValidPlanarAp    = 0
#macroValidViaAp       = 0
#macroNoAp             = 0
[INFO DRT-0166] Complete pin access.
[INFO DRT-0267] cpu time = 00:04:39, elapsed time = 00:07:06, memory = 234.44 (MB), peak = 241.09 (MB)
Took 427 seconds: pin_access
global_route -congestion_report_file /work/orfs/reports/sky130hd/s_ubp4_n64_u60/base/congestion.rpt -congestion_iterations 30 -congestion_report_iter_step 5 -verbose
[INFO GRT-0020] Min routing layer: met1
[INFO GRT-0021] Max routing layer: met5
[INFO GRT-0022] Global adjustment: 0%
[INFO GRT-0023] Grid origin: (0, 0)
[INFO GRT-0088] Layer li1     Track-Pitch = 0.4600  line-2-Via Pitch: 0.3400
[INFO GRT-0088] Layer met1    Track-Pitch = 0.3400  line-2-Via Pitch: 0.3400
[INFO GRT-0088] Layer met2    Track-Pitch = 0.4600  line-2-Via Pitch: 0.3500
[INFO GRT-0088] Layer met3    Track-Pitch = 0.6800  line-2-Via Pitch: 0.6150
[INFO GRT-0088] Layer met4    Track-Pitch = 0.9200  line-2-Via Pitch: 1.0400
[INFO GRT-0088] Layer met5    Track-Pitch = 3.4000  line-2-Via Pitch: 3.1100
[INFO GRT-0003] Macros: 0
[INFO GRT-0004] Blockages: 101090
[INFO GRT-0019] Found 588 clock nets.
[INFO GRT-0001] Minimum degree: 2
[INFO GRT-0002] Maximum degree: 51

[INFO GRT-0053] Routing resources analysis:
          Routing      Original      Derated      Resource
Layer     Direction    Resources     Resources    Reduction (%)
---------------------------------------------------------------
li1        Vertical            0             0          0.00%
met1       Horizontal      94756         73817          22.10%
met2       Vertical        84640         65040          23.16%
met3       Horizontal      63160         49560          21.53%
met4       Vertical        41760         29440          29.50%
met5       Horizontal       9440          6720          28.81%
---------------------------------------------------------------

[INFO GRT-0197] Via related to pin nodes: 68552
[INFO GRT-0198] Via related Steiner nodes: 1013
[INFO GRT-0199] Via filling finished.
[INFO GRT-0111] Final number of vias: 84134
[INFO GRT-0112] Final usage 3D: 306866

[INFO GRT-0096] Final congestion report:
Layer         Resource        Demand        Usage (%)    Max H / Max V / Total Congestion
---------------------------------------------------------------------------------------
li1                  0             0            0.00%             0 /  0 /  0
met1             73817         26968           36.53%             0 /  0 /  0
met2             65040         22828           35.10%             0 /  0 /  0
met3             49560          2336            4.71%             0 /  0 /  0
met4             29440          2332            7.92%             0 /  0 /  0
met5              6720             0            0.00%             0 /  0 /  0
---------------------------------------------------------------------------------------
Total           224577         54464           24.25%             0 /  0 /  0

[INFO GRT-0018] Total wirelength: 561280 um
[INFO GRT-0014] Routed nets: 13803
[INFO GRT-0303] Global routing runtime = 00:00:02
estimate_parasitics -global_routing
Perform buffer insertion and gate resizing...
repair_design -verbose
Iteration |   Area    | Resized | Buffers | Nets repaired | Remaining
---------------------------------------------------------------------
        0 |     +0.0% |       0 |       0 |             0 |     14903
     1000 |     +0.0% |       0 |       0 |             0 |     13903
     2000 |     +0.0% |       0 |       0 |             0 |     12903
     3000 |     +0.0% |       0 |       0 |             0 |     11903
     4000 |     +0.0% |       0 |       0 |             0 |     10903
     5000 |     +0.0% |       0 |       0 |             0 |      9903
     6000 |     +0.0% |       0 |       0 |             0 |      8903
     7000 |     +0.0% |       0 |       0 |             0 |      7903
     8000 |     +0.0% |       0 |       0 |             0 |      6903
     9000 |     +0.0% |       0 |       0 |             0 |      5903
[WARNING RSZ-0104] Net pp9_9 only has one pin. Check if it is intended to be dangling.
[WARNING RSZ-0104] Net pp9_8 only has one pin. Check if it is intended to be dangling.
[WARNING RSZ-0104] Net pn9_6 only has one pin. Check if it is intended to be dangling.
[WARNING RSZ-0104] Net pn9_5 only has one pin. Check if it is intended to be dangling.
[WARNING RSZ-0104] Net pp9_5 only has one pin. Check if it is intended to be dangling.
[WARNING RSZ-0104] Net pn9_38 only has one pin. Check if it is intended to be dangling.
[WARNING RSZ-0104] Net pn9_37 only has one pin. Check if it is intended to be dangling.
[WARNING RSZ-0104] Net pp9_37 only has one pin. Check if it is intended to be dangling.
[WARNING RSZ-0104] Net pn9_36 only has one pin. Check if it is intended to be dangling.
[WARNING RSZ-0104] Net pp9_34 only has one pin. Check if it is intended to be dangling.
[WARNING RSZ-0104] Net pn9_32 only has one pin. Check if it is intended to be dangling.
[WARNING RSZ-0104] Net pn9_31 only has one pin. Check if it is intended to be dangling.
[WARNING RSZ-0104] Net pn9_30 only has one pin. Check if it is intended to be dangling.
[WARNING RSZ-0104] Net pp9_30 only has one pin. Check if it is intended to be dangling.
[WARNING RSZ-0104] Net pp9_3 only has one pin. Check if it is intended to be dangling.
[WARNING RSZ-0104] Net pn9_29 only has one pin. Check if it is intended to be dangling.
[WARNING RSZ-0104] Net pp9_29 only has one pin. Check if it is intended to be dangling.
[WARNING RSZ-0104] Net pn9_28 only has one pin. Check if it is intended to be dangling.
[WARNING RSZ-0104] Net pp9_27 only has one pin. Check if it is intended to be dangling.
[WARNING RSZ-0104] Net pn9_26 only has one pin. Check if it is intended to be dangling.
[WARNING RSZ-0104] Net pn9_24 only has one pin. Check if it is intended to be dangling.
[WARNING RSZ-0104] Net pp9_24 only has one pin. Check if it is intended to be dangling.
[WARNING RSZ-0104] Net pn9_23 only has one pin. Check if it is intended to be dangling.
[WARNING RSZ-0104] Net pn9_22 only has one pin. Check if it is intended to be dangling.
[WARNING RSZ-0104] Net pp9_22 only has one pin. Check if it is intended to be dangling.
[WARNING RSZ-0104] Net pp9_21 only has one pin. Check if it is intended to be dangling.
[WARNING RSZ-0104] Net pn9_20 only has one pin. Check if it is intended to be dangling.
[WARNING RSZ-0104] Net pp9_2 only has one pin. Check if it is intended to be dangling.
[WARNING RSZ-0104] Net pn9_19 only has one pin. Check if it is intended to be dangling.
[WARNING RSZ-0104] Net pn9_16 only has one pin. Check if it is intended to be dangling.
[WARNING RSZ-0104] Net pp9_16 only has one pin. Check if it is intended to be dangling.
[WARNING RSZ-0104] Net pp9_15 only has one pin. Check if it is intended to be dangling.
[WARNING RSZ-0104] Net pp9_14 only has one pin. Check if it is intended to be dangling.
[WARNING RSZ-0104] Net pn9_13 only has one pin. Check if it is intended to be dangling.
[WARNING RSZ-0104] Net pn9_11 only has one pin. Check if it is intended to be dangling.
[WARNING RSZ-0104] Net pp9_11 only has one pin. Check if it is intended to be dangling.
[WARNING RSZ-0104] Net pp9_10 only has one pin. Check if it is intended to be dangling.
[WARNING RSZ-0104] Net pp8_8 only has one pin. Check if it is intended to be dangling.
[WARNING RSZ-0104] Net pn8_7 only has one pin. Check if it is intended to be dangling.
[WARNING RSZ-0104] Net pp8_4 only has one pin. Check if it is intended to be dangling.
[WARNING RSZ-0104] Net pp8_39 only has one pin. Check if it is intended to be dangling.
[WARNING RSZ-0104] Net pp8_38 only has one pin. Check if it is intended to be dangling.
[WARNING RSZ-0104] Net pp8_37 only has one pin. Check if it is intended to be dangling.
[WARNING RSZ-0104] Net pn8_36 only has one pin. Check if it is intended to be dangling.
[WARNING RSZ-0104] Net pp8_36 only has one pin. Check if it is intended to be dangling.
[WARNING RSZ-0104] Net pn8_35 only has one pin. Check if it is intended to be dangling.
[WARNING RSZ-0104] Net pn8_34 only has one pin. Check if it is intended to be dangling.
[WARNING RSZ-0104] Net pp8_34 only has one pin. Check if it is intended to be dangling.
[WARNING RSZ-0104] Net pn8_32 only has one pin. Check if it is intended to be dangling.
[WARNING RSZ-0104] Net pp8_32 only has one pin. Check if it is intended to be dangling.
[WARNING RSZ-0104] Net pn8_31 only has one pin. Check if it is intended to be dangling.
[WARNING RSZ-0104] Net pn8_30 only has one pin. Check if it is intended to be dangling.
[WARNING RSZ-0104] Net pp8_30 only has one pin. Check if it is intended to be dangling.
[WARNING RSZ-0104] Net pn8_3 only has one pin. Check if it is intended to be dangling.
[WARNING RSZ-0104] Net pn8_29 only has one pin. Check if it is intended to be dangling.
[WARNING RSZ-0104] Net pp8_29 only has one pin. Check if it is intended to be dangling.
[WARNING RSZ-0104] Net pp8_28 only has one pin. Check if it is intended to be dangling.
[WARNING RSZ-0104] Net pn8_27 only has one pin. Check if it is intended to be dangling.
[WARNING RSZ-0104] Net pp8_25 only has one pin. Check if it is intended to be dangling.
[WARNING RSZ-0104] Net pn8_24 only has one pin. Check if it is intended to be dangling.
[WARNING RSZ-0104] Net pp8_24 only has one pin. Check if it is intended to be dangling.
[WARNING RSZ-0104] Net pn8_23 only has one pin. Check if it is intended to be dangling.
[WARNING RSZ-0104] Net pp8_23 only has one pin. Check if it is intended to be dangling.
[WARNING RSZ-0104] Net pp8_21 only has one pin. Check if it is intended to be dangling.
[WARNING RSZ-0104] Net pn8_2 only has one pin. Check if it is intended to be dangling.
[WARNING RSZ-0104] Net pn8_19 only has one pin. Check if it is intended to be dangling.
[WARNING RSZ-0104] Net pn8_16 only has one pin. Check if it is intended to be dangling.
[WARNING RSZ-0104] Net pp8_16 only has one pin. Check if it is intended to be dangling.
[WARNING RSZ-0104] Net pp8_15 only has one pin. Check if it is intended to be dangling.
[WARNING RSZ-0104] Net pp8_14 only has one pin. Check if it is intended to be dangling.
[WARNING RSZ-0104] Net pp8_13 only has one pin. Check if it is intended to be dangling.
[WARNING RSZ-0104] Net pn8_12 only has one pin. Check if it is intended to be dangling.
[WARNING RSZ-0104] Net pn8_1 only has one pin. Check if it is intended to be dangling.
[WARNING RSZ-0104] Net pn7_9 only has one pin. Check if it is intended to be dangling.
[WARNING RSZ-0104] Net pn7_8 only has one pin. Check if it is intended to be dangling.
[WARNING RSZ-0104] Net pp7_7 only has one pin. Check if it is intended to be dangling.
[WARNING RSZ-0104] Net pp7_6 only has one pin. Check if it is intended to be dangling.
[WARNING RSZ-0104] Net pn7_5 only has one pin. Check if it is intended to be dangling.
[WARNING RSZ-0104] Net pp7_5 only has one pin. Check if it is intended to be dangling.
[WARNING RSZ-0104] Net pp7_4 only has one pin. Check if it is intended to be dangling.
[WARNING RSZ-0104] Net pp7_39 only has one pin. Check if it is intended to be dangling.
[WARNING RSZ-0104] Net pn7_37 only has one pin. Check if it is intended to be dangling.
[WARNING RSZ-0104] Net pp7_37 only has one pin. Check if it is intended to be dangling.
[WARNING RSZ-0104] Net pn7_34 only has one pin. Check if it is intended to be dangling.
[WARNING RSZ-0104] Net pp7_34 only has one pin. Check if it is intended to be dangling.
[WARNING RSZ-0104] Net pn7_31 only has one pin. Check if it is intended to be dangling.
[WARNING RSZ-0104] Net pn7_30 only has one pin. Check if it is intended to be dangling.
[WARNING RSZ-0104] Net pp7_30 only has one pin. Check if it is intended to be dangling.
[WARNING RSZ-0104] Net pp7_3 only has one pin. Check if it is intended to be dangling.
[WARNING RSZ-0104] Net pp7_28 only has one pin. Check if it is intended to be dangling.
[WARNING RSZ-0104] Net pp7_27 only has one pin. Check if it is intended to be dangling.
[WARNING RSZ-0104] Net pp7_26 only has one pin. Check if it is intended to be dangling.
[WARNING RSZ-0104] Net pp7_24 only has one pin. Check if it is intended to be dangling.
[WARNING RSZ-0104] Net pn7_23 only has one pin. Check if it is intended to be dangling.
[WARNING RSZ-0104] Net pn7_22 only has one pin. Check if it is intended to be dangling.
[WARNING RSZ-0104] Net pn7_21 only has one pin. Check if it is intended to be dangling.
[WARNING RSZ-0104] Net pp7_21 only has one pin. Check if it is intended to be dangling.
[WARNING RSZ-0104] Net pn7_19 only has one pin. Check if it is intended to be dangling.
[WARNING RSZ-0104] Net pp7_18 only has one pin. Check if it is intended to be dangling.
[WARNING RSZ-0104] Net pp7_16 only has one pin. Check if it is intended to be dangling.
[WARNING RSZ-0104] Net pn7_15 only has one pin. Check if it is intended to be dangling.
[WARNING RSZ-0104] Net pp7_15 only has one pin. Check if it is intended to be dangling.
[WARNING RSZ-0104] Net pn7_14 only has one pin. Check if it is intended to be dangling.
[WARNING RSZ-0104] Net pp7_14 only has one pin. Check if it is intended to be dangling.
[WARNING RSZ-0104] Net pp7_13 only has one pin. Check if it is intended to be dangling.
[WARNING RSZ-0104] Net pn7_12 only has one pin. Check if it is intended to be dangling.
[WARNING RSZ-0104] Net pn7_10 only has one pin. Check if it is intended to be dangling.
[WARNING RSZ-0104] Net pp7_10 only has one pin. Check if it is intended to be dangling.
[WARNING RSZ-0104] Net pn7_1 only has one pin. Check if it is intended to be dangling.
[WARNING RSZ-0104] Net pp7_1 only has one pin. Check if it is intended to be dangling.
[WARNING RSZ-0104] Net pn6_9 only has one pin. Check if it is intended to be dangling.
[WARNING RSZ-0104] Net pp6_8 only has one pin. Check if it is intended to be dangling.
[WARNING RSZ-0104] Net pn6_7 only has one pin. Check if it is intended to be dangling.
[WARNING RSZ-0104] Net pn6_6 only has one pin. Check if it is intended to be dangling.
[WARNING RSZ-0104] Net pp6_6 only has one pin. Check if it is intended to be dangling.
[WARNING RSZ-0104] Net pn6_5 only has one pin. Check if it is intended to be dangling.
[WARNING RSZ-0104] Net pp6_5 only has one pin. Check if it is intended to be dangling.
[WARNING RSZ-0104] Net pp6_4 only has one pin. Check if it is intended to be dangling.
[WARNING RSZ-0104] Net pn6_39 only has one pin. Check if it is intended to be dangling.
[WARNING RSZ-0104] Net pp6_39 only has one pin. Check if it is intended to be dangling.
[WARNING RSZ-0104] Net pn6_38 only has one pin. Check if it is intended to be dangling.
[WARNING RSZ-0104] Net pp6_37 only has one pin. Check if it is intended to be dangling.
[WARNING RSZ-0104] Net pn6_36 only has one pin. Check if it is intended to be dangling.
[WARNING RSZ-0104] Net pp6_35 only has one pin. Check if it is intended to be dangling.
[WARNING RSZ-0104] Net pp6_34 only has one pin. Check if it is intended to be dangling.
[WARNING RSZ-0104] Net pn6_33 only has one pin. Check if it is intended to be dangling.
[WARNING RSZ-0104] Net pn6_32 only has one pin. Check if it is intended to be dangling.
[WARNING RSZ-0104] Net pp6_32 only has one pin. Check if it is intended to be dangling.
[WARNING RSZ-0104] Net pn6_31 only has one pin. Check if it is intended to be dangling.
[WARNING RSZ-0104] Net pp6_30 only has one pin. Check if it is intended to be dangling.
[WARNING RSZ-0104] Net pn6_28 only has one pin. Check if it is intended to be dangling.
[WARNING RSZ-0104] Net pp6_28 only has one pin. Check if it is intended to be dangling.
[WARNING RSZ-0104] Net pn6_27 only has one pin. Check if it is intended to be dangling.
[WARNING RSZ-0104] Net pp6_27 only has one pin. Check if it is intended to be dangling.
[WARNING RSZ-0104] Net pn6_26 only has one pin. Check if it is intended to be dangling.
[WARNING RSZ-0104] Net pp6_26 only has one pin. Check if it is intended to be dangling.
[WARNING RSZ-0104] Net pp6_23 only has one pin. Check if it is intended to be dangling.
[WARNING RSZ-0104] Net pn6_22 only has one pin. Check if it is intended to be dangling.
[WARNING RSZ-0104] Net pp6_22 only has one pin. Check if it is intended to be dangling.
[WARNING RSZ-0104] Net pn6_21 only has one pin. Check if it is intended to be dangling.
[WARNING RSZ-0104] Net pp6_21 only has one pin. Check if it is intended to be dangling.
[WARNING RSZ-0104] Net pn6_2 only has one pin. Check if it is intended to be dangling.
[WARNING RSZ-0104] Net pp6_19 only has one pin. Check if it is intended to be dangling.
[WARNING RSZ-0104] Net pp6_18 only has one pin. Check if it is intended to be dangling.
[WARNING RSZ-0104] Net pp6_15 only has one pin. Check if it is intended to be dangling.
[WARNING RSZ-0104] Net pn6_14 only has one pin. Check if it is intended to be dangling.
[WARNING RSZ-0104] Net pn6_12 only has one pin. Check if it is intended to be dangling.
[WARNING RSZ-0104] Net pn6_10 only has one pin. Check if it is intended to be dangling.
[WARNING RSZ-0104] Net pp5_9 only has one pin. Check if it is intended to be dangling.
[WARNING RSZ-0104] Net pn5_8 only has one pin. Check if it is intended to be dangling.
[WARNING RSZ-0104] Net pp5_8 only has one pin. Check if it is intended to be dangling.
[WARNING RSZ-0104] Net pn5_7 only has one pin. Check if it is intended to be dangling.
[WARNING RSZ-0104] Net pn5_6 only has one pin. Check if it is intended to be dangling.
[WARNING RSZ-0104] Net pp5_6 only has one pin. Check if it is intended to be dangling.
[WARNING RSZ-0104] Net pn5_5 only has one pin. Check if it is intended to be dangling.
[WARNING RSZ-0104] Net pp5_5 only has one pin. Check if it is intended to be dangling.
[WARNING RSZ-0104] Net pp5_4 only has one pin. Check if it is intended to be dangling.
[WARNING RSZ-0104] Net pp5_39 only has one pin. Check if it is intended to be dangling.
[WARNING RSZ-0104] Net pp5_36 only has one pin. Check if it is intended to be dangling.
[WARNING RSZ-0104] Net pn5_35 only has one pin. Check if it is intended to be dangling.
[WARNING RSZ-0104] Net pp5_35 only has one pin. Check if it is intended to be dangling.
[WARNING RSZ-0104] Net pp5_33 only has one pin. Check if it is intended to be dangling.
[WARNING RSZ-0104] Net pn5_3 only has one pin. Check if it is intended to be dangling.
[WARNING RSZ-0104] Net pn5_28 only has one pin. Check if it is intended to be dangling.
[WARNING RSZ-0104] Net pp5_28 only has one pin. Check if it is intended to be dangling.
[WARNING RSZ-0104] Net pn5_27 only has one pin. Check if it is intended to be dangling.
[WARNING RSZ-0104] Net pp5_27 only has one pin. Check if it is intended to be dangling.
[WARNING RSZ-0104] Net pn5_26 only has one pin. Check if it is intended to be dangling.
[WARNING RSZ-0104] Net pp5_26 only has one pin. Check if it is intended to be dangling.
[WARNING RSZ-0104] Net pn5_24 only has one pin. Check if it is intended to be dangling.
[WARNING RSZ-0104] Net pp5_24 only has one pin. Check if it is intended to be dangling.
[WARNING RSZ-0104] Net pp5_23 only has one pin. Check if it is intended to be dangling.
[WARNING RSZ-0104] Net pn5_22 only has one pin. Check if it is intended to be dangling.
[WARNING RSZ-0104] Net pp5_22 only has one pin. Check if it is intended to be dangling.
[WARNING RSZ-0104] Net pp5_21 only has one pin. Check if it is intended to be dangling.
[WARNING RSZ-0104] Net pn5_18 only has one pin. Check if it is intended to be dangling.
[WARNING RSZ-0104] Net pn5_17 only has one pin. Check if it is intended to be dangling.
[WARNING RSZ-0104] Net pp5_17 only has one pin. Check if it is intended to be dangling.
[WARNING RSZ-0104] Net pn5_16 only has one pin. Check if it is intended to be dangling.
[WARNING RSZ-0104] Net pp5_15 only has one pin. Check if it is intended to be dangling.
[WARNING RSZ-0104] Net pn5_14 only has one pin. Check if it is intended to be dangling.
[WARNING RSZ-0104] Net pn5_13 only has one pin. Check if it is intended to be dangling.
[WARNING RSZ-0104] Net pp5_13 only has one pin. Check if it is intended to be dangling.
[WARNING RSZ-0104] Net pp5_12 only has one pin. Check if it is intended to be dangling.
[WARNING RSZ-0104] Net pp5_10 only has one pin. Check if it is intended to be dangling.
[WARNING RSZ-0104] Net pn5_1 only has one pin. Check if it is intended to be dangling.
[WARNING RSZ-0104] Net pp5_1 only has one pin. Check if it is intended to be dangling.
[WARNING RSZ-0104] Net pp4_8 only has one pin. Check if it is intended to be dangling.
[WARNING RSZ-0104] Net pn4_6 only has one pin. Check if it is intended to be dangling.
[WARNING RSZ-0104] Net pn4_5 only has one pin. Check if it is intended to be dangling.
[WARNING RSZ-0104] Net pp4_5 only has one pin. Check if it is intended to be dangling.
[WARNING RSZ-0104] Net pp4_4 only has one pin. Check if it is intended to be dangling.
[WARNING RSZ-0104] Net pp4_39 only has one pin. Check if it is intended to be dangling.
[WARNING RSZ-0104] Net pn4_38 only has one pin. Check if it is intended to be dangling.
[WARNING RSZ-0104] Net pp4_38 only has one pin. Check if it is intended to be dangling.
[WARNING RSZ-0104] Net pn4_37 only has one pin. Check if it is intended to be dangling.
[WARNING RSZ-0104] Net pp4_37 only has one pin. Check if it is intended to be dangling.
[WARNING RSZ-0104] Net pn4_36 only has one pin. Check if it is intended to be dangling.
[WARNING RSZ-0104] Net pn4_34 only has one pin. Check if it is intended to be dangling.
    10000 |     +0.0% |       0 |       0 |             0 |      4903
[WARNING RSZ-0104] Net pp4_34 only has one pin. Check if it is intended to be dangling.
[WARNING RSZ-0104] Net pn4_33 only has one pin. Check if it is intended to be dangling.
[WARNING RSZ-0104] Net pp4_33 only has one pin. Check if it is intended to be dangling.
[WARNING RSZ-0104] Net pn4_32 only has one pin. Check if it is intended to be dangling.
[WARNING RSZ-0104] Net pp4_31 only has one pin. Check if it is intended to be dangling.
[WARNING RSZ-0104] Net pp4_30 only has one pin. Check if it is intended to be dangling.
[WARNING RSZ-0104] Net pn4_29 only has one pin. Check if it is intended to be dangling.
[WARNING RSZ-0104] Net pp4_29 only has one pin. Check if it is intended to be dangling.
[WARNING RSZ-0104] Net pn4_28 only has one pin. Check if it is intended to be dangling.
[WARNING RSZ-0104] Net pp4_28 only has one pin. Check if it is intended to be dangling.
[WARNING RSZ-0104] Net pn4_27 only has one pin. Check if it is intended to be dangling.
[WARNING RSZ-0104] Net pn4_24 only has one pin. Check if it is intended to be dangling.
[WARNING RSZ-0104] Net pp4_24 only has one pin. Check if it is intended to be dangling.
[WARNING RSZ-0104] Net pn4_23 only has one pin. Check if it is intended to be dangling.
[WARNING RSZ-0104] Net pp4_21 only has one pin. Check if it is intended to be dangling.
[WARNING RSZ-0104] Net pp4_20 only has one pin. Check if it is intended to be dangling.
[WARNING RSZ-0104] Net pn4_2 only has one pin. Check if it is intended to be dangling.
[WARNING RSZ-0104] Net pp4_18 only has one pin. Check if it is intended to be dangling.
[WARNING RSZ-0104] Net pn4_17 only has one pin. Check if it is intended to be dangling.
[WARNING RSZ-0104] Net pn4_16 only has one pin. Check if it is intended to be dangling.
[WARNING RSZ-0104] Net pp4_16 only has one pin. Check if it is intended to be dangling.
[WARNING RSZ-0104] Net pp4_15 only has one pin. Check if it is intended to be dangling.
[WARNING RSZ-0104] Net pp4_14 only has one pin. Check if it is intended to be dangling.
[WARNING RSZ-0104] Net pp4_11 only has one pin. Check if it is intended to be dangling.
[WARNING RSZ-0104] Net pp4_0 only has one pin. Check if it is intended to be dangling.
[WARNING RSZ-0104] Net pp3_9 only has one pin. Check if it is intended to be dangling.
[WARNING RSZ-0104] Net pp3_8 only has one pin. Check if it is intended to be dangling.
[WARNING RSZ-0104] Net pn3_5 only has one pin. Check if it is intended to be dangling.
[WARNING RSZ-0104] Net pp3_5 only has one pin. Check if it is intended to be dangling.
[WARNING RSZ-0104] Net pn3_4 only has one pin. Check if it is intended to be dangling.
[WARNING RSZ-0104] Net pp3_4 only has one pin. Check if it is intended to be dangling.
[WARNING RSZ-0104] Net pn3_39 only has one pin. Check if it is intended to be dangling.
[WARNING RSZ-0104] Net pn3_38 only has one pin. Check if it is intended to be dangling.
[WARNING RSZ-0104] Net pp3_38 only has one pin. Check if it is intended to be dangling.
[WARNING RSZ-0104] Net pp3_37 only has one pin. Check if it is intended to be dangling.
[WARNING RSZ-0104] Net pn3_36 only has one pin. Check if it is intended to be dangling.
[WARNING RSZ-0104] Net pp3_36 only has one pin. Check if it is intended to be dangling.
[WARNING RSZ-0104] Net pp3_35 only has one pin. Check if it is intended to be dangling.
[WARNING RSZ-0104] Net pn3_34 only has one pin. Check if it is intended to be dangling.
[WARNING RSZ-0104] Net pp3_34 only has one pin. Check if it is intended to be dangling.
[WARNING RSZ-0104] Net pn3_32 only has one pin. Check if it is intended to be dangling.
[WARNING RSZ-0104] Net pp3_32 only has one pin. Check if it is intended to be dangling.
[WARNING RSZ-0104] Net pp3_31 only has one pin. Check if it is intended to be dangling.
[WARNING RSZ-0104] Net pn3_30 only has one pin. Check if it is intended to be dangling.
[WARNING RSZ-0104] Net pp3_30 only has one pin. Check if it is intended to be dangling.
[WARNING RSZ-0104] Net pp3_3 only has one pin. Check if it is intended to be dangling.
[WARNING RSZ-0104] Net pp3_29 only has one pin. Check if it is intended to be dangling.
[WARNING RSZ-0104] Net pn3_28 only has one pin. Check if it is intended to be dangling.
[WARNING RSZ-0104] Net pn3_27 only has one pin. Check if it is intended to be dangling.
[WARNING RSZ-0104] Net pp3_26 only has one pin. Check if it is intended to be dangling.
[WARNING RSZ-0104] Net pp3_25 only has one pin. Check if it is intended to be dangling.
[WARNING RSZ-0104] Net pp3_21 only has one pin. Check if it is intended to be dangling.
[WARNING RSZ-0104] Net pp3_20 only has one pin. Check if it is intended to be dangling.
[WARNING RSZ-0104] Net pn3_2 only has one pin. Check if it is intended to be dangling.
[WARNING RSZ-0104] Net pp3_19 only has one pin. Check if it is intended to be dangling.
[WARNING RSZ-0104] Net pn3_18 only has one pin. Check if it is intended to be dangling.
[WARNING RSZ-0104] Net pn3_17 only has one pin. Check if it is intended to be dangling.
[WARNING RSZ-0104] Net pp3_17 only has one pin. Check if it is intended to be dangling.
[WARNING RSZ-0104] Net pn3_15 only has one pin. Check if it is intended to be dangling.
[WARNING RSZ-0104] Net pn3_13 only has one pin. Check if it is intended to be dangling.
[WARNING RSZ-0104] Net pp3_13 only has one pin. Check if it is intended to be dangling.
[WARNING RSZ-0104] Net pp3_12 only has one pin. Check if it is intended to be dangling.
[WARNING RSZ-0104] Net pn3_11 only has one pin. Check if it is intended to be dangling.
[WARNING RSZ-0104] Net pn2_9 only has one pin. Check if it is intended to be dangling.
[WARNING RSZ-0104] Net pp2_9 only has one pin. Check if it is intended to be dangling.
[WARNING RSZ-0104] Net pn2_39 only has one pin. Check if it is intended to be dangling.
[WARNING RSZ-0104] Net pn2_38 only has one pin. Check if it is intended to be dangling.
[WARNING RSZ-0104] Net pp2_38 only has one pin. Check if it is intended to be dangling.
[WARNING RSZ-0104] Net pn2_37 only has one pin. Check if it is intended to be dangling.
[WARNING RSZ-0104] Net pn2_36 only has one pin. Check if it is intended to be dangling.
[WARNING RSZ-0104] Net pp2_36 only has one pin. Check if it is intended to be dangling.
[WARNING RSZ-0104] Net pn2_34 only has one pin. Check if it is intended to be dangling.
[WARNING RSZ-0104] Net pp2_34 only has one pin. Check if it is intended to be dangling.
[WARNING RSZ-0104] Net pn2_33 only has one pin. Check if it is intended to be dangling.
[WARNING RSZ-0104] Net pp2_32 only has one pin. Check if it is intended to be dangling.
[WARNING RSZ-0104] Net pn2_31 only has one pin. Check if it is intended to be dangling.
[WARNING RSZ-0104] Net pp2_3 only has one pin. Check if it is intended to be dangling.
[WARNING RSZ-0104] Net pn2_29 only has one pin. Check if it is intended to be dangling.
[WARNING RSZ-0104] Net pn2_27 only has one pin. Check if it is intended to be dangling.
[WARNING RSZ-0104] Net pp2_27 only has one pin. Check if it is intended to be dangling.
[WARNING RSZ-0104] Net pn2_26 only has one pin. Check if it is intended to be dangling.
[WARNING RSZ-0104] Net pp2_26 only has one pin. Check if it is intended to be dangling.
[WARNING RSZ-0104] Net pp2_24 only has one pin. Check if it is intended to be dangling.
[WARNING RSZ-0104] Net pp2_23 only has one pin. Check if it is intended to be dangling.
[WARNING RSZ-0104] Net pn2_22 only has one pin. Check if it is intended to be dangling.
[WARNING RSZ-0104] Net pp2_22 only has one pin. Check if it is intended to be dangling.
[WARNING RSZ-0104] Net pn2_21 only has one pin. Check if it is intended to be dangling.
[WARNING RSZ-0104] Net pp2_21 only has one pin. Check if it is intended to be dangling.
[WARNING RSZ-0104] Net pn2_20 only has one pin. Check if it is intended to be dangling.
[WARNING RSZ-0104] Net pp2_19 only has one pin. Check if it is intended to be dangling.
[WARNING RSZ-0104] Net pn2_17 only has one pin. Check if it is intended to be dangling.
[WARNING RSZ-0104] Net pp2_17 only has one pin. Check if it is intended to be dangling.
[WARNING RSZ-0104] Net pp2_14 only has one pin. Check if it is intended to be dangling.
[WARNING RSZ-0104] Net pn2_12 only has one pin. Check if it is intended to be dangling.
[WARNING RSZ-0104] Net pp2_12 only has one pin. Check if it is intended to be dangling.
[WARNING RSZ-0104] Net pn2_11 only has one pin. Check if it is intended to be dangling.
[WARNING RSZ-0104] Net pn2_10 only has one pin. Check if it is intended to be dangling.
[WARNING RSZ-0104] Net pp2_10 only has one pin. Check if it is intended to be dangling.
[WARNING RSZ-0104] Net pn2_1 only has one pin. Check if it is intended to be dangling.
[WARNING RSZ-0104] Net pn1_6 only has one pin. Check if it is intended to be dangling.
[WARNING RSZ-0104] Net pp1_6 only has one pin. Check if it is intended to be dangling.
[WARNING RSZ-0104] Net pn1_5 only has one pin. Check if it is intended to be dangling.
[WARNING RSZ-0104] Net pn1_4 only has one pin. Check if it is intended to be dangling.
[WARNING RSZ-0104] Net pp1_4 only has one pin. Check if it is intended to be dangling.
[WARNING RSZ-0104] Net pn1_39 only has one pin. Check if it is intended to be dangling.
[WARNING RSZ-0104] Net pp1_39 only has one pin. Check if it is intended to be dangling.
[WARNING RSZ-0104] Net pn1_37 only has one pin. Check if it is intended to be dangling.
[WARNING RSZ-0104] Net pp1_37 only has one pin. Check if it is intended to be dangling.
[WARNING RSZ-0104] Net pn1_35 only has one pin. Check if it is intended to be dangling.
[WARNING RSZ-0104] Net pn1_34 only has one pin. Check if it is intended to be dangling.
[WARNING RSZ-0104] Net pn1_33 only has one pin. Check if it is intended to be dangling.
[WARNING RSZ-0104] Net pp1_33 only has one pin. Check if it is intended to be dangling.
[WARNING RSZ-0104] Net pn1_32 only has one pin. Check if it is intended to be dangling.
[WARNING RSZ-0104] Net pp1_29 only has one pin. Check if it is intended to be dangling.
[WARNING RSZ-0104] Net pp1_28 only has one pin. Check if it is intended to be dangling.
[WARNING RSZ-0104] Net pn1_27 only has one pin. Check if it is intended to be dangling.
[WARNING RSZ-0104] Net pn1_26 only has one pin. Check if it is intended to be dangling.
[WARNING RSZ-0104] Net pp1_26 only has one pin. Check if it is intended to be dangling.
[WARNING RSZ-0104] Net pn1_25 only has one pin. Check if it is intended to be dangling.
[WARNING RSZ-0104] Net pn1_24 only has one pin. Check if it is intended to be dangling.
[WARNING RSZ-0104] Net pp1_24 only has one pin. Check if it is intended to be dangling.
[WARNING RSZ-0104] Net pn1_23 only has one pin. Check if it is intended to be dangling.
[WARNING RSZ-0104] Net pp1_23 only has one pin. Check if it is intended to be dangling.
[WARNING RSZ-0104] Net pp1_22 only has one pin. Check if it is intended to be dangling.
[WARNING RSZ-0104] Net pn1_20 only has one pin. Check if it is intended to be dangling.
[WARNING RSZ-0104] Net pp1_20 only has one pin. Check if it is intended to be dangling.
[WARNING RSZ-0104] Net pp1_18 only has one pin. Check if it is intended to be dangling.
[WARNING RSZ-0104] Net pp1_17 only has one pin. Check if it is intended to be dangling.
[WARNING RSZ-0104] Net pp1_16 only has one pin. Check if it is intended to be dangling.
[WARNING RSZ-0104] Net pn1_15 only has one pin. Check if it is intended to be dangling.
[WARNING RSZ-0104] Net pp1_15 only has one pin. Check if it is intended to be dangling.
[WARNING RSZ-0104] Net pn1_14 only has one pin. Check if it is intended to be dangling.
[WARNING RSZ-0104] Net pp1_13 only has one pin. Check if it is intended to be dangling.
[WARNING RSZ-0104] Net pp1_10 only has one pin. Check if it is intended to be dangling.
[WARNING RSZ-0104] Net pn1_0 only has one pin. Check if it is intended to be dangling.
[WARNING RSZ-0104] Net pn15_8 only has one pin. Check if it is intended to be dangling.
[WARNING RSZ-0104] Net pp15_8 only has one pin. Check if it is intended to be dangling.
[WARNING RSZ-0104] Net pn15_7 only has one pin. Check if it is intended to be dangling.
[WARNING RSZ-0104] Net pp15_7 only has one pin. Check if it is intended to be dangling.
[WARNING RSZ-0104] Net pn15_6 only has one pin. Check if it is intended to be dangling.
[WARNING RSZ-0104] Net pn15_5 only has one pin. Check if it is intended to be dangling.
[WARNING RSZ-0104] Net pn15_39 only has one pin. Check if it is intended to be dangling.
[WARNING RSZ-0104] Net pp15_39 only has one pin. Check if it is intended to be dangling.
[WARNING RSZ-0104] Net pp15_38 only has one pin. Check if it is intended to be dangling.
[WARNING RSZ-0104] Net pn15_37 only has one pin. Check if it is intended to be dangling.
[WARNING RSZ-0104] Net pp15_37 only has one pin. Check if it is intended to be dangling.
[WARNING RSZ-0104] Net pn15_36 only has one pin. Check if it is intended to be dangling.
[WARNING RSZ-0104] Net pn15_35 only has one pin. Check if it is intended to be dangling.
[WARNING RSZ-0104] Net pn15_34 only has one pin. Check if it is intended to be dangling.
[WARNING RSZ-0104] Net pp15_34 only has one pin. Check if it is intended to be dangling.
[WARNING RSZ-0104] Net pn15_33 only has one pin. Check if it is intended to be dangling.
[WARNING RSZ-0104] Net pp15_33 only has one pin. Check if it is intended to be dangling.
[WARNING RSZ-0104] Net pp15_32 only has one pin. Check if it is intended to be dangling.
[WARNING RSZ-0104] Net pn15_30 only has one pin. Check if it is intended to be dangling.
[WARNING RSZ-0104] Net pn15_29 only has one pin. Check if it is intended to be dangling.
[WARNING RSZ-0104] Net pp15_28 only has one pin. Check if it is intended to be dangling.
[WARNING RSZ-0104] Net pn15_27 only has one pin. Check if it is intended to be dangling.
[WARNING RSZ-0104] Net pn15_26 only has one pin. Check if it is intended to be dangling.
[WARNING RSZ-0104] Net pp15_25 only has one pin. Check if it is intended to be dangling.
[WARNING RSZ-0104] Net pn15_24 only has one pin. Check if it is intended to be dangling.
[WARNING RSZ-0104] Net pp15_24 only has one pin. Check if it is intended to be dangling.
[WARNING RSZ-0104] Net pn15_21 only has one pin. Check if it is intended to be dangling.
[WARNING RSZ-0104] Net pp15_21 only has one pin. Check if it is intended to be dangling.
[WARNING RSZ-0104] Net pn15_20 only has one pin. Check if it is intended to be dangling.
[WARNING RSZ-0104] Net pn15_2 only has one pin. Check if it is intended to be dangling.
[WARNING RSZ-0104] Net pn15_19 only has one pin. Check if it is intended to be dangling.
[WARNING RSZ-0104] Net pp15_19 only has one pin. Check if it is intended to be dangling.
[WARNING RSZ-0104] Net pp15_16 only has one pin. Check if it is intended to be dangling.
[WARNING RSZ-0104] Net pn15_14 only has one pin. Check if it is intended to be dangling.
[WARNING RSZ-0104] Net pp15_14 only has one pin. Check if it is intended to be dangling.
[WARNING RSZ-0104] Net pn15_13 only has one pin. Check if it is intended to be dangling.
[WARNING RSZ-0104] Net pn15_12 only has one pin. Check if it is intended to be dangling.
[WARNING RSZ-0104] Net pn15_11 only has one pin. Check if it is intended to be dangling.
[WARNING RSZ-0104] Net pp15_11 only has one pin. Check if it is intended to be dangling.
[WARNING RSZ-0104] Net pn15_0 only has one pin. Check if it is intended to be dangling.
[WARNING RSZ-0104] Net pp15_0 only has one pin. Check if it is intended to be dangling.
[WARNING RSZ-0104] Net pn14_9 only has one pin. Check if it is intended to be dangling.
[WARNING RSZ-0104] Net pp14_9 only has one pin. Check if it is intended to be dangling.
[WARNING RSZ-0104] Net pn14_5 only has one pin. Check if it is intended to be dangling.
[WARNING RSZ-0104] Net pp14_5 only has one pin. Check if it is intended to be dangling.
[WARNING RSZ-0104] Net pn14_4 only has one pin. Check if it is intended to be dangling.
[WARNING RSZ-0104] Net pp14_38 only has one pin. Check if it is intended to be dangling.
[WARNING RSZ-0104] Net pn14_37 only has one pin. Check if it is intended to be dangling.
[WARNING RSZ-0104] Net pp14_37 only has one pin. Check if it is intended to be dangling.
[WARNING RSZ-0104] Net pn14_35 only has one pin. Check if it is intended to be dangling.
[WARNING RSZ-0104] Net pp14_35 only has one pin. Check if it is intended to be dangling.
[WARNING RSZ-0104] Net pn14_34 only has one pin. Check if it is intended to be dangling.
[WARNING RSZ-0104] Net pp14_33 only has one pin. Check if it is intended to be dangling.
[WARNING RSZ-0104] Net pn14_31 only has one pin. Check if it is intended to be dangling.
[WARNING RSZ-0104] Net pp14_31 only has one pin. Check if it is intended to be dangling.
[WARNING RSZ-0104] Net pn14_30 only has one pin. Check if it is intended to be dangling.
[WARNING RSZ-0104] Net pp14_30 only has one pin. Check if it is intended to be dangling.
[WARNING RSZ-0104] Net pn14_29 only has one pin. Check if it is intended to be dangling.
[WARNING RSZ-0104] Net pp14_28 only has one pin. Check if it is intended to be dangling.
[WARNING RSZ-0104] Net pn14_27 only has one pin. Check if it is intended to be dangling.
[WARNING RSZ-0104] Net pn14_26 only has one pin. Check if it is intended to be dangling.
[WARNING RSZ-0104] Net pn14_25 only has one pin. Check if it is intended to be dangling.
[WARNING RSZ-0104] Net pp14_24 only has one pin. Check if it is intended to be dangling.
[WARNING RSZ-0104] Net pp14_23 only has one pin. Check if it is intended to be dangling.
[WARNING RSZ-0104] Net pn14_22 only has one pin. Check if it is intended to be dangling.
[WARNING RSZ-0104] Net pp14_20 only has one pin. Check if it is intended to be dangling.
[WARNING RSZ-0104] Net pp14_2 only has one pin. Check if it is intended to be dangling.
[WARNING RSZ-0104] Net pp14_19 only has one pin. Check if it is intended to be dangling.
[WARNING RSZ-0104] Net pn14_18 only has one pin. Check if it is intended to be dangling.
[WARNING RSZ-0104] Net pp14_18 only has one pin. Check if it is intended to be dangling.
[WARNING RSZ-0104] Net pp14_17 only has one pin. Check if it is intended to be dangling.
[WARNING RSZ-0104] Net pn14_16 only has one pin. Check if it is intended to be dangling.
[WARNING RSZ-0104] Net pp14_16 only has one pin. Check if it is intended to be dangling.
[WARNING RSZ-0104] Net pn14_11 only has one pin. Check if it is intended to be dangling.
[WARNING RSZ-0104] Net pn14_0 only has one pin. Check if it is intended to be dangling.
[WARNING RSZ-0104] Net pp14_0 only has one pin. Check if it is intended to be dangling.
[WARNING RSZ-0104] Net pn13_9 only has one pin. Check if it is intended to be dangling.
[WARNING RSZ-0104] Net pp13_9 only has one pin. Check if it is intended to be dangling.
[WARNING RSZ-0104] Net pn13_6 only has one pin. Check if it is intended to be dangling.
[WARNING RSZ-0104] Net pp13_6 only has one pin. Check if it is intended to be dangling.
[WARNING RSZ-0104] Net pn13_5 only has one pin. Check if it is intended to be dangling.
[WARNING RSZ-0104] Net pp13_4 only has one pin. Check if it is intended to be dangling.
[WARNING RSZ-0104] Net pn13_39 only has one pin. Check if it is intended to be dangling.
[WARNING RSZ-0104] Net pp13_38 only has one pin. Check if it is intended to be dangling.
[WARNING RSZ-0104] Net pn13_37 only has one pin. Check if it is intended to be dangling.
[WARNING RSZ-0104] Net pn13_36 only has one pin. Check if it is intended to be dangling.
[WARNING RSZ-0104] Net pp13_35 only has one pin. Check if it is intended to be dangling.
[WARNING RSZ-0104] Net pn13_34 only has one pin. Check if it is intended to be dangling.
[WARNING RSZ-0104] Net pp13_34 only has one pin. Check if it is intended to be dangling.
[WARNING RSZ-0104] Net pp13_33 only has one pin. Check if it is intended to be dangling.
[WARNING RSZ-0104] Net pn13_32 only has one pin. Check if it is intended to be dangling.
[WARNING RSZ-0104] Net pp13_32 only has one pin. Check if it is intended to be dangling.
[WARNING RSZ-0104] Net pn13_31 only has one pin. Check if it is intended to be dangling.
[WARNING RSZ-0104] Net pp13_31 only has one pin. Check if it is intended to be dangling.
[WARNING RSZ-0104] Net pn13_30 only has one pin. Check if it is intended to be dangling.
[WARNING RSZ-0104] Net pp13_30 only has one pin. Check if it is intended to be dangling.
[WARNING RSZ-0104] Net pn13_29 only has one pin. Check if it is intended to be dangling.
[WARNING RSZ-0104] Net pn13_28 only has one pin. Check if it is intended to be dangling.
[WARNING RSZ-0104] Net pp13_28 only has one pin. Check if it is intended to be dangling.
[WARNING RSZ-0104] Net pn13_26 only has one pin. Check if it is intended to be dangling.
[WARNING RSZ-0104] Net pp13_26 only has one pin. Check if it is intended to be dangling.
[WARNING RSZ-0104] Net pn13_25 only has one pin. Check if it is intended to be dangling.
[WARNING RSZ-0104] Net pp13_25 only has one pin. Check if it is intended to be dangling.
[WARNING RSZ-0104] Net pp13_24 only has one pin. Check if it is intended to be dangling.
[WARNING RSZ-0104] Net pn13_23 only has one pin. Check if it is intended to be dangling.
[WARNING RSZ-0104] Net pp13_22 only has one pin. Check if it is intended to be dangling.
[WARNING RSZ-0104] Net pn13_20 only has one pin. Check if it is intended to be dangling.
[WARNING RSZ-0104] Net pn13_17 only has one pin. Check if it is intended to be dangling.
[WARNING RSZ-0104] Net pn13_14 only has one pin. Check if it is intended to be dangling.
[WARNING RSZ-0104] Net pp13_14 only has one pin. Check if it is intended to be dangling.
[WARNING RSZ-0104] Net pn13_12 only has one pin. Check if it is intended to be dangling.
[WARNING RSZ-0104] Net pp13_11 only has one pin. Check if it is intended to be dangling.
[WARNING RSZ-0104] Net pp13_10 only has one pin. Check if it is intended to be dangling.
[WARNING RSZ-0104] Net pp13_1 only has one pin. Check if it is intended to be dangling.
[WARNING RSZ-0104] Net pp12_5 only has one pin. Check if it is intended to be dangling.
[WARNING RSZ-0104] Net pp12_4 only has one pin. Check if it is intended to be dangling.
[WARNING RSZ-0104] Net pn12_39 only has one pin. Check if it is intended to be dangling.
[WARNING RSZ-0104] Net pp12_39 only has one pin. Check if it is intended to be dangling.
[WARNING RSZ-0104] Net pn12_37 only has one pin. Check if it is intended to be dangling.
[WARNING RSZ-0104] Net pp12_37 only has one pin. Check if it is intended to be dangling.
[WARNING RSZ-0104] Net pn12_36 only has one pin. Check if it is intended to be dangling.
[WARNING RSZ-0104] Net pp12_36 only has one pin. Check if it is intended to be dangling.
[WARNING RSZ-0104] Net pn12_35 only has one pin. Check if it is intended to be dangling.
[WARNING RSZ-0104] Net pn12_34 only has one pin. Check if it is intended to be dangling.
[WARNING RSZ-0104] Net pp12_34 only has one pin. Check if it is intended to be dangling.
[WARNING RSZ-0104] Net pp12_33 only has one pin. Check if it is intended to be dangling.
[WARNING RSZ-0104] Net pn12_32 only has one pin. Check if it is intended to be dangling.
[WARNING RSZ-0104] Net pp12_32 only has one pin. Check if it is intended to be dangling.
[WARNING RSZ-0104] Net pn12_31 only has one pin. Check if it is intended to be dangling.
[WARNING RSZ-0104] Net pp12_31 only has one pin. Check if it is intended to be dangling.
[WARNING RSZ-0104] Net pp12_3 only has one pin. Check if it is intended to be dangling.
[WARNING RSZ-0104] Net pn12_29 only has one pin. Check if it is intended to be dangling.
[WARNING RSZ-0104] Net pn12_28 only has one pin. Check if it is intended to be dangling.
[WARNING RSZ-0104] Net pp12_28 only has one pin. Check if it is intended to be dangling.
[WARNING RSZ-0104] Net pp12_25 only has one pin. Check if it is intended to be dangling.
[WARNING RSZ-0104] Net pp12_22 only has one pin. Check if it is intended to be dangling.
[WARNING RSZ-0104] Net pp12_21 only has one pin. Check if it is intended to be dangling.
[WARNING RSZ-0104] Net pn12_20 only has one pin. Check if it is intended to be dangling.
[WARNING RSZ-0104] Net pp12_20 only has one pin. Check if it is intended to be dangling.
[WARNING RSZ-0104] Net pn12_2 only has one pin. Check if it is intended to be dangling.
[WARNING RSZ-0104] Net pn12_19 only has one pin. Check if it is intended to be dangling.
[WARNING RSZ-0104] Net pn12_17 only has one pin. Check if it is intended to be dangling.
[WARNING RSZ-0104] Net pp12_17 only has one pin. Check if it is intended to be dangling.
[WARNING RSZ-0104] Net pp12_15 only has one pin. Check if it is intended to be dangling.
[WARNING RSZ-0104] Net pp12_14 only has one pin. Check if it is intended to be dangling.
[WARNING RSZ-0104] Net pp12_13 only has one pin. Check if it is intended to be dangling.
[WARNING RSZ-0104] Net pn12_12 only has one pin. Check if it is intended to be dangling.
[WARNING RSZ-0104] Net pp12_11 only has one pin. Check if it is intended to be dangling.
[WARNING RSZ-0104] Net pn12_1 only has one pin. Check if it is intended to be dangling.
[WARNING RSZ-0104] Net pp12_0 only has one pin. Check if it is intended to be dangling.
[WARNING RSZ-0104] Net pp11_8 only has one pin. Check if it is intended to be dangling.
[WARNING RSZ-0104] Net pn11_7 only has one pin. Check if it is intended to be dangling.
[WARNING RSZ-0104] Net pp11_7 only has one pin. Check if it is intended to be dangling.
[WARNING RSZ-0104] Net pp11_6 only has one pin. Check if it is intended to be dangling.
[WARNING RSZ-0104] Net pn11_39 only has one pin. Check if it is intended to be dangling.
[WARNING RSZ-0104] Net pn11_37 only has one pin. Check if it is intended to be dangling.
[WARNING RSZ-0104] Net pp11_37 only has one pin. Check if it is intended to be dangling.
[WARNING RSZ-0104] Net pn11_36 only has one pin. Check if it is intended to be dangling.
[WARNING RSZ-0104] Net pp11_35 only has one pin. Check if it is intended to be dangling.
[WARNING RSZ-0104] Net pn11_34 only has one pin. Check if it is intended to be dangling.
[WARNING RSZ-0104] Net pp11_34 only has one pin. Check if it is intended to be dangling.
[WARNING RSZ-0104] Net pp11_33 only has one pin. Check if it is intended to be dangling.
[WARNING RSZ-0104] Net pn11_32 only has one pin. Check if it is intended to be dangling.
[WARNING RSZ-0104] Net pp11_32 only has one pin. Check if it is intended to be dangling.
[WARNING RSZ-0104] Net pp11_31 only has one pin. Check if it is intended to be dangling.
[WARNING RSZ-0104] Net pn11_30 only has one pin. Check if it is intended to be dangling.
[WARNING RSZ-0104] Net pn11_29 only has one pin. Check if it is intended to be dangling.
[WARNING RSZ-0104] Net pp11_29 only has one pin. Check if it is intended to be dangling.
[WARNING RSZ-0104] Net pp11_28 only has one pin. Check if it is intended to be dangling.
[WARNING RSZ-0104] Net pp11_27 only has one pin. Check if it is intended to be dangling.
[WARNING RSZ-0104] Net pp11_26 only has one pin. Check if it is intended to be dangling.
[WARNING RSZ-0104] Net pp11_25 only has one pin. Check if it is intended to be dangling.
[WARNING RSZ-0104] Net pn11_24 only has one pin. Check if it is intended to be dangling.
[WARNING RSZ-0104] Net pp11_24 only has one pin. Check if it is intended to be dangling.
[WARNING RSZ-0104] Net pn11_23 only has one pin. Check if it is intended to be dangling.
[WARNING RSZ-0104] Net pp11_23 only has one pin. Check if it is intended to be dangling.
    11000 |     +0.0% |       0 |       0 |             0 |      3903
[WARNING RSZ-0104] Net pn11_21 only has one pin. Check if it is intended to be dangling.
[WARNING RSZ-0104] Net pp11_21 only has one pin. Check if it is intended to be dangling.
[WARNING RSZ-0104] Net pn11_20 only has one pin. Check if it is intended to be dangling.
[WARNING RSZ-0104] Net pp11_20 only has one pin. Check if it is intended to be dangling.
[WARNING RSZ-0104] Net pn11_19 only has one pin. Check if it is intended to be dangling.
[WARNING RSZ-0104] Net pn11_18 only has one pin. Check if it is intended to be dangling.
[WARNING RSZ-0104] Net pp11_17 only has one pin. Check if it is intended to be dangling.
[WARNING RSZ-0104] Net pn11_16 only has one pin. Check if it is intended to be dangling.
[WARNING RSZ-0104] Net pn11_15 only has one pin. Check if it is intended to be dangling.
[WARNING RSZ-0104] Net pn11_13 only has one pin. Check if it is intended to be dangling.
[WARNING RSZ-0104] Net pn11_12 only has one pin. Check if it is intended to be dangling.
[WARNING RSZ-0104] Net pn11_11 only has one pin. Check if it is intended to be dangling.
[WARNING RSZ-0104] Net pp11_11 only has one pin. Check if it is intended to be dangling.
[WARNING RSZ-0104] Net pp11_0 only has one pin. Check if it is intended to be dangling.
[WARNING RSZ-0104] Net pn10_8 only has one pin. Check if it is intended to be dangling.
[WARNING RSZ-0104] Net pp10_8 only has one pin. Check if it is intended to be dangling.
[WARNING RSZ-0104] Net pn10_7 only has one pin. Check if it is intended to be dangling.
[WARNING RSZ-0104] Net pn10_5 only has one pin. Check if it is intended to be dangling.
[WARNING RSZ-0104] Net pn10_4 only has one pin. Check if it is intended to be dangling.
[WARNING RSZ-0104] Net pp10_4 only has one pin. Check if it is intended to be dangling.
[WARNING RSZ-0104] Net pn10_39 only has one pin. Check if it is intended to be dangling.
[WARNING RSZ-0104] Net pp10_39 only has one pin. Check if it is intended to be dangling.
[WARNING RSZ-0104] Net pn10_37 only has one pin. Check if it is intended to be dangling.
[WARNING RSZ-0104] Net pp10_37 only has one pin. Check if it is intended to be dangling.
[WARNING RSZ-0104] Net pn10_36 only has one pin. Check if it is intended to be dangling.
[WARNING RSZ-0104] Net pn10_35 only has one pin. Check if it is intended to be dangling.
[WARNING RSZ-0104] Net pp10_35 only has one pin. Check if it is intended to be dangling.
[WARNING RSZ-0104] Net pn10_34 only has one pin. Check if it is intended to be dangling.
[WARNING RSZ-0104] Net pn10_33 only has one pin. Check if it is intended to be dangling.
[WARNING RSZ-0104] Net pp10_33 only has one pin. Check if it is intended to be dangling.
[WARNING RSZ-0104] Net pn10_32 only has one pin. Check if it is intended to be dangling.
[WARNING RSZ-0104] Net pp10_32 only has one pin. Check if it is intended to be dangling.
[WARNING RSZ-0104] Net pn10_30 only has one pin. Check if it is intended to be dangling.
[WARNING RSZ-0104] Net pp10_30 only has one pin. Check if it is intended to be dangling.
[WARNING RSZ-0104] Net pn10_29 only has one pin. Check if it is intended to be dangling.
[WARNING RSZ-0104] Net pn10_26 only has one pin. Check if it is intended to be dangling.
[WARNING RSZ-0104] Net pp10_26 only has one pin. Check if it is intended to be dangling.
[WARNING RSZ-0104] Net pn10_25 only has one pin. Check if it is intended to be dangling.
[WARNING RSZ-0104] Net pn10_24 only has one pin. Check if it is intended to be dangling.
[WARNING RSZ-0104] Net pn10_23 only has one pin. Check if it is intended to be dangling.
[WARNING RSZ-0104] Net pn10_21 only has one pin. Check if it is intended to be dangling.
[WARNING RSZ-0104] Net pn10_18 only has one pin. Check if it is intended to be dangling.
[WARNING RSZ-0104] Net pp10_18 only has one pin. Check if it is intended to be dangling.
[WARNING RSZ-0104] Net pp10_16 only has one pin. Check if it is intended to be dangling.
[WARNING RSZ-0104] Net pn10_14 only has one pin. Check if it is intended to be dangling.
[WARNING RSZ-0104] Net pn10_13 only has one pin. Check if it is intended to be dangling.
[WARNING RSZ-0104] Net pn10_12 only has one pin. Check if it is intended to be dangling.
[WARNING RSZ-0104] Net pp10_11 only has one pin. Check if it is intended to be dangling.
[WARNING RSZ-0104] Net pn10_10 only has one pin. Check if it is intended to be dangling.
[WARNING RSZ-0104] Net pp10_10 only has one pin. Check if it is intended to be dangling.
[WARNING RSZ-0104] Net pn10_1 only has one pin. Check if it is intended to be dangling.
[WARNING RSZ-0104] Net pn0_9 only has one pin. Check if it is intended to be dangling.
[WARNING RSZ-0104] Net pn0_7 only has one pin. Check if it is intended to be dangling.
[WARNING RSZ-0104] Net pp0_7 only has one pin. Check if it is intended to be dangling.
[WARNING RSZ-0104] Net pp0_6 only has one pin. Check if it is intended to be dangling.
[WARNING RSZ-0104] Net pn0_5 only has one pin. Check if it is intended to be dangling.
[WARNING RSZ-0104] Net pn0_4 only has one pin. Check if it is intended to be dangling.
[WARNING RSZ-0104] Net pp0_4 only has one pin. Check if it is intended to be dangling.
[WARNING RSZ-0104] Net pn0_39 only has one pin. Check if it is intended to be dangling.
[WARNING RSZ-0104] Net pn0_38 only has one pin. Check if it is intended to be dangling.
[WARNING RSZ-0104] Net pn0_36 only has one pin. Check if it is intended to be dangling.
[WARNING RSZ-0104] Net pp0_35 only has one pin. Check if it is intended to be dangling.
[WARNING RSZ-0104] Net pp0_34 only has one pin. Check if it is intended to be dangling.
[WARNING RSZ-0104] Net pn0_33 only has one pin. Check if it is intended to be dangling.
[WARNING RSZ-0104] Net pp0_33 only has one pin. Check if it is intended to be dangling.
[WARNING RSZ-0104] Net pn0_32 only has one pin. Check if it is intended to be dangling.
[WARNING RSZ-0104] Net pn0_31 only has one pin. Check if it is intended to be dangling.
[WARNING RSZ-0104] Net pp0_31 only has one pin. Check if it is intended to be dangling.
[WARNING RSZ-0104] Net pn0_30 only has one pin. Check if it is intended to be dangling.
[WARNING RSZ-0104] Net pp0_30 only has one pin. Check if it is intended to be dangling.
[WARNING RSZ-0104] Net pn0_3 only has one pin. Check if it is intended to be dangling.
[WARNING RSZ-0104] Net pn0_29 only has one pin. Check if it is intended to be dangling.
[WARNING RSZ-0104] Net pp0_29 only has one pin. Check if it is intended to be dangling.
[WARNING RSZ-0104] Net pn0_28 only has one pin. Check if it is intended to be dangling.
[WARNING RSZ-0104] Net pp0_26 only has one pin. Check if it is intended to be dangling.
[WARNING RSZ-0104] Net pn0_25 only has one pin. Check if it is intended to be dangling.
[WARNING RSZ-0104] Net pn0_23 only has one pin. Check if it is intended to be dangling.
[WARNING RSZ-0104] Net pn0_22 only has one pin. Check if it is intended to be dangling.
[WARNING RSZ-0104] Net pp0_22 only has one pin. Check if it is intended to be dangling.
[WARNING RSZ-0104] Net pp0_21 only has one pin. Check if it is intended to be dangling.
[WARNING RSZ-0104] Net pn0_20 only has one pin. Check if it is intended to be dangling.
[WARNING RSZ-0104] Net pp0_20 only has one pin. Check if it is intended to be dangling.
[WARNING RSZ-0104] Net pp0_2 only has one pin. Check if it is intended to be dangling.
[WARNING RSZ-0104] Net pp0_19 only has one pin. Check if it is intended to be dangling.
[WARNING RSZ-0104] Net pp0_18 only has one pin. Check if it is intended to be dangling.
[WARNING RSZ-0104] Net pn0_17 only has one pin. Check if it is intended to be dangling.
[WARNING RSZ-0104] Net pn0_16 only has one pin. Check if it is intended to be dangling.
[WARNING RSZ-0104] Net pp0_16 only has one pin. Check if it is intended to be dangling.
[WARNING RSZ-0104] Net pn0_15 only has one pin. Check if it is intended to be dangling.
[WARNING RSZ-0104] Net pn0_11 only has one pin. Check if it is intended to be dangling.
[WARNING RSZ-0104] Net pn0_1 only has one pin. Check if it is intended to be dangling.
[WARNING RSZ-0104] Net pp0_1 only has one pin. Check if it is intended to be dangling.
[WARNING RSZ-0104] Net pp0_0 only has one pin. Check if it is intended to be dangling.
    12000 |     +0.0% |       0 |       0 |             0 |      2903
    13000 |     +0.0% |       0 |       0 |             0 |      1903
    14000 |     +0.0% |       0 |       0 |             0 |       903
    final |     +0.0% |       0 |       0 |             0 |         0
---------------------------------------------------------------------
[INFO RSZ-0504] Runtime: 2.30s
global_route -start_incremental
detailed_placement
[INFO DPL-0006] Core area: 312155.63 um^2
[INFO DPL-0007] Movable instances area: 211198.81 um^2
[INFO DPL-0008] Fixed instances area within core: 5179.97 um^2
[INFO DPL-0009] Utilization: 69.3%
[INFO DPL-0005] Diamond search max displacement: +/- 500 sites horizontally, +/- 100 rows vertically.
[INFO DPL-1102] Legalizing using negotiation legalizer.
[INFO DPL-1103] Negotiation base search window: +/-20 sites horizontally, +/-5 rows vertically 
	Automatic search window extension enabled.
	Search window extendable up to the max displacement cap of +/-500 sites, +/-100 rows near walls.
[INFO DPL-1104] NegotiationLegalizer DRC penalty: 5.
[INFO DPL-0392] Negotiation cell height distribution (1 unique row-count(s)):
[INFO DPL-0393]   height 1 row(s): 18943 cells
[INFO DPL-0500] Runtime: 0.16s
Detailed Placement Analysis
---------------------------------
legalizer            negotiation
total moves                   0
total displacement          0.0 u
average displacement        0.0 u
max displacement            0.0 u
original HPWL          333070.6 u
legalized HPWL         333070.6 u
delta HPWL                    0 %

global_route -end_incremental -congestion_report_file /work/orfs/reports/sky130hd/s_ubp4_n64_u60/base/congestion_post_repair_design.rpt
Repair setup and hold violations...
estimate_parasitics -global_routing
repair_timing -setup_margin 0 -hold_margin 0 -repair_tns 100 -verbose
[INFO RSZ-0100] Repair move sequence: UnbufferMove SizeUpMove SwapPinsMove BufferMove CloneMove SplitLoadMove 
[INFO RSZ-0098] No setup violations found
[INFO RSZ-0505] Runtime: 1.45s
[INFO RSZ-0033] No hold violations found.
[INFO RSZ-0506] Runtime: 0.70s
global_route -start_incremental
detailed_placement
[INFO DPL-0006] Core area: 312155.63 um^2
[INFO DPL-0007] Movable instances area: 211198.81 um^2
[INFO DPL-0008] Fixed instances area within core: 5179.97 um^2
[INFO DPL-0009] Utilization: 69.3%
[INFO DPL-0005] Diamond search max displacement: +/- 500 sites horizontally, +/- 100 rows vertically.
[INFO DPL-1102] Legalizing using negotiation legalizer.
[INFO DPL-1103] Negotiation base search window: +/-20 sites horizontally, +/-5 rows vertically 
	Automatic search window extension enabled.
	Search window extendable up to the max displacement cap of +/-500 sites, +/-100 rows near walls.
[INFO DPL-1104] NegotiationLegalizer DRC penalty: 5.
[INFO DPL-0392] Negotiation cell height distribution (1 unique row-count(s)):
[INFO DPL-0393]   height 1 row(s): 18943 cells
[INFO DPL-0500] Runtime: 0.17s
Detailed Placement Analysis
---------------------------------
legalizer            negotiation
total moves                   0
total displacement          0.0 u
average displacement        0.0 u
max displacement            0.0 u
original HPWL          333070.6 u
legalized HPWL         333070.6 u
delta HPWL                    0 %

check_placement -verbose
global_route -end_incremental -congestion_report_file /work/orfs/reports/sky130hd/s_ubp4_n64_u60/base/congestion_post_repair_timing.rpt
estimate_parasitics -global_routing
global_route -start_incremental
global_route -end_incremental -congestion_report_file /work/orfs/reports/sky130hd/s_ubp4_n64_u60/base/congestion_post_recover_power.rpt
Repair antennas...
[INFO GRT-0012] Found 51 antenna violations.
[INFO GRT-0302] Inserted 50 jumpers for 49 nets.
[INFO GRT-0012] Found 2 antenna violations.
[WARNING GRT-0243] Unable to repair antennas on net with diodes.
[INFO DPL-0501] Legalized with 80 moves: displacement total 13.3 u, max 9.1 u; HPWL 333083.2 -> 333085.5 u (+0.0 %).
[INFO DPL-0500] Runtime: 0.25s
[INFO GRT-0015] Inserted 2 diodes.
[INFO GRT-0012] Found 0 antenna violations.
[INFO ANT-0002] Found 0 net violations.
[INFO ANT-0001] Found 0 pin violations.
Estimate parasitics...
estimate_parasitics -global_routing
Report metrics stage 5, global route...

==========================================================================
global route report_design_area
--------------------------------------------------------------------------
Design area 216384 um^2 69% utilization.
[INFO FLW-0007] clock clk period 3.000000
[INFO FLW-0008] Clock clk period 2.029
[INFO FLW-0009] Clock clk slack 0.864
write_sdc -no_timestamp /work/orfs/results/sky130hd/s_ubp4_n64_u60/base/updated_clks.sdc
[INFO FLW-0011] Path endpoint path count 7187
write_db /work/orfs/results/sky130hd/s_ubp4_n64_u60/base/5_1_grt.odb
write_sdc -no_timestamp /work/orfs/results/sky130hd/s_ubp4_n64_u60/base/5_1_grt.sdc
Elapsed time: 8:17.75[h:]min:sec. CPU time: user 324.62 sys 1.36 (65%). Peak memory: 511268KB.
Log                       Ext     Elapsed/s Peak Memory/MB sha1sum result [0:20)
5_1_grt                   .odb          497            499 5b59598198b842e0365a
5_1_grt                   .sdc                             9fd7445c262a15275321
/OpenROAD-flow-scripts/flow/scripts/flow.sh 5_2_route detail_route
Running detail_route.tcl, stage 5_2_route
read_liberty /OpenROAD-flow-scripts/flow/platforms/sky130hd/lib/sky130_fd_sc_hd__tt_025C_1v80.lib
read_db /work/orfs/results/sky130hd/s_ubp4_n64_u60/base/5_1_grt.odb
read_sdc /work/orfs/results/sky130hd/s_ubp4_n64_u60/base/5_1_grt.sdc
source /OpenROAD-flow-scripts/flow/platforms/sky130hd/setRC.tcl
detailed_route -output_drc /work/orfs/reports/sky130hd/s_ubp4_n64_u60/base/5_route_drc.rpt -output_maze /work/orfs/results/sky130hd/s_ubp4_n64_u60/base/maze.log -droute_end_iter 64 -verbose 1 -drc_report_iter_step 5
[INFO DRT-0149] Reading tech and libs.
[WARNING DRT-0349] LEF58_ENCLOSURE with no CUTCLASS is not supported. Skipping for layer mcon
[WARNING DRT-0349] LEF58_ENCLOSURE with no CUTCLASS is not supported. Skipping for layer mcon
[WARNING DRT-0349] LEF58_ENCLOSURE with no CUTCLASS is not supported. Skipping for layer via
[WARNING DRT-0349] LEF58_ENCLOSURE with no CUTCLASS is not supported. Skipping for layer via
[WARNING DRT-0349] LEF58_ENCLOSURE with no CUTCLASS is not supported. Skipping for layer via2
[WARNING DRT-0349] LEF58_ENCLOSURE with no CUTCLASS is not supported. Skipping for layer via2
[WARNING DRT-0349] LEF58_ENCLOSURE with no CUTCLASS is not supported. Skipping for layer via3
[WARNING DRT-0349] LEF58_ENCLOSURE with no CUTCLASS is not supported. Skipping for layer via3
[WARNING DRT-0349] LEF58_ENCLOSURE with no CUTCLASS is not supported. Skipping for layer via4
[WARNING DRT-0349] LEF58_ENCLOSURE with no CUTCLASS is not supported. Skipping for layer via4

Units:                1000
Number of layers:     13
Number of macros:     441
Number of vias:       29
Number of viarulegen: 25

[INFO DRT-0150] Reading design.

Design:                   top
Die area:                 ( 0 0 ) ( 564425 564425 )
Number of track patterns: 12
Number of DEF vias:       0
Number of components:     18945
Number of terminals:      132
Number of snets:          2
Number of nets:           14406

[INFO DRT-0167] List of default vias:
  Layer via
    default via: M1M2_PR
  Layer via2
    default via: M2M3_PR
  Layer via3
    default via: M3M4_PR
  Layer via4
    default via: M4M5_PR
[INFO DRT-0162] Library cell analysis.
[INFO DRT-0163] Instance analysis.
[INFO DRT-0164] Number of unique instances = 54.
[INFO DRT-0168] Init region query.
[INFO DRT-0024]   Complete FR_MASTERSLICE.
[INFO DRT-0024]   Complete Fr_VIA.
[INFO DRT-0024]   Complete li1.
[INFO DRT-0024]   Complete mcon.
[INFO DRT-0024]   Complete met1.
[INFO DRT-0024]   Complete via.
[INFO DRT-0024]   Complete met2.
[INFO DRT-0024]   Complete via2.
[INFO DRT-0024]   Complete met3.
[INFO DRT-0024]   Complete via3.
[INFO DRT-0024]   Complete met4.
[INFO DRT-0024]   Complete via4.
[INFO DRT-0024]   Complete met5.
[INFO DRT-0033] FR_MASTERSLICE shape region query size = 0.
[INFO DRT-0033] FR_VIA shape region query size = 0.
[INFO DRT-0033] li1 shape region query size = 645655.
[INFO DRT-0033] mcon shape region query size = 388948.
[INFO DRT-0033] met1 shape region query size = 100379.
[INFO DRT-0033] via shape region query size = 21115.
[INFO DRT-0033] met2 shape region query size = 12730.
[INFO DRT-0033] via2 shape region query size = 16892.
[INFO DRT-0033] met3 shape region query size = 12738.
[INFO DRT-0033] via3 shape region query size = 16892.
[INFO DRT-0033] met4 shape region query size = 5105.
[INFO DRT-0033] via4 shape region query size = 841.
[INFO DRT-0033] met5 shape region query size = 923.
[INFO DRT-0165] Start pin access.
[INFO DRT-0078]   Complete 340 pins.
[INFO DRT-0081]   Complete 54 unique inst patterns.
[INFO DRT-0084]   Complete 9444 groups.
#scanned instances     = 18945
#unique  instances     = 54
#stdCellGenAp          = 886
#stdCellValidPlanarAp  = 38
#stdCellValidViaAp     = 672
#stdCellPinNoAp        = 0
#stdCellPinCnt         = 45052
#instTermValidViaApCnt = 0
#macroGenAp            = 0
#macroValidPlanarAp    = 0
#macroValidViaAp       = 0
#macroNoAp             = 0
[INFO DRT-0166] Complete pin access.
[INFO DRT-0267] cpu time = 00:04:38, elapsed time = 00:07:02, memory = 366.15 (MB), peak = 372.72 (MB)

[INFO DRT-0157] Number of guides:     90644

[INFO DRT-0169] Post process guides.
[INFO DRT-0176] GCELLGRID X 0 DO 81 STEP 6900 ;
[INFO DRT-0177] GCELLGRID Y 0 DO 81 STEP 6900 ;
[INFO DRT-0028]   Complete FR_MASTERSLICE.
[INFO DRT-0028]   Complete Fr_VIA.
[INFO DRT-0028]   Complete li1.
[INFO DRT-0028]   Complete mcon.
[INFO DRT-0028]   Complete met1.
[INFO DRT-0028]   Complete via.
[INFO DRT-0028]   Complete met2.
[INFO DRT-0028]   Complete via2.
[INFO DRT-0028]   Complete met3.
[INFO DRT-0028]   Complete via3.
[INFO DRT-0028]   Complete met4.
[INFO DRT-0028]   Complete via4.
[INFO DRT-0028]   Complete met5.
[INFO DRT-0178] Init guide query.
[INFO DRT-0035]   Complete FR_MASTERSLICE (guide).
[INFO DRT-0035]   Complete Fr_VIA (guide).
[INFO DRT-0035]   Complete li1 (guide).
[INFO DRT-0035]   Complete mcon (guide).
[INFO DRT-0035]   Complete met1 (guide).
[INFO DRT-0035]   Complete via (guide).
[INFO DRT-0035]   Complete met2 (guide).
[INFO DRT-0035]   Complete via2 (guide).
[INFO DRT-0035]   Complete met3 (guide).
[INFO DRT-0035]   Complete via3 (guide).
[INFO DRT-0035]   Complete met4 (guide).
[INFO DRT-0035]   Complete via4 (guide).
[INFO DRT-0035]   Complete met5 (guide).
[INFO DRT-0036] FR_MASTERSLICE guide region query size = 0.
[INFO DRT-0036] FR_VIA guide region query size = 0.
[INFO DRT-0036] li1 guide region query size = 34901.
[INFO DRT-0036] mcon guide region query size = 0.
[INFO DRT-0036] met1 guide region query size = 27196.
[INFO DRT-0036] via guide region query size = 0.
[INFO DRT-0036] met2 guide region query size = 11882.
[INFO DRT-0036] via2 guide region query size = 0.
[INFO DRT-0036] met3 guide region query size = 969.
[INFO DRT-0036] via3 guide region query size = 0.
[INFO DRT-0036] met4 guide region query size = 499.
[INFO DRT-0036] via4 guide region query size = 0.
[INFO DRT-0036] met5 guide region query size = 8.
[INFO DRT-0179] Init gr pin query.
[INFO DRT-0267] cpu time = 00:00:00, elapsed time = 00:00:00, memory = 389.81 (MB), peak = 389.56 (MB)
[INFO DRT-0245] skipped writing guide updates to database.
[INFO DRT-0181] Start track assignment.
[INFO DRT-0184] Done with 47282 vertical wires in 2 frboxes and 28173 horizontal wires in 2 frboxes.
[INFO DRT-0186] Done with 3107 vertical wires in 2 frboxes and 6935 horizontal wires in 2 frboxes.
[INFO DRT-0182] Complete track assignment.
[INFO DRT-0267] cpu time = 00:00:06, elapsed time = 00:00:09, memory = 464.96 (MB), peak = 542.70 (MB)
[INFO DRT-0187] Start routing data preparation.
[INFO DRT-0267] cpu time = 00:00:00, elapsed time = 00:00:00, memory = 465.03 (MB), peak = 542.70 (MB)
[INFO DRT-0194] Start detail routing.
[INFO DRT-0195] Start 0th optimization iteration.
    Completing 10% with 0 violations.
    elapsed time = 00:00:29, memory = 711.30 (MB).
    Completing 20% with 0 violations.
    elapsed time = 00:01:00, memory = 931.56 (MB).
    Completing 30% with 1173 violations.
    elapsed time = 00:01:27, memory = 918.00 (MB).
    Completing 40% with 1173 violations.
    elapsed time = 00:01:57, memory = 930.29 (MB).
    Completing 50% with 1173 violations.
    elapsed time = 00:02:23, memory = 1025.52 (MB).
    Completing 60% with 2390 violations.
    elapsed time = 00:02:56, memory = 1011.81 (MB).
    Completing 70% with 2390 violations.
    elapsed time = 00:03:25, memory = 1010.59 (MB).
    Completing 80% with 3591 violations.
    elapsed time = 00:03:59, memory = 1043.23 (MB).
    Completing 90% with 3591 violations.
    elapsed time = 00:04:31, memory = 1048.26 (MB).
    Completing 100% with 4748 violations.
    elapsed time = 00:04:58, memory = 1040.37 (MB).
[INFO DRT-0199]   Number of violations = 6103.
Viol/Layer         li1   mcon   met1    via   met2   met3   met4   met5
Cut Spacing          0     23      0      0      0      0      0      0
Metal Spacing        0      0   1043      0    194      4      2      0
Min Hole             0      0      1      0      0      0      0      0
Recheck             21      0    993      0    328      8      5      0
Short                0      2   3181      5    288      3      1      1
[INFO DRT-0267] cpu time = 00:03:17, elapsed time = 00:04:59, memory = 1025.01 (MB), peak = 1075.86 (MB)
Total wire length = 392277 um.
Total wire length on LAYER li1 = 0 um.
Total wire length on LAYER met1 = 200986 um.
Total wire length on LAYER met2 = 161786 um.
Total wire length on LAYER met3 = 16446 um.
Total wire length on LAYER met4 = 12958 um.
Total wire length on LAYER met5 = 100 um.
Total number of vias = 89728.
Up-via summary (total 89728):

------------------------
 FR_MASTERSLICE        0
            li1    45111
           met1    42776
           met2     1193
           met3      632
           met4       16
------------------------
               89728


[INFO DRT-0195] Start 1st optimization iteration.
    Completing 10% with 6103 violations.
    elapsed time = 00:00:27, memory = 1045.25 (MB).
    Completing 20% with 6103 violations.
    elapsed time = 00:00:57, memory = 1046.33 (MB).
    Completing 30% with 4884 violations.
    elapsed time = 00:01:21, memory = 1054.16 (MB).
    Completing 40% with 4884 violations.
    elapsed time = 00:01:46, memory = 1056.48 (MB).
    Completing 50% with 4884 violations.
    elapsed time = 00:02:12, memory = 1052.80 (MB).
    Completing 60% with 4001 violations.
    elapsed time = 00:02:39, memory = 1070.04 (MB).
    Completing 70% with 4001 violations.
    elapsed time = 00:03:07, memory = 1067.28 (MB).
    Completing 80% with 3005 violations.
    elapsed time = 00:03:38, memory = 1077.32 (MB).
    Completing 90% with 3005 violations.
    elapsed time = 00:04:06, memory = 1067.62 (MB).
    Completing 100% with 1664 violations.
    elapsed time = 00:04:31, memory = 1071.66 (MB).
[INFO DRT-0199]   Number of violations = 1664.
Viol/Layer        mcon   met1   met2   met3   met4
Cut Spacing          5      0      0      0      0
Metal Spacing        0    361     67      1      1
Min Hole             0      1      0      0      0
Short                0   1140     86      1      1
[INFO DRT-0267] cpu time = 00:02:59, elapsed time = 00:04:33, memory = 1068.59 (MB), peak = 1096.51 (MB)
Total wire length = 389072 um.
Total wire length on LAYER li1 = 0 um.
Total wire length on LAYER met1 = 199094 um.
Total wire length on LAYER met2 = 161050 um.
Total wire length on LAYER met3 = 16383 um.
Total wire length on LAYER met4 = 12452 um.
Total wire length on LAYER met5 = 92 um.
Total number of vias = 89072.
Up-via summary (total 89072):

------------------------
 FR_MASTERSLICE        0
            li1    45083
           met1    42201
           met2     1221
           met3      553
           met4       14
------------------------
               89072


[INFO DRT-0195] Start 2nd optimization iteration.
    Completing 10% with 1664 violations.
    elapsed time = 00:00:13, memory = 1092.07 (MB).
    Completing 20% with 1664 violations.
    elapsed time = 00:00:42, memory = 1093.38 (MB).
    Completing 30% with 1552 violations.
    elapsed time = 00:00:55, memory = 1063.98 (MB).
    Completing 40% with 1552 violations.
    elapsed time = 00:01:21, memory = 1086.94 (MB).
    Completing 50% with 1552 violations.
    elapsed time = 00:01:52, memory = 1085.14 (MB).
    Completing 60% with 1471 violations.
    elapsed time = 00:02:08, memory = 1090.73 (MB).
    Completing 70% with 1471 violations.
    elapsed time = 00:02:39, memory = 1087.46 (MB).
    Completing 80% with 1487 violations.
    elapsed time = 00:03:09, memory = 1092.49 (MB).
    Completing 90% with 1487 violations.
    elapsed time = 00:03:44, memory = 1092.12 (MB).
    Completing 100% with 1347 violations.
    elapsed time = 00:04:12, memory = 1113.96 (MB).
[INFO DRT-0199]   Number of violations = 1347.
Viol/Layer        mcon   met1   met2
Cut Spacing          1      0      0
Metal Spacing        0    310     59
Short                0    930     47
[INFO DRT-0267] cpu time = 00:02:46, elapsed time = 00:04:14, memory = 1114.32 (MB), peak = 1134.76 (MB)
Total wire length = 388596 um.
Total wire length on LAYER li1 = 0 um.
Total wire length on LAYER met1 = 199113 um.
Total wire length on LAYER met2 = 160848 um.
Total wire length on LAYER met3 = 16224 um.
Total wire length on LAYER met4 = 12317 um.
Total wire length on LAYER met5 = 92 um.
Total number of vias = 88937.
Up-via summary (total 88937):

------------------------
 FR_MASTERSLICE        0
            li1    45091
           met1    42123
           met2     1177
           met3      532
           met4       14
------------------------
               88937


[INFO DRT-0195] Start 3rd optimization iteration.
    Completing 10% with 1347 violations.
    elapsed time = 00:00:18, memory = 1132.22 (MB).
    Completing 20% with 1347 violations.
    elapsed time = 00:00:32, memory = 1131.23 (MB).
    Completing 30% with 1003 violations.
    elapsed time = 00:00:47, memory = 1129.32 (MB).
    Completing 40% with 1003 violations.
    elapsed time = 00:01:02, memory = 1119.41 (MB).
    Completing 50% with 1003 violations.
    elapsed time = 00:01:14, memory = 1110.03 (MB).
    Completing 60% with 716 violations.
    elapsed time = 00:01:29, memory = 1108.75 (MB).
    Completing 70% with 716 violations.
    elapsed time = 00:01:44, memory = 1119.51 (MB).
    Completing 80% with 364 violations.
    elapsed time = 00:01:58, memory = 1121.63 (MB).
    Completing 90% with 364 violations.
    elapsed time = 00:02:12, memory = 1102.87 (MB).
    Completing 100% with 28 violations.
    elapsed time = 00:02:23, memory = 1095.09 (MB).
[INFO DRT-0199]   Number of violations = 28.
Viol/Layer        met1   met2
Metal Spacing       14      3
Short               11      0
[INFO DRT-0267] cpu time = 00:01:34, elapsed time = 00:02:24, memory = 1113.35 (MB), peak = 1156.85 (MB)
Total wire length = 388279 um.
Total wire length on LAYER li1 = 0 um.
Total wire length on LAYER met1 = 192245 um.
Total wire length on LAYER met2 = 161346 um.
Total wire length on LAYER met3 = 22228 um.
Total wire length on LAYER met4 = 12367 um.
Total wire length on LAYER met5 = 92 um.
Total number of vias = 89969.
Up-via summary (total 89969):

------------------------
 FR_MASTERSLICE        0
            li1    45097
           met1    42605
           met2     1715
           met3      538
           met4       14
------------------------
               89969


[INFO DRT-0195] Start 4th guides tiles iteration.
    Completing 10% with 28 violations.
    elapsed time = 00:00:00, memory = 1114.35 (MB).
    Completing 20% with 28 violations.
    elapsed time = 00:00:00, memory = 1114.35 (MB).
    Completing 30% with 28 violations.
    elapsed time = 00:00:00, memory = 1114.35 (MB).
    Completing 40% with 28 violations.
    elapsed time = 00:00:01, memory = 1114.35 (MB).
    Completing 50% with 28 violations.
    elapsed time = 00:00:01, memory = 1114.35 (MB).
    Completing 60% with 9 violations.
    elapsed time = 00:00:01, memory = 1114.35 (MB).
    Completing 70% with 9 violations.
    elapsed time = 00:00:01, memory = 1114.35 (MB).
    Completing 80% with 9 violations.
    elapsed time = 00:00:01, memory = 1114.35 (MB).
    Completing 90% with 9 violations.
    elapsed time = 00:00:02, memory = 1119.56 (MB).
    Completing 100% with 6 violations.
    elapsed time = 00:00:03, memory = 1106.56 (MB).
[INFO DRT-0199]   Number of violations = 6.
Viol/Layer        met1   met2
Metal Spacing        0      1
Short                5      0
[INFO DRT-0267] cpu time = 00:00:02, elapsed time = 00:00:03, memory = 1106.56 (MB), peak = 1156.85 (MB)
Total wire length = 388265 um.
Total wire length on LAYER li1 = 0 um.
Total wire length on LAYER met1 = 192029 um.
Total wire length on LAYER met2 = 161347 um.
Total wire length on LAYER met3 = 22429 um.
Total wire length on LAYER met4 = 12367 um.
Total wire length on LAYER met5 = 92 um.
Total number of vias = 89967.
Up-via summary (total 89967):

------------------------
 FR_MASTERSLICE        0
            li1    45097
           met1    42596
           met2     1722
           met3      538
           met4       14
------------------------
               89967


[INFO DRT-0195] Start 5th guides tiles iteration.
    Completing 20% with 6 violations.
    elapsed time = 00:00:00, memory = 1106.56 (MB).
    Completing 50% with 6 violations.
    elapsed time = 00:00:00, memory = 1106.56 (MB).
    Completing 70% with 6 violations.
    elapsed time = 00:00:01, memory = 1107.56 (MB).
    Completing 100% with 1 violations.
    elapsed time = 00:00:01, memory = 1107.56 (MB).
[INFO DRT-0199]   Number of violations = 1.
Viol/Layer        met1
Short                1
[INFO DRT-0267] cpu time = 00:00:01, elapsed time = 00:00:01, memory = 1107.81 (MB), peak = 1156.85 (MB)
Total wire length = 388259 um.
Total wire length on LAYER li1 = 0 um.
Total wire length on LAYER met1 = 191889 um.
Total wire length on LAYER met2 = 161336 um.
Total wire length on LAYER met3 = 22574 um.
Total wire length on LAYER met4 = 12367 um.
Total wire length on LAYER met5 = 92 um.
Total number of vias = 89965.
Up-via summary (total 89965):

------------------------
 FR_MASTERSLICE        0
            li1    45097
           met1    42590
           met2     1726
           met3      538
           met4       14
------------------------
               89965


[INFO DRT-0195] Start 6th guides tiles iteration.
    Completing 100% with 1 violations.
    elapsed time = 00:00:00, memory = 1107.81 (MB).
[INFO DRT-0199]   Number of violations = 1.
Viol/Layer        met1
Short                1
[INFO DRT-0267] cpu time = 00:00:00, elapsed time = 00:00:00, memory = 1116.81 (MB), peak = 1156.85 (MB)
Total wire length = 388259 um.
Total wire length on LAYER li1 = 0 um.
Total wire length on LAYER met1 = 191889 um.
Total wire length on LAYER met2 = 161336 um.
Total wire length on LAYER met3 = 22574 um.
Total wire length on LAYER met4 = 12367 um.
Total wire length on LAYER met5 = 92 um.
Total number of vias = 89965.
Up-via summary (total 89965):

------------------------
 FR_MASTERSLICE        0
            li1    45097
           met1    42590
           met2     1726
           met3      538
           met4       14
------------------------
               89965


[INFO DRT-0195] Start 7th stubborn tiles iteration.
    Completing 10% with 1 violations.
    elapsed time = 00:00:04, memory = 1122.65 (MB).
    Completing 20% with 1 violations.
    elapsed time = 00:00:07, memory = 1122.65 (MB).
    Completing 30% with 1 violations.
    elapsed time = 00:00:11, memory = 1122.65 (MB).
    Completing 40% with 1 violations.
    elapsed time = 00:00:15, memory = 1121.77 (MB).
    Completing 50% with 1 violations.
    elapsed time = 00:00:21, memory = 1115.77 (MB).
    Completing 60% with 1 violations.
    elapsed time = 00:00:26, memory = 1115.77 (MB).
    Completing 70% with 1 violations.
    elapsed time = 00:00:31, memory = 1115.77 (MB).
    Completing 80% with 1 violations.
    elapsed time = 00:00:34, memory = 1161.71 (MB).
    Completing 90% with 1 violations.
    elapsed time = 00:00:39, memory = 1250.89 (MB).
    Completing 100% with 0 violations.
    elapsed time = 00:00:42, memory = 1276.66 (MB).
[INFO DRT-0199]   Number of violations = 0.
[INFO DRT-0267] cpu time = 00:00:28, elapsed time = 00:00:43, memory = 1287.76 (MB), peak = 1313.69 (MB)
Total wire length = 388254 um.
Total wire length on LAYER li1 = 0 um.
Total wire length on LAYER met1 = 191883 um.
Total wire length on LAYER met2 = 161337 um.
Total wire length on LAYER met3 = 22574 um.
Total wire length on LAYER met4 = 12367 um.
Total wire length on LAYER met5 = 92 um.
Total number of vias = 89966.
Up-via summary (total 89966):

------------------------
 FR_MASTERSLICE        0
            li1    45097
           met1    42591
           met2     1726
           met3      538
           met4       14
------------------------
               89966


[INFO DRT-0198] Complete detail routing.
Total wire length = 388254 um.
Total wire length on LAYER li1 = 0 um.
Total wire length on LAYER met1 = 191883 um.
Total wire length on LAYER met2 = 161337 um.
Total wire length on LAYER met3 = 22574 um.
Total wire length on LAYER met4 = 12367 um.
Total wire length on LAYER met5 = 92 um.
Total number of vias = 89966.
Up-via summary (total 89966):

------------------------
 FR_MASTERSLICE        0
            li1    45097
           met1    42591
           met2     1726
           met3      538
           met4       14
------------------------
               89966


[INFO DRT-0267] cpu time = 00:11:10, elapsed time = 00:17:00, memory = 1287.76 (MB), peak = 1313.69 (MB)

[INFO DRT-0180] Post processing.
[INFO DRT-0501] Runtime: 1454.08s
Took 1454 seconds: detailed_route -output_drc /work/orfs/reports/sky130hd/s_ubp4_n64_u60/base/5_route_drc.rpt -output_maze /work/orfs/results/sky130hd/s_ubp4_n64_u60/base/maze.log -droute_end_iter 64 -verbose 1 -drc_report_iter_step 5
[INFO GRT-0012] Found 18 antenna violations.
[INFO DPL-0501] Legalized with 0 moves: displacement total 0.0 u, max 0.0 u; HPWL 333097.7 -> 333097.7 u (+0.0 %).
[INFO DPL-0500] Runtime: 0.26s
[INFO GRT-0015] Inserted 19 diodes.
[INFO DRT-0024]   Complete FR_MASTERSLICE.
[INFO DRT-0024]   Complete Fr_VIA.
[INFO DRT-0024]   Complete li1.
[INFO DRT-0024]   Complete mcon.
[INFO DRT-0024]   Complete met1.
[INFO DRT-0024]   Complete via.
[INFO DRT-0024]   Complete met2.
[INFO DRT-0024]   Complete via2.
[INFO DRT-0024]   Complete met3.
[INFO DRT-0024]   Complete via3.
[INFO DRT-0024]   Complete met4.
[INFO DRT-0024]   Complete via4.
[INFO DRT-0024]   Complete met5.
[INFO DRT-0165] Start pin access.
[INFO DRT-0078]   Complete 345 pins.
[INFO DRT-0081]   Complete 55 unique inst patterns.
[INFO DRT-0084]   Complete 9446 groups.
#scanned instances     = 18964
#unique  instances     = 55
#stdCellGenAp          = 898
#stdCellValidPlanarAp  = 38
#stdCellValidViaAp     = 684
#stdCellPinNoAp        = 0
#stdCellPinCnt         = 45052
#instTermValidViaApCnt = 0
#macroGenAp            = 0
#macroValidPlanarAp    = 0
#macroValidViaAp       = 0
#macroNoAp             = 0
[INFO DRT-0166] Complete pin access.
[INFO DRT-0267] cpu time = 00:04:42, elapsed time = 00:07:08, memory = 1261.94 (MB), peak = 1320.30 (MB)

[INFO DRT-0157] Number of guides:     90657

[INFO DRT-0169] Post process guides.
[INFO DRT-0176] GCELLGRID X 0 DO 81 STEP 6900 ;
[INFO DRT-0177] GCELLGRID Y 0 DO 81 STEP 6900 ;
[INFO DRT-0028]   Complete FR_MASTERSLICE.
[INFO DRT-0028]   Complete Fr_VIA.
[INFO DRT-0028]   Complete li1.
[INFO DRT-0028]   Complete mcon.
[INFO DRT-0028]   Complete met1.
[INFO DRT-0028]   Complete via.
[INFO DRT-0028]   Complete met2.
[INFO DRT-0028]   Complete via2.
[INFO DRT-0028]   Complete met3.
[INFO DRT-0028]   Complete via3.
[INFO DRT-0028]   Complete met4.
[INFO DRT-0028]   Complete via4.
[INFO DRT-0028]   Complete met5.
[INFO DRT-0178] Init guide query.
[INFO DRT-0035]   Complete FR_MASTERSLICE (guide).
[INFO DRT-0035]   Complete Fr_VIA (guide).
[INFO DRT-0035]   Complete li1 (guide).
[INFO DRT-0035]   Complete mcon (guide).
[INFO DRT-0035]   Complete met1 (guide).
[INFO DRT-0035]   Complete via (guide).
[INFO DRT-0035]   Complete met2 (guide).
[INFO DRT-0035]   Complete via2 (guide).
[INFO DRT-0035]   Complete met3 (guide).
[INFO DRT-0035]   Complete via3 (guide).
[INFO DRT-0035]   Complete met4 (guide).
[INFO DRT-0035]   Complete via4 (guide).
[INFO DRT-0035]   Complete met5 (guide).
[INFO DRT-0036] FR_MASTERSLICE guide region query size = 0.
[INFO DRT-0036] FR_VIA guide region query size = 0.
[INFO DRT-0036] li1 guide region query size = 34907.
[INFO DRT-0036] mcon guide region query size = 0.
[INFO DRT-0036] met1 guide region query size = 27197.
[INFO DRT-0036] via guide region query size = 0.
[INFO DRT-0036] met2 guide region query size = 11883.
[INFO DRT-0036] via2 guide region query size = 0.
[INFO DRT-0036] met3 guide region query size = 968.
[INFO DRT-0036] via3 guide region query size = 0.
[INFO DRT-0036] met4 guide region query size = 497.
[INFO DRT-0036] via4 guide region query size = 0.
[INFO DRT-0036] met5 guide region query size = 7.
[INFO DRT-0179] Init gr pin query.
[INFO DRT-0267] cpu time = 00:00:00, elapsed time = 00:00:00, memory = 1261.94 (MB), peak = 1320.30 (MB)
[INFO DRT-0245] skipped writing guide updates to database.
[INFO DRT-0181] Start track assignment.
[INFO DRT-0184] Done with 47287 vertical wires in 2 frboxes and 28172 horizontal wires in 2 frboxes.
[INFO DRT-0186] Done with 3084 vertical wires in 2 frboxes and 6941 horizontal wires in 2 frboxes.
[INFO DRT-0182] Complete track assignment.
[INFO DRT-0267] cpu time = 00:00:06, elapsed time = 00:00:09, memory = 1276.24 (MB), peak = 1320.30 (MB)
[INFO DRT-0187] Start routing data preparation.
[INFO DRT-0267] cpu time = 00:00:00, elapsed time = 00:00:00, memory = 1276.24 (MB), peak = 1320.30 (MB)
[INFO DRT-0194] Start detail routing.
[INFO DRT-0195] Start 0th optimization iteration.
    Completing 10% with 0 violations.
    elapsed time = 00:00:12, memory = 1271.80 (MB).
    Completing 20% with 0 violations.
    elapsed time = 00:00:25, memory = 1268.72 (MB).
    Completing 30% with 58 violations.
    elapsed time = 00:00:38, memory = 1281.24 (MB).
    Completing 40% with 58 violations.
    elapsed time = 00:00:51, memory = 1261.11 (MB).
    Completing 50% with 58 violations.
    elapsed time = 00:01:01, memory = 1252.25 (MB).
    Completing 60% with 114 violations.
    elapsed time = 00:01:15, memory = 1274.14 (MB).
    Completing 70% with 114 violations.
    elapsed time = 00:01:26, memory = 1262.17 (MB).
    Completing 80% with 161 violations.
    elapsed time = 00:01:39, memory = 1271.16 (MB).
    Completing 90% with 161 violations.
    elapsed time = 00:01:50, memory = 1284.25 (MB).
    Completing 100% with 192 violations.
    elapsed time = 00:02:00, memory = 1252.55 (MB).
[INFO DRT-0199]   Number of violations = 221.
Viol/Layer        met1   met2   met3
Metal Spacing       31      6      0
Recheck             18     10      1
Short              129     24      2
[INFO DRT-0267] cpu time = 00:01:18, elapsed time = 00:02:00, memory = 1255.23 (MB), peak = 1320.30 (MB)
Total wire length = 388340 um.
Total wire length on LAYER li1 = 0 um.
Total wire length on LAYER met1 = 192137 um.
Total wire length on LAYER met2 = 161295 um.
Total wire length on LAYER met3 = 22451 um.
Total wire length on LAYER met4 = 12364 um.
Total wire length on LAYER met5 = 92 um.
Total number of vias = 90008.
Up-via summary (total 90008):

------------------------
 FR_MASTERSLICE        0
            li1    45127
           met1    42611
           met2     1718
           met3      538
           met4       14
------------------------
               90008


[INFO DRT-0195] Start 1st optimization iteration.
    Completing 10% with 221 violations.
    elapsed time = 00:00:10, memory = 1273.84 (MB).
    Completing 20% with 221 violations.
    elapsed time = 00:00:21, memory = 1272.96 (MB).
    Completing 30% with 185 violations.
    elapsed time = 00:00:32, memory = 1265.66 (MB).
    Completing 40% with 185 violations.
    elapsed time = 00:00:44, memory = 1274.14 (MB).
    Completing 50% with 185 violations.
    elapsed time = 00:00:54, memory = 1252.52 (MB).
    Completing 60% with 117 violations.
    elapsed time = 00:01:07, memory = 1271.11 (MB).
    Completing 70% with 117 violations.
    elapsed time = 00:01:18, memory = 1267.32 (MB).
    Completing 80% with 67 violations.
    elapsed time = 00:01:31, memory = 1290.83 (MB).
    Completing 90% with 67 violations.
    elapsed time = 00:01:43, memory = 1270.25 (MB).
    Completing 100% with 24 violations.
    elapsed time = 00:01:53, memory = 1251.50 (MB).
[INFO DRT-0199]   Number of violations = 24.
Viol/Layer        met1
Metal Spacing        2
Short               22
[INFO DRT-0267] cpu time = 00:01:14, elapsed time = 00:01:54, memory = 1248.25 (MB), peak = 1320.30 (MB)
Total wire length = 388275 um.
Total wire length on LAYER li1 = 0 um.
Total wire length on LAYER met1 = 192036 um.
Total wire length on LAYER met2 = 161333 um.
Total wire length on LAYER met3 = 22445 um.
Total wire length on LAYER met4 = 12367 um.
Total wire length on LAYER met5 = 92 um.
Total number of vias = 89991.
Up-via summary (total 89991):

------------------------
 FR_MASTERSLICE        0
            li1    45128
           met1    42595
           met2     1716
           met3      538
           met4       14
------------------------
               89991


[INFO DRT-0195] Start 2nd optimization iteration.
    Completing 10% with 24 violations.
    elapsed time = 00:00:01, memory = 1278.73 (MB).
    Completing 20% with 24 violations.
    elapsed time = 00:00:01, memory = 1278.73 (MB).
    Completing 30% with 22 violations.
    elapsed time = 00:00:01, memory = 1275.89 (MB).
    Completing 40% with 22 violations.
    elapsed time = 00:00:01, memory = 1275.89 (MB).
    Completing 50% with 22 violations.
    elapsed time = 00:00:03, memory = 1276.27 (MB).
    Completing 60% with 19 violations.
    elapsed time = 00:00:03, memory = 1276.27 (MB).
    Completing 70% with 19 violations.
    elapsed time = 00:00:03, memory = 1276.27 (MB).
    Completing 80% with 13 violations.
    elapsed time = 00:00:06, memory = 1277.73 (MB).
    Completing 90% with 13 violations.
    elapsed time = 00:00:06, memory = 1277.73 (MB).
    Completing 100% with 12 violations.
    elapsed time = 00:00:10, memory = 1266.53 (MB).
[INFO DRT-0199]   Number of violations = 12.
Viol/Layer        met1
Metal Spacing        2
Short               10
[INFO DRT-0267] cpu time = 00:00:07, elapsed time = 00:00:10, memory = 1267.25 (MB), peak = 1320.30 (MB)
Total wire length = 388282 um.
Total wire length on LAYER li1 = 0 um.
Total wire length on LAYER met1 = 192027 um.
Total wire length on LAYER met2 = 161350 um.
Total wire length on LAYER met3 = 22444 um.
Total wire length on LAYER met4 = 12367 um.
Total wire length on LAYER met5 = 92 um.
Total number of vias = 89998.
Up-via summary (total 89998):

------------------------
 FR_MASTERSLICE        0
            li1    45130
           met1    42600
           met2     1716
           met3      538
           met4       14
------------------------
               89998


[INFO DRT-0195] Start 3rd guides tiles iteration.
    Completing 10% with 12 violations.
    elapsed time = 00:00:01, memory = 1291.56 (MB).
    Completing 30% with 12 violations.
    elapsed time = 00:00:01, memory = 1291.56 (MB).
    Completing 50% with 12 violations.
    elapsed time = 00:00:02, memory = 1284.56 (MB).
    Completing 60% with 12 violations.
    elapsed time = 00:00:02, memory = 1284.56 (MB).
    Completing 80% with 12 violations.
    elapsed time = 00:00:03, memory = 1258.56 (MB).
    Completing 100% with 0 violations.
    elapsed time = 00:00:03, memory = 1258.56 (MB).
[INFO DRT-0199]   Number of violations = 0.
[INFO DRT-0267] cpu time = 00:00:02, elapsed time = 00:00:03, memory = 1258.56 (MB), peak = 1320.30 (MB)
Total wire length = 388242 um.
Total wire length on LAYER li1 = 0 um.
Total wire length on LAYER met1 = 191410 um.
Total wire length on LAYER met2 = 161333 um.
Total wire length on LAYER met3 = 23038 um.
Total wire length on LAYER met4 = 12367 um.
Total wire length on LAYER met5 = 92 um.
Total number of vias = 89989.
Up-via summary (total 89989):

------------------------
 FR_MASTERSLICE        0
            li1    45129
           met1    42579
           met2     1729
           met3      538
           met4       14
------------------------
               89989


[INFO DRT-0198] Complete detail routing.
Total wire length = 388242 um.
Total wire length on LAYER li1 = 0 um.
Total wire length on LAYER met1 = 191410 um.
Total wire length on LAYER met2 = 161333 um.
Total wire length on LAYER met3 = 23038 um.
Total wire length on LAYER met4 = 12367 um.
Total wire length on LAYER met5 = 92 um.
Total number of vias = 89989.
Up-via summary (total 89989):

------------------------
 FR_MASTERSLICE        0
            li1    45129
           met1    42579
           met2     1729
           met3      538
           met4       14
------------------------
               89989


[INFO DRT-0267] cpu time = 00:02:43, elapsed time = 00:04:09, memory = 1258.62 (MB), peak = 1320.30 (MB)

[INFO DRT-0180] Post processing.
[INFO DRT-0501] Runtime: 688.80s
[INFO ANT-0002] Found 0 net violations.
[INFO ANT-0001] Found 0 pin violations.
[INFO ANT-0002] Found 0 net violations.
[INFO ANT-0001] Found 0 pin violations.
Design area 216431 um^2 69% utilization.
write_db /work/orfs/results/sky130hd/s_ubp4_n64_u60/base/5_2_route.odb
Elapsed time: 36:24.19[h:]min:sec. CPU time: user 1430.85 sys 4.19 (65%). Peak memory: 1351984KB.
Log                       Ext     Elapsed/s Peak Memory/MB sha1sum result [0:20)
5_2_route                 .odb         2184           1320 c5e4903f0bcc01b47267
/OpenROAD-flow-scripts/flow/scripts/flow.sh 5_3_fillcell fillcell
Running fillcell.tcl, stage 5_3_fillcell
read_liberty /OpenROAD-flow-scripts/flow/platforms/sky130hd/lib/sky130_fd_sc_hd__tt_025C_1v80.lib
read_db /work/orfs/results/sky130hd/s_ubp4_n64_u60/base/5_2_route.odb
read_sdc /work/orfs/results/sky130hd/s_ubp4_n64_u60/base/5_1_grt.sdc
source /OpenROAD-flow-scripts/flow/platforms/sky130hd/setRC.tcl
filler_placement "sky130_fd_sc_hd__fill_1 sky130_fd_sc_hd__fill_2 sky130_fd_sc_hd__fill_4 sky130_fd_sc_hd__fill_8"
[INFO DPL-0001] Placed 20569 filler instances.
Design area 216431 um^2 69% utilization.
write_db /work/orfs/results/sky130hd/s_ubp4_n64_u60/base/5_3_fillcell.odb
Elapsed time: 0:01.54[h:]min:sec. CPU time: user 0.84 sys 0.14 (63%). Peak memory: 186452KB.
Log                       Ext     Elapsed/s Peak Memory/MB sha1sum result [0:20)
5_3_fillcell              .odb            1            182 98ba0ec5eb49b214e53d
cp /work/orfs/results/sky130hd/s_ubp4_n64_u60/base/5_3_fillcell.odb /work/orfs/results/sky130hd/s_ubp4_n64_u60/base/5_route.odb
cp /work/orfs/results/sky130hd/s_ubp4_n64_u60/base/5_1_grt.sdc /work/orfs/results/sky130hd/s_ubp4_n64_u60/base/5_route.sdc
/OpenROAD-flow-scripts/flow/scripts/flow.sh 6_1_fill density_fill
Running density_fill.tcl, stage 6_1_fill
read_liberty /OpenROAD-flow-scripts/flow/platforms/sky130hd/lib/sky130_fd_sc_hd__tt_025C_1v80.lib
read_db /work/orfs/results/sky130hd/s_ubp4_n64_u60/base/5_route.odb
read_sdc /work/orfs/results/sky130hd/s_ubp4_n64_u60/base/5_route.sdc
source /OpenROAD-flow-scripts/flow/platforms/sky130hd/setRC.tcl
exec cp /work/orfs/results/sky130hd/s_ubp4_n64_u60/base/5_route.odb /work/orfs/results/sky130hd/s_ubp4_n64_u60/base/6_1_fill.odb
Elapsed time: 0:00.90[h:]min:sec. CPU time: user 0.52 sys 0.09 (67%). Peak memory: 151152KB.
Log                       Ext     Elapsed/s Peak Memory/MB sha1sum result [0:20)
6_1_fill                  .odb            0            147 98ba0ec5eb49b214e53d
cp /work/orfs/results/sky130hd/s_ubp4_n64_u60/base/5_route.sdc /work/orfs/results/sky130hd/s_ubp4_n64_u60/base/6_1_fill.sdc
/OpenROAD-flow-scripts/flow/scripts/flow.sh 6_report final_report
Running final_report.tcl, stage 6_report
read_liberty /OpenROAD-flow-scripts/flow/platforms/sky130hd/lib/sky130_fd_sc_hd__tt_025C_1v80.lib
read_db /work/orfs/results/sky130hd/s_ubp4_n64_u60/base/6_1_fill.odb
read_sdc /work/orfs/results/sky130hd/s_ubp4_n64_u60/base/6_1_fill.sdc
source /OpenROAD-flow-scripts/flow/platforms/sky130hd/setRC.tcl
write_db /work/orfs/results/sky130hd/s_ubp4_n64_u60/base/6_final.odb
write_sdc -no_timestamp /work/orfs/results/sky130hd/s_ubp4_n64_u60/base/6_final.sdc
Deleted 0 routing obstructions
Warning: master sky130_ef_sc_hd__decap_12 has signal pins but no liberty cell
Warning: master sky130_ef_sc_hd__decap_12 has signal pins but no liberty cell
Global output passed lec test
[INFO RCX-0431] Defined process_corner X with ext_model_index 0
[INFO RCX-0029] Defined extraction corner X
[INFO RCX-0435] Reading extraction model file /OpenROAD-flow-scripts/flow/platforms/sky130hd/rcx_patterns.rules ...
[INFO RCX-0436] RC segment generation top (max_merge_res 50.0) ...
[INFO RCX-0040] Final 51659 rc segments
[INFO RCX-0439] Coupling Cap extraction top ...
[INFO RCX-0440] Coupling threshhold is 0.1000 fF, coupling capacitance less than 0.1000 fF will be grounded.
[INFO RCX-0442] 56% of 100534 wires extracted
[INFO RCX-0442] 100% of 100534 wires extracted
[INFO RCX-0045] Extract 14406 nets, 65462 rsegs, 65462 caps, 91581 ccs
[INFO RCX-0443] 14406 nets finished
[INFO PSM-0040] All shapes on net VDD are connected.
########## IR report #################
Net              : VDD
Corner           : default
Total power      : 2.55e-01 W
Supply voltage   : 1.80e+00 V
Worstcase voltage: 1.80e+00 V
Average voltage  : 1.80e+00 V
Average IR drop  : 1.63e-04 V
Worstcase IR drop: 8.18e-04 V
Percentage drop  : 0.05 %
######################################
[INFO PSM-0040] All shapes on net VSS are connected.
########## IR report #################
Net              : VSS
Corner           : default
Total power      : 2.55e-01 W
Supply voltage   : 0.00e+00 V
Worstcase voltage: 7.63e-04 V
Average voltage  : 1.52e-04 V
Average IR drop  : 1.52e-04 V
Worstcase IR drop: 7.63e-04 V
Percentage drop  : 0.04 %
######################################
Cell type report:                       Count        Area
  Fill cell                             20569    95724.31
  Tap cell                               4140     5179.97
  Antenna cell                             21       52.55
  Clock buffer                            860    17331.62
  Timing Repair Buffer                    272     2827.71
  Clock inverter                          190     2463.61
  Sequential cell                        6055   121223.76
  Multi-Input combinational cell         7426    67352.10
  Total                                 39533   312155.63
Report metrics stage 6, finish...

==========================================================================
finish report_design_area
--------------------------------------------------------------------------
Design area 216431 um^2 69% utilization.
[WARNING GUI-0010] File path does not end with a valid extension, new path is: /work/orfs/reports/sky130hd/s_ubp4_n64_u60/base/final_all.webp.png
[WARNING GUI-0010] File path does not end with a valid extension, new path is: /work/orfs/reports/sky130hd/s_ubp4_n64_u60/base/final_routing.webp.png
[WARNING GUI-0010] File path does not end with a valid extension, new path is: /work/orfs/reports/sky130hd/s_ubp4_n64_u60/base/final_placement.webp.png
[WARNING GUI-0010] File path does not end with a valid extension, new path is: /work/orfs/reports/sky130hd/s_ubp4_n64_u60/base/final_ir_drop.webp.png
[WARNING GUI-0010] File path does not end with a valid extension, new path is: /work/orfs/reports/sky130hd/s_ubp4_n64_u60/base/final_clocks.webp.png
[WARNING GUI-0010] File path does not end with a valid extension, new path is: /work/orfs/reports/sky130hd/s_ubp4_n64_u60/base/cts_default_clk.webp.png
[WARNING GUI-0010] File path does not end with a valid extension, new path is: /work/orfs/reports/sky130hd/s_ubp4_n64_u60/base/cts_default_clk_layout.webp.png
[WARNING GUI-0010] File path does not end with a valid extension, new path is: /work/orfs/reports/sky130hd/s_ubp4_n64_u60/base/final_resizer.webp.png
[WARNING GUI-0010] File path does not end with a valid extension, new path is: /work/orfs/reports/sky130hd/s_ubp4_n64_u60/base/final_congestion.webp.png
[WARNING GUI-0010] File path does not end with a valid extension, new path is: /work/orfs/reports/sky130hd/s_ubp4_n64_u60/base/final_worst_path.webp.png
Elapsed time: 0:35.81[h:]min:sec. CPU time: user 22.40 sys 0.94 (65%). Peak memory: 480060KB.
Log                       Ext     Elapsed/s Peak Memory/MB sha1sum result [0:20)
6_report                                 35            468                  N/A
cp /OpenROAD-flow-scripts/flow/platforms/sky130hd/lef/sky130_fd_sc_hd.tlef /work/orfs/objects/sky130hd/s_ubp4_n64_u60/base/klayout_tech.lef
/usr/bin/python3 /OpenROAD-flow-scripts/flow/util/generate_klayout_tech.py \
	--template /OpenROAD-flow-scripts/flow/platforms/sky130hd/sky130hd.lyt \
	--output /work/orfs/objects/sky130hd/s_ubp4_n64_u60/base/klayout.lyt \
	--lef-files /work/orfs/objects/sky130hd/s_ubp4_n64_u60/base/klayout_tech.lef /OpenROAD-flow-scripts/flow/platforms/sky130hd/lef/sky130_fd_sc_hd_merged.lef   \
	--map-files 
/usr/bin/python3 /OpenROAD-flow-scripts/flow/scripts/run_command.py --log /work/orfs/logs/sky130hd/s_ubp4_n64_u60/base/6_1_merge.log --tee -- \
        /OpenROAD-flow-scripts/flow/scripts/klayout.sh -zz -rd design_name=top \
        -rd in_def=/work/orfs/results/sky130hd/s_ubp4_n64_u60/base/6_final.def \
        -rd in_files="/OpenROAD-flow-scripts/flow/platforms/sky130hd/gds/sky130_fd_sc_hd.gds  " \
        -rd seal_file="" \
        -rd out_file=/work/orfs/results/sky130hd/s_ubp4_n64_u60/base/6_1_merged.gds \
        -rd tech_file=/work/orfs/objects/sky130hd/s_ubp4_n64_u60/base/klayout.lyt \
        -rd layer_map= \
        -r /OpenROAD-flow-scripts/flow/util/def2stream.py
KLayout 0.30.12
[INFO] Reporting cells prior to loading DEF ...
	/OpenROAD-flow-scripts/flow/platforms/sky130hd/gds/sky130_fd_sc_hd.gds
[INFO] All LEF cells have matching GDS/OAS cells
[INFO] No orphan cells in the final layout
Elapsed time: 0:05.25[h:]min:sec. CPU time: user 3.21 sys 0.26 (66%). Peak memory: 506720KB.
cp /work/orfs/results/sky130hd/s_ubp4_n64_u60/base/6_1_merged.gds /work/orfs/results/sky130hd/s_ubp4_n64_u60/base/6_final.gds
No elapsed time found in /work/orfs/logs/sky130hd/s_ubp4_n64_u60/base/6_final_lec_check.log
/work/orfs/logs/sky130hd/s_ubp4_n64_u60/base
Log                       Ext     Elapsed/s Peak Memory/MB sha1sum result [0:20)
1_1_yosys_canonicalize                    0             26                  N/A
1_2_yosys                 .v              0             26 a6842ca0f446e1115f80
1_2_yosys                 .sdc                             80bc503da5d44b49e9f5
1_synth                   .odb            0            135 0f31e84aeda89fa05608
1_synth                   .sdc                             c9b52a36521419161edd
2_1_floorplan             .odb          138            182 4b5edf4b13c4f8ede31b
2_1_floorplan             .sdc                             c9b52a36521419161edd
2_2_floorplan_macro       .odb            0            118 4b5edf4b13c4f8ede31b
2_3_floorplan_tapcell     .odb            1            119 35b9c8c9c3f5833ce56b
2_4_floorplan_pdn         .odb            1            129 47fa6b5ee3b6f523972c
3_1_place_gp_skip_io      .odb            5            145 6117b29dc6533f81f0eb
3_2_place_iop             .odb            0            124 82148b7fbf0b6de2c230
3_3_place_gp              .odb           27            355 11f9b008f7c7b44e1026
3_4_place_resized         .odb            8            190 11f9b008f7c7b44e1026
3_5_place_dp              .odb           14            207 27a7d64066aed64547eb
4_1_cts                   .odb           18            234 92e7e7ea7fbc66f4eb85
5_1_grt                   .odb          497            499 5b59598198b842e0365a
5_1_grt                   .sdc                             9fd7445c262a15275321
5_2_route                 .odb         2184           1320 c5e4903f0bcc01b47267
5_3_fillcell              .odb            1            182 98ba0ec5eb49b214e53d
6_1_fill                  .odb            0            147 98ba0ec5eb49b214e53d
6_1_fill                  .sdc                             9fd7445c262a15275321
6_1_merge                                 5            494                  N/A
6_report                                 35            468                  N/A
Total                                  2934           1320                     
