mkdir -p /work/orfs/results/sky130hd/s_ubp4_n64_u75/base/
echo 3.0 > /work/orfs/results/sky130hd/s_ubp4_n64_u75/base/clock_period.txt
/OpenROAD-flow-scripts/flow/scripts/synth.sh /OpenROAD-flow-scripts/flow/scripts/synth_canonicalize.tcl /work/orfs/logs/sky130hd/s_ubp4_n64_u75/base/1_1_yosys_canonicalize.log
exec cp /work/ubp4_n64/netlist.v /work/orfs/results/sky130hd/s_ubp4_n64_u75/base/1_2_yosys.v
exec touch -r /work/ubp4_n64/netlist.v /work/orfs/results/sky130hd/s_ubp4_n64_u75/base/1_2_yosys.v
Elapsed time: 0:00.17[h:]min:sec. CPU time: user 0.04 sys 0.01 (33%). Peak memory: 27496KB.
Log                       Ext     Elapsed/s Peak Memory/MB sha1sum result [0:20)
1_1_yosys_canonicalize                    0             26                  N/A
/OpenROAD-flow-scripts/flow/scripts/synth.sh /OpenROAD-flow-scripts/flow/scripts/synth.tcl /work/orfs/logs/sky130hd/s_ubp4_n64_u75/base/1_2_yosys.log
exec cp /work/ubp4_n64/netlist.v /work/orfs/results/sky130hd/s_ubp4_n64_u75/base/1_2_yosys.v
exec touch -r /work/ubp4_n64/netlist.v /work/orfs/results/sky130hd/s_ubp4_n64_u75/base/1_2_yosys.v
Elapsed time: 0:00.04[h:]min:sec. CPU time: user 0.03 sys 0.01 (96%). Peak memory: 27264KB.
Log                       Ext     Elapsed/s Peak Memory/MB sha1sum result [0:20)
1_2_yosys                 .v              0             26 a6842ca0f446e1115f80
cp /work/ubp4_n64/constraint.sdc /work/orfs/results/sky130hd/s_ubp4_n64_u75/base/1_2_yosys.sdc
touch -r /work/ubp4_n64/constraint.sdc /work/orfs/results/sky130hd/s_ubp4_n64_u75/base/1_2_yosys.sdc
OpenROAD unknown 
Features included (+) or not (-): -GPU +GUI -Python
This program is licensed under the BSD-3 license. See the LICENSE file for details.
Components of this program may be licensed under more restrictive licenses which must be honored.
[INFO ORD-0030] Using 2 thread(s).
mkdir -p /work/orfs/objects/sky130hd/s_ubp4_n64_u75/base
/OpenROAD-flow-scripts/flow/scripts/flow.sh 1_synth synth_odb
Running synth_odb.tcl, stage 1_synth
read_liberty /OpenROAD-flow-scripts/flow/platforms/sky130hd/lib/sky130_fd_sc_hd__tt_025C_1v80.lib
[INFO ODB-0227] LEF file: /OpenROAD-flow-scripts/flow/platforms/sky130hd/lef/sky130_fd_sc_hd.tlef, created 13 layers, 25 vias
[INFO ODB-0227] LEF file: /OpenROAD-flow-scripts/flow/platforms/sky130hd/lef/sky130_fd_sc_hd_merged.lef, created 441 library cells
link_design top
read_sdc /work/orfs/results/sky130hd/s_ubp4_n64_u75/base/1_2_yosys.sdc
source /OpenROAD-flow-scripts/flow/platforms/sky130hd/setRC.tcl
Design area 188444 um^2 100% utilization.
write_db /work/orfs/results/sky130hd/s_ubp4_n64_u75/base/1_synth.odb
write_sdc -no_timestamp /work/orfs/results/sky130hd/s_ubp4_n64_u75/base/1_synth.sdc
Warning: master sky130_ef_sc_hd__decap_12 has signal pins but no liberty cell
Elapsed time: 0:01.19[h:]min:sec. CPU time: user 0.70 sys 0.06 (63%). Peak memory: 138596KB.
Log                       Ext     Elapsed/s Peak Memory/MB sha1sum result [0:20)
1_synth                   .odb            1            135 0f31e84aeda89fa05608
1_synth                   .sdc                             c9b52a36521419161edd
/OpenROAD-flow-scripts/flow/scripts/flow.sh 2_1_floorplan floorplan
Running floorplan.tcl, stage 2_1_floorplan
read_liberty /OpenROAD-flow-scripts/flow/platforms/sky130hd/lib/sky130_fd_sc_hd__tt_025C_1v80.lib
read_db /work/orfs/results/sky130hd/s_ubp4_n64_u75/base/1_synth.odb
read_sdc /work/orfs/results/sky130hd/s_ubp4_n64_u75/base/1_synth.sdc
source /OpenROAD-flow-scripts/flow/platforms/sky130hd/setRC.tcl
Master sky130_ef_sc_hd__decap_12 is loaded but not used in the design

==========================================================================
Floorplan check_setup
--------------------------------------------------------------------------
number instances in verilog is 13448
initialize_floorplan -utilization 75 -aspect_ratio 1 -core_space 2 -site unithd
[INFO IFP-0107] Defining die area using utilization: 75.00% and aspect ratio: 1.
[WARNING IFP-0028] Core area lower left (2.000, 2.000) snapped to (2.300, 2.720).
[INFO IFP-0001] Added 184 rows of 1089 site unithd.
[INFO IFP-0100] Die BBox:  (  0.000  0.000 ) ( 505.255 505.255 ) um
[INFO IFP-0101] Core BBox: (  2.300  2.720 ) ( 503.240 503.200 ) um
[INFO IFP-0102] Core area:                       250710.451 um^2
[INFO IFP-0103] Total instances area:            188444.483 um^2
[INFO IFP-0104] Effective utilization:                0.752
[INFO IFP-0105] Number of instances:                  13448
source /OpenROAD-flow-scripts/flow/platforms/sky130hd/make_tracks.tcl
source /OpenROAD-flow-scripts/flow/platforms/sky130hd/fastroute.tcl
set_dont_use "sky130_fd_sc_hd__probe_p_8 sky130_fd_sc_hd__probec_p_8 sky130_fd_sc_hd__lpflow_bleeder_1 sky130_fd_sc_hd__lpflow_clkbufkapwr_1 sky130_fd_sc_hd__lpflow_clkbufkapwr_16 sky130_fd_sc_hd__lpflow_clkbufkapwr_2 sky130_fd_sc_hd__lpflow_clkbufkapwr_4 sky130_fd_sc_hd__lpflow_clkbufkapwr_8 sky130_fd_sc_hd__lpflow_clkinvkapwr_1 sky130_fd_sc_hd__lpflow_clkinvkapwr_16 sky130_fd_sc_hd__lpflow_clkinvkapwr_2 sky130_fd_sc_hd__lpflow_clkinvkapwr_4 sky130_fd_sc_hd__lpflow_clkinvkapwr_8 sky130_fd_sc_hd__lpflow_decapkapwr_12 sky130_fd_sc_hd__lpflow_decapkapwr_3 sky130_fd_sc_hd__lpflow_decapkapwr_4 sky130_fd_sc_hd__lpflow_decapkapwr_6 sky130_fd_sc_hd__lpflow_decapkapwr_8 sky130_fd_sc_hd__lpflow_inputiso0n_1 sky130_fd_sc_hd__lpflow_inputiso0p_1 sky130_fd_sc_hd__lpflow_inputiso1n_1 sky130_fd_sc_hd__lpflow_inputiso1p_1 sky130_fd_sc_hd__lpflow_inputisolatch_1 sky130_fd_sc_hd__lpflow_isobufsrc_1 sky130_fd_sc_hd__lpflow_isobufsrc_16 sky130_fd_sc_hd__lpflow_isobufsrc_2 sky130_fd_sc_hd__lpflow_isobufsrc_4 sky130_fd_sc_hd__lpflow_isobufsrc_8 sky130_fd_sc_hd__lpflow_isobufsrckapwr_16 sky130_fd_sc_hd__lpflow_lsbuf_lh_hl_isowell_tap_1 sky130_fd_sc_hd__lpflow_lsbuf_lh_hl_isowell_tap_2 sky130_fd_sc_hd__lpflow_lsbuf_lh_hl_isowell_tap_4 sky130_fd_sc_hd__lpflow_lsbuf_lh_isowell_4 sky130_fd_sc_hd__lpflow_lsbuf_lh_isowell_tap_1 sky130_fd_sc_hd__lpflow_lsbuf_lh_isowell_tap_2 sky130_fd_sc_hd__lpflow_lsbuf_lh_isowell_tap_4"
repair_tie_fanout -separation 0 sky130_fd_sc_hd__tt_025C_1v80/sky130_fd_sc_hd__conb_1/LO
[INFO RSZ-0042] Inserted 34 tie sky130_fd_sc_hd__conb_1 instances.
repair_tie_fanout -separation 0 sky130_fd_sc_hd__tt_025C_1v80/sky130_fd_sc_hd__conb_1/HI
repair_timing -setup_margin 0 -hold_margin 0 -repair_tns 100 -match_cell_footprint -setup -skip_last_gasp -sequence unbuffer,sizeup,swap,vt_swap -verbose
[WARNING EST-0027] no estimated parasitics. Using wire load models.
[INFO RSZ-0100] Repair move sequence: UnbufferMove SizeUpMove SwapPinsMove 
[INFO RSZ-0094] Found 2368 endpoints with setup violations.
[INFO RSZ-0099] Repairing 2368 out of 2368 (100.00%) violating endpoints...
   Iter   | Removed | Resized | Inserted | Cloned |  Pin  |   Area   |    WNS   |    TNS     |  Viol  |  Worst
          | Buffers |  Gates  | Buffers  |  Gates | Swaps |          |          |            | Endpts | Endpoint
------------------------------------------------------------------------------------------------------------------------------
       0* |       0 |       0 |        0 |      0 |     0 |    +0.0% |   -8.693 |   -18969.1 |   2368 | ng0_0/_8_/D
       7* |       0 |       4 |        0 |      0 |     0 |    +0.0% |   -1.040 |    -1981.8 |   2368 | ng0_0/_8_/D
      10* |       0 |       4 |        0 |      0 |     2 |    +0.0% |   -1.133 |    -1981.8 |   2368 | ng0_1/_8_/D
      10* |       0 |       4 |        0 |      0 |     0 |    +0.0% |   -1.040 |    -1981.8 |   2368 | ng0_0/_8_/D
      13* |       0 |       4 |        0 |      0 |     0 |    +0.0% |   -1.040 |    -1981.8 |   2368 | ng0_0/_8_/D
      16* |       0 |       4 |        0 |      0 |     0 |    +0.0% |   -1.040 |    -1981.8 |   2368 | ng0_0/_8_/D
      19* |       0 |       4 |        0 |      0 |     0 |    +0.0% |   -1.040 |    -1981.8 |   2368 | ng0_0/_8_/D
      20* |       0 |       4 |        0 |      0 |     0 |    +0.0% |   -1.040 |    -1981.8 |   2368 | ng0_0/_8_/D
      22* |       0 |       4 |        0 |      0 |     0 |    +0.0% |   -1.040 |    -1981.8 |   2368 | ng0_0/_8_/D
      25* |       0 |       4 |        0 |      0 |     0 |    +0.0% |   -1.040 |    -1981.8 |   2368 | ng0_0/_8_/D
      28* |       0 |       4 |        0 |      0 |     0 |    +0.0% |   -1.040 |    -1981.8 |   2368 | ng0_0/_8_/D
      30* |       0 |       4 |        0 |      0 |     1 |    +0.0% |   -1.114 |    -1981.8 |   2368 | ng0_16/_8_/D
      31* |       0 |       4 |        0 |      0 |     0 |    +0.0% |   -1.040 |    -1981.8 |   2368 | ng0_0/_8_/D
      34* |       0 |       4 |        0 |      0 |     0 |    +0.0% |   -1.040 |    -1981.8 |   2368 | ng0_0/_8_/D
      37* |       0 |       4 |        0 |      0 |     0 |    +0.0% |   -1.040 |    -1981.8 |   2368 | ng0_0/_8_/D
      40* |       0 |       4 |        0 |      0 |     2 |    +0.0% |   -1.133 |    -1981.8 |   2368 | ng0_19/_8_/D
      40* |       0 |       4 |        0 |      0 |     0 |    +0.0% |   -1.040 |    -1981.8 |   2368 | ng0_0/_8_/D
      43* |       0 |       4 |        0 |      0 |     0 |    +0.0% |   -1.040 |    -1981.8 |   2368 | ng0_0/_8_/D
      46* |       0 |       4 |        0 |      0 |     0 |    +0.0% |   -1.040 |    -1981.8 |   2368 | ng0_0/_8_/D
      49* |       0 |       4 |        0 |      0 |     0 |    +0.0% |   -1.040 |    -1981.8 |   2368 | ng0_0/_8_/D
      50* |       0 |       4 |        0 |      0 |     0 |    +0.0% |   -1.040 |    -1981.8 |   2368 | ng0_0/_8_/D
      52* |       0 |       4 |        0 |      0 |     0 |    +0.0% |   -1.040 |    -1981.8 |   2368 | ng0_0/_8_/D
      55* |       0 |       4 |        0 |      0 |     0 |    +0.0% |   -1.040 |    -1981.8 |   2368 | ng0_0/_8_/D
      58* |       0 |       4 |        0 |      0 |     0 |    +0.0% |   -1.040 |    -1981.8 |   2368 | ng0_0/_8_/D
      60* |       0 |       4 |        0 |      0 |     1 |    +0.0% |   -1.114 |    -1981.8 |   2368 | ng0_25/_8_/D
      61* |       0 |       4 |        0 |      0 |     0 |    +0.0% |   -1.040 |    -1981.8 |   2368 | ng0_0/_8_/D
      64* |       0 |       4 |        0 |      0 |     0 |    +0.0% |   -1.040 |    -1981.8 |   2368 | ng0_0/_8_/D
      67* |       0 |       4 |        0 |      0 |     0 |    +0.0% |   -1.040 |    -1981.8 |   2368 | ng0_0/_8_/D
      70* |       0 |       4 |        0 |      0 |     2 |    +0.0% |   -1.133 |    -1981.8 |   2368 | ng0_28/_8_/D
      70* |       0 |       4 |        0 |      0 |     0 |    +0.0% |   -1.040 |    -1981.8 |   2368 | ng0_0/_8_/D
      73* |       0 |       4 |        0 |      0 |     0 |    +0.0% |   -1.040 |    -1981.8 |   2368 | ng0_0/_8_/D
      76* |       0 |       4 |        0 |      0 |     0 |    +0.0% |   -1.040 |    -1981.8 |   2368 | ng0_0/_8_/D
      79* |       0 |       4 |        0 |      0 |     0 |    +0.0% |   -1.040 |    -1981.8 |   2368 | ng0_0/_8_/D
      80* |       0 |       4 |        0 |      0 |     0 |    +0.0% |   -1.040 |    -1981.8 |   2368 | ng0_0/_8_/D
      82* |       0 |       4 |        0 |      0 |     0 |    +0.0% |   -1.040 |    -1981.8 |   2368 | ng0_0/_8_/D
      85* |       0 |       4 |        0 |      0 |     0 |    +0.0% |   -1.040 |    -1981.8 |   2368 | ng0_0/_8_/D
      88* |       0 |       4 |        0 |      0 |     0 |    +0.0% |   -1.040 |    -1981.8 |   2368 | ng0_0/_8_/D
      90* |       0 |       4 |        0 |      0 |     1 |    +0.0% |   -1.114 |    -1981.8 |   2368 | ng0_34/_8_/D
      91* |       0 |       4 |        0 |      0 |     0 |    +0.0% |   -1.040 |    -1981.8 |   2368 | ng0_0/_8_/D
      94* |       0 |       4 |        0 |      0 |     0 |    +0.0% |   -1.040 |    -1981.8 |   2368 | ng0_0/_8_/D
      97* |       0 |       4 |        0 |      0 |     0 |    +0.0% |   -1.040 |    -1981.8 |   2368 | ng0_0/_8_/D
     100* |       0 |       4 |        0 |      0 |     2 |    +0.0% |   -1.133 |    -1981.8 |   2368 | ng0_37/_8_/D
     100* |       0 |       4 |        0 |      0 |     0 |    +0.0% |   -1.040 |    -1981.8 |   2368 | ng0_0/_8_/D
     103* |       0 |       4 |        0 |      0 |     0 |    +0.0% |   -1.040 |    -1981.8 |   2368 | ng0_0/_8_/D
     106* |       0 |       4 |        0 |      0 |     0 |    +0.0% |   -1.040 |    -1981.8 |   2368 | ng0_0/_8_/D
     109* |       0 |       4 |        0 |      0 |     0 |    +0.0% |   -1.040 |    -1981.8 |   2368 | ng0_0/_8_/D
     110* |       0 |       4 |        0 |      0 |     0 |    +0.0% |   -1.040 |    -1981.8 |   2368 | ng0_0/_8_/D
     112* |       0 |       4 |        0 |      0 |     0 |    +0.0% |   -1.040 |    -1981.8 |   2368 | ng0_0/_8_/D
     115* |       0 |       4 |        0 |      0 |     0 |    +0.0% |   -1.040 |    -1981.8 |   2368 | ng0_0/_8_/D
     118* |       0 |       4 |        0 |      0 |     0 |    +0.0% |   -1.040 |    -1981.8 |   2368 | ng0_0/_8_/D
     120* |       0 |       4 |        0 |      0 |     1 |    +0.0% |   -1.114 |    -1981.8 |   2368 | ng0_8/_8_/D
     121* |       0 |       4 |        0 |      0 |     0 |    +0.0% |   -1.040 |    -1981.8 |   2368 | ng0_0/_8_/D
     124* |       0 |       4 |        0 |      0 |     0 |    +0.0% |   -1.040 |    -1981.8 |   2368 | ng0_0/_8_/D
     127* |       0 |       4 |        0 |      0 |     0 |    +0.0% |   -1.040 |    -1981.8 |   2368 | ng0_0/_8_/D
     130* |       0 |       4 |        0 |      0 |     2 |    +0.0% |   -1.133 |    -1981.8 |   2368 | ng10_1/_8_/D
     130* |       0 |       4 |        0 |      0 |     0 |    +0.0% |   -1.040 |    -1981.8 |   2368 | ng0_0/_8_/D
     133* |       0 |       4 |        0 |      0 |     0 |    +0.0% |   -1.040 |    -1981.8 |   2368 | ng0_0/_8_/D
     136* |       0 |       4 |        0 |      0 |     0 |    +0.0% |   -1.040 |    -1981.8 |   2368 | ng0_0/_8_/D
     139* |       0 |       4 |        0 |      0 |     0 |    +0.0% |   -1.040 |    -1981.8 |   2368 | ng0_0/_8_/D
     140* |       0 |       4 |        0 |      0 |     0 |    +0.0% |   -1.040 |    -1981.8 |   2368 | ng0_0/_8_/D
     142* |       0 |       4 |        0 |      0 |     0 |    +0.0% |   -1.040 |    -1981.8 |   2368 | ng0_0/_8_/D
     145* |       0 |       4 |        0 |      0 |     0 |    +0.0% |   -1.040 |    -1981.8 |   2368 | ng0_0/_8_/D
     148* |       0 |       4 |        0 |      0 |     0 |    +0.0% |   -1.040 |    -1981.8 |   2368 | ng0_0/_8_/D
     150* |       0 |       4 |        0 |      0 |     1 |    +0.0% |   -1.114 |    -1981.8 |   2368 | ng10_16/_8_/D
     151* |       0 |       4 |        0 |      0 |     0 |    +0.0% |   -1.040 |    -1981.8 |   2368 | ng0_0/_8_/D
     154* |       0 |       4 |        0 |      0 |     0 |    +0.0% |   -1.040 |    -1981.8 |   2368 | ng0_0/_8_/D
     157* |       0 |       4 |        0 |      0 |     0 |    +0.0% |   -1.040 |    -1981.8 |   2368 | ng0_0/_8_/D
     160* |       0 |       4 |        0 |      0 |     2 |    +0.0% |   -1.133 |    -1981.8 |   2368 | ng10_19/_8_/D
     160* |       0 |       4 |        0 |      0 |     0 |    +0.0% |   -1.040 |    -1981.8 |   2368 | ng0_0/_8_/D
     163* |       0 |       4 |        0 |      0 |     0 |    +0.0% |   -1.040 |    -1981.8 |   2368 | ng0_0/_8_/D
     166* |       0 |       4 |        0 |      0 |     0 |    +0.0% |   -1.040 |    -1981.8 |   2368 | ng0_0/_8_/D
     169* |       0 |       4 |        0 |      0 |     0 |    +0.0% |   -1.040 |    -1981.8 |   2368 | ng0_0/_8_/D
     170* |       0 |       4 |        0 |      0 |     0 |    +0.0% |   -1.040 |    -1981.8 |   2368 | ng0_0/_8_/D
     172* |       0 |       4 |        0 |      0 |     0 |    +0.0% |   -1.040 |    -1981.8 |   2368 | ng0_0/_8_/D
     175* |       0 |       4 |        0 |      0 |     0 |    +0.0% |   -1.040 |    -1981.8 |   2368 | ng0_0/_8_/D
     178* |       0 |       4 |        0 |      0 |     0 |    +0.0% |   -1.040 |    -1981.8 |   2368 | ng0_0/_8_/D
     180* |       0 |       4 |        0 |      0 |     1 |    +0.0% |   -1.114 |    -1981.8 |   2368 | ng10_25/_8_/D
     181* |       0 |       4 |        0 |      0 |     0 |    +0.0% |   -1.040 |    -1981.8 |   2368 | ng0_0/_8_/D
     184* |       0 |       4 |        0 |      0 |     0 |    +0.0% |   -1.040 |    -1981.8 |   2368 | ng0_0/_8_/D
     187* |       0 |       4 |        0 |      0 |     0 |    +0.0% |   -1.040 |    -1981.8 |   2368 | ng0_0/_8_/D
     190* |       0 |       4 |        0 |      0 |     2 |    +0.0% |   -1.133 |    -1981.8 |   2368 | ng10_28/_8_/D
     190* |       0 |       4 |        0 |      0 |     0 |    +0.0% |   -1.040 |    -1981.8 |   2368 | ng0_0/_8_/D
     193* |       0 |       4 |        0 |      0 |     0 |    +0.0% |   -1.040 |    -1981.8 |   2368 | ng0_0/_8_/D
     196* |       0 |       4 |        0 |      0 |     0 |    +0.0% |   -1.040 |    -1981.8 |   2368 | ng0_0/_8_/D
     199* |       0 |       4 |        0 |      0 |     0 |    +0.0% |   -1.040 |    -1981.8 |   2368 | ng0_0/_8_/D
     200* |       0 |       4 |        0 |      0 |     0 |    +0.0% |   -1.040 |    -1981.8 |   2368 | ng0_0/_8_/D
     202* |       0 |       4 |        0 |      0 |     0 |    +0.0% |   -1.040 |    -1981.8 |   2368 | ng0_0/_8_/D
     205* |       0 |       4 |        0 |      0 |     0 |    +0.0% |   -1.040 |    -1981.8 |   2368 | ng0_0/_8_/D
     208* |       0 |       4 |        0 |      0 |     0 |    +0.0% |   -1.040 |    -1981.8 |   2368 | ng0_0/_8_/D
     210* |       0 |       4 |        0 |      0 |     1 |    +0.0% |   -1.114 |    -1981.8 |   2368 | ng10_34/_8_/D
     211* |       0 |       4 |        0 |      0 |     0 |    +0.0% |   -1.040 |    -1981.8 |   2368 | ng0_0/_8_/D
     214* |       0 |       4 |        0 |      0 |     0 |    +0.0% |   -1.040 |    -1981.8 |   2368 | ng0_0/_8_/D
     217* |       0 |       4 |        0 |      0 |     0 |    +0.0% |   -1.040 |    -1981.8 |   2368 | ng0_0/_8_/D
     220* |       0 |       4 |        0 |      0 |     2 |    +0.0% |   -1.133 |    -1981.8 |   2368 | ng10_37/_8_/D
     220* |       0 |       4 |        0 |      0 |     0 |    +0.0% |   -1.040 |    -1981.8 |   2368 | ng0_0/_8_/D
     223* |       0 |       4 |        0 |      0 |     0 |    +0.0% |   -1.040 |    -1981.8 |   2368 | ng0_0/_8_/D
     226* |       0 |       4 |        0 |      0 |     0 |    +0.0% |   -1.040 |    -1981.8 |   2368 | ng0_0/_8_/D
     229* |       0 |       4 |        0 |      0 |     0 |    +0.0% |   -1.040 |    -1981.8 |   2368 | ng0_0/_8_/D
     230* |       0 |       4 |        0 |      0 |     0 |    +0.0% |   -1.040 |    -1981.8 |   2368 | ng0_0/_8_/D
     232* |       0 |       4 |        0 |      0 |     0 |    +0.0% |   -1.040 |    -1981.8 |   2368 | ng0_0/_8_/D
     235* |       0 |       4 |        0 |      0 |     0 |    +0.0% |   -1.040 |    -1981.8 |   2368 | ng0_0/_8_/D
     238* |       0 |       4 |        0 |      0 |     0 |    +0.0% |   -1.040 |    -1981.8 |   2368 | ng0_0/_8_/D
     240* |       0 |       4 |        0 |      0 |     1 |    +0.0% |   -1.114 |    -1981.8 |   2368 | ng10_8/_8_/D
     241* |       0 |       4 |        0 |      0 |     0 |    +0.0% |   -1.040 |    -1981.8 |   2368 | ng0_0/_8_/D
     244* |       0 |       4 |        0 |      0 |     0 |    +0.0% |   -1.040 |    -1981.8 |   2368 | ng0_0/_8_/D
     247* |       0 |       4 |        0 |      0 |     0 |    +0.0% |   -1.040 |    -1981.8 |   2368 | ng0_0/_8_/D
     250* |       0 |       4 |        0 |      0 |     2 |    +0.0% |   -1.133 |    -1981.8 |   2368 | ng11_1/_8_/D
     250* |       0 |       4 |        0 |      0 |     0 |    +0.0% |   -1.040 |    -1981.8 |   2368 | ng0_0/_8_/D
     253* |       0 |       4 |        0 |      0 |     0 |    +0.0% |   -1.040 |    -1981.8 |   2368 | ng0_0/_8_/D
     256* |       0 |       4 |        0 |      0 |     0 |    +0.0% |   -1.040 |    -1981.8 |   2368 | ng0_0/_8_/D
     259* |       0 |       4 |        0 |      0 |     0 |    +0.0% |   -1.040 |    -1981.8 |   2368 | ng0_0/_8_/D
     260* |       0 |       4 |        0 |      0 |     0 |    +0.0% |   -1.040 |    -1981.8 |   2368 | ng0_0/_8_/D
     262* |       0 |       4 |        0 |      0 |     0 |    +0.0% |   -1.040 |    -1981.8 |   2368 | ng0_0/_8_/D
     265* |       0 |       4 |        0 |      0 |     0 |    +0.0% |   -1.040 |    -1981.8 |   2368 | ng0_0/_8_/D
     268* |       0 |       4 |        0 |      0 |     0 |    +0.0% |   -1.040 |    -1981.8 |   2368 | ng0_0/_8_/D
     270* |       0 |       4 |        0 |      0 |     1 |    +0.0% |   -1.114 |    -1981.8 |   2368 | ng11_16/_8_/D
     271* |       0 |       4 |        0 |      0 |     0 |    +0.0% |   -1.040 |    -1981.8 |   2368 | ng0_0/_8_/D
     274* |       0 |       4 |        0 |      0 |     0 |    +0.0% |   -1.040 |    -1981.8 |   2368 | ng0_0/_8_/D
     277* |       0 |       4 |        0 |      0 |     0 |    +0.0% |   -1.040 |    -1981.8 |   2368 | ng0_0/_8_/D
     280* |       0 |       4 |        0 |      0 |     2 |    +0.0% |   -1.133 |    -1981.8 |   2368 | ng11_19/_8_/D
     280* |       0 |       4 |        0 |      0 |     0 |    +0.0% |   -1.040 |    -1981.8 |   2368 | ng0_0/_8_/D
     283* |       0 |       4 |        0 |      0 |     0 |    +0.0% |   -1.040 |    -1981.8 |   2368 | ng0_0/_8_/D
     286* |       0 |       4 |        0 |      0 |     0 |    +0.0% |   -1.040 |    -1981.8 |   2368 | ng0_0/_8_/D
     289* |       0 |       4 |        0 |      0 |     0 |    +0.0% |   -1.040 |    -1981.8 |   2368 | ng0_0/_8_/D
     290* |       0 |       4 |        0 |      0 |     0 |    +0.0% |   -1.040 |    -1981.8 |   2368 | ng0_0/_8_/D
     292* |       0 |       4 |        0 |      0 |     0 |    +0.0% |   -1.040 |    -1981.8 |   2368 | ng0_0/_8_/D
     295* |       0 |       4 |        0 |      0 |     0 |    +0.0% |   -1.040 |    -1981.8 |   2368 | ng0_0/_8_/D
     298* |       0 |       4 |        0 |      0 |     0 |    +0.0% |   -1.040 |    -1981.8 |   2368 | ng0_0/_8_/D
     300* |       0 |       4 |        0 |      0 |     1 |    +0.0% |   -1.114 |    -1981.8 |   2368 | ng11_25/_8_/D
     301* |       0 |       4 |        0 |      0 |     0 |    +0.0% |   -1.040 |    -1981.8 |   2368 | ng0_0/_8_/D
     304* |       0 |       4 |        0 |      0 |     0 |    +0.0% |   -1.040 |    -1981.8 |   2368 | ng0_0/_8_/D
     307* |       0 |       4 |        0 |      0 |     0 |    +0.0% |   -1.040 |    -1981.8 |   2368 | ng0_0/_8_/D
     310* |       0 |       4 |        0 |      0 |     2 |    +0.0% |   -1.133 |    -1981.8 |   2368 | ng11_28/_8_/D
     310* |       0 |       4 |        0 |      0 |     0 |    +0.0% |   -1.040 |    -1981.8 |   2368 | ng0_0/_8_/D
     313* |       0 |       4 |        0 |      0 |     0 |    +0.0% |   -1.040 |    -1981.8 |   2368 | ng0_0/_8_/D
     316* |       0 |       4 |        0 |      0 |     0 |    +0.0% |   -1.040 |    -1981.8 |   2368 | ng0_0/_8_/D
     319* |       0 |       4 |        0 |      0 |     0 |    +0.0% |   -1.040 |    -1981.8 |   2368 | ng0_0/_8_/D
     320* |       0 |       4 |        0 |      0 |     0 |    +0.0% |   -1.040 |    -1981.8 |   2368 | ng0_0/_8_/D
     322* |       0 |       4 |        0 |      0 |     0 |    +0.0% |   -1.040 |    -1981.8 |   2368 | ng0_0/_8_/D
     325* |       0 |       4 |        0 |      0 |     0 |    +0.0% |   -1.040 |    -1981.8 |   2368 | ng0_0/_8_/D
     328* |       0 |       4 |        0 |      0 |     0 |    +0.0% |   -1.040 |    -1981.8 |   2368 | ng0_0/_8_/D
     330* |       0 |       4 |        0 |      0 |     1 |    +0.0% |   -1.114 |    -1981.8 |   2368 | ng11_34/_8_/D
     331* |       0 |       4 |        0 |      0 |     0 |    +0.0% |   -1.040 |    -1981.8 |   2368 | ng0_0/_8_/D
     334* |       0 |       4 |        0 |      0 |     0 |    +0.0% |   -1.040 |    -1981.8 |   2368 | ng0_0/_8_/D
     337* |       0 |       4 |        0 |      0 |     0 |    +0.0% |   -1.040 |    -1981.8 |   2368 | ng0_0/_8_/D
     340* |       0 |       4 |        0 |      0 |     2 |    +0.0% |   -1.133 |    -1981.8 |   2368 | ng11_37/_8_/D
     340* |       0 |       4 |        0 |      0 |     0 |    +0.0% |   -1.040 |    -1981.8 |   2368 | ng0_0/_8_/D
     343* |       0 |       4 |        0 |      0 |     0 |    +0.0% |   -1.040 |    -1981.8 |   2368 | ng0_0/_8_/D
     346* |       0 |       4 |        0 |      0 |     0 |    +0.0% |   -1.040 |    -1981.8 |   2368 | ng0_0/_8_/D
     349* |       0 |       4 |        0 |      0 |     0 |    +0.0% |   -1.040 |    -1981.8 |   2368 | ng0_0/_8_/D
     350* |       0 |       4 |        0 |      0 |     0 |    +0.0% |   -1.040 |    -1981.8 |   2368 | ng0_0/_8_/D
     352* |       0 |       4 |        0 |      0 |     0 |    +0.0% |   -1.040 |    -1981.8 |   2368 | ng0_0/_8_/D
     355* |       0 |       4 |        0 |      0 |     0 |    +0.0% |   -1.040 |    -1981.8 |   2368 | ng0_0/_8_/D
     358* |       0 |       4 |        0 |      0 |     0 |    +0.0% |   -1.040 |    -1981.8 |   2368 | ng0_0/_8_/D
     360* |       0 |       4 |        0 |      0 |     1 |    +0.0% |   -1.114 |    -1981.8 |   2368 | ng11_8/_8_/D
     361* |       0 |       4 |        0 |      0 |     0 |    +0.0% |   -1.040 |    -1981.8 |   2368 | ng0_0/_8_/D
     364* |       0 |       4 |        0 |      0 |     0 |    +0.0% |   -1.040 |    -1981.8 |   2368 | ng0_0/_8_/D
     367* |       0 |       4 |        0 |      0 |     0 |    +0.0% |   -1.040 |    -1981.8 |   2368 | ng0_0/_8_/D
     370* |       0 |       4 |        0 |      0 |     2 |    +0.0% |   -1.133 |    -1981.8 |   2368 | ng12_1/_8_/D
     370* |       0 |       4 |        0 |      0 |     0 |    +0.0% |   -1.040 |    -1981.8 |   2368 | ng0_0/_8_/D
     373* |       0 |       4 |        0 |      0 |     0 |    +0.0% |   -1.040 |    -1981.8 |   2368 | ng0_0/_8_/D
     376* |       0 |       4 |        0 |      0 |     0 |    +0.0% |   -1.040 |    -1981.8 |   2368 | ng0_0/_8_/D
     379* |       0 |       4 |        0 |      0 |     0 |    +0.0% |   -1.040 |    -1981.8 |   2368 | ng0_0/_8_/D
     380* |       0 |       4 |        0 |      0 |     0 |    +0.0% |   -1.040 |    -1981.8 |   2368 | ng0_0/_8_/D
     382* |       0 |       4 |        0 |      0 |     0 |    +0.0% |   -1.040 |    -1981.8 |   2368 | ng0_0/_8_/D
     385* |       0 |       4 |        0 |      0 |     0 |    +0.0% |   -1.040 |    -1981.8 |   2368 | ng0_0/_8_/D
     388* |       0 |       4 |        0 |      0 |     0 |    +0.0% |   -1.040 |    -1981.8 |   2368 | ng0_0/_8_/D
     390* |       0 |       4 |        0 |      0 |     1 |    +0.0% |   -1.114 |    -1981.8 |   2368 | ng12_16/_8_/D
     391* |       0 |       4 |        0 |      0 |     0 |    +0.0% |   -1.040 |    -1981.8 |   2368 | ng0_0/_8_/D
     394* |       0 |       4 |        0 |      0 |     0 |    +0.0% |   -1.040 |    -1981.8 |   2368 | ng0_0/_8_/D
     397* |       0 |       4 |        0 |      0 |     0 |    +0.0% |   -1.040 |    -1981.8 |   2368 | ng0_0/_8_/D
     400* |       0 |       4 |        0 |      0 |     2 |    +0.0% |   -1.133 |    -1981.8 |   2368 | ng12_19/_8_/D
     400* |       0 |       4 |        0 |      0 |     0 |    +0.0% |   -1.040 |    -1981.8 |   2368 | ng0_0/_8_/D
     403* |       0 |       4 |        0 |      0 |     0 |    +0.0% |   -1.040 |    -1981.8 |   2368 | ng0_0/_8_/D
     406* |       0 |       4 |        0 |      0 |     0 |    +0.0% |   -1.040 |    -1981.8 |   2368 | ng0_0/_8_/D
     409* |       0 |       4 |        0 |      0 |     0 |    +0.0% |   -1.040 |    -1981.8 |   2368 | ng0_0/_8_/D
     410* |       0 |       4 |        0 |      0 |     0 |    +0.0% |   -1.040 |    -1981.8 |   2368 | ng0_0/_8_/D
     412* |       0 |       4 |        0 |      0 |     0 |    +0.0% |   -1.040 |    -1981.8 |   2368 | ng0_0/_8_/D
     415* |       0 |       4 |        0 |      0 |     0 |    +0.0% |   -1.040 |    -1981.8 |   2368 | ng0_0/_8_/D
     418* |       0 |       4 |        0 |      0 |     0 |    +0.0% |   -1.040 |    -1981.8 |   2368 | ng0_0/_8_/D
     420* |       0 |       4 |        0 |      0 |     1 |    +0.0% |   -1.114 |    -1981.8 |   2368 | ng12_25/_8_/D
     421* |       0 |       4 |        0 |      0 |     0 |    +0.0% |   -1.040 |    -1981.8 |   2368 | ng0_0/_8_/D
     424* |       0 |       4 |        0 |      0 |     0 |    +0.0% |   -1.040 |    -1981.8 |   2368 | ng0_0/_8_/D
     427* |       0 |       4 |        0 |      0 |     0 |    +0.0% |   -1.040 |    -1981.8 |   2368 | ng0_0/_8_/D
     430* |       0 |       4 |        0 |      0 |     2 |    +0.0% |   -1.133 |    -1981.8 |   2368 | ng12_28/_8_/D
     430* |       0 |       4 |        0 |      0 |     0 |    +0.0% |   -1.040 |    -1981.8 |   2368 | ng0_0/_8_/D
     433* |       0 |       4 |        0 |      0 |     0 |    +0.0% |   -1.040 |    -1981.8 |   2368 | ng0_0/_8_/D
     436* |       0 |       4 |        0 |      0 |     0 |    +0.0% |   -1.040 |    -1981.8 |   2368 | ng0_0/_8_/D
     439* |       0 |       4 |        0 |      0 |     0 |    +0.0% |   -1.040 |    -1981.8 |   2368 | ng0_0/_8_/D
     440* |       0 |       4 |        0 |      0 |     0 |    +0.0% |   -1.040 |    -1981.8 |   2368 | ng0_0/_8_/D
     442* |       0 |       4 |        0 |      0 |     0 |    +0.0% |   -1.040 |    -1981.8 |   2368 | ng0_0/_8_/D
     445* |       0 |       4 |        0 |      0 |     0 |    +0.0% |   -1.040 |    -1981.8 |   2368 | ng0_0/_8_/D
     448* |       0 |       4 |        0 |      0 |     0 |    +0.0% |   -1.040 |    -1981.8 |   2368 | ng0_0/_8_/D
     450* |       0 |       4 |        0 |      0 |     1 |    +0.0% |   -1.114 |    -1981.8 |   2368 | ng12_34/_8_/D
     451* |       0 |       4 |        0 |      0 |     0 |    +0.0% |   -1.040 |    -1981.8 |   2368 | ng0_0/_8_/D
     454* |       0 |       4 |        0 |      0 |     0 |    +0.0% |   -1.040 |    -1981.8 |   2368 | ng0_0/_8_/D
     457* |       0 |       4 |        0 |      0 |     0 |    +0.0% |   -1.040 |    -1981.8 |   2368 | ng0_0/_8_/D
     460* |       0 |       4 |        0 |      0 |     2 |    +0.0% |   -1.133 |    -1981.8 |   2368 | ng12_37/_8_/D
     460* |       0 |       4 |        0 |      0 |     0 |    +0.0% |   -1.040 |    -1981.8 |   2368 | ng0_0/_8_/D
     463* |       0 |       4 |        0 |      0 |     0 |    +0.0% |   -1.040 |    -1981.8 |   2368 | ng0_0/_8_/D
     466* |       0 |       4 |        0 |      0 |     0 |    +0.0% |   -1.040 |    -1981.8 |   2368 | ng0_0/_8_/D
     469* |       0 |       4 |        0 |      0 |     0 |    +0.0% |   -1.040 |    -1981.8 |   2368 | ng0_0/_8_/D
     470* |       0 |       4 |        0 |      0 |     0 |    +0.0% |   -1.040 |    -1981.8 |   2368 | ng0_0/_8_/D
     472* |       0 |       4 |        0 |      0 |     0 |    +0.0% |   -1.040 |    -1981.8 |   2368 | ng0_0/_8_/D
     475* |       0 |       4 |        0 |      0 |     0 |    +0.0% |   -1.040 |    -1981.8 |   2368 | ng0_0/_8_/D
     478* |       0 |       4 |        0 |      0 |     0 |    +0.0% |   -1.040 |    -1981.8 |   2368 | ng0_0/_8_/D
     480* |       0 |       4 |        0 |      0 |     1 |    +0.0% |   -1.114 |    -1981.8 |   2368 | ng12_8/_8_/D
     481* |       0 |       4 |        0 |      0 |     0 |    +0.0% |   -1.040 |    -1981.8 |   2368 | ng0_0/_8_/D
     484* |       0 |       4 |        0 |      0 |     0 |    +0.0% |   -1.040 |    -1981.8 |   2368 | ng0_0/_8_/D
     487* |       0 |       4 |        0 |      0 |     0 |    +0.0% |   -1.040 |    -1981.8 |   2368 | ng0_0/_8_/D
     490* |       0 |       4 |        0 |      0 |     2 |    +0.0% |   -1.133 |    -1981.8 |   2368 | ng13_1/_8_/D
     490* |       0 |       4 |        0 |      0 |     0 |    +0.0% |   -1.040 |    -1981.8 |   2368 | ng0_0/_8_/D
     493* |       0 |       4 |        0 |      0 |     0 |    +0.0% |   -1.040 |    -1981.8 |   2368 | ng0_0/_8_/D
     496* |       0 |       4 |        0 |      0 |     0 |    +0.0% |   -1.040 |    -1981.8 |   2368 | ng0_0/_8_/D
     499* |       0 |       4 |        0 |      0 |     0 |    +0.0% |   -1.040 |    -1981.8 |   2368 | ng0_0/_8_/D
     500* |       0 |       4 |        0 |      0 |     0 |    +0.0% |   -1.040 |    -1981.8 |   2368 | ng0_0/_8_/D
     502* |       0 |       4 |        0 |      0 |     0 |    +0.0% |   -1.040 |    -1981.8 |   2368 | ng0_0/_8_/D
     505* |       0 |       4 |        0 |      0 |     0 |    +0.0% |   -1.040 |    -1981.8 |   2368 | ng0_0/_8_/D
     508* |       0 |       4 |        0 |      0 |     0 |    +0.0% |   -1.040 |    -1981.8 |   2368 | ng0_0/_8_/D
     510* |       0 |       4 |        0 |      0 |     1 |    +0.0% |   -1.114 |    -1981.8 |   2368 | ng13_16/_8_/D
     511* |       0 |       4 |        0 |      0 |     0 |    +0.0% |   -1.040 |    -1981.8 |   2368 | ng0_0/_8_/D
     514* |       0 |       4 |        0 |      0 |     0 |    +0.0% |   -1.040 |    -1981.8 |   2368 | ng0_0/_8_/D
     517* |       0 |       4 |        0 |      0 |     0 |    +0.0% |   -1.040 |    -1981.8 |   2368 | ng0_0/_8_/D
     520* |       0 |       4 |        0 |      0 |     2 |    +0.0% |   -1.133 |    -1981.8 |   2368 | ng13_19/_8_/D
     520* |       0 |       4 |        0 |      0 |     0 |    +0.0% |   -1.040 |    -1981.8 |   2368 | ng0_0/_8_/D
     523* |       0 |       4 |        0 |      0 |     0 |    +0.0% |   -1.040 |    -1981.8 |   2368 | ng0_0/_8_/D
     526* |       0 |       4 |        0 |      0 |     0 |    +0.0% |   -1.040 |    -1981.8 |   2368 | ng0_0/_8_/D
     529* |       0 |       4 |        0 |      0 |     0 |    +0.0% |   -1.040 |    -1981.8 |   2368 | ng0_0/_8_/D
     530* |       0 |       4 |        0 |      0 |     0 |    +0.0% |   -1.040 |    -1981.8 |   2368 | ng0_0/_8_/D
     532* |       0 |       4 |        0 |      0 |     0 |    +0.0% |   -1.040 |    -1981.8 |   2368 | ng0_0/_8_/D
     535* |       0 |       4 |        0 |      0 |     0 |    +0.0% |   -1.040 |    -1981.8 |   2368 | ng0_0/_8_/D
     538* |       0 |       4 |        0 |      0 |     0 |    +0.0% |   -1.040 |    -1981.8 |   2368 | ng0_0/_8_/D
     540* |       0 |       4 |        0 |      0 |     1 |    +0.0% |   -1.114 |    -1981.8 |   2368 | ng13_25/_8_/D
     541* |       0 |       4 |        0 |      0 |     0 |    +0.0% |   -1.040 |    -1981.8 |   2368 | ng0_0/_8_/D
     544* |       0 |       4 |        0 |      0 |     0 |    +0.0% |   -1.040 |    -1981.8 |   2368 | ng0_0/_8_/D
     547* |       0 |       4 |        0 |      0 |     0 |    +0.0% |   -1.040 |    -1981.8 |   2368 | ng0_0/_8_/D
     550* |       0 |       4 |        0 |      0 |     2 |    +0.0% |   -1.133 |    -1981.8 |   2368 | ng13_28/_8_/D
     550* |       0 |       4 |        0 |      0 |     0 |    +0.0% |   -1.040 |    -1981.8 |   2368 | ng0_0/_8_/D
     553* |       0 |       4 |        0 |      0 |     0 |    +0.0% |   -1.040 |    -1981.8 |   2368 | ng0_0/_8_/D
     556* |       0 |       4 |        0 |      0 |     0 |    +0.0% |   -1.040 |    -1981.8 |   2368 | ng0_0/_8_/D
     559* |       0 |       4 |        0 |      0 |     0 |    +0.0% |   -1.040 |    -1981.8 |   2368 | ng0_0/_8_/D
     560* |       0 |       4 |        0 |      0 |     0 |    +0.0% |   -1.040 |    -1981.8 |   2368 | ng0_0/_8_/D
     562* |       0 |       4 |        0 |      0 |     0 |    +0.0% |   -1.040 |    -1981.8 |   2368 | ng0_0/_8_/D
     565* |       0 |       4 |        0 |      0 |     0 |    +0.0% |   -1.040 |    -1981.8 |   2368 | ng0_0/_8_/D
     568* |       0 |       4 |        0 |      0 |     0 |    +0.0% |   -1.040 |    -1981.8 |   2368 | ng0_0/_8_/D
     570* |       0 |       4 |        0 |      0 |     1 |    +0.0% |   -1.114 |    -1981.8 |   2368 | ng13_34/_8_/D
     571* |       0 |       4 |        0 |      0 |     0 |    +0.0% |   -1.040 |    -1981.8 |   2368 | ng0_0/_8_/D
     574* |       0 |       4 |        0 |      0 |     0 |    +0.0% |   -1.040 |    -1981.8 |   2368 | ng0_0/_8_/D
     577* |       0 |       4 |        0 |      0 |     0 |    +0.0% |   -1.040 |    -1981.8 |   2368 | ng0_0/_8_/D
     580* |       0 |       4 |        0 |      0 |     2 |    +0.0% |   -1.133 |    -1981.8 |   2368 | ng13_37/_8_/D
     580* |       0 |       4 |        0 |      0 |     0 |    +0.0% |   -1.040 |    -1981.8 |   2368 | ng0_0/_8_/D
     583* |       0 |       4 |        0 |      0 |     0 |    +0.0% |   -1.040 |    -1981.8 |   2368 | ng0_0/_8_/D
     586* |       0 |       4 |        0 |      0 |     0 |    +0.0% |   -1.040 |    -1981.8 |   2368 | ng0_0/_8_/D
     589* |       0 |       4 |        0 |      0 |     0 |    +0.0% |   -1.040 |    -1981.8 |   2368 | ng0_0/_8_/D
     590* |       0 |       4 |        0 |      0 |     0 |    +0.0% |   -1.040 |    -1981.8 |   2368 | ng0_0/_8_/D
     592* |       0 |       4 |        0 |      0 |     0 |    +0.0% |   -1.040 |    -1981.8 |   2368 | ng0_0/_8_/D
     595* |       0 |       4 |        0 |      0 |     0 |    +0.0% |   -1.040 |    -1981.8 |   2368 | ng0_0/_8_/D
     598* |       0 |       4 |        0 |      0 |     0 |    +0.0% |   -1.040 |    -1981.8 |   2368 | ng0_0/_8_/D
     600* |       0 |       4 |        0 |      0 |     1 |    +0.0% |   -1.114 |    -1981.8 |   2368 | ng13_8/_8_/D
     601* |       0 |       4 |        0 |      0 |     0 |    +0.0% |   -1.040 |    -1981.8 |   2368 | ng0_0/_8_/D
     604* |       0 |       4 |        0 |      0 |     0 |    +0.0% |   -1.040 |    -1981.8 |   2368 | ng0_0/_8_/D
     607* |       0 |       4 |        0 |      0 |     0 |    +0.0% |   -1.040 |    -1981.8 |   2368 | ng0_0/_8_/D
     610* |       0 |       4 |        0 |      0 |     2 |    +0.0% |   -1.133 |    -1981.8 |   2368 | ng14_1/_8_/D
     610* |       0 |       4 |        0 |      0 |     0 |    +0.0% |   -1.040 |    -1981.8 |   2368 | ng0_0/_8_/D
     613* |       0 |       4 |        0 |      0 |     0 |    +0.0% |   -1.040 |    -1981.8 |   2368 | ng0_0/_8_/D
     616* |       0 |       4 |        0 |      0 |     0 |    +0.0% |   -1.040 |    -1981.8 |   2368 | ng0_0/_8_/D
     619* |       0 |       4 |        0 |      0 |     0 |    +0.0% |   -1.040 |    -1981.8 |   2368 | ng0_0/_8_/D
     620* |       0 |       4 |        0 |      0 |     0 |    +0.0% |   -1.040 |    -1981.8 |   2368 | ng0_0/_8_/D
     622* |       0 |       4 |        0 |      0 |     0 |    +0.0% |   -1.040 |    -1981.8 |   2368 | ng0_0/_8_/D
     625* |       0 |       4 |        0 |      0 |     0 |    +0.0% |   -1.040 |    -1981.8 |   2368 | ng0_0/_8_/D
     628* |       0 |       4 |        0 |      0 |     0 |    +0.0% |   -1.040 |    -1981.8 |   2368 | ng0_0/_8_/D
     630* |       0 |       4 |        0 |      0 |     1 |    +0.0% |   -1.114 |    -1981.8 |   2368 | ng14_16/_8_/D
     631* |       0 |       4 |        0 |      0 |     0 |    +0.0% |   -1.040 |    -1981.8 |   2368 | ng0_0/_8_/D
     634* |       0 |       4 |        0 |      0 |     0 |    +0.0% |   -1.040 |    -1981.8 |   2368 | ng0_0/_8_/D
     637* |       0 |       4 |        0 |      0 |     0 |    +0.0% |   -1.040 |    -1981.8 |   2368 | ng0_0/_8_/D
     640* |       0 |       4 |        0 |      0 |     2 |    +0.0% |   -1.133 |    -1981.8 |   2368 | ng14_19/_8_/D
     640* |       0 |       4 |        0 |      0 |     0 |    +0.0% |   -1.040 |    -1981.8 |   2368 | ng0_0/_8_/D
     643* |       0 |       4 |        0 |      0 |     0 |    +0.0% |   -1.040 |    -1981.8 |   2368 | ng0_0/_8_/D
     646* |       0 |       4 |        0 |      0 |     0 |    +0.0% |   -1.040 |    -1981.8 |   2368 | ng0_0/_8_/D
     649* |       0 |       4 |        0 |      0 |     0 |    +0.0% |   -1.040 |    -1981.8 |   2368 | ng0_0/_8_/D
     650* |       0 |       4 |        0 |      0 |     0 |    +0.0% |   -1.040 |    -1981.8 |   2368 | ng0_0/_8_/D
     652* |       0 |       4 |        0 |      0 |     0 |    +0.0% |   -1.040 |    -1981.8 |   2368 | ng0_0/_8_/D
     655* |       0 |       4 |        0 |      0 |     0 |    +0.0% |   -1.040 |    -1981.8 |   2368 | ng0_0/_8_/D
     658* |       0 |       4 |        0 |      0 |     0 |    +0.0% |   -1.040 |    -1981.8 |   2368 | ng0_0/_8_/D
     660* |       0 |       4 |        0 |      0 |     1 |    +0.0% |   -1.114 |    -1981.8 |   2368 | ng14_25/_8_/D
     661* |       0 |       4 |        0 |      0 |     0 |    +0.0% |   -1.040 |    -1981.8 |   2368 | ng0_0/_8_/D
     664* |       0 |       4 |        0 |      0 |     0 |    +0.0% |   -1.040 |    -1981.8 |   2368 | ng0_0/_8_/D
     667* |       0 |       4 |        0 |      0 |     0 |    +0.0% |   -1.040 |    -1981.8 |   2368 | ng0_0/_8_/D
     670* |       0 |       4 |        0 |      0 |     2 |    +0.0% |   -1.133 |    -1981.8 |   2368 | ng14_28/_8_/D
     670* |       0 |       4 |        0 |      0 |     0 |    +0.0% |   -1.040 |    -1981.8 |   2368 | ng0_0/_8_/D
     673* |       0 |       4 |        0 |      0 |     0 |    +0.0% |   -1.040 |    -1981.8 |   2368 | ng0_0/_8_/D
     676* |       0 |       4 |        0 |      0 |     0 |    +0.0% |   -1.040 |    -1981.8 |   2368 | ng0_0/_8_/D
     679* |       0 |       4 |        0 |      0 |     0 |    +0.0% |   -1.040 |    -1981.8 |   2368 | ng0_0/_8_/D
     680* |       0 |       4 |        0 |      0 |     0 |    +0.0% |   -1.040 |    -1981.8 |   2368 | ng0_0/_8_/D
     682* |       0 |       4 |        0 |      0 |     0 |    +0.0% |   -1.040 |    -1981.8 |   2368 | ng0_0/_8_/D
     685* |       0 |       4 |        0 |      0 |     0 |    +0.0% |   -1.040 |    -1981.8 |   2368 | ng0_0/_8_/D
     688* |       0 |       4 |        0 |      0 |     0 |    +0.0% |   -1.040 |    -1981.8 |   2368 | ng0_0/_8_/D
     690* |       0 |       4 |        0 |      0 |     1 |    +0.0% |   -1.114 |    -1981.8 |   2368 | ng14_34/_8_/D
     691* |       0 |       4 |        0 |      0 |     0 |    +0.0% |   -1.040 |    -1981.8 |   2368 | ng0_0/_8_/D
     694* |       0 |       4 |        0 |      0 |     0 |    +0.0% |   -1.040 |    -1981.8 |   2368 | ng0_0/_8_/D
     697* |       0 |       4 |        0 |      0 |     0 |    +0.0% |   -1.040 |    -1981.8 |   2368 | ng0_0/_8_/D
     700* |       0 |       4 |        0 |      0 |     2 |    +0.0% |   -1.133 |    -1981.8 |   2368 | ng14_37/_8_/D
     700* |       0 |       4 |        0 |      0 |     0 |    +0.0% |   -1.040 |    -1981.8 |   2368 | ng0_0/_8_/D
     703* |       0 |       4 |        0 |      0 |     0 |    +0.0% |   -1.040 |    -1981.8 |   2368 | ng0_0/_8_/D
     706* |       0 |       4 |        0 |      0 |     0 |    +0.0% |   -1.040 |    -1981.8 |   2368 | ng0_0/_8_/D
     709* |       0 |       4 |        0 |      0 |     0 |    +0.0% |   -1.040 |    -1981.8 |   2368 | ng0_0/_8_/D
     710* |       0 |       4 |        0 |      0 |     0 |    +0.0% |   -1.040 |    -1981.8 |   2368 | ng0_0/_8_/D
     712* |       0 |       4 |        0 |      0 |     0 |    +0.0% |   -1.040 |    -1981.8 |   2368 | ng0_0/_8_/D
     715* |       0 |       4 |        0 |      0 |     0 |    +0.0% |   -1.040 |    -1981.8 |   2368 | ng0_0/_8_/D
     718* |       0 |       4 |        0 |      0 |     0 |    +0.0% |   -1.040 |    -1981.8 |   2368 | ng0_0/_8_/D
     720* |       0 |       4 |        0 |      0 |     1 |    +0.0% |   -1.114 |    -1981.8 |   2368 | ng14_8/_8_/D
     721* |       0 |       4 |        0 |      0 |     0 |    +0.0% |   -1.040 |    -1981.8 |   2368 | ng0_0/_8_/D
     724* |       0 |       4 |        0 |      0 |     0 |    +0.0% |   -1.040 |    -1981.8 |   2368 | ng0_0/_8_/D
     727* |       0 |       4 |        0 |      0 |     0 |    +0.0% |   -1.040 |    -1981.8 |   2368 | ng0_0/_8_/D
     730* |       0 |       4 |        0 |      0 |     2 |    +0.0% |   -1.133 |    -1981.8 |   2368 | ng15_1/_8_/D
     730* |       0 |       4 |        0 |      0 |     0 |    +0.0% |   -1.040 |    -1981.8 |   2368 | ng0_0/_8_/D
     733* |       0 |       4 |        0 |      0 |     0 |    +0.0% |   -1.040 |    -1981.8 |   2368 | ng0_0/_8_/D
     736* |       0 |       4 |        0 |      0 |     0 |    +0.0% |   -1.040 |    -1981.8 |   2368 | ng0_0/_8_/D
     739* |       0 |       4 |        0 |      0 |     0 |    +0.0% |   -1.040 |    -1981.8 |   2368 | ng0_0/_8_/D
     740* |       0 |       4 |        0 |      0 |     0 |    +0.0% |   -1.040 |    -1981.8 |   2368 | ng0_0/_8_/D
     742* |       0 |       4 |        0 |      0 |     0 |    +0.0% |   -1.040 |    -1981.8 |   2368 | ng0_0/_8_/D
     745* |       0 |       4 |        0 |      0 |     0 |    +0.0% |   -1.040 |    -1981.8 |   2368 | ng0_0/_8_/D
     748* |       0 |       4 |        0 |      0 |     0 |    +0.0% |   -1.040 |    -1981.8 |   2368 | ng0_0/_8_/D
     750* |       0 |       4 |        0 |      0 |     1 |    +0.0% |   -1.114 |    -1981.8 |   2368 | ng15_16/_8_/D
     751* |       0 |       4 |        0 |      0 |     0 |    +0.0% |   -1.040 |    -1981.8 |   2368 | ng0_0/_8_/D
     754* |       0 |       4 |        0 |      0 |     0 |    +0.0% |   -1.040 |    -1981.8 |   2368 | ng0_0/_8_/D
     757* |       0 |       4 |        0 |      0 |     0 |    +0.0% |   -1.040 |    -1981.8 |   2368 | ng0_0/_8_/D
     760* |       0 |       4 |        0 |      0 |     2 |    +0.0% |   -1.133 |    -1981.8 |   2368 | ng15_19/_8_/D
     760* |       0 |       4 |        0 |      0 |     0 |    +0.0% |   -1.040 |    -1981.8 |   2368 | ng0_0/_8_/D
     763* |       0 |       4 |        0 |      0 |     0 |    +0.0% |   -1.040 |    -1981.8 |   2368 | ng0_0/_8_/D
     766* |       0 |       4 |        0 |      0 |     0 |    +0.0% |   -1.040 |    -1981.8 |   2368 | ng0_0/_8_/D
     769* |       0 |       4 |        0 |      0 |     0 |    +0.0% |   -1.040 |    -1981.8 |   2368 | ng0_0/_8_/D
     770* |       0 |       4 |        0 |      0 |     0 |    +0.0% |   -1.040 |    -1981.8 |   2368 | ng0_0/_8_/D
     772* |       0 |       4 |        0 |      0 |     0 |    +0.0% |   -1.040 |    -1981.8 |   2368 | ng0_0/_8_/D
     775* |       0 |       4 |        0 |      0 |     0 |    +0.0% |   -1.040 |    -1981.8 |   2368 | ng0_0/_8_/D
     778* |       0 |       4 |        0 |      0 |     0 |    +0.0% |   -1.040 |    -1981.8 |   2368 | ng0_0/_8_/D
     780* |       0 |       4 |        0 |      0 |     1 |    +0.0% |   -1.114 |    -1981.8 |   2368 | ng15_25/_8_/D
     781* |       0 |       4 |        0 |      0 |     0 |    +0.0% |   -1.040 |    -1981.8 |   2368 | ng0_0/_8_/D
     784* |       0 |       4 |        0 |      0 |     0 |    +0.0% |   -1.040 |    -1981.8 |   2368 | ng0_0/_8_/D
     787* |       0 |       4 |        0 |      0 |     0 |    +0.0% |   -1.040 |    -1981.8 |   2368 | ng0_0/_8_/D
     790* |       0 |       4 |        0 |      0 |     2 |    +0.0% |   -1.133 |    -1981.8 |   2368 | ng15_28/_8_/D
     790* |       0 |       4 |        0 |      0 |     0 |    +0.0% |   -1.040 |    -1981.8 |   2368 | ng0_0/_8_/D
     793* |       0 |       4 |        0 |      0 |     0 |    +0.0% |   -1.040 |    -1981.8 |   2368 | ng0_0/_8_/D
     796* |       0 |       4 |        0 |      0 |     0 |    +0.0% |   -1.040 |    -1981.8 |   2368 | ng0_0/_8_/D
     799* |       0 |       4 |        0 |      0 |     0 |    +0.0% |   -1.040 |    -1981.8 |   2368 | ng0_0/_8_/D
     800* |       0 |       4 |        0 |      0 |     0 |    +0.0% |   -1.040 |    -1981.8 |   2368 | ng0_0/_8_/D
     802* |       0 |       4 |        0 |      0 |     0 |    +0.0% |   -1.040 |    -1981.8 |   2368 | ng0_0/_8_/D
     805* |       0 |       4 |        0 |      0 |     0 |    +0.0% |   -1.040 |    -1981.8 |   2368 | ng0_0/_8_/D
     808* |       0 |       4 |        0 |      0 |     0 |    +0.0% |   -1.040 |    -1981.8 |   2368 | ng0_0/_8_/D
     810* |       0 |       4 |        0 |      0 |     1 |    +0.0% |   -1.114 |    -1981.8 |   2368 | ng15_34/_8_/D
     811* |       0 |       4 |        0 |      0 |     0 |    +0.0% |   -1.040 |    -1981.8 |   2368 | ng0_0/_8_/D
     814* |       0 |       4 |        0 |      0 |     0 |    +0.0% |   -1.040 |    -1981.8 |   2368 | ng0_0/_8_/D
     817* |       0 |       4 |        0 |      0 |     0 |    +0.0% |   -1.040 |    -1981.8 |   2368 | ng0_0/_8_/D
     820* |       0 |       4 |        0 |      0 |     2 |    +0.0% |   -1.133 |    -1981.8 |   2368 | ng15_37/_8_/D
     820* |       0 |       4 |        0 |      0 |     0 |    +0.0% |   -1.040 |    -1981.8 |   2368 | ng0_0/_8_/D
     823* |       0 |       4 |        0 |      0 |     0 |    +0.0% |   -1.040 |    -1981.8 |   2368 | ng0_0/_8_/D
     826* |       0 |       4 |        0 |      0 |     0 |    +0.0% |   -1.040 |    -1981.8 |   2368 | ng0_0/_8_/D
     829* |       0 |       4 |        0 |      0 |     0 |    +0.0% |   -1.040 |    -1981.8 |   2368 | ng0_0/_8_/D
     830* |       0 |       4 |        0 |      0 |     0 |    +0.0% |   -1.040 |    -1981.8 |   2368 | ng0_0/_8_/D
     832* |       0 |       4 |        0 |      0 |     0 |    +0.0% |   -1.040 |    -1981.8 |   2368 | ng0_0/_8_/D
     835* |       0 |       4 |        0 |      0 |     0 |    +0.0% |   -1.040 |    -1981.8 |   2368 | ng0_0/_8_/D
     838* |       0 |       4 |        0 |      0 |     0 |    +0.0% |   -1.040 |    -1981.8 |   2368 | ng0_0/_8_/D
     840* |       0 |       4 |        0 |      0 |     1 |    +0.0% |   -1.114 |    -1981.8 |   2368 | ng15_8/_8_/D
     841* |       0 |       4 |        0 |      0 |     0 |    +0.0% |   -1.040 |    -1981.8 |   2368 | ng0_0/_8_/D
     844* |       0 |       4 |        0 |      0 |     0 |    +0.0% |   -1.040 |    -1981.8 |   2368 | ng0_0/_8_/D
     847* |       0 |       4 |        0 |      0 |     0 |    +0.0% |   -1.040 |    -1981.8 |   2368 | ng0_0/_8_/D
     850* |       0 |       4 |        0 |      0 |     2 |    +0.0% |   -1.133 |    -1981.8 |   2368 | ng1_1/_8_/D
     850* |       0 |       4 |        0 |      0 |     0 |    +0.0% |   -1.040 |    -1981.8 |   2368 | ng0_0/_8_/D
     853* |       0 |       4 |        0 |      0 |     0 |    +0.0% |   -1.040 |    -1981.8 |   2368 | ng0_0/_8_/D
     856* |       0 |       4 |        0 |      0 |     0 |    +0.0% |   -1.040 |    -1981.8 |   2368 | ng0_0/_8_/D
     859* |       0 |       4 |        0 |      0 |     0 |    +0.0% |   -1.040 |    -1981.8 |   2368 | ng0_0/_8_/D
     860* |       0 |       4 |        0 |      0 |     0 |    +0.0% |   -1.040 |    -1981.8 |   2368 | ng0_0/_8_/D
     862* |       0 |       4 |        0 |      0 |     0 |    +0.0% |   -1.040 |    -1981.8 |   2368 | ng0_0/_8_/D
     865* |       0 |       4 |        0 |      0 |     0 |    +0.0% |   -1.040 |    -1981.8 |   2368 | ng0_0/_8_/D
     868* |       0 |       4 |        0 |      0 |     0 |    +0.0% |   -1.040 |    -1981.8 |   2368 | ng0_0/_8_/D
     870* |       0 |       4 |        0 |      0 |     1 |    +0.0% |   -1.114 |    -1981.8 |   2368 | ng1_16/_8_/D
     871* |       0 |       4 |        0 |      0 |     0 |    +0.0% |   -1.040 |    -1981.8 |   2368 | ng0_0/_8_/D
     874* |       0 |       4 |        0 |      0 |     0 |    +0.0% |   -1.040 |    -1981.8 |   2368 | ng0_0/_8_/D
     877* |       0 |       4 |        0 |      0 |     0 |    +0.0% |   -1.040 |    -1981.8 |   2368 | ng0_0/_8_/D
     880* |       0 |       4 |        0 |      0 |     2 |    +0.0% |   -1.133 |    -1981.8 |   2368 | ng1_19/_8_/D
     880* |       0 |       4 |        0 |      0 |     0 |    +0.0% |   -1.040 |    -1981.8 |   2368 | ng0_0/_8_/D
     883* |       0 |       4 |        0 |      0 |     0 |    +0.0% |   -1.040 |    -1981.8 |   2368 | ng0_0/_8_/D
     886* |       0 |       4 |        0 |      0 |     0 |    +0.0% |   -1.040 |    -1981.8 |   2368 | ng0_0/_8_/D
     889* |       0 |       4 |        0 |      0 |     0 |    +0.0% |   -1.040 |    -1981.8 |   2368 | ng0_0/_8_/D
     890* |       0 |       4 |        0 |      0 |     0 |    +0.0% |   -1.040 |    -1981.8 |   2368 | ng0_0/_8_/D
     892* |       0 |       4 |        0 |      0 |     0 |    +0.0% |   -1.040 |    -1981.8 |   2368 | ng0_0/_8_/D
     895* |       0 |       4 |        0 |      0 |     0 |    +0.0% |   -1.040 |    -1981.8 |   2368 | ng0_0/_8_/D
     898* |       0 |       4 |        0 |      0 |     0 |    +0.0% |   -1.040 |    -1981.8 |   2368 | ng0_0/_8_/D
     900* |       0 |       4 |        0 |      0 |     1 |    +0.0% |   -1.114 |    -1981.8 |   2368 | ng1_25/_8_/D
     901* |       0 |       4 |        0 |      0 |     0 |    +0.0% |   -1.040 |    -1981.8 |   2368 | ng0_0/_8_/D
     904* |       0 |       4 |        0 |      0 |     0 |    +0.0% |   -1.040 |    -1981.8 |   2368 | ng0_0/_8_/D
     907* |       0 |       4 |        0 |      0 |     0 |    +0.0% |   -1.040 |    -1981.8 |   2368 | ng0_0/_8_/D
     910* |       0 |       4 |        0 |      0 |     2 |    +0.0% |   -1.133 |    -1981.8 |   2368 | ng1_28/_8_/D
     910* |       0 |       4 |        0 |      0 |     0 |    +0.0% |   -1.040 |    -1981.8 |   2368 | ng0_0/_8_/D
     913* |       0 |       4 |        0 |      0 |     0 |    +0.0% |   -1.040 |    -1981.8 |   2368 | ng0_0/_8_/D
     916* |       0 |       4 |        0 |      0 |     0 |    +0.0% |   -1.040 |    -1981.8 |   2368 | ng0_0/_8_/D
     919* |       0 |       4 |        0 |      0 |     0 |    +0.0% |   -1.040 |    -1981.8 |   2368 | ng0_0/_8_/D
     920* |       0 |       4 |        0 |      0 |     0 |    +0.0% |   -1.040 |    -1981.8 |   2368 | ng0_0/_8_/D
     922* |       0 |       4 |        0 |      0 |     0 |    +0.0% |   -1.040 |    -1981.8 |   2368 | ng0_0/_8_/D
     925* |       0 |       4 |        0 |      0 |     0 |    +0.0% |   -1.040 |    -1981.8 |   2368 | ng0_0/_8_/D
     928* |       0 |       4 |        0 |      0 |     0 |    +0.0% |   -1.040 |    -1981.8 |   2368 | ng0_0/_8_/D
     930* |       0 |       4 |        0 |      0 |     1 |    +0.0% |   -1.114 |    -1981.8 |   2368 | ng1_34/_8_/D
     931* |       0 |       4 |        0 |      0 |     0 |    +0.0% |   -1.040 |    -1981.8 |   2368 | ng0_0/_8_/D
     934* |       0 |       4 |        0 |      0 |     0 |    +0.0% |   -1.040 |    -1981.8 |   2368 | ng0_0/_8_/D
     937* |       0 |       4 |        0 |      0 |     0 |    +0.0% |   -1.040 |    -1981.8 |   2368 | ng0_0/_8_/D
     940* |       0 |       4 |        0 |      0 |     2 |    +0.0% |   -1.133 |    -1981.8 |   2368 | ng1_37/_8_/D
     940* |       0 |       4 |        0 |      0 |     0 |    +0.0% |   -1.040 |    -1981.8 |   2368 | ng0_0/_8_/D
     943* |       0 |       4 |        0 |      0 |     0 |    +0.0% |   -1.040 |    -1981.8 |   2368 | ng0_0/_8_/D
     946* |       0 |       4 |        0 |      0 |     0 |    +0.0% |   -1.040 |    -1981.8 |   2368 | ng0_0/_8_/D
     949* |       0 |       4 |        0 |      0 |     0 |    +0.0% |   -1.040 |    -1981.8 |   2368 | ng0_0/_8_/D
     950* |       0 |       4 |        0 |      0 |     0 |    +0.0% |   -1.040 |    -1981.8 |   2368 | ng0_0/_8_/D
     952* |       0 |       4 |        0 |      0 |     0 |    +0.0% |   -1.040 |    -1981.8 |   2368 | ng0_0/_8_/D
     955* |       0 |       4 |        0 |      0 |     0 |    +0.0% |   -1.040 |    -1981.8 |   2368 | ng0_0/_8_/D
     958* |       0 |       4 |        0 |      0 |     0 |    +0.0% |   -1.040 |    -1981.8 |   2368 | ng0_0/_8_/D
     960* |       0 |       4 |        0 |      0 |     1 |    +0.0% |   -1.114 |    -1981.8 |   2368 | ng1_8/_8_/D
     961* |       0 |       4 |        0 |      0 |     0 |    +0.0% |   -1.040 |    -1981.8 |   2368 | ng0_0/_8_/D
     964* |       0 |       4 |        0 |      0 |     0 |    +0.0% |   -1.040 |    -1981.8 |   2368 | ng0_0/_8_/D
     967* |       0 |       4 |        0 |      0 |     0 |    +0.0% |   -1.040 |    -1981.8 |   2368 | ng0_0/_8_/D
     970* |       0 |       4 |        0 |      0 |     2 |    +0.0% |   -1.133 |    -1981.8 |   2368 | ng2_1/_8_/D
     970* |       0 |       4 |        0 |      0 |     0 |    +0.0% |   -1.040 |    -1981.8 |   2368 | ng0_0/_8_/D
     973* |       0 |       4 |        0 |      0 |     0 |    +0.0% |   -1.040 |    -1981.8 |   2368 | ng0_0/_8_/D
     976* |       0 |       4 |        0 |      0 |     0 |    +0.0% |   -1.040 |    -1981.8 |   2368 | ng0_0/_8_/D
     979* |       0 |       4 |        0 |      0 |     0 |    +0.0% |   -1.040 |    -1981.8 |   2368 | ng0_0/_8_/D
     980* |       0 |       4 |        0 |      0 |     0 |    +0.0% |   -1.040 |    -1981.8 |   2368 | ng0_0/_8_/D
     982* |       0 |       4 |        0 |      0 |     0 |    +0.0% |   -1.040 |    -1981.8 |   2368 | ng0_0/_8_/D
     985* |       0 |       4 |        0 |      0 |     0 |    +0.0% |   -1.040 |    -1981.8 |   2368 | ng0_0/_8_/D
     988* |       0 |       4 |        0 |      0 |     0 |    +0.0% |   -1.040 |    -1981.8 |   2368 | ng0_0/_8_/D
     990* |       0 |       4 |        0 |      0 |     1 |    +0.0% |   -1.114 |    -1981.8 |   2368 | ng2_16/_8_/D
     991* |       0 |       4 |        0 |      0 |     0 |    +0.0% |   -1.040 |    -1981.8 |   2368 | ng0_0/_8_/D
     994* |       0 |       4 |        0 |      0 |     0 |    +0.0% |   -1.040 |    -1981.8 |   2368 | ng0_0/_8_/D
     997* |       0 |       4 |        0 |      0 |     0 |    +0.0% |   -1.040 |    -1981.8 |   2368 | ng0_0/_8_/D
    1000* |       0 |       4 |        0 |      0 |     2 |    +0.0% |   -1.133 |    -1981.8 |   2368 | ng2_19/_8_/D
    1000* |       0 |       4 |        0 |      0 |     0 |    +0.0% |   -1.040 |    -1981.8 |   2368 | ng0_0/_8_/D
    1003* |       0 |       4 |        0 |      0 |     0 |    +0.0% |   -1.040 |    -1981.8 |   2368 | ng0_0/_8_/D
    1006* |       0 |       4 |        0 |      0 |     0 |    +0.0% |   -1.040 |    -1981.8 |   2368 | ng0_0/_8_/D
    1009* |       0 |       4 |        0 |      0 |     0 |    +0.0% |   -1.040 |    -1981.8 |   2368 | ng0_0/_8_/D
    1010* |       0 |       4 |        0 |      0 |     0 |    +0.0% |   -1.040 |    -1981.8 |   2368 | ng0_0/_8_/D
    1012* |       0 |       4 |        0 |      0 |     0 |    +0.0% |   -1.040 |    -1981.8 |   2368 | ng0_0/_8_/D
    1015* |       0 |       4 |        0 |      0 |     0 |    +0.0% |   -1.040 |    -1981.8 |   2368 | ng0_0/_8_/D
    1018* |       0 |       4 |        0 |      0 |     0 |    +0.0% |   -1.040 |    -1981.8 |   2368 | ng0_0/_8_/D
    1020* |       0 |       4 |        0 |      0 |     1 |    +0.0% |   -1.114 |    -1981.8 |   2368 | ng2_25/_8_/D
    1021* |       0 |       4 |        0 |      0 |     0 |    +0.0% |   -1.040 |    -1981.8 |   2368 | ng0_0/_8_/D
    1024* |       0 |       4 |        0 |      0 |     0 |    +0.0% |   -1.040 |    -1981.8 |   2368 | ng0_0/_8_/D
    1027* |       0 |       4 |        0 |      0 |     0 |    +0.0% |   -1.040 |    -1981.8 |   2368 | ng0_0/_8_/D
    1030* |       0 |       4 |        0 |      0 |     2 |    +0.0% |   -1.133 |    -1981.8 |   2368 | ng2_28/_8_/D
    1030* |       0 |       4 |        0 |      0 |     0 |    +0.0% |   -1.040 |    -1981.8 |   2368 | ng0_0/_8_/D
    1033* |       0 |       4 |        0 |      0 |     0 |    +0.0% |   -1.040 |    -1981.8 |   2368 | ng0_0/_8_/D
    1036* |       0 |       4 |        0 |      0 |     0 |    +0.0% |   -1.040 |    -1981.8 |   2368 | ng0_0/_8_/D
    1039* |       0 |       4 |        0 |      0 |     0 |    +0.0% |   -1.040 |    -1981.8 |   2368 | ng0_0/_8_/D
    1040* |       0 |       4 |        0 |      0 |     0 |    +0.0% |   -1.040 |    -1981.8 |   2368 | ng0_0/_8_/D
    1042* |       0 |       4 |        0 |      0 |     0 |    +0.0% |   -1.040 |    -1981.8 |   2368 | ng0_0/_8_/D
    1045* |       0 |       4 |        0 |      0 |     0 |    +0.0% |   -1.040 |    -1981.8 |   2368 | ng0_0/_8_/D
    1048* |       0 |       4 |        0 |      0 |     0 |    +0.0% |   -1.040 |    -1981.8 |   2368 | ng0_0/_8_/D
    1050* |       0 |       4 |        0 |      0 |     1 |    +0.0% |   -1.114 |    -1981.8 |   2368 | ng2_34/_8_/D
    1051* |       0 |       4 |        0 |      0 |     0 |    +0.0% |   -1.040 |    -1981.8 |   2368 | ng0_0/_8_/D
    1054* |       0 |       4 |        0 |      0 |     0 |    +0.0% |   -1.040 |    -1981.8 |   2368 | ng0_0/_8_/D
    1057* |       0 |       4 |        0 |      0 |     0 |    +0.0% |   -1.040 |    -1981.8 |   2368 | ng0_0/_8_/D
    1060* |       0 |       4 |        0 |      0 |     2 |    +0.0% |   -1.133 |    -1981.8 |   2368 | ng2_37/_8_/D
    1060* |       0 |       4 |        0 |      0 |     0 |    +0.0% |   -1.040 |    -1981.8 |   2368 | ng0_0/_8_/D
    1063* |       0 |       4 |        0 |      0 |     0 |    +0.0% |   -1.040 |    -1981.8 |   2368 | ng0_0/_8_/D
    1066* |       0 |       4 |        0 |      0 |     0 |    +0.0% |   -1.040 |    -1981.8 |   2368 | ng0_0/_8_/D
    1069* |       0 |       4 |        0 |      0 |     0 |    +0.0% |   -1.040 |    -1981.8 |   2368 | ng0_0/_8_/D
    1070* |       0 |       4 |        0 |      0 |     0 |    +0.0% |   -1.040 |    -1981.8 |   2368 | ng0_0/_8_/D
    1072* |       0 |       4 |        0 |      0 |     0 |    +0.0% |   -1.040 |    -1981.8 |   2368 | ng0_0/_8_/D
    1075* |       0 |       4 |        0 |      0 |     0 |    +0.0% |   -1.040 |    -1981.8 |   2368 | ng0_0/_8_/D
    1078* |       0 |       4 |        0 |      0 |     0 |    +0.0% |   -1.040 |    -1981.8 |   2368 | ng0_0/_8_/D
    1080* |       0 |       4 |        0 |      0 |     1 |    +0.0% |   -1.114 |    -1981.8 |   2368 | ng2_8/_8_/D
    1081* |       0 |       4 |        0 |      0 |     0 |    +0.0% |   -1.040 |    -1981.8 |   2368 | ng0_0/_8_/D
    1084* |       0 |       4 |        0 |      0 |     0 |    +0.0% |   -1.040 |    -1981.8 |   2368 | ng0_0/_8_/D
    1087* |       0 |       4 |        0 |      0 |     0 |    +0.0% |   -1.040 |    -1981.8 |   2368 | ng0_0/_8_/D
    1090* |       0 |       4 |        0 |      0 |     2 |    +0.0% |   -1.133 |    -1981.8 |   2368 | ng3_1/_8_/D
    1090* |       0 |       4 |        0 |      0 |     0 |    +0.0% |   -1.040 |    -1981.8 |   2368 | ng0_0/_8_/D
    1093* |       0 |       4 |        0 |      0 |     0 |    +0.0% |   -1.040 |    -1981.8 |   2368 | ng0_0/_8_/D
    1096* |       0 |       4 |        0 |      0 |     0 |    +0.0% |   -1.040 |    -1981.8 |   2368 | ng0_0/_8_/D
    1099* |       0 |       4 |        0 |      0 |     0 |    +0.0% |   -1.040 |    -1981.8 |   2368 | ng0_0/_8_/D
    1100* |       0 |       4 |        0 |      0 |     0 |    +0.0% |   -1.040 |    -1981.8 |   2368 | ng0_0/_8_/D
    1100* |       0 |       4 |        0 |      0 |     0 |    +0.0% |   -1.040 |    -1981.8 |   2368 | ng0_0/_8_/D
    1103* |       0 |       4 |        0 |      0 |     0 |    +0.0% |   -1.040 |    -1981.8 |   2368 | ng0_0/_8_/D
    1106* |       0 |       4 |        0 |      0 |     0 |    +0.0% |   -1.040 |    -1981.8 |   2368 | ng0_0/_8_/D
    1109* |       0 |       4 |        0 |      0 |     0 |    +0.0% |   -1.040 |    -1981.8 |   2368 | ng0_0/_8_/D
    1110* |       0 |       4 |        0 |      0 |     0 |    +0.0% |   -1.040 |    -1981.8 |   2368 | ng0_0/_8_/D
    1112* |       0 |       4 |        0 |      0 |     0 |    +0.0% |   -1.040 |    -1981.8 |   2368 | ng0_0/_8_/D
    1115* |       0 |       4 |        0 |      0 |     0 |    +0.0% |   -1.040 |    -1981.8 |   2368 | ng0_0/_8_/D
    1118* |       0 |       4 |        0 |      0 |     0 |    +0.0% |   -1.040 |    -1981.8 |   2368 | ng0_0/_8_/D
    1120* |       0 |       4 |        0 |      0 |     1 |    +0.0% |   -1.114 |    -1981.8 |   2368 | ng3_2/_8_/D
    1121* |       0 |       4 |        0 |      0 |     0 |    +0.0% |   -1.040 |    -1981.8 |   2368 | ng0_0/_8_/D
    1124* |       0 |       4 |        0 |      0 |     0 |    +0.0% |   -1.040 |    -1981.8 |   2368 | ng0_0/_8_/D
    1127* |       0 |       4 |        0 |      0 |     0 |    +0.0% |   -1.040 |    -1981.8 |   2368 | ng0_0/_8_/D
    1130* |       0 |       4 |        0 |      0 |     2 |    +0.0% |   -1.133 |    -1981.8 |   2368 | ng3_22/_8_/D
    1130* |       0 |       4 |        0 |      0 |     0 |    +0.0% |   -1.040 |    -1981.8 |   2368 | ng0_0/_8_/D
    1133* |       0 |       4 |        0 |      0 |     0 |    +0.0% |   -1.040 |    -1981.8 |   2368 | ng0_0/_8_/D
    1136* |       0 |       4 |        0 |      0 |     0 |    +0.0% |   -1.040 |    -1981.8 |   2368 | ng0_0/_8_/D
    1139* |       0 |       4 |        0 |      0 |     0 |    +0.0% |   -1.040 |    -1981.8 |   2368 | ng0_0/_8_/D
    1140* |       0 |       4 |        0 |      0 |     0 |    +0.0% |   -1.040 |    -1981.8 |   2368 | ng0_0/_8_/D
    1142* |       0 |       4 |        0 |      0 |     0 |    +0.0% |   -1.040 |    -1981.8 |   2368 | ng0_0/_8_/D
    1145* |       0 |       4 |        0 |      0 |     0 |    +0.0% |   -1.040 |    -1981.8 |   2368 | ng0_0/_8_/D
    1148* |       0 |       4 |        0 |      0 |     0 |    +0.0% |   -1.040 |    -1981.8 |   2368 | ng0_0/_8_/D
    1150* |       0 |       4 |        0 |      0 |     1 |    +0.0% |   -1.114 |    -1981.8 |   2368 | ng3_29/_8_/D
    1151* |       0 |       4 |        0 |      0 |     0 |    +0.0% |   -1.040 |    -1981.8 |   2368 | ng0_0/_8_/D
    1154* |       0 |       4 |        0 |      0 |     0 |    +0.0% |   -1.040 |    -1981.8 |   2368 | ng0_0/_8_/D
    1157* |       0 |       4 |        0 |      0 |     0 |    +0.0% |   -1.040 |    -1981.8 |   2368 | ng0_0/_8_/D
    1160* |       0 |       4 |        0 |      0 |     2 |    +0.0% |   -1.133 |    -1981.8 |   2368 | ng3_31/_8_/D
    1160* |       0 |       4 |        0 |      0 |     0 |    +0.0% |   -1.040 |    -1981.8 |   2368 | ng0_0/_8_/D
    1163* |       0 |       4 |        0 |      0 |     0 |    +0.0% |   -1.040 |    -1981.8 |   2368 | ng0_0/_8_/D
    1166* |       0 |       4 |        0 |      0 |     0 |    +0.0% |   -1.040 |    -1981.8 |   2368 | ng0_0/_8_/D
    1169* |       0 |       4 |        0 |      0 |     0 |    +0.0% |   -1.040 |    -1981.8 |   2368 | ng0_0/_8_/D
    1170* |       0 |       4 |        0 |      0 |     0 |    +0.0% |   -1.040 |    -1981.8 |   2368 | ng0_0/_8_/D
    1172* |       0 |       4 |        0 |      0 |     0 |    +0.0% |   -1.040 |    -1981.8 |   2368 | ng0_0/_8_/D
    1175* |       0 |       4 |        0 |      0 |     0 |    +0.0% |   -1.040 |    -1981.8 |   2368 | ng0_0/_8_/D
    1178* |       0 |       4 |        0 |      0 |     0 |    +0.0% |   -1.040 |    -1981.8 |   2368 | ng0_0/_8_/D
    1180* |       0 |       4 |        0 |      0 |     1 |    +0.0% |   -1.114 |    -1981.8 |   2368 | ng3_38/_8_/D
    1181* |       0 |       4 |        0 |      0 |     0 |    +0.0% |   -1.040 |    -1981.8 |   2368 | ng0_0/_8_/D
    1184* |       0 |       4 |        0 |      0 |     0 |    +0.0% |   -1.040 |    -1981.8 |   2368 | ng0_0/_8_/D
    1187* |       0 |       4 |        0 |      0 |     0 |    +0.0% |   -1.040 |    -1981.8 |   2368 | ng0_0/_8_/D
    1190* |       0 |       4 |        0 |      0 |     2 |    +0.0% |   -1.133 |    -1981.8 |   2368 | ng3_5/_8_/D
    1190* |       0 |       4 |        0 |      0 |     0 |    +0.0% |   -1.040 |    -1981.8 |   2368 | ng0_0/_8_/D
    1193* |       0 |       4 |        0 |      0 |     0 |    +0.0% |   -1.040 |    -1981.8 |   2368 | ng0_0/_8_/D
    1196* |       0 |       4 |        0 |      0 |     0 |    +0.0% |   -1.040 |    -1981.8 |   2368 | ng0_0/_8_/D
    1199* |       0 |       4 |        0 |      0 |     0 |    +0.0% |   -1.040 |    -1981.8 |   2368 | ng0_0/_8_/D
    1200* |       0 |       4 |        0 |      0 |     0 |    +0.0% |   -1.040 |    -1981.8 |   2368 | ng0_0/_8_/D
    1200* |       0 |       4 |        0 |      0 |     0 |    +0.0% |   -1.040 |    -1981.8 |   2368 | ng0_0/_8_/D
    1200* |       0 |       4 |        0 |      0 |     0 |    +0.0% |   -1.040 |    -1981.8 |   2368 | ng0_0/_8_/D
    final |       0 |       4 |        0 |      0 |     0 |    +0.0% |   -1.040 |    -1981.8 |   2368 | ng0_0/_8_/D
------------------------------------------------------------------------------------------------------------------------------
[INFO RSZ-0051] Resized 4 instances: 4 up, 0 up match, 0 down, 0 VT
[WARNING RSZ-0062] Unable to repair all setup violations.
[INFO RSZ-0505] Runtime: 154.84s
Took 155 seconds: repair_timing -setup_margin 0 -hold_margin 0 -repair_tns 100 -match_cell_footprint -setup -skip_last_gasp -sequence unbuffer,sizeup,swap,vt_swap -verbose
Default units for flow
 time 1ns
 capacitance 1pF
 resistance 1kohm
 voltage 1v
 current 1mA
 power 1nW
 distance 1um
   Layer   | Unit Resistance | Unit Capacitance 
           |       (kohm/um) |          (pF/um)
------------------------------------------------
       li1 |        7.18e-02 |         1.50e-04
      met1 |        1.21e-03 |         1.72e-04
      met2 |        1.22e-03 |         1.36e-04
      met3 |        1.66e-04 |         2.15e-04
      met4 |        1.68e-04 |         1.48e-04
      met5 |        1.84e-05 |         1.54e-04
------------------------------------------------

   Layer   | Via Resistance 
           |         (kohm) 
----------------------------
      mcon |       9.25e-03 
       via |       4.50e-03 
      via2 |       3.37e-03 
      via3 |       3.77e-04 
      via4 |       5.80e-06 
----------------------------
Report metrics stage 2, floorplan final...

==========================================================================
floorplan final report_design_area
--------------------------------------------------------------------------
Design area 188576 um^2 75% utilization.
write_db /work/orfs/results/sky130hd/s_ubp4_n64_u75/base/2_1_floorplan.odb
write_sdc -no_timestamp /work/orfs/results/sky130hd/s_ubp4_n64_u75/base/2_1_floorplan.sdc
Elapsed time: 2:37.35[h:]min:sec. CPU time: user 84.43 sys 0.87 (54%). Peak memory: 187224KB.
Log                       Ext     Elapsed/s Peak Memory/MB sha1sum result [0:20)
2_1_floorplan             .odb          157            182 7122249badf487a18979
2_1_floorplan             .sdc                             c9b52a36521419161edd
/OpenROAD-flow-scripts/flow/scripts/flow.sh 2_2_floorplan_macro macro_place
Running macro_place.tcl, stage 2_2_floorplan_macro
read_liberty /OpenROAD-flow-scripts/flow/platforms/sky130hd/lib/sky130_fd_sc_hd__tt_025C_1v80.lib
read_db /work/orfs/results/sky130hd/s_ubp4_n64_u75/base/2_1_floorplan.odb
read_sdc /work/orfs/results/sky130hd/s_ubp4_n64_u75/base/2_1_floorplan.sdc
source /OpenROAD-flow-scripts/flow/platforms/sky130hd/setRC.tcl
No macros found: Skipping macro_placement
Design area 188576 um^2 75% utilization.
write_db /work/orfs/results/sky130hd/s_ubp4_n64_u75/base/2_2_floorplan_macro.odb
Elapsed time: 0:00.92[h:]min:sec. CPU time: user 0.49 sys 0.09 (62%). Peak memory: 121708KB.
Log                       Ext     Elapsed/s Peak Memory/MB sha1sum result [0:20)
2_2_floorplan_macro       .odb            0            118 7122249badf487a18979
/OpenROAD-flow-scripts/flow/scripts/flow.sh 2_3_floorplan_tapcell tapcell
Running tapcell.tcl, stage 2_3_floorplan_tapcell
read_liberty /OpenROAD-flow-scripts/flow/platforms/sky130hd/lib/sky130_fd_sc_hd__tt_025C_1v80.lib
read_db /work/orfs/results/sky130hd/s_ubp4_n64_u75/base/2_2_floorplan_macro.odb
read_sdc /work/orfs/results/sky130hd/s_ubp4_n64_u75/base/2_1_floorplan.sdc
source /OpenROAD-flow-scripts/flow/platforms/sky130hd/setRC.tcl
[INFO TAP-0005] Inserted 3348 tapcells.
Design area 192765 um^2 77% utilization.
write_db /work/orfs/results/sky130hd/s_ubp4_n64_u75/base/2_3_floorplan_tapcell.odb
Elapsed time: 0:00.89[h:]min:sec. CPU time: user 0.48 sys 0.07 (61%). Peak memory: 121800KB.
Log                       Ext     Elapsed/s Peak Memory/MB sha1sum result [0:20)
2_3_floorplan_tapcell     .odb            0            118 cd7578907428bf36d41b
/OpenROAD-flow-scripts/flow/scripts/flow.sh 2_4_floorplan_pdn pdn
Running pdn.tcl, stage 2_4_floorplan_pdn
read_liberty /OpenROAD-flow-scripts/flow/platforms/sky130hd/lib/sky130_fd_sc_hd__tt_025C_1v80.lib
read_db /work/orfs/results/sky130hd/s_ubp4_n64_u75/base/2_3_floorplan_tapcell.odb
read_sdc /work/orfs/results/sky130hd/s_ubp4_n64_u75/base/2_1_floorplan.sdc
source /OpenROAD-flow-scripts/flow/platforms/sky130hd/setRC.tcl
[WARNING PDN-1051] No instances found for grid (CORE_macro_grid_1).
[WARNING PDN-1051] No instances found for grid (CORE_macro_grid_2).
[INFO PDN-0001] Inserting grid: grid
[INFO PDN-0500] Runtime: 0.16s
Design area 192765 um^2 77% utilization.
write_db /work/orfs/results/sky130hd/s_ubp4_n64_u75/base/2_4_floorplan_pdn.odb
Elapsed time: 0:01.45[h:]min:sec. CPU time: user 0.82 sys 0.07 (61%). Peak memory: 130980KB.
Log                       Ext     Elapsed/s Peak Memory/MB sha1sum result [0:20)
2_4_floorplan_pdn         .odb            1            127 0d789c8efd972f47658e
cp /work/orfs/results/sky130hd/s_ubp4_n64_u75/base/2_4_floorplan_pdn.odb /work/orfs/results/sky130hd/s_ubp4_n64_u75/base/2_floorplan.odb
cp /work/orfs/results/sky130hd/s_ubp4_n64_u75/base/2_1_floorplan.sdc /work/orfs/results/sky130hd/s_ubp4_n64_u75/base/2_floorplan.sdc
/OpenROAD-flow-scripts/flow/scripts/flow.sh 3_1_place_gp_skip_io global_place_skip_io
Running global_place_skip_io.tcl, stage 3_1_place_gp_skip_io
read_liberty /OpenROAD-flow-scripts/flow/platforms/sky130hd/lib/sky130_fd_sc_hd__tt_025C_1v80.lib
read_db /work/orfs/results/sky130hd/s_ubp4_n64_u75/base/2_floorplan.odb
read_sdc /work/orfs/results/sky130hd/s_ubp4_n64_u75/base/2_floorplan.sdc
source /OpenROAD-flow-scripts/flow/platforms/sky130hd/setRC.tcl
global_placement -skip_io -density 0.6 -pad_left 0 -pad_right 0
[INFO GPL-0001] ---- Initialize GPL Main Data Structures
[INFO GPL-0002] DBU: 1000
[INFO GPL-0003] SiteSize: (  0.460  2.720 ) um
[INFO GPL-0004] CoreBBox: (  2.300  2.720 ) ( 503.240 503.200 ) um
[INFO GPL-0016] Core area:                  250710.451 um^2
[INFO GPL-0036] Movable instances area:     188575.859 um^2
[INFO GPL-0037] Total instances area:       192764.877 um^2
[INFO GPL-0035] Pin density area adjust:      5490.201 um^2
[INFO GPL-0032] ---- Initialize Region: Top-level
[INFO GPL-0006] Number of instances:             16829
[INFO GPL-0007] Movable instances:               13481
[INFO GPL-0008] Fixed instances:                  3348
[INFO GPL-0009] Dummy instances:                     0
[INFO GPL-0010] Number of nets:                  13547
[INFO GPL-0011] Number of pins:                  42871
[INFO GPL-0012] Die BBox:       (  0.000  0.000 ) ( 505.255 505.255 ) um
[INFO GPL-0013] Placement BBox: (  2.300  2.720 ) ( 503.240 503.200 ) um
[INFO GPL-0014] Region name: top-level.
[INFO GPL-0015] Region area:                250710.451 um^2
[INFO GPL-0017] Fixed instances area:         4189.018 um^2
[INFO GPL-0018] Movable instances area:     194066.060 um^2
[INFO GPL-0019] Utilization:                    78.722 %
[INFO GPL-0020] Standard cells area:        194066.060 um^2
[INFO GPL-0021] Large instances area:            0.000 um^2
[INFO GPL-0005] ---- Execute Conjugate Gradient Initial Placement.
[INFO GPL-0051] Source of initial instance position counters:
	Odb location = 0	Core center = 13481	Region center = 0
[INFO GPL-0033] ---- Initialize Nesterov Region: Top-level
[WARNING GPL-0302] Target density 0.6000 is too low for the available free area.
Automatically adjusting to uniform density 0.7900.
[INFO GPL-0023] Placement target density:       0.7900
[INFO GPL-0024] Movable insts average area:     14.396 um^2
[INFO GPL-0025] Ideal bin area:                 18.222 um^2
[INFO GPL-0026] Ideal bin count:                 13758
[INFO GPL-0027] Total bin area:             250710.451 um^2
[INFO GPL-0028] Bin count (X, Y):          64 ,     64
[INFO GPL-0029] Bin size (W * H):       7.827 *  7.820 um
[INFO GPL-0030] Number of bins:                   4096
[INFO GPL-0084] ---- Execute Nesterov Global Placement.
[INFO GPL-0031] HPWL: Half-Perimeter Wirelength
Iteration | Overflow |     HPWL (um) |  HPWL(%) |   Penalty | Group
---------------------------------------------------------------
        0 |   0.9988 |  4.261238e+04 |   +0.00% |  3.04e-15 |      
       10 |   0.9978 |  3.353039e+04 |  -21.31% |  4.95e-15 |      
       20 |   0.9972 |  2.958847e+04 |  -11.76% |  8.06e-15 |      
       30 |   0.9968 |  2.781797e+04 |   -5.98% |  1.31e-14 |      
       40 |   0.9963 |  2.726775e+04 |   -1.98% |  2.14e-14 |      
       50 |   0.9963 |  2.720338e+04 |   -0.24% |  3.48e-14 |      
       60 |   0.9963 |  2.726751e+04 |   +0.24% |  5.67e-14 |      
       70 |   0.9963 |  2.767502e+04 |   +1.49% |  9.24e-14 |      
       80 |   0.9963 |  2.843451e+04 |   +2.74% |  1.51e-13 |      
       90 |   0.9957 |  2.988151e+04 |   +5.09% |  2.45e-13 |      
      100 |   0.9953 |  3.262066e+04 |   +9.17% |  3.99e-13 |      
      110 |   0.9917 |  3.746377e+04 |  +14.85% |  6.50e-13 |      
      120 |   0.9871 |  4.537705e+04 |  +21.12% |  1.06e-12 |      
      130 |   0.9737 |  5.887458e+04 |  +29.75% |  1.72e-12 |      
      140 |   0.9497 |  7.498329e+04 |  +27.36% |  2.80e-12 |      
      150 |   0.9182 |  8.829512e+04 |  +17.75% |  4.55e-12 |      
      160 |   0.8870 |  9.883143e+04 |  +11.93% |  7.40e-12 |      
      170 |   0.8554 |  1.090441e+05 |  +10.33% |  1.20e-11 |      
      180 |   0.8181 |  1.213991e+05 |  +11.33% |  1.96e-11 |      
      190 |   0.7685 |  1.355987e+05 |  +11.70% |  3.19e-11 |      
      200 |   0.7172 |  1.490742e+05 |   +9.94% |  5.18e-11 |      
      210 |   0.6687 |  1.606627e+05 |   +7.77% |  8.43e-11 |      
      220 |   0.6301 |  1.716290e+05 |   +6.83% |  1.37e-10 |      
      230 |   0.5792 |  1.844428e+05 |   +7.47% |  2.23e-10 |      
      240 |   0.5167 |  1.969605e+05 |   +6.79% |  3.63e-10 |      
      250 |   0.4647 |  2.047210e+05 |   +3.94% |  5.91e-10 |      
      260 |   0.4129 |  2.094500e+05 |   +2.31% |  9.62e-10 |      
      270 |   0.3536 |  2.174316e+05 |   +3.81% |  1.57e-09 |      
      280 |   0.3140 |  2.276689e+05 |   +4.71% |  2.35e-09 |      
      290 |   0.2883 |  2.276583e+05 |   -0.00% |  3.46e-09 |      
      300 |   0.2666 |  2.244575e+05 |   -1.41% |  5.10e-09 |      
      310 |   0.2483 |  2.198185e+05 |   -2.07% |  7.51e-09 |      
      320 |   0.2307 |  2.219176e+05 |   +0.95% |  1.11e-08 |      
      330 |   0.2078 |  2.212917e+05 |   -0.28% |  1.63e-08 |      
      340 |   0.1901 |  2.180279e+05 |   -1.47% |  2.40e-08 |      
      350 |   0.1695 |  2.178840e+05 |   -0.07% |  3.54e-08 |      
      360 |   0.1498 |  2.159876e+05 |   -0.87% |  5.21e-08 |      
      370 |   0.1347 |  2.153460e+05 |   -0.30% |  7.68e-08 |      
      380 |   0.1168 |  2.145438e+05 |   -0.37% |  1.13e-07 |      
      390 |   0.1016 |  2.140609e+05 |   -0.23% |  1.67e-07 |      
      392 |   0.0996 |  2.139371e+05 |          |  1.87e-07 |      
---------------------------------------------------------------
[INFO GPL-1001] Global placement finished at iteration 392
[INFO GPL-1002] Placed Cell Area            194066.0601
[INFO GPL-1003] Available Free Area         246521.4336
[INFO GPL-1004] Minimum Feasible Density        0.7900 (cell_area / free_area)
[INFO GPL-1006]   Suggested Target Densities:
[INFO GPL-1007]     - For 90% usage of free space: 0.8747
[INFO GPL-1008]     - For 80% usage of free space: 0.9840
[INFO GPL-1014] Final placement area: 194066.06 (+0.00%)
[INFO GPL-1018] Final HPWL (um): 214831.66
Design area 192765 um^2 77% utilization.
write_db /work/orfs/results/sky130hd/s_ubp4_n64_u75/base/3_1_place_gp_skip_io.odb
Elapsed time: 0:05.18[h:]min:sec. CPU time: user 3.13 sys 0.17 (63%). Peak memory: 148104KB.
Log                       Ext     Elapsed/s Peak Memory/MB sha1sum result [0:20)
3_1_place_gp_skip_io      .odb            5            144 f4a35b6fb5f0bddf4e3d
/OpenROAD-flow-scripts/flow/scripts/flow.sh 3_2_place_iop io_placement
Running io_placement.tcl, stage 3_2_place_iop
read_liberty /OpenROAD-flow-scripts/flow/platforms/sky130hd/lib/sky130_fd_sc_hd__tt_025C_1v80.lib
read_db /work/orfs/results/sky130hd/s_ubp4_n64_u75/base/3_1_place_gp_skip_io.odb
read_sdc /work/orfs/results/sky130hd/s_ubp4_n64_u75/base/2_floorplan.sdc
source /OpenROAD-flow-scripts/flow/platforms/sky130hd/setRC.tcl
place_pins -hor_layers met3 -ver_layers met2
Found 0 macro blocks.
Using 2 tracks default min distance between IO pins.
[INFO PPL-0001] Number of available slots 1830
[INFO PPL-0002] Number of I/O             130
[INFO PPL-0003] Number of I/O w/sink      130
[INFO PPL-0004] Number of I/O w/o sink    0
[INFO PPL-0005] Slots per section         200
[INFO PPL-0008] Successfully assigned pins to sections.
[INFO PPL-0012] I/O nets HPWL: 18968.04 um.
Design area 192765 um^2 77% utilization.
write_db /work/orfs/results/sky130hd/s_ubp4_n64_u75/base/3_2_place_iop.odb
Elapsed time: 0:00.91[h:]min:sec. CPU time: user 0.50 sys 0.06 (61%). Peak memory: 126380KB.
Log                       Ext     Elapsed/s Peak Memory/MB sha1sum result [0:20)
3_2_place_iop             .odb            0            123 f1f5317509876b99217d
/OpenROAD-flow-scripts/flow/scripts/flow.sh 3_3_place_gp global_place
Running global_place.tcl, stage 3_3_place_gp
read_liberty /OpenROAD-flow-scripts/flow/platforms/sky130hd/lib/sky130_fd_sc_hd__tt_025C_1v80.lib
read_db /work/orfs/results/sky130hd/s_ubp4_n64_u75/base/3_2_place_iop.odb
read_sdc /work/orfs/results/sky130hd/s_ubp4_n64_u75/base/2_floorplan.sdc
source /OpenROAD-flow-scripts/flow/platforms/sky130hd/setRC.tcl
[INFO RSZ-0026] Removed 0 buffers.
Perform port buffering...
[INFO RSZ-0027] Inserted 65 sky130_fd_sc_hd__clkdlybuf4s50_1 input buffers.
[INFO RSZ-0028] Inserted 64 sky130_fd_sc_hd__clkdlybuf4s50_1 output buffers.
global_placement -density 0.6 -pad_left 0 -pad_right 0 -routability_driven -timing_driven -force_center_initial_place -min_phi_coef 0.95 -max_phi_coef 1.05
[INFO GPL-0001] ---- Initialize GPL Main Data Structures
[INFO GPL-0002] DBU: 1000
[INFO GPL-0003] SiteSize: (  0.460  2.720 ) um
[INFO GPL-0004] CoreBBox: (  2.300  2.720 ) ( 503.240 503.200 ) um
[INFO GPL-0016] Core area:                  250710.451 um^2
[INFO GPL-0036] Movable instances area:     189867.098 um^2
[INFO GPL-0037] Total instances area:       194056.115 um^2
[INFO GPL-0035] Pin density area adjust:      5490.201 um^2
[INFO GPL-0032] ---- Initialize Region: Top-level
[INFO GPL-0006] Number of instances:             16958
[INFO GPL-0007] Movable instances:               13610
[INFO GPL-0008] Fixed instances:                  3348
[INFO GPL-0009] Dummy instances:                     0
[INFO GPL-0010] Number of nets:                  13676
[INFO GPL-0011] Number of pins:                  43259
[INFO GPL-0012] Die BBox:       (  0.000  0.000 ) ( 505.255 505.255 ) um
[INFO GPL-0013] Placement BBox: (  2.300  2.720 ) ( 503.240 503.200 ) um
[INFO GPL-0014] Region name: top-level.
[INFO GPL-0015] Region area:                250710.451 um^2
[INFO GPL-0017] Fixed instances area:         4189.018 um^2
[INFO GPL-0018] Movable instances area:     195357.298 um^2
[INFO GPL-0019] Utilization:                    79.246 %
[INFO GPL-0020] Standard cells area:        195357.298 um^2
[INFO GPL-0021] Large instances area:            0.000 um^2
[INFO GPL-0005] ---- Execute Conjugate Gradient Initial Placement.
[INFO GPL-0051] Source of initial instance position counters:
	Odb location = 0	Core center = 13610	Region center = 0
[InitialPlace]  Iter: 1 conjugate gradient residual: 0.00032700 HPWL: 345897814
[InitialPlace]  Iter: 2 conjugate gradient residual: 0.00002524 HPWL: 193560349
[InitialPlace]  Iter: 3 conjugate gradient residual: 0.00003362 HPWL: 194547434
[InitialPlace]  Iter: 4 conjugate gradient residual: 0.00001946 HPWL: 194946420
[InitialPlace]  Iter: 5 conjugate gradient residual: 0.00001942 HPWL: 195238055
[InitialPlace]  Iter: 6 conjugate gradient residual: 0.00001310 HPWL: 195512995
[InitialPlace]  Iter: 7 conjugate gradient residual: 0.00002809 HPWL: 195708427
[InitialPlace]  Iter: 8 conjugate gradient residual: 0.00025667 HPWL: 195850194
[InitialPlace]  Iter: 9 conjugate gradient residual: 0.00001870 HPWL: 195984325
[InitialPlace]  Iter: 10 conjugate gradient residual: 0.00000566 HPWL: 196040367
[INFO GPL-0033] ---- Initialize Nesterov Region: Top-level
[WARNING GPL-0302] Target density 0.6000 is too low for the available free area.
Automatically adjusting to uniform density 0.8000.
[INFO GPL-0023] Placement target density:       0.8000
[INFO GPL-0024] Movable insts average area:     14.354 um^2
[INFO GPL-0025] Ideal bin area:                 17.942 um^2
[INFO GPL-0026] Ideal bin count:                 13973
[INFO GPL-0027] Total bin area:             250710.451 um^2
[INFO GPL-0028] Bin count (X, Y):          64 ,     64
[INFO GPL-0029] Bin size (W * H):       7.827 *  7.820 um
[INFO GPL-0030] Number of bins:                   4096
[INFO GPL-0084] ---- Execute Nesterov Global Placement.
[INFO GPL-0031] HPWL: Half-Perimeter Wirelength
Iteration | Overflow |     HPWL (um) |  HPWL(%) |   Penalty | Group
---------------------------------------------------------------
        0 |   0.9867 |  7.153210e+04 |   +0.00% |  3.61e-16 |      
       10 |   0.9504 |  9.097753e+04 |  +27.18% |  5.86e-16 |      
       20 |   0.9214 |  1.063950e+05 |  +16.95% |  9.53e-16 |      
       30 |   0.9017 |  1.167051e+05 |   +9.69% |  1.55e-15 |      
       40 |   0.8885 |  1.211896e+05 |   +3.84% |  2.52e-15 |      
       50 |   0.8796 |  1.227420e+05 |   +1.28% |  4.11e-15 |      
       60 |   0.8724 |  1.234498e+05 |   +0.58% |  6.70e-15 |      
       70 |   0.8685 |  1.240703e+05 |   +0.50% |  1.09e-14 |      
       80 |   0.8678 |  1.242948e+05 |   +0.18% |  1.78e-14 |      
       90 |   0.8694 |  1.242530e+05 |   -0.03% |  2.89e-14 |      
      100 |   0.8710 |  1.241566e+05 |   -0.08% |  4.71e-14 |      
      110 |   0.8717 |  1.241306e+05 |   -0.02% |  7.68e-14 |      
      120 |   0.8717 |  1.241576e+05 |   +0.02% |  1.25e-13 |      
      130 |   0.8712 |  1.241830e+05 |   +0.02% |  2.04e-13 |      
      140 |   0.8703 |  1.243036e+05 |   +0.10% |  3.32e-13 |      
      150 |   0.8687 |  1.247981e+05 |   +0.40% |  5.40e-13 |      
      160 |   0.8664 |  1.259515e+05 |   +0.92% |  8.80e-13 |      
      170 |   0.8615 |  1.280195e+05 |   +1.64% |  1.43e-12 |      
      180 |   0.8533 |  1.312654e+05 |   +2.54% |  2.33e-12 |      
      190 |   0.8416 |  1.358962e+05 |   +3.53% |  3.80e-12 |      
      200 |   0.8243 |  1.420168e+05 |   +4.50% |  6.19e-12 |      
      210 |   0.8014 |  1.495683e+05 |   +5.32% |  1.01e-11 |      
      220 |   0.7717 |  1.582370e+05 |   +5.80% |  1.64e-11 |      
      230 |   0.7362 |  1.675639e+05 |   +5.89% |  2.67e-11 |      
      240 |   0.6959 |  1.771203e+05 |   +5.70% |  4.34e-11 |      
      250 |   0.6528 |  1.864812e+05 |   +5.29% |  7.06e-11 |      
[INFO GPL-0100] Timing-driven iteration 1/2, virtual: false.
[INFO GPL-0101]    Iter: 256, overflow: 0.631, keep resizer changes at: 1, HPWL: 190986829
Iteration |   Area    | Resized | Buffers | Nets repaired | Remaining
---------------------------------------------------------------------
        0 |     +0.0% |       0 |       0 |             0 |     13710
    final |     +0.1% |      25 |      34 |             3 |         0
---------------------------------------------------------------------
[INFO RSZ-0034] Found 3 slew violations.
[INFO RSZ-0035] Found 3 fanout violations.
[INFO RSZ-0039] Resized 25 instances.
[INFO RSZ-0038] Inserted 34 buffers in 3 nets.
   Iter   |    Area   | Removed | Inserted |   Pins
          |           | Buffers | Buffers  | Remaining
-------------------------------------------------------
        0 |     +0.0% |       0 |        0 |     13576
     1300 |     +0.0% |       0 |        0 |     12276
     2600 |     +0.0% |       0 |        0 |     10976
     3900 |     +0.0% |       0 |        0 |      9676
     5200 |     +0.5% |       0 |      129 |      8376
     6500 |     +1.2% |       0 |      307 |      7076
     7800 |     +1.4% |      29 |      354 |      5776
     9100 |     +1.4% |      29 |      354 |      4476
    10400 |     +1.4% |      29 |      354 |      3176
    11700 |     +1.4% |      29 |      354 |      1876
    13000 |     +1.4% |      29 |      354 |       576
    final |     +1.4% |      34 |      369 |         0
-------------------------------------------------------
[INFO GPL-0106] Timing-driven: worst slack 1.2245441e-09
[INFO GPL-0107] Timing-driven: repair_design delta area: 2977.856 um^2 (+1.52%)
[INFO GPL-0108] Timing-driven: repair_design, gpl delta gcells: 369 (+2.71%)
[INFO GPL-0109] Timing-driven: repair_design, gcells created: 403, deleted: 34
[INFO GPL-0110] Timing-driven: new target density: 0.8120795
Iteration | Overflow |     HPWL (um) |  HPWL(%) |   Penalty | Group
---------------------------------------------------------------
      260 |   0.6109 |  2.057838e+05 |  +10.35% |  1.15e-10 |      
[INFO GPL-0038] Routability snapshot saved at iter = 266
      265 |   0.5979 |  2.098633e+05 |          |           |      
      270 |   0.5891 |  2.129339e+05 |   +3.47% |  1.87e-10 |      
      280 |   0.5613 |  2.208172e+05 |   +3.70% |  3.04e-10 |      
      290 |   0.5139 |  2.299869e+05 |   +4.15% |  4.95e-10 |      
      300 |   0.4501 |  2.367353e+05 |   +2.93% |  8.05e-10 |      
      310 |   0.3842 |  2.399329e+05 |   +1.35% |  1.31e-09 |      
      320 |   0.3372 |  2.446418e+05 |   +1.96% |  2.09e-09 |      
      330 |   0.3046 |  2.495019e+05 |   +1.99% |  3.08e-09 |      
[INFO GPL-0040] Routability iteration: 1
[WARNING GRT-0281] Net clk has a large fanout of 6056 terminals.
[INFO GPL-0088] Tiles the placer can act on: 3629 of 5329 (68.10%)
[INFO GPL-0041] Total routing overflow: 3.0340
[INFO GPL-0042] Number of overflowed tiles: 20 (0.55%)
[INFO GPL-0043] Average top 0.5% routing congestion: 1.1596
[INFO GPL-0044] Average top 1.0% routing congestion: 1.0634
[INFO GPL-0045] Average top 2.0% routing congestion: 0.9735
[INFO GPL-0046] Average top 5.0% routing congestion: 0.8572
[INFO GPL-0047] Routability iteration weighted routing congestion: 1.1115
[INFO GPL-0048] Routing congestion (1.1115) lower than previous minimum (1e+30). Updating minimum.
[INFO GPL-0086] Inflated area:                1535.586 um^2 (+0.77%)
[INFO GPL-0052] Placement target density:       0.8121
[INFO GPL-0076] Removing fillers, count: Before: 123, After: 22 (-82.11%)
[INFO GPL-0077] Filler area (um^2)     : Before: 1859.842, After: 332.076 (-82.14%)
[INFO GPL-0078] Removed fillers count: 101, area removed: 1524.532 um^2. Remaining area to be compensated by modifying density: 11.053 um^2
[INFO GPL-0058] White space area:           246521.434 um^2 (+0.00%)
[INFO GPL-0059] Movable instances area:     200194.998 um^2 (+0.00%)
[INFO GPL-0060] Total filler area:             332.076 um^2 (-82.14%)
[INFO GPL-0061] Total non-inflated area:    200202.816 um^2 (+0.00%)
[INFO GPL-0062] Total inflated area:        201738.402 um^2 (+0.00%)
[INFO GPL-0063] New Target Density:             0.8121
[INFO GPL-0087] Routability end iteration: increase inflation and revert back to snapshot.
Iteration | Overflow |     HPWL (um) |  HPWL(%) |   Penalty | Group
---------------------------------------------------------------
      340 |   0.5850 |  2.149359e+05 |   +0.00% |  2.02e-10 |      
      350 |   0.5557 |  2.234080e+05 |   +3.94% |  2.97e-10 |      
      360 |   0.5133 |  2.306017e+05 |   +3.22% |  4.37e-10 |      
      370 |   0.4645 |  2.353118e+05 |   +2.04% |  6.43e-10 |      
      380 |   0.4171 |  2.372333e+05 |   +0.82% |  9.47e-10 |      
      390 |   0.3771 |  2.381444e+05 |   +0.38% |  1.40e-09 |      
      400 |   0.3432 |  2.425965e+05 |   +1.87% |  2.05e-09 |      
      410 |   0.3057 |  2.473102e+05 |   +1.94% |  3.03e-09 |      
[INFO GPL-0040] Routability iteration: 2
[INFO GPL-0088] Tiles the placer can act on: 3655 of 5329 (68.59%)
[INFO GPL-0041] Total routing overflow: 0.9071
[INFO GPL-0042] Number of overflowed tiles: 12 (0.33%)
[INFO GPL-0043] Average top 0.5% routing congestion: 1.0393
[INFO GPL-0044] Average top 1.0% routing congestion: 0.9836
[INFO GPL-0045] Average top 2.0% routing congestion: 0.9122
[INFO GPL-0046] Average top 5.0% routing congestion: 0.8089
[INFO GPL-0047] Routability iteration weighted routing congestion: 1.0115
[INFO GPL-0048] Routing congestion (1.0115) lower than previous minimum (1.111). Updating minimum.
[INFO GPL-0086] Inflated area:                 576.093 um^2 (+0.29%)
[INFO GPL-0052] Placement target density:       0.8121
[INFO GPL-0076] Removing fillers, count: Before: 22, After: 0 (-100.00%)
[INFO GPL-0077] Filler area (um^2)     : Before: 332.076, After: 0.000 (-100.00%)
[INFO GPL-0078] Removed fillers count: 22, area removed: 332.076 um^2. Remaining area to be compensated by modifying density: 244.017 um^2
[INFO GPL-0079] New target density: 0.81310105
[INFO GPL-0058] White space area:           246521.434 um^2 (+0.00%)
[INFO GPL-0059] Movable instances area:     200446.837 um^2 (+0.13%)
[INFO GPL-0060] Total filler area:               0.000 um^2 (-100.00%)
[INFO GPL-0061] Total non-inflated area:    200446.833 um^2 (+0.12%)
[INFO GPL-0062] Total inflated area:        201022.926 um^2 (+0.12%)
[INFO GPL-0063] New Target Density:             0.8131
[INFO GPL-0087] Routability end iteration: increase inflation and revert back to snapshot.
Iteration | Overflow |     HPWL (um) |  HPWL(%) |   Penalty | Group
---------------------------------------------------------------
      420 |   0.5856 |  2.150041e+05 |   +0.00% |  2.02e-10 |      
      430 |   0.5560 |  2.235975e+05 |   +4.00% |  2.97e-10 |      
      440 |   0.5127 |  2.308921e+05 |   +3.26% |  4.37e-10 |      
      450 |   0.4638 |  2.356422e+05 |   +2.06% |  6.43e-10 |      
      460 |   0.4163 |  2.375599e+05 |   +0.81% |  9.47e-10 |      
      470 |   0.3769 |  2.385241e+05 |   +0.41% |  1.40e-09 |      
      480 |   0.3434 |  2.429648e+05 |   +1.86% |  2.05e-09 |      
      490 |   0.3063 |  2.478185e+05 |   +2.00% |  3.03e-09 |      
[INFO GPL-0040] Routability iteration: 3
[INFO GPL-0088] Tiles the placer can act on: 3659 of 5329 (68.66%)
[INFO GPL-0041] Total routing overflow: 0.4811
[INFO GPL-0042] Number of overflowed tiles: 10 (0.27%)
[INFO GPL-0043] Average top 0.5% routing congestion: 1.0102
[INFO GPL-0044] Average top 1.0% routing congestion: 0.9684
[INFO GPL-0045] Average top 2.0% routing congestion: 0.9072
[INFO GPL-0046] Average top 5.0% routing congestion: 0.8062
[INFO GPL-0047] Routability iteration weighted routing congestion: 0.9893
[INFO GPL-0050] Weighted routing congestion is lower than target routing congestion(1.0100), end routability optimization.
[INFO GPL-0090] Routability finished. Target routing congestion achieved succesfully.
Iteration | Overflow |     HPWL (um) |  HPWL(%) |   Penalty | Group
---------------------------------------------------------------
      500 |   0.2754 |  2.513516e+05 |   +1.43% |  4.46e-09 |      
      510 |   0.2543 |  2.520481e+05 |   +0.28% |  6.56e-09 |      
      520 |   0.2345 |  2.490711e+05 |   -1.18% |  9.67e-09 |      
      530 |   0.2223 |  2.449188e+05 |   -1.67% |  1.42e-08 |      
      540 |   0.2043 |  2.455329e+05 |   +0.25% |  2.10e-08 |      
[INFO GPL-0100] Timing-driven iteration 2/2, virtual: false.
[INFO GPL-0101]    Iter: 546, overflow: 0.194, keep resizer changes at: 1, HPWL: 247099585
Iteration |   Area    | Resized | Buffers | Nets repaired | Remaining
---------------------------------------------------------------------
        0 |     +0.0% |       0 |       0 |             0 |     14079
    final |     +0.0% |       0 |       0 |             0 |         0
---------------------------------------------------------------------
   Iter   |    Area   | Removed | Inserted |   Pins
          |           | Buffers | Buffers  | Remaining
-------------------------------------------------------
        0 |     +0.0% |       0 |        0 |     13576
     1300 |     +0.0% |       0 |        0 |     12276
     2600 |     +0.0% |       0 |        0 |     10976
     3900 |     +0.0% |       0 |        0 |      9676
     5200 |     -0.5% |     129 |        0 |      8376
     6500 |     -1.2% |     307 |        0 |      7076
     7800 |     -1.1% |     354 |       66 |      5776
     9100 |     -1.1% |     354 |       66 |      4476
    10400 |     -1.1% |     354 |       66 |      3176
    11700 |     -1.1% |     354 |       70 |      1876
    13000 |     -1.1% |     354 |       72 |       576
    final |     -1.1% |     369 |       86 |         0
-------------------------------------------------------
[INFO GPL-0106] Timing-driven: worst slack 1.1169554e-09
[INFO GPL-0107] Timing-driven: repair_design delta area: -2146.978 um^2 (-1.07%)
[INFO GPL-0108] Timing-driven: repair_design, gpl delta gcells: -283 (-2.02%)
[INFO GPL-0109] Timing-driven: repair_design, gcells created: 86, deleted: 369
[INFO GPL-0110] Timing-driven: new target density: 0.804392
Iteration | Overflow |     HPWL (um) |  HPWL(%) |   Penalty | Group
---------------------------------------------------------------
      550 |   0.1785 |  2.523184e+05 |   +2.76% |  3.09e-08 |      
      560 |   0.1721 |  2.528638e+05 |   +0.22% |  4.55e-08 |      
      570 |   0.1504 |  2.492157e+05 |   -1.44% |  6.70e-08 |      
      580 |   0.1360 |  2.468118e+05 |   -0.96% |  9.87e-08 |      
      590 |   0.1187 |  2.455012e+05 |   -0.53% |  1.45e-07 |      
      600 |   0.1038 |  2.442813e+05 |   -0.50% |  2.14e-07 |      
      602 |   0.0992 |  2.440641e+05 |          |  2.41e-07 |      
---------------------------------------------------------------
[INFO GPL-1001] Global placement finished at iteration 602
[INFO GPL-1017] Routability mode iteration count: 224
[INFO GPL-1005] Routability final weighted congestion: 0.8408
[INFO GPL-1002] Placed Cell Area            198299.8549
[INFO GPL-1003] Available Free Area         246521.4336
[INFO GPL-1004] Minimum Feasible Density        0.8000 (cell_area / free_area)
[INFO GPL-1006]   Suggested Target Densities:
[INFO GPL-1007]     - For 90% usage of free space: 0.8938
[INFO GPL-1008]     - For 80% usage of free space: 1.0055
[INFO GPL-1011] Original area (um^2): 195357.30
[INFO GPL-1012] Total routability artificial inflation: 2111.68 (+1.08%)
[INFO GPL-1013] Total timing-driven delta area: 830.88 (+0.43%)
[INFO GPL-1014] Final placement area: 198299.85 (+1.51%)
[INFO GPL-1018] Final HPWL (um): 244987.40
Took 19 seconds: global_placement -density 0.6 -pad_left 0 -pad_right 0 -routability_driven -timing_driven -force_center_initial_place -min_phi_coef 0.95 -max_phi_coef 1.05
estimate_parasitics -placement
Report metrics stage 3, global place...

==========================================================================
global place report_design_area
--------------------------------------------------------------------------
Design area 194934 um^2 78% utilization.
write_db /work/orfs/results/sky130hd/s_ubp4_n64_u75/base/3_3_place_gp.odb
Elapsed time: 0:22.69[h:]min:sec. CPU time: user 14.21 sys 0.36 (64%). Peak memory: 360856KB.
Log                       Ext     Elapsed/s Peak Memory/MB sha1sum result [0:20)
3_3_place_gp              .odb           22            352 66913b1715f871595727
/OpenROAD-flow-scripts/flow/scripts/flow.sh 3_4_place_resized resize
Running resize.tcl, stage 3_4_place_resized
read_liberty /OpenROAD-flow-scripts/flow/platforms/sky130hd/lib/sky130_fd_sc_hd__tt_025C_1v80.lib
read_db /work/orfs/results/sky130hd/s_ubp4_n64_u75/base/3_3_place_gp.odb
read_sdc /work/orfs/results/sky130hd/s_ubp4_n64_u75/base/2_floorplan.sdc
source /OpenROAD-flow-scripts/flow/platforms/sky130hd/setRC.tcl
estimate_parasitics -placement
Perform buffer insertion and gate resizing...
repair_design -verbose -match_cell_footprint
Iteration |   Area    | Resized | Buffers | Nets repaired | Remaining
---------------------------------------------------------------------
        0 |     +0.0% |       0 |       0 |             0 |     13796
     1000 |     +0.0% |       0 |       0 |             0 |     12796
     2000 |     +0.0% |       0 |       0 |             0 |     11796
     3000 |     +0.0% |       0 |       0 |             0 |     10796
     4000 |     +0.0% |       0 |       0 |             0 |      9796
     5000 |     +0.0% |       0 |       0 |             0 |      8796
     6000 |     +0.0% |       0 |       0 |             0 |      7796
     7000 |     +0.0% |       0 |       0 |             0 |      6796
     8000 |     +0.0% |       0 |       0 |             0 |      5796
     9000 |     +0.0% |       0 |       0 |             0 |      4796
    10000 |     +0.0% |       0 |       0 |             0 |      3796
    11000 |     +0.0% |       0 |       0 |             0 |      2796
    12000 |     +0.0% |       0 |       0 |             0 |      1796
    13000 |     +0.0% |       0 |       0 |             0 |       796
    final |     +0.0% |       0 |       0 |             0 |         0
---------------------------------------------------------------------
[INFO RSZ-0504] Runtime: 1.68s
Floating nets: 
Report metrics stage 3, resizer...

==========================================================================
resizer report_design_area
--------------------------------------------------------------------------
Design area 194934 um^2 78% utilization.
Instance count before 17044, after 17044
Pin count before 43335, after 43335
write_db /work/orfs/results/sky130hd/s_ubp4_n64_u75/base/3_4_place_resized.odb
Elapsed time: 0:09.07[h:]min:sec. CPU time: user 5.63 sys 0.13 (63%). Peak memory: 192064KB.
Log                       Ext     Elapsed/s Peak Memory/MB sha1sum result [0:20)
3_4_place_resized         .odb            9            187 66913b1715f871595727
/OpenROAD-flow-scripts/flow/scripts/flow.sh 3_5_place_dp detail_place
Running detail_place.tcl, stage 3_5_place_dp
read_liberty /OpenROAD-flow-scripts/flow/platforms/sky130hd/lib/sky130_fd_sc_hd__tt_025C_1v80.lib
read_db /work/orfs/results/sky130hd/s_ubp4_n64_u75/base/3_4_place_resized.odb
read_sdc /work/orfs/results/sky130hd/s_ubp4_n64_u75/base/2_floorplan.sdc
source /OpenROAD-flow-scripts/flow/platforms/sky130hd/setRC.tcl
detailed_placement
[INFO DPL-0006] Core area: 250710.45 um^2
[INFO DPL-0007] Movable instances area: 190745.44 um^2
[INFO DPL-0008] Fixed instances area within core: 4189.02 um^2
[INFO DPL-0009] Utilization: 77.8%
[INFO DPL-0005] Diamond search max displacement: +/- 500 sites horizontally, +/- 100 rows vertically.
[INFO DPL-1102] Legalizing using negotiation legalizer.
[INFO DPL-1103] Negotiation base search window: +/-20 sites horizontally, +/-5 rows vertically 
	Automatic search window extension enabled.
	Search window extendable up to the max displacement cap of +/-500 sites, +/-100 rows near walls.
[INFO DPL-1104] NegotiationLegalizer DRC penalty: 5.
[INFO DPL-0392] Negotiation cell height distribution (1 unique row-count(s)):
[INFO DPL-0393]   height 1 row(s): 17044 cells
          |      Total |  Illegal |  Illegal
Iteration | Violations |    Cells |    Sites
---------------------------------------------
        0 |      20696 |      4076 |     16338
        1 |       2978 |       468 |      2507
        2 |        958 |       128 |       830
        3 |        582 |        62 |       520
        4 |        241 |        23 |       218
        5 |        102 |        10 |        92
        6 |         70 |        10 |        60
        7 |         28 |         4 |        24
        8 |          0 |         0 |         0
Negotiation phase 1 converged at iteration 8.
[INFO DPL-0500] Runtime: 0.78s
Detailed Placement Analysis
---------------------------------
legalizer            negotiation
total moves               16741
total displacement      54413.4 u
average displacement        3.2 u
max displacement           18.6 u
original HPWL          244987.4 u
legalized HPWL         294293.1 u
delta HPWL                   20 %

improve_placement -max_displacement "5 1"
Detailed placement improvement.
[INFO DPL-0401] Setting random seed to 1.
[INFO DPL-0402] Setting maximum displacement 5 1 to 13600 2720 units.
[INFO DPL-0320] Collected 3478 fixed cells.
[INFO DPL-0318] Collected 13696 single height cells.
[INFO DPL-0321] Collected 0 wide cells.
[INFO DPL-0322] Image (2300, 2720) - (503240, 503200)
[INFO DPL-0310] Assigned 13696 cells into segments.  Movement in X-direction is 0.000000, movement in Y-direction is 0.000000.
[INFO DPL-0313] Found 0 cells in wrong regions.
[INFO DPL-0315] Found 0 row alignment problems.
[INFO DPL-0314] Found 0 site alignment problems.
[INFO DPL-0311] Found 0 overlaps between adjacent cells.
[INFO DPL-0312] Found 0 edge spacing violations and 0 padding violations.
[INFO DPL-0303] Running algorithm for independent set matching.
[INFO DPL-0300] Set matching objective is wirelength.
[INFO DPL-0301] Pass   1 of matching; objective is 2.944236e+08.
[INFO DPL-0302] End of matching; objective is 2.932677e+08, improvement is 0.39 percent.
[INFO DPL-0303] Running algorithm for global swaps.
[INFO DPL-0306] Pass   1 of global swaps; hpwl is 2.878601e+08.
[INFO DPL-0306] Pass   2 of global swaps; hpwl is 2.869832e+08.
[INFO DPL-0307] End of global swaps; objective is 2.869832e+08, improvement is 2.14 percent.
[INFO DPL-0303] Running algorithm for vertical swaps.
[INFO DPL-0308] Pass   1 of vertical swaps; hpwl is 2.858414e+08.
[INFO DPL-0309] End of vertical swaps; objective is 2.858414e+08, improvement is 0.40 percent.
[INFO DPL-0303] Running algorithm for reordering.
[INFO DPL-0304] Pass   1 of reordering; objective is 2.849881e+08.
[INFO DPL-0305] End of reordering; objective is 2.849881e+08, improvement is 0.30 percent.
[INFO DPL-0303] Running algorithm for random improvement.
[INFO DPL-0324] Random improver is using random generator.
[INFO DPL-0325] Random improver is using hpwl objective.
[INFO DPL-0326] Random improver cost string is (a).
[INFO DPL-0332] End of pass, Generator random called 273920 times.
[INFO DPL-0335] Generator random, Cumulative attempts 273920, swaps 53557, moves 25898 since last reset.
[INFO DPL-0333] End of pass, Objective hpwl, Initial cost 2.839945e+08, Scratch cost 2.804152e+08, Incremental cost 2.804152e+08, Mismatch? N
[INFO DPL-0338] End of pass, Total cost is 2.804152e+08.
[INFO DPL-0327] Pass   1 of random improver; improvement in cost is 1.26 percent.
[INFO DPL-0332] End of pass, Generator random called 273920 times.
[INFO DPL-0335] Generator random, Cumulative attempts 547840, swaps 105162, moves 52322 since last reset.
[INFO DPL-0333] End of pass, Objective hpwl, Initial cost 2.804152e+08, Scratch cost 2.792641e+08, Incremental cost 2.792641e+08, Mismatch? N
[INFO DPL-0338] End of pass, Total cost is 2.792641e+08.
[INFO DPL-0327] Pass   2 of random improver; improvement in cost is 0.41 percent.
[INFO DPL-0328] End of random improver; improvement is 1.665668 percent.
[INFO DPL-0380] Cell flipping.
[INFO DPL-0382] Changed 0 cell orientations for row compatibility.
[INFO DPL-0383] Performed 3827 cell flips.
[INFO DPL-0384] End of flipping; objective is 2.672830e+08, improvement is 4.63 percent.
[INFO DPL-0313] Found 0 cells in wrong regions.
[INFO DPL-0315] Found 0 row alignment problems.
[INFO DPL-0314] Found 0 site alignment problems.
[INFO DPL-0311] Found 0 overlaps between adjacent cells.
[INFO DPL-0312] Found 0 edge spacing violations and 0 padding violations.
Place Optimization Analysis
---------------------------------
total attempts           821760
relocated cells            6966
total displacement      33339.3 u
average displacement        4.8 u
max displacement           16.1 u
original HPWL          294293.1 u
improved HPWL          266941.9 u
delta HPWL                   -9 %

Took 6 seconds: improve_placement -max_displacement "5 1"
optimize_mirroring
[INFO DPL-0020] Mirrored 382 instances
[INFO DPL-0021] HPWL before          266941.9 u
[INFO DPL-0022] HPWL after           266548.5 u
[INFO DPL-0023] HPWL delta               -0.1 %
[INFO FLW-0012] Placement violations .
estimate_parasitics -placement
Report metrics stage 3, detailed place...

==========================================================================
detailed place report_design_area
--------------------------------------------------------------------------
Design area 194934 um^2 78% utilization.
write_db /work/orfs/results/sky130hd/s_ubp4_n64_u75/base/3_5_place_dp.odb
write_sdc -no_timestamp /work/orfs/results/sky130hd/s_ubp4_n64_u75/base/3_place.sdc
Elapsed time: 0:14.58[h:]min:sec. CPU time: user 9.27 sys 0.13 (64%). Peak memory: 209380KB.
Log                       Ext     Elapsed/s Peak Memory/MB sha1sum result [0:20)
3_5_place_dp              .odb           14            204 7e586c0ae2792bf8a4f9
cp /work/orfs/results/sky130hd/s_ubp4_n64_u75/base/3_5_place_dp.odb /work/orfs/results/sky130hd/s_ubp4_n64_u75/base/3_place.odb
/OpenROAD-flow-scripts/flow/scripts/flow.sh 4_1_cts cts
Running cts.tcl, stage 4_1_cts
read_liberty /OpenROAD-flow-scripts/flow/platforms/sky130hd/lib/sky130_fd_sc_hd__tt_025C_1v80.lib
read_db /work/orfs/results/sky130hd/s_ubp4_n64_u75/base/3_place.odb
read_sdc /work/orfs/results/sky130hd/s_ubp4_n64_u75/base/3_place.sdc
source /OpenROAD-flow-scripts/flow/platforms/sky130hd/setRC.tcl
clock_tree_synthesis -sink_clustering_enable -repair_clock_nets
[INFO CTS-0050] Root buffer is sky130_fd_sc_hd__clkbuf_16.
[INFO CTS-0051] Sink buffer is sky130_fd_sc_hd__clkbuf_16.
[INFO CTS-0052] The following clock buffers will be used for CTS:
                    sky130_fd_sc_hd__clkbuf_16
[INFO CTS-0049] Characterization buffer is sky130_fd_sc_hd__clkbuf_16.
[INFO CTS-0007] Net "clk" found for clock "clk".
[INFO CTS-0010]  Clock net "clk" has 6055 sinks.
[INFO CTS-0008] TritonCTS found 1 clock nets.
[INFO CTS-0097] Characterization used 1 buffer(s) types.
[INFO CTS-0201] 0 blockages from hard placement blockages and placed macros will be used.
[INFO CTS-0027] Generating H-Tree topology for net clk.
[INFO CTS-0028]  Total number of sinks: 6055.
[INFO CTS-0090]  Sinks will be clustered based on buffer max cap.
[INFO CTS-0030]  Number of static layers: 0.
[INFO CTS-0020]  Wire segment unit: 13600  dbu (13 um).
[INFO CTS-0206] Best clustering solution was found from max clustering size of 16 and max clustering diameter of 57.
[INFO CTS-0019]  Total number of sinks after clustering: 496.
[INFO CTS-0024]  Normalized sink region: [(0.580956, 0.638122), (36.4212, 36.536)].
[INFO CTS-0025]     Width:  35.8403.
[INFO CTS-0026]     Height: 35.8978.
 Level 1
    Direction: Vertical
    Sinks per sub-region: 248
    Sub-region size: 35.8403 X 17.9489
[INFO CTS-0034]     Segment length (rounded): 8.
 Level 2
    Direction: Horizontal
    Sinks per sub-region: 124
    Sub-region size: 17.9201 X 17.9489
[INFO CTS-0034]     Segment length (rounded): 8.
 Level 3
    Direction: Vertical
    Sinks per sub-region: 62
    Sub-region size: 17.9201 X 8.9745
[INFO CTS-0034]     Segment length (rounded): 4.
 Level 4
    Direction: Horizontal
    Sinks per sub-region: 31
    Sub-region size: 8.9601 X 8.9745
[INFO CTS-0034]     Segment length (rounded): 4.
 Level 5
    Direction: Vertical
    Sinks per sub-region: 16
    Sub-region size: 8.9601 X 4.4872
[INFO CTS-0034]     Segment length (rounded): 2.
 Level 6
    Direction: Horizontal
    Sinks per sub-region: 8
    Sub-region size: 4.4800 X 4.4872
[INFO CTS-0034]     Segment length (rounded): 2.
[INFO CTS-0038]  Stop criterion found. Sink region hpwl is smaller than max wirelength (1911.535 um) and max number of sinks is 15.
[INFO CTS-0035]  Number of sinks covered: 496.
[INFO CTS-0018]     Created 577 clock buffers.
[INFO CTS-0012]     Minimum number of buffers in the clock path: 4.
[INFO CTS-0013]     Maximum number of buffers in the clock path: 4.
[INFO CTS-0015]     Created 577 clock nets.
[INFO CTS-0016]     Fanout distribution for the current clock = 5:6, 6:12, 7:15, 8:11, 9:17, 10:47, 11:100, 12:140, 13:138, 14:53, 15:19, 16:2..
[INFO CTS-0017]     Max level of the clock tree: 6.
[INFO CTS-0098] Clock net "clk"
[INFO CTS-0099]  Sinks 6488
[INFO CTS-0100]  Leaf buffers 496
[INFO CTS-0101]  Average sink wire length 839.41 um
[INFO CTS-0102]  Path depth 3 - 4
[INFO CTS-0207]  Dummy loads inserted 433
[INFO CTS-0500] Runtime: 3.00s
estimate_parasitics -placement
detailed_placement
[INFO DPL-0006] Core area: 250710.45 um^2
[INFO DPL-0007] Movable instances area: 210062.72 um^2
[INFO DPL-0008] Fixed instances area within core: 4189.02 um^2
[INFO DPL-0009] Utilization: 85.5%
[INFO DPL-0005] Diamond search max displacement: +/- 500 sites horizontally, +/- 100 rows vertically.
[INFO DPL-1102] Legalizing using negotiation legalizer.
[INFO DPL-1103] Negotiation base search window: +/-20 sites horizontally, +/-5 rows vertically 
	Automatic search window extension enabled.
	Search window extendable up to the max displacement cap of +/-500 sites, +/-100 rows near walls.
[INFO DPL-1104] NegotiationLegalizer DRC penalty: 5.
[INFO DPL-0392] Negotiation cell height distribution (1 unique row-count(s)):
[INFO DPL-0393]   height 1 row(s): 18054 cells
          |      Total |  Illegal |  Illegal
Iteration | Violations |    Cells |    Sites
---------------------------------------------
        0 |      16906 |      1832 |     15011
        1 |      11387 |      1199 |     10176
        2 |       8127 |       823 |      7304
        3 |       6383 |       621 |      5762
        4 |       4352 |       426 |      3911
        5 |       3824 |       366 |      3437
        6 |       2903 |       259 |      2644
        7 |       2058 |       188 |      1858
        8 |       1563 |       145 |      1418
        9 |       1212 |       114 |      1089
       10 |        867 |        73 |       794
       20 |        122 |        10 |       112
       27 |          0 |         0 |         0
Negotiation phase 1 converged at iteration 27.
[INFO DPL-0500] Runtime: 2.57s
Detailed Placement Analysis
---------------------------------
legalizer            negotiation
total moves               21473
total displacement      35859.8 u
average displacement        2.0 u
max displacement           24.7 u
original HPWL          296746.3 u
legalized HPWL         327633.2 u
delta HPWL                   10 %

estimate_parasitics -placement
Warning: master sky130_ef_sc_hd__decap_12 has signal pins but no liberty cell
repair_timing -setup_margin 0 -hold_margin 0 -repair_tns 100 -match_cell_footprint -verbose
[INFO RSZ-0100] Repair move sequence: UnbufferMove SizeUpMove SwapPinsMove BufferMove CloneMove SplitLoadMove 
[INFO RSZ-0098] No setup violations found
[INFO RSZ-0505] Runtime: 1.24s
[INFO RSZ-0046] Found 291 endpoints with hold violations.
Iteration | Resized | Buffers | Cloned Gates |   Area   |   WNS   |   TNS   | Endpoint
--------------------------------------------------------------------------------------
        0 |       0 |       0 |            0 |    +0.0% |  -0.656 | -35.416 | sd1_ff/D
       10 |       0 |       6 |            0 |    +0.0% |  -0.372 | -14.637 | gen11/_409_/D
       20 |       0 |       7 |            0 |    +0.0% |  -0.270 | -12.886 | gen15/_362_/D
       30 |       0 |       7 |            0 |    +0.0% |  -0.270 | -12.886 | gen15/_362_/D
       40 |       0 |      11 |            0 |    +0.1% |  -0.230 | -11.271 | gen1/_362_/D
       50 |       0 |      16 |            0 |    +0.1% |  -0.202 |  -9.570 | gen10/_363_/D
       60 |       0 |      24 |            0 |    +0.1% |  -0.177 |  -6.907 | gen11/_406_/D
       70 |       0 |      32 |            0 |    +0.1% |  -0.155 |  -4.859 | gen10/_406_/D
       80 |       0 |      38 |            0 |    +0.2% |  -0.145 |  -3.775 | gen12/_409_/D
       90 |       0 |      42 |            0 |    +0.2% |  -0.138 |  -2.850 | gen9/_363_/D
      100 |       0 |      47 |            0 |    +0.2% |  -0.120 |  -1.804 | gen14/_362_/D
      110 |       0 |      52 |            0 |    +0.2% |  -0.111 |  -1.190 | gen4/_363_/D
      120 |       0 |      55 |            0 |    +0.3% |  -0.095 |  -0.771 | gen13/_406_/D
      130 |       0 |      55 |            0 |    +0.3% |  -0.095 |  -0.771 | gen13/_406_/D
      140 |       0 |      58 |            0 |    +0.3% |  -0.089 |  -0.441 | gen14/_406_/D
      150 |       0 |      59 |            0 |    +0.3% |  -0.081 |  -0.273 | gen6/_363_/D
      160 |       0 |      59 |            0 |    +0.3% |  -0.081 |  -0.273 | gen6/_363_/D
      170 |       0 |      60 |            0 |    +0.3% |  -0.070 |  -0.188 | gen14/_409_/D
      180 |       0 |      60 |            0 |    +0.3% |  -0.070 |  -0.188 | gen14/_409_/D
      190 |       0 |      61 |            0 |    +0.3% |  -0.060 |  -0.097 | gen14/_363_/D
      200 |       0 |      61 |            0 |    +0.3% |  -0.060 |  -0.097 | gen14/_363_/D
      210 |       0 |      62 |            0 |    +0.3% |  -0.026 |  -0.038 | gen12/_406_/D
      220 |       0 |      62 |            0 |    +0.3% |  -0.026 |  -0.038 | gen12/_406_/D
      230 |       0 |      62 |            0 |    +0.3% |  -0.026 |  -0.038 | gen12/_406_/D
      240 |       0 |      62 |            0 |    +0.3% |  -0.026 |  -0.038 | gen12/_406_/D
      250 |       0 |      62 |            0 |    +0.3% |  -0.026 |  -0.038 | gen12/_406_/D
      260 |       0 |      63 |            0 |    +0.3% |  -0.012 |  -0.012 | gen6/_362_/D
      270 |       0 |      63 |            0 |    +0.3% |  -0.012 |  -0.012 | gen6/_362_/D
      280 |       0 |      64 |            0 |    +0.3% |   0.069 |   0.000 | gen6/_406_/D
      290 |       0 |      64 |            0 |    +0.3% |   0.069 |   0.000 | gen6/_406_/D
    final |       0 |      64 |            0 |    +0.3% |   0.069 |   0.000 | gen6/_406_/D
--------------------------------------------------------------------------------------
[INFO RSZ-0032] Inserted 64 hold buffers.
[INFO RSZ-0506] Runtime: 1.07s
Warning: master sky130_ef_sc_hd__decap_12 has signal pins but no liberty cell
Repair timing output passed lec test
detailed_placement
[INFO DPL-0006] Core area: 250710.45 um^2
[INFO DPL-0007] Movable instances area: 210703.33 um^2
[INFO DPL-0008] Fixed instances area within core: 4189.02 um^2
[INFO DPL-0009] Utilization: 85.7%
[INFO DPL-0005] Diamond search max displacement: +/- 500 sites horizontally, +/- 100 rows vertically.
[INFO DPL-1102] Legalizing using negotiation legalizer.
[INFO DPL-1103] Negotiation base search window: +/-20 sites horizontally, +/-5 rows vertically 
	Automatic search window extension enabled.
	Search window extendable up to the max displacement cap of +/-500 sites, +/-100 rows near walls.
[INFO DPL-1104] NegotiationLegalizer DRC penalty: 5.
[INFO DPL-0392] Negotiation cell height distribution (1 unique row-count(s)):
[INFO DPL-0393]   height 1 row(s): 18118 cells
          |      Total |  Illegal |  Illegal
Iteration | Violations |    Cells |    Sites
---------------------------------------------
        0 |        583 |        81 |       493
        1 |        354 |        56 |       298
        2 |        284 |        44 |       240
        3 |        210 |        26 |       184
        4 |        121 |        19 |       102
        5 |        110 |        14 |        96
        6 |        130 |        16 |       114
        7 |        135 |        13 |       122
        8 |         85 |         8 |        77
        9 |         73 |        11 |        62
       10 |         92 |        15 |        77
       20 |         17 |         2 |        15
       30 |         10 |         2 |         8
       34 |          0 |         0 |         0
Negotiation phase 1 converged at iteration 34.
[INFO DPL-0500] Runtime: 0.84s
Detailed Placement Analysis
---------------------------------
legalizer            negotiation
total moves                1426
total displacement        972.7 u
average displacement        0.1 u
max displacement           24.5 u
original HPWL          327839.8 u
legalized HPWL         328552.1 u
delta HPWL                    0 %

estimate_parasitics -placement
Report metrics stage 4, cts final...

==========================================================================
cts final report_design_area
--------------------------------------------------------------------------
Design area 214892 um^2 86% utilization.
write_db /work/orfs/results/sky130hd/s_ubp4_n64_u75/base/4_1_cts.odb
write_sdc -no_timestamp /work/orfs/results/sky130hd/s_ubp4_n64_u75/base/4_cts.sdc
Elapsed time: 0:22.46[h:]min:sec. CPU time: user 14.54 sys 0.30 (66%). Peak memory: 237524KB.
Log                       Ext     Elapsed/s Peak Memory/MB sha1sum result [0:20)
4_1_cts                   .odb           22            231 f51a256adb4f8325e2e9
cp /work/orfs/results/sky130hd/s_ubp4_n64_u75/base/4_1_cts.odb /work/orfs/results/sky130hd/s_ubp4_n64_u75/base/4_cts.odb
/OpenROAD-flow-scripts/flow/scripts/flow.sh 5_1_grt global_route
Running global_route.tcl, stage 5_1_grt
read_liberty /OpenROAD-flow-scripts/flow/platforms/sky130hd/lib/sky130_fd_sc_hd__tt_025C_1v80.lib
read_db /work/orfs/results/sky130hd/s_ubp4_n64_u75/base/4_cts.odb
read_sdc /work/orfs/results/sky130hd/s_ubp4_n64_u75/base/4_cts.sdc
source /OpenROAD-flow-scripts/flow/platforms/sky130hd/setRC.tcl
pin_access
[INFO DRT-0149] Reading tech and libs.
[WARNING DRT-0349] LEF58_ENCLOSURE with no CUTCLASS is not supported. Skipping for layer mcon
[WARNING DRT-0349] LEF58_ENCLOSURE with no CUTCLASS is not supported. Skipping for layer mcon
[WARNING DRT-0349] LEF58_ENCLOSURE with no CUTCLASS is not supported. Skipping for layer via
[WARNING DRT-0349] LEF58_ENCLOSURE with no CUTCLASS is not supported. Skipping for layer via
[WARNING DRT-0349] LEF58_ENCLOSURE with no CUTCLASS is not supported. Skipping for layer via2
[WARNING DRT-0349] LEF58_ENCLOSURE with no CUTCLASS is not supported. Skipping for layer via2
[WARNING DRT-0349] LEF58_ENCLOSURE with no CUTCLASS is not supported. Skipping for layer via3
[WARNING DRT-0349] LEF58_ENCLOSURE with no CUTCLASS is not supported. Skipping for layer via3
[WARNING DRT-0349] LEF58_ENCLOSURE with no CUTCLASS is not supported. Skipping for layer via4
[WARNING DRT-0349] LEF58_ENCLOSURE with no CUTCLASS is not supported. Skipping for layer via4

Units:                1000
Number of layers:     13
Number of macros:     441
Number of vias:       29
Number of viarulegen: 25

[INFO DRT-0150] Reading design.

Design:                   top
Die area:                 ( 0 0 ) ( 505255 505255 )
Number of track patterns: 12
Number of DEF vias:       0
Number of components:     18118
Number of terminals:      132
Number of snets:          2
Number of nets:           14403

[INFO DRT-0167] List of default vias:
  Layer via
    default via: M1M2_PR
  Layer via2
    default via: M2M3_PR
  Layer via3
    default via: M3M4_PR
  Layer via4
    default via: M4M5_PR
[INFO DRT-0162] Library cell analysis.
[INFO DRT-0163] Instance analysis.
[INFO DRT-0164] Number of unique instances = 54.
[INFO DRT-0168] Init region query.
[INFO DRT-0024]   Complete FR_MASTERSLICE.
[INFO DRT-0024]   Complete Fr_VIA.
[INFO DRT-0024]   Complete li1.
[INFO DRT-0024]   Complete mcon.
[INFO DRT-0024]   Complete met1.
[INFO DRT-0024]   Complete via.
[INFO DRT-0024]   Complete met2.
[INFO DRT-0024]   Complete via2.
[INFO DRT-0024]   Complete met3.
[INFO DRT-0024]   Complete via3.
[INFO DRT-0024]   Complete met4.
[INFO DRT-0024]   Complete via4.
[INFO DRT-0024]   Complete met5.
[INFO DRT-0033] FR_MASTERSLICE shape region query size = 0.
[INFO DRT-0033] FR_VIA shape region query size = 0.
[INFO DRT-0033] li1 shape region query size = 641411.
[INFO DRT-0033] mcon shape region query size = 386576.
[INFO DRT-0033] met1 shape region query size = 97826.
[INFO DRT-0033] via shape region query size = 16650.
[INFO DRT-0033] met2 shape region query size = 10060.
[INFO DRT-0033] via2 shape region query size = 13320.
[INFO DRT-0033] met3 shape region query size = 10050.
[INFO DRT-0033] via3 shape region query size = 13320.
[INFO DRT-0033] met4 shape region query size = 4014.
[INFO DRT-0033] via4 shape region query size = 648.
[INFO DRT-0033] met5 shape region query size = 720.
[INFO DRT-0165] Start pin access.
[INFO DRT-0078]   Complete 341 pins.
[INFO DRT-0081]   Complete 54 unique inst patterns.
[INFO DRT-0084]   Complete 7984 groups.
#scanned instances     = 18118
#unique  instances     = 54
#stdCellGenAp          = 879
#stdCellValidPlanarAp  = 38
#stdCellValidViaAp     = 665
#stdCellPinNoAp        = 0
#stdCellPinCnt         = 45016
#instTermValidViaApCnt = 0
#macroGenAp            = 0
#macroValidPlanarAp    = 0
#macroValidViaAp       = 0
#macroNoAp             = 0
[INFO DRT-0166] Complete pin access.
[INFO DRT-0267] cpu time = 00:06:13, elapsed time = 00:09:27, memory = 233.03 (MB), peak = 238.52 (MB)
Took 568 seconds: pin_access
global_route -congestion_report_file /work/orfs/reports/sky130hd/s_ubp4_n64_u75/base/congestion.rpt -congestion_iterations 30 -congestion_report_iter_step 5 -verbose
[INFO GRT-0020] Min routing layer: met1
[INFO GRT-0021] Max routing layer: met5
[INFO GRT-0022] Global adjustment: 0%
[INFO GRT-0023] Grid origin: (0, 0)
[INFO GRT-0088] Layer li1     Track-Pitch = 0.4600  line-2-Via Pitch: 0.3400
[INFO GRT-0088] Layer met1    Track-Pitch = 0.3400  line-2-Via Pitch: 0.3400
[INFO GRT-0088] Layer met2    Track-Pitch = 0.4600  line-2-Via Pitch: 0.3500
[INFO GRT-0088] Layer met3    Track-Pitch = 0.6800  line-2-Via Pitch: 0.6150
[INFO GRT-0088] Layer met4    Track-Pitch = 0.9200  line-2-Via Pitch: 1.0400
[INFO GRT-0088] Layer met5    Track-Pitch = 3.4000  line-2-Via Pitch: 3.1100
[INFO GRT-0003] Macros: 0
[INFO GRT-0004] Blockages: 101090
[INFO GRT-0019] Found 578 clock nets.
[INFO GRT-0001] Minimum degree: 2
[INFO GRT-0002] Maximum degree: 51

[INFO GRT-0053] Routing resources analysis:
          Routing      Original      Derated      Resource
Layer     Direction    Resources     Resources    Reduction (%)
---------------------------------------------------------------
li1        Vertical            0             0          0.00%
met1       Horizontal      74003         57639          22.11%
met2       Vertical        68400         52560          23.16%
met3       Horizontal      50868         39888          21.59%
met4       Vertical        33912         24048          29.09%
met5       Horizontal       7488          5328          28.85%
---------------------------------------------------------------

[INFO GRT-0197] Via related to pin nodes: 71195
[INFO GRT-0198] Via related Steiner nodes: 1047
[INFO GRT-0199] Via filling finished.
[INFO GRT-0111] Final number of vias: 88502
[INFO GRT-0112] Final usage 3D: 318881

[INFO GRT-0096] Final congestion report:
Layer         Resource        Demand        Usage (%)    Max H / Max V / Total Congestion
---------------------------------------------------------------------------------------
li1                  0             0            0.00%             0 /  0 /  0
met1             57639         25711           44.61%             0 /  0 /  0
met2             52560         23477           44.67%             0 /  0 /  0
met3             39888          2132            5.34%             0 /  0 /  0
met4             24048          2055            8.55%             0 /  0 /  0
met5              5328             0            0.00%             0 /  0 /  0
---------------------------------------------------------------------------------------
Total           179463         53375           29.74%             0 /  0 /  0

[INFO GRT-0018] Total wirelength: 565337 um
[INFO GRT-0014] Routed nets: 13800
[INFO GRT-0303] Global routing runtime = 00:00:01
estimate_parasitics -global_routing
Perform buffer insertion and gate resizing...
repair_design -verbose
Iteration |   Area    | Resized | Buffers | Nets repaired | Remaining
---------------------------------------------------------------------
        0 |     +0.0% |       0 |       0 |             0 |     14870
     1000 |     +0.0% |       0 |       0 |             0 |     13870
     2000 |     +0.0% |       0 |       0 |             0 |     12870
     3000 |     +0.0% |       0 |       0 |             0 |     11870
     4000 |     +0.0% |       0 |       0 |             0 |     10870
     5000 |     +0.0% |       0 |       0 |             0 |      9870
     6000 |     +0.0% |       0 |       0 |             0 |      8870
     7000 |     +0.0% |       0 |       0 |             0 |      7870
     8000 |     +0.0% |       0 |       0 |             0 |      6870
     9000 |     +0.0% |       0 |       0 |             0 |      5870
[WARNING RSZ-0104] Net pp9_9 only has one pin. Check if it is intended to be dangling.
[WARNING RSZ-0104] Net pp9_8 only has one pin. Check if it is intended to be dangling.
[WARNING RSZ-0104] Net pn9_6 only has one pin. Check if it is intended to be dangling.
[WARNING RSZ-0104] Net pn9_5 only has one pin. Check if it is intended to be dangling.
[WARNING RSZ-0104] Net pp9_5 only has one pin. Check if it is intended to be dangling.
[WARNING RSZ-0104] Net pn9_38 only has one pin. Check if it is intended to be dangling.
[WARNING RSZ-0104] Net pn9_37 only has one pin. Check if it is intended to be dangling.
[WARNING RSZ-0104] Net pp9_37 only has one pin. Check if it is intended to be dangling.
[WARNING RSZ-0104] Net pn9_36 only has one pin. Check if it is intended to be dangling.
[WARNING RSZ-0104] Net pp9_34 only has one pin. Check if it is intended to be dangling.
[WARNING RSZ-0104] Net pn9_32 only has one pin. Check if it is intended to be dangling.
[WARNING RSZ-0104] Net pn9_31 only has one pin. Check if it is intended to be dangling.
[WARNING RSZ-0104] Net pn9_30 only has one pin. Check if it is intended to be dangling.
[WARNING RSZ-0104] Net pp9_30 only has one pin. Check if it is intended to be dangling.
[WARNING RSZ-0104] Net pp9_3 only has one pin. Check if it is intended to be dangling.
[WARNING RSZ-0104] Net pn9_29 only has one pin. Check if it is intended to be dangling.
[WARNING RSZ-0104] Net pp9_29 only has one pin. Check if it is intended to be dangling.
[WARNING RSZ-0104] Net pn9_28 only has one pin. Check if it is intended to be dangling.
[WARNING RSZ-0104] Net pp9_27 only has one pin. Check if it is intended to be dangling.
[WARNING RSZ-0104] Net pn9_26 only has one pin. Check if it is intended to be dangling.
[WARNING RSZ-0104] Net pn9_24 only has one pin. Check if it is intended to be dangling.
[WARNING RSZ-0104] Net pp9_24 only has one pin. Check if it is intended to be dangling.
[WARNING RSZ-0104] Net pn9_23 only has one pin. Check if it is intended to be dangling.
[WARNING RSZ-0104] Net pn9_22 only has one pin. Check if it is intended to be dangling.
[WARNING RSZ-0104] Net pp9_22 only has one pin. Check if it is intended to be dangling.
[WARNING RSZ-0104] Net pp9_21 only has one pin. Check if it is intended to be dangling.
[WARNING RSZ-0104] Net pn9_20 only has one pin. Check if it is intended to be dangling.
[WARNING RSZ-0104] Net pp9_2 only has one pin. Check if it is intended to be dangling.
[WARNING RSZ-0104] Net pn9_19 only has one pin. Check if it is intended to be dangling.
[WARNING RSZ-0104] Net pn9_16 only has one pin. Check if it is intended to be dangling.
[WARNING RSZ-0104] Net pp9_16 only has one pin. Check if it is intended to be dangling.
[WARNING RSZ-0104] Net pp9_15 only has one pin. Check if it is intended to be dangling.
[WARNING RSZ-0104] Net pp9_14 only has one pin. Check if it is intended to be dangling.
[WARNING RSZ-0104] Net pn9_13 only has one pin. Check if it is intended to be dangling.
[WARNING RSZ-0104] Net pn9_11 only has one pin. Check if it is intended to be dangling.
[WARNING RSZ-0104] Net pp9_11 only has one pin. Check if it is intended to be dangling.
[WARNING RSZ-0104] Net pp9_10 only has one pin. Check if it is intended to be dangling.
[WARNING RSZ-0104] Net pp8_8 only has one pin. Check if it is intended to be dangling.
[WARNING RSZ-0104] Net pn8_7 only has one pin. Check if it is intended to be dangling.
[WARNING RSZ-0104] Net pp8_4 only has one pin. Check if it is intended to be dangling.
[WARNING RSZ-0104] Net pp8_39 only has one pin. Check if it is intended to be dangling.
[WARNING RSZ-0104] Net pp8_38 only has one pin. Check if it is intended to be dangling.
[WARNING RSZ-0104] Net pp8_37 only has one pin. Check if it is intended to be dangling.
[WARNING RSZ-0104] Net pn8_36 only has one pin. Check if it is intended to be dangling.
[WARNING RSZ-0104] Net pp8_36 only has one pin. Check if it is intended to be dangling.
[WARNING RSZ-0104] Net pn8_35 only has one pin. Check if it is intended to be dangling.
[WARNING RSZ-0104] Net pn8_34 only has one pin. Check if it is intended to be dangling.
[WARNING RSZ-0104] Net pp8_34 only has one pin. Check if it is intended to be dangling.
[WARNING RSZ-0104] Net pn8_32 only has one pin. Check if it is intended to be dangling.
[WARNING RSZ-0104] Net pp8_32 only has one pin. Check if it is intended to be dangling.
[WARNING RSZ-0104] Net pn8_31 only has one pin. Check if it is intended to be dangling.
[WARNING RSZ-0104] Net pn8_30 only has one pin. Check if it is intended to be dangling.
[WARNING RSZ-0104] Net pp8_30 only has one pin. Check if it is intended to be dangling.
[WARNING RSZ-0104] Net pn8_3 only has one pin. Check if it is intended to be dangling.
[WARNING RSZ-0104] Net pn8_29 only has one pin. Check if it is intended to be dangling.
[WARNING RSZ-0104] Net pp8_29 only has one pin. Check if it is intended to be dangling.
[WARNING RSZ-0104] Net pp8_28 only has one pin. Check if it is intended to be dangling.
[WARNING RSZ-0104] Net pn8_27 only has one pin. Check if it is intended to be dangling.
[WARNING RSZ-0104] Net pp8_25 only has one pin. Check if it is intended to be dangling.
[WARNING RSZ-0104] Net pn8_24 only has one pin. Check if it is intended to be dangling.
[WARNING RSZ-0104] Net pp8_24 only has one pin. Check if it is intended to be dangling.
[WARNING RSZ-0104] Net pn8_23 only has one pin. Check if it is intended to be dangling.
[WARNING RSZ-0104] Net pp8_23 only has one pin. Check if it is intended to be dangling.
[WARNING RSZ-0104] Net pp8_21 only has one pin. Check if it is intended to be dangling.
[WARNING RSZ-0104] Net pn8_2 only has one pin. Check if it is intended to be dangling.
[WARNING RSZ-0104] Net pn8_19 only has one pin. Check if it is intended to be dangling.
[WARNING RSZ-0104] Net pn8_16 only has one pin. Check if it is intended to be dangling.
[WARNING RSZ-0104] Net pp8_16 only has one pin. Check if it is intended to be dangling.
[WARNING RSZ-0104] Net pp8_15 only has one pin. Check if it is intended to be dangling.
[WARNING RSZ-0104] Net pp8_14 only has one pin. Check if it is intended to be dangling.
[WARNING RSZ-0104] Net pp8_13 only has one pin. Check if it is intended to be dangling.
[WARNING RSZ-0104] Net pn8_12 only has one pin. Check if it is intended to be dangling.
[WARNING RSZ-0104] Net pn8_1 only has one pin. Check if it is intended to be dangling.
[WARNING RSZ-0104] Net pn7_9 only has one pin. Check if it is intended to be dangling.
[WARNING RSZ-0104] Net pn7_8 only has one pin. Check if it is intended to be dangling.
[WARNING RSZ-0104] Net pp7_7 only has one pin. Check if it is intended to be dangling.
[WARNING RSZ-0104] Net pp7_6 only has one pin. Check if it is intended to be dangling.
[WARNING RSZ-0104] Net pn7_5 only has one pin. Check if it is intended to be dangling.
[WARNING RSZ-0104] Net pp7_5 only has one pin. Check if it is intended to be dangling.
[WARNING RSZ-0104] Net pp7_4 only has one pin. Check if it is intended to be dangling.
[WARNING RSZ-0104] Net pp7_39 only has one pin. Check if it is intended to be dangling.
[WARNING RSZ-0104] Net pn7_37 only has one pin. Check if it is intended to be dangling.
[WARNING RSZ-0104] Net pp7_37 only has one pin. Check if it is intended to be dangling.
[WARNING RSZ-0104] Net pn7_34 only has one pin. Check if it is intended to be dangling.
[WARNING RSZ-0104] Net pp7_34 only has one pin. Check if it is intended to be dangling.
[WARNING RSZ-0104] Net pn7_31 only has one pin. Check if it is intended to be dangling.
[WARNING RSZ-0104] Net pn7_30 only has one pin. Check if it is intended to be dangling.
[WARNING RSZ-0104] Net pp7_30 only has one pin. Check if it is intended to be dangling.
[WARNING RSZ-0104] Net pp7_3 only has one pin. Check if it is intended to be dangling.
[WARNING RSZ-0104] Net pp7_28 only has one pin. Check if it is intended to be dangling.
[WARNING RSZ-0104] Net pp7_27 only has one pin. Check if it is intended to be dangling.
[WARNING RSZ-0104] Net pp7_26 only has one pin. Check if it is intended to be dangling.
[WARNING RSZ-0104] Net pp7_24 only has one pin. Check if it is intended to be dangling.
[WARNING RSZ-0104] Net pn7_23 only has one pin. Check if it is intended to be dangling.
[WARNING RSZ-0104] Net pn7_22 only has one pin. Check if it is intended to be dangling.
[WARNING RSZ-0104] Net pn7_21 only has one pin. Check if it is intended to be dangling.
[WARNING RSZ-0104] Net pp7_21 only has one pin. Check if it is intended to be dangling.
[WARNING RSZ-0104] Net pn7_19 only has one pin. Check if it is intended to be dangling.
[WARNING RSZ-0104] Net pp7_18 only has one pin. Check if it is intended to be dangling.
[WARNING RSZ-0104] Net pp7_16 only has one pin. Check if it is intended to be dangling.
[WARNING RSZ-0104] Net pn7_15 only has one pin. Check if it is intended to be dangling.
[WARNING RSZ-0104] Net pp7_15 only has one pin. Check if it is intended to be dangling.
[WARNING RSZ-0104] Net pn7_14 only has one pin. Check if it is intended to be dangling.
[WARNING RSZ-0104] Net pp7_14 only has one pin. Check if it is intended to be dangling.
[WARNING RSZ-0104] Net pp7_13 only has one pin. Check if it is intended to be dangling.
[WARNING RSZ-0104] Net pn7_12 only has one pin. Check if it is intended to be dangling.
[WARNING RSZ-0104] Net pn7_10 only has one pin. Check if it is intended to be dangling.
[WARNING RSZ-0104] Net pp7_10 only has one pin. Check if it is intended to be dangling.
[WARNING RSZ-0104] Net pn7_1 only has one pin. Check if it is intended to be dangling.
[WARNING RSZ-0104] Net pp7_1 only has one pin. Check if it is intended to be dangling.
[WARNING RSZ-0104] Net pn6_9 only has one pin. Check if it is intended to be dangling.
[WARNING RSZ-0104] Net pp6_8 only has one pin. Check if it is intended to be dangling.
[WARNING RSZ-0104] Net pn6_7 only has one pin. Check if it is intended to be dangling.
[WARNING RSZ-0104] Net pn6_6 only has one pin. Check if it is intended to be dangling.
[WARNING RSZ-0104] Net pp6_6 only has one pin. Check if it is intended to be dangling.
[WARNING RSZ-0104] Net pn6_5 only has one pin. Check if it is intended to be dangling.
[WARNING RSZ-0104] Net pp6_5 only has one pin. Check if it is intended to be dangling.
[WARNING RSZ-0104] Net pp6_4 only has one pin. Check if it is intended to be dangling.
[WARNING RSZ-0104] Net pn6_39 only has one pin. Check if it is intended to be dangling.
[WARNING RSZ-0104] Net pp6_39 only has one pin. Check if it is intended to be dangling.
[WARNING RSZ-0104] Net pn6_38 only has one pin. Check if it is intended to be dangling.
[WARNING RSZ-0104] Net pp6_37 only has one pin. Check if it is intended to be dangling.
[WARNING RSZ-0104] Net pn6_36 only has one pin. Check if it is intended to be dangling.
[WARNING RSZ-0104] Net pp6_35 only has one pin. Check if it is intended to be dangling.
[WARNING RSZ-0104] Net pp6_34 only has one pin. Check if it is intended to be dangling.
[WARNING RSZ-0104] Net pn6_33 only has one pin. Check if it is intended to be dangling.
[WARNING RSZ-0104] Net pn6_32 only has one pin. Check if it is intended to be dangling.
[WARNING RSZ-0104] Net pp6_32 only has one pin. Check if it is intended to be dangling.
[WARNING RSZ-0104] Net pn6_31 only has one pin. Check if it is intended to be dangling.
[WARNING RSZ-0104] Net pp6_30 only has one pin. Check if it is intended to be dangling.
[WARNING RSZ-0104] Net pn6_28 only has one pin. Check if it is intended to be dangling.
[WARNING RSZ-0104] Net pp6_28 only has one pin. Check if it is intended to be dangling.
[WARNING RSZ-0104] Net pn6_27 only has one pin. Check if it is intended to be dangling.
[WARNING RSZ-0104] Net pp6_27 only has one pin. Check if it is intended to be dangling.
[WARNING RSZ-0104] Net pn6_26 only has one pin. Check if it is intended to be dangling.
[WARNING RSZ-0104] Net pp6_26 only has one pin. Check if it is intended to be dangling.
[WARNING RSZ-0104] Net pp6_23 only has one pin. Check if it is intended to be dangling.
[WARNING RSZ-0104] Net pn6_22 only has one pin. Check if it is intended to be dangling.
[WARNING RSZ-0104] Net pp6_22 only has one pin. Check if it is intended to be dangling.
[WARNING RSZ-0104] Net pn6_21 only has one pin. Check if it is intended to be dangling.
[WARNING RSZ-0104] Net pp6_21 only has one pin. Check if it is intended to be dangling.
[WARNING RSZ-0104] Net pn6_2 only has one pin. Check if it is intended to be dangling.
[WARNING RSZ-0104] Net pp6_19 only has one pin. Check if it is intended to be dangling.
[WARNING RSZ-0104] Net pp6_18 only has one pin. Check if it is intended to be dangling.
[WARNING RSZ-0104] Net pp6_15 only has one pin. Check if it is intended to be dangling.
[WARNING RSZ-0104] Net pn6_14 only has one pin. Check if it is intended to be dangling.
[WARNING RSZ-0104] Net pn6_12 only has one pin. Check if it is intended to be dangling.
[WARNING RSZ-0104] Net pn6_10 only has one pin. Check if it is intended to be dangling.
[WARNING RSZ-0104] Net pp5_9 only has one pin. Check if it is intended to be dangling.
[WARNING RSZ-0104] Net pn5_8 only has one pin. Check if it is intended to be dangling.
[WARNING RSZ-0104] Net pp5_8 only has one pin. Check if it is intended to be dangling.
[WARNING RSZ-0104] Net pn5_7 only has one pin. Check if it is intended to be dangling.
[WARNING RSZ-0104] Net pn5_6 only has one pin. Check if it is intended to be dangling.
[WARNING RSZ-0104] Net pp5_6 only has one pin. Check if it is intended to be dangling.
[WARNING RSZ-0104] Net pn5_5 only has one pin. Check if it is intended to be dangling.
[WARNING RSZ-0104] Net pp5_5 only has one pin. Check if it is intended to be dangling.
[WARNING RSZ-0104] Net pp5_4 only has one pin. Check if it is intended to be dangling.
[WARNING RSZ-0104] Net pp5_39 only has one pin. Check if it is intended to be dangling.
[WARNING RSZ-0104] Net pp5_36 only has one pin. Check if it is intended to be dangling.
[WARNING RSZ-0104] Net pn5_35 only has one pin. Check if it is intended to be dangling.
[WARNING RSZ-0104] Net pp5_35 only has one pin. Check if it is intended to be dangling.
[WARNING RSZ-0104] Net pp5_33 only has one pin. Check if it is intended to be dangling.
[WARNING RSZ-0104] Net pn5_3 only has one pin. Check if it is intended to be dangling.
[WARNING RSZ-0104] Net pn5_28 only has one pin. Check if it is intended to be dangling.
[WARNING RSZ-0104] Net pp5_28 only has one pin. Check if it is intended to be dangling.
[WARNING RSZ-0104] Net pn5_27 only has one pin. Check if it is intended to be dangling.
[WARNING RSZ-0104] Net pp5_27 only has one pin. Check if it is intended to be dangling.
[WARNING RSZ-0104] Net pn5_26 only has one pin. Check if it is intended to be dangling.
[WARNING RSZ-0104] Net pp5_26 only has one pin. Check if it is intended to be dangling.
[WARNING RSZ-0104] Net pn5_24 only has one pin. Check if it is intended to be dangling.
[WARNING RSZ-0104] Net pp5_24 only has one pin. Check if it is intended to be dangling.
[WARNING RSZ-0104] Net pp5_23 only has one pin. Check if it is intended to be dangling.
[WARNING RSZ-0104] Net pn5_22 only has one pin. Check if it is intended to be dangling.
[WARNING RSZ-0104] Net pp5_22 only has one pin. Check if it is intended to be dangling.
[WARNING RSZ-0104] Net pp5_21 only has one pin. Check if it is intended to be dangling.
[WARNING RSZ-0104] Net pn5_18 only has one pin. Check if it is intended to be dangling.
[WARNING RSZ-0104] Net pn5_17 only has one pin. Check if it is intended to be dangling.
[WARNING RSZ-0104] Net pp5_17 only has one pin. Check if it is intended to be dangling.
[WARNING RSZ-0104] Net pn5_16 only has one pin. Check if it is intended to be dangling.
[WARNING RSZ-0104] Net pp5_15 only has one pin. Check if it is intended to be dangling.
[WARNING RSZ-0104] Net pn5_14 only has one pin. Check if it is intended to be dangling.
[WARNING RSZ-0104] Net pn5_13 only has one pin. Check if it is intended to be dangling.
[WARNING RSZ-0104] Net pp5_13 only has one pin. Check if it is intended to be dangling.
[WARNING RSZ-0104] Net pp5_12 only has one pin. Check if it is intended to be dangling.
[WARNING RSZ-0104] Net pp5_10 only has one pin. Check if it is intended to be dangling.
[WARNING RSZ-0104] Net pn5_1 only has one pin. Check if it is intended to be dangling.
[WARNING RSZ-0104] Net pp5_1 only has one pin. Check if it is intended to be dangling.
[WARNING RSZ-0104] Net pp4_8 only has one pin. Check if it is intended to be dangling.
[WARNING RSZ-0104] Net pn4_6 only has one pin. Check if it is intended to be dangling.
[WARNING RSZ-0104] Net pn4_5 only has one pin. Check if it is intended to be dangling.
[WARNING RSZ-0104] Net pp4_5 only has one pin. Check if it is intended to be dangling.
[WARNING RSZ-0104] Net pp4_4 only has one pin. Check if it is intended to be dangling.
[WARNING RSZ-0104] Net pp4_39 only has one pin. Check if it is intended to be dangling.
[WARNING RSZ-0104] Net pn4_38 only has one pin. Check if it is intended to be dangling.
[WARNING RSZ-0104] Net pp4_38 only has one pin. Check if it is intended to be dangling.
[WARNING RSZ-0104] Net pn4_37 only has one pin. Check if it is intended to be dangling.
[WARNING RSZ-0104] Net pp4_37 only has one pin. Check if it is intended to be dangling.
[WARNING RSZ-0104] Net pn4_36 only has one pin. Check if it is intended to be dangling.
[WARNING RSZ-0104] Net pn4_34 only has one pin. Check if it is intended to be dangling.
[WARNING RSZ-0104] Net pp4_34 only has one pin. Check if it is intended to be dangling.
[WARNING RSZ-0104] Net pn4_33 only has one pin. Check if it is intended to be dangling.
[WARNING RSZ-0104] Net pp4_33 only has one pin. Check if it is intended to be dangling.
[WARNING RSZ-0104] Net pn4_32 only has one pin. Check if it is intended to be dangling.
    10000 |     +0.0% |       0 |       0 |             0 |      4870
[WARNING RSZ-0104] Net pp4_31 only has one pin. Check if it is intended to be dangling.
[WARNING RSZ-0104] Net pp4_30 only has one pin. Check if it is intended to be dangling.
[WARNING RSZ-0104] Net pn4_29 only has one pin. Check if it is intended to be dangling.
[WARNING RSZ-0104] Net pp4_29 only has one pin. Check if it is intended to be dangling.
[WARNING RSZ-0104] Net pn4_28 only has one pin. Check if it is intended to be dangling.
[WARNING RSZ-0104] Net pp4_28 only has one pin. Check if it is intended to be dangling.
[WARNING RSZ-0104] Net pn4_27 only has one pin. Check if it is intended to be dangling.
[WARNING RSZ-0104] Net pn4_24 only has one pin. Check if it is intended to be dangling.
[WARNING RSZ-0104] Net pp4_24 only has one pin. Check if it is intended to be dangling.
[WARNING RSZ-0104] Net pn4_23 only has one pin. Check if it is intended to be dangling.
[WARNING RSZ-0104] Net pp4_21 only has one pin. Check if it is intended to be dangling.
[WARNING RSZ-0104] Net pp4_20 only has one pin. Check if it is intended to be dangling.
[WARNING RSZ-0104] Net pn4_2 only has one pin. Check if it is intended to be dangling.
[WARNING RSZ-0104] Net pp4_18 only has one pin. Check if it is intended to be dangling.
[WARNING RSZ-0104] Net pn4_17 only has one pin. Check if it is intended to be dangling.
[WARNING RSZ-0104] Net pn4_16 only has one pin. Check if it is intended to be dangling.
[WARNING RSZ-0104] Net pp4_16 only has one pin. Check if it is intended to be dangling.
[WARNING RSZ-0104] Net pp4_15 only has one pin. Check if it is intended to be dangling.
[WARNING RSZ-0104] Net pp4_14 only has one pin. Check if it is intended to be dangling.
[WARNING RSZ-0104] Net pp4_11 only has one pin. Check if it is intended to be dangling.
[WARNING RSZ-0104] Net pp4_0 only has one pin. Check if it is intended to be dangling.
[WARNING RSZ-0104] Net pp3_9 only has one pin. Check if it is intended to be dangling.
[WARNING RSZ-0104] Net pp3_8 only has one pin. Check if it is intended to be dangling.
[WARNING RSZ-0104] Net pn3_5 only has one pin. Check if it is intended to be dangling.
[WARNING RSZ-0104] Net pp3_5 only has one pin. Check if it is intended to be dangling.
[WARNING RSZ-0104] Net pn3_4 only has one pin. Check if it is intended to be dangling.
[WARNING RSZ-0104] Net pp3_4 only has one pin. Check if it is intended to be dangling.
[WARNING RSZ-0104] Net pn3_39 only has one pin. Check if it is intended to be dangling.
[WARNING RSZ-0104] Net pn3_38 only has one pin. Check if it is intended to be dangling.
[WARNING RSZ-0104] Net pp3_38 only has one pin. Check if it is intended to be dangling.
[WARNING RSZ-0104] Net pp3_37 only has one pin. Check if it is intended to be dangling.
[WARNING RSZ-0104] Net pn3_36 only has one pin. Check if it is intended to be dangling.
[WARNING RSZ-0104] Net pp3_36 only has one pin. Check if it is intended to be dangling.
[WARNING RSZ-0104] Net pp3_35 only has one pin. Check if it is intended to be dangling.
[WARNING RSZ-0104] Net pn3_34 only has one pin. Check if it is intended to be dangling.
[WARNING RSZ-0104] Net pp3_34 only has one pin. Check if it is intended to be dangling.
[WARNING RSZ-0104] Net pn3_32 only has one pin. Check if it is intended to be dangling.
[WARNING RSZ-0104] Net pp3_32 only has one pin. Check if it is intended to be dangling.
[WARNING RSZ-0104] Net pp3_31 only has one pin. Check if it is intended to be dangling.
[WARNING RSZ-0104] Net pn3_30 only has one pin. Check if it is intended to be dangling.
[WARNING RSZ-0104] Net pp3_30 only has one pin. Check if it is intended to be dangling.
[WARNING RSZ-0104] Net pp3_3 only has one pin. Check if it is intended to be dangling.
[WARNING RSZ-0104] Net pp3_29 only has one pin. Check if it is intended to be dangling.
[WARNING RSZ-0104] Net pn3_28 only has one pin. Check if it is intended to be dangling.
[WARNING RSZ-0104] Net pn3_27 only has one pin. Check if it is intended to be dangling.
[WARNING RSZ-0104] Net pp3_26 only has one pin. Check if it is intended to be dangling.
[WARNING RSZ-0104] Net pp3_25 only has one pin. Check if it is intended to be dangling.
[WARNING RSZ-0104] Net pp3_21 only has one pin. Check if it is intended to be dangling.
[WARNING RSZ-0104] Net pp3_20 only has one pin. Check if it is intended to be dangling.
[WARNING RSZ-0104] Net pn3_2 only has one pin. Check if it is intended to be dangling.
[WARNING RSZ-0104] Net pp3_19 only has one pin. Check if it is intended to be dangling.
[WARNING RSZ-0104] Net pn3_18 only has one pin. Check if it is intended to be dangling.
[WARNING RSZ-0104] Net pn3_17 only has one pin. Check if it is intended to be dangling.
[WARNING RSZ-0104] Net pp3_17 only has one pin. Check if it is intended to be dangling.
[WARNING RSZ-0104] Net pn3_15 only has one pin. Check if it is intended to be dangling.
[WARNING RSZ-0104] Net pn3_13 only has one pin. Check if it is intended to be dangling.
[WARNING RSZ-0104] Net pp3_13 only has one pin. Check if it is intended to be dangling.
[WARNING RSZ-0104] Net pp3_12 only has one pin. Check if it is intended to be dangling.
[WARNING RSZ-0104] Net pn3_11 only has one pin. Check if it is intended to be dangling.
[WARNING RSZ-0104] Net pn2_9 only has one pin. Check if it is intended to be dangling.
[WARNING RSZ-0104] Net pp2_9 only has one pin. Check if it is intended to be dangling.
[WARNING RSZ-0104] Net pn2_39 only has one pin. Check if it is intended to be dangling.
[WARNING RSZ-0104] Net pn2_38 only has one pin. Check if it is intended to be dangling.
[WARNING RSZ-0104] Net pp2_38 only has one pin. Check if it is intended to be dangling.
[WARNING RSZ-0104] Net pn2_37 only has one pin. Check if it is intended to be dangling.
[WARNING RSZ-0104] Net pn2_36 only has one pin. Check if it is intended to be dangling.
[WARNING RSZ-0104] Net pp2_36 only has one pin. Check if it is intended to be dangling.
[WARNING RSZ-0104] Net pn2_34 only has one pin. Check if it is intended to be dangling.
[WARNING RSZ-0104] Net pp2_34 only has one pin. Check if it is intended to be dangling.
[WARNING RSZ-0104] Net pn2_33 only has one pin. Check if it is intended to be dangling.
[WARNING RSZ-0104] Net pp2_32 only has one pin. Check if it is intended to be dangling.
[WARNING RSZ-0104] Net pn2_31 only has one pin. Check if it is intended to be dangling.
[WARNING RSZ-0104] Net pp2_3 only has one pin. Check if it is intended to be dangling.
[WARNING RSZ-0104] Net pn2_29 only has one pin. Check if it is intended to be dangling.
[WARNING RSZ-0104] Net pn2_27 only has one pin. Check if it is intended to be dangling.
[WARNING RSZ-0104] Net pp2_27 only has one pin. Check if it is intended to be dangling.
[WARNING RSZ-0104] Net pn2_26 only has one pin. Check if it is intended to be dangling.
[WARNING RSZ-0104] Net pp2_26 only has one pin. Check if it is intended to be dangling.
[WARNING RSZ-0104] Net pp2_24 only has one pin. Check if it is intended to be dangling.
[WARNING RSZ-0104] Net pp2_23 only has one pin. Check if it is intended to be dangling.
[WARNING RSZ-0104] Net pn2_22 only has one pin. Check if it is intended to be dangling.
[WARNING RSZ-0104] Net pp2_22 only has one pin. Check if it is intended to be dangling.
[WARNING RSZ-0104] Net pn2_21 only has one pin. Check if it is intended to be dangling.
[WARNING RSZ-0104] Net pp2_21 only has one pin. Check if it is intended to be dangling.
[WARNING RSZ-0104] Net pn2_20 only has one pin. Check if it is intended to be dangling.
[WARNING RSZ-0104] Net pp2_19 only has one pin. Check if it is intended to be dangling.
[WARNING RSZ-0104] Net pn2_17 only has one pin. Check if it is intended to be dangling.
[WARNING RSZ-0104] Net pp2_17 only has one pin. Check if it is intended to be dangling.
[WARNING RSZ-0104] Net pp2_14 only has one pin. Check if it is intended to be dangling.
[WARNING RSZ-0104] Net pn2_12 only has one pin. Check if it is intended to be dangling.
[WARNING RSZ-0104] Net pp2_12 only has one pin. Check if it is intended to be dangling.
[WARNING RSZ-0104] Net pn2_11 only has one pin. Check if it is intended to be dangling.
[WARNING RSZ-0104] Net pn2_10 only has one pin. Check if it is intended to be dangling.
[WARNING RSZ-0104] Net pp2_10 only has one pin. Check if it is intended to be dangling.
[WARNING RSZ-0104] Net pn2_1 only has one pin. Check if it is intended to be dangling.
[WARNING RSZ-0104] Net pn1_6 only has one pin. Check if it is intended to be dangling.
[WARNING RSZ-0104] Net pp1_6 only has one pin. Check if it is intended to be dangling.
[WARNING RSZ-0104] Net pn1_5 only has one pin. Check if it is intended to be dangling.
[WARNING RSZ-0104] Net pn1_4 only has one pin. Check if it is intended to be dangling.
[WARNING RSZ-0104] Net pp1_4 only has one pin. Check if it is intended to be dangling.
[WARNING RSZ-0104] Net pn1_39 only has one pin. Check if it is intended to be dangling.
[WARNING RSZ-0104] Net pp1_39 only has one pin. Check if it is intended to be dangling.
[WARNING RSZ-0104] Net pn1_37 only has one pin. Check if it is intended to be dangling.
[WARNING RSZ-0104] Net pp1_37 only has one pin. Check if it is intended to be dangling.
[WARNING RSZ-0104] Net pn1_35 only has one pin. Check if it is intended to be dangling.
[WARNING RSZ-0104] Net pn1_34 only has one pin. Check if it is intended to be dangling.
[WARNING RSZ-0104] Net pn1_33 only has one pin. Check if it is intended to be dangling.
[WARNING RSZ-0104] Net pp1_33 only has one pin. Check if it is intended to be dangling.
[WARNING RSZ-0104] Net pn1_32 only has one pin. Check if it is intended to be dangling.
[WARNING RSZ-0104] Net pp1_29 only has one pin. Check if it is intended to be dangling.
[WARNING RSZ-0104] Net pp1_28 only has one pin. Check if it is intended to be dangling.
[WARNING RSZ-0104] Net pn1_27 only has one pin. Check if it is intended to be dangling.
[WARNING RSZ-0104] Net pn1_26 only has one pin. Check if it is intended to be dangling.
[WARNING RSZ-0104] Net pp1_26 only has one pin. Check if it is intended to be dangling.
[WARNING RSZ-0104] Net pn1_25 only has one pin. Check if it is intended to be dangling.
[WARNING RSZ-0104] Net pn1_24 only has one pin. Check if it is intended to be dangling.
[WARNING RSZ-0104] Net pp1_24 only has one pin. Check if it is intended to be dangling.
[WARNING RSZ-0104] Net pn1_23 only has one pin. Check if it is intended to be dangling.
[WARNING RSZ-0104] Net pp1_23 only has one pin. Check if it is intended to be dangling.
[WARNING RSZ-0104] Net pp1_22 only has one pin. Check if it is intended to be dangling.
[WARNING RSZ-0104] Net pn1_20 only has one pin. Check if it is intended to be dangling.
[WARNING RSZ-0104] Net pp1_20 only has one pin. Check if it is intended to be dangling.
[WARNING RSZ-0104] Net pp1_18 only has one pin. Check if it is intended to be dangling.
[WARNING RSZ-0104] Net pp1_17 only has one pin. Check if it is intended to be dangling.
[WARNING RSZ-0104] Net pp1_16 only has one pin. Check if it is intended to be dangling.
[WARNING RSZ-0104] Net pn1_15 only has one pin. Check if it is intended to be dangling.
[WARNING RSZ-0104] Net pp1_15 only has one pin. Check if it is intended to be dangling.
[WARNING RSZ-0104] Net pn1_14 only has one pin. Check if it is intended to be dangling.
[WARNING RSZ-0104] Net pp1_13 only has one pin. Check if it is intended to be dangling.
[WARNING RSZ-0104] Net pp1_10 only has one pin. Check if it is intended to be dangling.
[WARNING RSZ-0104] Net pn1_0 only has one pin. Check if it is intended to be dangling.
[WARNING RSZ-0104] Net pn15_8 only has one pin. Check if it is intended to be dangling.
[WARNING RSZ-0104] Net pp15_8 only has one pin. Check if it is intended to be dangling.
[WARNING RSZ-0104] Net pn15_7 only has one pin. Check if it is intended to be dangling.
[WARNING RSZ-0104] Net pp15_7 only has one pin. Check if it is intended to be dangling.
[WARNING RSZ-0104] Net pn15_6 only has one pin. Check if it is intended to be dangling.
[WARNING RSZ-0104] Net pn15_5 only has one pin. Check if it is intended to be dangling.
[WARNING RSZ-0104] Net pn15_39 only has one pin. Check if it is intended to be dangling.
[WARNING RSZ-0104] Net pp15_39 only has one pin. Check if it is intended to be dangling.
[WARNING RSZ-0104] Net pp15_38 only has one pin. Check if it is intended to be dangling.
[WARNING RSZ-0104] Net pn15_37 only has one pin. Check if it is intended to be dangling.
[WARNING RSZ-0104] Net pp15_37 only has one pin. Check if it is intended to be dangling.
[WARNING RSZ-0104] Net pn15_36 only has one pin. Check if it is intended to be dangling.
[WARNING RSZ-0104] Net pn15_35 only has one pin. Check if it is intended to be dangling.
[WARNING RSZ-0104] Net pn15_34 only has one pin. Check if it is intended to be dangling.
[WARNING RSZ-0104] Net pp15_34 only has one pin. Check if it is intended to be dangling.
[WARNING RSZ-0104] Net pn15_33 only has one pin. Check if it is intended to be dangling.
[WARNING RSZ-0104] Net pp15_33 only has one pin. Check if it is intended to be dangling.
[WARNING RSZ-0104] Net pp15_32 only has one pin. Check if it is intended to be dangling.
[WARNING RSZ-0104] Net pn15_30 only has one pin. Check if it is intended to be dangling.
[WARNING RSZ-0104] Net pn15_29 only has one pin. Check if it is intended to be dangling.
[WARNING RSZ-0104] Net pp15_28 only has one pin. Check if it is intended to be dangling.
[WARNING RSZ-0104] Net pn15_27 only has one pin. Check if it is intended to be dangling.
[WARNING RSZ-0104] Net pn15_26 only has one pin. Check if it is intended to be dangling.
[WARNING RSZ-0104] Net pp15_25 only has one pin. Check if it is intended to be dangling.
[WARNING RSZ-0104] Net pn15_24 only has one pin. Check if it is intended to be dangling.
[WARNING RSZ-0104] Net pp15_24 only has one pin. Check if it is intended to be dangling.
[WARNING RSZ-0104] Net pn15_21 only has one pin. Check if it is intended to be dangling.
[WARNING RSZ-0104] Net pp15_21 only has one pin. Check if it is intended to be dangling.
[WARNING RSZ-0104] Net pn15_20 only has one pin. Check if it is intended to be dangling.
[WARNING RSZ-0104] Net pn15_2 only has one pin. Check if it is intended to be dangling.
[WARNING RSZ-0104] Net pn15_19 only has one pin. Check if it is intended to be dangling.
[WARNING RSZ-0104] Net pp15_19 only has one pin. Check if it is intended to be dangling.
[WARNING RSZ-0104] Net pp15_16 only has one pin. Check if it is intended to be dangling.
[WARNING RSZ-0104] Net pn15_14 only has one pin. Check if it is intended to be dangling.
[WARNING RSZ-0104] Net pp15_14 only has one pin. Check if it is intended to be dangling.
[WARNING RSZ-0104] Net pn15_13 only has one pin. Check if it is intended to be dangling.
[WARNING RSZ-0104] Net pn15_12 only has one pin. Check if it is intended to be dangling.
[WARNING RSZ-0104] Net pn15_11 only has one pin. Check if it is intended to be dangling.
[WARNING RSZ-0104] Net pp15_11 only has one pin. Check if it is intended to be dangling.
[WARNING RSZ-0104] Net pn15_0 only has one pin. Check if it is intended to be dangling.
[WARNING RSZ-0104] Net pp15_0 only has one pin. Check if it is intended to be dangling.
[WARNING RSZ-0104] Net pn14_9 only has one pin. Check if it is intended to be dangling.
[WARNING RSZ-0104] Net pp14_9 only has one pin. Check if it is intended to be dangling.
[WARNING RSZ-0104] Net pn14_5 only has one pin. Check if it is intended to be dangling.
[WARNING RSZ-0104] Net pp14_5 only has one pin. Check if it is intended to be dangling.
[WARNING RSZ-0104] Net pn14_4 only has one pin. Check if it is intended to be dangling.
[WARNING RSZ-0104] Net pp14_38 only has one pin. Check if it is intended to be dangling.
[WARNING RSZ-0104] Net pn14_37 only has one pin. Check if it is intended to be dangling.
[WARNING RSZ-0104] Net pp14_37 only has one pin. Check if it is intended to be dangling.
[WARNING RSZ-0104] Net pn14_35 only has one pin. Check if it is intended to be dangling.
[WARNING RSZ-0104] Net pp14_35 only has one pin. Check if it is intended to be dangling.
[WARNING RSZ-0104] Net pn14_34 only has one pin. Check if it is intended to be dangling.
[WARNING RSZ-0104] Net pp14_33 only has one pin. Check if it is intended to be dangling.
[WARNING RSZ-0104] Net pn14_31 only has one pin. Check if it is intended to be dangling.
[WARNING RSZ-0104] Net pp14_31 only has one pin. Check if it is intended to be dangling.
[WARNING RSZ-0104] Net pn14_30 only has one pin. Check if it is intended to be dangling.
[WARNING RSZ-0104] Net pp14_30 only has one pin. Check if it is intended to be dangling.
[WARNING RSZ-0104] Net pn14_29 only has one pin. Check if it is intended to be dangling.
[WARNING RSZ-0104] Net pp14_28 only has one pin. Check if it is intended to be dangling.
[WARNING RSZ-0104] Net pn14_27 only has one pin. Check if it is intended to be dangling.
[WARNING RSZ-0104] Net pn14_26 only has one pin. Check if it is intended to be dangling.
[WARNING RSZ-0104] Net pn14_25 only has one pin. Check if it is intended to be dangling.
[WARNING RSZ-0104] Net pp14_24 only has one pin. Check if it is intended to be dangling.
[WARNING RSZ-0104] Net pp14_23 only has one pin. Check if it is intended to be dangling.
[WARNING RSZ-0104] Net pn14_22 only has one pin. Check if it is intended to be dangling.
[WARNING RSZ-0104] Net pp14_20 only has one pin. Check if it is intended to be dangling.
[WARNING RSZ-0104] Net pp14_2 only has one pin. Check if it is intended to be dangling.
[WARNING RSZ-0104] Net pp14_19 only has one pin. Check if it is intended to be dangling.
[WARNING RSZ-0104] Net pn14_18 only has one pin. Check if it is intended to be dangling.
[WARNING RSZ-0104] Net pp14_18 only has one pin. Check if it is intended to be dangling.
[WARNING RSZ-0104] Net pp14_17 only has one pin. Check if it is intended to be dangling.
[WARNING RSZ-0104] Net pn14_16 only has one pin. Check if it is intended to be dangling.
[WARNING RSZ-0104] Net pp14_16 only has one pin. Check if it is intended to be dangling.
[WARNING RSZ-0104] Net pn14_11 only has one pin. Check if it is intended to be dangling.
[WARNING RSZ-0104] Net pn14_0 only has one pin. Check if it is intended to be dangling.
[WARNING RSZ-0104] Net pp14_0 only has one pin. Check if it is intended to be dangling.
[WARNING RSZ-0104] Net pn13_9 only has one pin. Check if it is intended to be dangling.
[WARNING RSZ-0104] Net pp13_9 only has one pin. Check if it is intended to be dangling.
[WARNING RSZ-0104] Net pn13_6 only has one pin. Check if it is intended to be dangling.
[WARNING RSZ-0104] Net pp13_6 only has one pin. Check if it is intended to be dangling.
[WARNING RSZ-0104] Net pn13_5 only has one pin. Check if it is intended to be dangling.
[WARNING RSZ-0104] Net pp13_4 only has one pin. Check if it is intended to be dangling.
[WARNING RSZ-0104] Net pn13_39 only has one pin. Check if it is intended to be dangling.
[WARNING RSZ-0104] Net pp13_38 only has one pin. Check if it is intended to be dangling.
[WARNING RSZ-0104] Net pn13_37 only has one pin. Check if it is intended to be dangling.
[WARNING RSZ-0104] Net pn13_36 only has one pin. Check if it is intended to be dangling.
[WARNING RSZ-0104] Net pp13_35 only has one pin. Check if it is intended to be dangling.
[WARNING RSZ-0104] Net pn13_34 only has one pin. Check if it is intended to be dangling.
[WARNING RSZ-0104] Net pp13_34 only has one pin. Check if it is intended to be dangling.
[WARNING RSZ-0104] Net pp13_33 only has one pin. Check if it is intended to be dangling.
[WARNING RSZ-0104] Net pn13_32 only has one pin. Check if it is intended to be dangling.
[WARNING RSZ-0104] Net pp13_32 only has one pin. Check if it is intended to be dangling.
[WARNING RSZ-0104] Net pn13_31 only has one pin. Check if it is intended to be dangling.
[WARNING RSZ-0104] Net pp13_31 only has one pin. Check if it is intended to be dangling.
[WARNING RSZ-0104] Net pn13_30 only has one pin. Check if it is intended to be dangling.
[WARNING RSZ-0104] Net pp13_30 only has one pin. Check if it is intended to be dangling.
[WARNING RSZ-0104] Net pn13_29 only has one pin. Check if it is intended to be dangling.
[WARNING RSZ-0104] Net pn13_28 only has one pin. Check if it is intended to be dangling.
[WARNING RSZ-0104] Net pp13_28 only has one pin. Check if it is intended to be dangling.
[WARNING RSZ-0104] Net pn13_26 only has one pin. Check if it is intended to be dangling.
[WARNING RSZ-0104] Net pp13_26 only has one pin. Check if it is intended to be dangling.
[WARNING RSZ-0104] Net pn13_25 only has one pin. Check if it is intended to be dangling.
[WARNING RSZ-0104] Net pp13_25 only has one pin. Check if it is intended to be dangling.
[WARNING RSZ-0104] Net pp13_24 only has one pin. Check if it is intended to be dangling.
[WARNING RSZ-0104] Net pn13_23 only has one pin. Check if it is intended to be dangling.
[WARNING RSZ-0104] Net pp13_22 only has one pin. Check if it is intended to be dangling.
[WARNING RSZ-0104] Net pn13_20 only has one pin. Check if it is intended to be dangling.
[WARNING RSZ-0104] Net pn13_17 only has one pin. Check if it is intended to be dangling.
[WARNING RSZ-0104] Net pn13_14 only has one pin. Check if it is intended to be dangling.
[WARNING RSZ-0104] Net pp13_14 only has one pin. Check if it is intended to be dangling.
[WARNING RSZ-0104] Net pn13_12 only has one pin. Check if it is intended to be dangling.
[WARNING RSZ-0104] Net pp13_11 only has one pin. Check if it is intended to be dangling.
[WARNING RSZ-0104] Net pp13_10 only has one pin. Check if it is intended to be dangling.
[WARNING RSZ-0104] Net pp13_1 only has one pin. Check if it is intended to be dangling.
[WARNING RSZ-0104] Net pp12_5 only has one pin. Check if it is intended to be dangling.
[WARNING RSZ-0104] Net pp12_4 only has one pin. Check if it is intended to be dangling.
[WARNING RSZ-0104] Net pn12_39 only has one pin. Check if it is intended to be dangling.
[WARNING RSZ-0104] Net pp12_39 only has one pin. Check if it is intended to be dangling.
[WARNING RSZ-0104] Net pn12_37 only has one pin. Check if it is intended to be dangling.
[WARNING RSZ-0104] Net pp12_37 only has one pin. Check if it is intended to be dangling.
[WARNING RSZ-0104] Net pn12_36 only has one pin. Check if it is intended to be dangling.
[WARNING RSZ-0104] Net pp12_36 only has one pin. Check if it is intended to be dangling.
[WARNING RSZ-0104] Net pn12_35 only has one pin. Check if it is intended to be dangling.
[WARNING RSZ-0104] Net pn12_34 only has one pin. Check if it is intended to be dangling.
[WARNING RSZ-0104] Net pp12_34 only has one pin. Check if it is intended to be dangling.
[WARNING RSZ-0104] Net pp12_33 only has one pin. Check if it is intended to be dangling.
[WARNING RSZ-0104] Net pn12_32 only has one pin. Check if it is intended to be dangling.
[WARNING RSZ-0104] Net pp12_32 only has one pin. Check if it is intended to be dangling.
[WARNING RSZ-0104] Net pn12_31 only has one pin. Check if it is intended to be dangling.
[WARNING RSZ-0104] Net pp12_31 only has one pin. Check if it is intended to be dangling.
[WARNING RSZ-0104] Net pp12_3 only has one pin. Check if it is intended to be dangling.
[WARNING RSZ-0104] Net pn12_29 only has one pin. Check if it is intended to be dangling.
[WARNING RSZ-0104] Net pn12_28 only has one pin. Check if it is intended to be dangling.
[WARNING RSZ-0104] Net pp12_28 only has one pin. Check if it is intended to be dangling.
[WARNING RSZ-0104] Net pp12_25 only has one pin. Check if it is intended to be dangling.
[WARNING RSZ-0104] Net pp12_22 only has one pin. Check if it is intended to be dangling.
[WARNING RSZ-0104] Net pp12_21 only has one pin. Check if it is intended to be dangling.
[WARNING RSZ-0104] Net pn12_20 only has one pin. Check if it is intended to be dangling.
[WARNING RSZ-0104] Net pp12_20 only has one pin. Check if it is intended to be dangling.
[WARNING RSZ-0104] Net pn12_2 only has one pin. Check if it is intended to be dangling.
[WARNING RSZ-0104] Net pn12_19 only has one pin. Check if it is intended to be dangling.
[WARNING RSZ-0104] Net pn12_17 only has one pin. Check if it is intended to be dangling.
[WARNING RSZ-0104] Net pp12_17 only has one pin. Check if it is intended to be dangling.
[WARNING RSZ-0104] Net pp12_15 only has one pin. Check if it is intended to be dangling.
[WARNING RSZ-0104] Net pp12_14 only has one pin. Check if it is intended to be dangling.
[WARNING RSZ-0104] Net pp12_13 only has one pin. Check if it is intended to be dangling.
[WARNING RSZ-0104] Net pn12_12 only has one pin. Check if it is intended to be dangling.
[WARNING RSZ-0104] Net pp12_11 only has one pin. Check if it is intended to be dangling.
[WARNING RSZ-0104] Net pn12_1 only has one pin. Check if it is intended to be dangling.
[WARNING RSZ-0104] Net pp12_0 only has one pin. Check if it is intended to be dangling.
[WARNING RSZ-0104] Net pp11_8 only has one pin. Check if it is intended to be dangling.
[WARNING RSZ-0104] Net pn11_7 only has one pin. Check if it is intended to be dangling.
[WARNING RSZ-0104] Net pp11_7 only has one pin. Check if it is intended to be dangling.
[WARNING RSZ-0104] Net pp11_6 only has one pin. Check if it is intended to be dangling.
[WARNING RSZ-0104] Net pn11_39 only has one pin. Check if it is intended to be dangling.
[WARNING RSZ-0104] Net pn11_37 only has one pin. Check if it is intended to be dangling.
[WARNING RSZ-0104] Net pp11_37 only has one pin. Check if it is intended to be dangling.
[WARNING RSZ-0104] Net pn11_36 only has one pin. Check if it is intended to be dangling.
[WARNING RSZ-0104] Net pp11_35 only has one pin. Check if it is intended to be dangling.
[WARNING RSZ-0104] Net pn11_34 only has one pin. Check if it is intended to be dangling.
[WARNING RSZ-0104] Net pp11_34 only has one pin. Check if it is intended to be dangling.
[WARNING RSZ-0104] Net pp11_33 only has one pin. Check if it is intended to be dangling.
[WARNING RSZ-0104] Net pn11_32 only has one pin. Check if it is intended to be dangling.
[WARNING RSZ-0104] Net pp11_32 only has one pin. Check if it is intended to be dangling.
[WARNING RSZ-0104] Net pp11_31 only has one pin. Check if it is intended to be dangling.
[WARNING RSZ-0104] Net pn11_30 only has one pin. Check if it is intended to be dangling.
[WARNING RSZ-0104] Net pn11_29 only has one pin. Check if it is intended to be dangling.
[WARNING RSZ-0104] Net pp11_29 only has one pin. Check if it is intended to be dangling.
[WARNING RSZ-0104] Net pp11_28 only has one pin. Check if it is intended to be dangling.
[WARNING RSZ-0104] Net pp11_27 only has one pin. Check if it is intended to be dangling.
[WARNING RSZ-0104] Net pp11_26 only has one pin. Check if it is intended to be dangling.
[WARNING RSZ-0104] Net pp11_25 only has one pin. Check if it is intended to be dangling.
[WARNING RSZ-0104] Net pn11_24 only has one pin. Check if it is intended to be dangling.
[WARNING RSZ-0104] Net pp11_24 only has one pin. Check if it is intended to be dangling.
[WARNING RSZ-0104] Net pn11_23 only has one pin. Check if it is intended to be dangling.
[WARNING RSZ-0104] Net pp11_23 only has one pin. Check if it is intended to be dangling.
[WARNING RSZ-0104] Net pn11_21 only has one pin. Check if it is intended to be dangling.
[WARNING RSZ-0104] Net pp11_21 only has one pin. Check if it is intended to be dangling.
[WARNING RSZ-0104] Net pn11_20 only has one pin. Check if it is intended to be dangling.
[WARNING RSZ-0104] Net pp11_20 only has one pin. Check if it is intended to be dangling.
    11000 |     +0.0% |       0 |       0 |             0 |      3870
[WARNING RSZ-0104] Net pn11_19 only has one pin. Check if it is intended to be dangling.
[WARNING RSZ-0104] Net pn11_18 only has one pin. Check if it is intended to be dangling.
[WARNING RSZ-0104] Net pp11_17 only has one pin. Check if it is intended to be dangling.
[WARNING RSZ-0104] Net pn11_16 only has one pin. Check if it is intended to be dangling.
[WARNING RSZ-0104] Net pn11_15 only has one pin. Check if it is intended to be dangling.
[WARNING RSZ-0104] Net pn11_13 only has one pin. Check if it is intended to be dangling.
[WARNING RSZ-0104] Net pn11_12 only has one pin. Check if it is intended to be dangling.
[WARNING RSZ-0104] Net pn11_11 only has one pin. Check if it is intended to be dangling.
[WARNING RSZ-0104] Net pp11_11 only has one pin. Check if it is intended to be dangling.
[WARNING RSZ-0104] Net pp11_0 only has one pin. Check if it is intended to be dangling.
[WARNING RSZ-0104] Net pn10_8 only has one pin. Check if it is intended to be dangling.
[WARNING RSZ-0104] Net pp10_8 only has one pin. Check if it is intended to be dangling.
[WARNING RSZ-0104] Net pn10_7 only has one pin. Check if it is intended to be dangling.
[WARNING RSZ-0104] Net pn10_5 only has one pin. Check if it is intended to be dangling.
[WARNING RSZ-0104] Net pn10_4 only has one pin. Check if it is intended to be dangling.
[WARNING RSZ-0104] Net pp10_4 only has one pin. Check if it is intended to be dangling.
[WARNING RSZ-0104] Net pn10_39 only has one pin. Check if it is intended to be dangling.
[WARNING RSZ-0104] Net pp10_39 only has one pin. Check if it is intended to be dangling.
[WARNING RSZ-0104] Net pn10_37 only has one pin. Check if it is intended to be dangling.
[WARNING RSZ-0104] Net pp10_37 only has one pin. Check if it is intended to be dangling.
[WARNING RSZ-0104] Net pn10_36 only has one pin. Check if it is intended to be dangling.
[WARNING RSZ-0104] Net pn10_35 only has one pin. Check if it is intended to be dangling.
[WARNING RSZ-0104] Net pp10_35 only has one pin. Check if it is intended to be dangling.
[WARNING RSZ-0104] Net pn10_34 only has one pin. Check if it is intended to be dangling.
[WARNING RSZ-0104] Net pn10_33 only has one pin. Check if it is intended to be dangling.
[WARNING RSZ-0104] Net pp10_33 only has one pin. Check if it is intended to be dangling.
[WARNING RSZ-0104] Net pn10_32 only has one pin. Check if it is intended to be dangling.
[WARNING RSZ-0104] Net pp10_32 only has one pin. Check if it is intended to be dangling.
[WARNING RSZ-0104] Net pn10_30 only has one pin. Check if it is intended to be dangling.
[WARNING RSZ-0104] Net pp10_30 only has one pin. Check if it is intended to be dangling.
[WARNING RSZ-0104] Net pn10_29 only has one pin. Check if it is intended to be dangling.
[WARNING RSZ-0104] Net pn10_26 only has one pin. Check if it is intended to be dangling.
[WARNING RSZ-0104] Net pp10_26 only has one pin. Check if it is intended to be dangling.
[WARNING RSZ-0104] Net pn10_25 only has one pin. Check if it is intended to be dangling.
[WARNING RSZ-0104] Net pn10_24 only has one pin. Check if it is intended to be dangling.
[WARNING RSZ-0104] Net pn10_23 only has one pin. Check if it is intended to be dangling.
[WARNING RSZ-0104] Net pn10_21 only has one pin. Check if it is intended to be dangling.
[WARNING RSZ-0104] Net pn10_18 only has one pin. Check if it is intended to be dangling.
[WARNING RSZ-0104] Net pp10_18 only has one pin. Check if it is intended to be dangling.
[WARNING RSZ-0104] Net pp10_16 only has one pin. Check if it is intended to be dangling.
[WARNING RSZ-0104] Net pn10_14 only has one pin. Check if it is intended to be dangling.
[WARNING RSZ-0104] Net pn10_13 only has one pin. Check if it is intended to be dangling.
[WARNING RSZ-0104] Net pn10_12 only has one pin. Check if it is intended to be dangling.
[WARNING RSZ-0104] Net pp10_11 only has one pin. Check if it is intended to be dangling.
[WARNING RSZ-0104] Net pn10_10 only has one pin. Check if it is intended to be dangling.
[WARNING RSZ-0104] Net pp10_10 only has one pin. Check if it is intended to be dangling.
[WARNING RSZ-0104] Net pn10_1 only has one pin. Check if it is intended to be dangling.
[WARNING RSZ-0104] Net pn0_9 only has one pin. Check if it is intended to be dangling.
[WARNING RSZ-0104] Net pn0_7 only has one pin. Check if it is intended to be dangling.
[WARNING RSZ-0104] Net pp0_7 only has one pin. Check if it is intended to be dangling.
[WARNING RSZ-0104] Net pp0_6 only has one pin. Check if it is intended to be dangling.
[WARNING RSZ-0104] Net pn0_5 only has one pin. Check if it is intended to be dangling.
[WARNING RSZ-0104] Net pn0_4 only has one pin. Check if it is intended to be dangling.
[WARNING RSZ-0104] Net pp0_4 only has one pin. Check if it is intended to be dangling.
[WARNING RSZ-0104] Net pn0_39 only has one pin. Check if it is intended to be dangling.
[WARNING RSZ-0104] Net pn0_38 only has one pin. Check if it is intended to be dangling.
[WARNING RSZ-0104] Net pn0_36 only has one pin. Check if it is intended to be dangling.
[WARNING RSZ-0104] Net pp0_35 only has one pin. Check if it is intended to be dangling.
[WARNING RSZ-0104] Net pp0_34 only has one pin. Check if it is intended to be dangling.
[WARNING RSZ-0104] Net pn0_33 only has one pin. Check if it is intended to be dangling.
[WARNING RSZ-0104] Net pp0_33 only has one pin. Check if it is intended to be dangling.
[WARNING RSZ-0104] Net pn0_32 only has one pin. Check if it is intended to be dangling.
[WARNING RSZ-0104] Net pn0_31 only has one pin. Check if it is intended to be dangling.
[WARNING RSZ-0104] Net pp0_31 only has one pin. Check if it is intended to be dangling.
[WARNING RSZ-0104] Net pn0_30 only has one pin. Check if it is intended to be dangling.
[WARNING RSZ-0104] Net pp0_30 only has one pin. Check if it is intended to be dangling.
[WARNING RSZ-0104] Net pn0_3 only has one pin. Check if it is intended to be dangling.
[WARNING RSZ-0104] Net pn0_29 only has one pin. Check if it is intended to be dangling.
[WARNING RSZ-0104] Net pp0_29 only has one pin. Check if it is intended to be dangling.
[WARNING RSZ-0104] Net pn0_28 only has one pin. Check if it is intended to be dangling.
[WARNING RSZ-0104] Net pp0_26 only has one pin. Check if it is intended to be dangling.
[WARNING RSZ-0104] Net pn0_25 only has one pin. Check if it is intended to be dangling.
[WARNING RSZ-0104] Net pn0_23 only has one pin. Check if it is intended to be dangling.
[WARNING RSZ-0104] Net pn0_22 only has one pin. Check if it is intended to be dangling.
[WARNING RSZ-0104] Net pp0_22 only has one pin. Check if it is intended to be dangling.
[WARNING RSZ-0104] Net pp0_21 only has one pin. Check if it is intended to be dangling.
[WARNING RSZ-0104] Net pn0_20 only has one pin. Check if it is intended to be dangling.
[WARNING RSZ-0104] Net pp0_20 only has one pin. Check if it is intended to be dangling.
[WARNING RSZ-0104] Net pp0_2 only has one pin. Check if it is intended to be dangling.
[WARNING RSZ-0104] Net pp0_19 only has one pin. Check if it is intended to be dangling.
[WARNING RSZ-0104] Net pp0_18 only has one pin. Check if it is intended to be dangling.
[WARNING RSZ-0104] Net pn0_17 only has one pin. Check if it is intended to be dangling.
[WARNING RSZ-0104] Net pn0_16 only has one pin. Check if it is intended to be dangling.
[WARNING RSZ-0104] Net pp0_16 only has one pin. Check if it is intended to be dangling.
[WARNING RSZ-0104] Net pn0_15 only has one pin. Check if it is intended to be dangling.
[WARNING RSZ-0104] Net pn0_11 only has one pin. Check if it is intended to be dangling.
[WARNING RSZ-0104] Net pn0_1 only has one pin. Check if it is intended to be dangling.
[WARNING RSZ-0104] Net pp0_1 only has one pin. Check if it is intended to be dangling.
[WARNING RSZ-0104] Net pp0_0 only has one pin. Check if it is intended to be dangling.
    12000 |     +0.0% |       0 |       0 |             0 |      2870
    13000 |     +0.0% |       0 |       0 |             0 |      1870
    14000 |     +0.0% |       0 |       0 |             0 |       870
    final |     +0.0% |       0 |       0 |             0 |         0
---------------------------------------------------------------------
[INFO RSZ-0504] Runtime: 2.79s
global_route -start_incremental
detailed_placement
[INFO DPL-0006] Core area: 250710.45 um^2
[INFO DPL-0007] Movable instances area: 210703.33 um^2
[INFO DPL-0008] Fixed instances area within core: 4189.02 um^2
[INFO DPL-0009] Utilization: 85.7%
[INFO DPL-0005] Diamond search max displacement: +/- 500 sites horizontally, +/- 100 rows vertically.
[INFO DPL-1102] Legalizing using negotiation legalizer.
[INFO DPL-1103] Negotiation base search window: +/-20 sites horizontally, +/-5 rows vertically 
	Automatic search window extension enabled.
	Search window extendable up to the max displacement cap of +/-500 sites, +/-100 rows near walls.
[INFO DPL-1104] NegotiationLegalizer DRC penalty: 5.
[INFO DPL-0392] Negotiation cell height distribution (1 unique row-count(s)):
[INFO DPL-0393]   height 1 row(s): 18118 cells
[INFO DPL-0500] Runtime: 0.14s
Detailed Placement Analysis
---------------------------------
legalizer            negotiation
total moves                   0
total displacement          0.0 u
average displacement        0.0 u
max displacement            0.0 u
original HPWL          328552.1 u
legalized HPWL         328552.1 u
delta HPWL                    0 %

global_route -end_incremental -congestion_report_file /work/orfs/reports/sky130hd/s_ubp4_n64_u75/base/congestion_post_repair_design.rpt
Repair setup and hold violations...
estimate_parasitics -global_routing
repair_timing -setup_margin 0 -hold_margin 0 -repair_tns 100 -verbose
[INFO RSZ-0100] Repair move sequence: UnbufferMove SizeUpMove SwapPinsMove BufferMove CloneMove SplitLoadMove 
[INFO RSZ-0098] No setup violations found
[INFO RSZ-0505] Runtime: 1.34s
[INFO RSZ-0033] No hold violations found.
[INFO RSZ-0506] Runtime: 0.42s
global_route -start_incremental
detailed_placement
[INFO DPL-0006] Core area: 250710.45 um^2
[INFO DPL-0007] Movable instances area: 210703.33 um^2
[INFO DPL-0008] Fixed instances area within core: 4189.02 um^2
[INFO DPL-0009] Utilization: 85.7%
[INFO DPL-0005] Diamond search max displacement: +/- 500 sites horizontally, +/- 100 rows vertically.
[INFO DPL-1102] Legalizing using negotiation legalizer.
[INFO DPL-1103] Negotiation base search window: +/-20 sites horizontally, +/-5 rows vertically 
	Automatic search window extension enabled.
	Search window extendable up to the max displacement cap of +/-500 sites, +/-100 rows near walls.
[INFO DPL-1104] NegotiationLegalizer DRC penalty: 5.
[INFO DPL-0392] Negotiation cell height distribution (1 unique row-count(s)):
[INFO DPL-0393]   height 1 row(s): 18118 cells
[INFO DPL-0500] Runtime: 0.16s
Detailed Placement Analysis
---------------------------------
legalizer            negotiation
total moves                   0
total displacement          0.0 u
average displacement        0.0 u
max displacement            0.0 u
original HPWL          328552.1 u
legalized HPWL         328552.1 u
delta HPWL                    0 %

check_placement -verbose
global_route -end_incremental -congestion_report_file /work/orfs/reports/sky130hd/s_ubp4_n64_u75/base/congestion_post_repair_timing.rpt
estimate_parasitics -global_routing
global_route -start_incremental
global_route -end_incremental -congestion_report_file /work/orfs/reports/sky130hd/s_ubp4_n64_u75/base/congestion_post_recover_power.rpt
Repair antennas...
[INFO GRT-0012] Found 32 antenna violations.
[INFO GRT-0302] Inserted 31 jumpers for 30 nets.
[INFO GRT-0012] Found 2 antenna violations.
[INFO DPL-0501] Legalized with 56 moves: displacement total 27.1 u, max 12.4 u; HPWL 328555.7 -> 328583.9 u (+0.0 %).
[INFO DPL-0500] Runtime: 0.32s
[INFO GRT-0015] Inserted 2 diodes.
[INFO GRT-0012] Found 1 antenna violations.
[INFO GRT-0302] Inserted 0 jumpers for 0 nets.
[INFO GRT-0012] Found 1 antenna violations.
[INFO DPL-0501] Legalized with 0 moves: displacement total 0.9 u, max 0.9 u; HPWL 328583.9 -> 328584.8 u (+0.0 %).
[INFO DPL-0500] Runtime: 0.18s
[INFO GRT-0015] Inserted 1 diodes.
[INFO GRT-0012] Found 0 antenna violations.
[INFO ANT-0002] Found 0 net violations.
[INFO ANT-0001] Found 0 pin violations.
Estimate parasitics...
estimate_parasitics -global_routing
Report metrics stage 5, global route...

==========================================================================
global route report_design_area
--------------------------------------------------------------------------
Design area 214900 um^2 86% utilization.
[INFO FLW-0007] clock clk period 3.000000
[INFO FLW-0008] Clock clk period 2.136
[INFO FLW-0009] Clock clk slack 0.752
write_sdc -no_timestamp /work/orfs/results/sky130hd/s_ubp4_n64_u75/base/updated_clks.sdc
[INFO FLW-0011] Path endpoint path count 7158
write_db /work/orfs/results/sky130hd/s_ubp4_n64_u75/base/5_1_grt.odb
write_sdc -no_timestamp /work/orfs/results/sky130hd/s_ubp4_n64_u75/base/5_1_grt.sdc
Elapsed time: 10:34.42[h:]min:sec. CPU time: user 416.19 sys 0.69 (65%). Peak memory: 505704KB.
Log                       Ext     Elapsed/s Peak Memory/MB sha1sum result [0:20)
5_1_grt                   .odb          634            493 6ada4a8191d80285e80c
5_1_grt                   .sdc                             9fd7445c262a15275321
/OpenROAD-flow-scripts/flow/scripts/flow.sh 5_2_route detail_route
Running detail_route.tcl, stage 5_2_route
read_liberty /OpenROAD-flow-scripts/flow/platforms/sky130hd/lib/sky130_fd_sc_hd__tt_025C_1v80.lib
read_db /work/orfs/results/sky130hd/s_ubp4_n64_u75/base/5_1_grt.odb
read_sdc /work/orfs/results/sky130hd/s_ubp4_n64_u75/base/5_1_grt.sdc
source /OpenROAD-flow-scripts/flow/platforms/sky130hd/setRC.tcl
detailed_route -output_drc /work/orfs/reports/sky130hd/s_ubp4_n64_u75/base/5_route_drc.rpt -output_maze /work/orfs/results/sky130hd/s_ubp4_n64_u75/base/maze.log -droute_end_iter 64 -verbose 1 -drc_report_iter_step 5
[INFO DRT-0149] Reading tech and libs.
[WARNING DRT-0349] LEF58_ENCLOSURE with no CUTCLASS is not supported. Skipping for layer mcon
[WARNING DRT-0349] LEF58_ENCLOSURE with no CUTCLASS is not supported. Skipping for layer mcon
[WARNING DRT-0349] LEF58_ENCLOSURE with no CUTCLASS is not supported. Skipping for layer via
[WARNING DRT-0349] LEF58_ENCLOSURE with no CUTCLASS is not supported. Skipping for layer via
[WARNING DRT-0349] LEF58_ENCLOSURE with no CUTCLASS is not supported. Skipping for layer via2
[WARNING DRT-0349] LEF58_ENCLOSURE with no CUTCLASS is not supported. Skipping for layer via2
[WARNING DRT-0349] LEF58_ENCLOSURE with no CUTCLASS is not supported. Skipping for layer via3
[WARNING DRT-0349] LEF58_ENCLOSURE with no CUTCLASS is not supported. Skipping for layer via3
[WARNING DRT-0349] LEF58_ENCLOSURE with no CUTCLASS is not supported. Skipping for layer via4
[WARNING DRT-0349] LEF58_ENCLOSURE with no CUTCLASS is not supported. Skipping for layer via4

Units:                1000
Number of layers:     13
Number of macros:     441
Number of vias:       29
Number of viarulegen: 25

[INFO DRT-0150] Reading design.

Design:                   top
Die area:                 ( 0 0 ) ( 505255 505255 )
Number of track patterns: 12
Number of DEF vias:       0
Number of components:     18121
Number of terminals:      132
Number of snets:          2
Number of nets:           14403

[INFO DRT-0167] List of default vias:
  Layer via
    default via: M1M2_PR
  Layer via2
    default via: M2M3_PR
  Layer via3
    default via: M3M4_PR
  Layer via4
    default via: M4M5_PR
[INFO DRT-0162] Library cell analysis.
[INFO DRT-0163] Instance analysis.
[INFO DRT-0164] Number of unique instances = 55.
[INFO DRT-0168] Init region query.
[INFO DRT-0024]   Complete FR_MASTERSLICE.
[INFO DRT-0024]   Complete Fr_VIA.
[INFO DRT-0024]   Complete li1.
[INFO DRT-0024]   Complete mcon.
[INFO DRT-0024]   Complete met1.
[INFO DRT-0024]   Complete via.
[INFO DRT-0024]   Complete met2.
[INFO DRT-0024]   Complete via2.
[INFO DRT-0024]   Complete met3.
[INFO DRT-0024]   Complete via3.
[INFO DRT-0024]   Complete met4.
[INFO DRT-0024]   Complete via4.
[INFO DRT-0024]   Complete met5.
[INFO DRT-0033] FR_MASTERSLICE shape region query size = 0.
[INFO DRT-0033] FR_VIA shape region query size = 0.
[INFO DRT-0033] li1 shape region query size = 641420.
[INFO DRT-0033] mcon shape region query size = 386588.
[INFO DRT-0033] met1 shape region query size = 97832.
[INFO DRT-0033] via shape region query size = 16650.
[INFO DRT-0033] met2 shape region query size = 10060.
[INFO DRT-0033] via2 shape region query size = 13320.
[INFO DRT-0033] met3 shape region query size = 10050.
[INFO DRT-0033] via3 shape region query size = 13320.
[INFO DRT-0033] met4 shape region query size = 4014.
[INFO DRT-0033] via4 shape region query size = 648.
[INFO DRT-0033] met5 shape region query size = 720.
[INFO DRT-0165] Start pin access.
[INFO DRT-0078]   Complete 346 pins.
[INFO DRT-0081]   Complete 55 unique inst patterns.
[INFO DRT-0084]   Complete 7985 groups.
#scanned instances     = 18121
#unique  instances     = 55
#stdCellGenAp          = 891
#stdCellValidPlanarAp  = 38
#stdCellValidViaAp     = 677
#stdCellPinNoAp        = 0
#stdCellPinCnt         = 45016
#instTermValidViaApCnt = 0
#macroGenAp            = 0
#macroValidPlanarAp    = 0
#macroValidViaAp       = 0
#macroNoAp             = 0
[INFO DRT-0166] Complete pin access.
[INFO DRT-0267] cpu time = 00:06:00, elapsed time = 00:09:07, memory = 361.41 (MB), peak = 367.68 (MB)

[INFO DRT-0157] Number of guides:     94425

[INFO DRT-0169] Post process guides.
[INFO DRT-0176] GCELLGRID X 0 DO 73 STEP 6900 ;
[INFO DRT-0177] GCELLGRID Y 0 DO 73 STEP 6900 ;
[INFO DRT-0028]   Complete FR_MASTERSLICE.
[INFO DRT-0028]   Complete Fr_VIA.
[INFO DRT-0028]   Complete li1.
[INFO DRT-0028]   Complete mcon.
[INFO DRT-0028]   Complete met1.
[INFO DRT-0028]   Complete via.
[INFO DRT-0028]   Complete met2.
[INFO DRT-0028]   Complete via2.
[INFO DRT-0028]   Complete met3.
[INFO DRT-0028]   Complete via3.
[INFO DRT-0028]   Complete met4.
[INFO DRT-0028]   Complete via4.
[INFO DRT-0028]   Complete met5.
[INFO DRT-0178] Init guide query.
[INFO DRT-0035]   Complete FR_MASTERSLICE (guide).
[INFO DRT-0035]   Complete Fr_VIA (guide).
[INFO DRT-0035]   Complete li1 (guide).
[INFO DRT-0035]   Complete mcon (guide).
[INFO DRT-0035]   Complete met1 (guide).
[INFO DRT-0035]   Complete via (guide).
[INFO DRT-0035]   Complete met2 (guide).
[INFO DRT-0035]   Complete via2 (guide).
[INFO DRT-0035]   Complete met3 (guide).
[INFO DRT-0035]   Complete via3 (guide).
[INFO DRT-0035]   Complete met4 (guide).
[INFO DRT-0035]   Complete via4 (guide).
[INFO DRT-0035]   Complete met5 (guide).
[INFO DRT-0036] FR_MASTERSLICE guide region query size = 0.
[INFO DRT-0036] FR_VIA guide region query size = 0.
[INFO DRT-0036] li1 guide region query size = 35585.
[INFO DRT-0036] mcon guide region query size = 0.
[INFO DRT-0036] met1 guide region query size = 28836.
[INFO DRT-0036] via guide region query size = 0.
[INFO DRT-0036] met2 guide region query size = 12981.
[INFO DRT-0036] via2 guide region query size = 0.
[INFO DRT-0036] met3 guide region query size = 907.
[INFO DRT-0036] via3 guide region query size = 0.
[INFO DRT-0036] met4 guide region query size = 462.
[INFO DRT-0036] via4 guide region query size = 0.
[INFO DRT-0036] met5 guide region query size = 2.
[INFO DRT-0179] Init gr pin query.
[INFO DRT-0267] cpu time = 00:00:00, elapsed time = 00:00:00, memory = 386.83 (MB), peak = 386.65 (MB)
[INFO DRT-0245] skipped writing guide updates to database.
[INFO DRT-0181] Start track assignment.
[INFO DRT-0184] Done with 49028 vertical wires in 2 frboxes and 29745 horizontal wires in 2 frboxes.
[INFO DRT-0186] Done with 3860 vertical wires in 2 frboxes and 8180 horizontal wires in 2 frboxes.
[INFO DRT-0182] Complete track assignment.
[INFO DRT-0267] cpu time = 00:00:06, elapsed time = 00:00:09, memory = 453.19 (MB), peak = 538.48 (MB)
[INFO DRT-0187] Start routing data preparation.
[INFO DRT-0267] cpu time = 00:00:00, elapsed time = 00:00:00, memory = 455.00 (MB), peak = 538.48 (MB)
[INFO DRT-0194] Start detail routing.
[INFO DRT-0195] Start 0th optimization iteration.
    Completing 10% with 0 violations.
    elapsed time = 00:00:36, memory = 711.00 (MB).
    Completing 20% with 0 violations.
    elapsed time = 00:01:14, memory = 935.34 (MB).
    Completing 30% with 1416 violations.
    elapsed time = 00:01:31, memory = 918.69 (MB).
    Completing 40% with 1416 violations.
    elapsed time = 00:02:17, memory = 894.47 (MB).
    Completing 50% with 1416 violations.
    elapsed time = 00:02:54, memory = 966.12 (MB).
    Completing 60% with 2678 violations.
    elapsed time = 00:03:33, memory = 1003.60 (MB).
    Completing 70% with 2678 violations.
    elapsed time = 00:04:22, memory = 1004.24 (MB).
    Completing 80% with 3944 violations.
    elapsed time = 00:05:03, memory = 1051.66 (MB).
    Completing 90% with 3944 violations.
    elapsed time = 00:05:49, memory = 1028.39 (MB).
    Completing 100% with 5191 violations.
    elapsed time = 00:06:41, memory = 1029.98 (MB).
[INFO DRT-0199]   Number of violations = 6723.
Viol/Layer         li1   mcon   met1    via   met2   met3   via3   met4
Cut Spacing          0     16      0      0      0      0      0      0
Metal Spacing        0      0   1041      0    255     25      0      5
Min Hole             0      0      5      0      0      0      0      0
Recheck             19      0   1144      0    346     10      0     13
Short                0      0   3498      2    331      5      1      7
[INFO DRT-0267] cpu time = 00:04:06, elapsed time = 00:06:42, memory = 1036.98 (MB), peak = 1083.90 (MB)
Total wire length = 387178 um.
Total wire length on LAYER li1 = 0 um.
Total wire length on LAYER met1 = 192800 um.
Total wire length on LAYER met2 = 168318 um.
Total wire length on LAYER met3 = 15469 um.
Total wire length on LAYER met4 = 10557 um.
Total wire length on LAYER met5 = 32 um.
Total number of vias = 92395.
Up-via summary (total 92395):

------------------------
 FR_MASTERSLICE        0
            li1    45039
           met1    45423
           met2     1380
           met3      549
           met4        4
------------------------
               92395


[INFO DRT-0195] Start 1st optimization iteration.
    Completing 10% with 6723 violations.
    elapsed time = 00:00:32, memory = 1039.16 (MB).
    Completing 20% with 6723 violations.
    elapsed time = 00:01:06, memory = 1039.51 (MB).
    Completing 30% with 5647 violations.
    elapsed time = 00:01:30, memory = 1092.46 (MB).
    Completing 40% with 5647 violations.
    elapsed time = 00:02:06, memory = 1099.74 (MB).
    Completing 50% with 5647 violations.
    elapsed time = 00:02:42, memory = 1096.12 (MB).
    Completing 60% with 4555 violations.
    elapsed time = 00:03:16, memory = 1076.91 (MB).
    Completing 70% with 4555 violations.
    elapsed time = 00:03:51, memory = 1081.70 (MB).
    Completing 80% with 3283 violations.
    elapsed time = 00:04:23, memory = 1081.68 (MB).
    Completing 90% with 3283 violations.
    elapsed time = 00:05:06, memory = 1081.09 (MB).
    Completing 100% with 2154 violations.
    elapsed time = 00:05:45, memory = 1058.56 (MB).
[INFO DRT-0199]   Number of violations = 2154.
Viol/Layer        mcon   met1   met2
Cut Spacing          7      0      0
Metal Spacing        0    409     89
Short                0   1511    138
[INFO DRT-0267] cpu time = 00:03:47, elapsed time = 00:05:46, memory = 1057.36 (MB), peak = 1122.59 (MB)
Total wire length = 383760 um.
Total wire length on LAYER li1 = 0 um.
Total wire length on LAYER met1 = 191280 um.
Total wire length on LAYER met2 = 166808 um.
Total wire length on LAYER met3 = 15610 um.
Total wire length on LAYER met4 = 10034 um.
Total wire length on LAYER met5 = 27 um.
Total number of vias = 91340.
Up-via summary (total 91340):

------------------------
 FR_MASTERSLICE        0
            li1    45033
           met1    44544
           met2     1310
           met3      449
           met4        4
------------------------
               91340


[INFO DRT-0195] Start 2nd optimization iteration.
    Completing 10% with 2154 violations.
    elapsed time = 00:00:30, memory = 1082.91 (MB).
    Completing 20% with 2154 violations.
    elapsed time = 00:01:05, memory = 1083.53 (MB).
    Completing 30% with 2100 violations.
    elapsed time = 00:01:31, memory = 1082.39 (MB).
    Completing 40% with 2100 violations.
    elapsed time = 00:02:13, memory = 1080.11 (MB).
    Completing 50% with 2100 violations.
    elapsed time = 00:02:47, memory = 1060.65 (MB).
    Completing 60% with 1979 violations.
    elapsed time = 00:03:29, memory = 1084.75 (MB).
    Completing 70% with 1979 violations.
    elapsed time = 00:04:00, memory = 1085.59 (MB).
    Completing 80% with 1944 violations.
    elapsed time = 00:04:38, memory = 1087.74 (MB).
    Completing 90% with 1944 violations.
    elapsed time = 00:05:12, memory = 1089.70 (MB).
    Completing 100% with 1792 violations.
    elapsed time = 00:05:33, memory = 1060.47 (MB).
[INFO DRT-0199]   Number of violations = 1792.
Viol/Layer        mcon   met1   met2   met3   met4
Cut Spacing          4      0      0      0      0
Metal Spacing        0    342     72      5      2
Short                0   1265    102      0      0
[INFO DRT-0267] cpu time = 00:03:40, elapsed time = 00:05:35, memory = 1060.54 (MB), peak = 1122.59 (MB)
Total wire length = 382889 um.
Total wire length on LAYER li1 = 0 um.
Total wire length on LAYER met1 = 190723 um.
Total wire length on LAYER met2 = 166640 um.
Total wire length on LAYER met3 = 15618 um.
Total wire length on LAYER met4 = 9872 um.
Total wire length on LAYER met5 = 34 um.
Total number of vias = 91203.
Up-via summary (total 91203):

------------------------
 FR_MASTERSLICE        0
            li1    45020
           met1    44438
           met2     1305
           met3      436
           met4        4
------------------------
               91203


[INFO DRT-0195] Start 3rd optimization iteration.
    Completing 10% with 1792 violations.
    elapsed time = 00:00:22, memory = 1092.06 (MB).
    Completing 20% with 1792 violations.
    elapsed time = 00:00:42, memory = 1088.03 (MB).
    Completing 30% with 1304 violations.
    elapsed time = 00:00:54, memory = 1086.13 (MB).
    Completing 40% with 1304 violations.
    elapsed time = 00:01:34, memory = 1088.29 (MB).
    Completing 50% with 1304 violations.
    elapsed time = 00:01:59, memory = 1096.63 (MB).
    Completing 60% with 884 violations.
    elapsed time = 00:02:17, memory = 1095.24 (MB).
    Completing 70% with 884 violations.
    elapsed time = 00:02:37, memory = 1072.17 (MB).
    Completing 80% with 550 violations.
    elapsed time = 00:03:01, memory = 1094.68 (MB).
    Completing 90% with 550 violations.
    elapsed time = 00:03:30, memory = 1090.41 (MB).
    Completing 100% with 65 violations.
    elapsed time = 00:03:48, memory = 1073.23 (MB).
[INFO DRT-0199]   Number of violations = 65.
Viol/Layer        met1   met2
Metal Spacing       13      7
Short               45      0
[INFO DRT-0267] cpu time = 00:02:30, elapsed time = 00:03:48, memory = 1073.23 (MB), peak = 1128.45 (MB)
Total wire length = 382143 um.
Total wire length on LAYER li1 = 0 um.
Total wire length on LAYER met1 = 181163 um.
Total wire length on LAYER met2 = 167034 um.
Total wire length on LAYER met3 = 23904 um.
Total wire length on LAYER met4 = 10026 um.
Total wire length on LAYER met5 = 13 um.
Total number of vias = 92474.
Up-via summary (total 92474):

------------------------
 FR_MASTERSLICE        0
            li1    45008
           met1    44941
           met2     2076
           met3      447
           met4        2
------------------------
               92474


[INFO DRT-0195] Start 4th guides tiles iteration.
    Completing 10% with 65 violations.
    elapsed time = 00:00:00, memory = 1073.23 (MB).
    Completing 20% with 65 violations.
    elapsed time = 00:00:01, memory = 1073.23 (MB).
    Completing 30% with 65 violations.
    elapsed time = 00:00:02, memory = 1071.23 (MB).
    Completing 40% with 65 violations.
    elapsed time = 00:00:02, memory = 1071.23 (MB).
    Completing 50% with 65 violations.
    elapsed time = 00:00:03, memory = 1143.82 (MB).
    Completing 60% with 8 violations.
    elapsed time = 00:00:06, memory = 1060.14 (MB).
    Completing 70% with 8 violations.
    elapsed time = 00:00:06, memory = 1060.14 (MB).
    Completing 80% with 8 violations.
    elapsed time = 00:00:06, memory = 1060.14 (MB).
    Completing 90% with 8 violations.
    elapsed time = 00:00:07, memory = 1069.68 (MB).
    Completing 100% with 2 violations.
    elapsed time = 00:00:07, memory = 1069.68 (MB).
[INFO DRT-0199]   Number of violations = 2.
Viol/Layer        met1
Short                2
[INFO DRT-0267] cpu time = 00:00:05, elapsed time = 00:00:07, memory = 1072.09 (MB), peak = 1143.64 (MB)
Total wire length = 382111 um.
Total wire length on LAYER li1 = 0 um.
Total wire length on LAYER met1 = 180694 um.
Total wire length on LAYER met2 = 167015 um.
Total wire length on LAYER met3 = 24360 um.
Total wire length on LAYER met4 = 10026 um.
Total wire length on LAYER met5 = 13 um.
Total number of vias = 92453.
Up-via summary (total 92453):

------------------------
 FR_MASTERSLICE        0
            li1    45008
           met1    44921
           met2     2076
           met3      446
           met4        2
------------------------
               92453


[INFO DRT-0195] Start 5th guides tiles iteration.
    Completing 100% with 2 violations.
    elapsed time = 00:00:00, memory = 1072.09 (MB).
[INFO DRT-0199]   Number of violations = 2.
Viol/Layer        met1
Short                2
[INFO DRT-0267] cpu time = 00:00:00, elapsed time = 00:00:00, memory = 1072.40 (MB), peak = 1143.64 (MB)
Total wire length = 382111 um.
Total wire length on LAYER li1 = 0 um.
Total wire length on LAYER met1 = 180694 um.
Total wire length on LAYER met2 = 167015 um.
Total wire length on LAYER met3 = 24360 um.
Total wire length on LAYER met4 = 10026 um.
Total wire length on LAYER met5 = 13 um.
Total number of vias = 92453.
Up-via summary (total 92453):

------------------------
 FR_MASTERSLICE        0
            li1    45008
           met1    44921
           met2     2076
           met3      446
           met4        2
------------------------
               92453


[INFO DRT-0195] Start 6th stubborn tiles iteration.
    Completing 10% with 2 violations.
    elapsed time = 00:00:09, memory = 1094.56 (MB).
    Completing 20% with 2 violations.
    elapsed time = 00:00:16, memory = 1090.56 (MB).
    Completing 30% with 2 violations.
    elapsed time = 00:00:24, memory = 1092.58 (MB).
    Completing 40% with 2 violations.
    elapsed time = 00:00:29, memory = 1073.13 (MB).
    Completing 50% with 2 violations.
    elapsed time = 00:00:34, memory = 1103.95 (MB).
    Completing 60% with 2 violations.
    elapsed time = 00:00:38, memory = 1110.31 (MB).
    Completing 70% with 2 violations.
    elapsed time = 00:00:43, memory = 1193.51 (MB).
    Completing 80% with 2 violations.
    elapsed time = 00:00:50, memory = 1287.23 (MB).
    Completing 90% with 2 violations.
    elapsed time = 00:01:00, memory = 1411.30 (MB).
    Completing 100% with 0 violations.
    elapsed time = 00:01:08, memory = 1293.71 (MB).
[INFO DRT-0199]   Number of violations = 0.
[INFO DRT-0267] cpu time = 00:00:52, elapsed time = 00:01:08, memory = 1314.71 (MB), peak = 1485.23 (MB)
Total wire length = 382114 um.
Total wire length on LAYER li1 = 0 um.
Total wire length on LAYER met1 = 180696 um.
Total wire length on LAYER met2 = 167017 um.
Total wire length on LAYER met3 = 24360 um.
Total wire length on LAYER met4 = 10026 um.
Total wire length on LAYER met5 = 13 um.
Total number of vias = 92455.
Up-via summary (total 92455):

------------------------
 FR_MASTERSLICE        0
            li1    45008
           met1    44923
           met2     2076
           met3      446
           met4        2
------------------------
               92455


[INFO DRT-0198] Complete detail routing.
Total wire length = 382114 um.
Total wire length on LAYER li1 = 0 um.
Total wire length on LAYER met1 = 180696 um.
Total wire length on LAYER met2 = 167017 um.
Total wire length on LAYER met3 = 24360 um.
Total wire length on LAYER met4 = 10026 um.
Total wire length on LAYER met5 = 13 um.
Total number of vias = 92455.
Up-via summary (total 92455):

------------------------
 FR_MASTERSLICE        0
            li1    45008
           met1    44923
           met2     2076
           met3      446
           met4        2
------------------------
               92455


[INFO DRT-0267] cpu time = 00:15:02, elapsed time = 00:23:10, memory = 1314.71 (MB), peak = 1485.23 (MB)

[INFO DRT-0180] Post processing.
[INFO DRT-0501] Runtime: 1949.79s
Took 1950 seconds: detailed_route -output_drc /work/orfs/reports/sky130hd/s_ubp4_n64_u75/base/5_route_drc.rpt -output_maze /work/orfs/results/sky130hd/s_ubp4_n64_u75/base/maze.log -droute_end_iter 64 -verbose 1 -drc_report_iter_step 5
[INFO GRT-0012] Found 12 antenna violations.
[INFO DPL-0501] Legalized with 0 moves: displacement total 9.6 u, max 6.8 u; HPWL 328621.2 -> 328625.3 u (+0.0 %).
[INFO DPL-0500] Runtime: 0.21s
[INFO GRT-0015] Inserted 14 diodes.
[INFO DRT-0024]   Complete FR_MASTERSLICE.
[INFO DRT-0024]   Complete Fr_VIA.
[INFO DRT-0024]   Complete li1.
[INFO DRT-0024]   Complete mcon.
[INFO DRT-0024]   Complete met1.
[INFO DRT-0024]   Complete via.
[INFO DRT-0024]   Complete met2.
[INFO DRT-0024]   Complete via2.
[INFO DRT-0024]   Complete met3.
[INFO DRT-0024]   Complete via3.
[INFO DRT-0024]   Complete met4.
[INFO DRT-0024]   Complete via4.
[INFO DRT-0024]   Complete met5.
[INFO DRT-0165] Start pin access.
[INFO DRT-0078]   Complete 351 pins.
[INFO DRT-0081]   Complete 56 unique inst patterns.
[INFO DRT-0084]   Complete 7988 groups.
#scanned instances     = 18135
#unique  instances     = 56
#stdCellGenAp          = 903
#stdCellValidPlanarAp  = 38
#stdCellValidViaAp     = 689
#stdCellPinNoAp        = 0
#stdCellPinCnt         = 45016
#instTermValidViaApCnt = 0
#macroGenAp            = 0
#macroValidPlanarAp    = 0
#macroValidViaAp       = 0
#macroNoAp             = 0
[INFO DRT-0166] Complete pin access.
[INFO DRT-0267] cpu time = 00:06:17, elapsed time = 00:07:21, memory = 1286.35 (MB), peak = 1485.23 (MB)

[INFO DRT-0157] Number of guides:     94415

[INFO DRT-0169] Post process guides.
[INFO DRT-0176] GCELLGRID X 0 DO 73 STEP 6900 ;
[INFO DRT-0177] GCELLGRID Y 0 DO 73 STEP 6900 ;
[INFO DRT-0028]   Complete FR_MASTERSLICE.
[INFO DRT-0028]   Complete Fr_VIA.
[INFO DRT-0028]   Complete li1.
[INFO DRT-0028]   Complete mcon.
[INFO DRT-0028]   Complete met1.
[INFO DRT-0028]   Complete via.
[INFO DRT-0028]   Complete met2.
[INFO DRT-0028]   Complete via2.
[INFO DRT-0028]   Complete met3.
[INFO DRT-0028]   Complete via3.
[INFO DRT-0028]   Complete met4.
[INFO DRT-0028]   Complete via4.
[INFO DRT-0028]   Complete met5.
[INFO DRT-0178] Init guide query.
[INFO DRT-0035]   Complete FR_MASTERSLICE (guide).
[INFO DRT-0035]   Complete Fr_VIA (guide).
[INFO DRT-0035]   Complete li1 (guide).
[INFO DRT-0035]   Complete mcon (guide).
[INFO DRT-0035]   Complete met1 (guide).
[INFO DRT-0035]   Complete via (guide).
[INFO DRT-0035]   Complete met2 (guide).
[INFO DRT-0035]   Complete via2 (guide).
[INFO DRT-0035]   Complete met3 (guide).
[INFO DRT-0035]   Complete via3 (guide).
[INFO DRT-0035]   Complete met4 (guide).
[INFO DRT-0035]   Complete via4 (guide).
[INFO DRT-0035]   Complete met5 (guide).
[INFO DRT-0036] FR_MASTERSLICE guide region query size = 0.
[INFO DRT-0036] FR_VIA guide region query size = 0.
[INFO DRT-0036] li1 guide region query size = 35593.
[INFO DRT-0036] mcon guide region query size = 0.
[INFO DRT-0036] met1 guide region query size = 28840.
[INFO DRT-0036] via guide region query size = 0.
[INFO DRT-0036] met2 guide region query size = 12978.
[INFO DRT-0036] via2 guide region query size = 0.
[INFO DRT-0036] met3 guide region query size = 901.
[INFO DRT-0036] via3 guide region query size = 0.
[INFO DRT-0036] met4 guide region query size = 458.
[INFO DRT-0036] via4 guide region query size = 0.
[INFO DRT-0036] met5 guide region query size = 1.
[INFO DRT-0179] Init gr pin query.
[INFO DRT-0267] cpu time = 00:00:00, elapsed time = 00:00:00, memory = 1286.36 (MB), peak = 1485.23 (MB)
[INFO DRT-0245] skipped writing guide updates to database.
[INFO DRT-0181] Start track assignment.
[INFO DRT-0184] Done with 49029 vertical wires in 2 frboxes and 29742 horizontal wires in 2 frboxes.
[INFO DRT-0186] Done with 3841 vertical wires in 2 frboxes and 8224 horizontal wires in 2 frboxes.
[INFO DRT-0182] Complete track assignment.
[INFO DRT-0267] cpu time = 00:00:06, elapsed time = 00:00:06, memory = 1293.04 (MB), peak = 1485.23 (MB)
[INFO DRT-0187] Start routing data preparation.
[INFO DRT-0267] cpu time = 00:00:00, elapsed time = 00:00:00, memory = 1293.04 (MB), peak = 1485.23 (MB)
[INFO DRT-0194] Start detail routing.
[INFO DRT-0195] Start 0th optimization iteration.
    Completing 10% with 0 violations.
    elapsed time = 00:00:08, memory = 1300.11 (MB).
    Completing 20% with 0 violations.
    elapsed time = 00:00:15, memory = 1301.41 (MB).
    Completing 30% with 45 violations.
    elapsed time = 00:00:21, memory = 1296.03 (MB).
    Completing 40% with 45 violations.
    elapsed time = 00:00:30, memory = 1296.11 (MB).
    Completing 50% with 45 violations.
    elapsed time = 00:00:37, memory = 1297.80 (MB).
    Completing 60% with 119 violations.
    elapsed time = 00:00:45, memory = 1291.47 (MB).
    Completing 70% with 119 violations.
    elapsed time = 00:00:54, memory = 1292.55 (MB).
    Completing 80% with 166 violations.
    elapsed time = 00:01:02, memory = 1294.76 (MB).
    Completing 90% with 166 violations.
    elapsed time = 00:01:11, memory = 1290.62 (MB).
    Completing 100% with 235 violations.
    elapsed time = 00:01:22, memory = 1281.21 (MB).
[INFO DRT-0199]   Number of violations = 280.
Viol/Layer        met1   met2   met3
Metal Spacing       24      7      0
Recheck             33     11      1
Short              170     33      1
[INFO DRT-0267] cpu time = 00:01:21, elapsed time = 00:01:22, memory = 1281.21 (MB), peak = 1485.23 (MB)
Total wire length = 382312 um.
Total wire length on LAYER li1 = 0 um.
Total wire length on LAYER met1 = 181225 um.
Total wire length on LAYER met2 = 167166 um.
Total wire length on LAYER met3 = 23939 um.
Total wire length on LAYER met4 = 9966 um.
Total wire length on LAYER met5 = 13 um.
Total number of vias = 92521.
Up-via summary (total 92521):

------------------------
 FR_MASTERSLICE        0
            li1    45025
           met1    44977
           met2     2074
           met3      443
           met4        2
------------------------
               92521


[INFO DRT-0195] Start 1st optimization iteration.
    Completing 10% with 280 violations.
    elapsed time = 00:00:06, memory = 1292.76 (MB).
    Completing 20% with 280 violations.
    elapsed time = 00:00:13, memory = 1279.91 (MB).
    Completing 30% with 259 violations.
    elapsed time = 00:00:19, memory = 1289.34 (MB).
    Completing 40% with 259 violations.
    elapsed time = 00:00:28, memory = 1288.89 (MB).
    Completing 50% with 259 violations.
    elapsed time = 00:00:37, memory = 1287.81 (MB).
    Completing 60% with 206 violations.
    elapsed time = 00:00:43, memory = 1290.57 (MB).
    Completing 70% with 206 violations.
    elapsed time = 00:00:51, memory = 1282.34 (MB).
    Completing 80% with 139 violations.
    elapsed time = 00:00:59, memory = 1285.05 (MB).
    Completing 90% with 139 violations.
    elapsed time = 00:01:07, memory = 1294.85 (MB).
    Completing 100% with 67 violations.
    elapsed time = 00:01:16, memory = 1267.53 (MB).
[INFO DRT-0199]   Number of violations = 67.
Viol/Layer        met1   met2
Metal Spacing        5      2
Short               59      1
[INFO DRT-0267] cpu time = 00:01:15, elapsed time = 00:01:16, memory = 1271.53 (MB), peak = 1485.23 (MB)
Total wire length = 382213 um.
Total wire length on LAYER li1 = 0 um.
Total wire length on LAYER met1 = 181196 um.
Total wire length on LAYER met2 = 167099 um.
Total wire length on LAYER met3 = 23922 um.
Total wire length on LAYER met4 = 9980 um.
Total wire length on LAYER met5 = 13 um.
Total number of vias = 92482.
Up-via summary (total 92482):

------------------------
 FR_MASTERSLICE        0
            li1    45030
           met1    44940
           met2     2066
           met3      444
           met4        2
------------------------
               92482


[INFO DRT-0195] Start 2nd optimization iteration.
    Completing 10% with 67 violations.
    elapsed time = 00:00:00, memory = 1271.53 (MB).
    Completing 20% with 67 violations.
    elapsed time = 00:00:03, memory = 1294.80 (MB).
    Completing 30% with 69 violations.
    elapsed time = 00:00:04, memory = 1289.80 (MB).
    Completing 40% with 69 violations.
    elapsed time = 00:00:07, memory = 1315.70 (MB).
    Completing 50% with 69 violations.
    elapsed time = 00:00:07, memory = 1290.70 (MB).
    Completing 60% with 53 violations.
    elapsed time = 00:00:08, memory = 1290.70 (MB).
    Completing 70% with 53 violations.
    elapsed time = 00:00:09, memory = 1290.70 (MB).
    Completing 80% with 56 violations.
    elapsed time = 00:00:11, memory = 1291.15 (MB).
    Completing 90% with 56 violations.
    elapsed time = 00:00:11, memory = 1291.15 (MB).
    Completing 100% with 55 violations.
    elapsed time = 00:00:13, memory = 1291.15 (MB).
[INFO DRT-0199]   Number of violations = 55.
Viol/Layer        met1
Short               55
[INFO DRT-0267] cpu time = 00:00:13, elapsed time = 00:00:13, memory = 1291.15 (MB), peak = 1485.23 (MB)
Total wire length = 382210 um.
Total wire length on LAYER li1 = 0 um.
Total wire length on LAYER met1 = 181180 um.
Total wire length on LAYER met2 = 167081 um.
Total wire length on LAYER met3 = 23943 um.
Total wire length on LAYER met4 = 9990 um.
Total wire length on LAYER met5 = 13 um.
Total number of vias = 92480.
Up-via summary (total 92480):

------------------------
 FR_MASTERSLICE        0
            li1    45030
           met1    44938
           met2     2064
           met3      446
           met4        2
------------------------
               92480


[INFO DRT-0195] Start 3rd guides tiles iteration.
    Completing 10% with 55 violations.
    elapsed time = 00:00:00, memory = 1351.82 (MB).
    Completing 20% with 55 violations.
    elapsed time = 00:00:01, memory = 1351.82 (MB).
    Completing 30% with 55 violations.
    elapsed time = 00:00:02, memory = 1351.82 (MB).
    Completing 40% with 55 violations.
    elapsed time = 00:00:03, memory = 1290.20 (MB).
    Completing 50% with 0 violations.
    elapsed time = 00:00:03, memory = 1290.20 (MB).
    Completing 60% with 0 violations.
    elapsed time = 00:00:03, memory = 1290.26 (MB).
    Completing 70% with 0 violations.
    elapsed time = 00:00:03, memory = 1290.26 (MB).
    Completing 80% with 0 violations.
    elapsed time = 00:00:03, memory = 1290.26 (MB).
    Completing 90% with 0 violations.
    elapsed time = 00:00:03, memory = 1290.26 (MB).
    Completing 100% with 0 violations.
    elapsed time = 00:00:03, memory = 1290.26 (MB).
[INFO DRT-0199]   Number of violations = 0.
[INFO DRT-0267] cpu time = 00:00:03, elapsed time = 00:00:03, memory = 1290.26 (MB), peak = 1485.23 (MB)
Total wire length = 382149 um.
Total wire length on LAYER li1 = 0 um.
Total wire length on LAYER met1 = 180151 um.
Total wire length on LAYER met2 = 167077 um.
Total wire length on LAYER met3 = 24916 um.
Total wire length on LAYER met4 = 9990 um.
Total wire length on LAYER met5 = 13 um.
Total number of vias = 92479.
Up-via summary (total 92479):

------------------------
 FR_MASTERSLICE        0
            li1    45028
           met1    44910
           met2     2093
           met3      446
           met4        2
------------------------
               92479


[INFO DRT-0198] Complete detail routing.
Total wire length = 382149 um.
Total wire length on LAYER li1 = 0 um.
Total wire length on LAYER met1 = 180151 um.
Total wire length on LAYER met2 = 167077 um.
Total wire length on LAYER met3 = 24916 um.
Total wire length on LAYER met4 = 9990 um.
Total wire length on LAYER met5 = 13 um.
Total number of vias = 92479.
Up-via summary (total 92479):

------------------------
 FR_MASTERSLICE        0
            li1    45028
           met1    44910
           met2     2093
           met3      446
           met4        2
------------------------
               92479


[INFO DRT-0267] cpu time = 00:02:54, elapsed time = 00:02:56, memory = 1290.32 (MB), peak = 1485.23 (MB)

[INFO DRT-0180] Post processing.
[INFO DRT-0501] Runtime: 626.24s
[INFO ANT-0002] Found 2 net violations.
[INFO ANT-0001] Found 2 pin violations.
[INFO GRT-0012] Found 2 antenna violations.
[INFO DPL-0501] Legalized with 0 moves: displacement total 17.3 u, max 8.7 u; HPWL 328625.5 -> 328630.5 u (+0.0 %).
[INFO DPL-0500] Runtime: 0.10s
[INFO GRT-0015] Inserted 2 diodes.
[INFO DRT-0024]   Complete FR_MASTERSLICE.
[INFO DRT-0024]   Complete Fr_VIA.
[INFO DRT-0024]   Complete li1.
[INFO DRT-0024]   Complete mcon.
[INFO DRT-0024]   Complete met1.
[INFO DRT-0024]   Complete via.
[INFO DRT-0024]   Complete met2.
[INFO DRT-0024]   Complete via2.
[INFO DRT-0024]   Complete met3.
[INFO DRT-0024]   Complete via3.
[INFO DRT-0024]   Complete met4.
[INFO DRT-0024]   Complete via4.
[INFO DRT-0024]   Complete met5.
[INFO DRT-0165] Start pin access.
[INFO DRT-0078]   Complete 351 pins.
[INFO DRT-0081]   Complete 56 unique inst patterns.
[INFO DRT-0084]   Complete 7989 groups.
#scanned instances     = 18137
#unique  instances     = 56
#stdCellGenAp          = 903
#stdCellValidPlanarAp  = 38
#stdCellValidViaAp     = 689
#stdCellPinNoAp        = 0
#stdCellPinCnt         = 45016
#instTermValidViaApCnt = 0
#macroGenAp            = 0
#macroValidPlanarAp    = 0
#macroValidViaAp       = 0
#macroNoAp             = 0
[INFO DRT-0166] Complete pin access.
[INFO DRT-0267] cpu time = 00:06:14, elapsed time = 00:05:34, memory = 1276.20 (MB), peak = 1485.23 (MB)

[INFO DRT-0157] Number of guides:     94415

[INFO DRT-0169] Post process guides.
[INFO DRT-0176] GCELLGRID X 0 DO 73 STEP 6900 ;
[INFO DRT-0177] GCELLGRID Y 0 DO 73 STEP 6900 ;
[INFO DRT-0028]   Complete FR_MASTERSLICE.
[INFO DRT-0028]   Complete Fr_VIA.
[INFO DRT-0028]   Complete li1.
[INFO DRT-0028]   Complete mcon.
[INFO DRT-0028]   Complete met1.
[INFO DRT-0028]   Complete via.
[INFO DRT-0028]   Complete met2.
[INFO DRT-0028]   Complete via2.
[INFO DRT-0028]   Complete met3.
[INFO DRT-0028]   Complete via3.
[INFO DRT-0028]   Complete met4.
[INFO DRT-0028]   Complete via4.
[INFO DRT-0028]   Complete met5.
[INFO DRT-0178] Init guide query.
[INFO DRT-0035]   Complete FR_MASTERSLICE (guide).
[INFO DRT-0035]   Complete Fr_VIA (guide).
[INFO DRT-0035]   Complete li1 (guide).
[INFO DRT-0035]   Complete mcon (guide).
[INFO DRT-0035]   Complete met1 (guide).
[INFO DRT-0035]   Complete via (guide).
[INFO DRT-0035]   Complete met2 (guide).
[INFO DRT-0035]   Complete via2 (guide).
[INFO DRT-0035]   Complete met3 (guide).
[INFO DRT-0035]   Complete via3 (guide).
[INFO DRT-0035]   Complete met4 (guide).
[INFO DRT-0035]   Complete via4 (guide).
[INFO DRT-0035]   Complete met5 (guide).
[INFO DRT-0036] FR_MASTERSLICE guide region query size = 0.
[INFO DRT-0036] FR_VIA guide region query size = 0.
[INFO DRT-0036] li1 guide region query size = 35593.
[INFO DRT-0036] mcon guide region query size = 0.
[INFO DRT-0036] met1 guide region query size = 28840.
[INFO DRT-0036] via guide region query size = 0.
[INFO DRT-0036] met2 guide region query size = 12978.
[INFO DRT-0036] via2 guide region query size = 0.
[INFO DRT-0036] met3 guide region query size = 901.
[INFO DRT-0036] via3 guide region query size = 0.
[INFO DRT-0036] met4 guide region query size = 458.
[INFO DRT-0036] via4 guide region query size = 0.
[INFO DRT-0036] met5 guide region query size = 1.
[INFO DRT-0179] Init gr pin query.
[INFO DRT-0267] cpu time = 00:00:00, elapsed time = 00:00:00, memory = 1276.20 (MB), peak = 1485.23 (MB)
[INFO DRT-0245] skipped writing guide updates to database.
[INFO DRT-0181] Start track assignment.
[INFO DRT-0184] Done with 49029 vertical wires in 2 frboxes and 29742 horizontal wires in 2 frboxes.
[INFO DRT-0186] Done with 3792 vertical wires in 2 frboxes and 8214 horizontal wires in 2 frboxes.
[INFO DRT-0182] Complete track assignment.
[INFO DRT-0267] cpu time = 00:00:06, elapsed time = 00:00:06, memory = 1315.86 (MB), peak = 1485.23 (MB)
[INFO DRT-0187] Start routing data preparation.
[INFO DRT-0267] cpu time = 00:00:00, elapsed time = 00:00:00, memory = 1315.86 (MB), peak = 1485.23 (MB)
[INFO DRT-0194] Start detail routing.
[INFO DRT-0195] Start 0th optimization iteration.
    Completing 10% with 0 violations.
    elapsed time = 00:00:06, memory = 1322.65 (MB).
    Completing 20% with 0 violations.
    elapsed time = 00:00:12, memory = 1318.38 (MB).
    Completing 30% with 8 violations.
    elapsed time = 00:00:17, memory = 1316.73 (MB).
    Completing 40% with 8 violations.
    elapsed time = 00:00:25, memory = 1319.32 (MB).
    Completing 50% with 8 violations.
    elapsed time = 00:00:32, memory = 1302.52 (MB).
    Completing 60% with 20 violations.
    elapsed time = 00:00:39, memory = 1320.26 (MB).
    Completing 70% with 20 violations.
    elapsed time = 00:00:46, memory = 1315.20 (MB).
    Completing 80% with 20 violations.
    elapsed time = 00:00:53, memory = 1314.91 (MB).
    Completing 90% with 20 violations.
    elapsed time = 00:01:02, memory = 1315.41 (MB).
    Completing 100% with 35 violations.
    elapsed time = 00:01:11, memory = 1295.15 (MB).
[INFO DRT-0199]   Number of violations = 37.
Viol/Layer        met1   met2
Metal Spacing       11      1
Recheck              2      0
Short               23      0
[INFO DRT-0267] cpu time = 00:01:16, elapsed time = 00:01:11, memory = 1293.47 (MB), peak = 1485.23 (MB)
Total wire length = 382185 um.
Total wire length on LAYER li1 = 0 um.
Total wire length on LAYER met1 = 180164 um.
Total wire length on LAYER met2 = 167100 um.
Total wire length on LAYER met3 = 24916 um.
Total wire length on LAYER met4 = 9990 um.
Total wire length on LAYER met5 = 13 um.
Total number of vias = 92488.
Up-via summary (total 92488):

------------------------
 FR_MASTERSLICE        0
            li1    45030
           met1    44917
           met2     2093
           met3      446
           met4        2
------------------------
               92488


[INFO DRT-0195] Start 1st optimization iteration.
    Completing 10% with 37 violations.
    elapsed time = 00:00:06, memory = 1319.33 (MB).
    Completing 20% with 37 violations.
    elapsed time = 00:00:13, memory = 1304.29 (MB).
    Completing 30% with 31 violations.
    elapsed time = 00:00:19, memory = 1324.27 (MB).
    Completing 40% with 31 violations.
    elapsed time = 00:00:26, memory = 1294.68 (MB).
    Completing 50% with 31 violations.
    elapsed time = 00:00:34, memory = 1304.59 (MB).
    Completing 60% with 18 violations.
    elapsed time = 00:00:41, memory = 1306.71 (MB).
    Completing 70% with 18 violations.
    elapsed time = 00:00:49, memory = 1311.43 (MB).
    Completing 80% with 15 violations.
    elapsed time = 00:00:56, memory = 1313.60 (MB).
    Completing 90% with 15 violations.
    elapsed time = 00:01:05, memory = 1316.82 (MB).
    Completing 100% with 0 violations.
    elapsed time = 00:01:14, memory = 1292.14 (MB).
[INFO DRT-0199]   Number of violations = 0.
[INFO DRT-0267] cpu time = 00:01:13, elapsed time = 00:01:14, memory = 1292.14 (MB), peak = 1485.23 (MB)
Total wire length = 382157 um.
Total wire length on LAYER li1 = 0 um.
Total wire length on LAYER met1 = 180154 um.
Total wire length on LAYER met2 = 167082 um.
Total wire length on LAYER met3 = 24916 um.
Total wire length on LAYER met4 = 9990 um.
Total wire length on LAYER met5 = 13 um.
Total number of vias = 92483.
Up-via summary (total 92483):

------------------------
 FR_MASTERSLICE        0
            li1    45030
           met1    44912
           met2     2093
           met3      446
           met4        2
------------------------
               92483


[INFO DRT-0198] Complete detail routing.
Total wire length = 382157 um.
Total wire length on LAYER li1 = 0 um.
Total wire length on LAYER met1 = 180154 um.
Total wire length on LAYER met2 = 167082 um.
Total wire length on LAYER met3 = 24916 um.
Total wire length on LAYER met4 = 9990 um.
Total wire length on LAYER met5 = 13 um.
Total number of vias = 92483.
Up-via summary (total 92483):

------------------------
 FR_MASTERSLICE        0
            li1    45030
           met1    44912
           met2     2093
           met3      446
           met4        2
------------------------
               92483


[INFO DRT-0267] cpu time = 00:02:29, elapsed time = 00:02:26, memory = 1292.14 (MB), peak = 1485.23 (MB)

[INFO DRT-0180] Post processing.
[INFO DRT-0501] Runtime: 487.95s
[INFO ANT-0002] Found 2 net violations.
[INFO ANT-0001] Found 2 pin violations.
[INFO GRT-0012] Found 2 antenna violations.
[INFO DPL-0501] Legalized with 0 moves: displacement total 13.3 u, max 9.6 u; HPWL 328630.5 -> 328631.9 u (+0.0 %).
[INFO DPL-0500] Runtime: 0.18s
[INFO GRT-0015] Inserted 2 diodes.
[INFO DRT-0024]   Complete FR_MASTERSLICE.
[INFO DRT-0024]   Complete Fr_VIA.
[INFO DRT-0024]   Complete li1.
[INFO DRT-0024]   Complete mcon.
[INFO DRT-0024]   Complete met1.
[INFO DRT-0024]   Complete via.
[INFO DRT-0024]   Complete met2.
[INFO DRT-0024]   Complete via2.
[INFO DRT-0024]   Complete met3.
[INFO DRT-0024]   Complete via3.
[INFO DRT-0024]   Complete met4.
[INFO DRT-0024]   Complete via4.
[INFO DRT-0024]   Complete met5.
[INFO DRT-0165] Start pin access.
[INFO DRT-0078]   Complete 351 pins.
[INFO DRT-0081]   Complete 56 unique inst patterns.
[INFO DRT-0084]   Complete 7989 groups.
#scanned instances     = 18139
#unique  instances     = 56
#stdCellGenAp          = 903
#stdCellValidPlanarAp  = 38
#stdCellValidViaAp     = 689
#stdCellPinNoAp        = 0
#stdCellPinCnt         = 45016
#instTermValidViaApCnt = 0
#macroGenAp            = 0
#macroValidPlanarAp    = 0
#macroValidViaAp       = 0
#macroNoAp             = 0
[INFO DRT-0166] Complete pin access.
[INFO DRT-0267] cpu time = 00:06:31, elapsed time = 00:06:23, memory = 1285.15 (MB), peak = 1485.23 (MB)

[INFO DRT-0157] Number of guides:     94415

[INFO DRT-0169] Post process guides.
[INFO DRT-0176] GCELLGRID X 0 DO 73 STEP 6900 ;
[INFO DRT-0177] GCELLGRID Y 0 DO 73 STEP 6900 ;
[INFO DRT-0028]   Complete FR_MASTERSLICE.
[INFO DRT-0028]   Complete Fr_VIA.
[INFO DRT-0028]   Complete li1.
[INFO DRT-0028]   Complete mcon.
[INFO DRT-0028]   Complete met1.
[INFO DRT-0028]   Complete via.
[INFO DRT-0028]   Complete met2.
[INFO DRT-0028]   Complete via2.
[INFO DRT-0028]   Complete met3.
[INFO DRT-0028]   Complete via3.
[INFO DRT-0028]   Complete met4.
[INFO DRT-0028]   Complete via4.
[INFO DRT-0028]   Complete met5.
[INFO DRT-0178] Init guide query.
[INFO DRT-0035]   Complete FR_MASTERSLICE (guide).
[INFO DRT-0035]   Complete Fr_VIA (guide).
[INFO DRT-0035]   Complete li1 (guide).
[INFO DRT-0035]   Complete mcon (guide).
[INFO DRT-0035]   Complete met1 (guide).
[INFO DRT-0035]   Complete via (guide).
[INFO DRT-0035]   Complete met2 (guide).
[INFO DRT-0035]   Complete via2 (guide).
[INFO DRT-0035]   Complete met3 (guide).
[INFO DRT-0035]   Complete via3 (guide).
[INFO DRT-0035]   Complete met4 (guide).
[INFO DRT-0035]   Complete via4 (guide).
[INFO DRT-0035]   Complete met5 (guide).
[INFO DRT-0036] FR_MASTERSLICE guide region query size = 0.
[INFO DRT-0036] FR_VIA guide region query size = 0.
[INFO DRT-0036] li1 guide region query size = 35593.
[INFO DRT-0036] mcon guide region query size = 0.
[INFO DRT-0036] met1 guide region query size = 28840.
[INFO DRT-0036] via guide region query size = 0.
[INFO DRT-0036] met2 guide region query size = 12978.
[INFO DRT-0036] via2 guide region query size = 0.
[INFO DRT-0036] met3 guide region query size = 901.
[INFO DRT-0036] via3 guide region query size = 0.
[INFO DRT-0036] met4 guide region query size = 458.
[INFO DRT-0036] via4 guide region query size = 0.
[INFO DRT-0036] met5 guide region query size = 1.
[INFO DRT-0179] Init gr pin query.
[INFO DRT-0267] cpu time = 00:00:00, elapsed time = 00:00:00, memory = 1285.15 (MB), peak = 1485.23 (MB)
[INFO DRT-0245] skipped writing guide updates to database.
[INFO DRT-0181] Start track assignment.
[INFO DRT-0184] Done with 49029 vertical wires in 2 frboxes and 29742 horizontal wires in 2 frboxes.
[INFO DRT-0186] Done with 3831 vertical wires in 2 frboxes and 8202 horizontal wires in 2 frboxes.
[INFO DRT-0182] Complete track assignment.
[INFO DRT-0267] cpu time = 00:00:06, elapsed time = 00:00:07, memory = 1300.70 (MB), peak = 1485.23 (MB)
[INFO DRT-0187] Start routing data preparation.
[INFO DRT-0267] cpu time = 00:00:00, elapsed time = 00:00:00, memory = 1300.70 (MB), peak = 1485.23 (MB)
[INFO DRT-0194] Start detail routing.
[INFO DRT-0195] Start 0th optimization iteration.
    Completing 10% with 0 violations.
    elapsed time = 00:00:08, memory = 1323.50 (MB).
    Completing 20% with 0 violations.
    elapsed time = 00:00:16, memory = 1323.36 (MB).
    Completing 30% with 3 violations.
    elapsed time = 00:00:21, memory = 1322.75 (MB).
    Completing 40% with 3 violations.
    elapsed time = 00:00:30, memory = 1323.80 (MB).
    Completing 50% with 3 violations.
    elapsed time = 00:00:37, memory = 1306.53 (MB).
    Completing 60% with 14 violations.
    elapsed time = 00:00:44, memory = 1318.28 (MB).
    Completing 70% with 14 violations.
    elapsed time = 00:00:52, memory = 1318.64 (MB).
    Completing 80% with 16 violations.
    elapsed time = 00:00:58, memory = 1324.27 (MB).
    Completing 90% with 16 violations.
    elapsed time = 00:01:05, memory = 1316.69 (MB).
    Completing 100% with 29 violations.
    elapsed time = 00:01:12, memory = 1295.48 (MB).
[INFO DRT-0199]   Number of violations = 30.
Viol/Layer        met1   met2
Metal Spacing       11      1
Recheck              1      0
Short               17      0
[INFO DRT-0267] cpu time = 00:01:16, elapsed time = 00:01:13, memory = 1314.63 (MB), peak = 1485.23 (MB)
Total wire length = 382184 um.
Total wire length on LAYER li1 = 0 um.
Total wire length on LAYER met1 = 180159 um.
Total wire length on LAYER met2 = 167103 um.
Total wire length on LAYER met3 = 24916 um.
Total wire length on LAYER met4 = 9990 um.
Total wire length on LAYER met5 = 13 um.
Total number of vias = 92494.
Up-via summary (total 92494):

------------------------
 FR_MASTERSLICE        0
            li1    45032
           met1    44921
           met2     2093
           met3      446
           met4        2
------------------------
               92494


[INFO DRT-0195] Start 1st optimization iteration.
    Completing 10% with 30 violations.
    elapsed time = 00:00:04, memory = 1354.60 (MB).
    Completing 20% with 30 violations.
    elapsed time = 00:00:10, memory = 1358.49 (MB).
    Completing 30% with 25 violations.
    elapsed time = 00:00:15, memory = 1358.49 (MB).
    Completing 40% with 25 violations.
    elapsed time = 00:00:21, memory = 1363.57 (MB).
    Completing 50% with 25 violations.
    elapsed time = 00:00:27, memory = 1363.57 (MB).
    Completing 60% with 12 violations.
    elapsed time = 00:00:32, memory = 1363.57 (MB).
    Completing 70% with 12 violations.
    elapsed time = 00:00:38, memory = 1363.57 (MB).
    Completing 80% with 12 violations.
    elapsed time = 00:00:44, memory = 1363.57 (MB).
    Completing 90% with 12 violations.
    elapsed time = 00:00:51, memory = 1365.82 (MB).
    Completing 100% with 0 violations.
    elapsed time = 00:00:58, memory = 1365.82 (MB).
[INFO DRT-0199]   Number of violations = 0.
[INFO DRT-0267] cpu time = 00:01:14, elapsed time = 00:00:59, memory = 1365.82 (MB), peak = 1485.23 (MB)
Total wire length = 382159 um.
Total wire length on LAYER li1 = 0 um.
Total wire length on LAYER met1 = 180154 um.
Total wire length on LAYER met2 = 167084 um.
Total wire length on LAYER met3 = 24916 um.
Total wire length on LAYER met4 = 9990 um.
Total wire length on LAYER met5 = 13 um.
Total number of vias = 92487.
Up-via summary (total 92487):

------------------------
 FR_MASTERSLICE        0
            li1    45032
           met1    44914
           met2     2093
           met3      446
           met4        2
------------------------
               92487


[INFO DRT-0198] Complete detail routing.
Total wire length = 382159 um.
Total wire length on LAYER li1 = 0 um.
Total wire length on LAYER met1 = 180154 um.
Total wire length on LAYER met2 = 167084 um.
Total wire length on LAYER met3 = 24916 um.
Total wire length on LAYER met4 = 9990 um.
Total wire length on LAYER met5 = 13 um.
Total number of vias = 92487.
Up-via summary (total 92487):

------------------------
 FR_MASTERSLICE        0
            li1    45032
           met1    44914
           met2     2093
           met3      446
           met4        2
------------------------
               92487


[INFO DRT-0267] cpu time = 00:02:30, elapsed time = 00:02:12, memory = 1365.82 (MB), peak = 1485.23 (MB)

[INFO DRT-0180] Post processing.
[INFO DRT-0501] Runtime: 524.51s
[INFO ANT-0002] Found 2 net violations.
[INFO ANT-0001] Found 2 pin violations.
[INFO GRT-0012] Found 2 antenna violations.
[INFO DPL-0501] Legalized with 0 moves: displacement total 16.0 u, max 10.5 u; HPWL 328631.9 -> 328632.8 u (+0.0 %).
[INFO DPL-0500] Runtime: 0.15s
[INFO GRT-0015] Inserted 2 diodes.
[INFO DRT-0024]   Complete FR_MASTERSLICE.
[INFO DRT-0024]   Complete Fr_VIA.
[INFO DRT-0024]   Complete li1.
[INFO DRT-0024]   Complete mcon.
[INFO DRT-0024]   Complete met1.
[INFO DRT-0024]   Complete via.
[INFO DRT-0024]   Complete met2.
[INFO DRT-0024]   Complete via2.
[INFO DRT-0024]   Complete met3.
[INFO DRT-0024]   Complete via3.
[INFO DRT-0024]   Complete met4.
[INFO DRT-0024]   Complete via4.
[INFO DRT-0024]   Complete met5.
[INFO DRT-0165] Start pin access.
[INFO DRT-0078]   Complete 351 pins.
[INFO DRT-0081]   Complete 56 unique inst patterns.
[INFO DRT-0084]   Complete 7988 groups.
#scanned instances     = 18141
#unique  instances     = 56
#stdCellGenAp          = 903
#stdCellValidPlanarAp  = 38
#stdCellValidViaAp     = 689
#stdCellPinNoAp        = 0
#stdCellPinCnt         = 45016
#instTermValidViaApCnt = 0
#macroGenAp            = 0
#macroValidPlanarAp    = 0
#macroValidViaAp       = 0
#macroNoAp             = 0
[INFO DRT-0166] Complete pin access.
[INFO DRT-0267] cpu time = 00:06:27, elapsed time = 00:04:56, memory = 1298.66 (MB), peak = 1485.23 (MB)

[INFO DRT-0157] Number of guides:     94417

[INFO DRT-0169] Post process guides.
[INFO DRT-0176] GCELLGRID X 0 DO 73 STEP 6900 ;
[INFO DRT-0177] GCELLGRID Y 0 DO 73 STEP 6900 ;
[INFO DRT-0028]   Complete FR_MASTERSLICE.
[INFO DRT-0028]   Complete Fr_VIA.
[INFO DRT-0028]   Complete li1.
[INFO DRT-0028]   Complete mcon.
[INFO DRT-0028]   Complete met1.
[INFO DRT-0028]   Complete via.
[INFO DRT-0028]   Complete met2.
[INFO DRT-0028]   Complete via2.
[INFO DRT-0028]   Complete met3.
[INFO DRT-0028]   Complete via3.
[INFO DRT-0028]   Complete met4.
[INFO DRT-0028]   Complete via4.
[INFO DRT-0028]   Complete met5.
[INFO DRT-0178] Init guide query.
[INFO DRT-0035]   Complete FR_MASTERSLICE (guide).
[INFO DRT-0035]   Complete Fr_VIA (guide).
[INFO DRT-0035]   Complete li1 (guide).
[INFO DRT-0035]   Complete mcon (guide).
[INFO DRT-0035]   Complete met1 (guide).
[INFO DRT-0035]   Complete via (guide).
[INFO DRT-0035]   Complete met2 (guide).
[INFO DRT-0035]   Complete via2 (guide).
[INFO DRT-0035]   Complete met3 (guide).
[INFO DRT-0035]   Complete via3 (guide).
[INFO DRT-0035]   Complete met4 (guide).
[INFO DRT-0035]   Complete via4 (guide).
[INFO DRT-0035]   Complete met5 (guide).
[INFO DRT-0036] FR_MASTERSLICE guide region query size = 0.
[INFO DRT-0036] FR_VIA guide region query size = 0.
[INFO DRT-0036] li1 guide region query size = 35594.
[INFO DRT-0036] mcon guide region query size = 0.
[INFO DRT-0036] met1 guide region query size = 28841.
[INFO DRT-0036] via guide region query size = 0.
[INFO DRT-0036] met2 guide region query size = 12978.
[INFO DRT-0036] via2 guide region query size = 0.
[INFO DRT-0036] met3 guide region query size = 901.
[INFO DRT-0036] via3 guide region query size = 0.
[INFO DRT-0036] met4 guide region query size = 458.
[INFO DRT-0036] via4 guide region query size = 0.
[INFO DRT-0036] met5 guide region query size = 1.
[INFO DRT-0179] Init gr pin query.
[INFO DRT-0267] cpu time = 00:00:00, elapsed time = 00:00:00, memory = 1298.66 (MB), peak = 1485.23 (MB)
[INFO DRT-0245] skipped writing guide updates to database.
[INFO DRT-0181] Start track assignment.
[INFO DRT-0184] Done with 49030 vertical wires in 2 frboxes and 29743 horizontal wires in 2 frboxes.
[INFO DRT-0186] Done with 3833 vertical wires in 2 frboxes and 8250 horizontal wires in 2 frboxes.
[INFO DRT-0182] Complete track assignment.
[INFO DRT-0267] cpu time = 00:00:06, elapsed time = 00:00:06, memory = 1322.10 (MB), peak = 1485.23 (MB)
[INFO DRT-0187] Start routing data preparation.
[INFO DRT-0267] cpu time = 00:00:00, elapsed time = 00:00:00, memory = 1322.10 (MB), peak = 1485.23 (MB)
[INFO DRT-0194] Start detail routing.
[INFO DRT-0195] Start 0th optimization iteration.
    Completing 10% with 0 violations.
    elapsed time = 00:00:06, memory = 1376.88 (MB).
    Completing 20% with 0 violations.
    elapsed time = 00:00:11, memory = 1376.88 (MB).
    Completing 30% with 8 violations.
    elapsed time = 00:00:16, memory = 1374.93 (MB).
    Completing 40% with 8 violations.
    elapsed time = 00:00:23, memory = 1374.93 (MB).
    Completing 50% with 8 violations.
    elapsed time = 00:00:28, memory = 1368.93 (MB).
    Completing 60% with 19 violations.
    elapsed time = 00:00:33, memory = 1364.94 (MB).
    Completing 70% with 19 violations.
    elapsed time = 00:00:39, memory = 1364.94 (MB).
    Completing 80% with 19 violations.
    elapsed time = 00:00:45, memory = 1364.94 (MB).
    Completing 90% with 19 violations.
    elapsed time = 00:00:50, memory = 1366.81 (MB).
    Completing 100% with 32 violations.
    elapsed time = 00:00:57, memory = 1366.81 (MB).
[INFO DRT-0199]   Number of violations = 34.
Viol/Layer        met1   met2
Metal Spacing       11      1
Recheck              2      0
Short               20      0
[INFO DRT-0267] cpu time = 00:01:17, elapsed time = 00:00:57, memory = 1366.81 (MB), peak = 1485.23 (MB)
Total wire length = 382186 um.
Total wire length on LAYER li1 = 0 um.
Total wire length on LAYER met1 = 180162 um.
Total wire length on LAYER met2 = 167102 um.
Total wire length on LAYER met3 = 24916 um.
Total wire length on LAYER met4 = 9990 um.
Total wire length on LAYER met5 = 13 um.
Total number of vias = 92495.
Up-via summary (total 92495):

------------------------
 FR_MASTERSLICE        0
            li1    45034
           met1    44920
           met2     2093
           met3      446
           met4        2
------------------------
               92495


[INFO DRT-0195] Start 1st optimization iteration.
    Completing 10% with 34 violations.
    elapsed time = 00:00:06, memory = 1366.81 (MB).
    Completing 20% with 34 violations.
    elapsed time = 00:00:12, memory = 1366.81 (MB).
    Completing 30% with 28 violations.
    elapsed time = 00:00:17, memory = 1366.81 (MB).
    Completing 40% with 28 violations.
    elapsed time = 00:00:24, memory = 1366.81 (MB).
    Completing 50% with 28 violations.
    elapsed time = 00:00:30, memory = 1366.81 (MB).
    Completing 60% with 15 violations.
    elapsed time = 00:00:36, memory = 1367.63 (MB).
    Completing 70% with 15 violations.
    elapsed time = 00:00:43, memory = 1367.63 (MB).
    Completing 80% with 12 violations.
    elapsed time = 00:00:48, memory = 1367.63 (MB).
    Completing 90% with 12 violations.
    elapsed time = 00:00:55, memory = 1367.63 (MB).
    Completing 100% with 0 violations.
    elapsed time = 00:01:02, memory = 1367.63 (MB).
[INFO DRT-0199]   Number of violations = 0.
[INFO DRT-0267] cpu time = 00:01:14, elapsed time = 00:01:02, memory = 1367.63 (MB), peak = 1485.23 (MB)
Total wire length = 382161 um.
Total wire length on LAYER li1 = 0 um.
Total wire length on LAYER met1 = 180162 um.
Total wire length on LAYER met2 = 167078 um.
Total wire length on LAYER met3 = 24916 um.
Total wire length on LAYER met4 = 9990 um.
Total wire length on LAYER met5 = 13 um.
Total number of vias = 92486.
Up-via summary (total 92486):

------------------------
 FR_MASTERSLICE        0
            li1    45035
           met1    44910
           met2     2093
           met3      446
           met4        2
------------------------
               92486


[INFO DRT-0198] Complete detail routing.
Total wire length = 382161 um.
Total wire length on LAYER li1 = 0 um.
Total wire length on LAYER met1 = 180162 um.
Total wire length on LAYER met2 = 167078 um.
Total wire length on LAYER met3 = 24916 um.
Total wire length on LAYER met4 = 9990 um.
Total wire length on LAYER met5 = 13 um.
Total number of vias = 92486.
Up-via summary (total 92486):

------------------------
 FR_MASTERSLICE        0
            li1    45035
           met1    44910
           met2     2093
           met3      446
           met4        2
------------------------
               92486


[INFO DRT-0267] cpu time = 00:02:31, elapsed time = 00:02:00, memory = 1367.63 (MB), peak = 1485.23 (MB)

[INFO DRT-0180] Post processing.
[INFO DRT-0501] Runtime: 424.30s
[INFO ANT-0002] Found 2 net violations.
[INFO ANT-0001] Found 2 pin violations.
[INFO GRT-0012] Found 2 antenna violations.
[INFO DPL-0501] Legalized with 0 moves: displacement total 22.8 u, max 11.4 u; HPWL 328632.8 -> 328641.9 u (+0.0 %).
[INFO DPL-0500] Runtime: 0.21s
[INFO GRT-0015] Inserted 2 diodes.
[INFO DRT-0024]   Complete FR_MASTERSLICE.
[INFO DRT-0024]   Complete Fr_VIA.
[INFO DRT-0024]   Complete li1.
[INFO DRT-0024]   Complete mcon.
[INFO DRT-0024]   Complete met1.
[INFO DRT-0024]   Complete via.
[INFO DRT-0024]   Complete met2.
[INFO DRT-0024]   Complete via2.
[INFO DRT-0024]   Complete met3.
[INFO DRT-0024]   Complete via3.
[INFO DRT-0024]   Complete met4.
[INFO DRT-0024]   Complete via4.
[INFO DRT-0024]   Complete met5.
[INFO DRT-0165] Start pin access.
[INFO DRT-0078]   Complete 351 pins.
[INFO DRT-0081]   Complete 56 unique inst patterns.
[INFO DRT-0084]   Complete 7989 groups.
#scanned instances     = 18143
#unique  instances     = 56
#stdCellGenAp          = 903
#stdCellValidPlanarAp  = 38
#stdCellValidViaAp     = 689
#stdCellPinNoAp        = 0
#stdCellPinCnt         = 45016
#instTermValidViaApCnt = 0
#macroGenAp            = 0
#macroValidPlanarAp    = 0
#macroValidViaAp       = 0
#macroNoAp             = 0
[INFO DRT-0166] Complete pin access.
[INFO DRT-0267] cpu time = 00:06:21, elapsed time = 00:04:53, memory = 1356.32 (MB), peak = 1485.23 (MB)

[INFO DRT-0157] Number of guides:     94421

[INFO DRT-0169] Post process guides.
[INFO DRT-0176] GCELLGRID X 0 DO 73 STEP 6900 ;
[INFO DRT-0177] GCELLGRID Y 0 DO 73 STEP 6900 ;
[INFO DRT-0028]   Complete FR_MASTERSLICE.
[INFO DRT-0028]   Complete Fr_VIA.
[INFO DRT-0028]   Complete li1.
[INFO DRT-0028]   Complete mcon.
[INFO DRT-0028]   Complete met1.
[INFO DRT-0028]   Complete via.
[INFO DRT-0028]   Complete met2.
[INFO DRT-0028]   Complete via2.
[INFO DRT-0028]   Complete met3.
[INFO DRT-0028]   Complete via3.
[INFO DRT-0028]   Complete met4.
[INFO DRT-0028]   Complete via4.
[INFO DRT-0028]   Complete met5.
[INFO DRT-0178] Init guide query.
[INFO DRT-0035]   Complete FR_MASTERSLICE (guide).
[INFO DRT-0035]   Complete Fr_VIA (guide).
[INFO DRT-0035]   Complete li1 (guide).
[INFO DRT-0035]   Complete mcon (guide).
[INFO DRT-0035]   Complete met1 (guide).
[INFO DRT-0035]   Complete via (guide).
[INFO DRT-0035]   Complete met2 (guide).
[INFO DRT-0035]   Complete via2 (guide).
[INFO DRT-0035]   Complete met3 (guide).
[INFO DRT-0035]   Complete via3 (guide).
[INFO DRT-0035]   Complete met4 (guide).
[INFO DRT-0035]   Complete via4 (guide).
[INFO DRT-0035]   Complete met5 (guide).
[INFO DRT-0036] FR_MASTERSLICE guide region query size = 0.
[INFO DRT-0036] FR_VIA guide region query size = 0.
[INFO DRT-0036] li1 guide region query size = 35595.
[INFO DRT-0036] mcon guide region query size = 0.
[INFO DRT-0036] met1 guide region query size = 28843.
[INFO DRT-0036] via guide region query size = 0.
[INFO DRT-0036] met2 guide region query size = 12979.
[INFO DRT-0036] via2 guide region query size = 0.
[INFO DRT-0036] met3 guide region query size = 901.
[INFO DRT-0036] via3 guide region query size = 0.
[INFO DRT-0036] met4 guide region query size = 458.
[INFO DRT-0036] via4 guide region query size = 0.
[INFO DRT-0036] met5 guide region query size = 1.
[INFO DRT-0179] Init gr pin query.
[INFO DRT-0267] cpu time = 00:00:00, elapsed time = 00:00:00, memory = 1356.32 (MB), peak = 1485.23 (MB)
[INFO DRT-0245] skipped writing guide updates to database.
[INFO DRT-0181] Start track assignment.
[INFO DRT-0184] Done with 49032 vertical wires in 2 frboxes and 29745 horizontal wires in 2 frboxes.
[INFO DRT-0186] Done with 3855 vertical wires in 2 frboxes and 8188 horizontal wires in 2 frboxes.
[INFO DRT-0182] Complete track assignment.
[INFO DRT-0267] cpu time = 00:00:06, elapsed time = 00:00:05, memory = 1371.76 (MB), peak = 1485.23 (MB)
[INFO DRT-0187] Start routing data preparation.
[INFO DRT-0267] cpu time = 00:00:00, elapsed time = 00:00:00, memory = 1371.76 (MB), peak = 1485.23 (MB)
[INFO DRT-0194] Start detail routing.
[INFO DRT-0195] Start 0th optimization iteration.
    Completing 10% with 0 violations.
    elapsed time = 00:00:07, memory = 1371.76 (MB).
    Completing 20% with 0 violations.
    elapsed time = 00:00:13, memory = 1371.76 (MB).
    Completing 30% with 6 violations.
    elapsed time = 00:00:17, memory = 1369.76 (MB).
    Completing 40% with 6 violations.
    elapsed time = 00:00:25, memory = 1369.76 (MB).
    Completing 50% with 6 violations.
    elapsed time = 00:00:30, memory = 1363.76 (MB).
    Completing 60% with 15 violations.
    elapsed time = 00:00:36, memory = 1361.76 (MB).
    Completing 70% with 15 violations.
    elapsed time = 00:00:42, memory = 1361.76 (MB).
    Completing 80% with 15 violations.
    elapsed time = 00:00:47, memory = 1361.76 (MB).
    Completing 90% with 15 violations.
    elapsed time = 00:00:54, memory = 1363.63 (MB).
    Completing 100% with 19 violations.
    elapsed time = 00:01:01, memory = 1363.63 (MB).
[INFO DRT-0199]   Number of violations = 20.
Viol/Layer        met1    via   met2
Recheck              1      0      0
Short               14      1      4
[INFO DRT-0267] cpu time = 00:01:20, elapsed time = 00:01:02, memory = 1361.63 (MB), peak = 1485.23 (MB)
Total wire length = 382178 um.
Total wire length on LAYER li1 = 0 um.
Total wire length on LAYER met1 = 180166 um.
Total wire length on LAYER met2 = 167090 um.
Total wire length on LAYER met3 = 24916 um.
Total wire length on LAYER met4 = 9990 um.
Total wire length on LAYER met5 = 13 um.
Total number of vias = 92490.
Up-via summary (total 92490):

------------------------
 FR_MASTERSLICE        0
            li1    45036
           met1    44913
           met2     2093
           met3      446
           met4        2
------------------------
               92490


[INFO DRT-0195] Start 1st optimization iteration.
    Completing 10% with 20 violations.
    elapsed time = 00:00:05, memory = 1385.63 (MB).
    Completing 20% with 20 violations.
    elapsed time = 00:00:11, memory = 1361.63 (MB).
    Completing 30% with 16 violations.
    elapsed time = 00:00:16, memory = 1361.63 (MB).
    Completing 40% with 16 violations.
    elapsed time = 00:00:21, memory = 1361.63 (MB).
    Completing 50% with 16 violations.
    elapsed time = 00:00:27, memory = 1361.63 (MB).
    Completing 60% with 3 violations.
    elapsed time = 00:00:32, memory = 1361.63 (MB).
    Completing 70% with 3 violations.
    elapsed time = 00:00:38, memory = 1361.63 (MB).
    Completing 80% with 0 violations.
    elapsed time = 00:00:44, memory = 1361.63 (MB).
    Completing 90% with 0 violations.
    elapsed time = 00:00:50, memory = 1361.63 (MB).
    Completing 100% with 0 violations.
    elapsed time = 00:00:56, memory = 1361.63 (MB).
[INFO DRT-0199]   Number of violations = 0.
[INFO DRT-0267] cpu time = 00:01:16, elapsed time = 00:00:56, memory = 1361.63 (MB), peak = 1485.23 (MB)
Total wire length = 382172 um.
Total wire length on LAYER li1 = 0 um.
Total wire length on LAYER met1 = 180160 um.
Total wire length on LAYER met2 = 167091 um.
Total wire length on LAYER met3 = 24916 um.
Total wire length on LAYER met4 = 9990 um.
Total wire length on LAYER met5 = 13 um.
Total number of vias = 92490.
Up-via summary (total 92490):

------------------------
 FR_MASTERSLICE        0
            li1    45036
           met1    44913
           met2     2093
           met3      446
           met4        2
------------------------
               92490


[INFO DRT-0198] Complete detail routing.
Total wire length = 382172 um.
Total wire length on LAYER li1 = 0 um.
Total wire length on LAYER met1 = 180160 um.
Total wire length on LAYER met2 = 167091 um.
Total wire length on LAYER met3 = 24916 um.
Total wire length on LAYER met4 = 9990 um.
Total wire length on LAYER met5 = 13 um.
Total number of vias = 92490.
Up-via summary (total 92490):

------------------------
 FR_MASTERSLICE        0
            li1    45036
           met1    44913
           met2     2093
           met3      446
           met4        2
------------------------
               92490


[INFO DRT-0267] cpu time = 00:02:36, elapsed time = 00:01:58, memory = 1361.63 (MB), peak = 1485.23 (MB)

[INFO DRT-0180] Post processing.
[INFO DRT-0501] Runtime: 419.56s
[INFO ANT-0002] Found 2 net violations.
[INFO ANT-0001] Found 2 pin violations.
[INFO ANT-0002] Found 2 net violations.
[INFO ANT-0001] Found 2 pin violations.
Design area 214955 um^2 86% utilization.
write_db /work/orfs/results/sky130hd/s_ubp4_n64_u75/base/5_2_route.odb
Elapsed time: 1:15:14.43[h:]min:sec. CPU time: user 4082.77 sys 11.93 (90%). Peak memory: 1520880KB.
Log                       Ext     Elapsed/s Peak Memory/MB sha1sum result [0:20)
5_2_route                 .odb         4514           1485 d6e67ae3f4a804816a4a
/OpenROAD-flow-scripts/flow/scripts/flow.sh 5_3_fillcell fillcell
Running fillcell.tcl, stage 5_3_fillcell
read_liberty /OpenROAD-flow-scripts/flow/platforms/sky130hd/lib/sky130_fd_sc_hd__tt_025C_1v80.lib
read_db /work/orfs/results/sky130hd/s_ubp4_n64_u75/base/5_2_route.odb
read_sdc /work/orfs/results/sky130hd/s_ubp4_n64_u75/base/5_1_grt.sdc
source /OpenROAD-flow-scripts/flow/platforms/sky130hd/setRC.tcl
filler_placement "sky130_fd_sc_hd__fill_1 sky130_fd_sc_hd__fill_2 sky130_fd_sc_hd__fill_4 sky130_fd_sc_hd__fill_8"
[INFO DPL-0001] Placed 11270 filler instances.
Design area 214955 um^2 86% utilization.
write_db /work/orfs/results/sky130hd/s_ubp4_n64_u75/base/5_3_fillcell.odb
Elapsed time: 0:00.89[h:]min:sec. CPU time: user 0.78 sys 0.10 (99%). Peak memory: 172224KB.
Log                       Ext     Elapsed/s Peak Memory/MB sha1sum result [0:20)
5_3_fillcell              .odb            0            168 75378ed5331bc5cb757e
cp /work/orfs/results/sky130hd/s_ubp4_n64_u75/base/5_3_fillcell.odb /work/orfs/results/sky130hd/s_ubp4_n64_u75/base/5_route.odb
cp /work/orfs/results/sky130hd/s_ubp4_n64_u75/base/5_1_grt.sdc /work/orfs/results/sky130hd/s_ubp4_n64_u75/base/5_route.sdc
/OpenROAD-flow-scripts/flow/scripts/flow.sh 6_1_fill density_fill
Running density_fill.tcl, stage 6_1_fill
read_liberty /OpenROAD-flow-scripts/flow/platforms/sky130hd/lib/sky130_fd_sc_hd__tt_025C_1v80.lib
read_db /work/orfs/results/sky130hd/s_ubp4_n64_u75/base/5_route.odb
read_sdc /work/orfs/results/sky130hd/s_ubp4_n64_u75/base/5_route.sdc
source /OpenROAD-flow-scripts/flow/platforms/sky130hd/setRC.tcl
exec cp /work/orfs/results/sky130hd/s_ubp4_n64_u75/base/5_route.odb /work/orfs/results/sky130hd/s_ubp4_n64_u75/base/6_1_fill.odb
Elapsed time: 0:00.70[h:]min:sec. CPU time: user 0.58 sys 0.11 (98%). Peak memory: 143740KB.
Log                       Ext     Elapsed/s Peak Memory/MB sha1sum result [0:20)
6_1_fill                  .odb            0            140 75378ed5331bc5cb757e
cp /work/orfs/results/sky130hd/s_ubp4_n64_u75/base/5_route.sdc /work/orfs/results/sky130hd/s_ubp4_n64_u75/base/6_1_fill.sdc
/OpenROAD-flow-scripts/flow/scripts/flow.sh 6_report final_report
Running final_report.tcl, stage 6_report
read_liberty /OpenROAD-flow-scripts/flow/platforms/sky130hd/lib/sky130_fd_sc_hd__tt_025C_1v80.lib
read_db /work/orfs/results/sky130hd/s_ubp4_n64_u75/base/6_1_fill.odb
read_sdc /work/orfs/results/sky130hd/s_ubp4_n64_u75/base/6_1_fill.sdc
source /OpenROAD-flow-scripts/flow/platforms/sky130hd/setRC.tcl
write_db /work/orfs/results/sky130hd/s_ubp4_n64_u75/base/6_final.odb
write_sdc -no_timestamp /work/orfs/results/sky130hd/s_ubp4_n64_u75/base/6_final.sdc
Deleted 0 routing obstructions
Warning: master sky130_ef_sc_hd__decap_12 has signal pins but no liberty cell
Warning: master sky130_ef_sc_hd__decap_12 has signal pins but no liberty cell
Global output passed lec test
[INFO RCX-0431] Defined process_corner X with ext_model_index 0
[INFO RCX-0029] Defined extraction corner X
[INFO RCX-0435] Reading extraction model file /OpenROAD-flow-scripts/flow/platforms/sky130hd/rcx_patterns.rules ...
[INFO RCX-0436] RC segment generation top (max_merge_res 50.0) ...
[INFO RCX-0040] Final 51468 rc segments
[INFO RCX-0439] Coupling Cap extraction top ...
[INFO RCX-0440] Coupling threshhold is 0.1000 fF, coupling capacitance less than 0.1000 fF will be grounded.
[INFO RCX-0442] 55% of 103829 wires extracted
[INFO RCX-0442] 100% of 103829 wires extracted
[INFO RCX-0045] Extract 14403 nets, 65268 rsegs, 65268 caps, 103365 ccs
[INFO RCX-0443] 14403 nets finished
[INFO PSM-0040] All shapes on net VDD are connected.
########## IR report #################
Net              : VDD
Corner           : default
Total power      : 2.54e-01 W
Supply voltage   : 1.80e+00 V
Worstcase voltage: 1.80e+00 V
Average voltage  : 1.80e+00 V
Average IR drop  : 2.01e-04 V
Worstcase IR drop: 9.75e-04 V
Percentage drop  : 0.05 %
######################################
[INFO PSM-0040] All shapes on net VSS are connected.
########## IR report #################
Net              : VSS
Corner           : default
Total power      : 2.54e-01 W
Supply voltage   : 0.00e+00 V
Worstcase voltage: 1.20e-03 V
Average voltage  : 2.04e-04 V
Average IR drop  : 2.04e-04 V
Worstcase IR drop: 1.20e-03 V
Percentage drop  : 0.07 %
######################################
Cell type report:                       Count        Area
  Fill cell                             11270    35755.54
  Tap cell                               3348     4189.02
  Antenna cell                             25       62.56
  Clock buffer                            818    16821.13
  Timing Repair Buffer                    279     2810.20
  Clock inverter                          192     2496.14
  Sequential cell                        6055   121223.76
  Multi-Input combinational cell         7426    67352.10
  Total                                 29413   250710.45
Report metrics stage 6, finish...

==========================================================================
finish report_design_area
--------------------------------------------------------------------------
Design area 214955 um^2 86% utilization.
[WARNING GUI-0010] File path does not end with a valid extension, new path is: /work/orfs/reports/sky130hd/s_ubp4_n64_u75/base/final_all.webp.png
[WARNING GUI-0010] File path does not end with a valid extension, new path is: /work/orfs/reports/sky130hd/s_ubp4_n64_u75/base/final_routing.webp.png
[WARNING GUI-0010] File path does not end with a valid extension, new path is: /work/orfs/reports/sky130hd/s_ubp4_n64_u75/base/final_placement.webp.png
[WARNING GUI-0010] File path does not end with a valid extension, new path is: /work/orfs/reports/sky130hd/s_ubp4_n64_u75/base/final_ir_drop.webp.png
[WARNING GUI-0010] File path does not end with a valid extension, new path is: /work/orfs/reports/sky130hd/s_ubp4_n64_u75/base/final_clocks.webp.png
[WARNING GUI-0010] File path does not end with a valid extension, new path is: /work/orfs/reports/sky130hd/s_ubp4_n64_u75/base/cts_default_clk.webp.png
[WARNING GUI-0010] File path does not end with a valid extension, new path is: /work/orfs/reports/sky130hd/s_ubp4_n64_u75/base/cts_default_clk_layout.webp.png
[WARNING GUI-0010] File path does not end with a valid extension, new path is: /work/orfs/reports/sky130hd/s_ubp4_n64_u75/base/final_resizer.webp.png
[WARNING GUI-0010] File path does not end with a valid extension, new path is: /work/orfs/reports/sky130hd/s_ubp4_n64_u75/base/final_congestion.webp.png
[WARNING GUI-0010] File path does not end with a valid extension, new path is: /work/orfs/reports/sky130hd/s_ubp4_n64_u75/base/final_worst_path.webp.png
Elapsed time: 0:26.54[h:]min:sec. CPU time: user 23.91 sys 1.30 (94%). Peak memory: 468884KB.
Log                       Ext     Elapsed/s Peak Memory/MB sha1sum result [0:20)
6_report                                 26            457                  N/A
cp /OpenROAD-flow-scripts/flow/platforms/sky130hd/lef/sky130_fd_sc_hd.tlef /work/orfs/objects/sky130hd/s_ubp4_n64_u75/base/klayout_tech.lef
/usr/bin/python3 /OpenROAD-flow-scripts/flow/util/generate_klayout_tech.py \
	--template /OpenROAD-flow-scripts/flow/platforms/sky130hd/sky130hd.lyt \
	--output /work/orfs/objects/sky130hd/s_ubp4_n64_u75/base/klayout.lyt \
	--lef-files /work/orfs/objects/sky130hd/s_ubp4_n64_u75/base/klayout_tech.lef /OpenROAD-flow-scripts/flow/platforms/sky130hd/lef/sky130_fd_sc_hd_merged.lef   \
	--map-files 
/usr/bin/python3 /OpenROAD-flow-scripts/flow/scripts/run_command.py --log /work/orfs/logs/sky130hd/s_ubp4_n64_u75/base/6_1_merge.log --tee -- \
        /OpenROAD-flow-scripts/flow/scripts/klayout.sh -zz -rd design_name=top \
        -rd in_def=/work/orfs/results/sky130hd/s_ubp4_n64_u75/base/6_final.def \
        -rd in_files="/OpenROAD-flow-scripts/flow/platforms/sky130hd/gds/sky130_fd_sc_hd.gds  " \
        -rd seal_file="" \
        -rd out_file=/work/orfs/results/sky130hd/s_ubp4_n64_u75/base/6_1_merged.gds \
        -rd tech_file=/work/orfs/objects/sky130hd/s_ubp4_n64_u75/base/klayout.lyt \
        -rd layer_map= \
        -r /OpenROAD-flow-scripts/flow/util/def2stream.py
KLayout 0.30.12
[INFO] Reporting cells prior to loading DEF ...
	/OpenROAD-flow-scripts/flow/platforms/sky130hd/gds/sky130_fd_sc_hd.gds
[INFO] All LEF cells have matching GDS/OAS cells
[INFO] No orphan cells in the final layout
Elapsed time: 0:03.25[h:]min:sec. CPU time: user 2.94 sys 0.27 (98%). Peak memory: 501240KB.
cp /work/orfs/results/sky130hd/s_ubp4_n64_u75/base/6_1_merged.gds /work/orfs/results/sky130hd/s_ubp4_n64_u75/base/6_final.gds
No elapsed time found in /work/orfs/logs/sky130hd/s_ubp4_n64_u75/base/6_final_lec_check.log
/work/orfs/logs/sky130hd/s_ubp4_n64_u75/base
Log                       Ext     Elapsed/s Peak Memory/MB sha1sum result [0:20)
1_1_yosys_canonicalize                    0             26                  N/A
1_2_yosys                 .v              0             26 a6842ca0f446e1115f80
1_2_yosys                 .sdc                             80bc503da5d44b49e9f5
1_synth                   .odb            1            135 0f31e84aeda89fa05608
1_synth                   .sdc                             c9b52a36521419161edd
2_1_floorplan             .odb          157            182 7122249badf487a18979
2_1_floorplan             .sdc                             c9b52a36521419161edd
2_2_floorplan_macro       .odb            0            118 7122249badf487a18979
2_3_floorplan_tapcell     .odb            0            118 cd7578907428bf36d41b
2_4_floorplan_pdn         .odb            1            127 0d789c8efd972f47658e
3_1_place_gp_skip_io      .odb            5            144 f4a35b6fb5f0bddf4e3d
3_2_place_iop             .odb            0            123 f1f5317509876b99217d
3_3_place_gp              .odb           22            352 66913b1715f871595727
3_4_place_resized         .odb            9            187 66913b1715f871595727
3_5_place_dp              .odb           14            204 7e586c0ae2792bf8a4f9
4_1_cts                   .odb           22            231 f51a256adb4f8325e2e9
5_1_grt                   .odb          634            493 6ada4a8191d80285e80c
5_1_grt                   .sdc                             9fd7445c262a15275321
5_2_route                 .odb         4514           1485 d6e67ae3f4a804816a4a
5_3_fillcell              .odb            0            168 75378ed5331bc5cb757e
6_1_fill                  .odb            0            140 75378ed5331bc5cb757e
6_1_fill                  .sdc                             9fd7445c262a15275321
6_1_merge                                 3            489                  N/A
6_report                                 26            457                  N/A
Total                                  5408           1485                     
