mkdir -p /work/orfs/results/sky130hd/g2s_pc2_u67/base/
echo 3.0 > /work/orfs/results/sky130hd/g2s_pc2_u67/base/clock_period.txt
/OpenROAD-flow-scripts/flow/scripts/synth.sh /OpenROAD-flow-scripts/flow/scripts/synth_canonicalize.tcl /work/orfs/logs/sky130hd/g2s_pc2_u67/base/1_1_yosys_canonicalize.log
exec cp /work/pc2/netlist_base.v /work/orfs/results/sky130hd/g2s_pc2_u67/base/1_2_yosys.v
exec touch -r /work/pc2/netlist_base.v /work/orfs/results/sky130hd/g2s_pc2_u67/base/1_2_yosys.v
Elapsed time: 0:00.06[h:]min:sec. CPU time: user 0.05 sys 0.01 (98%). Peak memory: 27152KB.
Log                       Ext     Elapsed/s Peak Memory/MB sha1sum result [0:20)
1_1_yosys_canonicalize                    0             26                  N/A
/OpenROAD-flow-scripts/flow/scripts/synth.sh /OpenROAD-flow-scripts/flow/scripts/synth.tcl /work/orfs/logs/sky130hd/g2s_pc2_u67/base/1_2_yosys.log
exec cp /work/pc2/netlist_base.v /work/orfs/results/sky130hd/g2s_pc2_u67/base/1_2_yosys.v
exec touch -r /work/pc2/netlist_base.v /work/orfs/results/sky130hd/g2s_pc2_u67/base/1_2_yosys.v
Elapsed time: 0:00.05[h:]min:sec. CPU time: user 0.03 sys 0.02 (97%). Peak memory: 27280KB.
Log                       Ext     Elapsed/s Peak Memory/MB sha1sum result [0:20)
1_2_yosys                 .v              0             26 75c73813bdb73998f64b
cp /work/pc2/constraint.sdc /work/orfs/results/sky130hd/g2s_pc2_u67/base/1_2_yosys.sdc
touch -r /work/pc2/constraint.sdc /work/orfs/results/sky130hd/g2s_pc2_u67/base/1_2_yosys.sdc
OpenROAD unknown 
Features included (+) or not (-): -GPU +GUI -Python
This program is licensed under the BSD-3 license. See the LICENSE file for details.
Components of this program may be licensed under more restrictive licenses which must be honored.
[INFO ORD-0030] Using 2 thread(s).
mkdir -p /work/orfs/objects/sky130hd/g2s_pc2_u67/base
/OpenROAD-flow-scripts/flow/scripts/flow.sh 1_synth synth_odb
Running synth_odb.tcl, stage 1_synth
read_liberty /OpenROAD-flow-scripts/flow/platforms/sky130hd/lib/sky130_fd_sc_hd__tt_025C_1v80.lib
read_liberty /work/cells/g2_cells.lib
[INFO ODB-0227] LEF file: /OpenROAD-flow-scripts/flow/platforms/sky130hd/lef/sky130_fd_sc_hd.tlef, created 13 layers, 25 vias
[INFO ODB-0227] LEF file: /OpenROAD-flow-scripts/flow/platforms/sky130hd/lef/sky130_fd_sc_hd_merged.lef, created 441 library cells
[INFO ODB-0227] LEF file: /work/cells/g2_cells.lef, created 4 library cells
link_design top
read_sdc /work/orfs/results/sky130hd/g2s_pc2_u67/base/1_2_yosys.sdc
source /OpenROAD-flow-scripts/flow/platforms/sky130hd/setRC.tcl
Design area 273903 um^2 100% utilization.
source /work/cells/dont_touch.tcl
G2: dont_touch set on 4672 via-site/line-tap instances
write_db /work/orfs/results/sky130hd/g2s_pc2_u67/base/1_synth.odb
write_sdc -no_timestamp /work/orfs/results/sky130hd/g2s_pc2_u67/base/1_synth.sdc
Warning: master sky130_ef_sc_hd__decap_12 has signal pins but no liberty cell
Elapsed time: 0:01.17[h:]min:sec. CPU time: user 1.02 sys 0.12 (97%). Peak memory: 178052KB.
Log                       Ext     Elapsed/s Peak Memory/MB sha1sum result [0:20)
1_synth                   .odb            1            173 4c86753097bb83615b4c
1_synth                   .sdc                             3cafb83be852b96459ae
/OpenROAD-flow-scripts/flow/scripts/flow.sh 2_1_floorplan floorplan
Running floorplan.tcl, stage 2_1_floorplan
read_liberty /OpenROAD-flow-scripts/flow/platforms/sky130hd/lib/sky130_fd_sc_hd__tt_025C_1v80.lib
read_liberty /work/cells/g2_cells.lib
read_db /work/orfs/results/sky130hd/g2s_pc2_u67/base/1_synth.odb
read_sdc /work/orfs/results/sky130hd/g2s_pc2_u67/base/1_synth.sdc
source /OpenROAD-flow-scripts/flow/platforms/sky130hd/setRC.tcl
Master sky130_ef_sc_hd__decap_12 is loaded but not used in the design

==========================================================================
Floorplan check_setup
--------------------------------------------------------------------------
Warning: There are 2048 unconstrained endpoints.
number instances in verilog is 30410
initialize_floorplan -utilization 67 -aspect_ratio 1 -core_space 2 -site unithd
[INFO IFP-0107] Defining die area using utilization: 67.00% and aspect ratio: 1.
[WARNING IFP-0028] Core area lower left (2.000, 2.000) snapped to (2.300, 2.720).
[INFO IFP-0001] Added 234 rows of 1389 site unithd.
[INFO IFP-0100] Die BBox:  (  0.000  0.000 ) ( 643.380 643.380 ) um
[INFO IFP-0101] Core BBox: (  2.300  2.720 ) ( 641.240 639.200 ) um
[INFO IFP-0102] Core area:                       406672.531 um^2
[INFO IFP-0103] Total instances area:            273902.694 um^2
[INFO IFP-0104] Effective utilization:                0.674
[INFO IFP-0105] Number of instances:                  30410
source /OpenROAD-flow-scripts/flow/platforms/sky130hd/make_tracks.tcl
source /OpenROAD-flow-scripts/flow/platforms/sky130hd/fastroute.tcl
set_dont_use "sky130_fd_sc_hd__probe_p_8 sky130_fd_sc_hd__probec_p_8 sky130_fd_sc_hd__lpflow_bleeder_1 sky130_fd_sc_hd__lpflow_clkbufkapwr_1 sky130_fd_sc_hd__lpflow_clkbufkapwr_16 sky130_fd_sc_hd__lpflow_clkbufkapwr_2 sky130_fd_sc_hd__lpflow_clkbufkapwr_4 sky130_fd_sc_hd__lpflow_clkbufkapwr_8 sky130_fd_sc_hd__lpflow_clkinvkapwr_1 sky130_fd_sc_hd__lpflow_clkinvkapwr_16 sky130_fd_sc_hd__lpflow_clkinvkapwr_2 sky130_fd_sc_hd__lpflow_clkinvkapwr_4 sky130_fd_sc_hd__lpflow_clkinvkapwr_8 sky130_fd_sc_hd__lpflow_decapkapwr_12 sky130_fd_sc_hd__lpflow_decapkapwr_3 sky130_fd_sc_hd__lpflow_decapkapwr_4 sky130_fd_sc_hd__lpflow_decapkapwr_6 sky130_fd_sc_hd__lpflow_decapkapwr_8 sky130_fd_sc_hd__lpflow_inputiso0n_1 sky130_fd_sc_hd__lpflow_inputiso0p_1 sky130_fd_sc_hd__lpflow_inputiso1n_1 sky130_fd_sc_hd__lpflow_inputiso1p_1 sky130_fd_sc_hd__lpflow_inputisolatch_1 sky130_fd_sc_hd__lpflow_isobufsrc_1 sky130_fd_sc_hd__lpflow_isobufsrc_16 sky130_fd_sc_hd__lpflow_isobufsrc_2 sky130_fd_sc_hd__lpflow_isobufsrc_4 sky130_fd_sc_hd__lpflow_isobufsrc_8 sky130_fd_sc_hd__lpflow_isobufsrckapwr_16 sky130_fd_sc_hd__lpflow_lsbuf_lh_hl_isowell_tap_1 sky130_fd_sc_hd__lpflow_lsbuf_lh_hl_isowell_tap_2 sky130_fd_sc_hd__lpflow_lsbuf_lh_hl_isowell_tap_4 sky130_fd_sc_hd__lpflow_lsbuf_lh_isowell_4 sky130_fd_sc_hd__lpflow_lsbuf_lh_isowell_tap_1 sky130_fd_sc_hd__lpflow_lsbuf_lh_isowell_tap_2 sky130_fd_sc_hd__lpflow_lsbuf_lh_isowell_tap_4"
repair_tie_fanout -separation 0 sky130_fd_sc_hd__tt_025C_1v80/sky130_fd_sc_hd__conb_1/LO
repair_tie_fanout -separation 0 sky130_fd_sc_hd__tt_025C_1v80/sky130_fd_sc_hd__conb_1/HI
repair_timing -setup_margin 0 -hold_margin 0 -repair_tns 100 -match_cell_footprint -setup -skip_last_gasp -sequence unbuffer,sizeup,swap,vt_swap -verbose
[WARNING EST-0027] no estimated parasitics. Using wire load models.
[INFO RSZ-0100] Repair move sequence: UnbufferMove SizeUpMove SwapPinsMove 
[INFO RSZ-0094] Found 1857 endpoints with setup violations.
[INFO RSZ-0099] Repairing 1857 out of 1857 (100.00%) violating endpoints...
   Iter   | Removed | Resized | Inserted | Cloned |  Pin  |   Area   |    WNS   |    TNS     |  Viol  |  Worst
          | Buffers |  Gates  | Buffers  |  Gates | Swaps |          |          |            | Endpts | Endpoint
------------------------------------------------------------------------------------------------------------------------------
       0* |       0 |       0 |        0 |      0 |     0 |    +0.0% |  -48.952 |   -81902.6 |   1857 | row0/_624_/D
      10* |       0 |       2 |        0 |      0 |     7 |    +0.0% |  -14.461 |   -22337.2 |   1857 | row15/_630_/D
      20* |       0 |       2 |        0 |      0 |    17 |    +0.0% |  -14.460 |   -22306.7 |   1857 | row24/_630_/D
      30* |       0 |       2 |        0 |      0 |    27 |    +0.0% |  -14.460 |   -22276.3 |   1857 | row33/_630_/D
      40* |       0 |       2 |        0 |      0 |    37 |    +0.0% |  -14.459 |   -22245.8 |   1857 | row42/_630_/D
      50* |       0 |       2 |        0 |      0 |    47 |    +0.0% |  -14.459 |   -22215.3 |   1857 | row51/_630_/D
      60* |       0 |       2 |        0 |      0 |    57 |    +0.0% |  -14.458 |   -22184.8 |   1857 | row60/_630_/D
      70* |       0 |       5 |        0 |      0 |    64 |    +0.0% |  -14.247 |   -22161.5 |   1857 | row11/_630_/D
      80* |       0 |      15 |        0 |      0 |    64 |    +0.0% |  -14.247 |   -22154.8 |   1857 | row20/_630_/D
      90* |       0 |      25 |        0 |      0 |    64 |    +0.0% |  -14.247 |   -22148.2 |   1857 | row3/_630_/D
     100* |       0 |      35 |        0 |      0 |    64 |    +0.0% |  -14.247 |   -22141.6 |   1857 | row39/_630_/D
     110* |       0 |      45 |        0 |      0 |    64 |    +0.0% |  -14.247 |   -22135.0 |   1857 | row48/_630_/D
     118* |       0 |       3 |        0 |      0 |    64 |    +0.0% |  -14.247 |   -22162.8 |   1857 | row56/_630_/D
     120* |       0 |       3 |        0 |      0 |    65 |    +0.0% |  -14.247 |   -22162.8 |   1857 | row56/_630_/D
     128* |       0 |       4 |        0 |      0 |    69 |    +0.0% |  -14.247 |   -22162.0 |   1857 | row56/_630_/D
     130* |       0 |       4 |        0 |      0 |    70 |    +0.0% |  -14.247 |   -22162.0 |   1857 | row56/_630_/D
     138* |       0 |       5 |        0 |      0 |    74 |    +0.0% |  -14.247 |   -22161.2 |   1857 | row56/_630_/D
     140* |       0 |       5 |        0 |      0 |    75 |    +0.0% |  -14.247 |   -22161.2 |   1857 | row56/_630_/D
     148* |       0 |       6 |        0 |      0 |    79 |    +0.0% |  -14.247 |   -22160.4 |   1857 | row56/_630_/D
     150* |       0 |       6 |        0 |      0 |    80 |    +0.0% |  -14.247 |   -22160.4 |   1857 | row56/_630_/D
     158* |       0 |       7 |        0 |      0 |    84 |    +0.0% |  -14.247 |   -22159.6 |   1857 | row56/_630_/D
     160* |       0 |       7 |        0 |      0 |    85 |    +0.0% |  -14.247 |   -22159.6 |   1857 | row56/_630_/D
     168* |       0 |       8 |        0 |      0 |    89 |    +0.0% |  -14.247 |   -22158.8 |   1857 | row56/_630_/D
     170* |       0 |       8 |        0 |      0 |    90 |    +0.0% |  -14.247 |   -22158.8 |   1857 | row56/_630_/D
     178* |       0 |       9 |        0 |      0 |    94 |    +0.0% |  -14.247 |   -22158.0 |   1857 | row56/_630_/D
     180* |       0 |       9 |        0 |      0 |    95 |    +0.0% |  -14.247 |   -22158.0 |   1857 | row56/_630_/D
     188* |       0 |      10 |        0 |      0 |    99 |    +0.0% |  -14.247 |   -22157.2 |   1857 | row56/_630_/D
     190* |       0 |      10 |        0 |      0 |   100 |    +0.0% |  -14.247 |   -22157.2 |   1857 | row56/_630_/D
     198* |       0 |      11 |        0 |      0 |   104 |    +0.0% |  -14.247 |   -22156.4 |   1857 | row56/_630_/D
     200* |       0 |      11 |        0 |      0 |   105 |    +0.0% |  -14.247 |   -22156.4 |   1857 | row56/_630_/D
     208* |       0 |      12 |        0 |      0 |   109 |    +0.0% |  -14.247 |   -22155.6 |   1857 | row56/_630_/D
     210* |       0 |      12 |        0 |      0 |   110 |    +0.0% |  -14.247 |   -22155.6 |   1857 | row56/_630_/D
     218* |       0 |      13 |        0 |      0 |   114 |    +0.0% |  -14.247 |   -22154.8 |   1857 | row56/_630_/D
     220* |       0 |      13 |        0 |      0 |   115 |    +0.0% |  -14.247 |   -22154.8 |   1857 | row56/_630_/D
     228* |       0 |      14 |        0 |      0 |   119 |    +0.0% |  -14.247 |   -22154.0 |   1857 | row56/_630_/D
     230* |       0 |      14 |        0 |      0 |   120 |    +0.0% |  -14.247 |   -22154.0 |   1857 | row56/_630_/D
     238* |       0 |      15 |        0 |      0 |   124 |    +0.0% |  -14.247 |   -22153.2 |   1857 | row56/_630_/D
     240* |       0 |      15 |        0 |      0 |   125 |    +0.0% |  -14.247 |   -22153.2 |   1857 | row56/_630_/D
     248* |       0 |      16 |        0 |      0 |   129 |    +0.0% |  -14.247 |   -22152.4 |   1857 | row56/_630_/D
     250* |       0 |      16 |        0 |      0 |   130 |    +0.0% |  -14.247 |   -22152.4 |   1857 | row56/_630_/D
     258* |       0 |      17 |        0 |      0 |   134 |    +0.0% |  -14.247 |   -22151.6 |   1857 | row56/_630_/D
     260* |       0 |      17 |        0 |      0 |   135 |    +0.0% |  -14.247 |   -22151.6 |   1857 | row56/_630_/D
     268* |       0 |      18 |        0 |      0 |   139 |    +0.0% |  -14.247 |   -22150.8 |   1857 | row56/_630_/D
     270* |       0 |      18 |        0 |      0 |   140 |    +0.0% |  -14.247 |   -22150.8 |   1857 | row56/_630_/D
     278* |       0 |      19 |        0 |      0 |   144 |    +0.0% |  -14.247 |   -22150.0 |   1857 | row56/_630_/D
     280* |       0 |      19 |        0 |      0 |   145 |    +0.0% |  -14.247 |   -22150.0 |   1857 | row56/_630_/D
     288* |       0 |      20 |        0 |      0 |   149 |    +0.0% |  -14.247 |   -22149.2 |   1857 | row56/_630_/D
     290* |       0 |      20 |        0 |      0 |   150 |    +0.0% |  -14.247 |   -22149.2 |   1857 | row56/_630_/D
     298* |       0 |      21 |        0 |      0 |   154 |    +0.0% |  -14.247 |   -22148.4 |   1857 | row56/_630_/D
     300* |       0 |      21 |        0 |      0 |   155 |    +0.0% |  -14.247 |   -22148.4 |   1857 | row56/_630_/D
     308* |       0 |      22 |        0 |      0 |   159 |    +0.0% |  -14.247 |   -22147.6 |   1857 | row56/_630_/D
     310* |       0 |      22 |        0 |      0 |   160 |    +0.0% |  -14.247 |   -22147.6 |   1857 | row56/_630_/D
     318* |       0 |      23 |        0 |      0 |   164 |    +0.0% |  -14.247 |   -22146.8 |   1857 | row56/_630_/D
     320* |       0 |      23 |        0 |      0 |   165 |    +0.0% |  -14.247 |   -22146.8 |   1857 | row56/_630_/D
     328* |       0 |      24 |        0 |      0 |   169 |    +0.0% |  -14.247 |   -22145.9 |   1857 | row56/_630_/D
     330* |       0 |      24 |        0 |      0 |   170 |    +0.0% |  -14.247 |   -22146.0 |   1857 | row56/_630_/D
     338* |       0 |      25 |        0 |      0 |   174 |    +0.0% |  -14.247 |   -22145.1 |   1857 | row56/_630_/D
     340* |       0 |      25 |        0 |      0 |   175 |    +0.0% |  -14.247 |   -22145.2 |   1857 | row56/_630_/D
     348* |       0 |      26 |        0 |      0 |   179 |    +0.0% |  -14.247 |   -22144.3 |   1857 | row56/_630_/D
     350* |       0 |      26 |        0 |      0 |   180 |    +0.0% |  -14.247 |   -22144.3 |   1857 | row56/_630_/D
     358* |       0 |      27 |        0 |      0 |   184 |    +0.0% |  -14.247 |   -22143.5 |   1857 | row56/_630_/D
     360* |       0 |      27 |        0 |      0 |   185 |    +0.0% |  -14.247 |   -22143.5 |   1857 | row56/_630_/D
     368* |       0 |      28 |        0 |      0 |   189 |    +0.0% |  -14.247 |   -22142.7 |   1857 | row56/_630_/D
     370* |       0 |      28 |        0 |      0 |   190 |    +0.0% |  -14.247 |   -22142.7 |   1857 | row56/_630_/D
     378* |       0 |      29 |        0 |      0 |   194 |    +0.0% |  -14.247 |   -22141.9 |   1857 | row56/_630_/D
     380* |       0 |      29 |        0 |      0 |   195 |    +0.0% |  -14.247 |   -22141.9 |   1857 | row56/_630_/D
     388* |       0 |      30 |        0 |      0 |   199 |    +0.0% |  -14.247 |   -22141.1 |   1857 | row56/_630_/D
     390* |       0 |      30 |        0 |      0 |   200 |    +0.0% |  -14.247 |   -22141.1 |   1857 | row56/_630_/D
     398* |       0 |      31 |        0 |      0 |   204 |    +0.0% |  -14.247 |   -22140.3 |   1857 | row56/_630_/D
     400* |       0 |      31 |        0 |      0 |   205 |    +0.0% |  -14.247 |   -22140.3 |   1857 | row56/_630_/D
     408* |       0 |      32 |        0 |      0 |   209 |    +0.0% |  -14.247 |   -22139.5 |   1857 | row56/_630_/D
     410* |       0 |      32 |        0 |      0 |   210 |    +0.0% |  -14.247 |   -22139.5 |   1857 | row56/_630_/D
     418* |       0 |      33 |        0 |      0 |   214 |    +0.0% |  -14.247 |   -22138.7 |   1857 | row56/_630_/D
     420* |       0 |      33 |        0 |      0 |   215 |    +0.0% |  -14.247 |   -22138.7 |   1857 | row56/_630_/D
     428* |       0 |      34 |        0 |      0 |   219 |    +0.0% |  -14.247 |   -22137.9 |   1857 | row56/_630_/D
     430* |       0 |      34 |        0 |      0 |   220 |    +0.0% |  -14.247 |   -22137.9 |   1857 | row56/_630_/D
     438* |       0 |      35 |        0 |      0 |   224 |    +0.0% |  -14.247 |   -22137.1 |   1857 | row56/_630_/D
     440* |       0 |      35 |        0 |      0 |   225 |    +0.0% |  -14.247 |   -22137.1 |   1857 | row56/_630_/D
     448* |       0 |      36 |        0 |      0 |   229 |    +0.0% |  -14.247 |   -22136.3 |   1857 | row56/_630_/D
     450* |       0 |      36 |        0 |      0 |   230 |    +0.0% |  -14.247 |   -22136.3 |   1857 | row56/_630_/D
     458* |       0 |      37 |        0 |      0 |   234 |    +0.0% |  -14.247 |   -22135.5 |   1857 | row56/_630_/D
     460* |       0 |      37 |        0 |      0 |   235 |    +0.0% |  -14.247 |   -22135.5 |   1857 | row56/_630_/D
     468* |       0 |      38 |        0 |      0 |   239 |    +0.0% |  -14.247 |   -22134.7 |   1857 | row56/_630_/D
     470* |       0 |      38 |        0 |      0 |   240 |    +0.0% |  -14.247 |   -22134.7 |   1857 | row56/_630_/D
     478* |       0 |      39 |        0 |      0 |   244 |    +0.0% |  -14.247 |   -22133.9 |   1857 | row56/_630_/D
     480* |       0 |      39 |        0 |      0 |   245 |    +0.0% |  -14.247 |   -22133.9 |   1857 | row56/_630_/D
     488* |       0 |      40 |        0 |      0 |   249 |    +0.0% |  -14.247 |   -22133.1 |   1857 | row56/_630_/D
     490* |       0 |      40 |        0 |      0 |   250 |    +0.0% |  -14.247 |   -22133.1 |   1857 | row56/_630_/D
     498* |       0 |      41 |        0 |      0 |   254 |    +0.0% |  -14.247 |   -22132.3 |   1857 | row56/_630_/D
     500* |       0 |      41 |        0 |      0 |   255 |    +0.0% |  -14.247 |   -22132.3 |   1857 | row56/_630_/D
     508* |       0 |      42 |        0 |      0 |   259 |    +0.0% |  -14.247 |   -22131.5 |   1857 | row56/_630_/D
     510* |       0 |      42 |        0 |      0 |   260 |    +0.0% |  -14.247 |   -22131.5 |   1857 | row56/_630_/D
     518* |       0 |      43 |        0 |      0 |   264 |    +0.0% |  -14.247 |   -22130.7 |   1857 | row56/_630_/D
     520* |       0 |      43 |        0 |      0 |   265 |    +0.0% |  -14.247 |   -22130.7 |   1857 | row56/_630_/D
     528* |       0 |      44 |        0 |      0 |   269 |    +0.0% |  -14.247 |   -22129.9 |   1857 | row56/_630_/D
     530* |       0 |      44 |        0 |      0 |   270 |    +0.0% |  -14.247 |   -22129.9 |   1857 | row56/_630_/D
     538* |       0 |      45 |        0 |      0 |   274 |    +0.0% |  -14.247 |   -22129.1 |   1857 | row56/_630_/D
     540* |       0 |      45 |        0 |      0 |   275 |    +0.0% |  -14.247 |   -22129.1 |   1857 | row56/_630_/D
     548* |       0 |      46 |        0 |      0 |   279 |    +0.0% |  -14.247 |   -22128.3 |   1857 | row56/_630_/D
     550* |       0 |      46 |        0 |      0 |   280 |    +0.0% |  -14.247 |   -22128.3 |   1857 | row56/_630_/D
     558* |       0 |      47 |        0 |      0 |   284 |    +0.0% |  -14.247 |   -22127.5 |   1857 | row56/_630_/D
     560* |       0 |      47 |        0 |      0 |   285 |    +0.0% |  -14.247 |   -22127.5 |   1857 | row56/_630_/D
     568* |       0 |      48 |        0 |      0 |   289 |    +0.0% |  -14.247 |   -22126.7 |   1857 | row56/_630_/D
     570* |       0 |      48 |        0 |      0 |   290 |    +0.0% |  -14.247 |   -22126.7 |   1857 | row56/_630_/D
     578* |       0 |      49 |        0 |      0 |   294 |    +0.0% |  -14.247 |   -22125.9 |   1857 | row56/_630_/D
     580* |       0 |      49 |        0 |      0 |   295 |    +0.0% |  -14.247 |   -22125.9 |   1857 | row56/_630_/D
     588* |       0 |      50 |        0 |      0 |   299 |    +0.0% |  -14.247 |   -22125.1 |   1857 | row56/_630_/D
     590* |       0 |      50 |        0 |      0 |   300 |    +0.0% |  -14.247 |   -22125.1 |   1857 | row56/_630_/D
     598* |       0 |      51 |        0 |      0 |   304 |    +0.0% |  -14.247 |   -22124.3 |   1857 | row56/_630_/D
     600* |       0 |      51 |        0 |      0 |   305 |    +0.0% |  -14.247 |   -22124.3 |   1857 | row56/_630_/D
     608* |       0 |      52 |        0 |      0 |   309 |    +0.0% |  -14.247 |   -22123.5 |   1857 | row56/_630_/D
     610* |       0 |      52 |        0 |      0 |   310 |    +0.0% |  -14.247 |   -22123.5 |   1857 | row56/_630_/D
     618* |       0 |      53 |        0 |      0 |   314 |    +0.0% |  -14.247 |   -22122.7 |   1857 | row56/_630_/D
     620* |       0 |      53 |        0 |      0 |   315 |    +0.0% |  -14.247 |   -22122.7 |   1857 | row56/_630_/D
     628* |       0 |      54 |        0 |      0 |   319 |    +0.0% |  -14.247 |   -22121.9 |   1857 | row56/_630_/D
     630* |       0 |      54 |        0 |      0 |   320 |    +0.0% |  -14.247 |   -22121.9 |   1857 | row56/_630_/D
     638* |       0 |      55 |        0 |      0 |   324 |    +0.0% |  -14.247 |   -22121.1 |   1857 | row57/_630_/D
     640* |       0 |      55 |        0 |      0 |   325 |    +0.0% |  -14.247 |   -22121.1 |   1857 | row57/_630_/D
     648* |       0 |      56 |        0 |      0 |   329 |    +0.0% |  -14.247 |   -22120.3 |   1857 | row58/_630_/D
     650* |       0 |      56 |        0 |      0 |   330 |    +0.0% |  -14.247 |   -22120.3 |   1857 | row58/_630_/D
     658* |       0 |      57 |        0 |      0 |   334 |    +0.0% |  -14.247 |   -22119.5 |   1857 | row59/_630_/D
     660* |       0 |      57 |        0 |      0 |   335 |    +0.0% |  -14.247 |   -22119.5 |   1857 | row59/_630_/D
     668* |       0 |      58 |        0 |      0 |   339 |    +0.0% |  -14.247 |   -22118.7 |   1857 | row6/_630_/D
     670* |       0 |      58 |        0 |      0 |   340 |    +0.0% |  -14.247 |   -22118.7 |   1857 | row6/_630_/D
     678* |       0 |      59 |        0 |      0 |   344 |    +0.0% |  -14.247 |   -22117.9 |   1857 | row60/_630_/D
     680* |       0 |      59 |        0 |      0 |   345 |    +0.0% |  -14.247 |   -22117.9 |   1857 | row60/_630_/D
     688* |       0 |      60 |        0 |      0 |   349 |    +0.0% |  -14.247 |   -22117.1 |   1857 | row61/_630_/D
     690* |       0 |      60 |        0 |      0 |   350 |    +0.0% |  -14.247 |   -22117.1 |   1857 | row61/_630_/D
     698* |       0 |      61 |        0 |      0 |   354 |    +0.0% |  -14.247 |   -22116.3 |   1857 | row62/_630_/D
     700* |       0 |      61 |        0 |      0 |   355 |    +0.0% |  -14.247 |   -22116.3 |   1857 | row62/_630_/D
     708* |       0 |      62 |        0 |      0 |   359 |    +0.0% |  -14.247 |   -22115.5 |   1857 | row63/_630_/D
     710* |       0 |      62 |        0 |      0 |   360 |    +0.0% |  -14.247 |   -22115.5 |   1857 | row63/_630_/D
     718* |       0 |      63 |        0 |      0 |   364 |    +0.0% |  -14.247 |   -22114.7 |   1857 | row7/_630_/D
     720* |       0 |      63 |        0 |      0 |   365 |    +0.0% |  -14.247 |   -22114.7 |   1857 | row7/_630_/D
     728* |       0 |      64 |        0 |      0 |   369 |    +0.0% |  -14.247 |   -22113.9 |   1857 | row8/_630_/D
     730* |       0 |      64 |        0 |      0 |   370 |    +0.0% |  -14.247 |   -22113.9 |   1857 | row8/_630_/D
     738* |       0 |      65 |        0 |      0 |   374 |    +0.0% |  -14.247 |   -22113.1 |   1857 | row9/_630_/D
     740* |       0 |      65 |        0 |      0 |   375 |    +0.0% |  -14.247 |   -22113.1 |   1857 | row9/_630_/D
     748* |       0 |      66 |        0 |      0 |   379 |    +0.0% |  -14.191 |   -22112.3 |   1857 | row0/_630_/D
     750* |       0 |      67 |        0 |      0 |   379 |    +0.0% |  -14.207 |   -22112.2 |   1857 | row0/_630_/D
     760* |       0 |      69 |        0 |      0 |   387 |    +0.0% |  -14.187 |   -22112.2 |   1857 | row0/_630_/D
     760* |       0 |      68 |        0 |      0 |   383 |    +0.0% |  -14.167 |   -22111.9 |   1857 | row1/_630_/D
     766* |       0 |      70 |        0 |      0 |   383 |    +0.0% |  -14.167 |   -22111.7 |   1857 | row10/_630_/D
     770* |       0 |      73 |        0 |      0 |   383 |    +0.0% |  -14.169 |   -22111.5 |   1857 | row10/_630_/D
     772* |       0 |      72 |        0 |      0 |   383 |    +0.0% |  -14.167 |   -22111.5 |   1857 | row11/_630_/D
     778* |       0 |      74 |        0 |      0 |   383 |    +0.0% |  -14.167 |   -22111.3 |   1857 | row12/_630_/D
     780* |       0 |      75 |        0 |      0 |   383 |    +0.0% |  -14.183 |   -22111.2 |   1857 | row12/_630_/D
     784* |       0 |      76 |        0 |      0 |   383 |    +0.0% |  -14.167 |   -22111.0 |   1857 | row13/_630_/D
     790* |       0 |      79 |        0 |      0 |   385 |    +0.0% |  -14.171 |   -22111.0 |   1857 | row13/_630_/D
     790* |       0 |      78 |        0 |      0 |   383 |    +0.0% |  -14.167 |   -22110.8 |   1857 | row14/_630_/D
     796* |       0 |      80 |        0 |      0 |   383 |    +0.0% |  -14.167 |   -22110.6 |   1857 | row15/_630_/D
     800* |       0 |      83 |        0 |      0 |   383 |    +0.0% |  -14.169 |   -22110.4 |   1857 | row15/_630_/D
     802* |       0 |      82 |        0 |      0 |   383 |    +0.0% |  -14.167 |   -22110.4 |   1857 | row16/_630_/D
     808* |       0 |      84 |        0 |      0 |   383 |    +0.0% |  -14.167 |   -22110.2 |   1857 | row17/_630_/D
     810* |       0 |      85 |        0 |      0 |   383 |    +0.0% |  -14.183 |   -22110.1 |   1857 | row17/_630_/D
     814* |       0 |      86 |        0 |      0 |   383 |    +0.0% |  -14.167 |   -22110.0 |   1857 | row18/_630_/D
     820* |       0 |      89 |        0 |      0 |   385 |    +0.0% |  -14.171 |   -22109.9 |   1857 | row18/_630_/D
     820* |       0 |      88 |        0 |      0 |   383 |    +0.0% |  -14.167 |   -22109.7 |   1857 | row19/_630_/D
     826* |       0 |      90 |        0 |      0 |   383 |    +0.0% |  -14.167 |   -22109.5 |   1857 | row2/_630_/D
     830* |       0 |      93 |        0 |      0 |   383 |    +0.0% |  -14.169 |   -22109.3 |   1857 | row2/_630_/D
     832* |       0 |      92 |        0 |      0 |   383 |    +0.0% |  -14.167 |   -22109.3 |   1857 | row20/_630_/D
     838* |       0 |      94 |        0 |      0 |   383 |    +0.0% |  -14.167 |   -22109.1 |   1857 | row21/_630_/D
     840* |       0 |      95 |        0 |      0 |   383 |    +0.0% |  -14.183 |   -22109.0 |   1857 | row21/_630_/D
     844* |       0 |      96 |        0 |      0 |   383 |    +0.0% |  -14.167 |   -22108.9 |   1857 | row22/_630_/D
     850* |       0 |      99 |        0 |      0 |   385 |    +0.1% |  -14.171 |   -22108.8 |   1857 | row22/_630_/D
     850* |       0 |      98 |        0 |      0 |   383 |    +0.1% |  -14.167 |   -22108.7 |   1857 | row23/_630_/D
     856* |       0 |     100 |        0 |      0 |   383 |    +0.1% |  -14.167 |   -22108.4 |   1857 | row24/_630_/D
     860* |       0 |     103 |        0 |      0 |   383 |    +0.1% |  -14.169 |   -22108.3 |   1857 | row24/_630_/D
     862* |       0 |     102 |        0 |      0 |   383 |    +0.1% |  -14.167 |   -22108.2 |   1857 | row25/_630_/D
     868* |       0 |     104 |        0 |      0 |   383 |    +0.1% |  -14.167 |   -22108.0 |   1857 | row26/_630_/D
     870* |       0 |     105 |        0 |      0 |   383 |    +0.1% |  -14.183 |   -22107.9 |   1857 | row26/_630_/D
     874* |       0 |     106 |        0 |      0 |   383 |    +0.1% |  -14.167 |   -22107.8 |   1857 | row27/_630_/D
     880* |       0 |     109 |        0 |      0 |   385 |    +0.1% |  -14.171 |   -22107.7 |   1857 | row27/_630_/D
     880* |       0 |     108 |        0 |      0 |   383 |    +0.1% |  -14.167 |   -22107.6 |   1857 | row28/_630_/D
     886* |       0 |     110 |        0 |      0 |   383 |    +0.1% |  -14.167 |   -22107.4 |   1857 | row29/_630_/D
     890* |       0 |     113 |        0 |      0 |   383 |    +0.1% |  -14.169 |   -22107.2 |   1857 | row29/_630_/D
     892* |       0 |     112 |        0 |      0 |   383 |    +0.1% |  -14.167 |   -22107.1 |   1857 | row3/_630_/D
     898* |       0 |     114 |        0 |      0 |   383 |    +0.1% |  -14.167 |   -22106.9 |   1857 | row30/_630_/D
     900* |       0 |     115 |        0 |      0 |   383 |    +0.1% |  -14.183 |   -22106.8 |   1857 | row30/_630_/D
     904* |       0 |     116 |        0 |      0 |   383 |    +0.1% |  -14.167 |   -22106.7 |   1857 | row31/_630_/D
     910* |       0 |     119 |        0 |      0 |   385 |    +0.1% |  -14.171 |   -22106.6 |   1857 | row31/_630_/D
     910* |       0 |     118 |        0 |      0 |   383 |    +0.1% |  -14.167 |   -22106.5 |   1857 | row32/_630_/D
     916* |       0 |     120 |        0 |      0 |   383 |    +0.1% |  -14.167 |   -22106.3 |   1857 | row33/_630_/D
     920* |       0 |     123 |        0 |      0 |   383 |    +0.1% |  -14.169 |   -22106.1 |   1857 | row33/_630_/D
     922* |       0 |     122 |        0 |      0 |   383 |    +0.1% |  -14.167 |   -22106.0 |   1857 | row34/_630_/D
     928* |       0 |     124 |        0 |      0 |   383 |    +0.1% |  -14.167 |   -22105.8 |   1857 | row35/_630_/D
     930* |       0 |     125 |        0 |      0 |   383 |    +0.1% |  -14.183 |   -22105.7 |   1857 | row35/_630_/D
     934* |       0 |     126 |        0 |      0 |   383 |    +0.1% |  -14.167 |   -22105.6 |   1857 | row36/_630_/D
     940* |       0 |     129 |        0 |      0 |   385 |    +0.1% |  -14.171 |   -22105.5 |   1857 | row36/_630_/D
     940* |       0 |     128 |        0 |      0 |   383 |    +0.1% |  -14.167 |   -22105.4 |   1857 | row37/_630_/D
     946* |       0 |     130 |        0 |      0 |   383 |    +0.1% |  -14.167 |   -22105.2 |   1857 | row38/_630_/D
     950* |       0 |     133 |        0 |      0 |   383 |    +0.1% |  -14.169 |   -22105.0 |   1857 | row38/_630_/D
     952* |       0 |     132 |        0 |      0 |   383 |    +0.1% |  -14.167 |   -22105.0 |   1857 | row39/_630_/D
     958* |       0 |     134 |        0 |      0 |   383 |    +0.1% |  -14.167 |   -22104.7 |   1857 | row4/_630_/D
     960* |       0 |     135 |        0 |      0 |   383 |    +0.1% |  -14.183 |   -22104.7 |   1857 | row4/_630_/D
     964* |       0 |     136 |        0 |      0 |   383 |    +0.1% |  -14.167 |   -22104.5 |   1857 | row40/_630_/D
     970* |       0 |     139 |        0 |      0 |   385 |    +0.1% |  -14.171 |   -22104.5 |   1857 | row40/_630_/D
     970* |       0 |     138 |        0 |      0 |   383 |    +0.1% |  -14.167 |   -22104.3 |   1857 | row41/_630_/D
     976* |       0 |     140 |        0 |      0 |   383 |    +0.1% |  -14.167 |   -22104.1 |   1857 | row42/_630_/D
     980* |       0 |     143 |        0 |      0 |   383 |    +0.1% |  -14.169 |   -22103.9 |   1857 | row42/_630_/D
     982* |       0 |     142 |        0 |      0 |   383 |    +0.1% |  -14.167 |   -22103.9 |   1857 | row43/_630_/D
     988* |       0 |     144 |        0 |      0 |   383 |    +0.1% |  -14.167 |   -22103.7 |   1857 | row44/_630_/D
     990* |       0 |     145 |        0 |      0 |   383 |    +0.1% |  -14.183 |   -22103.6 |   1857 | row44/_630_/D
     994* |       0 |     146 |        0 |      0 |   383 |    +0.1% |  -14.167 |   -22103.4 |   1857 | row45/_630_/D
    1000* |       0 |     149 |        0 |      0 |   385 |    +0.1% |  -14.171 |   -22103.4 |   1857 | row45/_630_/D
    1000* |       0 |     148 |        0 |      0 |   383 |    +0.1% |  -14.167 |   -22103.2 |   1857 | row46/_630_/D
    1006* |       0 |     150 |        0 |      0 |   383 |    +0.1% |  -14.167 |   -22103.0 |   1857 | row47/_630_/D
    1010* |       0 |     153 |        0 |      0 |   383 |    +0.1% |  -14.169 |   -22102.8 |   1857 | row47/_630_/D
    1012* |       0 |     152 |        0 |      0 |   383 |    +0.1% |  -14.167 |   -22102.8 |   1857 | row48/_630_/D
    1018* |       0 |     154 |        0 |      0 |   383 |    +0.1% |  -14.167 |   -22102.6 |   1857 | row49/_630_/D
    1020* |       0 |     155 |        0 |      0 |   383 |    +0.1% |  -14.183 |   -22102.5 |   1857 | row49/_630_/D
    1024* |       0 |     156 |        0 |      0 |   383 |    +0.1% |  -14.167 |   -22102.4 |   1857 | row5/_630_/D
    1030* |       0 |     159 |        0 |      0 |   385 |    +0.2% |  -14.171 |   -22102.3 |   1857 | row5/_630_/D
    1030* |       0 |     158 |        0 |      0 |   383 |    +0.1% |  -14.167 |   -22102.1 |   1857 | row50/_630_/D
    1036* |       0 |     160 |        0 |      0 |   383 |    +0.2% |  -14.167 |   -22101.9 |   1857 | row51/_630_/D
    1040* |       0 |     163 |        0 |      0 |   383 |    +0.2% |  -14.169 |   -22101.7 |   1857 | row51/_630_/D
    1042* |       0 |     162 |        0 |      0 |   383 |    +0.2% |  -14.167 |   -22101.7 |   1857 | row52/_630_/D
    1048* |       0 |     164 |        0 |      0 |   383 |    +0.2% |  -14.167 |   -22101.5 |   1857 | row53/_630_/D
    1050* |       0 |     165 |        0 |      0 |   383 |    +0.2% |  -14.183 |   -22101.4 |   1857 | row53/_630_/D
    1054* |       0 |     166 |        0 |      0 |   383 |    +0.2% |  -14.167 |   -22101.3 |   1857 | row54/_630_/D
    1060* |       0 |     169 |        0 |      0 |   385 |    +0.2% |  -14.171 |   -22101.2 |   1857 | row54/_630_/D
    1060* |       0 |     168 |        0 |      0 |   383 |    +0.2% |  -14.167 |   -22101.1 |   1857 | row55/_630_/D
    1066* |       0 |     170 |        0 |      0 |   383 |    +0.2% |  -14.167 |   -22100.8 |   1857 | row56/_630_/D
    1070* |       0 |     173 |        0 |      0 |   383 |    +0.2% |  -14.169 |   -22100.7 |   1857 | row56/_630_/D
    1072* |       0 |     172 |        0 |      0 |   383 |    +0.2% |  -14.167 |   -22100.6 |   1857 | row57/_630_/D
    1078* |       0 |     174 |        0 |      0 |   383 |    +0.2% |  -14.167 |   -22100.4 |   1857 | row58/_630_/D
    1080* |       0 |     175 |        0 |      0 |   383 |    +0.2% |  -14.183 |   -22100.3 |   1857 | row58/_630_/D
    1084* |       0 |     176 |        0 |      0 |   383 |    +0.2% |  -14.167 |   -22100.2 |   1857 | row59/_630_/D
    1090* |       0 |     179 |        0 |      0 |   385 |    +0.2% |  -14.171 |   -22100.1 |   1857 | row59/_630_/D
    1090* |       0 |     178 |        0 |      0 |   383 |    +0.2% |  -14.167 |   -22100.0 |   1857 | row6/_630_/D
    1096* |       0 |     180 |        0 |      0 |   383 |    +0.2% |  -14.167 |   -22099.7 |   1857 | row60/_630_/D
    1100* |       0 |     183 |        0 |      0 |   383 |    +0.2% |  -14.169 |   -22099.6 |   1857 | row60/_630_/D
    1100* |       0 |     182 |        0 |      0 |   383 |    +0.2% |  -14.167 |   -22099.5 |   1857 | row61/_630_/D
    1106* |       0 |     184 |        0 |      0 |   383 |    +0.2% |  -14.167 |   -22099.3 |   1857 | row62/_630_/D
    1110* |       0 |     187 |        0 |      0 |   383 |    +0.2% |  -14.169 |   -22099.1 |   1857 | row62/_630_/D
    1112* |       0 |     186 |        0 |      0 |   383 |    +0.2% |  -14.167 |   -22099.1 |   1857 | row63/_630_/D
    1118* |       0 |     188 |        0 |      0 |   383 |    +0.2% |  -14.167 |   -22098.9 |   1857 | row7/_630_/D
    1120* |       0 |     189 |        0 |      0 |   383 |    +0.2% |  -14.183 |   -22098.8 |   1857 | row7/_630_/D
    1124* |       0 |     190 |        0 |      0 |   383 |    +0.2% |  -14.167 |   -22098.7 |   1857 | row8/_630_/D
    1130* |       0 |     193 |        0 |      0 |   385 |    +0.2% |  -14.171 |   -22098.6 |   1857 | row8/_630_/D
    1130* |       0 |     192 |        0 |      0 |   383 |    +0.2% |  -14.167 |   -22098.4 |   1857 | row9/_630_/D
    1136* |       0 |     194 |        0 |      0 |   383 |    +0.2% |  -14.150 |   -22098.2 |   1857 | row0/_630_/D
    1140* |       0 |     196 |        0 |      0 |   384 |    +0.2% |  -14.150 |   -22098.2 |   1857 | row1/_630_/D
    1141* |       0 |     196 |        0 |      0 |   384 |    +0.2% |  -14.150 |   -22098.2 |   1857 | row1/_630_/D
    1146* |       0 |     198 |        0 |      0 |   385 |    +0.2% |  -14.150 |   -22098.3 |   1857 | row10/_630_/D
    1150* |       0 |     200 |        0 |      0 |   386 |    +0.2% |  -14.150 |   -22098.3 |   1857 | row11/_630_/D
    1151* |       0 |     200 |        0 |      0 |   386 |    +0.2% |  -14.150 |   -22098.3 |   1857 | row11/_630_/D
    1156* |       0 |     202 |        0 |      0 |   387 |    +0.2% |  -14.150 |   -22098.3 |   1857 | row12/_630_/D
    1160* |       0 |     204 |        0 |      0 |   388 |    +0.2% |  -14.150 |   -22098.3 |   1857 | row13/_630_/D
    1161* |       0 |     204 |        0 |      0 |   388 |    +0.2% |  -14.150 |   -22098.3 |   1857 | row13/_630_/D
    1166* |       0 |     206 |        0 |      0 |   389 |    +0.2% |  -14.150 |   -22098.3 |   1857 | row14/_630_/D
    1170* |       0 |     208 |        0 |      0 |   390 |    +0.2% |  -14.150 |   -22098.3 |   1857 | row15/_630_/D
    1171* |       0 |     208 |        0 |      0 |   390 |    +0.2% |  -14.150 |   -22098.3 |   1857 | row15/_630_/D
    1176* |       0 |     210 |        0 |      0 |   391 |    +0.2% |  -14.150 |   -22098.3 |   1857 | row16/_630_/D
    1180* |       0 |     212 |        0 |      0 |   392 |    +0.3% |  -14.150 |   -22098.3 |   1857 | row17/_630_/D
    1181* |       0 |     212 |        0 |      0 |   392 |    +0.3% |  -14.150 |   -22098.3 |   1857 | row17/_630_/D
    1186* |       0 |     214 |        0 |      0 |   393 |    +0.3% |  -14.150 |   -22098.4 |   1857 | row18/_630_/D
    1190* |       0 |     216 |        0 |      0 |   394 |    +0.3% |  -14.150 |   -22098.4 |   1857 | row19/_630_/D
    1191* |       0 |     216 |        0 |      0 |   394 |    +0.3% |  -14.150 |   -22098.4 |   1857 | row19/_630_/D
    1196* |       0 |     218 |        0 |      0 |   395 |    +0.3% |  -14.150 |   -22098.4 |   1857 | row2/_630_/D
    1200* |       0 |     220 |        0 |      0 |   396 |    +0.3% |  -14.150 |   -22098.4 |   1857 | row20/_630_/D
    1200* |       0 |     220 |        0 |      0 |   396 |    +0.3% |  -14.150 |   -22098.4 |   1857 | row20/_630_/D
    1200* |       0 |     220 |        0 |      0 |   396 |    +0.3% |  -14.150 |   -22098.4 |   1857 | row20/_630_/D
    final |       0 |     220 |        0 |      0 |   396 |    +0.3% |  -14.150 |   -22098.4 |   1857 | row20/_630_/D
------------------------------------------------------------------------------------------------------------------------------
[INFO RSZ-0051] Resized 220 instances: 220 up, 0 up match, 0 down, 0 VT
[INFO RSZ-0043] Swapped pins on 396 instances.
[WARNING RSZ-0062] Unable to repair all setup violations.
[INFO RSZ-0505] Runtime: 34.15s
Took 34 seconds: repair_timing -setup_margin 0 -hold_margin 0 -repair_tns 100 -match_cell_footprint -setup -skip_last_gasp -sequence unbuffer,sizeup,swap,vt_swap -verbose
Default units for flow
 time 1ns
 capacitance 1pF
 resistance 1kohm
 voltage 1v
 current 1mA
 power 1nW
 distance 1um
   Layer   | Unit Resistance | Unit Capacitance 
           |       (kohm/um) |          (pF/um)
------------------------------------------------
       li1 |        7.18e-02 |         1.50e-04
      met1 |        1.21e-03 |         1.72e-04
      met2 |        1.22e-03 |         1.36e-04
      met3 |        1.66e-04 |         2.15e-04
      met4 |        1.68e-04 |         1.48e-04
      met5 |        1.84e-05 |         1.54e-04
------------------------------------------------

   Layer   | Via Resistance 
           |         (kohm) 
----------------------------
      mcon |       9.25e-03 
       via |       4.50e-03 
      via2 |       3.37e-03 
      via3 |       3.77e-04 
      via4 |       5.80e-06 
----------------------------
Report metrics stage 2, floorplan final...

==========================================================================
floorplan final report_design_area
--------------------------------------------------------------------------
Design area 274662 um^2 68% utilization.
write_db /work/orfs/results/sky130hd/g2s_pc2_u67/base/2_1_floorplan.odb
write_sdc -no_timestamp /work/orfs/results/sky130hd/g2s_pc2_u67/base/2_1_floorplan.sdc
Elapsed time: 0:36.54[h:]min:sec. CPU time: user 37.61 sys 1.81 (107%). Peak memory: 228488KB.
Log                       Ext     Elapsed/s Peak Memory/MB sha1sum result [0:20)
2_1_floorplan             .odb           36            223 40ee20f32d01bce04e40
2_1_floorplan             .sdc                             3cafb83be852b96459ae
/OpenROAD-flow-scripts/flow/scripts/flow.sh 2_2_floorplan_macro macro_place
Running macro_place.tcl, stage 2_2_floorplan_macro
read_liberty /OpenROAD-flow-scripts/flow/platforms/sky130hd/lib/sky130_fd_sc_hd__tt_025C_1v80.lib
read_liberty /work/cells/g2_cells.lib
read_db /work/orfs/results/sky130hd/g2s_pc2_u67/base/2_1_floorplan.odb
read_sdc /work/orfs/results/sky130hd/g2s_pc2_u67/base/2_1_floorplan.sdc
source /OpenROAD-flow-scripts/flow/platforms/sky130hd/setRC.tcl
No macros found: Skipping macro_placement
Design area 274662 um^2 68% utilization.
write_db /work/orfs/results/sky130hd/g2s_pc2_u67/base/2_2_floorplan_macro.odb
Elapsed time: 0:00.66[h:]min:sec. CPU time: user 0.51 sys 0.11 (93%). Peak memory: 142304KB.
Log                       Ext     Elapsed/s Peak Memory/MB sha1sum result [0:20)
2_2_floorplan_macro       .odb            0            138 40ee20f32d01bce04e40
/OpenROAD-flow-scripts/flow/scripts/flow.sh 2_3_floorplan_tapcell tapcell
Running tapcell.tcl, stage 2_3_floorplan_tapcell
read_liberty /OpenROAD-flow-scripts/flow/platforms/sky130hd/lib/sky130_fd_sc_hd__tt_025C_1v80.lib
read_liberty /work/cells/g2_cells.lib
read_db /work/orfs/results/sky130hd/g2s_pc2_u67/base/2_2_floorplan_macro.odb
read_sdc /work/orfs/results/sky130hd/g2s_pc2_u67/base/2_1_floorplan.sdc
source /OpenROAD-flow-scripts/flow/platforms/sky130hd/setRC.tcl
[INFO TAP-0005] Inserted 5428 tapcells.
Design area 281454 um^2 69% utilization.
write_db /work/orfs/results/sky130hd/g2s_pc2_u67/base/2_3_floorplan_tapcell.odb
Elapsed time: 0:00.80[h:]min:sec. CPU time: user 0.60 sys 0.10 (88%). Peak memory: 141188KB.
Log                       Ext     Elapsed/s Peak Memory/MB sha1sum result [0:20)
2_3_floorplan_tapcell     .odb            0            137 744d230d7f020414093c
/OpenROAD-flow-scripts/flow/scripts/flow.sh 2_4_floorplan_pdn pdn
Running pdn.tcl, stage 2_4_floorplan_pdn
read_liberty /OpenROAD-flow-scripts/flow/platforms/sky130hd/lib/sky130_fd_sc_hd__tt_025C_1v80.lib
read_liberty /work/cells/g2_cells.lib
read_db /work/orfs/results/sky130hd/g2s_pc2_u67/base/2_3_floorplan_tapcell.odb
read_sdc /work/orfs/results/sky130hd/g2s_pc2_u67/base/2_1_floorplan.sdc
source /OpenROAD-flow-scripts/flow/platforms/sky130hd/setRC.tcl
[WARNING ODB-0383] cst_0_0 is marked do not touch and will be skipped in global connections.
[WARNING ODB-0383] cst_0_1 is marked do not touch and will be skipped in global connections.
[WARNING ODB-0383] cst_0_2 is marked do not touch and will be skipped in global connections.
[WARNING ODB-0383] cst_0_3 is marked do not touch and will be skipped in global connections.
[WARNING ODB-0383] cst_0_4 is marked do not touch and will be skipped in global connections.
[WARNING ODB-0383] cst_0_5 is marked do not touch and will be skipped in global connections.
[WARNING ODB-0383] cst_0_6 is marked do not touch and will be skipped in global connections.
[WARNING ODB-0383] cst_10_0 is marked do not touch and will be skipped in global connections.
[WARNING ODB-0383] cst_10_1 is marked do not touch and will be skipped in global connections.
[WARNING ODB-0383] cst_10_2 is marked do not touch and will be skipped in global connections.
[WARNING ODB-0383] cst_10_3 is marked do not touch and will be skipped in global connections.
[WARNING ODB-0383] cst_10_4 is marked do not touch and will be skipped in global connections.
[WARNING ODB-0383] cst_10_5 is marked do not touch and will be skipped in global connections.
[WARNING ODB-0383] cst_10_6 is marked do not touch and will be skipped in global connections.
[WARNING ODB-0383] cst_11_0 is marked do not touch and will be skipped in global connections.
[WARNING ODB-0383] cst_11_1 is marked do not touch and will be skipped in global connections.
[WARNING ODB-0383] cst_11_2 is marked do not touch and will be skipped in global connections.
[WARNING ODB-0383] cst_11_3 is marked do not touch and will be skipped in global connections.
[WARNING ODB-0383] cst_11_4 is marked do not touch and will be skipped in global connections.
[WARNING ODB-0383] cst_11_5 is marked do not touch and will be skipped in global connections.
[WARNING ODB-0383] cst_11_6 is marked do not touch and will be skipped in global connections.
[WARNING ODB-0383] cst_12_0 is marked do not touch and will be skipped in global connections.
[WARNING ODB-0383] cst_12_1 is marked do not touch and will be skipped in global connections.
[WARNING ODB-0383] cst_12_2 is marked do not touch and will be skipped in global connections.
[WARNING ODB-0383] cst_12_3 is marked do not touch and will be skipped in global connections.
[WARNING ODB-0383] cst_12_4 is marked do not touch and will be skipped in global connections.
[WARNING ODB-0383] cst_12_5 is marked do not touch and will be skipped in global connections.
[WARNING ODB-0383] cst_12_6 is marked do not touch and will be skipped in global connections.
[WARNING ODB-0383] cst_13_0 is marked do not touch and will be skipped in global connections.
[WARNING ODB-0383] cst_13_1 is marked do not touch and will be skipped in global connections.
[WARNING ODB-0383] cst_13_2 is marked do not touch and will be skipped in global connections.
[WARNING ODB-0383] cst_13_3 is marked do not touch and will be skipped in global connections.
[WARNING ODB-0383] cst_13_4 is marked do not touch and will be skipped in global connections.
[WARNING ODB-0383] cst_13_5 is marked do not touch and will be skipped in global connections.
[WARNING ODB-0383] cst_13_6 is marked do not touch and will be skipped in global connections.
[WARNING ODB-0383] cst_14_0 is marked do not touch and will be skipped in global connections.
[WARNING ODB-0383] cst_14_1 is marked do not touch and will be skipped in global connections.
[WARNING ODB-0383] cst_14_2 is marked do not touch and will be skipped in global connections.
[WARNING ODB-0383] cst_14_3 is marked do not touch and will be skipped in global connections.
[WARNING ODB-0383] cst_14_4 is marked do not touch and will be skipped in global connections.
[WARNING ODB-0383] cst_14_5 is marked do not touch and will be skipped in global connections.
[WARNING ODB-0383] cst_14_6 is marked do not touch and will be skipped in global connections.
[WARNING ODB-0383] cst_15_0 is marked do not touch and will be skipped in global connections.
[WARNING ODB-0383] cst_15_1 is marked do not touch and will be skipped in global connections.
[WARNING ODB-0383] cst_15_2 is marked do not touch and will be skipped in global connections.
[WARNING ODB-0383] cst_15_3 is marked do not touch and will be skipped in global connections.
[WARNING ODB-0383] cst_15_4 is marked do not touch and will be skipped in global connections.
[WARNING ODB-0383] cst_15_5 is marked do not touch and will be skipped in global connections.
[WARNING ODB-0383] cst_15_6 is marked do not touch and will be skipped in global connections.
[WARNING ODB-0383] cst_16_0 is marked do not touch and will be skipped in global connections.
[WARNING ODB-0383] cst_16_1 is marked do not touch and will be skipped in global connections.
[WARNING ODB-0383] cst_16_2 is marked do not touch and will be skipped in global connections.
[WARNING ODB-0383] cst_16_3 is marked do not touch and will be skipped in global connections.
[WARNING ODB-0383] cst_16_4 is marked do not touch and will be skipped in global connections.
[WARNING ODB-0383] cst_16_5 is marked do not touch and will be skipped in global connections.
[WARNING ODB-0383] cst_16_6 is marked do not touch and will be skipped in global connections.
[WARNING ODB-0383] cst_17_0 is marked do not touch and will be skipped in global connections.
[WARNING ODB-0383] cst_17_1 is marked do not touch and will be skipped in global connections.
[WARNING ODB-0383] cst_17_2 is marked do not touch and will be skipped in global connections.
[WARNING ODB-0383] cst_17_3 is marked do not touch and will be skipped in global connections.
[WARNING ODB-0383] cst_17_4 is marked do not touch and will be skipped in global connections.
[WARNING ODB-0383] cst_17_5 is marked do not touch and will be skipped in global connections.
[WARNING ODB-0383] cst_17_6 is marked do not touch and will be skipped in global connections.
[WARNING ODB-0383] cst_18_0 is marked do not touch and will be skipped in global connections.
[WARNING ODB-0383] cst_18_1 is marked do not touch and will be skipped in global connections.
[WARNING ODB-0383] cst_18_2 is marked do not touch and will be skipped in global connections.
[WARNING ODB-0383] cst_18_3 is marked do not touch and will be skipped in global connections.
[WARNING ODB-0383] cst_18_4 is marked do not touch and will be skipped in global connections.
[WARNING ODB-0383] cst_18_5 is marked do not touch and will be skipped in global connections.
[WARNING ODB-0383] cst_18_6 is marked do not touch and will be skipped in global connections.
[WARNING ODB-0383] cst_19_0 is marked do not touch and will be skipped in global connections.
[WARNING ODB-0383] cst_19_1 is marked do not touch and will be skipped in global connections.
[WARNING ODB-0383] cst_19_2 is marked do not touch and will be skipped in global connections.
[WARNING ODB-0383] cst_19_3 is marked do not touch and will be skipped in global connections.
[WARNING ODB-0383] cst_19_4 is marked do not touch and will be skipped in global connections.
[WARNING ODB-0383] cst_19_5 is marked do not touch and will be skipped in global connections.
[WARNING ODB-0383] cst_19_6 is marked do not touch and will be skipped in global connections.
[WARNING ODB-0383] cst_1_0 is marked do not touch and will be skipped in global connections.
[WARNING ODB-0383] cst_1_1 is marked do not touch and will be skipped in global connections.
[WARNING ODB-0383] cst_1_2 is marked do not touch and will be skipped in global connections.
[WARNING ODB-0383] cst_1_3 is marked do not touch and will be skipped in global connections.
[WARNING ODB-0383] cst_1_4 is marked do not touch and will be skipped in global connections.
[WARNING ODB-0383] cst_1_5 is marked do not touch and will be skipped in global connections.
[WARNING ODB-0383] cst_1_6 is marked do not touch and will be skipped in global connections.
[WARNING ODB-0383] cst_20_0 is marked do not touch and will be skipped in global connections.
[WARNING ODB-0383] cst_20_1 is marked do not touch and will be skipped in global connections.
[WARNING ODB-0383] cst_20_2 is marked do not touch and will be skipped in global connections.
[WARNING ODB-0383] cst_20_3 is marked do not touch and will be skipped in global connections.
[WARNING ODB-0383] cst_20_4 is marked do not touch and will be skipped in global connections.
[WARNING ODB-0383] cst_20_5 is marked do not touch and will be skipped in global connections.
[WARNING ODB-0383] cst_20_6 is marked do not touch and will be skipped in global connections.
[WARNING ODB-0383] cst_21_0 is marked do not touch and will be skipped in global connections.
[WARNING ODB-0383] cst_21_1 is marked do not touch and will be skipped in global connections.
[WARNING ODB-0383] cst_21_2 is marked do not touch and will be skipped in global connections.
[WARNING ODB-0383] cst_21_3 is marked do not touch and will be skipped in global connections.
[WARNING ODB-0383] cst_21_4 is marked do not touch and will be skipped in global connections.
[WARNING ODB-0383] cst_21_5 is marked do not touch and will be skipped in global connections.
[WARNING ODB-0383] cst_21_6 is marked do not touch and will be skipped in global connections.
[WARNING ODB-0383] cst_22_0 is marked do not touch and will be skipped in global connections.
[WARNING ODB-0383] cst_22_1 is marked do not touch and will be skipped in global connections.
[WARNING ODB-0383] cst_22_2 is marked do not touch and will be skipped in global connections.
[WARNING ODB-0383] cst_22_3 is marked do not touch and will be skipped in global connections.
[WARNING ODB-0383] cst_22_4 is marked do not touch and will be skipped in global connections.
[WARNING ODB-0383] cst_22_5 is marked do not touch and will be skipped in global connections.
[WARNING ODB-0383] cst_22_6 is marked do not touch and will be skipped in global connections.
[WARNING ODB-0383] cst_23_0 is marked do not touch and will be skipped in global connections.
[WARNING ODB-0383] cst_23_1 is marked do not touch and will be skipped in global connections.
[WARNING ODB-0383] cst_23_2 is marked do not touch and will be skipped in global connections.
[WARNING ODB-0383] cst_23_3 is marked do not touch and will be skipped in global connections.
[WARNING ODB-0383] cst_23_4 is marked do not touch and will be skipped in global connections.
[WARNING ODB-0383] cst_23_5 is marked do not touch and will be skipped in global connections.
[WARNING ODB-0383] cst_23_6 is marked do not touch and will be skipped in global connections.
[WARNING ODB-0383] cst_24_0 is marked do not touch and will be skipped in global connections.
[WARNING ODB-0383] cst_24_1 is marked do not touch and will be skipped in global connections.
[WARNING ODB-0383] cst_24_2 is marked do not touch and will be skipped in global connections.
[WARNING ODB-0383] cst_24_3 is marked do not touch and will be skipped in global connections.
[WARNING ODB-0383] cst_24_4 is marked do not touch and will be skipped in global connections.
[WARNING ODB-0383] cst_24_5 is marked do not touch and will be skipped in global connections.
[WARNING ODB-0383] cst_24_6 is marked do not touch and will be skipped in global connections.
[WARNING ODB-0383] cst_25_0 is marked do not touch and will be skipped in global connections.
[WARNING ODB-0383] cst_25_1 is marked do not touch and will be skipped in global connections.
[WARNING ODB-0383] cst_25_2 is marked do not touch and will be skipped in global connections.
[WARNING ODB-0383] cst_25_3 is marked do not touch and will be skipped in global connections.
[WARNING ODB-0383] cst_25_4 is marked do not touch and will be skipped in global connections.
[WARNING ODB-0383] cst_25_5 is marked do not touch and will be skipped in global connections.
[WARNING ODB-0383] cst_25_6 is marked do not touch and will be skipped in global connections.
[WARNING ODB-0383] cst_26_0 is marked do not touch and will be skipped in global connections.
[WARNING ODB-0383] cst_26_1 is marked do not touch and will be skipped in global connections.
[WARNING ODB-0383] cst_26_2 is marked do not touch and will be skipped in global connections.
[WARNING ODB-0383] cst_26_3 is marked do not touch and will be skipped in global connections.
[WARNING ODB-0383] cst_26_4 is marked do not touch and will be skipped in global connections.
[WARNING ODB-0383] cst_26_5 is marked do not touch and will be skipped in global connections.
[WARNING ODB-0383] cst_26_6 is marked do not touch and will be skipped in global connections.
[WARNING ODB-0383] cst_27_0 is marked do not touch and will be skipped in global connections.
[WARNING ODB-0383] cst_27_1 is marked do not touch and will be skipped in global connections.
[WARNING ODB-0383] cst_27_2 is marked do not touch and will be skipped in global connections.
[WARNING ODB-0383] cst_27_3 is marked do not touch and will be skipped in global connections.
[WARNING ODB-0383] cst_27_4 is marked do not touch and will be skipped in global connections.
[WARNING ODB-0383] cst_27_5 is marked do not touch and will be skipped in global connections.
[WARNING ODB-0383] cst_27_6 is marked do not touch and will be skipped in global connections.
[WARNING ODB-0383] cst_28_0 is marked do not touch and will be skipped in global connections.
[WARNING ODB-0383] cst_28_1 is marked do not touch and will be skipped in global connections.
[WARNING ODB-0383] cst_28_2 is marked do not touch and will be skipped in global connections.
[WARNING ODB-0383] cst_28_3 is marked do not touch and will be skipped in global connections.
[WARNING ODB-0383] cst_28_4 is marked do not touch and will be skipped in global connections.
[WARNING ODB-0383] cst_28_5 is marked do not touch and will be skipped in global connections.
[WARNING ODB-0383] cst_28_6 is marked do not touch and will be skipped in global connections.
[WARNING ODB-0383] cst_29_0 is marked do not touch and will be skipped in global connections.
[WARNING ODB-0383] cst_29_1 is marked do not touch and will be skipped in global connections.
[WARNING ODB-0383] cst_29_2 is marked do not touch and will be skipped in global connections.
[WARNING ODB-0383] cst_29_3 is marked do not touch and will be skipped in global connections.
[WARNING ODB-0383] cst_29_4 is marked do not touch and will be skipped in global connections.
[WARNING ODB-0383] cst_29_5 is marked do not touch and will be skipped in global connections.
[WARNING ODB-0383] cst_29_6 is marked do not touch and will be skipped in global connections.
[WARNING ODB-0383] cst_2_0 is marked do not touch and will be skipped in global connections.
[WARNING ODB-0383] cst_2_1 is marked do not touch and will be skipped in global connections.
[WARNING ODB-0383] cst_2_2 is marked do not touch and will be skipped in global connections.
[WARNING ODB-0383] cst_2_3 is marked do not touch and will be skipped in global connections.
[WARNING ODB-0383] cst_2_4 is marked do not touch and will be skipped in global connections.
[WARNING ODB-0383] cst_2_5 is marked do not touch and will be skipped in global connections.
[WARNING ODB-0383] cst_2_6 is marked do not touch and will be skipped in global connections.
[WARNING ODB-0383] cst_30_0 is marked do not touch and will be skipped in global connections.
[WARNING ODB-0383] cst_30_1 is marked do not touch and will be skipped in global connections.
[WARNING ODB-0383] cst_30_2 is marked do not touch and will be skipped in global connections.
[WARNING ODB-0383] cst_30_3 is marked do not touch and will be skipped in global connections.
[WARNING ODB-0383] cst_30_4 is marked do not touch and will be skipped in global connections.
[WARNING ODB-0383] cst_30_5 is marked do not touch and will be skipped in global connections.
[WARNING ODB-0383] cst_30_6 is marked do not touch and will be skipped in global connections.
[WARNING ODB-0383] cst_31_0 is marked do not touch and will be skipped in global connections.
[WARNING ODB-0383] cst_31_1 is marked do not touch and will be skipped in global connections.
[WARNING ODB-0383] cst_31_2 is marked do not touch and will be skipped in global connections.
[WARNING ODB-0383] cst_31_3 is marked do not touch and will be skipped in global connections.
[WARNING ODB-0383] cst_31_4 is marked do not touch and will be skipped in global connections.
[WARNING ODB-0383] cst_31_5 is marked do not touch and will be skipped in global connections.
[WARNING ODB-0383] cst_31_6 is marked do not touch and will be skipped in global connections.
[WARNING ODB-0383] cst_32_0 is marked do not touch and will be skipped in global connections.
[WARNING ODB-0383] cst_32_1 is marked do not touch and will be skipped in global connections.
[WARNING ODB-0383] cst_32_2 is marked do not touch and will be skipped in global connections.
[WARNING ODB-0383] cst_32_3 is marked do not touch and will be skipped in global connections.
[WARNING ODB-0383] cst_32_4 is marked do not touch and will be skipped in global connections.
[WARNING ODB-0383] cst_32_5 is marked do not touch and will be skipped in global connections.
[WARNING ODB-0383] cst_32_6 is marked do not touch and will be skipped in global connections.
[WARNING ODB-0383] cst_33_0 is marked do not touch and will be skipped in global connections.
[WARNING ODB-0383] cst_33_1 is marked do not touch and will be skipped in global connections.
[WARNING ODB-0383] cst_33_2 is marked do not touch and will be skipped in global connections.
[WARNING ODB-0383] cst_33_3 is marked do not touch and will be skipped in global connections.
[WARNING ODB-0383] cst_33_4 is marked do not touch and will be skipped in global connections.
[WARNING ODB-0383] cst_33_5 is marked do not touch and will be skipped in global connections.
[WARNING ODB-0383] cst_33_6 is marked do not touch and will be skipped in global connections.
[WARNING ODB-0383] cst_34_0 is marked do not touch and will be skipped in global connections.
[WARNING ODB-0383] cst_34_1 is marked do not touch and will be skipped in global connections.
[WARNING ODB-0383] cst_34_2 is marked do not touch and will be skipped in global connections.
[WARNING ODB-0383] cst_34_3 is marked do not touch and will be skipped in global connections.
[WARNING ODB-0383] cst_34_4 is marked do not touch and will be skipped in global connections.
[WARNING ODB-0383] cst_34_5 is marked do not touch and will be skipped in global connections.
[WARNING ODB-0383] cst_34_6 is marked do not touch and will be skipped in global connections.
[WARNING ODB-0383] cst_35_0 is marked do not touch and will be skipped in global connections.
[WARNING ODB-0383] cst_35_1 is marked do not touch and will be skipped in global connections.
[WARNING ODB-0383] cst_35_2 is marked do not touch and will be skipped in global connections.
[WARNING ODB-0383] cst_35_3 is marked do not touch and will be skipped in global connections.
[WARNING ODB-0383] cst_35_4 is marked do not touch and will be skipped in global connections.
[WARNING ODB-0383] cst_35_5 is marked do not touch and will be skipped in global connections.
[WARNING ODB-0383] cst_35_6 is marked do not touch and will be skipped in global connections.
[WARNING ODB-0383] cst_36_0 is marked do not touch and will be skipped in global connections.
[WARNING ODB-0383] cst_36_1 is marked do not touch and will be skipped in global connections.
[WARNING ODB-0383] cst_36_2 is marked do not touch and will be skipped in global connections.
[WARNING ODB-0383] cst_36_3 is marked do not touch and will be skipped in global connections.
[WARNING ODB-0383] cst_36_4 is marked do not touch and will be skipped in global connections.
[WARNING ODB-0383] cst_36_5 is marked do not touch and will be skipped in global connections.
[WARNING ODB-0383] cst_36_6 is marked do not touch and will be skipped in global connections.
[WARNING ODB-0383] cst_37_0 is marked do not touch and will be skipped in global connections.
[WARNING ODB-0383] cst_37_1 is marked do not touch and will be skipped in global connections.
[WARNING ODB-0383] cst_37_2 is marked do not touch and will be skipped in global connections.
[WARNING ODB-0383] cst_37_3 is marked do not touch and will be skipped in global connections.
[WARNING ODB-0383] cst_37_4 is marked do not touch and will be skipped in global connections.
[WARNING ODB-0383] cst_37_5 is marked do not touch and will be skipped in global connections.
[WARNING ODB-0383] cst_37_6 is marked do not touch and will be skipped in global connections.
[WARNING ODB-0383] cst_38_0 is marked do not touch and will be skipped in global connections.
[WARNING ODB-0383] cst_38_1 is marked do not touch and will be skipped in global connections.
[WARNING ODB-0383] cst_38_2 is marked do not touch and will be skipped in global connections.
[WARNING ODB-0383] cst_38_3 is marked do not touch and will be skipped in global connections.
[WARNING ODB-0383] cst_38_4 is marked do not touch and will be skipped in global connections.
[WARNING ODB-0383] cst_38_5 is marked do not touch and will be skipped in global connections.
[WARNING ODB-0383] cst_38_6 is marked do not touch and will be skipped in global connections.
[WARNING ODB-0383] cst_39_0 is marked do not touch and will be skipped in global connections.
[WARNING ODB-0383] cst_39_1 is marked do not touch and will be skipped in global connections.
[WARNING ODB-0383] cst_39_2 is marked do not touch and will be skipped in global connections.
[WARNING ODB-0383] cst_39_3 is marked do not touch and will be skipped in global connections.
[WARNING ODB-0383] cst_39_4 is marked do not touch and will be skipped in global connections.
[WARNING ODB-0383] cst_39_5 is marked do not touch and will be skipped in global connections.
[WARNING ODB-0383] cst_39_6 is marked do not touch and will be skipped in global connections.
[WARNING ODB-0383] cst_3_0 is marked do not touch and will be skipped in global connections.
[WARNING ODB-0383] cst_3_1 is marked do not touch and will be skipped in global connections.
[WARNING ODB-0383] cst_3_2 is marked do not touch and will be skipped in global connections.
[WARNING ODB-0383] cst_3_3 is marked do not touch and will be skipped in global connections.
[WARNING ODB-0383] cst_3_4 is marked do not touch and will be skipped in global connections.
[WARNING ODB-0383] cst_3_5 is marked do not touch and will be skipped in global connections.
[WARNING ODB-0383] cst_3_6 is marked do not touch and will be skipped in global connections.
[WARNING ODB-0383] cst_40_0 is marked do not touch and will be skipped in global connections.
[WARNING ODB-0383] cst_40_1 is marked do not touch and will be skipped in global connections.
[WARNING ODB-0383] cst_40_2 is marked do not touch and will be skipped in global connections.
[WARNING ODB-0383] cst_40_3 is marked do not touch and will be skipped in global connections.
[WARNING ODB-0383] cst_40_4 is marked do not touch and will be skipped in global connections.
[WARNING ODB-0383] cst_40_5 is marked do not touch and will be skipped in global connections.
[WARNING ODB-0383] cst_40_6 is marked do not touch and will be skipped in global connections.
[WARNING ODB-0383] cst_41_0 is marked do not touch and will be skipped in global connections.
[WARNING ODB-0383] cst_41_1 is marked do not touch and will be skipped in global connections.
[WARNING ODB-0383] cst_41_2 is marked do not touch and will be skipped in global connections.
[WARNING ODB-0383] cst_41_3 is marked do not touch and will be skipped in global connections.
[WARNING ODB-0383] cst_41_4 is marked do not touch and will be skipped in global connections.
[WARNING ODB-0383] cst_41_5 is marked do not touch and will be skipped in global connections.
[WARNING ODB-0383] cst_41_6 is marked do not touch and will be skipped in global connections.
[WARNING ODB-0383] cst_42_0 is marked do not touch and will be skipped in global connections.
[WARNING ODB-0383] cst_42_1 is marked do not touch and will be skipped in global connections.
[WARNING ODB-0383] cst_42_2 is marked do not touch and will be skipped in global connections.
[WARNING ODB-0383] cst_42_3 is marked do not touch and will be skipped in global connections.
[WARNING ODB-0383] cst_42_4 is marked do not touch and will be skipped in global connections.
[WARNING ODB-0383] cst_42_5 is marked do not touch and will be skipped in global connections.
[WARNING ODB-0383] cst_42_6 is marked do not touch and will be skipped in global connections.
[WARNING ODB-0383] cst_43_0 is marked do not touch and will be skipped in global connections.
[WARNING ODB-0383] cst_43_1 is marked do not touch and will be skipped in global connections.
[WARNING ODB-0383] cst_43_2 is marked do not touch and will be skipped in global connections.
[WARNING ODB-0383] cst_43_3 is marked do not touch and will be skipped in global connections.
[WARNING ODB-0383] cst_43_4 is marked do not touch and will be skipped in global connections.
[WARNING ODB-0383] cst_43_5 is marked do not touch and will be skipped in global connections.
[WARNING ODB-0383] cst_43_6 is marked do not touch and will be skipped in global connections.
[WARNING ODB-0383] cst_44_0 is marked do not touch and will be skipped in global connections.
[WARNING ODB-0383] cst_44_1 is marked do not touch and will be skipped in global connections.
[WARNING ODB-0383] cst_44_2 is marked do not touch and will be skipped in global connections.
[WARNING ODB-0383] cst_44_3 is marked do not touch and will be skipped in global connections.
[WARNING ODB-0383] cst_44_4 is marked do not touch and will be skipped in global connections.
[WARNING ODB-0383] cst_44_5 is marked do not touch and will be skipped in global connections.
[WARNING ODB-0383] cst_44_6 is marked do not touch and will be skipped in global connections.
[WARNING ODB-0383] cst_45_0 is marked do not touch and will be skipped in global connections.
[WARNING ODB-0383] cst_45_1 is marked do not touch and will be skipped in global connections.
[WARNING ODB-0383] cst_45_2 is marked do not touch and will be skipped in global connections.
[WARNING ODB-0383] cst_45_3 is marked do not touch and will be skipped in global connections.
[WARNING ODB-0383] cst_45_4 is marked do not touch and will be skipped in global connections.
[WARNING ODB-0383] cst_45_5 is marked do not touch and will be skipped in global connections.
[WARNING ODB-0383] cst_45_6 is marked do not touch and will be skipped in global connections.
[WARNING ODB-0383] cst_46_0 is marked do not touch and will be skipped in global connections.
[WARNING ODB-0383] cst_46_1 is marked do not touch and will be skipped in global connections.
[WARNING ODB-0383] cst_46_2 is marked do not touch and will be skipped in global connections.
[WARNING ODB-0383] cst_46_3 is marked do not touch and will be skipped in global connections.
[WARNING ODB-0383] cst_46_4 is marked do not touch and will be skipped in global connections.
[WARNING ODB-0383] cst_46_5 is marked do not touch and will be skipped in global connections.
[WARNING ODB-0383] cst_46_6 is marked do not touch and will be skipped in global connections.
[WARNING ODB-0383] cst_47_0 is marked do not touch and will be skipped in global connections.
[WARNING ODB-0383] cst_47_1 is marked do not touch and will be skipped in global connections.
[WARNING ODB-0383] cst_47_2 is marked do not touch and will be skipped in global connections.
[WARNING ODB-0383] cst_47_3 is marked do not touch and will be skipped in global connections.
[WARNING ODB-0383] cst_47_4 is marked do not touch and will be skipped in global connections.
[WARNING ODB-0383] cst_47_5 is marked do not touch and will be skipped in global connections.
[WARNING ODB-0383] cst_47_6 is marked do not touch and will be skipped in global connections.
[WARNING ODB-0383] cst_48_0 is marked do not touch and will be skipped in global connections.
[WARNING ODB-0383] cst_48_1 is marked do not touch and will be skipped in global connections.
[WARNING ODB-0383] cst_48_2 is marked do not touch and will be skipped in global connections.
[WARNING ODB-0383] cst_48_3 is marked do not touch and will be skipped in global connections.
[WARNING ODB-0383] cst_48_4 is marked do not touch and will be skipped in global connections.
[WARNING ODB-0383] cst_48_5 is marked do not touch and will be skipped in global connections.
[WARNING ODB-0383] cst_48_6 is marked do not touch and will be skipped in global connections.
[WARNING ODB-0383] cst_49_0 is marked do not touch and will be skipped in global connections.
[WARNING ODB-0383] cst_49_1 is marked do not touch and will be skipped in global connections.
[WARNING ODB-0383] cst_49_2 is marked do not touch and will be skipped in global connections.
[WARNING ODB-0383] cst_49_3 is marked do not touch and will be skipped in global connections.
[WARNING ODB-0383] cst_49_4 is marked do not touch and will be skipped in global connections.
[WARNING ODB-0383] cst_49_5 is marked do not touch and will be skipped in global connections.
[WARNING ODB-0383] cst_49_6 is marked do not touch and will be skipped in global connections.
[WARNING ODB-0383] cst_4_0 is marked do not touch and will be skipped in global connections.
[WARNING ODB-0383] cst_4_1 is marked do not touch and will be skipped in global connections.
[WARNING ODB-0383] cst_4_2 is marked do not touch and will be skipped in global connections.
[WARNING ODB-0383] cst_4_3 is marked do not touch and will be skipped in global connections.
[WARNING ODB-0383] cst_4_4 is marked do not touch and will be skipped in global connections.
[WARNING ODB-0383] cst_4_5 is marked do not touch and will be skipped in global connections.
[WARNING ODB-0383] cst_4_6 is marked do not touch and will be skipped in global connections.
[WARNING ODB-0383] cst_50_0 is marked do not touch and will be skipped in global connections.
[WARNING ODB-0383] cst_50_1 is marked do not touch and will be skipped in global connections.
[WARNING ODB-0383] cst_50_2 is marked do not touch and will be skipped in global connections.
[WARNING ODB-0383] cst_50_3 is marked do not touch and will be skipped in global connections.
[WARNING ODB-0383] cst_50_4 is marked do not touch and will be skipped in global connections.
[WARNING ODB-0383] cst_50_5 is marked do not touch and will be skipped in global connections.
[WARNING ODB-0383] cst_50_6 is marked do not touch and will be skipped in global connections.
[WARNING ODB-0383] cst_51_0 is marked do not touch and will be skipped in global connections.
[WARNING ODB-0383] cst_51_1 is marked do not touch and will be skipped in global connections.
[WARNING ODB-0383] cst_51_2 is marked do not touch and will be skipped in global connections.
[WARNING ODB-0383] cst_51_3 is marked do not touch and will be skipped in global connections.
[WARNING ODB-0383] cst_51_4 is marked do not touch and will be skipped in global connections.
[WARNING ODB-0383] cst_51_5 is marked do not touch and will be skipped in global connections.
[WARNING ODB-0383] cst_51_6 is marked do not touch and will be skipped in global connections.
[WARNING ODB-0383] cst_52_0 is marked do not touch and will be skipped in global connections.
[WARNING ODB-0383] cst_52_1 is marked do not touch and will be skipped in global connections.
[WARNING ODB-0383] cst_52_2 is marked do not touch and will be skipped in global connections.
[WARNING ODB-0383] cst_52_3 is marked do not touch and will be skipped in global connections.
[WARNING ODB-0383] cst_52_4 is marked do not touch and will be skipped in global connections.
[WARNING ODB-0383] cst_52_5 is marked do not touch and will be skipped in global connections.
[WARNING ODB-0383] cst_52_6 is marked do not touch and will be skipped in global connections.
[WARNING ODB-0383] cst_53_0 is marked do not touch and will be skipped in global connections.
[WARNING ODB-0383] cst_53_1 is marked do not touch and will be skipped in global connections.
[WARNING ODB-0383] cst_53_2 is marked do not touch and will be skipped in global connections.
[WARNING ODB-0383] cst_53_3 is marked do not touch and will be skipped in global connections.
[WARNING ODB-0383] cst_53_4 is marked do not touch and will be skipped in global connections.
[WARNING ODB-0383] cst_53_5 is marked do not touch and will be skipped in global connections.
[WARNING ODB-0383] cst_53_6 is marked do not touch and will be skipped in global connections.
[WARNING ODB-0383] cst_54_0 is marked do not touch and will be skipped in global connections.
[WARNING ODB-0383] cst_54_1 is marked do not touch and will be skipped in global connections.
[WARNING ODB-0383] cst_54_2 is marked do not touch and will be skipped in global connections.
[WARNING ODB-0383] cst_54_3 is marked do not touch and will be skipped in global connections.
[WARNING ODB-0383] cst_54_4 is marked do not touch and will be skipped in global connections.
[WARNING ODB-0383] cst_54_5 is marked do not touch and will be skipped in global connections.
[WARNING ODB-0383] cst_54_6 is marked do not touch and will be skipped in global connections.
[WARNING ODB-0383] cst_55_0 is marked do not touch and will be skipped in global connections.
[WARNING ODB-0383] cst_55_1 is marked do not touch and will be skipped in global connections.
[WARNING ODB-0383] cst_55_2 is marked do not touch and will be skipped in global connections.
[WARNING ODB-0383] cst_55_3 is marked do not touch and will be skipped in global connections.
[WARNING ODB-0383] cst_55_4 is marked do not touch and will be skipped in global connections.
[WARNING ODB-0383] cst_55_5 is marked do not touch and will be skipped in global connections.
[WARNING ODB-0383] cst_55_6 is marked do not touch and will be skipped in global connections.
[WARNING ODB-0383] cst_56_0 is marked do not touch and will be skipped in global connections.
[WARNING ODB-0383] cst_56_1 is marked do not touch and will be skipped in global connections.
[WARNING ODB-0383] cst_56_2 is marked do not touch and will be skipped in global connections.
[WARNING ODB-0383] cst_56_3 is marked do not touch and will be skipped in global connections.
[WARNING ODB-0383] cst_56_4 is marked do not touch and will be skipped in global connections.
[WARNING ODB-0383] cst_56_5 is marked do not touch and will be skipped in global connections.
[WARNING ODB-0383] cst_56_6 is marked do not touch and will be skipped in global connections.
[WARNING ODB-0383] cst_57_0 is marked do not touch and will be skipped in global connections.
[WARNING ODB-0383] cst_57_1 is marked do not touch and will be skipped in global connections.
[WARNING ODB-0383] cst_57_2 is marked do not touch and will be skipped in global connections.
[WARNING ODB-0383] cst_57_3 is marked do not touch and will be skipped in global connections.
[WARNING ODB-0383] cst_57_4 is marked do not touch and will be skipped in global connections.
[WARNING ODB-0383] cst_57_5 is marked do not touch and will be skipped in global connections.
[WARNING ODB-0383] cst_57_6 is marked do not touch and will be skipped in global connections.
[WARNING ODB-0383] cst_58_0 is marked do not touch and will be skipped in global connections.
[WARNING ODB-0383] cst_58_1 is marked do not touch and will be skipped in global connections.
[WARNING ODB-0383] cst_58_2 is marked do not touch and will be skipped in global connections.
[WARNING ODB-0383] cst_58_3 is marked do not touch and will be skipped in global connections.
[WARNING ODB-0383] cst_58_4 is marked do not touch and will be skipped in global connections.
[WARNING ODB-0383] cst_58_5 is marked do not touch and will be skipped in global connections.
[WARNING ODB-0383] cst_58_6 is marked do not touch and will be skipped in global connections.
[WARNING ODB-0383] cst_59_0 is marked do not touch and will be skipped in global connections.
[WARNING ODB-0383] cst_59_1 is marked do not touch and will be skipped in global connections.
[WARNING ODB-0383] cst_59_2 is marked do not touch and will be skipped in global connections.
[WARNING ODB-0383] cst_59_3 is marked do not touch and will be skipped in global connections.
[WARNING ODB-0383] cst_59_4 is marked do not touch and will be skipped in global connections.
[WARNING ODB-0383] cst_59_5 is marked do not touch and will be skipped in global connections.
[WARNING ODB-0383] cst_59_6 is marked do not touch and will be skipped in global connections.
[WARNING ODB-0383] cst_5_0 is marked do not touch and will be skipped in global connections.
[WARNING ODB-0383] cst_5_1 is marked do not touch and will be skipped in global connections.
[WARNING ODB-0383] cst_5_2 is marked do not touch and will be skipped in global connections.
[WARNING ODB-0383] cst_5_3 is marked do not touch and will be skipped in global connections.
[WARNING ODB-0383] cst_5_4 is marked do not touch and will be skipped in global connections.
[WARNING ODB-0383] cst_5_5 is marked do not touch and will be skipped in global connections.
[WARNING ODB-0383] cst_5_6 is marked do not touch and will be skipped in global connections.
[WARNING ODB-0383] cst_60_0 is marked do not touch and will be skipped in global connections.
[WARNING ODB-0383] cst_60_1 is marked do not touch and will be skipped in global connections.
[WARNING ODB-0383] cst_60_2 is marked do not touch and will be skipped in global connections.
[WARNING ODB-0383] cst_60_3 is marked do not touch and will be skipped in global connections.
[WARNING ODB-0383] cst_60_4 is marked do not touch and will be skipped in global connections.
[WARNING ODB-0383] cst_60_5 is marked do not touch and will be skipped in global connections.
[WARNING ODB-0383] cst_60_6 is marked do not touch and will be skipped in global connections.
[WARNING ODB-0383] cst_61_0 is marked do not touch and will be skipped in global connections.
[WARNING ODB-0383] cst_61_1 is marked do not touch and will be skipped in global connections.
[WARNING ODB-0383] cst_61_2 is marked do not touch and will be skipped in global connections.
[WARNING ODB-0383] cst_61_3 is marked do not touch and will be skipped in global connections.
[WARNING ODB-0383] cst_61_4 is marked do not touch and will be skipped in global connections.
[WARNING ODB-0383] cst_61_5 is marked do not touch and will be skipped in global connections.
[WARNING ODB-0383] cst_61_6 is marked do not touch and will be skipped in global connections.
[WARNING ODB-0383] cst_62_0 is marked do not touch and will be skipped in global connections.
[WARNING ODB-0383] cst_62_1 is marked do not touch and will be skipped in global connections.
[WARNING ODB-0383] cst_62_2 is marked do not touch and will be skipped in global connections.
[WARNING ODB-0383] cst_62_3 is marked do not touch and will be skipped in global connections.
[WARNING ODB-0383] cst_62_4 is marked do not touch and will be skipped in global connections.
[WARNING ODB-0383] cst_62_5 is marked do not touch and will be skipped in global connections.
[WARNING ODB-0383] cst_62_6 is marked do not touch and will be skipped in global connections.
[WARNING ODB-0383] cst_63_0 is marked do not touch and will be skipped in global connections.
[WARNING ODB-0383] cst_63_1 is marked do not touch and will be skipped in global connections.
[WARNING ODB-0383] cst_63_2 is marked do not touch and will be skipped in global connections.
[WARNING ODB-0383] cst_63_3 is marked do not touch and will be skipped in global connections.
[WARNING ODB-0383] cst_63_4 is marked do not touch and will be skipped in global connections.
[WARNING ODB-0383] cst_63_5 is marked do not touch and will be skipped in global connections.
[WARNING ODB-0383] cst_63_6 is marked do not touch and will be skipped in global connections.
[WARNING ODB-0383] cst_6_0 is marked do not touch and will be skipped in global connections.
[WARNING ODB-0383] cst_6_1 is marked do not touch and will be skipped in global connections.
[WARNING ODB-0383] cst_6_2 is marked do not touch and will be skipped in global connections.
[WARNING ODB-0383] cst_6_3 is marked do not touch and will be skipped in global connections.
[WARNING ODB-0383] cst_6_4 is marked do not touch and will be skipped in global connections.
[WARNING ODB-0383] cst_6_5 is marked do not touch and will be skipped in global connections.
[WARNING ODB-0383] cst_6_6 is marked do not touch and will be skipped in global connections.
[WARNING ODB-0383] cst_7_0 is marked do not touch and will be skipped in global connections.
[WARNING ODB-0383] cst_7_1 is marked do not touch and will be skipped in global connections.
[WARNING ODB-0383] cst_7_2 is marked do not touch and will be skipped in global connections.
[WARNING ODB-0383] cst_7_3 is marked do not touch and will be skipped in global connections.
[WARNING ODB-0383] cst_7_4 is marked do not touch and will be skipped in global connections.
[WARNING ODB-0383] cst_7_5 is marked do not touch and will be skipped in global connections.
[WARNING ODB-0383] cst_7_6 is marked do not touch and will be skipped in global connections.
[WARNING ODB-0383] cst_8_0 is marked do not touch and will be skipped in global connections.
[WARNING ODB-0383] cst_8_1 is marked do not touch and will be skipped in global connections.
[WARNING ODB-0383] cst_8_2 is marked do not touch and will be skipped in global connections.
[WARNING ODB-0383] cst_8_3 is marked do not touch and will be skipped in global connections.
[WARNING ODB-0383] cst_8_4 is marked do not touch and will be skipped in global connections.
[WARNING ODB-0383] cst_8_5 is marked do not touch and will be skipped in global connections.
[WARNING ODB-0383] cst_8_6 is marked do not touch and will be skipped in global connections.
[WARNING ODB-0383] cst_9_0 is marked do not touch and will be skipped in global connections.
[WARNING ODB-0383] cst_9_1 is marked do not touch and will be skipped in global connections.
[WARNING ODB-0383] cst_9_2 is marked do not touch and will be skipped in global connections.
[WARNING ODB-0383] cst_9_3 is marked do not touch and will be skipped in global connections.
[WARNING ODB-0383] cst_9_4 is marked do not touch and will be skipped in global connections.
[WARNING ODB-0383] cst_9_5 is marked do not touch and will be skipped in global connections.
[WARNING ODB-0383] cst_9_6 is marked do not touch and will be skipped in global connections.
[WARNING ODB-0383] lt_ln0 is marked do not touch and will be skipped in global connections.
[WARNING ODB-0383] lt_ln1 is marked do not touch and will be skipped in global connections.
[WARNING ODB-0383] lt_ln10 is marked do not touch and will be skipped in global connections.
[WARNING ODB-0383] lt_ln11 is marked do not touch and will be skipped in global connections.
[WARNING ODB-0383] lt_ln12 is marked do not touch and will be skipped in global connections.
[WARNING ODB-0383] lt_ln13 is marked do not touch and will be skipped in global connections.
[WARNING ODB-0383] lt_ln14 is marked do not touch and will be skipped in global connections.
[WARNING ODB-0383] lt_ln15 is marked do not touch and will be skipped in global connections.
[WARNING ODB-0383] lt_ln16 is marked do not touch and will be skipped in global connections.
[WARNING ODB-0383] lt_ln17 is marked do not touch and will be skipped in global connections.
[WARNING ODB-0383] lt_ln18 is marked do not touch and will be skipped in global connections.
[WARNING ODB-0383] lt_ln19 is marked do not touch and will be skipped in global connections.
[WARNING ODB-0383] lt_ln2 is marked do not touch and will be skipped in global connections.
[WARNING ODB-0383] lt_ln20 is marked do not touch and will be skipped in global connections.
[WARNING ODB-0383] lt_ln21 is marked do not touch and will be skipped in global connections.
[WARNING ODB-0383] lt_ln22 is marked do not touch and will be skipped in global connections.
[WARNING ODB-0383] lt_ln23 is marked do not touch and will be skipped in global connections.
[WARNING ODB-0383] lt_ln24 is marked do not touch and will be skipped in global connections.
[WARNING ODB-0383] lt_ln25 is marked do not touch and will be skipped in global connections.
[WARNING ODB-0383] lt_ln26 is marked do not touch and will be skipped in global connections.
[WARNING ODB-0383] lt_ln27 is marked do not touch and will be skipped in global connections.
[WARNING ODB-0383] lt_ln28 is marked do not touch and will be skipped in global connections.
[WARNING ODB-0383] lt_ln29 is marked do not touch and will be skipped in global connections.
[WARNING ODB-0383] lt_ln3 is marked do not touch and will be skipped in global connections.
[WARNING ODB-0383] lt_ln30 is marked do not touch and will be skipped in global connections.
[WARNING ODB-0383] lt_ln31 is marked do not touch and will be skipped in global connections.
[WARNING ODB-0383] lt_ln32 is marked do not touch and will be skipped in global connections.
[WARNING ODB-0383] lt_ln33 is marked do not touch and will be skipped in global connections.
[WARNING ODB-0383] lt_ln34 is marked do not touch and will be skipped in global connections.
[WARNING ODB-0383] lt_ln35 is marked do not touch and will be skipped in global connections.
[WARNING ODB-0383] lt_ln36 is marked do not touch and will be skipped in global connections.
[WARNING ODB-0383] lt_ln37 is marked do not touch and will be skipped in global connections.
[WARNING ODB-0383] lt_ln38 is marked do not touch and will be skipped in global connections.
[WARNING ODB-0383] lt_ln39 is marked do not touch and will be skipped in global connections.
[WARNING ODB-0383] lt_ln4 is marked do not touch and will be skipped in global connections.
[WARNING ODB-0383] lt_ln40 is marked do not touch and will be skipped in global connections.
[WARNING ODB-0383] lt_ln41 is marked do not touch and will be skipped in global connections.
[WARNING ODB-0383] lt_ln42 is marked do not touch and will be skipped in global connections.
[WARNING ODB-0383] lt_ln43 is marked do not touch and will be skipped in global connections.
[WARNING ODB-0383] lt_ln44 is marked do not touch and will be skipped in global connections.
[WARNING ODB-0383] lt_ln45 is marked do not touch and will be skipped in global connections.
[WARNING ODB-0383] lt_ln46 is marked do not touch and will be skipped in global connections.
[WARNING ODB-0383] lt_ln47 is marked do not touch and will be skipped in global connections.
[WARNING ODB-0383] lt_ln48 is marked do not touch and will be skipped in global connections.
[WARNING ODB-0383] lt_ln49 is marked do not touch and will be skipped in global connections.
[WARNING ODB-0383] lt_ln5 is marked do not touch and will be skipped in global connections.
[WARNING ODB-0383] lt_ln50 is marked do not touch and will be skipped in global connections.
[WARNING ODB-0383] lt_ln51 is marked do not touch and will be skipped in global connections.
[WARNING ODB-0383] lt_ln52 is marked do not touch and will be skipped in global connections.
[WARNING ODB-0383] lt_ln53 is marked do not touch and will be skipped in global connections.
[WARNING ODB-0383] lt_ln54 is marked do not touch and will be skipped in global connections.
[WARNING ODB-0383] lt_ln55 is marked do not touch and will be skipped in global connections.
[WARNING ODB-0383] lt_ln56 is marked do not touch and will be skipped in global connections.
[WARNING ODB-0383] lt_ln57 is marked do not touch and will be skipped in global connections.
[WARNING ODB-0383] lt_ln58 is marked do not touch and will be skipped in global connections.
[WARNING ODB-0383] lt_ln59 is marked do not touch and will be skipped in global connections.
[WARNING ODB-0383] lt_ln6 is marked do not touch and will be skipped in global connections.
[WARNING ODB-0383] lt_ln60 is marked do not touch and will be skipped in global connections.
[WARNING ODB-0383] lt_ln61 is marked do not touch and will be skipped in global connections.
[WARNING ODB-0383] lt_ln62 is marked do not touch and will be skipped in global connections.
[WARNING ODB-0383] lt_ln63 is marked do not touch and will be skipped in global connections.
[WARNING ODB-0383] lt_ln7 is marked do not touch and will be skipped in global connections.
[WARNING ODB-0383] lt_ln8 is marked do not touch and will be skipped in global connections.
[WARNING ODB-0383] lt_ln9 is marked do not touch and will be skipped in global connections.
[WARNING ODB-0383] lt_lp0 is marked do not touch and will be skipped in global connections.
[WARNING ODB-0383] lt_lp1 is marked do not touch and will be skipped in global connections.
[WARNING ODB-0383] lt_lp10 is marked do not touch and will be skipped in global connections.
[WARNING ODB-0383] lt_lp11 is marked do not touch and will be skipped in global connections.
[WARNING ODB-0383] lt_lp12 is marked do not touch and will be skipped in global connections.
[WARNING ODB-0383] lt_lp13 is marked do not touch and will be skipped in global connections.
[WARNING ODB-0383] lt_lp14 is marked do not touch and will be skipped in global connections.
[WARNING ODB-0383] lt_lp15 is marked do not touch and will be skipped in global connections.
[WARNING ODB-0383] lt_lp16 is marked do not touch and will be skipped in global connections.
[WARNING ODB-0383] lt_lp17 is marked do not touch and will be skipped in global connections.
[WARNING ODB-0383] lt_lp18 is marked do not touch and will be skipped in global connections.
[WARNING ODB-0383] lt_lp19 is marked do not touch and will be skipped in global connections.
[WARNING ODB-0383] lt_lp2 is marked do not touch and will be skipped in global connections.
[WARNING ODB-0383] lt_lp20 is marked do not touch and will be skipped in global connections.
[WARNING ODB-0383] lt_lp21 is marked do not touch and will be skipped in global connections.
[WARNING ODB-0383] lt_lp22 is marked do not touch and will be skipped in global connections.
[WARNING ODB-0383] lt_lp23 is marked do not touch and will be skipped in global connections.
[WARNING ODB-0383] lt_lp24 is marked do not touch and will be skipped in global connections.
[WARNING ODB-0383] lt_lp25 is marked do not touch and will be skipped in global connections.
[WARNING ODB-0383] lt_lp26 is marked do not touch and will be skipped in global connections.
[WARNING ODB-0383] lt_lp27 is marked do not touch and will be skipped in global connections.
[WARNING ODB-0383] lt_lp28 is marked do not touch and will be skipped in global connections.
[WARNING ODB-0383] lt_lp29 is marked do not touch and will be skipped in global connections.
[WARNING ODB-0383] lt_lp3 is marked do not touch and will be skipped in global connections.
[WARNING ODB-0383] lt_lp30 is marked do not touch and will be skipped in global connections.
[WARNING ODB-0383] lt_lp31 is marked do not touch and will be skipped in global connections.
[WARNING ODB-0383] lt_lp32 is marked do not touch and will be skipped in global connections.
[WARNING ODB-0383] lt_lp33 is marked do not touch and will be skipped in global connections.
[WARNING ODB-0383] lt_lp34 is marked do not touch and will be skipped in global connections.
[WARNING ODB-0383] lt_lp35 is marked do not touch and will be skipped in global connections.
[WARNING ODB-0383] lt_lp36 is marked do not touch and will be skipped in global connections.
[WARNING ODB-0383] lt_lp37 is marked do not touch and will be skipped in global connections.
[WARNING ODB-0383] lt_lp38 is marked do not touch and will be skipped in global connections.
[WARNING ODB-0383] lt_lp39 is marked do not touch and will be skipped in global connections.
[WARNING ODB-0383] lt_lp4 is marked do not touch and will be skipped in global connections.
[WARNING ODB-0383] lt_lp40 is marked do not touch and will be skipped in global connections.
[WARNING ODB-0383] lt_lp41 is marked do not touch and will be skipped in global connections.
[WARNING ODB-0383] lt_lp42 is marked do not touch and will be skipped in global connections.
[WARNING ODB-0383] lt_lp43 is marked do not touch and will be skipped in global connections.
[WARNING ODB-0383] lt_lp44 is marked do not touch and will be skipped in global connections.
[WARNING ODB-0383] lt_lp45 is marked do not touch and will be skipped in global connections.
[WARNING ODB-0383] lt_lp46 is marked do not touch and will be skipped in global connections.
[WARNING ODB-0383] lt_lp47 is marked do not touch and will be skipped in global connections.
[WARNING ODB-0383] lt_lp48 is marked do not touch and will be skipped in global connections.
[WARNING ODB-0383] lt_lp49 is marked do not touch and will be skipped in global connections.
[WARNING ODB-0383] lt_lp5 is marked do not touch and will be skipped in global connections.
[WARNING ODB-0383] lt_lp50 is marked do not touch and will be skipped in global connections.
[WARNING ODB-0383] lt_lp51 is marked do not touch and will be skipped in global connections.
[WARNING ODB-0383] lt_lp52 is marked do not touch and will be skipped in global connections.
[WARNING ODB-0383] lt_lp53 is marked do not touch and will be skipped in global connections.
[WARNING ODB-0383] lt_lp54 is marked do not touch and will be skipped in global connections.
[WARNING ODB-0383] lt_lp55 is marked do not touch and will be skipped in global connections.
[WARNING ODB-0383] lt_lp56 is marked do not touch and will be skipped in global connections.
[WARNING ODB-0383] lt_lp57 is marked do not touch and will be skipped in global connections.
[WARNING ODB-0383] lt_lp58 is marked do not touch and will be skipped in global connections.
[WARNING ODB-0383] lt_lp59 is marked do not touch and will be skipped in global connections.
[WARNING ODB-0383] lt_lp6 is marked do not touch and will be skipped in global connections.
[WARNING ODB-0383] lt_lp60 is marked do not touch and will be skipped in global connections.
[WARNING ODB-0383] lt_lp61 is marked do not touch and will be skipped in global connections.
[WARNING ODB-0383] lt_lp62 is marked do not touch and will be skipped in global connections.
[WARNING ODB-0383] lt_lp63 is marked do not touch and will be skipped in global connections.
[WARNING ODB-0383] lt_lp7 is marked do not touch and will be skipped in global connections.
[WARNING ODB-0383] lt_lp8 is marked do not touch and will be skipped in global connections.
[WARNING ODB-0383] lt_lp9 is marked do not touch and will be skipped in global connections.
[WARNING ODB-0383] vs_0_0 is marked do not touch and will be skipped in global connections.
[WARNING ODB-0383] vs_0_1 is marked do not touch and will be skipped in global connections.
[WARNING ODB-0383] vs_0_10 is marked do not touch and will be skipped in global connections.
[WARNING ODB-0383] vs_0_11 is marked do not touch and will be skipped in global connections.
[WARNING ODB-0383] vs_0_12 is marked do not touch and will be skipped in global connections.
[WARNING ODB-0383] vs_0_13 is marked do not touch and will be skipped in global connections.
[WARNING ODB-0383] vs_0_14 is marked do not touch and will be skipped in global connections.
[WARNING ODB-0383] vs_0_15 is marked do not touch and will be skipped in global connections.
[WARNING ODB-0383] vs_0_16 is marked do not touch and will be skipped in global connections.
[WARNING ODB-0383] vs_0_17 is marked do not touch and will be skipped in global connections.
[WARNING ODB-0383] vs_0_18 is marked do not touch and will be skipped in global connections.
[WARNING ODB-0383] vs_0_19 is marked do not touch and will be skipped in global connections.
[WARNING ODB-0383] vs_0_2 is marked do not touch and will be skipped in global connections.
[WARNING ODB-0383] vs_0_20 is marked do not touch and will be skipped in global connections.
[WARNING ODB-0383] vs_0_21 is marked do not touch and will be skipped in global connections.
[WARNING ODB-0383] vs_0_22 is marked do not touch and will be skipped in global connections.
[WARNING ODB-0383] vs_0_23 is marked do not touch and will be skipped in global connections.
[WARNING ODB-0383] vs_0_24 is marked do not touch and will be skipped in global connections.
[WARNING ODB-0383] vs_0_25 is marked do not touch and will be skipped in global connections.
[WARNING ODB-0383] vs_0_26 is marked do not touch and will be skipped in global connections.
[WARNING ODB-0383] vs_0_27 is marked do not touch and will be skipped in global connections.
[WARNING ODB-0383] vs_0_28 is marked do not touch and will be skipped in global connections.
[WARNING ODB-0383] vs_0_29 is marked do not touch and will be skipped in global connections.
[WARNING ODB-0383] vs_0_3 is marked do not touch and will be skipped in global connections.
[WARNING ODB-0383] vs_0_30 is marked do not touch and will be skipped in global connections.
[WARNING ODB-0383] vs_0_31 is marked do not touch and will be skipped in global connections.
[WARNING ODB-0383] vs_0_32 is marked do not touch and will be skipped in global connections.
[WARNING ODB-0383] vs_0_33 is marked do not touch and will be skipped in global connections.
[WARNING ODB-0383] vs_0_34 is marked do not touch and will be skipped in global connections.
[WARNING ODB-0383] vs_0_35 is marked do not touch and will be skipped in global connections.
[WARNING ODB-0383] vs_0_36 is marked do not touch and will be skipped in global connections.
[WARNING ODB-0383] vs_0_37 is marked do not touch and will be skipped in global connections.
[WARNING ODB-0383] vs_0_38 is marked do not touch and will be skipped in global connections.
[WARNING ODB-0383] vs_0_39 is marked do not touch and will be skipped in global connections.
[WARNING ODB-0383] vs_0_4 is marked do not touch and will be skipped in global connections.
[WARNING ODB-0383] vs_0_40 is marked do not touch and will be skipped in global connections.
[WARNING ODB-0383] vs_0_41 is marked do not touch and will be skipped in global connections.
[WARNING ODB-0383] vs_0_42 is marked do not touch and will be skipped in global connections.
[WARNING ODB-0383] vs_0_43 is marked do not touch and will be skipped in global connections.
[WARNING ODB-0383] vs_0_44 is marked do not touch and will be skipped in global connections.
[WARNING ODB-0383] vs_0_45 is marked do not touch and will be skipped in global connections.
[WARNING ODB-0383] vs_0_46 is marked do not touch and will be skipped in global connections.
[WARNING ODB-0383] vs_0_47 is marked do not touch and will be skipped in global connections.
[WARNING ODB-0383] vs_0_48 is marked do not touch and will be skipped in global connections.
[WARNING ODB-0383] vs_0_49 is marked do not touch and will be skipped in global connections.
[WARNING ODB-0383] vs_0_5 is marked do not touch and will be skipped in global connections.
[WARNING ODB-0383] vs_0_50 is marked do not touch and will be skipped in global connections.
[WARNING ODB-0383] vs_0_51 is marked do not touch and will be skipped in global connections.
[WARNING ODB-0383] vs_0_52 is marked do not touch and will be skipped in global connections.
[WARNING ODB-0383] vs_0_53 is marked do not touch and will be skipped in global connections.
[WARNING ODB-0383] vs_0_54 is marked do not touch and will be skipped in global connections.
[WARNING ODB-0383] vs_0_55 is marked do not touch and will be skipped in global connections.
[WARNING ODB-0383] vs_0_56 is marked do not touch and will be skipped in global connections.
[WARNING ODB-0383] vs_0_57 is marked do not touch and will be skipped in global connections.
[WARNING ODB-0383] vs_0_58 is marked do not touch and will be skipped in global connections.
[WARNING ODB-0383] vs_0_59 is marked do not touch and will be skipped in global connections.
[WARNING ODB-0383] vs_0_6 is marked do not touch and will be skipped in global connections.
[WARNING ODB-0383] vs_0_60 is marked do not touch and will be skipped in global connections.
[WARNING ODB-0383] vs_0_61 is marked do not touch and will be skipped in global connections.
[WARNING ODB-0383] vs_0_62 is marked do not touch and will be skipped in global connections.
[WARNING ODB-0383] vs_0_63 is marked do not touch and will be skipped in global connections.
[WARNING ODB-0383] vs_0_7 is marked do not touch and will be skipped in global connections.
[WARNING ODB-0383] vs_0_8 is marked do not touch and will be skipped in global connections.
[WARNING ODB-0383] vs_0_9 is marked do not touch and will be skipped in global connections.
[WARNING ODB-0383] vs_10_0 is marked do not touch and will be skipped in global connections.
[WARNING ODB-0383] vs_10_1 is marked do not touch and will be skipped in global connections.
[WARNING ODB-0383] vs_10_10 is marked do not touch and will be skipped in global connections.
[WARNING ODB-0383] vs_10_11 is marked do not touch and will be skipped in global connections.
[WARNING ODB-0383] vs_10_12 is marked do not touch and will be skipped in global connections.
[WARNING ODB-0383] vs_10_13 is marked do not touch and will be skipped in global connections.
[WARNING ODB-0383] vs_10_14 is marked do not touch and will be skipped in global connections.
[WARNING ODB-0383] vs_10_15 is marked do not touch and will be skipped in global connections.
[WARNING ODB-0383] vs_10_16 is marked do not touch and will be skipped in global connections.
[WARNING ODB-0383] vs_10_17 is marked do not touch and will be skipped in global connections.
[WARNING ODB-0383] vs_10_18 is marked do not touch and will be skipped in global connections.
[WARNING ODB-0383] vs_10_19 is marked do not touch and will be skipped in global connections.
[WARNING ODB-0383] vs_10_2 is marked do not touch and will be skipped in global connections.
[WARNING ODB-0383] vs_10_20 is marked do not touch and will be skipped in global connections.
[WARNING ODB-0383] vs_10_21 is marked do not touch and will be skipped in global connections.
[WARNING ODB-0383] vs_10_22 is marked do not touch and will be skipped in global connections.
[WARNING ODB-0383] vs_10_23 is marked do not touch and will be skipped in global connections.
[WARNING ODB-0383] vs_10_24 is marked do not touch and will be skipped in global connections.
[WARNING ODB-0383] vs_10_25 is marked do not touch and will be skipped in global connections.
[WARNING ODB-0383] vs_10_26 is marked do not touch and will be skipped in global connections.
[WARNING ODB-0383] vs_10_27 is marked do not touch and will be skipped in global connections.
[WARNING ODB-0383] vs_10_28 is marked do not touch and will be skipped in global connections.
[WARNING ODB-0383] vs_10_29 is marked do not touch and will be skipped in global connections.
[WARNING ODB-0383] vs_10_3 is marked do not touch and will be skipped in global connections.
[WARNING ODB-0383] vs_10_30 is marked do not touch and will be skipped in global connections.
[WARNING ODB-0383] vs_10_31 is marked do not touch and will be skipped in global connections.
[WARNING ODB-0383] vs_10_32 is marked do not touch and will be skipped in global connections.
[WARNING ODB-0383] vs_10_33 is marked do not touch and will be skipped in global connections.
[WARNING ODB-0383] vs_10_34 is marked do not touch and will be skipped in global connections.
[WARNING ODB-0383] vs_10_35 is marked do not touch and will be skipped in global connections.
[WARNING ODB-0383] vs_10_36 is marked do not touch and will be skipped in global connections.
[WARNING ODB-0383] vs_10_37 is marked do not touch and will be skipped in global connections.
[WARNING ODB-0383] vs_10_38 is marked do not touch and will be skipped in global connections.
[WARNING ODB-0383] vs_10_39 is marked do not touch and will be skipped in global connections.
[WARNING ODB-0383] vs_10_4 is marked do not touch and will be skipped in global connections.
[WARNING ODB-0383] vs_10_40 is marked do not touch and will be skipped in global connections.
[WARNING ODB-0383] vs_10_41 is marked do not touch and will be skipped in global connections.
[WARNING ODB-0383] vs_10_42 is marked do not touch and will be skipped in global connections.
[WARNING ODB-0383] vs_10_43 is marked do not touch and will be skipped in global connections.
[WARNING ODB-0383] vs_10_44 is marked do not touch and will be skipped in global connections.
[WARNING ODB-0383] vs_10_45 is marked do not touch and will be skipped in global connections.
[WARNING ODB-0383] vs_10_46 is marked do not touch and will be skipped in global connections.
[WARNING ODB-0383] vs_10_47 is marked do not touch and will be skipped in global connections.
[WARNING ODB-0383] vs_10_48 is marked do not touch and will be skipped in global connections.
[WARNING ODB-0383] vs_10_49 is marked do not touch and will be skipped in global connections.
[WARNING ODB-0383] vs_10_5 is marked do not touch and will be skipped in global connections.
[WARNING ODB-0383] vs_10_50 is marked do not touch and will be skipped in global connections.
[WARNING ODB-0383] vs_10_51 is marked do not touch and will be skipped in global connections.
[WARNING ODB-0383] vs_10_52 is marked do not touch and will be skipped in global connections.
[WARNING ODB-0383] vs_10_53 is marked do not touch and will be skipped in global connections.
[WARNING ODB-0383] vs_10_54 is marked do not touch and will be skipped in global connections.
[WARNING ODB-0383] vs_10_55 is marked do not touch and will be skipped in global connections.
[WARNING ODB-0383] vs_10_56 is marked do not touch and will be skipped in global connections.
[WARNING ODB-0383] vs_10_57 is marked do not touch and will be skipped in global connections.
[WARNING ODB-0383] vs_10_58 is marked do not touch and will be skipped in global connections.
[WARNING ODB-0383] vs_10_59 is marked do not touch and will be skipped in global connections.
[WARNING ODB-0383] vs_10_6 is marked do not touch and will be skipped in global connections.
[WARNING ODB-0383] vs_10_60 is marked do not touch and will be skipped in global connections.
[WARNING ODB-0383] vs_10_61 is marked do not touch and will be skipped in global connections.
[WARNING ODB-0383] vs_10_62 is marked do not touch and will be skipped in global connections.
[WARNING ODB-0383] vs_10_63 is marked do not touch and will be skipped in global connections.
[WARNING ODB-0383] vs_10_7 is marked do not touch and will be skipped in global connections.
[WARNING ODB-0383] vs_10_8 is marked do not touch and will be skipped in global connections.
[WARNING ODB-0383] vs_10_9 is marked do not touch and will be skipped in global connections.
[WARNING ODB-0383] vs_11_0 is marked do not touch and will be skipped in global connections.
[WARNING ODB-0383] vs_11_1 is marked do not touch and will be skipped in global connections.
[WARNING ODB-0383] vs_11_10 is marked do not touch and will be skipped in global connections.
[WARNING ODB-0383] vs_11_11 is marked do not touch and will be skipped in global connections.
[WARNING ODB-0383] vs_11_12 is marked do not touch and will be skipped in global connections.
[WARNING ODB-0383] vs_11_13 is marked do not touch and will be skipped in global connections.
[WARNING ODB-0383] vs_11_14 is marked do not touch and will be skipped in global connections.
[WARNING ODB-0383] vs_11_15 is marked do not touch and will be skipped in global connections.
[WARNING ODB-0383] vs_11_16 is marked do not touch and will be skipped in global connections.
[WARNING ODB-0383] vs_11_17 is marked do not touch and will be skipped in global connections.
[WARNING ODB-0383] vs_11_18 is marked do not touch and will be skipped in global connections.
[WARNING ODB-0383] vs_11_19 is marked do not touch and will be skipped in global connections.
[WARNING ODB-0383] vs_11_2 is marked do not touch and will be skipped in global connections.
[WARNING ODB-0383] vs_11_20 is marked do not touch and will be skipped in global connections.
[WARNING ODB-0383] vs_11_21 is marked do not touch and will be skipped in global connections.
[WARNING ODB-0383] vs_11_22 is marked do not touch and will be skipped in global connections.
[WARNING ODB-0383] vs_11_23 is marked do not touch and will be skipped in global connections.
[WARNING ODB-0383] vs_11_24 is marked do not touch and will be skipped in global connections.
[WARNING ODB-0383] vs_11_25 is marked do not touch and will be skipped in global connections.
[WARNING ODB-0383] vs_11_26 is marked do not touch and will be skipped in global connections.
[WARNING ODB-0383] vs_11_27 is marked do not touch and will be skipped in global connections.
[WARNING ODB-0383] vs_11_28 is marked do not touch and will be skipped in global connections.
[WARNING ODB-0383] vs_11_29 is marked do not touch and will be skipped in global connections.
[WARNING ODB-0383] vs_11_3 is marked do not touch and will be skipped in global connections.
[WARNING ODB-0383] vs_11_30 is marked do not touch and will be skipped in global connections.
[WARNING ODB-0383] vs_11_31 is marked do not touch and will be skipped in global connections.
[WARNING ODB-0383] vs_11_32 is marked do not touch and will be skipped in global connections.
[WARNING ODB-0383] vs_11_33 is marked do not touch and will be skipped in global connections.
[WARNING ODB-0383] vs_11_34 is marked do not touch and will be skipped in global connections.
[WARNING ODB-0383] vs_11_35 is marked do not touch and will be skipped in global connections.
[WARNING ODB-0383] vs_11_36 is marked do not touch and will be skipped in global connections.
[WARNING ODB-0383] vs_11_37 is marked do not touch and will be skipped in global connections.
[WARNING ODB-0383] vs_11_38 is marked do not touch and will be skipped in global connections.
[WARNING ODB-0383] vs_11_39 is marked do not touch and will be skipped in global connections.
[WARNING ODB-0383] vs_11_4 is marked do not touch and will be skipped in global connections.
[WARNING ODB-0383] vs_11_40 is marked do not touch and will be skipped in global connections.
[WARNING ODB-0383] vs_11_41 is marked do not touch and will be skipped in global connections.
[WARNING ODB-0383] vs_11_42 is marked do not touch and will be skipped in global connections.
[WARNING ODB-0383] vs_11_43 is marked do not touch and will be skipped in global connections.
[WARNING ODB-0383] vs_11_44 is marked do not touch and will be skipped in global connections.
[WARNING ODB-0383] vs_11_45 is marked do not touch and will be skipped in global connections.
[WARNING ODB-0383] vs_11_46 is marked do not touch and will be skipped in global connections.
[WARNING ODB-0383] vs_11_47 is marked do not touch and will be skipped in global connections.
[WARNING ODB-0383] vs_11_48 is marked do not touch and will be skipped in global connections.
[WARNING ODB-0383] vs_11_49 is marked do not touch and will be skipped in global connections.
[WARNING ODB-0383] vs_11_5 is marked do not touch and will be skipped in global connections.
[WARNING ODB-0383] vs_11_50 is marked do not touch and will be skipped in global connections.
[WARNING ODB-0383] vs_11_51 is marked do not touch and will be skipped in global connections.
[WARNING ODB-0383] vs_11_52 is marked do not touch and will be skipped in global connections.
[WARNING ODB-0383] vs_11_53 is marked do not touch and will be skipped in global connections.
[WARNING ODB-0383] vs_11_54 is marked do not touch and will be skipped in global connections.
[WARNING ODB-0383] vs_11_55 is marked do not touch and will be skipped in global connections.
[WARNING ODB-0383] vs_11_56 is marked do not touch and will be skipped in global connections.
[WARNING ODB-0383] vs_11_57 is marked do not touch and will be skipped in global connections.
[WARNING ODB-0383] vs_11_58 is marked do not touch and will be skipped in global connections.
[WARNING ODB-0383] vs_11_59 is marked do not touch and will be skipped in global connections.
[WARNING ODB-0383] vs_11_6 is marked do not touch and will be skipped in global connections.
[WARNING ODB-0383] vs_11_60 is marked do not touch and will be skipped in global connections.
[WARNING ODB-0383] vs_11_61 is marked do not touch and will be skipped in global connections.
[WARNING ODB-0383] vs_11_62 is marked do not touch and will be skipped in global connections.
[WARNING ODB-0383] vs_11_63 is marked do not touch and will be skipped in global connections.
[WARNING ODB-0383] vs_11_7 is marked do not touch and will be skipped in global connections.
[WARNING ODB-0383] vs_11_8 is marked do not touch and will be skipped in global connections.
[WARNING ODB-0383] vs_11_9 is marked do not touch and will be skipped in global connections.
[WARNING ODB-0383] vs_12_0 is marked do not touch and will be skipped in global connections.
[WARNING ODB-0383] vs_12_1 is marked do not touch and will be skipped in global connections.
[WARNING ODB-0383] vs_12_10 is marked do not touch and will be skipped in global connections.
[WARNING ODB-0383] vs_12_11 is marked do not touch and will be skipped in global connections.
[WARNING ODB-0383] vs_12_12 is marked do not touch and will be skipped in global connections.
[WARNING ODB-0383] vs_12_13 is marked do not touch and will be skipped in global connections.
[WARNING ODB-0383] vs_12_14 is marked do not touch and will be skipped in global connections.
[WARNING ODB-0383] vs_12_15 is marked do not touch and will be skipped in global connections.
[WARNING ODB-0383] vs_12_16 is marked do not touch and will be skipped in global connections.
[WARNING ODB-0383] vs_12_17 is marked do not touch and will be skipped in global connections.
[WARNING ODB-0383] vs_12_18 is marked do not touch and will be skipped in global connections.
[WARNING ODB-0383] vs_12_19 is marked do not touch and will be skipped in global connections.
[WARNING ODB-0383] vs_12_2 is marked do not touch and will be skipped in global connections.
[WARNING ODB-0383] vs_12_20 is marked do not touch and will be skipped in global connections.
[WARNING ODB-0383] vs_12_21 is marked do not touch and will be skipped in global connections.
[WARNING ODB-0383] vs_12_22 is marked do not touch and will be skipped in global connections.
[WARNING ODB-0383] vs_12_23 is marked do not touch and will be skipped in global connections.
[WARNING ODB-0383] vs_12_24 is marked do not touch and will be skipped in global connections.
[WARNING ODB-0383] vs_12_25 is marked do not touch and will be skipped in global connections.
[WARNING ODB-0383] vs_12_26 is marked do not touch and will be skipped in global connections.
[WARNING ODB-0383] vs_12_27 is marked do not touch and will be skipped in global connections.
[WARNING ODB-0383] vs_12_28 is marked do not touch and will be skipped in global connections.
[WARNING ODB-0383] vs_12_29 is marked do not touch and will be skipped in global connections.
[WARNING ODB-0383] vs_12_3 is marked do not touch and will be skipped in global connections.
[WARNING ODB-0383] vs_12_30 is marked do not touch and will be skipped in global connections.
[WARNING ODB-0383] vs_12_31 is marked do not touch and will be skipped in global connections.
[WARNING ODB-0383] vs_12_32 is marked do not touch and will be skipped in global connections.
[WARNING ODB-0383] vs_12_33 is marked do not touch and will be skipped in global connections.
[WARNING ODB-0383] vs_12_34 is marked do not touch and will be skipped in global connections.
[WARNING ODB-0383] vs_12_35 is marked do not touch and will be skipped in global connections.
[WARNING ODB-0383] vs_12_36 is marked do not touch and will be skipped in global connections.
[WARNING ODB-0383] vs_12_37 is marked do not touch and will be skipped in global connections.
[WARNING ODB-0383] vs_12_38 is marked do not touch and will be skipped in global connections.
[WARNING ODB-0383] vs_12_39 is marked do not touch and will be skipped in global connections.
[WARNING ODB-0383] vs_12_4 is marked do not touch and will be skipped in global connections.
[WARNING ODB-0383] vs_12_40 is marked do not touch and will be skipped in global connections.
[WARNING ODB-0383] vs_12_41 is marked do not touch and will be skipped in global connections.
[WARNING ODB-0383] vs_12_42 is marked do not touch and will be skipped in global connections.
[WARNING ODB-0383] vs_12_43 is marked do not touch and will be skipped in global connections.
[WARNING ODB-0383] vs_12_44 is marked do not touch and will be skipped in global connections.
[WARNING ODB-0383] vs_12_45 is marked do not touch and will be skipped in global connections.
[WARNING ODB-0383] vs_12_46 is marked do not touch and will be skipped in global connections.
[WARNING ODB-0383] vs_12_47 is marked do not touch and will be skipped in global connections.
[WARNING ODB-0383] vs_12_48 is marked do not touch and will be skipped in global connections.
[WARNING ODB-0383] vs_12_49 is marked do not touch and will be skipped in global connections.
[WARNING ODB-0383] vs_12_5 is marked do not touch and will be skipped in global connections.
[WARNING ODB-0383] vs_12_50 is marked do not touch and will be skipped in global connections.
[WARNING ODB-0383] vs_12_51 is marked do not touch and will be skipped in global connections.
[WARNING ODB-0383] vs_12_52 is marked do not touch and will be skipped in global connections.
[WARNING ODB-0383] vs_12_53 is marked do not touch and will be skipped in global connections.
[WARNING ODB-0383] vs_12_54 is marked do not touch and will be skipped in global connections.
[WARNING ODB-0383] vs_12_55 is marked do not touch and will be skipped in global connections.
[WARNING ODB-0383] vs_12_56 is marked do not touch and will be skipped in global connections.
[WARNING ODB-0383] vs_12_57 is marked do not touch and will be skipped in global connections.
[WARNING ODB-0383] vs_12_58 is marked do not touch and will be skipped in global connections.
[WARNING ODB-0383] vs_12_59 is marked do not touch and will be skipped in global connections.
[WARNING ODB-0383] vs_12_6 is marked do not touch and will be skipped in global connections.
[WARNING ODB-0383] vs_12_60 is marked do not touch and will be skipped in global connections.
[WARNING ODB-0383] vs_12_61 is marked do not touch and will be skipped in global connections.
[WARNING ODB-0383] vs_12_62 is marked do not touch and will be skipped in global connections.
[WARNING ODB-0383] vs_12_63 is marked do not touch and will be skipped in global connections.
[WARNING ODB-0383] vs_12_7 is marked do not touch and will be skipped in global connections.
[WARNING ODB-0383] vs_12_8 is marked do not touch and will be skipped in global connections.
[WARNING ODB-0383] vs_12_9 is marked do not touch and will be skipped in global connections.
[WARNING ODB-0383] vs_13_0 is marked do not touch and will be skipped in global connections.
[WARNING ODB-0383] vs_13_1 is marked do not touch and will be skipped in global connections.
[WARNING ODB-0383] vs_13_10 is marked do not touch and will be skipped in global connections.
[WARNING ODB-0383] vs_13_11 is marked do not touch and will be skipped in global connections.
[WARNING ODB-0383] vs_13_12 is marked do not touch and will be skipped in global connections.
[WARNING ODB-0383] vs_13_13 is marked do not touch and will be skipped in global connections.
[WARNING ODB-0383] vs_13_14 is marked do not touch and will be skipped in global connections.
[WARNING ODB-0383] vs_13_15 is marked do not touch and will be skipped in global connections.
[WARNING ODB-0383] vs_13_16 is marked do not touch and will be skipped in global connections.
[WARNING ODB-0383] vs_13_17 is marked do not touch and will be skipped in global connections.
[WARNING ODB-0383] vs_13_18 is marked do not touch and will be skipped in global connections.
[WARNING ODB-0383] vs_13_19 is marked do not touch and will be skipped in global connections.
[WARNING ODB-0383] vs_13_2 is marked do not touch and will be skipped in global connections.
[WARNING ODB-0383] vs_13_20 is marked do not touch and will be skipped in global connections.
[WARNING ODB-0383] vs_13_21 is marked do not touch and will be skipped in global connections.
[WARNING ODB-0383] vs_13_22 is marked do not touch and will be skipped in global connections.
[WARNING ODB-0383] vs_13_23 is marked do not touch and will be skipped in global connections.
[WARNING ODB-0383] vs_13_24 is marked do not touch and will be skipped in global connections.
[WARNING ODB-0383] vs_13_25 is marked do not touch and will be skipped in global connections.
[WARNING ODB-0383] vs_13_26 is marked do not touch and will be skipped in global connections.
[WARNING ODB-0383] vs_13_27 is marked do not touch and will be skipped in global connections.
[WARNING ODB-0383] vs_13_28 is marked do not touch and will be skipped in global connections.
[WARNING ODB-0383] vs_13_29 is marked do not touch and will be skipped in global connections.
[WARNING ODB-0383] vs_13_3 is marked do not touch and will be skipped in global connections.
[WARNING ODB-0383] vs_13_30 is marked do not touch and will be skipped in global connections.
[WARNING ODB-0383] vs_13_31 is marked do not touch and will be skipped in global connections.
[WARNING ODB-0383] vs_13_32 is marked do not touch and will be skipped in global connections.
[WARNING ODB-0383] vs_13_33 is marked do not touch and will be skipped in global connections.
[WARNING ODB-0383] vs_13_34 is marked do not touch and will be skipped in global connections.
[WARNING ODB-0383] vs_13_35 is marked do not touch and will be skipped in global connections.
[WARNING ODB-0383] vs_13_36 is marked do not touch and will be skipped in global connections.
[WARNING ODB-0383] vs_13_37 is marked do not touch and will be skipped in global connections.
[WARNING ODB-0383] vs_13_38 is marked do not touch and will be skipped in global connections.
[WARNING ODB-0383] vs_13_39 is marked do not touch and will be skipped in global connections.
[WARNING ODB-0383] vs_13_4 is marked do not touch and will be skipped in global connections.
[WARNING ODB-0383] vs_13_40 is marked do not touch and will be skipped in global connections.
[WARNING ODB-0383] vs_13_41 is marked do not touch and will be skipped in global connections.
[WARNING ODB-0383] vs_13_42 is marked do not touch and will be skipped in global connections.
[WARNING ODB-0383] vs_13_43 is marked do not touch and will be skipped in global connections.
[WARNING ODB-0383] vs_13_44 is marked do not touch and will be skipped in global connections.
[WARNING ODB-0383] vs_13_45 is marked do not touch and will be skipped in global connections.
[WARNING ODB-0383] vs_13_46 is marked do not touch and will be skipped in global connections.
[WARNING ODB-0383] vs_13_47 is marked do not touch and will be skipped in global connections.
[WARNING ODB-0383] vs_13_48 is marked do not touch and will be skipped in global connections.
[WARNING ODB-0383] vs_13_49 is marked do not touch and will be skipped in global connections.
[WARNING ODB-0383] vs_13_5 is marked do not touch and will be skipped in global connections.
[WARNING ODB-0383] vs_13_50 is marked do not touch and will be skipped in global connections.
[WARNING ODB-0383] vs_13_51 is marked do not touch and will be skipped in global connections.
[WARNING ODB-0383] vs_13_52 is marked do not touch and will be skipped in global connections.
[WARNING ODB-0383] vs_13_53 is marked do not touch and will be skipped in global connections.
[WARNING ODB-0383] vs_13_54 is marked do not touch and will be skipped in global connections.
[WARNING ODB-0383] vs_13_55 is marked do not touch and will be skipped in global connections.
[WARNING ODB-0383] vs_13_56 is marked do not touch and will be skipped in global connections.
[WARNING ODB-0383] vs_13_57 is marked do not touch and will be skipped in global connections.
[WARNING ODB-0383] vs_13_58 is marked do not touch and will be skipped in global connections.
[WARNING ODB-0383] vs_13_59 is marked do not touch and will be skipped in global connections.
[WARNING ODB-0383] vs_13_6 is marked do not touch and will be skipped in global connections.
[WARNING ODB-0383] vs_13_60 is marked do not touch and will be skipped in global connections.
[WARNING ODB-0383] vs_13_61 is marked do not touch and will be skipped in global connections.
[WARNING ODB-0383] vs_13_62 is marked do not touch and will be skipped in global connections.
[WARNING ODB-0383] vs_13_63 is marked do not touch and will be skipped in global connections.
[WARNING ODB-0383] vs_13_7 is marked do not touch and will be skipped in global connections.
[WARNING ODB-0383] vs_13_8 is marked do not touch and will be skipped in global connections.
[WARNING ODB-0383] vs_13_9 is marked do not touch and will be skipped in global connections.
[WARNING ODB-0383] vs_14_0 is marked do not touch and will be skipped in global connections.
[WARNING ODB-0383] vs_14_1 is marked do not touch and will be skipped in global connections.
[WARNING ODB-0383] vs_14_10 is marked do not touch and will be skipped in global connections.
[WARNING ODB-0383] vs_14_11 is marked do not touch and will be skipped in global connections.
[WARNING ODB-0383] vs_14_12 is marked do not touch and will be skipped in global connections.
[WARNING ODB-0383] vs_14_13 is marked do not touch and will be skipped in global connections.
[WARNING ODB-0383] vs_14_14 is marked do not touch and will be skipped in global connections.
[WARNING ODB-0383] vs_14_15 is marked do not touch and will be skipped in global connections.
[WARNING ODB-0383] vs_14_16 is marked do not touch and will be skipped in global connections.
[WARNING ODB-0383] vs_14_17 is marked do not touch and will be skipped in global connections.
[WARNING ODB-0383] vs_14_18 is marked do not touch and will be skipped in global connections.
[WARNING ODB-0383] vs_14_19 is marked do not touch and will be skipped in global connections.
[WARNING ODB-0383] vs_14_2 is marked do not touch and will be skipped in global connections.
[WARNING ODB-0383] vs_14_20 is marked do not touch and will be skipped in global connections.
[WARNING ODB-0383] vs_14_21 is marked do not touch and will be skipped in global connections.
[WARNING ODB-0383] vs_14_22 is marked do not touch and will be skipped in global connections.
[WARNING ODB-0383] vs_14_23 is marked do not touch and will be skipped in global connections.
[WARNING ODB-0383] vs_14_24 is marked do not touch and will be skipped in global connections.
[WARNING ODB-0383] vs_14_25 is marked do not touch and will be skipped in global connections.
[WARNING ODB-0383] vs_14_26 is marked do not touch and will be skipped in global connections.
[WARNING ODB-0383] vs_14_27 is marked do not touch and will be skipped in global connections.
[WARNING ODB-0383] vs_14_28 is marked do not touch and will be skipped in global connections.
[WARNING ODB-0383] vs_14_29 is marked do not touch and will be skipped in global connections.
[WARNING ODB-0383] vs_14_3 is marked do not touch and will be skipped in global connections.
[WARNING ODB-0383] vs_14_30 is marked do not touch and will be skipped in global connections.
[WARNING ODB-0383] vs_14_31 is marked do not touch and will be skipped in global connections.
[WARNING ODB-0383] vs_14_32 is marked do not touch and will be skipped in global connections.
[WARNING ODB-0383] vs_14_33 is marked do not touch and will be skipped in global connections.
[WARNING ODB-0383] vs_14_34 is marked do not touch and will be skipped in global connections.
[WARNING ODB-0383] vs_14_35 is marked do not touch and will be skipped in global connections.
[WARNING ODB-0383] vs_14_36 is marked do not touch and will be skipped in global connections.
[WARNING ODB-0383] vs_14_37 is marked do not touch and will be skipped in global connections.
[WARNING ODB-0383] vs_14_38 is marked do not touch and will be skipped in global connections.
[WARNING ODB-0383] vs_14_39 is marked do not touch and will be skipped in global connections.
[WARNING ODB-0383] vs_14_4 is marked do not touch and will be skipped in global connections.
[WARNING ODB-0383] vs_14_40 is marked do not touch and will be skipped in global connections.
[WARNING ODB-0383] vs_14_41 is marked do not touch and will be skipped in global connections.
[WARNING ODB-0383] vs_14_42 is marked do not touch and will be skipped in global connections.
[WARNING ODB-0383] vs_14_43 is marked do not touch and will be skipped in global connections.
[WARNING ODB-0383] vs_14_44 is marked do not touch and will be skipped in global connections.
[WARNING ODB-0383] vs_14_45 is marked do not touch and will be skipped in global connections.
[WARNING ODB-0383] vs_14_46 is marked do not touch and will be skipped in global connections.
[WARNING ODB-0383] vs_14_47 is marked do not touch and will be skipped in global connections.
[WARNING ODB-0383] vs_14_48 is marked do not touch and will be skipped in global connections.
[WARNING ODB-0383] vs_14_49 is marked do not touch and will be skipped in global connections.
[WARNING ODB-0383] vs_14_5 is marked do not touch and will be skipped in global connections.
[WARNING ODB-0383] vs_14_50 is marked do not touch and will be skipped in global connections.
[WARNING ODB-0383] vs_14_51 is marked do not touch and will be skipped in global connections.
[WARNING ODB-0383] vs_14_52 is marked do not touch and will be skipped in global connections.
[WARNING ODB-0383] vs_14_53 is marked do not touch and will be skipped in global connections.
[WARNING ODB-0383] vs_14_54 is marked do not touch and will be skipped in global connections.
[WARNING ODB-0383] vs_14_55 is marked do not touch and will be skipped in global connections.
[WARNING ODB-0383] vs_14_56 is marked do not touch and will be skipped in global connections.
[WARNING ODB-0383] vs_14_57 is marked do not touch and will be skipped in global connections.
[WARNING ODB-0383] vs_14_58 is marked do not touch and will be skipped in global connections.
[WARNING ODB-0383] vs_14_59 is marked do not touch and will be skipped in global connections.
[WARNING ODB-0383] vs_14_6 is marked do not touch and will be skipped in global connections.
[WARNING ODB-0383] vs_14_60 is marked do not touch and will be skipped in global connections.
[WARNING ODB-0383] vs_14_61 is marked do not touch and will be skipped in global connections.
[WARNING ODB-0383] vs_14_62 is marked do not touch and will be skipped in global connections.
[WARNING ODB-0383] vs_14_63 is marked do not touch and will be skipped in global connections.
[WARNING ODB-0383] vs_14_7 is marked do not touch and will be skipped in global connections.
[WARNING ODB-0383] vs_14_8 is marked do not touch and will be skipped in global connections.
[WARNING ODB-0383] vs_14_9 is marked do not touch and will be skipped in global connections.
[WARNING ODB-0383] vs_15_0 is marked do not touch and will be skipped in global connections.
[WARNING ODB-0383] vs_15_1 is marked do not touch and will be skipped in global connections.
[WARNING ODB-0383] vs_15_10 is marked do not touch and will be skipped in global connections.
[WARNING ODB-0383] vs_15_11 is marked do not touch and will be skipped in global connections.
[WARNING ODB-0383] vs_15_12 is marked do not touch and will be skipped in global connections.
[WARNING ODB-0383] vs_15_13 is marked do not touch and will be skipped in global connections.
[WARNING ODB-0383] vs_15_14 is marked do not touch and will be skipped in global connections.
[WARNING ODB-0383] vs_15_15 is marked do not touch and will be skipped in global connections.
[WARNING ODB-0383] vs_15_16 is marked do not touch and will be skipped in global connections.
[WARNING ODB-0383] vs_15_17 is marked do not touch and will be skipped in global connections.
[WARNING ODB-0383] vs_15_18 is marked do not touch and will be skipped in global connections.
[WARNING ODB-0383] vs_15_19 is marked do not touch and will be skipped in global connections.
[WARNING ODB-0383] vs_15_2 is marked do not touch and will be skipped in global connections.
[WARNING ODB-0383] vs_15_20 is marked do not touch and will be skipped in global connections.
[WARNING ODB-0383] vs_15_21 is marked do not touch and will be skipped in global connections.
[WARNING ODB-0383] vs_15_22 is marked do not touch and will be skipped in global connections.
[WARNING ODB-0383] vs_15_23 is marked do not touch and will be skipped in global connections.
[WARNING ODB-0383] vs_15_24 is marked do not touch and will be skipped in global connections.
[WARNING ODB-0383] vs_15_25 is marked do not touch and will be skipped in global connections.
[WARNING ODB-0383] vs_15_26 is marked do not touch and will be skipped in global connections.
[WARNING ODB-0383] vs_15_27 is marked do not touch and will be skipped in global connections.
[WARNING ODB-0383] vs_15_28 is marked do not touch and will be skipped in global connections.
[WARNING ODB-0383] vs_15_29 is marked do not touch and will be skipped in global connections.
[WARNING ODB-0383] vs_15_3 is marked do not touch and will be skipped in global connections.
[WARNING ODB-0383] vs_15_30 is marked do not touch and will be skipped in global connections.
[WARNING ODB-0383] vs_15_31 is marked do not touch and will be skipped in global connections.
[WARNING ODB-0383] vs_15_32 is marked do not touch and will be skipped in global connections.
[WARNING ODB-0383] vs_15_33 is marked do not touch and will be skipped in global connections.
[WARNING ODB-0383] vs_15_34 is marked do not touch and will be skipped in global connections.
[WARNING ODB-0383] vs_15_35 is marked do not touch and will be skipped in global connections.
[WARNING ODB-0383] vs_15_36 is marked do not touch and will be skipped in global connections.
[WARNING ODB-0383] vs_15_37 is marked do not touch and will be skipped in global connections.
[WARNING ODB-0383] vs_15_38 is marked do not touch and will be skipped in global connections.
[WARNING ODB-0383] vs_15_39 is marked do not touch and will be skipped in global connections.
[WARNING ODB-0383] vs_15_4 is marked do not touch and will be skipped in global connections.
[WARNING ODB-0383] vs_15_40 is marked do not touch and will be skipped in global connections.
[WARNING ODB-0383] vs_15_41 is marked do not touch and will be skipped in global connections.
[WARNING ODB-0383] vs_15_42 is marked do not touch and will be skipped in global connections.
[WARNING ODB-0383] vs_15_43 is marked do not touch and will be skipped in global connections.
[WARNING ODB-0383] vs_15_44 is marked do not touch and will be skipped in global connections.
[WARNING ODB-0383] message limit (1000) reached. This message will no longer print.
[INFO PDN-0001] Inserting grid: grid
[INFO PDN-0500] Runtime: 0.04s
source /work/cells/struct_pc2.tcl
R2: placed 4224 programmable-pin cells FIRM in 64 bands
Design area 281454 um^2 69% utilization.
write_db /work/orfs/results/sky130hd/g2s_pc2_u67/base/2_4_floorplan_pdn.odb
Elapsed time: 0:02.18[h:]min:sec. CPU time: user 1.81 sys 0.10 (87%). Peak memory: 155740KB.
Log                       Ext     Elapsed/s Peak Memory/MB sha1sum result [0:20)
2_4_floorplan_pdn         .odb            2            152 870d1f94b684c92aa46c
cp /work/orfs/results/sky130hd/g2s_pc2_u67/base/2_4_floorplan_pdn.odb /work/orfs/results/sky130hd/g2s_pc2_u67/base/2_floorplan.odb
cp /work/orfs/results/sky130hd/g2s_pc2_u67/base/2_1_floorplan.sdc /work/orfs/results/sky130hd/g2s_pc2_u67/base/2_floorplan.sdc
/OpenROAD-flow-scripts/flow/scripts/flow.sh 3_1_place_gp_skip_io global_place_skip_io
Running global_place_skip_io.tcl, stage 3_1_place_gp_skip_io
read_liberty /OpenROAD-flow-scripts/flow/platforms/sky130hd/lib/sky130_fd_sc_hd__tt_025C_1v80.lib
read_liberty /work/cells/g2_cells.lib
read_db /work/orfs/results/sky130hd/g2s_pc2_u67/base/2_floorplan.odb
read_sdc /work/orfs/results/sky130hd/g2s_pc2_u67/base/2_floorplan.sdc
source /OpenROAD-flow-scripts/flow/platforms/sky130hd/setRC.tcl
global_placement -skip_io -density 0.6 -pad_left 0 -pad_right 0
[INFO GPL-0001] ---- Initialize GPL Main Data Structures
[INFO GPL-0002] DBU: 1000
[INFO GPL-0003] SiteSize: (  0.460  2.720 ) um
[INFO GPL-0004] CoreBBox: (  2.300  2.720 ) ( 641.240 639.200 ) um
[INFO GPL-0016] Core area:                  406672.531 um^2
[INFO GPL-0036] Movable instances area:     252881.283 um^2
[INFO GPL-0037] Total instances area:       281453.686 um^2
[INFO GPL-0035] Pin density area adjust:     14946.081 um^2
[INFO GPL-0032] ---- Initialize Region: Top-level
[INFO GPL-0006] Number of instances:             35838
[INFO GPL-0007] Movable instances:               26186
[INFO GPL-0008] Fixed instances:                  9652
[INFO GPL-0009] Dummy instances:                     0
[INFO GPL-0010] Number of nets:                  30348
[INFO GPL-0011] Number of pins:                  88798
[INFO GPL-0012] Die BBox:       (  0.000  0.000 ) ( 643.380 643.380 ) um
[INFO GPL-0013] Placement BBox: (  2.300  2.720 ) ( 641.240 639.200 ) um
[INFO GPL-0014] Region name: top-level.
[INFO GPL-0015] Region area:                406672.531 um^2
[INFO GPL-0017] Fixed instances area:        28572.403 um^2
[INFO GPL-0018] Movable instances area:     267827.365 um^2
[INFO GPL-0019] Utilization:                    70.835 %
[INFO GPL-0020] Standard cells area:        267827.365 um^2
[INFO GPL-0021] Large instances area:            0.000 um^2
[INFO GPL-0005] ---- Execute Conjugate Gradient Initial Placement.
[INFO GPL-0051] Source of initial instance position counters:
	Odb location = 0	Core center = 26186	Region center = 0
[INFO GPL-0033] ---- Initialize Nesterov Region: Top-level
[WARNING GPL-0302] Target density 0.6000 is too low for the available free area.
Automatically adjusting to uniform density 0.7100.
[INFO GPL-0023] Placement target density:       0.7100
[INFO GPL-0024] Movable insts average area:     10.228 um^2
[INFO GPL-0025] Ideal bin area:                 14.405 um^2
[INFO GPL-0026] Ideal bin count:                 28230
[INFO GPL-0027] Total bin area:             406672.531 um^2
[INFO GPL-0028] Bin count (X, Y):         128 ,    128
[INFO GPL-0029] Bin size (W * H):       4.992 *  4.973 um
[INFO GPL-0030] Number of bins:                  16384
[INFO GPL-0084] ---- Execute Nesterov Global Placement.
[INFO GPL-0031] HPWL: Half-Perimeter Wirelength
Iteration | Overflow |     HPWL (um) |  HPWL(%) |   Penalty | Group
---------------------------------------------------------------
        0 |   0.9025 |  1.462368e+06 |   +0.00% |  1.92e-14 |      
       10 |   0.6428 |  8.984634e+05 |  -38.56% |  3.12e-14 |      
       20 |   0.5624 |  7.192637e+05 |  -19.95% |  5.08e-14 |      
       30 |   0.5350 |  6.020370e+05 |  -16.30% |  8.28e-14 |      
       40 |   0.5350 |  5.521665e+05 |   -8.28% |  1.35e-13 |      
       50 |   0.5295 |  5.463384e+05 |   -1.06% |  2.20e-13 |      
       60 |   0.5322 |  5.395340e+05 |   -1.25% |  3.58e-13 |      
       70 |   0.5402 |  5.169179e+05 |   -4.19% |  5.83e-13 |      
       80 |   0.5422 |  4.911306e+05 |   -4.99% |  9.49e-13 |      
       90 |   0.5376 |  4.748188e+05 |   -3.32% |  1.55e-12 |      
      100 |   0.5370 |  4.700679e+05 |   -1.00% |  2.52e-12 |      
      110 |   0.5362 |  4.687598e+05 |   -0.28% |  4.10e-12 |      
      120 |   0.5379 |  4.678736e+05 |   -0.19% |  6.68e-12 |      
      130 |   0.5432 |  4.667687e+05 |   -0.24% |  1.09e-11 |      
      140 |   0.5413 |  4.638941e+05 |   -0.62% |  1.77e-11 |      
      150 |   0.5446 |  4.609148e+05 |   -0.64% |  2.89e-11 |      
      160 |   0.5410 |  4.620571e+05 |   +0.25% |  4.70e-11 |      
      170 |   0.5358 |  4.641935e+05 |   +0.46% |  7.66e-11 |      
      180 |   0.5382 |  4.670454e+05 |   +0.61% |  1.25e-10 |      
      190 |   0.5290 |  4.726831e+05 |   +1.21% |  2.03e-10 |      
      200 |   0.5123 |  4.840817e+05 |   +2.41% |  3.31e-10 |      
      210 |   0.4662 |  5.119623e+05 |   +5.76% |  5.38e-10 |      
      220 |   0.4072 |  5.480971e+05 |   +7.06% |  8.76e-10 |      
      230 |   0.4047 |  5.885979e+05 |   +7.39% |  1.42e-09 |      
      240 |   0.3865 |  6.394571e+05 |   +8.64% |  2.32e-09 |      
      250 |   0.3630 |  6.645020e+05 |   +3.92% |  3.77e-09 |      
      260 |   0.3470 |  6.612445e+05 |   -0.49% |  6.14e-09 |      
      270 |   0.3368 |  6.553030e+05 |   -0.90% |  9.14e-09 |      
      280 |   0.3276 |  6.486295e+05 |   -1.02% |  1.35e-08 |      
      290 |   0.3094 |  6.443486e+05 |   -0.66% |  1.98e-08 |      
      300 |   0.2906 |  6.394386e+05 |   -0.76% |  2.92e-08 |      
      310 |   0.2701 |  6.351141e+05 |   -0.68% |  4.30e-08 |      
      320 |   0.2491 |  6.312782e+05 |   -0.60% |  6.34e-08 |      
      330 |   0.2276 |  6.291934e+05 |   -0.33% |  9.34e-08 |      
      340 |   0.2055 |  6.282594e+05 |   -0.15% |  1.38e-07 |      
      350 |   0.1866 |  6.282424e+05 |   -0.00% |  2.03e-07 |      
      360 |   0.1669 |  6.287030e+05 |   +0.07% |  2.98e-07 |      
      370 |   0.1491 |  6.297201e+05 |   +0.16% |  4.40e-07 |      
      380 |   0.1330 |  6.311496e+05 |   +0.23% |  6.48e-07 |      
      390 |   0.1183 |  6.328893e+05 |   +0.28% |  9.54e-07 |      
      400 |   0.1030 |  6.347616e+05 |   +0.30% |  1.41e-06 |      
      403 |   0.0992 |  6.353061e+05 |          |  1.64e-06 |      
---------------------------------------------------------------
[INFO GPL-1001] Global placement finished at iteration 403
[INFO GPL-1002] Placed Cell Area            267827.3645
[INFO GPL-1003] Available Free Area         378100.1280
[INFO GPL-1004] Minimum Feasible Density        0.7100 (cell_area / free_area)
[INFO GPL-1006]   Suggested Target Densities:
[INFO GPL-1007]     - For 90% usage of free space: 0.7871
[INFO GPL-1008]     - For 80% usage of free space: 0.8854
[INFO GPL-1014] Final placement area: 267827.36 (+0.00%)
[INFO GPL-1018] Final HPWL (um): 636257.28
Took 6 seconds: global_placement -skip_io -density 0.6 -pad_left 0 -pad_right 0
Design area 281454 um^2 69% utilization.
write_db /work/orfs/results/sky130hd/g2s_pc2_u67/base/3_1_place_gp_skip_io.odb
Elapsed time: 0:06.24[h:]min:sec. CPU time: user 5.61 sys 0.17 (92%). Peak memory: 188992KB.
Log                       Ext     Elapsed/s Peak Memory/MB sha1sum result [0:20)
3_1_place_gp_skip_io      .odb            6            184 1a12f47288182e622dd6
/OpenROAD-flow-scripts/flow/scripts/flow.sh 3_2_place_iop io_placement
Running io_placement.tcl, stage 3_2_place_iop
read_liberty /OpenROAD-flow-scripts/flow/platforms/sky130hd/lib/sky130_fd_sc_hd__tt_025C_1v80.lib
read_liberty /work/cells/g2_cells.lib
read_db /work/orfs/results/sky130hd/g2s_pc2_u67/base/3_1_place_gp_skip_io.odb
read_sdc /work/orfs/results/sky130hd/g2s_pc2_u67/base/2_floorplan.sdc
source /OpenROAD-flow-scripts/flow/platforms/sky130hd/setRC.tcl
place_pins -hor_layers met3 -ver_layers met2
Found 0 macro blocks.
Using 2 tracks default min distance between IO pins.
[INFO PPL-0001] Number of available slots 2334
[INFO PPL-0002] Number of I/O             194
[INFO PPL-0003] Number of I/O w/sink      194
[INFO PPL-0004] Number of I/O w/o sink    0
[INFO PPL-0005] Slots per section         200
[INFO PPL-0008] Successfully assigned pins to sections.
[INFO PPL-0012] I/O nets HPWL: 19561.88 um.
Design area 281454 um^2 69% utilization.
write_db /work/orfs/results/sky130hd/g2s_pc2_u67/base/3_2_place_iop.odb
Elapsed time: 0:00.70[h:]min:sec. CPU time: user 0.48 sys 0.09 (81%). Peak memory: 146380KB.
Log                       Ext     Elapsed/s Peak Memory/MB sha1sum result [0:20)
3_2_place_iop             .odb            0            142 b52b280127ac54fe4252
/OpenROAD-flow-scripts/flow/scripts/flow.sh 3_3_place_gp global_place
Running global_place.tcl, stage 3_3_place_gp
read_liberty /OpenROAD-flow-scripts/flow/platforms/sky130hd/lib/sky130_fd_sc_hd__tt_025C_1v80.lib
read_liberty /work/cells/g2_cells.lib
read_db /work/orfs/results/sky130hd/g2s_pc2_u67/base/3_2_place_iop.odb
read_sdc /work/orfs/results/sky130hd/g2s_pc2_u67/base/2_floorplan.sdc
source /OpenROAD-flow-scripts/flow/platforms/sky130hd/setRC.tcl
[INFO RSZ-0026] Removed 0 buffers.
Perform port buffering...
[INFO RSZ-0027] Inserted 65 sky130_fd_sc_hd__clkdlybuf4s50_1 input buffers.
[INFO RSZ-0028] Inserted 128 sky130_fd_sc_hd__clkdlybuf4s50_1 output buffers.
global_placement -density 0.6 -pad_left 0 -pad_right 0 -routability_driven -timing_driven -force_center_initial_place -min_phi_coef 0.95 -max_phi_coef 1.05
[INFO GPL-0001] ---- Initialize GPL Main Data Structures
[INFO GPL-0002] DBU: 1000
[INFO GPL-0003] SiteSize: (  0.460  2.720 ) um
[INFO GPL-0004] CoreBBox: (  2.300  2.720 ) ( 641.240 639.200 ) um
[INFO GPL-0016] Core area:                  406672.531 um^2
[INFO GPL-0036] Movable instances area:     254813.136 um^2
[INFO GPL-0037] Total instances area:       283385.539 um^2
[INFO GPL-0035] Pin density area adjust:     15307.131 um^2
[INFO GPL-0032] ---- Initialize Region: Top-level
[INFO GPL-0006] Number of instances:             36031
[INFO GPL-0007] Movable instances:               26379
[INFO GPL-0008] Fixed instances:                  9652
[INFO GPL-0009] Dummy instances:                     0
[INFO GPL-0010] Number of nets:                  30541
[INFO GPL-0011] Number of pins:                  89378
[INFO GPL-0012] Die BBox:       (  0.000  0.000 ) ( 643.380 643.380 ) um
[INFO GPL-0013] Placement BBox: (  2.300  2.720 ) ( 641.240 639.200 ) um
[INFO GPL-0014] Region name: top-level.
[INFO GPL-0015] Region area:                406672.531 um^2
[INFO GPL-0017] Fixed instances area:        28572.403 um^2
[INFO GPL-0018] Movable instances area:     270120.267 um^2
[INFO GPL-0019] Utilization:                    71.441 %
[INFO GPL-0020] Standard cells area:        270120.267 um^2
[INFO GPL-0021] Large instances area:            0.000 um^2
[INFO GPL-0005] ---- Execute Conjugate Gradient Initial Placement.
[INFO GPL-0051] Source of initial instance position counters:
	Odb location = 0	Core center = 26379	Region center = 0
[InitialPlace]  Iter: 1 conjugate gradient residual: 0.00118339 HPWL: 856334743
[InitialPlace]  Iter: 2 conjugate gradient residual: 0.00010457 HPWL: 1098325590
[InitialPlace]  Iter: 3 conjugate gradient residual: 0.00001309 HPWL: 887851093
[InitialPlace]  Iter: 4 conjugate gradient residual: 0.00002078 HPWL: 833610232
[InitialPlace]  Iter: 5 conjugate gradient residual: 0.00001769 HPWL: 775195268
[InitialPlace]  Iter: 6 conjugate gradient residual: 0.00004304 HPWL: 727368015
[InitialPlace]  Iter: 7 conjugate gradient residual: 0.00001467 HPWL: 690118736
[InitialPlace]  Iter: 8 conjugate gradient residual: 0.00000263 HPWL: 665192813
[INFO GPL-0033] ---- Initialize Nesterov Region: Top-level
[WARNING GPL-0302] Target density 0.6000 is too low for the available free area.
Automatically adjusting to uniform density 0.7200.
[INFO GPL-0023] Placement target density:       0.7200
[INFO GPL-0024] Movable insts average area:     10.240 um^2
[INFO GPL-0025] Ideal bin area:                 14.222 um^2
[INFO GPL-0026] Ideal bin count:                 28594
[INFO GPL-0027] Total bin area:             406672.531 um^2
[INFO GPL-0028] Bin count (X, Y):         128 ,    128
[INFO GPL-0029] Bin size (W * H):       4.992 *  4.973 um
[INFO GPL-0030] Number of bins:                  16384
[INFO GPL-0084] ---- Execute Nesterov Global Placement.
[INFO GPL-0031] HPWL: Half-Perimeter Wirelength
Iteration | Overflow |     HPWL (um) |  HPWL(%) |   Penalty | Group
---------------------------------------------------------------
        0 |   0.5854 |  4.914799e+05 |   +0.00% |  8.70e-14 |      
[INFO GPL-0100] Timing-driven iteration 1/2, virtual: false.
[INFO GPL-0101]    Iter: 1, overflow: 0.585, keep resizer changes at: 1, HPWL: 491479942
Iteration |   Area    | Resized | Buffers | Nets repaired | Remaining
---------------------------------------------------------------------
        0 |     +0.0% |       0 |       0 |             0 |     30669
    final |     +0.2% |       7 |      73 |             8 |         0
---------------------------------------------------------------------
[INFO RSZ-0034] Found 8 slew violations.
[INFO RSZ-0035] Found 8 fanout violations.
[INFO RSZ-0039] Resized 7 instances.
[INFO RSZ-0038] Inserted 73 buffers in 8 nets.
   Iter   |    Area   | Removed | Inserted |   Pins
          |           | Buffers | Buffers  | Remaining
-------------------------------------------------------
        0 |     +0.0% |       0 |        0 |     25739
     2500 |     +0.6% |       0 |      228 |     23239
     5000 |     +1.5% |       0 |      572 |     20739
     7500 |     +1.9% |       0 |      728 |     18239
    10000 |     +2.5% |       0 |      964 |     15739
    12500 |     +3.6% |       0 |     1378 |     13239
    15000 |     +5.1% |       0 |     1914 |     10739
    17500 |     +6.1% |       0 |     2311 |      8239
    20000 |     +6.9% |       0 |     2612 |      5739
    22500 |     +7.3% |       0 |     2751 |      3239
    25000 |     +8.0% |       0 |     3041 |       739
    final |     +8.5% |      73 |     3305 |         0
-------------------------------------------------------
[INFO GPL-0106] Timing-driven: worst slack -6.1864003e-10
[INFO GPL-0107] Timing-driven: repair_design delta area: 24873.855 um^2 (+9.21%)
[INFO GPL-0108] Timing-driven: repair_design, gpl delta gcells: 3305 (+12.53%)
[INFO GPL-0109] Timing-driven: repair_design, gcells created: 3378, deleted: 73
[INFO GPL-0110] Timing-driven: new target density: 0.78578645
[INFO GPL-0038] Routability snapshot saved at iter = 1
        0 |   0.5854 |  5.026093e+05 |          |           |      
Iteration | Overflow |     HPWL (um) |  HPWL(%) |   Penalty | Group
---------------------------------------------------------------
       10 |   0.5532 |  5.135534e+05 |   +4.49% |  1.41e-13 |      
       20 |   0.5243 |  5.263433e+05 |   +2.49% |  2.29e-13 |      
       30 |   0.5254 |  5.275447e+05 |   +0.23% |  3.73e-13 |      
       40 |   0.5353 |  5.293568e+05 |   +0.34% |  6.07e-13 |      
       50 |   0.5450 |  5.328619e+05 |   +0.66% |  9.88e-13 |      
       60 |   0.5536 |  5.341019e+05 |   +0.23% |  1.61e-12 |      
       70 |   0.5518 |  5.335603e+05 |   -0.10% |  2.62e-12 |      
       80 |   0.5495 |  5.342641e+05 |   +0.13% |  4.27e-12 |      
       90 |   0.5491 |  5.352990e+05 |   +0.19% |  6.95e-12 |      
      100 |   0.5479 |  5.358763e+05 |   +0.11% |  1.13e-11 |      
      110 |   0.5485 |  5.361102e+05 |   +0.04% |  1.85e-11 |      
      120 |   0.5478 |  5.363084e+05 |   +0.04% |  3.01e-11 |      
      130 |   0.5451 |  5.365569e+05 |   +0.05% |  4.90e-11 |      
      140 |   0.5406 |  5.370251e+05 |   +0.09% |  7.97e-11 |      
      150 |   0.5330 |  5.378074e+05 |   +0.15% |  1.30e-10 |      
      160 |   0.5185 |  5.387128e+05 |   +0.17% |  2.12e-10 |      
      170 |   0.5049 |  5.410296e+05 |   +0.43% |  3.44e-10 |      
      180 |   0.4858 |  5.479445e+05 |   +1.28% |  5.61e-10 |      
      190 |   0.4732 |  5.663195e+05 |   +3.35% |  9.12e-10 |      
      200 |   0.4542 |  6.007820e+05 |   +6.09% |  1.48e-09 |      
      210 |   0.4254 |  6.550735e+05 |   +9.04% |  2.40e-09 |      
      220 |   0.3989 |  7.215726e+05 |  +10.15% |  3.88e-09 |      
      230 |   0.3834 |  7.648141e+05 |   +5.99% |  6.28e-09 |      
      240 |   0.3574 |  7.836613e+05 |   +2.46% |  1.02e-08 |      
      250 |   0.3456 |  7.823670e+05 |   -0.17% |  1.57e-08 |      
      260 |   0.3218 |  7.777589e+05 |   -0.59% |  2.31e-08 |      
      270 |   0.3032 |  7.836973e+05 |   +0.76% |  3.40e-08 |      
[INFO GPL-0040] Routability iteration: 1
[WARNING GRT-0281] Net clk has a large fanout of 4363 terminals.
[INFO GPL-0088] Tiles the placer can act on: 6775 of 8649 (78.33%)
[INFO GPL-0041] Total routing overflow: 525.8826
[INFO GPL-0042] Number of overflowed tiles: 1667 (24.61%)
[INFO GPL-0043] Average top 0.5% routing congestion: 2.4530
[INFO GPL-0044] Average top 1.0% routing congestion: 2.2808
[INFO GPL-0045] Average top 2.0% routing congestion: 2.0771
[INFO GPL-0046] Average top 5.0% routing congestion: 1.7888
[INFO GPL-0047] Routability iteration weighted routing congestion: 2.3669
[INFO GPL-0048] Routing congestion (2.3669) lower than previous minimum (1e+30). Updating minimum.
[INFO GPL-0099] Routability inflation trimmed to 13.65% of what this iteration asked for; 25.00% of the 30.00% budget still unspent.
[INFO GPL-0086] Inflated area:               13462.180 um^2 (+4.56%)
[INFO GPL-0052] Placement target density:       0.7858
[INFO GPL-0076] Removing fillers, count: Before: 205, After: 0 (-100.00%)
[INFO GPL-0077] Filler area (um^2)     : Before: 2111.837, After: 0.000 (-100.00%)
[INFO GPL-0078] Removed fillers count: 205, area removed: 2110.344 um^2. Remaining area to be compensated by modifying density: 11351.836 um^2
[INFO GPL-0079] New target density: 0.81580585
[INFO GPL-0058] White space area:           378100.128 um^2 (+0.00%)
[INFO GPL-0059] Movable instances area:     308456.292 um^2 (+3.82%)
[INFO GPL-0060] Total filler area:               0.000 um^2 (-100.00%)
[INFO GPL-0061] Total non-inflated area:    308456.303 um^2 (+3.82%)
[INFO GPL-0062] Total inflated area:        321918.483 um^2 (+3.65%)
[INFO GPL-0063] New Target Density:             0.8158
[INFO GPL-0087] Routability end iteration: increase inflation and revert back to snapshot.
Iteration | Overflow |     HPWL (um) |  HPWL(%) |   Penalty | Group
---------------------------------------------------------------
      280 |   0.5747 |  5.092532e+05 |   +0.00% |  1.19e-13 |      
      290 |   0.5316 |  5.262785e+05 |   +3.34% |  1.75e-13 |      
      300 |   0.5301 |  5.284137e+05 |   +0.41% |  2.58e-13 |      
      310 |   0.5389 |  5.298543e+05 |   +0.27% |  3.80e-13 |      
      320 |   0.5481 |  5.338949e+05 |   +0.76% |  5.60e-13 |      
      330 |   0.5581 |  5.353930e+05 |   +0.28% |  8.25e-13 |      
      340 |   0.5572 |  5.349033e+05 |   -0.09% |  1.22e-12 |      
      350 |   0.5544 |  5.356266e+05 |   +0.14% |  1.79e-12 |      
      360 |   0.5529 |  5.364225e+05 |   +0.15% |  2.64e-12 |      
      370 |   0.5518 |  5.367219e+05 |   +0.06% |  3.88e-12 |      
      380 |   0.5527 |  5.368128e+05 |   +0.02% |  5.72e-12 |      
      390 |   0.5536 |  5.369150e+05 |   +0.02% |  8.43e-12 |      
      400 |   0.5535 |  5.371363e+05 |   +0.04% |  1.24e-11 |      
      410 |   0.5521 |  5.375019e+05 |   +0.07% |  1.83e-11 |      
      420 |   0.5502 |  5.379074e+05 |   +0.08% |  2.69e-11 |      
      430 |   0.5475 |  5.381635e+05 |   +0.05% |  3.97e-11 |      
      440 |   0.5439 |  5.382163e+05 |   +0.01% |  5.85e-11 |      
      450 |   0.5402 |  5.382790e+05 |   +0.01% |  8.61e-11 |      
      460 |   0.5326 |  5.386883e+05 |   +0.08% |  1.27e-10 |      
      470 |   0.5210 |  5.392294e+05 |   +0.10% |  1.87e-10 |      
      480 |   0.5084 |  5.412163e+05 |   +0.37% |  2.75e-10 |      
      490 |   0.4952 |  5.462822e+05 |   +0.94% |  4.05e-10 |      
      500 |   0.4825 |  5.576246e+05 |   +2.08% |  5.97e-10 |      
      510 |   0.4707 |  5.763431e+05 |   +3.36% |  8.78e-10 |      
      520 |   0.4546 |  6.051579e+05 |   +5.00% |  1.29e-09 |      
      530 |   0.4361 |  6.465383e+05 |   +6.84% |  1.89e-09 |      
      540 |   0.4187 |  6.968033e+05 |   +7.77% |  2.78e-09 |      
      550 |   0.4001 |  7.338110e+05 |   +5.31% |  4.08e-09 |      
      560 |   0.3906 |  7.556558e+05 |   +2.98% |  6.00e-09 |      
      570 |   0.3857 |  7.618913e+05 |   +0.83% |  8.83e-09 |      
      580 |   0.3603 |  7.597522e+05 |   -0.28% |  1.30e-08 |      
      590 |   0.3348 |  7.588656e+05 |   -0.12% |  1.92e-08 |      
      600 |   0.3133 |  7.657319e+05 |   +0.90% |  2.82e-08 |      
[INFO GPL-0040] Routability iteration: 2
[INFO GPL-0088] Tiles the placer can act on: 6824 of 8649 (78.90%)
[INFO GPL-0041] Total routing overflow: 352.6258
[INFO GPL-0042] Number of overflowed tiles: 1361 (19.94%)
[INFO GPL-0043] Average top 0.5% routing congestion: 2.0681
[INFO GPL-0044] Average top 1.0% routing congestion: 1.9379
[INFO GPL-0045] Average top 2.0% routing congestion: 1.7914
[INFO GPL-0046] Average top 5.0% routing congestion: 1.5923
[INFO GPL-0047] Routability iteration weighted routing congestion: 2.0030
[INFO GPL-0048] Routing congestion (2.0030) lower than previous minimum (2.367). Updating minimum.
[INFO GPL-0099] Routability inflation trimmed to 21.23% of what this iteration asked for; 20.02% of the 30.00% budget still unspent.
[INFO GPL-0086] Inflated area:               13475.964 um^2 (+4.37%)
[INFO GPL-0052] Placement target density:       0.8158
[INFO GPL-0076] Removing fillers, count: Before: 0, After: 0 (+0.00%)
[INFO GPL-0077] Filler area (um^2)     : Before: 0.000, After: 0.000 (+0.00%)
[INFO GPL-0078] Removed fillers count: 0, area removed: 0.000 um^2. Remaining area to be compensated by modifying density: 13475.964 um^2
[INFO GPL-0079] New target density: 0.8514471
[INFO GPL-0058] White space area:           378100.128 um^2 (+0.00%)
[INFO GPL-0059] Movable instances area:     321932.263 um^2 (+4.37%)
[INFO GPL-0060] Total filler area:               0.000 um^2 (+0.00%)
[INFO GPL-0061] Total non-inflated area:    321932.267 um^2 (+4.37%)
[INFO GPL-0062] Total inflated area:        335408.231 um^2 (+4.19%)
[INFO GPL-0063] New Target Density:             0.8514
[INFO GPL-0087] Routability end iteration: increase inflation and revert back to snapshot.
Iteration | Overflow |     HPWL (um) |  HPWL(%) |   Penalty | Group
---------------------------------------------------------------
      610 |   0.5932 |  4.961603e+05 |   +0.00% |  1.02e-13 |      
      620 |   0.5419 |  5.225107e+05 |   +5.31% |  1.50e-13 |      
      630 |   0.5322 |  5.288190e+05 |   +1.21% |  2.21e-13 |      
      640 |   0.5376 |  5.298235e+05 |   +0.19% |  3.26e-13 |      
      650 |   0.5487 |  5.336049e+05 |   +0.71% |  4.80e-13 |      
      660 |   0.5593 |  5.361964e+05 |   +0.49% |  7.06e-13 |      
      670 |   0.5613 |  5.359544e+05 |   -0.05% |  1.04e-12 |      
      680 |   0.5587 |  5.363656e+05 |   +0.08% |  1.53e-12 |      
      690 |   0.5559 |  5.371033e+05 |   +0.14% |  2.26e-12 |      
      700 |   0.5546 |  5.373692e+05 |   +0.05% |  3.33e-12 |      
      710 |   0.5551 |  5.374356e+05 |   +0.01% |  4.90e-12 |      
      720 |   0.5567 |  5.375676e+05 |   +0.02% |  7.22e-12 |      
      730 |   0.5565 |  5.377818e+05 |   +0.04% |  1.06e-11 |      
      740 |   0.5554 |  5.381325e+05 |   +0.07% |  1.57e-11 |      
      750 |   0.5536 |  5.385990e+05 |   +0.09% |  2.31e-11 |      
      760 |   0.5512 |  5.389468e+05 |   +0.06% |  3.40e-11 |      
      770 |   0.5482 |  5.391127e+05 |   +0.03% |  5.01e-11 |      
      780 |   0.5443 |  5.392155e+05 |   +0.02% |  7.38e-11 |      
      790 |   0.5387 |  5.396470e+05 |   +0.08% |  1.09e-10 |      
      800 |   0.5263 |  5.402756e+05 |   +0.12% |  1.60e-10 |      
      810 |   0.5146 |  5.417328e+05 |   +0.27% |  2.36e-10 |      
      820 |   0.5007 |  5.457980e+05 |   +0.75% |  3.47e-10 |      
      830 |   0.4869 |  5.549734e+05 |   +1.68% |  5.11e-10 |      
      840 |   0.4769 |  5.716284e+05 |   +3.00% |  7.52e-10 |      
      850 |   0.4595 |  5.975084e+05 |   +4.53% |  1.11e-09 |      
      860 |   0.4388 |  6.365686e+05 |   +6.54% |  1.62e-09 |      
      870 |   0.4205 |  6.880708e+05 |   +8.09% |  2.38e-09 |      
      880 |   0.4057 |  7.318092e+05 |   +6.36% |  3.49e-09 |      
      890 |   0.3972 |  7.593402e+05 |   +3.76% |  5.13e-09 |      
      900 |   0.3872 |  7.678046e+05 |   +1.11% |  7.56e-09 |      
      910 |   0.3672 |  7.657385e+05 |   -0.27% |  1.11e-08 |      
      920 |   0.3443 |  7.635774e+05 |   -0.28% |  1.64e-08 |      
      930 |   0.3199 |  7.710225e+05 |   +0.98% |  2.41e-08 |      
[INFO GPL-0040] Routability iteration: 3
[INFO GPL-0088] Tiles the placer can act on: 6802 of 8649 (78.64%)
[INFO GPL-0041] Total routing overflow: 319.5497
[INFO GPL-0042] Number of overflowed tiles: 1303 (19.16%)
[INFO GPL-0043] Average top 0.5% routing congestion: 2.0510
[INFO GPL-0044] Average top 1.0% routing congestion: 1.8963
[INFO GPL-0045] Average top 2.0% routing congestion: 1.7330
[INFO GPL-0046] Average top 5.0% routing congestion: 1.5437
[INFO GPL-0047] Routability iteration weighted routing congestion: 1.9737
[INFO GPL-0048] Routing congestion (1.9737) lower than previous minimum (2.003). Updating minimum.
[INFO GPL-0099] Routability inflation trimmed to 22.77% of what this iteration asked for; 15.03% of the 30.00% budget still unspent.
[INFO GPL-0086] Inflated area:               13476.462 um^2 (+4.19%)
[INFO GPL-0052] Placement target density:       0.8514
[INFO GPL-0076] Removing fillers, count: Before: 0, After: 0 (+0.00%)
[INFO GPL-0077] Filler area (um^2)     : Before: 0.000, After: 0.000 (+0.00%)
[INFO GPL-0078] Removed fillers count: 0, area removed: 0.000 um^2. Remaining area to be compensated by modifying density: 13476.462 um^2
[INFO GPL-0079] New target density: 0.8870897
[INFO GPL-0058] White space area:           378100.128 um^2 (+0.00%)
[INFO GPL-0059] Movable instances area:     335408.726 um^2 (+4.19%)
[INFO GPL-0060] Total filler area:               0.000 um^2 (+0.00%)
[INFO GPL-0061] Total non-inflated area:    335408.729 um^2 (+4.19%)
[INFO GPL-0062] Total inflated area:        348885.191 um^2 (+4.02%)
[INFO GPL-0063] New Target Density:             0.8871
[INFO GPL-0087] Routability end iteration: increase inflation and revert back to snapshot.
Iteration | Overflow |     HPWL (um) |  HPWL(%) |   Penalty | Group
---------------------------------------------------------------
      940 |   0.6065 |  5.026055e+05 |   +0.00% |  9.10e-14 |      
      950 |   0.5564 |  5.182268e+05 |   +3.11% |  1.34e-13 |      
      960 |   0.5344 |  5.288908e+05 |   +2.06% |  1.97e-13 |      
      970 |   0.5394 |  5.300772e+05 |   +0.22% |  2.90e-13 |      
      980 |   0.5492 |  5.331490e+05 |   +0.58% |  4.27e-13 |      
      990 |   0.5600 |  5.366298e+05 |   +0.65% |  6.29e-13 |      
     1000 |   0.5633 |  5.367899e+05 |   +0.03% |  9.26e-13 |      
     1010 |   0.5619 |  5.368592e+05 |   +0.01% |  1.36e-12 |      
     1020 |   0.5588 |  5.376094e+05 |   +0.14% |  2.01e-12 |      
     1030 |   0.5571 |  5.378610e+05 |   +0.05% |  2.96e-12 |      
     1040 |   0.5570 |  5.379108e+05 |   +0.01% |  4.36e-12 |      
     1050 |   0.5588 |  5.380668e+05 |   +0.03% |  6.43e-12 |      
     1060 |   0.5591 |  5.383269e+05 |   +0.05% |  9.47e-12 |      
     1070 |   0.5581 |  5.386979e+05 |   +0.07% |  1.39e-11 |      
     1080 |   0.5561 |  5.391595e+05 |   +0.09% |  2.05e-11 |      
     1090 |   0.5539 |  5.395421e+05 |   +0.07% |  3.03e-11 |      
     1100 |   0.5514 |  5.397771e+05 |   +0.04% |  4.46e-11 |      
     1110 |   0.5480 |  5.399680e+05 |   +0.04% |  6.57e-11 |      
     1120 |   0.5430 |  5.403476e+05 |   +0.07% |  9.67e-11 |      
     1130 |   0.5325 |  5.412048e+05 |   +0.16% |  1.42e-10 |      
     1140 |   0.5203 |  5.425740e+05 |   +0.25% |  2.10e-10 |      
     1150 |   0.5065 |  5.460689e+05 |   +0.64% |  3.09e-10 |      
     1160 |   0.4925 |  5.542125e+05 |   +1.49% |  4.55e-10 |      
     1170 |   0.4819 |  5.693162e+05 |   +2.73% |  6.70e-10 |      
     1180 |   0.4642 |  5.936451e+05 |   +4.27% |  9.84e-10 |      
     1190 |   0.4423 |  6.302460e+05 |   +6.17% |  1.45e-09 |      
     1200 |   0.4272 |  6.814715e+05 |   +8.13% |  2.12e-09 |      
     1210 |   0.4120 |  7.313544e+05 |   +7.32% |  3.11e-09 |      
     1220 |   0.4015 |  7.635172e+05 |   +4.40% |  4.57e-09 |      
     1230 |   0.3921 |  7.761526e+05 |   +1.65% |  6.72e-09 |      
     1240 |   0.3729 |  7.735435e+05 |   -0.34% |  9.90e-09 |      
     1250 |   0.3506 |  7.677479e+05 |   -0.75% |  1.46e-08 |      
     1260 |   0.3261 |  7.737982e+05 |   +0.79% |  2.15e-08 |      
     1270 |   0.3016 |  7.761640e+05 |   +0.31% |  3.16e-08 |      
[INFO GPL-0040] Routability iteration: 4
[INFO GPL-0088] Tiles the placer can act on: 6820 of 8649 (78.85%)
[INFO GPL-0041] Total routing overflow: 368.6050
[INFO GPL-0042] Number of overflowed tiles: 1374 (20.15%)
[INFO GPL-0043] Average top 0.5% routing congestion: 2.0315
[INFO GPL-0044] Average top 1.0% routing congestion: 1.9246
[INFO GPL-0045] Average top 2.0% routing congestion: 1.8021
[INFO GPL-0046] Average top 5.0% routing congestion: 1.6122
[INFO GPL-0047] Routability iteration weighted routing congestion: 1.9780
[INFO GPL-0049] Routing congestion (1.9780) higher than minimum (1.9737). Consecutive non-improvement count: 1.
[INFO GPL-0099] Routability inflation trimmed to 18.52% of what this iteration asked for; 10.04% of the 30.00% budget still unspent.
[INFO GPL-0086] Inflated area:               13473.515 um^2 (+4.02%)
[INFO GPL-0052] Placement target density:       0.8871
[INFO GPL-0076] Removing fillers, count: Before: 0, After: 0 (+0.00%)
[INFO GPL-0077] Filler area (um^2)     : Before: 0.000, After: 0.000 (+0.00%)
[INFO GPL-0078] Removed fillers count: 0, area removed: 0.000 um^2. Remaining area to be compensated by modifying density: 13473.515 um^2
[INFO GPL-0079] New target density: 0.9227245
[INFO GPL-0058] White space area:           378100.128 um^2 (+0.00%)
[INFO GPL-0059] Movable instances area:     348882.239 um^2 (+4.02%)
[INFO GPL-0060] Total filler area:               0.000 um^2 (+0.00%)
[INFO GPL-0061] Total non-inflated area:    348882.243 um^2 (+4.02%)
[INFO GPL-0062] Total inflated area:        362355.758 um^2 (+3.86%)
[INFO GPL-0063] New Target Density:             0.9227
[INFO GPL-0087] Routability end iteration: increase inflation and revert back to snapshot.
Iteration | Overflow |     HPWL (um) |  HPWL(%) |   Penalty | Group
---------------------------------------------------------------
     1280 |   0.5724 |  5.133155e+05 |   +0.00% |  1.24e-13 |      
     1290 |   0.5398 |  5.288457e+05 |   +3.03% |  1.82e-13 |      
     1300 |   0.5412 |  5.305945e+05 |   +0.33% |  2.68e-13 |      
     1310 |   0.5506 |  5.330888e+05 |   +0.47% |  3.95e-13 |      
     1320 |   0.5616 |  5.370398e+05 |   +0.74% |  5.82e-13 |      
     1330 |   0.5649 |  5.375845e+05 |   +0.10% |  8.57e-13 |      
     1340 |   0.5647 |  5.374430e+05 |   -0.03% |  1.26e-12 |      
     1350 |   0.5614 |  5.381315e+05 |   +0.13% |  1.86e-12 |      
     1360 |   0.5593 |  5.383429e+05 |   +0.04% |  2.74e-12 |      
     1370 |   0.5591 |  5.383528e+05 |   +0.00% |  4.04e-12 |      
     1380 |   0.5608 |  5.385405e+05 |   +0.03% |  5.95e-12 |      
     1390 |   0.5613 |  5.388487e+05 |   +0.06% |  8.76e-12 |      
     1400 |   0.5604 |  5.392516e+05 |   +0.07% |  1.29e-11 |      
     1410 |   0.5583 |  5.397344e+05 |   +0.09% |  1.90e-11 |      
     1420 |   0.5561 |  5.401365e+05 |   +0.07% |  2.80e-11 |      
     1430 |   0.5539 |  5.404270e+05 |   +0.05% |  4.13e-11 |      
     1440 |   0.5507 |  5.406747e+05 |   +0.05% |  6.08e-11 |      
     1450 |   0.5460 |  5.411434e+05 |   +0.09% |  8.95e-11 |      
     1460 |   0.5367 |  5.421591e+05 |   +0.19% |  1.32e-10 |      
     1470 |   0.5239 |  5.436741e+05 |   +0.28% |  1.94e-10 |      
     1480 |   0.5102 |  5.469965e+05 |   +0.61% |  2.86e-10 |      
     1490 |   0.4953 |  5.546473e+05 |   +1.40% |  4.21e-10 |      
     1500 |   0.4844 |  5.691253e+05 |   +2.61% |  6.20e-10 |      
     1510 |   0.4677 |  5.929747e+05 |   +4.19% |  9.11e-10 |      
     1520 |   0.4456 |  6.291231e+05 |   +6.10% |  1.34e-09 |      
     1530 |   0.4291 |  6.794898e+05 |   +8.01% |  1.96e-09 |      
     1540 |   0.4163 |  7.326991e+05 |   +7.83% |  2.88e-09 |      
     1550 |   0.4058 |  7.658990e+05 |   +4.53% |  4.23e-09 |      
     1560 |   0.3924 |  7.785956e+05 |   +1.66% |  6.22e-09 |      
     1570 |   0.3736 |  7.769085e+05 |   -0.22% |  9.16e-09 |      
     1580 |   0.3465 |  7.690071e+05 |   -1.02% |  1.35e-08 |      
     1590 |   0.3301 |  7.745144e+05 |   +0.72% |  1.99e-08 |      
     1600 |   0.3049 |  7.788048e+05 |   +0.55% |  2.93e-08 |      
[INFO GPL-0040] Routability iteration: 5
[INFO GPL-0088] Tiles the placer can act on: 6911 of 8649 (79.91%)
[INFO GPL-0041] Total routing overflow: 279.0366
[INFO GPL-0042] Number of overflowed tiles: 1294 (18.72%)
[INFO GPL-0043] Average top 0.5% routing congestion: 1.8682
[INFO GPL-0044] Average top 1.0% routing congestion: 1.7315
[INFO GPL-0045] Average top 2.0% routing congestion: 1.6185
[INFO GPL-0046] Average top 5.0% routing congestion: 1.4660
[INFO GPL-0047] Routability iteration weighted routing congestion: 1.7999
[INFO GPL-0048] Routing congestion (1.7999) lower than previous minimum (1.974). Updating minimum.
[INFO GPL-0099] Routability inflation trimmed to 22.57% of what this iteration asked for; 5.05% of the 30.00% budget still unspent.
[INFO GPL-0086] Inflated area:               13475.213 um^2 (+3.86%)
[INFO GPL-0052] Placement target density:       0.9227
[INFO GPL-0076] Removing fillers, count: Before: 0, After: 0 (+0.00%)
[INFO GPL-0077] Filler area (um^2)     : Before: 0.000, After: 0.000 (+0.00%)
[INFO GPL-0078] Removed fillers count: 0, area removed: 0.000 um^2. Remaining area to be compensated by modifying density: 13475.213 um^2
[INFO GPL-0079] New target density: 0.9583638
[INFO GPL-0058] White space area:           378100.128 um^2 (+0.00%)
[INFO GPL-0059] Movable instances area:     362357.457 um^2 (+3.86%)
[INFO GPL-0060] Total filler area:               0.000 um^2 (+0.00%)
[INFO GPL-0061] Total non-inflated area:    362357.456 um^2 (+3.86%)
[INFO GPL-0062] Total inflated area:        375832.669 um^2 (+3.72%)
[INFO GPL-0063] New Target Density:             0.9584
[INFO GPL-0087] Routability end iteration: increase inflation and revert back to snapshot.
Iteration | Overflow |     HPWL (um) |  HPWL(%) |   Penalty | Group
---------------------------------------------------------------
     1610 |   0.5835 |  5.107822e+05 |   +0.00% |  1.19e-13 |      
     1620 |   0.5443 |  5.287061e+05 |   +3.51% |  1.75e-13 |      
     1630 |   0.5436 |  5.311235e+05 |   +0.46% |  2.58e-13 |      
     1640 |   0.5524 |  5.333750e+05 |   +0.42% |  3.80e-13 |      
     1650 |   0.5634 |  5.374937e+05 |   +0.77% |  5.60e-13 |      
     1660 |   0.5664 |  5.382175e+05 |   +0.13% |  8.25e-13 |      
     1670 |   0.5664 |  5.379392e+05 |   -0.05% |  1.21e-12 |      
     1680 |   0.5634 |  5.385753e+05 |   +0.12% |  1.79e-12 |      
     1690 |   0.5612 |  5.387433e+05 |   +0.03% |  2.64e-12 |      
     1700 |   0.5609 |  5.387226e+05 |   -0.00% |  3.88e-12 |      
     1710 |   0.5623 |  5.389394e+05 |   +0.04% |  5.72e-12 |      
     1720 |   0.5627 |  5.392709e+05 |   +0.06% |  8.43e-12 |      
     1730 |   0.5620 |  5.396850e+05 |   +0.08% |  1.24e-11 |      
     1740 |   0.5601 |  5.401886e+05 |   +0.09% |  1.83e-11 |      
     1750 |   0.5577 |  5.406071e+05 |   +0.08% |  2.69e-11 |      
     1760 |   0.5554 |  5.409044e+05 |   +0.05% |  3.97e-11 |      
     1770 |   0.5520 |  5.411976e+05 |   +0.05% |  5.85e-11 |      
     1780 |   0.5477 |  5.417302e+05 |   +0.10% |  8.61e-11 |      
     1790 |   0.5385 |  5.428663e+05 |   +0.21% |  1.27e-10 |      
     1800 |   0.5259 |  5.445235e+05 |   +0.31% |  1.87e-10 |      
     1810 |   0.5122 |  5.479698e+05 |   +0.63% |  2.75e-10 |      
     1820 |   0.4971 |  5.555788e+05 |   +1.39% |  4.05e-10 |      
     1830 |   0.4860 |  5.702645e+05 |   +2.64% |  5.96e-10 |      
     1840 |   0.4696 |  5.943303e+05 |   +4.22% |  8.76e-10 |      
     1850 |   0.4449 |  6.306689e+05 |   +6.11% |  1.29e-09 |      
     1860 |   0.4289 |  6.813673e+05 |   +8.04% |  1.89e-09 |      
     1870 |   0.4165 |  7.359690e+05 |   +8.01% |  2.77e-09 |      
     1880 |   0.4052 |  7.708843e+05 |   +4.74% |  4.06e-09 |      
     1890 |   0.3960 |  7.851087e+05 |   +1.85% |  5.98e-09 |      
     1900 |   0.3764 |  7.852281e+05 |   +0.02% |  8.81e-09 |      
     1910 |   0.3473 |  7.774130e+05 |   -1.00% |  1.30e-08 |      
     1920 |   0.3292 |  7.801670e+05 |   +0.35% |  1.91e-08 |      
     1930 |   0.3053 |  7.862281e+05 |   +0.78% |  2.81e-08 |      
[INFO GPL-0040] Routability iteration: 6
[INFO GPL-0088] Tiles the placer can act on: 6877 of 8649 (79.51%)
[INFO GPL-0041] Total routing overflow: 310.3071
[INFO GPL-0042] Number of overflowed tiles: 1259 (18.31%)
[INFO GPL-0043] Average top 0.5% routing congestion: 2.1088
[INFO GPL-0044] Average top 1.0% routing congestion: 1.9484
[INFO GPL-0045] Average top 2.0% routing congestion: 1.7817
[INFO GPL-0046] Average top 5.0% routing congestion: 1.5602
[INFO GPL-0047] Routability iteration weighted routing congestion: 2.0286
[INFO GPL-0049] Routing congestion (2.0286) higher than minimum (1.7999). Consecutive non-improvement count: 1.
[INFO GPL-0099] Routability inflation trimmed to 20.49% of what this iteration asked for; 0.06% of the 30.00% budget still unspent.
[INFO GPL-0086] Inflated area:               13474.649 um^2 (+3.72%)
[INFO GPL-0052] Placement target density:       0.9584
[INFO GPL-0076] Removing fillers, count: Before: 0, After: 0 (+0.00%)
[INFO GPL-0077] Filler area (um^2)     : Before: 0.000, After: 0.000 (+0.00%)
[INFO GPL-0078] Removed fillers count: 0, area removed: 0.000 um^2. Remaining area to be compensated by modifying density: 13474.649 um^2
[INFO GPL-0079] New target density: 0.99400157
[INFO GPL-0053] Target density 0.9940 exceeds the maximum allowed 0.9900.
[INFO GPL-0055] Reverting inflation values and target density from the iteration with minimum observed routing congestion.
[INFO GPL-0056] Minimum observed routing congestion: 1.7999
[INFO GPL-0057] Target density at minimum routing congestion: 0.9227
[INFO GPL-0080] Restoring 0 previously removed fillers.
[INFO GPL-0089] Routability finished. Reverting to minimal observed routing congestion, could not reach target.
Iteration | Overflow |     HPWL (um) |  HPWL(%) |   Penalty | Group
---------------------------------------------------------------
     1940 |   0.5706 |  5.064654e+05 |   +0.00% |  1.15e-13 |      
     1950 |   0.5258 |  5.228998e+05 |   +3.24% |  1.69e-13 |      
     1960 |   0.5232 |  5.266318e+05 |   +0.71% |  2.48e-13 |      
     1970 |   0.5281 |  5.277651e+05 |   +0.22% |  3.66e-13 |      
     1980 |   0.5356 |  5.309897e+05 |   +0.61% |  5.39e-13 |      
     1990 |   0.5470 |  5.330355e+05 |   +0.39% |  7.93e-13 |      
     2000 |   0.5475 |  5.325024e+05 |   -0.10% |  1.17e-12 |      
     2010 |   0.5452 |  5.324879e+05 |   -0.00% |  1.72e-12 |      
     2020 |   0.5454 |  5.334226e+05 |   +0.18% |  2.54e-12 |      
     2030 |   0.5454 |  5.343660e+05 |   +0.18% |  3.74e-12 |      
     2040 |   0.5455 |  5.348742e+05 |   +0.10% |  5.50e-12 |      
     2050 |   0.5466 |  5.351823e+05 |   +0.06% |  8.11e-12 |      
     2060 |   0.5459 |  5.354548e+05 |   +0.05% |  1.19e-11 |      
     2070 |   0.5443 |  5.356890e+05 |   +0.04% |  1.76e-11 |      
     2080 |   0.5421 |  5.359754e+05 |   +0.05% |  2.59e-11 |      
     2090 |   0.5389 |  5.362203e+05 |   +0.05% |  3.82e-11 |      
     2100 |   0.5352 |  5.363600e+05 |   +0.03% |  5.62e-11 |      
     2110 |   0.5307 |  5.366577e+05 |   +0.06% |  8.29e-11 |      
     2120 |   0.5230 |  5.373613e+05 |   +0.13% |  1.22e-10 |      
     2130 |   0.5135 |  5.386635e+05 |   +0.24% |  1.80e-10 |      
     2140 |   0.5015 |  5.416364e+05 |   +0.55% |  2.65e-10 |      
     2150 |   0.4886 |  5.485290e+05 |   +1.27% |  3.90e-10 |      
     2160 |   0.4752 |  5.612895e+05 |   +2.33% |  5.74e-10 |      
     2170 |   0.4638 |  5.824026e+05 |   +3.76% |  8.44e-10 |      
     2180 |   0.4422 |  6.163815e+05 |   +5.83% |  1.24e-09 |      
     2190 |   0.4189 |  6.657253e+05 |   +8.01% |  1.82e-09 |      
     2200 |   0.4083 |  7.232421e+05 |   +8.64% |  2.67e-09 |      
     2210 |   0.3963 |  7.632141e+05 |   +5.53% |  3.91e-09 |      
     2220 |   0.3881 |  7.793973e+05 |   +2.12% |  5.75e-09 |      
     2230 |   0.3679 |  7.805494e+05 |   +0.15% |  8.47e-09 |      
     2240 |   0.3429 |  7.733848e+05 |   -0.92% |  1.25e-08 |      
     2250 |   0.3238 |  7.752855e+05 |   +0.25% |  1.84e-08 |      
     2260 |   0.3023 |  7.816246e+05 |   +0.82% |  2.71e-08 |      
     2270 |   0.2787 |  7.776215e+05 |   -0.51% |  3.99e-08 |      
     2280 |   0.2540 |  7.743781e+05 |   -0.42% |  5.87e-08 |      
     2290 |   0.2267 |  7.767718e+05 |   +0.31% |  8.65e-08 |      
     2300 |   0.2041 |  7.741770e+05 |   -0.33% |  1.27e-07 |      
[INFO GPL-0100] Timing-driven iteration 2/2, virtual: false.
[INFO GPL-0101]    Iter: 2305, overflow: 0.194, keep resizer changes at: 1, HPWL: 773235156
Iteration |   Area    | Resized | Buffers | Nets repaired | Remaining
---------------------------------------------------------------------
        0 |     +0.0% |       0 |       0 |             0 |     33974
    final |     +0.2% |      45 |      34 |            50 |         0
---------------------------------------------------------------------
[INFO RSZ-0034] Found 45 slew violations.
[INFO RSZ-0036] Found 6 capacitance violations.
[INFO RSZ-0039] Resized 45 instances.
[INFO RSZ-0038] Inserted 34 buffers in 50 nets.
   Iter   |    Area   | Removed | Inserted |   Pins
          |           | Buffers | Buffers  | Remaining
-------------------------------------------------------
        0 |     +0.0% |       0 |        0 |     25739
     2500 |     +0.3% |     236 |      305 |     23239
     5000 |     +0.3% |     595 |      694 |     20739
     7500 |     +0.4% |     760 |      878 |     18239
    10000 |     +0.3% |     996 |     1074 |     15739
    12500 |     +0.6% |    1411 |     1592 |     13239
    15000 |     +0.7% |    1948 |     2166 |     10739
    17500 |     +0.4% |    2345 |     2433 |      8239
    20000 |     +0.1% |    2646 |     2612 |      5739
    22500 |     +0.2% |    2785 |     2758 |      3239
    25000 |     +0.2% |    3075 |     2978 |       739
    final |     +0.2% |    3339 |     3214 |         0
-------------------------------------------------------
[INFO GPL-0106] Timing-driven: worst slack -5.902929e-10
[INFO GPL-0107] Timing-driven: repair_design delta area: -4025.296 um^2 (-1.11%)
[INFO GPL-0108] Timing-driven: repair_design, gpl delta gcells: -91 (-0.31%)
[INFO GPL-0109] Timing-driven: repair_design, gcells created: 3248, deleted: 3339
[INFO GPL-0110] Timing-driven: new target density: 0.94771767
Iteration | Overflow |     HPWL (um) |  HPWL(%) |   Penalty | Group
---------------------------------------------------------------
     2310 |   0.1708 |  7.733320e+05 |   -0.11% |  1.88e-07 |      
     2320 |   0.1477 |  7.644840e+05 |   -1.14% |  2.76e-07 |      
     2330 |   0.1263 |  7.620914e+05 |   -0.31% |  4.07e-07 |      
     2340 |   0.1101 |  7.597919e+05 |   -0.30% |  6.00e-07 |      
     2347 |   0.0991 |  7.591498e+05 |          |  8.18e-07 |      
---------------------------------------------------------------
[INFO GPL-1001] Global placement finished at iteration 2347
[INFO GPL-1017] Routability mode iteration count: 2254
[INFO GPL-1005] Routability final weighted congestion: 1.6763
[INFO GPL-1002] Placed Cell Area            344856.9474
[INFO GPL-1003] Available Free Area         378100.1280
[INFO GPL-1004] Minimum Feasible Density        0.7200 (cell_area / free_area)
[INFO GPL-1006]   Suggested Target Densities:
[INFO GPL-1007]     - For 90% usage of free space: 1.0134
[INFO GPL-1008]     - For 80% usage of free space: 1.1401
[INFO GPL-1011] Original area (um^2): 270120.27
[INFO GPL-1012] Total routability artificial inflation: 53888.12 (+19.95%)
[INFO GPL-1013] Total timing-driven delta area: 20848.56 (+7.72%)
[INFO GPL-1014] Final placement area: 344856.95 (+27.67%)
[INFO GPL-1018] Final HPWL (um): 760229.05
Took 48 seconds: global_placement -density 0.6 -pad_left 0 -pad_right 0 -routability_driven -timing_driven -force_center_initial_place -min_phi_coef 0.95 -max_phi_coef 1.05
estimate_parasitics -placement
Report metrics stage 3, global place...

==========================================================================
global place report_design_area
--------------------------------------------------------------------------
Design area 309666 um^2 76% utilization.
write_db /work/orfs/results/sky130hd/g2s_pc2_u67/base/3_3_place_gp.odb
Elapsed time: 0:52.42[h:]min:sec. CPU time: user 48.52 sys 0.74 (93%). Peak memory: 451496KB.
Log                       Ext     Elapsed/s Peak Memory/MB sha1sum result [0:20)
3_3_place_gp              .odb           52            440 8be92984405b23c81645
/OpenROAD-flow-scripts/flow/scripts/flow.sh 3_4_place_resized resize
Running resize.tcl, stage 3_4_place_resized
read_liberty /OpenROAD-flow-scripts/flow/platforms/sky130hd/lib/sky130_fd_sc_hd__tt_025C_1v80.lib
read_liberty /work/cells/g2_cells.lib
read_db /work/orfs/results/sky130hd/g2s_pc2_u67/base/3_3_place_gp.odb
read_sdc /work/orfs/results/sky130hd/g2s_pc2_u67/base/2_floorplan.sdc
source /OpenROAD-flow-scripts/flow/platforms/sky130hd/setRC.tcl
estimate_parasitics -placement
Perform buffer insertion and gate resizing...
repair_design -verbose -match_cell_footprint
Iteration |   Area    | Resized | Buffers | Nets repaired | Remaining
---------------------------------------------------------------------
        0 |     +0.0% |       0 |       0 |             0 |     33883
     1000 |     +0.0% |       0 |       0 |             0 |     32883
     2000 |     +0.0% |       0 |       0 |             0 |     31883
     3000 |     +0.0% |       0 |       0 |             0 |     30883
     4000 |     +0.0% |       0 |       0 |             0 |     29883
     5000 |     +0.0% |       0 |       0 |             0 |     28883
     6000 |     +0.0% |       0 |       0 |             0 |     27883
     7000 |     +0.0% |       0 |       0 |             0 |     26883
     8000 |     +0.0% |       0 |       0 |             0 |     25883
     9000 |     +0.0% |       0 |       0 |             0 |     24883
    10000 |     +0.0% |       0 |       0 |             0 |     23883
    11000 |     +0.0% |       0 |       0 |             0 |     22883
    12000 |     +0.0% |       0 |       0 |             0 |     21883
    13000 |     +0.0% |       0 |       0 |             0 |     20883
    14000 |     +0.0% |       0 |       0 |             0 |     19883
    15000 |     +0.0% |       0 |       0 |             0 |     18883
    16000 |     +0.0% |       0 |       0 |             0 |     17883
    17000 |     +0.0% |       0 |       0 |             0 |     16883
    18000 |     +0.0% |       0 |       0 |             0 |     15883
    19000 |     +0.0% |       0 |       0 |             0 |     14883
    20000 |     +0.0% |       0 |       0 |             0 |     13883
    21000 |     +0.0% |       0 |       0 |             0 |     12883
    22000 |     +0.0% |       0 |       0 |             0 |     11883
    23000 |     +0.0% |       0 |       0 |             0 |     10883
    24000 |     +0.0% |       0 |       0 |             0 |      9883
    25000 |     +0.0% |       0 |       0 |             0 |      8883
    26000 |     +0.0% |       0 |       0 |             0 |      7883
    27000 |     +0.0% |       0 |       0 |             0 |      6883
    28000 |     +0.0% |       0 |       0 |             0 |      5883
    29000 |     +0.0% |       0 |       0 |             0 |      4883
    30000 |     +0.0% |       0 |       0 |             0 |      3883
    31000 |     +0.0% |       0 |       0 |             0 |      2883
    32000 |     +0.0% |       0 |       0 |             0 |      1883
    33000 |     +0.0% |       0 |       0 |             0 |       883
    final |     +0.0% |       0 |       0 |             0 |         0
---------------------------------------------------------------------
[INFO RSZ-0504] Runtime: 2.75s
Floating nets: 
[WARNING RSZ-0095] found 4544 floating pins.
Report metrics stage 3, resizer...

==========================================================================
resizer report_design_area
--------------------------------------------------------------------------
Design area 309666 um^2 76% utilization.
Instance count before 39245, after 39245
Pin count before 100284, after 100284
write_db /work/orfs/results/sky130hd/g2s_pc2_u67/base/3_4_place_resized.odb
Elapsed time: 0:09.11[h:]min:sec. CPU time: user 8.64 sys 0.20 (96%). Peak memory: 251384KB.
Log                       Ext     Elapsed/s Peak Memory/MB sha1sum result [0:20)
3_4_place_resized         .odb            9            245 8be92984405b23c81645
/OpenROAD-flow-scripts/flow/scripts/flow.sh 3_5_place_dp detail_place
Running detail_place.tcl, stage 3_5_place_dp
read_liberty /OpenROAD-flow-scripts/flow/platforms/sky130hd/lib/sky130_fd_sc_hd__tt_025C_1v80.lib
read_liberty /work/cells/g2_cells.lib
read_db /work/orfs/results/sky130hd/g2s_pc2_u67/base/3_4_place_resized.odb
read_sdc /work/orfs/results/sky130hd/g2s_pc2_u67/base/2_floorplan.sdc
source /OpenROAD-flow-scripts/flow/platforms/sky130hd/setRC.tcl
detailed_placement
[INFO DPL-0006] Core area: 406672.53 um^2
[INFO DPL-0007] Movable instances area: 281093.34 um^2
[INFO DPL-0008] Fixed instances area within core: 28572.40 um^2
[INFO DPL-0009] Utilization: 76.1%
[INFO DPL-0005] Diamond search max displacement: +/- 500 sites horizontally, +/- 100 rows vertically.
[INFO DPL-1102] Legalizing using negotiation legalizer.
[INFO DPL-1103] Negotiation base search window: +/-20 sites horizontally, +/-5 rows vertically 
	Automatic search window extension enabled.
	Search window extendable up to the max displacement cap of +/-500 sites, +/-100 rows near walls.
[INFO DPL-1104] NegotiationLegalizer DRC penalty: 5.
[INFO DPL-0392] Negotiation cell height distribution (1 unique row-count(s)):
[INFO DPL-0393]   height 1 row(s): 39245 cells
          |      Total |  Illegal |  Illegal
Iteration | Violations |    Cells |    Sites
---------------------------------------------
        0 |      32566 |      7186 |     24967
        1 |       4740 |       862 |      3833
        2 |       2504 |       334 |      2170
        3 |       1474 |       184 |      1272
        4 |        770 |        96 |       674
        5 |        549 |        53 |       496
        6 |        327 |        35 |       292
        7 |        189 |        19 |       170
        8 |        200 |        18 |       182
        9 |        187 |        17 |       170
       10 |         70 |         8 |        62
       14 |          0 |         0 |         0
Negotiation phase 1 converged at iteration 14.
[INFO DPL-0500] Runtime: 1.34s
Detailed Placement Analysis
---------------------------------
legalizer            negotiation
total moves               35637
total displacement     103446.8 u
average displacement        2.6 u
max displacement           27.0 u
original HPWL          760229.0 u
legalized HPWL         863244.4 u
delta HPWL                   14 %

improve_placement -max_displacement "5 1"
Detailed placement improvement.
[INFO DPL-0401] Setting random seed to 1.
[INFO DPL-0402] Setting maximum displacement 5 1 to 13600 2720 units.
[INFO DPL-0320] Collected 9846 fixed cells.
[INFO DPL-0318] Collected 29593 single height cells.
[INFO DPL-0321] Collected 0 wide cells.
[INFO DPL-0322] Image (2300, 2720) - (641240, 639200)
[INFO DPL-0310] Assigned 29593 cells into segments.  Movement in X-direction is 0.000000, movement in Y-direction is 0.000000.
[INFO DPL-0313] Found 0 cells in wrong regions.
[INFO DPL-0315] Found 0 row alignment problems.
[INFO DPL-0314] Found 0 site alignment problems.
[INFO DPL-0311] Found 0 overlaps between adjacent cells.
[INFO DPL-0312] Found 0 edge spacing violations and 0 padding violations.
[INFO DPL-0303] Running algorithm for independent set matching.
[INFO DPL-0300] Set matching objective is wirelength.
[INFO DPL-0301] Pass   1 of matching; objective is 8.632301e+08.
[INFO DPL-0302] End of matching; objective is 8.607908e+08, improvement is 0.28 percent.
[INFO DPL-0303] Running algorithm for global swaps.
[INFO DPL-0306] Pass   1 of global swaps; hpwl is 8.499877e+08.
[INFO DPL-0306] Pass   2 of global swaps; hpwl is 8.483660e+08.
[INFO DPL-0307] End of global swaps; objective is 8.483660e+08, improvement is 1.44 percent.
[INFO DPL-0303] Running algorithm for vertical swaps.
[INFO DPL-0308] Pass   1 of vertical swaps; hpwl is 8.460491e+08.
[INFO DPL-0309] End of vertical swaps; objective is 8.460491e+08, improvement is 0.27 percent.
[INFO DPL-0303] Running algorithm for reordering.
[INFO DPL-0304] Pass   1 of reordering; objective is 8.439310e+08.
[INFO DPL-0305] End of reordering; objective is 8.439310e+08, improvement is 0.25 percent.
[INFO DPL-0303] Running algorithm for random improvement.
[INFO DPL-0324] Random improver is using random generator.
[INFO DPL-0325] Random improver is using hpwl objective.
[INFO DPL-0326] Random improver cost string is (a).
[INFO DPL-0332] End of pass, Generator random called 591860 times.
[INFO DPL-0335] Generator random, Cumulative attempts 591860, swaps 117585, moves 62811 since last reset.
[INFO DPL-0333] End of pass, Objective hpwl, Initial cost 8.426634e+08, Scratch cost 8.335596e+08, Incremental cost 8.335596e+08, Mismatch? N
[INFO DPL-0338] End of pass, Total cost is 8.335596e+08.
[INFO DPL-0327] Pass   1 of random improver; improvement in cost is 1.08 percent.
[INFO DPL-0332] End of pass, Generator random called 591860 times.
[INFO DPL-0335] Generator random, Cumulative attempts 1183720, swaps 230789, moves 126502 since last reset.
[INFO DPL-0333] End of pass, Objective hpwl, Initial cost 8.335596e+08, Scratch cost 8.307646e+08, Incremental cost 8.307646e+08, Mismatch? N
[INFO DPL-0338] End of pass, Total cost is 8.307646e+08.
[INFO DPL-0327] Pass   2 of random improver; improvement in cost is 0.34 percent.
[INFO DPL-0328] End of random improver; improvement is 1.412036 percent.
[INFO DPL-0380] Cell flipping.
[INFO DPL-0382] Changed 0 cell orientations for row compatibility.
[INFO DPL-0383] Performed 11377 cell flips.
[INFO DPL-0384] End of flipping; objective is 8.010729e+08, improvement is 3.72 percent.
[INFO DPL-0313] Found 0 cells in wrong regions.
[INFO DPL-0315] Found 0 row alignment problems.
[INFO DPL-0314] Found 0 site alignment problems.
[INFO DPL-0311] Found 0 overlaps between adjacent cells.
[INFO DPL-0312] Found 0 edge spacing violations and 0 padding violations.
Place Optimization Analysis
---------------------------------
total attempts          1775580
relocated cells           16126
total displacement      69189.6 u
average displacement        4.3 u
max displacement           16.1 u
original HPWL          863244.4 u
improved HPWL          800550.8 u
delta HPWL                   -7 %

Took 10 seconds: improve_placement -max_displacement "5 1"
optimize_mirroring
[INFO DPL-0020] Mirrored 927 instances
[INFO DPL-0021] HPWL before          800550.8 u
[INFO DPL-0022] HPWL after           800132.6 u
[INFO DPL-0023] HPWL delta               -0.1 %
[INFO FLW-0012] Placement violations .
estimate_parasitics -placement
Report metrics stage 3, detailed place...

==========================================================================
detailed place report_design_area
--------------------------------------------------------------------------
Design area 309666 um^2 76% utilization.
write_db /work/orfs/results/sky130hd/g2s_pc2_u67/base/3_5_place_dp.odb
write_sdc -no_timestamp /work/orfs/results/sky130hd/g2s_pc2_u67/base/3_place.sdc
Elapsed time: 0:19.43[h:]min:sec. CPU time: user 18.42 sys 0.22 (95%). Peak memory: 288700KB.
Log                       Ext     Elapsed/s Peak Memory/MB sha1sum result [0:20)
3_5_place_dp              .odb           19            281 d3af5fbefc8243a4c1c2
cp /work/orfs/results/sky130hd/g2s_pc2_u67/base/3_5_place_dp.odb /work/orfs/results/sky130hd/g2s_pc2_u67/base/3_place.odb
/OpenROAD-flow-scripts/flow/scripts/flow.sh 4_1_cts cts
Running cts.tcl, stage 4_1_cts
read_liberty /OpenROAD-flow-scripts/flow/platforms/sky130hd/lib/sky130_fd_sc_hd__tt_025C_1v80.lib
read_liberty /work/cells/g2_cells.lib
read_db /work/orfs/results/sky130hd/g2s_pc2_u67/base/3_place.odb
read_sdc /work/orfs/results/sky130hd/g2s_pc2_u67/base/3_place.sdc
source /OpenROAD-flow-scripts/flow/platforms/sky130hd/setRC.tcl
clock_tree_synthesis -sink_clustering_enable -repair_clock_nets
[INFO CTS-0050] Root buffer is sky130_fd_sc_hd__clkbuf_16.
[INFO CTS-0051] Sink buffer is sky130_fd_sc_hd__clkbuf_16.
[INFO CTS-0052] The following clock buffers will be used for CTS:
                    sky130_fd_sc_hd__clkbuf_16
[INFO CTS-0049] Characterization buffer is sky130_fd_sc_hd__clkbuf_16.
[INFO CTS-0007] Net "clk" found for clock "clk".
[INFO CTS-0010]  Clock net "clk" has 4362 sinks.
[INFO CTS-0008] TritonCTS found 1 clock nets.
[INFO CTS-0097] Characterization used 1 buffer(s) types.
[INFO CTS-0201] 0 blockages from hard placement blockages and placed macros will be used.
[INFO CTS-0027] Generating H-Tree topology for net clk.
[INFO CTS-0028]  Total number of sinks: 4362.
[INFO CTS-0090]  Sinks will be clustered based on buffer max cap.
[INFO CTS-0030]  Number of static layers: 0.
[INFO CTS-0020]  Wire segment unit: 13600  dbu (13 um).
[INFO CTS-0206] Best clustering solution was found from max clustering size of 15 and max clustering diameter of 76.
[INFO CTS-0019]  Total number of sinks after clustering: 427.
[INFO CTS-0024]  Normalized sink region: [(0.316381, 0.767157), (46.6017, 46.3391)].
[INFO CTS-0025]     Width:  46.2853.
[INFO CTS-0026]     Height: 45.5720.
 Level 1
    Direction: Horizontal
    Sinks per sub-region: 214
    Sub-region size: 23.1427 X 45.5720
[INFO CTS-0034]     Segment length (rounded): 12.
 Level 2
    Direction: Vertical
    Sinks per sub-region: 107
    Sub-region size: 23.1427 X 22.7860
[INFO CTS-0034]     Segment length (rounded): 12.
 Level 3
    Direction: Horizontal
    Sinks per sub-region: 54
    Sub-region size: 11.5713 X 22.7860
[INFO CTS-0034]     Segment length (rounded): 6.
 Level 4
    Direction: Vertical
    Sinks per sub-region: 27
    Sub-region size: 11.5713 X 11.3930
[INFO CTS-0034]     Segment length (rounded): 6.
 Level 5
    Direction: Horizontal
    Sinks per sub-region: 14
    Sub-region size: 5.7857 X 11.3930
[INFO CTS-0034]     Segment length (rounded): 2.
[INFO CTS-0038]  Stop criterion found. Sink region hpwl is smaller than max wirelength (1911.535 um) and max number of sinks is 15.
[INFO CTS-0035]  Number of sinks covered: 427.
[INFO CTS-0018]     Created 464 clock buffers.
[INFO CTS-0012]     Minimum number of buffers in the clock path: 4.
[INFO CTS-0013]     Maximum number of buffers in the clock path: 4.
[INFO CTS-0015]     Created 464 clock nets.
[INFO CTS-0016]     Fanout distribution for the current clock = 6:3, 7:22, 8:43, 9:75, 10:94, 11:93, 12:80, 13:27, 14:8, 15:12, 16:2..
[INFO CTS-0017]     Max level of the clock tree: 5.
[INFO CTS-0098] Clock net "clk"
[INFO CTS-0099]  Sinks 4761
[INFO CTS-0100]  Leaf buffers 427
[INFO CTS-0101]  Average sink wire length 1168.23 um
[INFO CTS-0102]  Path depth 3 - 4
[INFO CTS-0207]  Dummy loads inserted 399
[INFO CTS-0500] Runtime: 2.62s
estimate_parasitics -placement
detailed_placement
[INFO DPL-0006] Core area: 406672.53 um^2
[INFO DPL-0007] Movable instances area: 297440.27 um^2
[INFO DPL-0008] Fixed instances area within core: 28572.40 um^2
[INFO DPL-0009] Utilization: 80.2%
[INFO DPL-0005] Diamond search max displacement: +/- 500 sites horizontally, +/- 100 rows vertically.
[INFO DPL-1102] Legalizing using negotiation legalizer.
[INFO DPL-1103] Negotiation base search window: +/-20 sites horizontally, +/-5 rows vertically 
	Automatic search window extension enabled.
	Search window extendable up to the max displacement cap of +/-500 sites, +/-100 rows near walls.
[INFO DPL-1104] NegotiationLegalizer DRC penalty: 5.
[INFO DPL-0392] Negotiation cell height distribution (1 unique row-count(s)):
[INFO DPL-0393]   height 1 row(s): 40108 cells
          |      Total |  Illegal |  Illegal
Iteration | Violations |    Cells |    Sites
---------------------------------------------
        0 |      15908 |      1854 |     13964
        1 |      10663 |      1141 |      9477
        2 |       7290 |       761 |      6514
        3 |       4903 |       524 |      4379
        4 |       3461 |       363 |      3098
        5 |       2678 |       293 |      2385
        6 |       2107 |       224 |      1883
        7 |       1745 |       180 |      1565
        8 |       1406 |       152 |      1248
        9 |       1126 |       127 |       990
       10 |        989 |       113 |       867
       20 |        200 |        27 |       173
       30 |         11 |         3 |         8
       33 |          0 |         0 |         0
Negotiation phase 1 converged at iteration 33.
[INFO DPL-0500] Runtime: 1.95s
Detailed Placement Analysis
---------------------------------
legalizer            negotiation
total moves               32380
total displacement      58663.6 u
average displacement        1.5 u
max displacement           31.7 u
original HPWL          831981.9 u
legalized HPWL         886941.1 u
delta HPWL                    7 %

estimate_parasitics -placement
Warning: master sky130_ef_sc_hd__decap_12 has signal pins but no liberty cell
repair_timing -setup_margin 0 -hold_margin 0 -repair_tns 100 -match_cell_footprint -verbose
[INFO RSZ-0100] Repair move sequence: UnbufferMove SizeUpMove SwapPinsMove BufferMove CloneMove SplitLoadMove 
[INFO RSZ-0094] Found 574 endpoints with setup violations.
[INFO RSZ-0099] Repairing 574 out of 574 (100.00%) violating endpoints...
   Iter   | Removed | Resized | Inserted | Cloned |  Pin  |   Area   |    WNS   |    TNS     |  Viol  |  Worst
          | Buffers |  Gates  | Buffers  |  Gates | Swaps |          |          |            | Endpts | Endpoint
------------------------------------------------------------------------------------------------------------------------------
       0* |       0 |       0 |        0 |      0 |     0 |    +0.0% |   -1.016 |     -173.0 |    574 | row37/_637_/D
      10* |       0 |       6 |        3 |      0 |     1 |    +0.0% |   -0.607 |     -170.2 |    574 | row53/_630_/D
      20* |       0 |      13 |        3 |      0 |     4 |    +0.0% |   -0.578 |     -170.3 |    574 | row12/_637_/D
      30* |       0 |      20 |        4 |      0 |     6 |    +0.1% |   -0.554 |     -162.9 |    574 | row63/_637_/D
      40* |       0 |      28 |        5 |      0 |     7 |    +0.1% |   -0.535 |     -163.7 |    574 | row12/_637_/D
      50* |       0 |      35 |        6 |      1 |     8 |    +0.1% |   -0.526 |     -159.9 |    574 | row13/_637_/D
      60* |       0 |      44 |        6 |      1 |     9 |    +0.1% |   -0.519 |     -158.9 |    574 | row12/_637_/D
      70* |       0 |      50 |        6 |      1 |    13 |    +0.1% |   -0.523 |     -158.1 |    574 | row25/_637_/D
      80* |       0 |      58 |        6 |      1 |    15 |    +0.1% |   -0.491 |     -156.7 |    574 | row58/_637_/D
      90* |       0 |      66 |        8 |      1 |    16 |    +0.2% |   -0.501 |     -154.6 |    574 | row47/_628_/D
     100* |       0 |      75 |        8 |      1 |    17 |    +0.2% |   -0.475 |     -153.0 |    574 | row62/_628_/D
     110* |       0 |      82 |       12 |      2 |    18 |    +0.2% |   -0.531 |     -178.5 |    574 | row38/_628_/D
     120* |       0 |      86 |       14 |      2 |    22 |    +0.2% |   -0.521 |     -176.8 |    574 | row47/_628_/D
     130* |       0 |      91 |       16 |      2 |    25 |    +0.2% |   -0.570 |     -178.5 |    574 | row53/_628_/D
     140* |       0 |      98 |       17 |      3 |    26 |    +0.3% |   -0.516 |     -176.3 |    574 | row58/_630_/D
     150* |       0 |     104 |       19 |      3 |    28 |    +0.3% |   -0.508 |     -175.0 |    574 | row3/_630_/D
     153* |       0 |      78 |        8 |      1 |    17 |    +0.2% |   -0.474 |     -152.9 |    574 | row1/_630_/D
     160* |       1 |      81 |        8 |      1 |    19 |    +0.2% |   -0.474 |     -152.9 |    574 | row1/_630_/D
     170* |       1 |      87 |        9 |      1 |    22 |    +0.2% |   -0.500 |     -153.1 |    574 | row37/_637_/D
     180* |       1 |      94 |        9 |      1 |    25 |    +0.2% |   -0.474 |     -152.6 |    574 | row1/_630_/D
     190* |       1 |      98 |       12 |      1 |    28 |    +0.2% |   -0.474 |     -152.7 |    574 | row1/_630_/D
     191* |       1 |      87 |        9 |      1 |    20 |    +0.2% |   -0.474 |     -152.6 |    574 | row1/_630_/D
     200* |       1 |      88 |       11 |      1 |    25 |    +0.2% |   -0.474 |     -152.6 |    574 | row1/_630_/D
     207* |       1 |      91 |       12 |      1 |    28 |    +0.2% |   -0.474 |     -152.2 |    574 | row1/_630_/D
     209* |       1 |      92 |       12 |      1 |    28 |    +0.2% |   -0.474 |     -152.2 |    574 | row1/_630_/D
     210* |       1 |      92 |       12 |      1 |    28 |    +0.2% |   -0.474 |     -152.2 |    574 | row1/_630_/D
     220* |       1 |      98 |       12 |      1 |    32 |    +0.2% |   -0.474 |     -152.1 |    574 | row1/_630_/D
     230* |       1 |     102 |       14 |      1 |    36 |    +0.2% |   -0.474 |     -151.9 |    574 | row1/_630_/D
     240* |       1 |     104 |       16 |      1 |    42 |    +0.2% |   -0.474 |     -151.8 |    574 | row1/_630_/D
     245* |       1 |     106 |       16 |      1 |    45 |    +0.2% |   -0.474 |     -151.8 |    574 | row1/_630_/D
     250* |       1 |     107 |       16 |      1 |    48 |    +0.2% |   -0.518 |     -151.9 |    574 | row50/_637_/D
     260* |       1 |     110 |       18 |      1 |    53 |    +0.2% |   -0.474 |     -151.6 |    574 | row1/_630_/D
     264* |       1 |     112 |       18 |      1 |    55 |    +0.2% |   -0.474 |     -151.4 |    574 | row1/_630_/D
     270* |       1 |     115 |       18 |      1 |    57 |    +0.2% |   -0.474 |     -151.6 |    574 | row1/_630_/D
     280* |       1 |     119 |       22 |      1 |    59 |    +0.3% |   -0.474 |     -150.0 |    574 | row1/_630_/D
     290* |       1 |     122 |       28 |      1 |    60 |    +0.3% |   -0.474 |     -149.6 |    574 | row1/_630_/D
     300* |       1 |     123 |       33 |      2 |    64 |    +0.3% |   -0.474 |     -149.8 |    574 | row1/_630_/D
     309* |       1 |     123 |       29 |      2 |    62 |    +0.3% |   -0.474 |     -149.5 |    574 | row1/_630_/D
     310* |       1 |     123 |       29 |      2 |    62 |    +0.3% |   -0.474 |     -149.5 |    574 | row1/_630_/D
     320* |       1 |     127 |       34 |      3 |    62 |    +0.3% |   -0.474 |     -150.7 |    574 | row1/_630_/D
     330* |       1 |     133 |       35 |      3 |    65 |    +0.3% |   -0.474 |     -149.0 |    574 | row1/_630_/D
     339* |       1 |     133 |       35 |      3 |    63 |    +0.3% |   -0.474 |     -148.9 |    574 | row1/_630_/D
     340* |       1 |     133 |       35 |      3 |    63 |    +0.3% |   -0.474 |     -148.9 |    574 | row1/_630_/D
     350* |       1 |     135 |       39 |      3 |    67 |    +0.3% |   -0.474 |     -148.9 |    574 | row1/_630_/D
     360* |       1 |     139 |       42 |      3 |    70 |    +0.4% |   -0.474 |     -148.8 |    574 | row1/_630_/D
     361* |       1 |     139 |       42 |      3 |    71 |    +0.4% |   -0.474 |     -148.8 |    574 | row1/_630_/D
     370* |       1 |     144 |       42 |      3 |    74 |    +0.4% |   -0.474 |     -148.4 |    574 | row1/_630_/D
     380* |       1 |     147 |       43 |      3 |    80 |    +0.4% |   -0.474 |     -148.2 |    574 | row1/_630_/D
     382* |       1 |     147 |       43 |      3 |    82 |    +0.4% |   -0.474 |     -148.2 |    574 | row1/_630_/D
     390* |       1 |     152 |       44 |      3 |    83 |    +0.4% |   -0.474 |     -148.0 |    574 | row1/_630_/D
     400* |       1 |     156 |       44 |      3 |    89 |    +0.4% |   -0.474 |     -147.9 |    574 | row1/_630_/D
     410* |       1 |     159 |       46 |      3 |    94 |    +0.4% |   -0.474 |     -147.7 |    574 | row1/_630_/D
     414* |       1 |     160 |       47 |      3 |    96 |    +0.4% |   -0.474 |     -147.7 |    574 | row1/_630_/D
     420* |       1 |     160 |       52 |      3 |    96 |    +0.4% |   -0.474 |     -147.7 |    574 | row1/_630_/D
     430* |       1 |     162 |       60 |      3 |    96 |    +0.4% |   -0.474 |     -148.3 |    574 | row1/_630_/D
     440* |       1 |     165 |       64 |      3 |   100 |    +0.4% |   -0.474 |     -147.8 |    574 | row1/_630_/D
     450* |       1 |     168 |       71 |      3 |   100 |    +0.5% |   -0.474 |     -147.7 |    574 | row1/_630_/D
     460* |       1 |     170 |       75 |      5 |   102 |    +0.5% |   -0.544 |     -149.0 |    574 | row50/_628_/D
     460* |       1 |     168 |       72 |      4 |   101 |    +0.5% |   -0.474 |     -147.5 |    574 | row1/_630_/D
     470* |       1 |     171 |       74 |      4 |   105 |    +0.5% |   -0.474 |     -147.3 |    574 | row1/_630_/D
     480* |       1 |     176 |       78 |      4 |   107 |    +0.5% |   -0.523 |     -149.7 |    574 | row44/_628_/D
     490* |       1 |     181 |       80 |      4 |   110 |    +0.5% |   -0.482 |     -148.5 |    574 | row47/_620_/D
     495* |       1 |     175 |       74 |      4 |   105 |    +0.5% |   -0.474 |     -147.0 |    574 | row1/_630_/D
     500* |       1 |     177 |       75 |      4 |   106 |    +0.5% |   -0.474 |     -146.8 |    574 | row1/_630_/D
     510* |       2 |     183 |       75 |      4 |   109 |    +0.5% |   -0.474 |     -146.6 |    574 | row1/_630_/D
     520* |       2 |     187 |       76 |      4 |   114 |    +0.5% |   -0.474 |     -146.6 |    574 | row1/_630_/D
     526* |       2 |     189 |       77 |      4 |   117 |    +0.5% |   -0.474 |     -146.3 |    574 | row1/_630_/D
     530* |       2 |     192 |       77 |      4 |   117 |    +0.5% |   -0.474 |     -145.6 |    574 | row1/_630_/D
     540* |       2 |     198 |       78 |      4 |   120 |    +0.5% |   -0.474 |     -145.2 |    574 | row1/_630_/D
     550* |       2 |     199 |       81 |      5 |   125 |    +0.5% |   -0.474 |     -145.3 |    574 | row1/_630_/D
     559* |       2 |     198 |       78 |      4 |   120 |    +0.5% |   -0.474 |     -145.2 |    574 | row1/_630_/D
     560* |       2 |     198 |       78 |      4 |   120 |    +0.5% |   -0.474 |     -145.2 |    574 | row1/_630_/D
     570* |       2 |     200 |       80 |      7 |   123 |    +0.6% |   -0.495 |     -149.3 |    574 | row28/_630_/D
     580* |       2 |     207 |       83 |      8 |   123 |    +0.6% |   -0.547 |     -167.5 |    574 | row1/_630_/D
     590* |       2 |     210 |       84 |      9 |   128 |    +0.6% |   -0.547 |     -167.5 |    574 | row1/_630_/D
     600* |       2 |     215 |       90 |      9 |   128 |    +0.6% |   -0.547 |     -162.0 |    574 | row1/_630_/D
     607* |       2 |     200 |       80 |      6 |   123 |    +0.5% |   -0.474 |     -144.9 |    574 | row1/_630_/D
     610* |       2 |     201 |       80 |      6 |   124 |    +0.5% |   -0.474 |     -145.0 |    574 | row1/_630_/D
     620* |       2 |     207 |       82 |      6 |   126 |    +0.6% |   -0.474 |     -143.9 |    574 | row1/_630_/D
     630* |       2 |     211 |       85 |      6 |   129 |    +0.6% |   -0.474 |     -144.4 |    574 | row1/_630_/D
     640* |       2 |     213 |       92 |      6 |   130 |    +0.6% |   -0.474 |     -144.7 |    574 | row1/_630_/D
     650* |       2 |     214 |      101 |      6 |   130 |    +0.6% |   -0.474 |     -144.8 |    574 | row1/_630_/D
     652* |       2 |     210 |       82 |      6 |   126 |    +0.6% |   -0.474 |     -143.8 |    574 | row1/_630_/D
     660* |       2 |     211 |       85 |      8 |   128 |    +0.6% |   -0.573 |     -173.5 |    574 | row56/_630_/D
     670* |       2 |     219 |       86 |      8 |   129 |    +0.6% |   -0.573 |     -172.2 |    574 | row56/_630_/D
     680* |       2 |     222 |       92 |      8 |   130 |    +0.6% |   -0.573 |     -172.5 |    574 | row56/_630_/D
     690* |       2 |     224 |       97 |      8 |   134 |    +0.6% |   -0.573 |     -172.5 |    574 | row56/_630_/D
     691* |       2 |     210 |       83 |      6 |   126 |    +0.6% |   -0.474 |     -143.7 |    574 | row1/_630_/D
     700* |       2 |     214 |       84 |      6 |   129 |    +0.6% |   -0.474 |     -143.4 |    574 | row1/_630_/D
     710* |       2 |     221 |       87 |      6 |   129 |    +0.6% |   -0.474 |     -142.8 |    574 | row1/_630_/D
     713* |       2 |     223 |       88 |      6 |   129 |    +0.6% |   -0.474 |     -142.6 |    574 | row1/_630_/D
     720* |       2 |     225 |       92 |      6 |   131 |    +0.6% |   -0.474 |     -143.4 |    574 | row1/_630_/D
     722* |       2 |     225 |       88 |      6 |   129 |    +0.6% |   -0.474 |     -142.5 |    574 | row1/_630_/D
     730* |       2 |     229 |       90 |      8 |   129 |    +0.6% |   -0.590 |     -169.1 |    574 | row59/_630_/D
     740* |       2 |     235 |       93 |      9 |   129 |    +0.7% |   -0.547 |     -165.5 |    574 | row1/_630_/D
     750* |       2 |     240 |      102 |      9 |   130 |    +0.7% |   -0.547 |     -167.2 |    574 | row1/_630_/D
     753* |       2 |     225 |       88 |      6 |   129 |    +0.6% |   -0.474 |     -142.5 |    574 | row1/_630_/D
     760* |       2 |     228 |       90 |      7 |   130 |    +0.6% |   -0.589 |     -163.4 |    574 | row10/_629_/D
     770* |       2 |     233 |       91 |      8 |   133 |    +0.7% |   -0.593 |     -162.4 |    574 | row10/_629_/D
     780* |       2 |     240 |       92 |      8 |   135 |    +0.7% |   -0.544 |     -159.0 |    574 | row5/_630_/D
     790* |       2 |     242 |       97 |      9 |   138 |    +0.7% |   -0.505 |     -153.5 |    574 | row32/_630_/D
     800* |       2 |     245 |      105 |      9 |   138 |    +0.7% |   -0.505 |     -153.5 |    574 | row32/_630_/D
     804* |       2 |     226 |       88 |      6 |   129 |    +0.6% |   -0.474 |     -142.2 |    574 | row1/_630_/D
     810* |       2 |     228 |       88 |      6 |   132 |    +0.6% |   -0.474 |     -142.1 |    574 | row1/_630_/D
     820* |       2 |     232 |       92 |      7 |   134 |    +0.6% |   -0.474 |     -143.3 |    574 | row1/_630_/D
     830* |       2 |     238 |       93 |      8 |   136 |    +0.7% |   -0.474 |     -143.1 |    574 | row1/_630_/D
     840* |       2 |     241 |      100 |      8 |   136 |    +0.7% |   -0.474 |     -143.0 |    574 | row1/_630_/D
     843* |       2 |     240 |       93 |      8 |   136 |    +0.7% |   -0.474 |     -142.9 |    574 | row1/_630_/D
     850* |       2 |     242 |       96 |      8 |   137 |    +0.7% |   -0.474 |     -143.0 |    574 | row1/_630_/D
     853* |       2 |     242 |       95 |      8 |   136 |    +0.7% |   -0.474 |     -142.7 |    574 | row1/_630_/D
     857* |       2 |     244 |       95 |      8 |   137 |    +0.7% |   -0.474 |     -142.7 |    574 | row1/_630_/D
     860* |       2 |     246 |       95 |      8 |   137 |    +0.7% |   -0.474 |     -142.5 |    574 | row1/_630_/D
     870* |       2 |     247 |       96 |      8 |   145 |    +0.7% |   -0.474 |     -142.4 |    574 | row1/_630_/D
     880* |       2 |     252 |       97 |      8 |   149 |    +0.7% |   -0.474 |     -142.1 |    574 | row1/_630_/D
     880* |       2 |     252 |       97 |      8 |   149 |    +0.7% |   -0.474 |     -142.1 |    574 | row1/_630_/D
     890* |       2 |     257 |      100 |     10 |   149 |    +0.7% |   -0.554 |     -163.5 |    574 | row56/_630_/D
     900* |       2 |     262 |      105 |     10 |   149 |    +0.7% |   -0.554 |     -162.9 |    574 | row56/_630_/D
     910* |       2 |     268 |      109 |     10 |   149 |    +0.8% |   -0.554 |     -163.2 |    574 | row56/_630_/D
     914* |       2 |     252 |       97 |      8 |   149 |    +0.7% |   -0.474 |     -142.1 |    574 | row1/_630_/D
     920* |       2 |     256 |       97 |      8 |   150 |    +0.7% |   -0.474 |     -141.7 |    574 | row1/_630_/D
     930* |       2 |     261 |       99 |      8 |   153 |    +0.7% |   -0.474 |     -141.2 |    574 | row1/_630_/D
     940* |       2 |     263 |      104 |      8 |   158 |    +0.7% |   -0.474 |     -141.1 |    574 | row1/_630_/D
     944* |       2 |     263 |      100 |      8 |   154 |    +0.7% |   -0.474 |     -141.1 |    574 | row1/_630_/D
     950* |       2 |     265 |      104 |      8 |   154 |    +0.7% |   -0.494 |     -144.7 |    574 | row47/_620_/D
     960* |       2 |     270 |      108 |      8 |   155 |    +0.7% |   -0.482 |     -143.9 |    574 | row47/_620_/D
     963* |       2 |     263 |      100 |      8 |   154 |    +0.7% |   -0.474 |     -141.1 |    574 | row1/_630_/D
     970* |       2 |     265 |      101 |      8 |   157 |    +0.7% |   -0.474 |     -141.1 |    574 | row1/_630_/D
     980* |       2 |     267 |      104 |      8 |   162 |    +0.7% |   -0.474 |     -140.9 |    574 | row1/_630_/D
     989* |       2 |     271 |      106 |      8 |   165 |    +0.7% |   -0.474 |     -140.9 |    574 | row1/_630_/D
     990* |       2 |     271 |      106 |      8 |   165 |    +0.7% |   -0.474 |     -140.9 |    574 | row1/_630_/D
    1000* |       2 |     277 |      106 |      8 |   169 |    +0.7% |   -0.474 |     -140.7 |    574 | row1/_630_/D
    1010* |       2 |     281 |      108 |      8 |   173 |    +0.7% |   -0.474 |     -140.5 |    574 | row1/_630_/D
    1020* |       2 |     283 |      112 |      8 |   177 |    +0.8% |   -0.474 |     -140.5 |    574 | row1/_630_/D
    1021* |       2 |     283 |      112 |      8 |   178 |    +0.8% |   -0.474 |     -140.5 |    574 | row1/_630_/D
    1030* |       2 |     286 |      114 |     10 |   180 |    +0.8% |   -0.554 |     -161.4 |    574 | row56/_630_/D
    1040* |       2 |     292 |      116 |     10 |   182 |    +0.8% |   -0.554 |     -160.7 |    574 | row56/_630_/D
    1050* |       2 |     295 |      119 |     11 |   185 |    +0.8% |   -0.554 |     -161.0 |    574 | row56/_630_/D
    1060* |       2 |     300 |      123 |     11 |   186 |    +0.8% |   -0.554 |     -162.1 |    574 | row56/_630_/D
    1063* |       2 |     286 |      112 |      8 |   179 |    +0.8% |   -0.474 |     -139.4 |    574 | row1/_630_/D
    1068* |       2 |     289 |      112 |      8 |   180 |    +0.8% |   -0.474 |     -139.3 |    574 | row1/_630_/D
    1070* |       2 |     290 |      112 |      8 |   180 |    +0.8% |   -0.474 |     -139.3 |    574 | row1/_630_/D
    1072* |       2 |     290 |      112 |      8 |   180 |    +0.8% |   -0.474 |     -139.3 |    574 | row1/_630_/D
    1080* |       2 |     294 |      115 |      9 |   180 |    +0.8% |   -0.593 |     -159.0 |    574 | row4/_628_/D
    1090* |       2 |     300 |      117 |      9 |   182 |    +0.8% |   -0.593 |     -158.7 |    574 | row4/_628_/D
    1100* |       2 |     302 |      120 |     10 |   186 |    +0.8% |   -0.593 |     -158.4 |    574 | row4/_628_/D
    1100* |       2 |     290 |      112 |      8 |   180 |    +0.8% |   -0.474 |     -139.3 |    574 | row1/_630_/D
    1110* |       2 |     295 |      115 |     10 |   180 |    +0.8% |   -0.554 |     -160.6 |    574 | row56/_630_/D
    1113* |       2 |     291 |      112 |      8 |   180 |    +0.8% |   -0.474 |     -139.3 |    574 | row1/_630_/D
    1120* |       2 |     294 |      116 |      8 |   181 |    +0.8% |   -0.474 |     -139.3 |    574 | row1/_630_/D
    1121* |       2 |     292 |      116 |      8 |   180 |    +0.8% |   -0.474 |     -139.1 |    574 | row1/_630_/D
    1130* |       2 |     294 |      120 |      8 |   182 |    +0.8% |   -0.474 |     -139.2 |    574 | row1/_630_/D
    1140* |       2 |     300 |      121 |      8 |   185 |    +0.8% |   -0.474 |     -138.7 |    574 | row1/_630_/D
    1148* |       2 |     303 |      121 |      8 |   190 |    +0.8% |   -0.474 |     -138.6 |    574 | row1/_630_/D
    1150* |       2 |     303 |      121 |      8 |   191 |    +0.8% |   -0.478 |     -138.7 |    574 | row50/_628_/D
    1160* |       2 |     304 |      127 |      8 |   196 |    +0.8% |   -0.474 |     -141.6 |    574 | row1/_630_/D
    1170* |       2 |     311 |      130 |      8 |   197 |    +0.8% |   -0.474 |     -141.1 |    574 | row1/_630_/D
    1180* |       2 |     317 |      133 |      8 |   198 |    +0.9% |   -0.474 |     -140.7 |    574 | row1/_630_/D
    1183* |       2 |     311 |      128 |      8 |   197 |    +0.8% |   -0.474 |     -140.7 |    574 | row1/_630_/D
    1190* |       2 |     314 |      131 |      9 |   197 |    +0.9% |   -0.593 |     -162.9 |    574 | row4/_628_/D
    1200* |       2 |     322 |      131 |     10 |   198 |    +0.9% |   -0.593 |     -160.4 |    574 | row4/_628_/D
    1200* |       2 |     311 |      128 |      8 |   197 |    +0.8% |   -0.474 |     -140.7 |    574 | row1/_630_/D
    1200* |       2 |     311 |      128 |      8 |   197 |    +0.8% |   -0.474 |     -140.7 |    574 | row1/_630_/D
    1200+ |       2 |     311 |      128 |      8 |   197 |    +0.8% |   -0.474 |     -140.7 |    539 | row1/_630_/D
    1210+ |       2 |     320 |      128 |      8 |   197 |    +0.9% |   -0.457 |     -138.2 |    539 | row29/_630_/D
    1210+ |       2 |     321 |      128 |      8 |   197 |    +0.9% |   -0.456 |     -138.1 |    539 | row9/_637_/D
    1214+ |       2 |     322 |      128 |      8 |   199 |    +0.9% |   -0.456 |     -138.0 |    539 | row9/_637_/D
    1216+ |       2 |     323 |      128 |      8 |   199 |    +0.9% |   -0.456 |     -138.0 |    539 | row9/_637_/D
    1219+ |       2 |     325 |      128 |      8 |   199 |    +0.9% |   -0.456 |     -138.0 |    539 | row9/_637_/D
    1220+ |       2 |     325 |      128 |      8 |   199 |    +0.9% |   -0.456 |     -138.0 |    539 | row9/_637_/D
    1225+ |       2 |     330 |      128 |      8 |   199 |    +0.9% |   -0.456 |     -137.3 |    539 | row9/_637_/D
    1230+ |       2 |     334 |      128 |      8 |   199 |    +0.9% |   -0.456 |     -136.7 |    539 | row9/_637_/D
    1235+ |       2 |     340 |      128 |      8 |   199 |    +0.9% |   -0.456 |     -135.7 |    539 | row9/_637_/D
    1239+ |       2 |     343 |      128 |      8 |   199 |    +0.9% |   -0.456 |     -135.5 |    539 | row9/_637_/D
    1240+ |       2 |     343 |      128 |      8 |   199 |    +0.9% |   -0.456 |     -135.5 |    539 | row9/_637_/D
    1240+ |       2 |     343 |      128 |      8 |   199 |    +0.9% |   -0.456 |     -135.5 |    539 | row9/_637_/D
    1241+ |       2 |     343 |      128 |      8 |   199 |    +0.9% |   -0.456 |     -135.5 |    539 | row9/_637_/D
    1244+ |       2 |     345 |      128 |      8 |   199 |    +0.9% |   -0.456 |     -135.3 |    539 | row9/_637_/D
    1249+ |       2 |     348 |      128 |      8 |   200 |    +0.9% |   -0.456 |     -134.7 |    539 | row9/_637_/D
    1250+ |       2 |     348 |      128 |      8 |   200 |    +0.9% |   -0.456 |     -134.7 |    539 | row9/_637_/D
    1251+ |       2 |     349 |      128 |      8 |   200 |    +0.9% |   -0.456 |     -134.7 |    539 | row9/_637_/D
    1252+ |       2 |     349 |      128 |      8 |   200 |    +0.9% |   -0.456 |     -134.7 |    539 | row9/_637_/D
    1253+ |       2 |     349 |      128 |      8 |   200 |    +0.9% |   -0.456 |     -134.7 |    539 | row9/_637_/D
    1257+ |       2 |     352 |      128 |      8 |   200 |    +0.9% |   -0.456 |     -134.7 |    539 | row9/_637_/D
    1258+ |       2 |     352 |      128 |      8 |   200 |    +0.9% |   -0.456 |     -134.7 |    539 | row9/_637_/D
    1260+ |       2 |     353 |      128 |      8 |   200 |    +0.9% |   -0.456 |     -134.6 |    539 | row9/_637_/D
    1262+ |       2 |     355 |      128 |      8 |   200 |    +0.9% |   -0.456 |     -134.5 |    539 | row9/_637_/D
    1265+ |       2 |     357 |      128 |      8 |   200 |    +0.9% |   -0.456 |     -134.4 |    539 | row9/_637_/D
    1269+ |       2 |     360 |      128 |      8 |   200 |    +0.9% |   -0.456 |     -134.3 |    539 | row9/_637_/D
    1270+ |       2 |     360 |      128 |      8 |   200 |    +0.9% |   -0.456 |     -134.3 |    539 | row9/_637_/D
    1275+ |       2 |     363 |      128 |      8 |   202 |    +0.9% |   -0.456 |     -134.0 |    539 | row9/_637_/D
    1278+ |       2 |     365 |      128 |      8 |   202 |    +0.9% |   -0.456 |     -133.6 |    539 | row9/_637_/D
    1280+ |       2 |     366 |      128 |      8 |   202 |    +0.9% |   -0.456 |     -132.5 |    539 | row9/_637_/D
    1282+ |       2 |     368 |      128 |      8 |   202 |    +0.9% |   -0.456 |     -132.1 |    539 | row9/_637_/D
    1283+ |       2 |     368 |      128 |      8 |   202 |    +0.9% |   -0.456 |     -132.1 |    539 | row9/_637_/D
    1285+ |       2 |     369 |      128 |      8 |   202 |    +0.9% |   -0.456 |     -132.1 |    539 | row9/_637_/D
    1290+ |       2 |     372 |      128 |      8 |   203 |    +1.0% |   -0.456 |     -131.6 |    539 | row9/_637_/D
    1291+ |       2 |     373 |      128 |      8 |   203 |    +1.0% |   -0.456 |     -131.6 |    539 | row9/_637_/D
    1293+ |       2 |     374 |      128 |      8 |   203 |    +1.0% |   -0.456 |     -131.2 |    539 | row9/_637_/D
    1298+ |       2 |     378 |      128 |      8 |   203 |    +1.0% |   -0.456 |     -130.5 |    539 | row9/_637_/D
    1299+ |       2 |     378 |      128 |      8 |   203 |    +1.0% |   -0.456 |     -130.5 |    539 | row9/_637_/D
    1300+ |       2 |     378 |      128 |      8 |   203 |    +1.0% |   -0.456 |     -130.5 |    539 | row9/_637_/D
    1303+ |       2 |     380 |      128 |      8 |   203 |    +1.0% |   -0.456 |     -130.3 |    539 | row9/_637_/D
    1307+ |       2 |     383 |      128 |      8 |   203 |    +1.0% |   -0.456 |     -130.0 |    539 | row9/_637_/D
    1310+ |       2 |     385 |      128 |      8 |   203 |    +1.0% |   -0.456 |     -129.9 |    539 | row9/_637_/D
    1314+ |       2 |     387 |      128 |      8 |   205 |    +1.0% |   -0.456 |     -129.7 |    539 | row9/_637_/D
    1315+ |       2 |     387 |      128 |      8 |   205 |    +1.0% |   -0.456 |     -129.7 |    539 | row9/_637_/D
    1317+ |       2 |     388 |      128 |      8 |   205 |    +1.0% |   -0.456 |     -129.5 |    539 | row9/_637_/D
    1318+ |       2 |     388 |      128 |      8 |   205 |    +1.0% |   -0.456 |     -129.5 |    539 | row9/_637_/D
    1319+ |       2 |     388 |      128 |      8 |   205 |    +1.0% |   -0.456 |     -129.5 |    539 | row9/_637_/D
    1320+ |       2 |     388 |      128 |      8 |   205 |    +1.0% |   -0.456 |     -129.5 |    539 | row9/_637_/D
    1321+ |       2 |     389 |      128 |      8 |   205 |    +1.0% |   -0.456 |     -129.5 |    539 | row9/_637_/D
    1322+ |       2 |     389 |      128 |      8 |   205 |    +1.0% |   -0.456 |     -129.5 |    539 | row9/_637_/D
    1325+ |       2 |     391 |      128 |      8 |   205 |    +1.0% |   -0.456 |     -129.4 |    539 | row9/_637_/D
    1326+ |       2 |     391 |      128 |      8 |   205 |    +1.0% |   -0.456 |     -129.4 |    539 | row9/_637_/D
    1330+ |       2 |     394 |      128 |      8 |   205 |    +1.0% |   -0.456 |     -128.8 |    539 | row9/_637_/D
    1332+ |       2 |     396 |      128 |      8 |   205 |    +1.0% |   -0.456 |     -128.6 |    539 | row9/_637_/D
    1336+ |       2 |     399 |      128 |      8 |   205 |    +1.0% |   -0.456 |     -128.6 |    539 | row9/_637_/D
    1339+ |       2 |     400 |      128 |      8 |   206 |    +1.0% |   -0.456 |     -128.4 |    539 | row9/_637_/D
    1340+ |       2 |     400 |      128 |      8 |   206 |    +1.0% |   -0.456 |     -128.4 |    539 | row9/_637_/D
    1342+ |       2 |     402 |      128 |      8 |   206 |    +1.0% |   -0.456 |     -128.2 |    539 | row9/_637_/D
    1348+ |       2 |     407 |      128 |      8 |   206 |    +1.0% |   -0.456 |     -127.5 |    539 | row9/_637_/D
    1349+ |       2 |     407 |      128 |      8 |   206 |    +1.0% |   -0.456 |     -127.5 |    539 | row9/_637_/D
    1350+ |       2 |     407 |      128 |      8 |   206 |    +1.0% |   -0.456 |     -127.5 |    539 | row9/_637_/D
    1353+ |       2 |     410 |      128 |      8 |   206 |    +1.0% |   -0.456 |     -127.3 |    539 | row9/_637_/D
    1354+ |       2 |     410 |      128 |      8 |   206 |    +1.0% |   -0.456 |     -127.3 |    539 | row9/_637_/D
    1358+ |       2 |     413 |      128 |      8 |   206 |    +1.0% |   -0.456 |     -127.0 |    539 | row9/_637_/D
    1359+ |       2 |     413 |      128 |      8 |   206 |    +1.0% |   -0.456 |     -127.0 |    539 | row9/_637_/D
    1360+ |       2 |     413 |      128 |      8 |   206 |    +1.0% |   -0.456 |     -127.0 |    539 | row9/_637_/D
    1360+ |       2 |     413 |      128 |      8 |   206 |    +1.0% |   -0.456 |     -127.0 |    539 | row9/_637_/D
    1370+ |       2 |     421 |      128 |      8 |   207 |    +1.0% |   -0.456 |     -126.6 |    539 | row9/_637_/D
    1370+ |       2 |     422 |      128 |      8 |   207 |    +1.0% |   -0.456 |     -126.6 |    539 | row9/_637_/D
    1371+ |       2 |     422 |      128 |      8 |   207 |    +1.0% |   -0.456 |     -126.6 |    539 | row9/_637_/D
    1374+ |       2 |     424 |      128 |      8 |   207 |    +1.0% |   -0.456 |     -126.3 |    539 | row9/_637_/D
    1378+ |       2 |     426 |      128 |      8 |   208 |    +1.1% |   -0.456 |     -126.2 |    539 | row9/_637_/D
    1380+ |       2 |     427 |      128 |      8 |   208 |    +1.1% |   -0.456 |     -126.2 |    539 | row9/_637_/D
    1381+ |       2 |     428 |      128 |      8 |   208 |    +1.1% |   -0.456 |     -126.2 |    539 | row9/_637_/D
    1382+ |       2 |     428 |      128 |      8 |   208 |    +1.1% |   -0.456 |     -126.2 |    539 | row9/_637_/D
    1385+ |       2 |     430 |      128 |      8 |   208 |    +1.1% |   -0.456 |     -126.1 |    539 | row9/_637_/D
    1386+ |       2 |     430 |      128 |      8 |   208 |    +1.1% |   -0.456 |     -126.1 |    539 | row9/_637_/D
    1390+ |       2 |     433 |      128 |      8 |   208 |    +1.1% |   -0.456 |     -125.5 |    539 | row9/_637_/D
    1393+ |       2 |     435 |      128 |      8 |   209 |    +1.1% |   -0.456 |     -124.9 |    539 | row9/_637_/D
    1394+ |       2 |     435 |      128 |      8 |   209 |    +1.1% |   -0.456 |     -124.9 |    539 | row9/_637_/D
    1397+ |       2 |     436 |      128 |      8 |   210 |    +1.1% |   -0.456 |     -124.6 |    539 | row9/_637_/D
    1400+ |       2 |     438 |      128 |      8 |   210 |    +1.1% |   -0.456 |     -123.9 |    539 | row9/_637_/D
    final |       2 |     438 |      128 |      8 |   210 |    +1.1% |   -0.456 |     -123.9 |    520 | row9/_637_/D
------------------------------------------------------------------------------------------------------------------------------
[INFO RSZ-0059] Removed 2 buffers.
[INFO RSZ-0040] Inserted 128 buffers.
[INFO RSZ-0051] Resized 438 instances: 438 up, 0 up match, 0 down, 0 VT
[INFO RSZ-0043] Swapped pins on 210 instances.
[INFO RSZ-0049] Cloned 8 instances.
[WARNING RSZ-0062] Unable to repair all setup violations.
[INFO RSZ-0505] Runtime: 32.94s
[INFO RSZ-0046] Found 65 endpoints with hold violations.
Iteration | Resized | Buffers | Cloned Gates |   Area   |   WNS   |   TNS   | Endpoint
--------------------------------------------------------------------------------------
        0 |       0 |       0 |            0 |    +0.0% |  -0.654 | -40.582 | ln_42/_1_/D
       10 |       0 |      17 |            0 |    +0.1% |  -0.645 | -34.735 | ln_8/_1_/D
       20 |       0 |      37 |            0 |    +0.1% |  -0.636 | -28.322 | ln_29/_1_/D
       30 |       0 |      53 |            0 |    +0.2% |  -0.633 | -21.976 | ln_26/_1_/D
       40 |       0 |      69 |            0 |    +0.2% |  -0.623 | -15.685 | ln_9/_1_/D
       50 |       0 |      83 |            0 |    +0.3% |  -0.613 |  -9.496 | ln_38/_1_/D
       60 |       0 |     100 |            0 |    +0.3% |  -0.587 |  -3.459 | ln_35/_1_/D
    final |       0 |     110 |            0 |    +0.3% |   0.002 |   0.000 | ln_46/_1_/D
--------------------------------------------------------------------------------------
[INFO RSZ-0032] Inserted 110 hold buffers.
[INFO RSZ-0506] Runtime: 0.12s
Took 33 seconds: repair_timing -setup_margin 0 -hold_margin 0 -repair_tns 100 -match_cell_footprint -verbose
Warning: master sky130_ef_sc_hd__decap_12 has signal pins but no liberty cell
Repair timing output passed lec test
detailed_placement
[INFO DPL-0006] Core area: 406672.53 um^2
[INFO DPL-0007] Movable instances area: 302038.43 um^2
[INFO DPL-0008] Fixed instances area within core: 28572.40 um^2
[INFO DPL-0009] Utilization: 81.3%
[INFO DPL-0005] Diamond search max displacement: +/- 500 sites horizontally, +/- 100 rows vertically.
[INFO DPL-1102] Legalizing using negotiation legalizer.
[INFO DPL-1103] Negotiation base search window: +/-20 sites horizontally, +/-5 rows vertically 
	Automatic search window extension enabled.
	Search window extendable up to the max displacement cap of +/-500 sites, +/-100 rows near walls.
[INFO DPL-1104] NegotiationLegalizer DRC penalty: 5.
[INFO DPL-0392] Negotiation cell height distribution (1 unique row-count(s)):
[INFO DPL-0393]   height 1 row(s): 40352 cells
          |      Total |  Illegal |  Illegal
Iteration | Violations |    Cells |    Sites
---------------------------------------------
        0 |       6026 |       968 |      4833
        1 |       4033 |       605 |      3201
        2 |       3624 |       486 |      3021
        3 |       2986 |       358 |      2505
        4 |       2896 |       339 |      2485
        5 |       2298 |       275 |      1993
        6 |       2143 |       258 |      1852
        7 |       1821 |       236 |      1567
        8 |       1724 |       218 |      1496
        9 |       1600 |       196 |      1380
       10 |       1487 |       203 |      1266
       20 |        726 |       101 |       625
       30 |        302 |        44 |       258
       40 |        183 |        32 |       151
       47 |         84 |        18 |        66
[WARNING DPL-0700] Negotiation phase 1: violations stuck at 84 for 3 consecutive iterations.
Using old diamond search for 18 remaining illegal cells.
diamond recovery: recovered 11/18 stuck cells.
Negotiation phase 2: isolation point active, 1000 iterations.
      400 |          0 |         0 |         0
Negotiation phase 2 converged at iteration 0.
[INFO DPL-0500] Runtime: 2.53s
Detailed Placement Analysis
---------------------------------
legalizer            negotiation
total moves               21488
total displacement      15707.5 u
average displacement        0.4 u
max displacement          180.4 u
original HPWL          890065.8 u
legalized HPWL         909213.7 u
delta HPWL                    2 %

estimate_parasitics -placement
Report metrics stage 4, cts final...

==========================================================================
cts final report_design_area
--------------------------------------------------------------------------
Design area 330611 um^2 81% utilization.
write_db /work/orfs/results/sky130hd/g2s_pc2_u67/base/4_1_cts.odb
write_sdc -no_timestamp /work/orfs/results/sky130hd/g2s_pc2_u67/base/4_cts.sdc
Elapsed time: 0:54.37[h:]min:sec. CPU time: user 50.85 sys 1.35 (96%). Peak memory: 316088KB.
Log                       Ext     Elapsed/s Peak Memory/MB sha1sum result [0:20)
4_1_cts                   .odb           54            308 23377d384cc085e122f4
cp /work/orfs/results/sky130hd/g2s_pc2_u67/base/4_1_cts.odb /work/orfs/results/sky130hd/g2s_pc2_u67/base/4_cts.odb
/OpenROAD-flow-scripts/flow/scripts/flow.sh 5_1_grt global_route
Running global_route.tcl, stage 5_1_grt
read_liberty /OpenROAD-flow-scripts/flow/platforms/sky130hd/lib/sky130_fd_sc_hd__tt_025C_1v80.lib
read_liberty /work/cells/g2_cells.lib
read_db /work/orfs/results/sky130hd/g2s_pc2_u67/base/4_cts.odb
read_sdc /work/orfs/results/sky130hd/g2s_pc2_u67/base/4_cts.sdc
source /OpenROAD-flow-scripts/flow/platforms/sky130hd/setRC.tcl
pin_access
[INFO DRT-0149] Reading tech and libs.
[WARNING DRT-0349] LEF58_ENCLOSURE with no CUTCLASS is not supported. Skipping for layer mcon
[WARNING DRT-0349] LEF58_ENCLOSURE with no CUTCLASS is not supported. Skipping for layer mcon
[WARNING DRT-0349] LEF58_ENCLOSURE with no CUTCLASS is not supported. Skipping for layer via
[WARNING DRT-0349] LEF58_ENCLOSURE with no CUTCLASS is not supported. Skipping for layer via
[WARNING DRT-0349] LEF58_ENCLOSURE with no CUTCLASS is not supported. Skipping for layer via2
[WARNING DRT-0349] LEF58_ENCLOSURE with no CUTCLASS is not supported. Skipping for layer via2
[WARNING DRT-0349] LEF58_ENCLOSURE with no CUTCLASS is not supported. Skipping for layer via3
[WARNING DRT-0349] LEF58_ENCLOSURE with no CUTCLASS is not supported. Skipping for layer via3
[WARNING DRT-0349] LEF58_ENCLOSURE with no CUTCLASS is not supported. Skipping for layer via4
[WARNING DRT-0349] LEF58_ENCLOSURE with no CUTCLASS is not supported. Skipping for layer via4

Units:                1000
Number of layers:     13
Number of macros:     445
Number of vias:       25
Number of viarulegen: 25

[INFO DRT-0150] Reading design.

Design:                   top
Die area:                 ( 0 0 ) ( 643380 643380 )
Number of track patterns: 12
Number of DEF vias:       0
Number of components:     40352
Number of terminals:      194
Number of snets:          2
Number of nets:           34463

[INFO DRT-0167] List of default vias:
  Layer via
    default via: M1M2_PR
  Layer via2
    default via: M2M3_PR
  Layer via3
    default via: M3M4_PR
  Layer via4
    default via: M4M5_PR
[INFO DRT-0162] Library cell analysis.
[INFO DRT-0163] Instance analysis.
[INFO DRT-0164] Number of unique instances = 172.
[INFO DRT-0168] Init region query.
[INFO DRT-0024]   Complete FR_MASTERSLICE.
[INFO DRT-0024]   Complete Fr_VIA.
[INFO DRT-0024]   Complete li1.
[INFO DRT-0024]   Complete mcon.
[INFO DRT-0024]   Complete met1.
[INFO DRT-0024]   Complete via.
[INFO DRT-0024]   Complete met2.
[INFO DRT-0024]   Complete via2.
[INFO DRT-0024]   Complete met3.
[INFO DRT-0024]   Complete via3.
[INFO DRT-0024]   Complete met4.
[INFO DRT-0024]   Complete via4.
[INFO DRT-0024]   Complete met5.
[INFO DRT-0033] FR_MASTERSLICE shape region query size = 0.
[INFO DRT-0033] FR_VIA shape region query size = 0.
[INFO DRT-0033] li1 shape region query size = 907579.
[INFO DRT-0033] mcon shape region query size = 518308.
[INFO DRT-0033] met1 shape region query size = 123558.
[INFO DRT-0033] via shape region query size = 0.
[INFO DRT-0033] met2 shape region query size = 4753.
[INFO DRT-0033] via2 shape region query size = 0.
[INFO DRT-0033] met3 shape region query size = 4785.
[INFO DRT-0033] via3 shape region query size = 0.
[INFO DRT-0033] met4 shape region query size = 4672.
[INFO DRT-0033] via4 shape region query size = 0.
[INFO DRT-0033] met5 shape region query size = 0.
[INFO DRT-0165] Start pin access.
[INFO DRT-0076]   Complete 1000 pins.
[INFO DRT-0078]   Complete 1112 pins.
[INFO DRT-0079]   Complete 100 unique inst patterns.
[INFO DRT-0081]   Complete 172 unique inst patterns.
[INFO DRT-0082]   Complete 10000 groups.
[INFO DRT-0084]   Complete 17647 groups.
#scanned instances     = 40352
#unique  instances     = 172
#stdCellGenAp          = 3670
#stdCellValidPlanarAp  = 14
#stdCellValidViaAp     = 2782
#stdCellPinNoAp        = 0
#stdCellPinCnt         = 97427
#instTermValidViaApCnt = 0
#macroGenAp            = 0
#macroValidPlanarAp    = 0
#macroValidViaAp       = 0
#macroNoAp             = 0
[INFO DRT-0166] Complete pin access.
[INFO DRT-0267] cpu time = 00:06:00, elapsed time = 00:05:41, memory = 295.92 (MB), peak = 305.98 (MB)
Took 342 seconds: pin_access
global_route -congestion_report_file /work/orfs/reports/sky130hd/g2s_pc2_u67/base/congestion.rpt -congestion_iterations 30 -congestion_report_iter_step 5 -verbose
[INFO GRT-0020] Min routing layer: met1
[INFO GRT-0021] Max routing layer: met3
[INFO GRT-0022] Global adjustment: 0%
[INFO GRT-0023] Grid origin: (0, 0)
[INFO GRT-0088] Layer li1     Track-Pitch = 0.4600  line-2-Via Pitch: 0.3400
[INFO GRT-0088] Layer met1    Track-Pitch = 0.3400  line-2-Via Pitch: 0.3400
[INFO GRT-0088] Layer met2    Track-Pitch = 0.4600  line-2-Via Pitch: 0.3500
[INFO GRT-0088] Layer met3    Track-Pitch = 0.6800  line-2-Via Pitch: 0.6150
[INFO GRT-0003] Macros: 0
[INFO GRT-0004] Blockages: 80121
[INFO GRT-0019] Found 465 clock nets.
[INFO GRT-0001] Minimum degree: 2
[INFO GRT-0002] Maximum degree: 50

[INFO GRT-0053] Routing resources analysis:
          Routing      Original      Derated      Resource
Layer     Direction    Resources     Resources    Reduction (%)
---------------------------------------------------------------
li1        Vertical            0             0          0.00%
met1       Horizontal     120519         93383          22.52%
met2       Vertical       119667         93951          21.49%
met3       Horizontal      77444         59878          22.68%
---------------------------------------------------------------

[INFO GRT-0101] Running extra iterations to remove congestion.
[INFO GRT-0102] Start extra iteration 1/30
[INFO GRT-0102] Start extra iteration 2/30
[INFO GRT-0102] Start extra iteration 3/30
[INFO GRT-0102] Start extra iteration 4/30
[INFO GRT-0102] Start extra iteration 5/30
[INFO GRT-0102] Start extra iteration 6/30
[INFO GRT-0102] Start extra iteration 7/30
[INFO GRT-0102] Start extra iteration 8/30
[INFO GRT-0102] Start extra iteration 9/30
[INFO GRT-0102] Start extra iteration 10/30
[INFO GRT-0102] Start extra iteration 11/30
[INFO GRT-0197] Via related to pin nodes: 149653
[INFO GRT-0198] Via related Steiner nodes: 1426
[INFO GRT-0199] Via filling finished.
[INFO GRT-0111] Final number of vias: 184138
[INFO GRT-0112] Final usage 3D: 694804

[INFO GRT-0096] Final congestion report:
Layer         Resource        Demand        Usage (%)    Max H / Max V / Total Congestion
---------------------------------------------------------------------------------------
li1                  0             0            0.00%             0 /  0 /  0
met1             93383         71391           76.45%             0 /  0 /  0
met2             93951         37308           39.71%             0 /  0 /  0
met3             59878         33691           56.27%             0 /  0 /  0
---------------------------------------------------------------------------------------
Total           247212        142390           57.60%             0 /  0 /  0

[INFO GRT-0018] Total wirelength: 1389963 um
[INFO GRT-0014] Routed nets: 34463
[INFO GRT-0303] Global routing runtime = 00:00:13
Took 14 seconds: global_route -congestion_report_file /work/orfs/reports/sky130hd/g2s_pc2_u67/base/congestion.rpt -congestion_iterations 30 -congestion_report_iter_step 5 -verbose
estimate_parasitics -global_routing
Perform buffer insertion and gate resizing...
repair_design -verbose
Iteration |   Area    | Resized | Buffers | Nets repaired | Remaining
---------------------------------------------------------------------
        0 |     +0.0% |       0 |       0 |             0 |     34990
     1000 |     +0.0% |       0 |       0 |             0 |     33990
     2000 |     +0.0% |       0 |       0 |             0 |     32990
     3000 |     +0.0% |       0 |       0 |             0 |     31990
     4000 |     +0.0% |       0 |       0 |             0 |     30990
     5000 |     +0.0% |       0 |       0 |             0 |     29990
     6000 |     +0.0% |       0 |       0 |             0 |     28990
     7000 |     +0.0% |       0 |       0 |             0 |     27990
     8000 |     +0.0% |       3 |       3 |             3 |     26990
     9000 |     +0.0% |       3 |       3 |             3 |     25990
    10000 |     +0.0% |       4 |       3 |             4 |     24990
    11000 |     +0.0% |       8 |       5 |             8 |     23990
    12000 |     +0.0% |       9 |       5 |             9 |     22990
    13000 |     +0.0% |       9 |       5 |             9 |     21990
    14000 |     +0.0% |       9 |       5 |             9 |     20990
    15000 |     +0.1% |      12 |       8 |            14 |     19990
    16000 |     +0.1% |      12 |       8 |            14 |     18990
    17000 |     +0.1% |      12 |       8 |            14 |     17990
    18000 |     +0.1% |      12 |       8 |            14 |     16990
    19000 |     +0.1% |      12 |       8 |            14 |     15990
    20000 |     +0.1% |      12 |       8 |            14 |     14990
    21000 |     +0.1% |      12 |       8 |            14 |     13990
    22000 |     +0.1% |      12 |       8 |            14 |     12990
    23000 |     +0.1% |      12 |       8 |            14 |     11990
    24000 |     +0.1% |      13 |       8 |            15 |     10990
    25000 |     +0.1% |      13 |       8 |            15 |      9990
    26000 |     +0.1% |      13 |       8 |            15 |      8990
    27000 |     +0.1% |      13 |       8 |            15 |      7990
    28000 |     +0.1% |      13 |       8 |            15 |      6990
    29000 |     +0.1% |      13 |       8 |            15 |      5990
    30000 |     +0.1% |      13 |       8 |            15 |      4990
    31000 |     +0.1% |      13 |       8 |            15 |      3990
    32000 |     +0.1% |      13 |       8 |            15 |      2990
    33000 |     +0.1% |      13 |       8 |            15 |      1990
    34000 |     +0.1% |      13 |       8 |            15 |       990
    final |     +0.1% |      13 |       8 |            15 |         0
---------------------------------------------------------------------
[INFO RSZ-0034] Found 13 slew violations.
[INFO RSZ-0036] Found 2 capacitance violations.
[INFO RSZ-0039] Resized 13 instances.
[INFO RSZ-0038] Inserted 8 buffers in 15 nets.
[INFO RSZ-0504] Runtime: 4.78s
Took 5 seconds: repair_design -verbose
global_route -start_incremental
detailed_placement
[INFO DPL-0006] Core area: 406672.53 um^2
[INFO DPL-0007] Movable instances area: 302262.39 um^2
[INFO DPL-0008] Fixed instances area within core: 28572.40 um^2
[INFO DPL-0009] Utilization: 81.4%
[INFO DPL-0005] Diamond search max displacement: +/- 500 sites horizontally, +/- 100 rows vertically.
[INFO DPL-1102] Legalizing using negotiation legalizer.
[INFO DPL-1103] Negotiation base search window: +/-20 sites horizontally, +/-5 rows vertically 
	Automatic search window extension enabled.
	Search window extendable up to the max displacement cap of +/-500 sites, +/-100 rows near walls.
[INFO DPL-1104] NegotiationLegalizer DRC penalty: 5.
[INFO DPL-0392] Negotiation cell height distribution (1 unique row-count(s)):
[INFO DPL-0393]   height 1 row(s): 40360 cells
          |      Total |  Illegal |  Illegal
Iteration | Violations |    Cells |    Sites
---------------------------------------------
        0 |        271 |        41 |       230
        1 |        119 |        13 |       106
        2 |         76 |        10 |        66
        3 |         39 |         7 |        32
        4 |         38 |         5 |        33
        5 |         30 |         4 |        26
        6 |         22 |         4 |        18
        7 |         17 |         3 |        14
        8 |         16 |         2 |        14
        9 |         16 |         3 |        13
       10 |          8 |         2 |         6
       11 |          0 |         0 |         0
Negotiation phase 1 converged at iteration 11.
[INFO DPL-0500] Runtime: 0.48s
Detailed Placement Analysis
---------------------------------
legalizer            negotiation
total moves                1214
total displacement        278.0 u
average displacement        0.0 u
max displacement           17.3 u
original HPWL          909779.2 u
legalized HPWL         910126.9 u
delta HPWL                    0 %

global_route -end_incremental -congestion_report_file /work/orfs/reports/sky130hd/g2s_pc2_u67/base/congestion_post_repair_design.rpt
Repair setup and hold violations...
estimate_parasitics -global_routing
repair_timing -setup_margin 0 -hold_margin 0 -repair_tns 100 -verbose
[INFO RSZ-0100] Repair move sequence: UnbufferMove SizeUpMove SwapPinsMove BufferMove CloneMove SplitLoadMove 
[INFO RSZ-0094] Found 677 endpoints with setup violations.
[INFO RSZ-0099] Repairing 677 out of 677 (100.00%) violating endpoints...
   Iter   | Removed | Resized | Inserted | Cloned |  Pin  |   Area   |    WNS   |    TNS     |  Viol  |  Worst
          | Buffers |  Gates  | Buffers  |  Gates | Swaps |          |          |            | Endpts | Endpoint
------------------------------------------------------------------------------------------------------------------------------
       0* |       0 |       0 |        0 |      0 |     0 |    +0.0% |   -0.887 |     -282.0 |    677 | row51/_637_/D
      10* |       0 |       9 |        0 |      0 |     0 |    +0.0% |   -0.720 |     -279.1 |    677 | row61/_630_/D
      20* |       0 |      16 |        1 |      0 |     2 |    +0.0% |   -0.705 |     -276.5 |    677 | row19/_629_/D
      30* |       0 |      24 |        1 |      0 |     4 |    +0.0% |   -0.688 |     -274.5 |    677 | row42/_637_/D
      40* |       0 |      26 |        4 |      0 |     9 |    +0.1% |   -0.699 |     -273.5 |    677 | row23/_637_/D
      50* |       0 |      35 |        4 |      0 |    10 |    +0.1% |   -0.671 |     -273.0 |    677 | row62/_630_/D
      60* |       0 |      44 |        4 |      0 |    11 |    +0.1% |   -0.659 |     -271.3 |    677 | row7/_637_/D
      70* |       0 |      52 |        4 |      0 |    13 |    +0.1% |   -0.667 |     -270.1 |    677 | row17/_637_/D
      80* |       0 |      56 |        5 |      0 |    18 |    +0.1% |   -0.650 |     -269.0 |    677 | row6/_636_/D
      90* |       0 |      60 |        5 |      0 |    24 |    +0.1% |   -0.672 |     -268.9 |    677 | row47/_628_/D
     100* |       0 |      66 |        7 |      0 |    26 |    +0.1% |   -0.643 |     -268.4 |    677 | row7/_637_/D
     110* |       0 |      73 |        8 |      0 |    28 |    +0.1% |   -0.652 |     -267.3 |    677 | row56/_637_/D
     120* |       0 |      80 |        9 |      0 |    30 |    +0.2% |   -0.648 |     -266.2 |    677 | row29/_637_/D
     130* |       0 |      87 |       10 |      0 |    32 |    +0.2% |   -0.628 |     -265.2 |    677 | row35/_626_/D
     140* |       0 |      94 |       10 |      0 |    35 |    +0.2% |   -0.641 |     -264.2 |    677 | row26/_637_/D
     150* |       0 |      98 |       11 |      0 |    40 |    +0.2% |   -0.707 |     -264.1 |    677 | row56/_637_/D
     160* |       0 |     103 |       12 |      0 |    44 |    +0.2% |   -0.620 |     -263.7 |    677 | row0/_629_/D
     170* |       0 |     109 |       12 |      0 |    48 |    +0.2% |   -0.649 |     -262.2 |    677 | row7/_637_/D
     180* |       0 |     116 |       13 |      0 |    50 |    +0.2% |   -0.611 |     -261.0 |    677 | row55/_637_/D
     190* |       0 |     122 |       13 |      0 |    54 |    +0.2% |   -0.609 |     -260.4 |    677 | row59/_637_/D
     200* |       0 |     129 |       14 |      0 |    56 |    +0.3% |   -0.606 |     -259.3 |    677 | row53/_637_/D
     210* |       0 |     136 |       15 |      0 |    58 |    +0.3% |   -0.601 |     -258.3 |    677 | row41/_637_/D
     220* |       0 |     142 |       16 |      0 |    61 |    +0.3% |   -0.598 |     -257.8 |    677 | row43/_637_/D
     230* |       0 |     149 |       17 |      0 |    63 |    +0.3% |   -0.596 |     -256.6 |    677 | row10/_637_/D
     240* |       0 |     158 |       17 |      0 |    64 |    +0.3% |   -0.598 |     -255.9 |    677 | row39/_629_/D
     250* |       0 |     165 |       17 |      0 |    67 |    +0.3% |   -0.601 |     -255.9 |    677 | row47/_628_/D
     260* |       0 |     170 |       17 |      0 |    72 |    +0.3% |   -0.590 |     -255.3 |    677 | row34/_637_/D
     270* |       0 |     176 |       19 |      0 |    74 |    +0.4% |   -0.589 |     -255.2 |    677 | row22/_637_/D
     280* |       0 |     182 |       19 |      0 |    78 |    +0.4% |   -0.587 |     -254.6 |    677 | row51/_637_/D
     290* |       0 |     191 |       19 |      0 |    79 |    +0.4% |   -0.585 |     -253.3 |    677 | row32/_637_/D
     300* |       0 |     197 |       21 |      0 |    81 |    +0.4% |   -0.584 |     -252.4 |    677 | row45/_637_/D
     310* |       0 |     203 |       23 |      0 |    83 |    +0.4% |   -0.582 |     -251.8 |    677 | row20/_637_/D
     320* |       0 |     211 |       23 |      0 |    85 |    +0.4% |   -0.581 |     -251.4 |    677 | row48/_637_/D
     330* |       0 |     216 |       27 |      0 |    88 |    +0.4% |   -0.629 |     -251.8 |    677 | row47/_630_/D
     332* |       0 |     214 |       23 |      0 |    86 |    +0.4% |   -0.579 |     -251.2 |    677 | row47/_630_/D
     340* |       0 |     218 |       23 |      0 |    89 |    +0.4% |   -0.579 |     -250.9 |    677 | row47/_630_/D
     350* |       0 |     223 |       23 |      0 |    94 |    +0.4% |   -0.579 |     -250.5 |    677 | row47/_630_/D
     351* |       0 |     223 |       23 |      0 |    94 |    +0.4% |   -0.579 |     -250.5 |    677 | row47/_630_/D
     360* |       0 |     224 |       26 |      1 |    97 |    +0.4% |   -0.579 |     -249.8 |    677 | row47/_630_/D
     370* |       0 |     229 |       27 |      1 |   101 |    +0.5% |   -0.579 |     -249.5 |    677 | row47/_630_/D
     380* |       0 |     236 |       30 |      1 |   101 |    +0.5% |   -0.579 |     -249.4 |    677 | row47/_630_/D
     386* |       0 |     228 |       26 |      1 |    97 |    +0.5% |   -0.579 |     -249.2 |    677 | row47/_630_/D
     390* |       0 |     230 |       26 |      1 |    98 |    +0.5% |   -0.579 |     -249.2 |    677 | row47/_630_/D
     390* |       0 |     229 |       26 |      1 |    97 |    +0.5% |   -0.579 |     -249.1 |    677 | row47/_630_/D
     400* |       0 |     233 |       29 |      1 |    99 |    +0.5% |   -0.579 |     -248.2 |    677 | row47/_630_/D
     410* |       1 |     237 |       31 |      1 |   102 |    +0.5% |   -0.579 |     -247.9 |    677 | row47/_630_/D
     416* |       1 |     236 |       30 |      1 |   101 |    +0.5% |   -0.579 |     -247.5 |    677 | row47/_630_/D
     420* |       1 |     237 |       31 |      1 |   102 |    +0.5% |   -0.579 |     -247.7 |    677 | row47/_630_/D
     430* |       1 |     240 |       34 |      3 |   104 |    +0.5% |   -0.621 |     -256.5 |    677 | row49/_628_/D
     440* |       1 |     243 |       38 |      3 |   107 |    +0.5% |   -0.643 |     -259.1 |    677 | row40/_628_/D
     448* |       1 |     237 |       31 |      1 |   101 |    +0.5% |   -0.579 |     -247.3 |    677 | row47/_630_/D
     450* |       1 |     237 |       31 |      1 |   102 |    +0.5% |   -0.614 |     -247.4 |    677 | row47/_629_/D
     457* |       1 |     241 |       33 |      1 |   103 |    +0.5% |   -0.579 |     -247.2 |    677 | row58/_637_/D
     460* |       1 |     242 |       33 |      1 |   104 |    +0.5% |   -0.579 |     -247.0 |    677 | row58/_637_/D
     470* |       1 |     250 |       33 |      1 |   106 |    +0.5% |   -0.579 |     -245.8 |    677 | row58/_637_/D
     480* |       1 |     251 |       39 |      2 |   110 |    +0.5% |   -0.579 |     -246.4 |    677 | row58/_637_/D
     490* |       1 |     257 |       43 |      3 |   111 |    +0.5% |   -0.579 |     -247.5 |    677 | row58/_637_/D
     495* |       1 |     251 |       39 |      2 |   110 |    +0.5% |   -0.579 |     -246.4 |    677 | row58/_637_/D
     500* |       1 |     252 |       42 |      2 |   110 |    +0.5% |   -0.579 |     -247.4 |    677 | row58/_637_/D
     510* |       1 |     259 |       44 |      2 |   111 |    +0.5% |   -0.579 |     -247.1 |    677 | row58/_637_/D
     520* |       2 |     267 |       45 |      2 |   111 |    +0.6% |   -0.579 |     -247.1 |    677 | row58/_637_/D
     520* |       1 |     262 |       44 |      2 |   111 |    +0.6% |   -0.579 |     -247.0 |    677 | row58/_637_/D
     530* |       1 |     269 |       45 |      2 |   112 |    +0.6% |   -0.579 |     -246.3 |    677 | row58/_637_/D
     540* |       1 |     272 |       50 |      2 |   115 |    +0.6% |   -0.680 |     -260.3 |    677 | row10/_629_/D
     550* |       1 |     278 |       50 |      2 |   119 |    +0.6% |   -0.682 |     -259.5 |    677 | row10/_629_/D
     560* |       1 |     283 |       53 |      3 |   120 |    +0.6% |   -0.701 |     -284.4 |    677 | row63/_628_/D
     570* |       1 |     289 |       56 |      3 |   121 |    +0.6% |   -0.701 |     -283.9 |    677 | row63/_628_/D
     570* |       1 |     265 |       44 |      2 |   112 |    +0.6% |   -0.579 |     -246.1 |    677 | row58/_637_/D
     580* |       1 |     268 |       46 |      2 |   116 |    +0.6% |   -0.579 |     -246.4 |    677 | row58/_637_/D
     590* |       1 |     275 |       46 |      3 |   118 |    +0.6% |   -0.585 |     -246.0 |    677 | row36/_628_/D
     600* |       1 |     281 |       48 |      3 |   120 |    +0.6% |   -0.585 |     -245.8 |    677 | row36/_628_/D
     610* |       1 |     286 |       52 |      6 |   120 |    +0.6% |   -0.579 |     -245.7 |    677 | row58/_637_/D
     615* |       1 |     287 |       54 |      6 |   120 |    +0.6% |   -0.579 |     -245.6 |    677 | row58/_637_/D
     620* |       1 |     289 |       55 |      7 |   120 |    +0.7% |   -0.709 |     -296.4 |    677 | row7/_630_/D
     630* |       1 |     292 |       58 |      7 |   124 |    +0.7% |   -0.709 |     -296.0 |    677 | row7/_630_/D
     640* |       1 |     295 |       64 |      7 |   127 |    +0.7% |   -0.709 |     -295.7 |    677 | row7/_630_/D
     650* |       1 |     301 |       67 |      7 |   129 |    +0.7% |   -0.710 |     -295.5 |    677 | row7/_630_/D
     651* |       1 |     289 |       55 |      6 |   120 |    +0.6% |   -0.579 |     -245.4 |    677 | row58/_637_/D
     660* |       1 |     293 |       57 |      6 |   123 |    +0.7% |   -0.579 |     -245.1 |    677 | row58/_637_/D
     670* |       1 |     298 |       58 |      6 |   127 |    +0.7% |   -0.579 |     -244.5 |    677 | row58/_637_/D
     680* |       1 |     304 |       60 |      6 |   129 |    +0.7% |   -0.579 |     -245.0 |    677 | row58/_637_/D
     682* |       1 |     296 |       58 |      6 |   123 |    +0.7% |   -0.579 |     -244.7 |    677 | row58/_637_/D
     690* |       1 |     302 |       58 |      6 |   124 |    +0.7% |   -0.579 |     -244.1 |    677 | row58/_637_/D
     700* |       1 |     307 |       58 |      6 |   129 |    +0.7% |   -0.579 |     -243.8 |    677 | row58/_637_/D
     710* |       1 |     311 |       61 |      6 |   132 |    +0.7% |   -0.580 |     -244.5 |    677 | row63/_628_/D
     716* |       1 |     303 |       58 |      6 |   124 |    +0.7% |   -0.579 |     -243.8 |    677 | row58/_637_/D
     720* |       1 |     303 |       59 |      6 |   126 |    +0.7% |   -0.592 |     -243.8 |    677 | row5/_637_/D
     730* |       1 |     306 |       61 |      6 |   131 |    +0.7% |   -0.579 |     -243.8 |    677 | row58/_637_/D
     740* |       1 |     311 |       62 |      6 |   135 |    +0.7% |   -0.579 |     -243.5 |    677 | row58/_637_/D
     740* |       1 |     311 |       62 |      6 |   135 |    +0.7% |   -0.579 |     -243.5 |    677 | row58/_637_/D
     750* |       1 |     315 |       64 |      6 |   138 |    +0.7% |   -0.579 |     -242.7 |    677 | row58/_637_/D
     760* |       1 |     321 |       66 |      6 |   140 |    +0.7% |   -0.579 |     -242.9 |    677 | row58/_637_/D
     761* |       1 |     315 |       64 |      6 |   137 |    +0.7% |   -0.579 |     -242.7 |    677 | row58/_637_/D
     770* |       1 |     318 |       69 |      8 |   137 |    +0.7% |   -0.653 |     -261.2 |    677 | row39/_629_/D
     780* |       1 |     323 |       72 |      9 |   138 |    +0.8% |   -0.653 |     -261.0 |    677 | row39/_629_/D
     787* |       1 |     316 |       65 |      6 |   137 |    +0.7% |   -0.579 |     -242.7 |    677 | row58/_637_/D
     790* |       1 |     318 |       65 |      6 |   137 |    +0.7% |   -0.579 |     -242.3 |    677 | row58/_637_/D
     800* |       1 |     325 |       65 |      6 |   140 |    +0.7% |   -0.580 |     -240.9 |    677 | row63/_628_/D
     810* |       1 |     327 |       70 |      6 |   143 |    +0.7% |   -0.579 |     -244.1 |    677 | row58/_637_/D
     819* |       1 |     331 |       70 |      7 |   145 |    +0.7% |   -0.579 |     -243.6 |    677 | row58/_637_/D
     820* |       1 |     331 |       70 |      7 |   145 |    +0.7% |   -0.579 |     -243.6 |    677 | row58/_637_/D
     830* |       1 |     338 |       71 |      7 |   147 |    +0.8% |   -0.579 |     -244.1 |    677 | row58/_637_/D
     833* |       1 |     332 |       70 |      7 |   145 |    +0.8% |   -0.579 |     -243.5 |    677 | row58/_637_/D
     834* |       1 |     332 |       70 |      7 |   145 |    +0.8% |   -0.579 |     -243.5 |    677 | row58/_637_/D
     840* |       1 |     336 |       70 |      8 |   145 |    +0.8% |   -0.705 |     -294.0 |    677 | row7/_630_/D
     850* |       1 |     341 |       72 |      9 |   147 |    +0.8% |   -0.705 |     -294.1 |    677 | row7/_630_/D
     860* |       1 |     345 |       76 |      9 |   150 |    +0.8% |   -0.705 |     -294.1 |    677 | row7/_630_/D
     870* |       1 |     347 |       84 |      9 |   153 |    +0.8% |   -0.705 |     -297.1 |    677 | row7/_630_/D
     880* |       1 |     355 |       86 |      9 |   153 |    +0.8% |   -0.705 |     -295.9 |    677 | row7/_630_/D
     881* |       1 |     336 |       70 |      7 |   145 |    +0.8% |   -0.579 |     -242.4 |    677 | row58/_637_/D
     890* |       1 |     341 |       71 |      9 |   145 |    +0.8% |   -0.705 |     -291.0 |    677 | row7/_630_/D
     900* |       1 |     349 |       72 |      9 |   146 |    +0.8% |   -0.705 |     -289.7 |    677 | row7/_630_/D
     910* |       1 |     349 |       79 |      9 |   150 |    +0.8% |   -0.629 |     -255.1 |    677 | row4/_628_/D
     920* |       1 |     354 |       82 |      9 |   152 |    +0.8% |   -0.629 |     -255.5 |    677 | row4/_628_/D
     928* |       1 |     339 |       70 |      7 |   145 |    +0.8% |   -0.579 |     -242.1 |    677 | row58/_637_/D
     930* |       1 |     339 |       70 |      7 |   146 |    +0.8% |   -0.590 |     -242.2 |    677 | row2/_637_/D
     940* |       1 |     348 |       70 |      7 |   147 |    +0.8% |   -0.579 |     -242.0 |    677 | row58/_637_/D
     950* |       1 |     356 |       71 |      7 |   148 |    +0.8% |   -0.579 |     -241.8 |    677 | row58/_637_/D
     960* |       1 |     359 |       71 |      7 |   155 |    +0.8% |   -0.579 |     -241.8 |    677 | row58/_637_/D
     969* |       1 |     362 |       72 |      7 |   159 |    +0.8% |   -0.579 |     -241.5 |    677 | row58/_637_/D
     970* |       1 |     362 |       72 |      7 |   159 |    +0.8% |   -0.579 |     -241.5 |    677 | row58/_637_/D
     979* |       1 |     363 |       72 |      7 |   159 |    +0.8% |   -0.579 |     -241.5 |    677 | row58/_637_/D
     980* |       1 |     363 |       72 |      7 |   159 |    +0.8% |   -0.579 |     -241.5 |    677 | row58/_637_/D
     988* |       1 |     364 |       72 |      7 |   159 |    +0.8% |   -0.579 |     -241.5 |    677 | row58/_637_/D
     990* |       1 |     364 |       72 |      7 |   160 |    +0.8% |   -0.579 |     -241.6 |    677 | row58/_637_/D
    1000* |       1 |     367 |       72 |      7 |   167 |    +0.8% |   -0.579 |     -241.5 |    677 | row58/_637_/D
    1008* |       1 |     372 |       72 |      7 |   170 |    +0.8% |   -0.579 |     -241.0 |    677 | row58/_637_/D
    1010* |       1 |     372 |       72 |      7 |   171 |    +0.8% |   -0.579 |     -240.8 |    677 | row58/_637_/D
    1020* |       2 |     377 |       73 |      8 |   173 |    +0.8% |   -0.632 |     -253.9 |    677 | row4/_628_/D
    1030* |       2 |     383 |       76 |      9 |   174 |    +0.8% |   -0.641 |     -255.6 |    677 | row4/_628_/D
    1040* |       2 |     386 |       82 |      9 |   177 |    +0.9% |   -0.693 |     -258.8 |    677 | row26/_630_/D
    1050* |       2 |     391 |       87 |      9 |   178 |    +0.9% |   -0.679 |     -260.6 |    677 | row26/_630_/D
    1051* |       2 |     374 |       72 |      7 |   172 |    +0.8% |   -0.579 |     -239.2 |    677 | row58/_637_/D
    1060* |       2 |     379 |       73 |      7 |   174 |    +0.8% |   -0.579 |     -238.6 |    677 | row58/_637_/D
    1070* |       2 |     381 |       75 |      7 |   180 |    +0.8% |   -0.579 |     -240.0 |    677 | row58/_637_/D
    1077* |       2 |     380 |       73 |      7 |   174 |    +0.8% |   -0.579 |     -238.3 |    677 | row58/_637_/D
    1080* |       2 |     381 |       73 |      8 |   174 |    +0.8% |   -0.704 |     -289.6 |    677 | row7/_630_/D
    1090* |       2 |     386 |       74 |      9 |   177 |    +0.8% |   -0.704 |     -289.6 |    677 | row7/_630_/D
    1100* |       2 |     394 |       77 |      9 |   178 |    +0.9% |   -0.704 |     -289.4 |    677 | row7/_630_/D
    1100* |       2 |     381 |       73 |      7 |   174 |    +0.8% |   -0.579 |     -238.2 |    677 | row58/_637_/D
    1110* |       2 |     386 |       75 |      9 |   174 |    +0.8% |   -0.704 |     -289.3 |    677 | row7/_630_/D
    1120* |       2 |     390 |       83 |      9 |   174 |    +0.9% |   -0.704 |     -291.3 |    677 | row7/_630_/D
    1130* |       2 |     396 |       91 |      9 |   176 |    +0.9% |   -0.704 |     -291.7 |    677 | row7/_630_/D
    1138* |       2 |     381 |       73 |      7 |   174 |    +0.8% |   -0.579 |     -238.2 |    677 | row58/_637_/D
    1140* |       2 |     381 |       73 |      8 |   174 |    +0.8% |   -0.704 |     -289.6 |    677 | row7/_630_/D
    1150* |       2 |     387 |       76 |      9 |   174 |    +0.8% |   -0.704 |     -286.4 |    677 | row7/_630_/D
    1160* |       2 |     389 |       82 |     10 |   176 |    +0.9% |   -0.627 |     -251.2 |    677 | row4/_628_/D
    1170* |       2 |     394 |       85 |     11 |   177 |    +0.9% |   -0.627 |     -250.8 |    677 | row4/_628_/D
    1175* |       2 |     381 |       73 |      7 |   174 |    +0.8% |   -0.579 |     -238.2 |    677 | row58/_637_/D
    1180* |       2 |     382 |       74 |      7 |   176 |    +0.8% |   -0.578 |     -238.0 |    677 | row34/_637_/D
    1185* |       2 |     384 |       75 |      7 |   178 |    +0.8% |   -0.578 |     -238.0 |    677 | row34/_637_/D
    1190* |       2 |     385 |       79 |      7 |   178 |    +0.8% |   -0.578 |     -239.1 |    677 | row34/_637_/D
    1195* |       2 |     389 |       80 |      7 |   178 |    +0.8% |   -0.578 |     -238.9 |    677 | row34/_637_/D
    1200* |       2 |     391 |       80 |      7 |   180 |    +0.8% |   -0.602 |     -239.0 |    677 | row42/_637_/D
    1210* |       2 |     398 |       80 |      7 |   183 |    +0.9% |   -0.626 |     -239.0 |    677 | row42/_637_/D
    1220* |       2 |     404 |       81 |      7 |   186 |    +0.9% |   -0.578 |     -238.5 |    677 | row34/_637_/D
    1230* |       2 |     410 |       81 |      7 |   190 |    +0.9% |   -0.578 |     -238.2 |    677 | row34/_637_/D
    1240* |       2 |     416 |       81 |      7 |   194 |    +0.9% |   -0.578 |     -238.3 |    677 | row34/_637_/D
    1248* |       2 |     419 |       83 |      7 |   197 |    +0.9% |   -0.578 |     -238.2 |    677 | row34/_637_/D
    1250* |       2 |     420 |       83 |      7 |   197 |    +0.9% |   -0.582 |     -241.0 |    677 | row63/_628_/D
    1260* |       2 |     426 |       85 |      9 |   197 |    +0.9% |   -0.635 |     -251.7 |    677 | row4/_628_/D
    1270* |       2 |     431 |       96 |      9 |   197 |    +1.0% |   -0.673 |     -256.9 |    677 | row26/_630_/D
    1280* |       2 |     436 |      100 |      9 |   198 |    +1.0% |   -0.670 |     -257.9 |    677 | row26/_630_/D
    1281* |       2 |     419 |       83 |      7 |   197 |    +0.9% |   -0.578 |     -238.2 |    677 | row34/_637_/D
    1290* |       2 |     423 |       83 |      7 |   201 |    +0.9% |   -0.578 |     -238.0 |    677 | row34/_637_/D
    1300* |       2 |     429 |       83 |      7 |   205 |    +0.9% |   -0.578 |     -237.6 |    677 | row34/_637_/D
    1310* |       2 |     433 |       83 |      7 |   211 |    +0.9% |   -0.578 |     -237.5 |    677 | row34/_637_/D
    1311* |       2 |     433 |       83 |      7 |   212 |    +0.9% |   -0.578 |     -237.4 |    677 | row34/_637_/D
    1320* |       2 |     437 |       86 |      8 |   212 |    +0.9% |   -0.704 |     -287.9 |    677 | row7/_630_/D
    1330* |       2 |     441 |       94 |      8 |   212 |    +1.0% |   -0.704 |     -287.4 |    677 | row7/_630_/D
    1336* |       2 |     433 |       83 |      7 |   212 |    +0.9% |   -0.578 |     -237.4 |    677 | row34/_637_/D
    1340* |       2 |     435 |       83 |      8 |   212 |    +0.9% |   -0.704 |     -288.6 |    677 | row7/_630_/D
    1350* |       2 |     440 |       87 |      9 |   212 |    +0.9% |   -0.712 |     -288.7 |    677 | row15/_629_/D
    1360* |       2 |     444 |       92 |     11 |   212 |    +1.0% |   -0.627 |     -250.0 |    677 | row4/_628_/D
    1370* |       2 |     449 |       97 |     11 |   213 |    +1.0% |   -0.627 |     -250.3 |    677 | row4/_628_/D
    1370* |       2 |     433 |       83 |      7 |   212 |    +0.9% |   -0.578 |     -237.4 |    677 | row34/_637_/D
    1380* |       3 |     438 |       84 |      7 |   214 |    +0.9% |   -0.578 |     -237.0 |    677 | row34/_637_/D
    1383* |       2 |     434 |       83 |      7 |   212 |    +0.9% |   -0.578 |     -237.4 |    677 | row34/_637_/D
    1390* |       2 |     435 |       84 |      7 |   216 |    +0.9% |   -0.578 |     -237.3 |    677 | row34/_637_/D
    1400* |       2 |     439 |       84 |      7 |   222 |    +0.9% |   -0.578 |     -237.0 |    677 | row34/_637_/D
    1403* |       2 |     440 |       84 |      7 |   224 |    +0.9% |   -0.578 |     -236.9 |    677 | row34/_637_/D
    1410* |       2 |     442 |       88 |      9 |   224 |    +1.0% |   -0.677 |     -264.0 |    677 | row63/_628_/D
    1420* |       2 |     447 |       93 |      9 |   224 |    +1.0% |   -0.677 |     -263.6 |    677 | row63/_628_/D
    1430* |       2 |     453 |       96 |      9 |   225 |    +1.0% |   -0.653 |     -260.2 |    677 | row63/_628_/D
    1434* |       2 |     440 |       84 |      7 |   224 |    +0.9% |   -0.578 |     -236.9 |    677 | row34/_637_/D
    1440* |       2 |     444 |       84 |      7 |   225 |    +0.9% |   -0.578 |     -236.4 |    677 | row34/_637_/D
    1450* |       2 |     447 |       88 |      7 |   228 |    +0.9% |   -0.578 |     -236.7 |    677 | row34/_637_/D
    1460* |       2 |     453 |       91 |      7 |   230 |    +1.0% |   -0.578 |     -236.4 |    677 | row34/_637_/D
    1463* |       2 |     444 |       85 |      7 |   225 |    +0.9% |   -0.578 |     -236.3 |    677 | row34/_637_/D
    1470* |       2 |     448 |       86 |      7 |   226 |    +0.9% |   -0.578 |     -236.2 |    677 | row34/_637_/D
    1480* |       2 |     454 |       86 |      7 |   230 |    +0.9% |   -0.578 |     -235.7 |    677 | row34/_637_/D
    1490* |       2 |     460 |       87 |      7 |   233 |    +0.9% |   -0.578 |     -235.7 |    677 | row34/_637_/D
    1495* |       2 |     462 |       87 |      7 |   236 |    +0.9% |   -0.578 |     -235.6 |    677 | row34/_637_/D
    1500* |       2 |     463 |       88 |      7 |   238 |    +1.0% |   -0.578 |     -235.8 |    677 | row34/_637_/D
    1500* |       2 |     463 |       88 |      7 |   236 |    +1.0% |   -0.578 |     -235.7 |    677 | row34/_637_/D
    1510* |       2 |     469 |       88 |      8 |   238 |    +1.0% |   -0.639 |     -259.9 |    677 | row14/_629_/D
    1511* |       2 |     464 |       88 |      7 |   236 |    +1.0% |   -0.578 |     -235.3 |    677 | row34/_637_/D
    1520* |       2 |     467 |       88 |      9 |   239 |    +1.0% |   -0.702 |     -290.5 |    677 | row7/_630_/D
    1530* |       2 |     471 |       92 |      9 |   242 |    +1.0% |   -0.709 |     -253.7 |    677 | row39/_629_/D
    1540* |       2 |     476 |       97 |      9 |   243 |    +1.0% |   -0.709 |     -254.2 |    677 | row39/_629_/D
    1547* |       2 |     465 |       88 |      7 |   237 |    +1.0% |   -0.578 |     -235.1 |    677 | row34/_637_/D
    1550* |       2 |     466 |       88 |      7 |   238 |    +1.0% |   -0.578 |     -235.1 |    677 | row34/_637_/D
    1559* |       2 |     469 |       88 |      7 |   238 |    +1.0% |   -0.578 |     -234.8 |    677 | row34/_637_/D
    1560* |       2 |     469 |       88 |      7 |   238 |    +1.0% |   -0.578 |     -234.8 |    677 | row34/_637_/D
    1567* |       2 |     470 |       88 |      7 |   238 |    +1.0% |   -0.578 |     -234.8 |    677 | row34/_637_/D
    1570* |       2 |     472 |       88 |      7 |   238 |    +1.0% |   -0.578 |     -234.4 |    677 | row34/_637_/D
    1580* |       2 |     479 |       90 |      7 |   239 |    +1.0% |   -0.578 |     -234.4 |    677 | row34/_637_/D
    1590* |       2 |     482 |       94 |      7 |   242 |    +1.0% |   -0.578 |     -234.1 |    677 | row34/_637_/D
    1600* |       2 |     488 |       96 |      8 |   243 |    +1.0% |   -0.578 |     -234.3 |    677 | row34/_637_/D
    1604* |       2 |     487 |       95 |      8 |   243 |    +1.0% |   -0.578 |     -233.8 |    677 | row34/_637_/D
    1610* |       2 |     489 |       95 |      8 |   246 |    +1.0% |   -0.578 |     -233.6 |    677 | row34/_637_/D
    1620* |       2 |     492 |       95 |      8 |   253 |    +1.0% |   -0.578 |     -233.5 |    677 | row34/_637_/D
    1630* |       2 |     497 |       97 |      8 |   256 |    +1.0% |   -0.578 |     -233.1 |    677 | row34/_637_/D
    1637* |       2 |     501 |       97 |      8 |   258 |    +1.0% |   -0.578 |     -233.0 |    677 | row34/_637_/D
    1640* |       2 |     503 |       97 |      8 |   258 |    +1.0% |   -0.578 |     -232.8 |    677 | row34/_637_/D
    1642* |       2 |     505 |       97 |      8 |   258 |    +1.1% |   -0.578 |     -232.7 |    677 | row34/_637_/D
    1650* |       2 |     507 |       98 |      8 |   262 |    +1.1% |   -0.578 |     -232.4 |    677 | row34/_637_/D
    1660* |       2 |     511 |      102 |      8 |   266 |    +1.1% |   -0.578 |     -233.1 |    677 | row34/_637_/D
    1663* |       2 |     506 |       98 |      8 |   260 |    +1.1% |   -0.578 |     -232.4 |    677 | row34/_637_/D
    1670* |       2 |     509 |       98 |      8 |   263 |    +1.1% |   -0.578 |     -232.3 |    677 | row34/_637_/D
    1680* |       2 |     511 |       99 |      8 |   270 |    +1.1% |   -0.581 |     -232.5 |    677 | row6/_637_/D
    1690* |       2 |     515 |       99 |      8 |   276 |    +1.1% |   -0.578 |     -232.1 |    677 | row34/_637_/D
    1693* |       2 |     517 |       99 |      8 |   277 |    +1.1% |   -0.578 |     -232.1 |    677 | row34/_637_/D
    1700* |       2 |     519 |      100 |      8 |   280 |    +1.1% |   -0.578 |     -231.9 |    677 | row34/_637_/D
    1701* |       2 |     520 |      100 |      8 |   280 |    +1.1% |   -0.578 |     -231.9 |    677 | row34/_637_/D
    1704* |       2 |     521 |      100 |      8 |   281 |    +1.1% |   -0.578 |     -231.8 |    677 | row34/_637_/D
    1710* |       2 |     523 |      101 |     10 |   281 |    +1.1% |   -0.704 |     -282.8 |    677 | row7/_630_/D
    1720* |       2 |     529 |      105 |     10 |   281 |    +1.1% |   -0.704 |     -281.7 |    677 | row7/_630_/D
    1730* |       2 |     532 |      116 |     10 |   283 |    +1.1% |   -0.704 |     -284.4 |    677 | row7/_630_/D
    1740* |       2 |     540 |      118 |     10 |   283 |    +1.2% |   -0.704 |     -284.7 |    677 | row7/_630_/D
    1746* |       2 |     521 |      100 |      8 |   281 |    +1.1% |   -0.578 |     -231.8 |    677 | row34/_637_/D
    1750* |       2 |     524 |      100 |      8 |   281 |    +1.1% |   -0.581 |     -233.1 |    677 | row52/_629_/D
    1756* |       2 |     523 |      100 |      8 |   281 |    +1.1% |   -0.578 |     -231.3 |    677 | row34/_637_/D
    1760* |       2 |     524 |      100 |     10 |   281 |    +1.1% |   -0.697 |     -286.4 |    677 | row52/_629_/D
    1770* |       2 |     529 |      104 |     10 |   282 |    +1.1% |   -0.697 |     -285.2 |    677 | row52/_629_/D
    1780* |       2 |     535 |      108 |     10 |   283 |    +1.1% |   -0.709 |     -247.4 |    677 | row39/_629_/D
    1780* |       2 |     523 |      100 |      8 |   281 |    +1.1% |   -0.578 |     -231.3 |    677 | row34/_637_/D
    1784* |       2 |     524 |      100 |      8 |   281 |    +1.1% |   -0.578 |     -231.3 |    677 | row34/_637_/D
    1790* |       2 |     527 |      100 |      8 |   283 |    +1.1% |   -0.578 |     -231.3 |    677 | row34/_637_/D
    1800* |       2 |     532 |      100 |      8 |   288 |    +1.1% |   -0.578 |     -231.0 |    677 | row34/_637_/D
    1810* |       3 |     536 |      101 |      8 |   292 |    +1.1% |   -0.578 |     -230.9 |    677 | row34/_637_/D
    1820* |       3 |     543 |      102 |      8 |   294 |    +1.1% |   -0.578 |     -230.7 |    677 | row34/_637_/D
    1823* |       3 |     544 |      102 |      8 |   296 |    +1.1% |   -0.578 |     -230.6 |    677 | row34/_637_/D
    1830* |       3 |     547 |      104 |      9 |   296 |    +1.1% |   -0.701 |     -281.6 |    677 | row52/_629_/D
    1840* |       3 |     550 |      112 |      9 |   297 |    +1.1% |   -0.701 |     -281.9 |    677 | row52/_629_/D
    1849* |       3 |     544 |      102 |      8 |   296 |    +1.1% |   -0.578 |     -230.6 |    677 | row34/_637_/D
    1850* |       3 |     544 |      102 |      8 |   296 |    +1.1% |   -0.578 |     -230.6 |    677 | row34/_637_/D
    1860* |       3 |     551 |      104 |     10 |   296 |    +1.1% |   -0.645 |     -252.3 |    677 | row21/_628_/D
    1870* |       3 |     557 |      110 |     10 |   296 |    +1.2% |   -0.645 |     -251.8 |    677 | row21/_628_/D
    1880* |       3 |     561 |      116 |     10 |   298 |    +1.2% |   -0.645 |     -254.7 |    677 | row21/_628_/D
    1889* |       3 |     544 |      102 |      8 |   296 |    +1.1% |   -0.578 |     -230.6 |    677 | row34/_637_/D
    1890* |       3 |     544 |      102 |      8 |   296 |    +1.1% |   -0.578 |     -230.6 |    677 | row34/_637_/D
    1900* |       3 |     551 |      102 |      8 |   299 |    +1.1% |   -0.578 |     -230.5 |    677 | row34/_637_/D
    1910* |       3 |     555 |      103 |      8 |   304 |    +1.1% |   -0.578 |     -230.2 |    677 | row34/_637_/D
    1920* |       3 |     561 |      104 |      8 |   307 |    +1.1% |   -0.578 |     -230.1 |    677 | row34/_637_/D
    1920* |       3 |     561 |      104 |      8 |   307 |    +1.1% |   -0.578 |     -230.1 |    677 | row34/_637_/D
    1922* |       3 |     561 |      104 |      8 |   307 |    +1.1% |   -0.578 |     -230.1 |    677 | row34/_637_/D
    1930* |       3 |     564 |      104 |     10 |   309 |    +1.2% |   -0.697 |     -284.5 |    677 | row52/_629_/D
    1940* |       3 |     567 |      109 |     11 |   312 |    +1.2% |   -0.709 |     -246.7 |    677 | row39/_629_/D
    1949* |       3 |     561 |      104 |      8 |   307 |    +1.1% |   -0.578 |     -230.1 |    677 | row34/_637_/D
    1950* |       3 |     561 |      104 |      8 |   307 |    +1.1% |   -0.578 |     -230.1 |    677 | row34/_637_/D
    1960* |       3 |     567 |      108 |      9 |   307 |    +1.2% |   -0.578 |     -229.5 |    677 | row34/_637_/D
    1963* |       3 |     567 |      108 |      9 |   307 |    +1.2% |   -0.578 |     -229.5 |    677 | row34/_637_/D
    1970* |       3 |     572 |      108 |      9 |   308 |    +1.2% |   -0.578 |     -228.3 |    677 | row34/_637_/D
    1980* |       3 |     577 |      111 |     11 |   309 |    +1.2% |   -0.658 |     -249.5 |    677 | row21/_628_/D
    1990* |       3 |     581 |      114 |     11 |   312 |    +1.2% |   -0.645 |     -248.3 |    677 | row21/_628_/D
    1999* |       3 |     572 |      108 |      9 |   308 |    +1.2% |   -0.578 |     -228.3 |    677 | row34/_637_/D
    2000* |       3 |     572 |      108 |      9 |   308 |    +1.2% |   -0.578 |     -228.3 |    677 | row34/_637_/D
    2010* |       3 |     579 |      109 |      9 |   310 |    +1.2% |   -0.578 |     -227.1 |    677 | row34/_637_/D
    2020* |       3 |     580 |      112 |     10 |   316 |    +1.2% |   -0.624 |     -235.9 |    677 | row14/_629_/D
    2028* |       3 |     578 |      109 |      9 |   309 |    +1.2% |   -0.578 |     -226.8 |    677 | row34/_637_/D
    2030* |       3 |     579 |      109 |      9 |   309 |    +1.2% |   -0.578 |     -226.6 |    677 | row34/_637_/D
    2040* |       3 |     583 |      114 |     11 |   309 |    +1.2% |   -0.651 |     -255.6 |    677 | row52/_626_/D
    2050* |       3 |     587 |      120 |     11 |   310 |    +1.2% |   -0.651 |     -253.8 |    677 | row52/_626_/D
    2060* |       3 |     594 |      121 |     11 |   312 |    +1.3% |   -0.651 |     -253.6 |    677 | row52/_626_/D
    2063* |       3 |     578 |      109 |      9 |   309 |    +1.2% |   -0.578 |     -226.8 |    677 | row34/_637_/D
    2070* |       3 |     582 |      109 |      9 |   311 |    +1.2% |   -0.578 |     -226.9 |    677 | row34/_637_/D
    2070* |       3 |     579 |      109 |      9 |   309 |    +1.2% |   -0.578 |     -226.8 |    677 | row34/_637_/D
    2080* |       3 |     584 |      110 |      9 |   312 |    +1.2% |   -0.578 |     -226.5 |    677 | row34/_637_/D
    2090* |       3 |     587 |      110 |      9 |   319 |    +1.2% |   -0.578 |     -226.5 |    677 | row34/_637_/D
    2100* |       3 |     590 |      112 |      9 |   324 |    +1.2% |   -0.578 |     -226.2 |    677 | row34/_637_/D
    2100* |       3 |     590 |      112 |      9 |   324 |    +1.2% |   -0.578 |     -226.2 |    677 | row34/_637_/D
    2110* |       3 |     596 |      113 |     10 |   325 |    +1.2% |   -0.599 |     -233.5 |    677 | row52/_629_/D
    2120* |       3 |     603 |      114 |     10 |   327 |    +1.2% |   -0.599 |     -233.1 |    677 | row52/_629_/D
    2130* |       3 |     608 |      115 |     10 |   331 |    +1.2% |   -0.599 |     -233.5 |    677 | row52/_629_/D
    2137* |       3 |     596 |      112 |      9 |   324 |    +1.2% |   -0.578 |     -225.3 |    677 | row34/_637_/D
    2140* |       3 |     597 |      112 |      9 |   325 |    +1.2% |   -0.578 |     -225.2 |    677 | row34/_637_/D
    2144* |       3 |     599 |      112 |      9 |   327 |    +1.2% |   -0.578 |     -225.2 |    677 | row34/_637_/D
    2150* |       3 |     602 |      113 |     10 |   327 |    +1.2% |   -0.599 |     -232.7 |    677 | row52/_629_/D
    2160* |       3 |     606 |      115 |     11 |   331 |    +1.3% |   -0.599 |     -235.4 |    677 | row52/_629_/D
    2170* |       3 |     612 |      116 |     11 |   334 |    +1.3% |   -0.599 |     -234.8 |    677 | row52/_629_/D
    2180* |       3 |     618 |      120 |     11 |   336 |    +1.3% |   -0.599 |     -236.2 |    677 | row52/_629_/D
    2189* |       3 |     602 |      112 |      9 |   327 |    +1.2% |   -0.578 |     -224.4 |    677 | row34/_637_/D
    2190* |       3 |     602 |      112 |      9 |   327 |    +1.2% |   -0.578 |     -224.4 |    677 | row34/_637_/D
    2198* |       3 |     603 |      112 |      9 |   327 |    +1.2% |   -0.578 |     -224.4 |    677 | row34/_637_/D
    2200* |       3 |     603 |      112 |      9 |   328 |    +1.2% |   -0.595 |     -224.5 |    677 | row41/_637_/D
    2210* |       3 |     608 |      115 |      9 |   330 |    +1.2% |   -0.578 |     -224.1 |    677 | row34/_637_/D
    2220* |       3 |     611 |      117 |      9 |   335 |    +1.2% |   -0.578 |     -224.1 |    677 | row34/_637_/D
    2221* |       4 |     611 |      117 |      9 |   335 |    +1.2% |   -0.578 |     -224.0 |    677 | row34/_637_/D
    2230* |       4 |     617 |      117 |     10 |   336 |    +1.3% |   -0.578 |     -223.8 |    677 | row34/_637_/D
    2235* |       4 |     620 |      119 |     10 |   336 |    +1.3% |   -0.578 |     -223.8 |    677 | row34/_637_/D
    2240* |       4 |     622 |      119 |     10 |   338 |    +1.3% |   -0.578 |     -223.8 |    677 | row34/_637_/D
    2250* |       4 |     627 |      120 |     10 |   342 |    +1.3% |   -0.578 |     -223.7 |    677 | row34/_637_/D
    2260* |       4 |     632 |      120 |     10 |   347 |    +1.3% |   -0.578 |     -223.3 |    677 | row34/_637_/D
    2261* |       4 |     632 |      120 |     10 |   348 |    +1.3% |   -0.578 |     -223.3 |    677 | row34/_637_/D
    2270* |       4 |     636 |      123 |     11 |   348 |    +1.3% |   -0.602 |     -230.5 |    677 | row52/_629_/D
    2280* |       4 |     644 |      123 |     12 |   349 |    +1.3% |   -0.602 |     -230.0 |    677 | row52/_629_/D
    2290* |       4 |     650 |      127 |     12 |   349 |    +1.3% |   -0.602 |     -230.0 |    677 | row52/_629_/D
    2295* |       4 |     632 |      120 |     10 |   348 |    +1.3% |   -0.578 |     -223.3 |    677 | row34/_637_/D
    2300* |       4 |     634 |      122 |     10 |   348 |    +1.3% |   -0.578 |     -224.5 |    677 | row34/_637_/D
    2300* |       4 |     632 |      120 |     10 |   348 |    +1.3% |   -0.578 |     -223.3 |    677 | row34/_637_/D
    2310* |       4 |     638 |      120 |     10 |   351 |    +1.3% |   -0.578 |     -223.3 |    677 | row34/_637_/D
    2320* |       4 |     642 |      121 |     10 |   356 |    +1.3% |   -0.578 |     -222.9 |    677 | row34/_637_/D
    2330* |       4 |     646 |      123 |     10 |   360 |    +1.3% |   -0.578 |     -222.9 |    677 | row34/_637_/D
    2331* |       4 |     646 |      123 |     10 |   361 |    +1.3% |   -0.578 |     -222.8 |    677 | row34/_637_/D
    2340* |       4 |     651 |      124 |     11 |   362 |    +1.3% |   -0.602 |     -230.5 |    677 | row52/_629_/D
    2350* |       4 |     656 |      126 |     12 |   364 |    +1.3% |   -0.602 |     -228.7 |    677 | row52/_629_/D
    2360* |       4 |     657 |      132 |     12 |   369 |    +1.4% |   -0.602 |     -232.4 |    677 | row52/_629_/D
    2370* |       4 |     664 |      135 |     12 |   369 |    +1.4% |   -0.602 |     -230.8 |    677 | row52/_629_/D
    2371* |       4 |     647 |      123 |     10 |   361 |    +1.3% |   -0.578 |     -222.5 |    677 | row34/_637_/D
    2380* |       4 |     652 |      124 |     10 |   363 |    +1.3% |   -0.578 |     -222.1 |    677 | row34/_637_/D
    2387* |       4 |     650 |      123 |     10 |   361 |    +1.3% |   -0.578 |     -222.0 |    677 | row34/_637_/D
    2390* |       4 |     651 |      123 |     10 |   362 |    +1.3% |   -0.578 |     -221.7 |    677 | row34/_637_/D
    2400* |       4 |     657 |      123 |     10 |   366 |    +1.3% |   -0.578 |     -221.6 |    677 | row34/_637_/D
    2410* |       4 |     662 |      125 |     10 |   369 |    +1.3% |   -0.578 |     -221.3 |    677 | row34/_637_/D
    2418* |       4 |     666 |      125 |     10 |   373 |    +1.3% |   -0.578 |     -221.1 |    677 | row34/_637_/D
    2420* |       4 |     666 |      125 |     10 |   374 |    +1.3% |   -0.578 |     -221.1 |    677 | row34/_637_/D
    2430* |       4 |     674 |      125 |     10 |   376 |    +1.3% |   -0.578 |     -220.9 |    677 | row34/_637_/D
    2440* |       4 |     678 |      127 |     10 |   380 |    +1.4% |   -0.578 |     -221.2 |    677 | row34/_637_/D
    2450* |       5 |     683 |      127 |     10 |   384 |    +1.4% |   -0.578 |     -220.8 |    677 | row34/_637_/D
    2455* |       5 |     684 |      128 |     10 |   386 |    +1.4% |   -0.578 |     -220.7 |    677 | row34/_637_/D
    2460* |       5 |     685 |      130 |     11 |   386 |    +1.4% |   -0.602 |     -228.9 |    677 | row52/_629_/D
    2470* |       5 |     691 |      133 |     12 |   386 |    +1.4% |   -0.602 |     -227.5 |    677 | row52/_629_/D
    2480* |       5 |     696 |      137 |     12 |   387 |    +1.4% |   -0.602 |     -227.9 |    677 | row52/_629_/D
    2489* |       5 |     684 |      128 |     10 |   386 |    +1.4% |   -0.578 |     -220.7 |    677 | row34/_637_/D
    2490* |       5 |     684 |      128 |     10 |   386 |    +1.4% |   -0.578 |     -220.7 |    677 | row34/_637_/D
    2493* |       5 |     685 |      128 |     10 |   386 |    +1.4% |   -0.578 |     -220.7 |    677 | row34/_637_/D
    2500* |       5 |     690 |      128 |     10 |   387 |    +1.4% |   -0.640 |     -221.0 |    677 | row40/_637_/D
    2510* |       5 |     699 |      129 |     10 |   387 |    +1.4% |   -0.578 |     -220.4 |    677 | row34/_637_/D
    2520* |       5 |     703 |      129 |     10 |   393 |    +1.4% |   -0.578 |     -220.3 |    677 | row34/_637_/D
    2530* |       5 |     707 |      129 |     10 |   399 |    +1.4% |   -0.578 |     -220.3 |    677 | row34/_637_/D
    2540* |       5 |     710 |      130 |     10 |   405 |    +1.4% |   -0.578 |     -220.2 |    677 | row34/_637_/D
    2544* |       5 |     712 |      130 |     10 |   407 |    +1.4% |   -0.578 |     -220.1 |    677 | row34/_637_/D
    2550* |       5 |     715 |      130 |     10 |   409 |    +1.4% |   -0.578 |     -219.9 |    677 | row34/_637_/D
    2560* |       5 |     723 |      131 |     10 |   410 |    +1.4% |   -0.578 |     -219.7 |    677 | row34/_637_/D
    2570* |       5 |     729 |      131 |     10 |   414 |    +1.4% |   -0.578 |     -219.6 |    677 | row34/_637_/D
    2580* |       5 |     732 |      132 |     10 |   420 |    +1.4% |   -0.578 |     -219.5 |    677 | row34/_637_/D
    2585* |       5 |     734 |      133 |     10 |   422 |    +1.4% |   -0.578 |     -219.5 |    677 | row34/_637_/D
    2589* |       5 |     735 |      133 |     10 |   422 |    +1.4% |   -0.578 |     -219.5 |    677 | row34/_637_/D
    2590* |       5 |     735 |      133 |     10 |   422 |    +1.4% |   -0.578 |     -219.5 |    677 | row34/_637_/D
    2593* |       5 |     737 |      133 |     10 |   422 |    +1.4% |   -0.578 |     -219.4 |    677 | row34/_637_/D
    2600* |       5 |     741 |      134 |     10 |   423 |    +1.4% |   -0.578 |     -219.1 |    677 | row34/_637_/D
    2610* |       5 |     746 |      135 |     10 |   427 |    +1.4% |   -0.578 |     -219.0 |    677 | row34/_637_/D
    2620* |       5 |     752 |      135 |     10 |   431 |    +1.5% |   -0.578 |     -218.7 |    677 | row34/_637_/D
    2630* |       6 |     757 |      135 |     10 |   435 |    +1.5% |   -0.578 |     -219.0 |    677 | row34/_637_/D
    2635* |       6 |     755 |      135 |     10 |   432 |    +1.5% |   -0.578 |     -218.7 |    677 | row34/_637_/D
    2640* |       6 |     756 |      136 |     10 |   434 |    +1.5% |   -0.578 |     -219.0 |    677 | row34/_637_/D
    2649* |       6 |     763 |      139 |     10 |   434 |    +1.5% |   -0.578 |     -218.7 |    677 | row34/_637_/D
    2650* |       6 |     763 |      139 |     10 |   434 |    +1.5% |   -0.578 |     -218.7 |    677 | row34/_637_/D
    2660* |       6 |     769 |      139 |     10 |   438 |    +1.5% |   -0.578 |     -218.6 |    677 | row34/_637_/D
    2670* |       6 |     772 |      140 |     10 |   444 |    +1.5% |   -0.578 |     -218.5 |    677 | row34/_637_/D
    2675* |       6 |     775 |      140 |     10 |   446 |    +1.5% |   -0.578 |     -217.9 |    677 | row34/_637_/D
    2680* |       6 |     775 |      143 |     12 |   446 |    +1.5% |   -0.602 |     -229.3 |    677 | row52/_629_/D
    2690* |       6 |     784 |      146 |     12 |   446 |    +1.5% |   -0.602 |     -229.2 |    677 | row52/_629_/D
    2700* |       6 |     792 |      148 |     12 |   446 |    +1.6% |   -0.602 |     -229.4 |    677 | row52/_629_/D
    2700* |       6 |     775 |      140 |     10 |   446 |    +1.5% |   -0.578 |     -217.9 |    677 | row34/_637_/D
    2710* |       6 |     779 |      142 |     10 |   450 |    +1.5% |   -0.578 |     -218.3 |    677 | row34/_637_/D
    2720* |       7 |     783 |      144 |     11 |   453 |    +1.5% |   -0.578 |     -217.2 |    677 | row34/_637_/D
    2730* |       7 |     787 |      150 |     11 |   453 |    +1.5% |   -0.578 |     -219.5 |    677 | row34/_637_/D
    2733* |       6 |     779 |      140 |     10 |   448 |    +1.5% |   -0.578 |     -217.1 |    677 | row34/_637_/D
    2738* |       6 |     781 |      140 |     10 |   448 |    +1.5% |   -0.578 |     -217.0 |    677 | row34/_637_/D
    2740* |       6 |     781 |      140 |     10 |   449 |    +1.5% |   -0.578 |     -216.9 |    677 | row34/_637_/D
    2750* |       6 |     782 |      147 |     12 |   451 |    +1.5% |   -0.690 |     -247.8 |    677 | row39/_629_/D
    2760* |       6 |     787 |      150 |     12 |   453 |    +1.6% |   -0.690 |     -247.9 |    677 | row39/_629_/D
    2770* |       6 |     793 |      152 |     12 |   455 |    +1.6% |   -0.694 |     -245.6 |    677 | row39/_629_/D
    2780* |       7 |     799 |      154 |     12 |   456 |    +1.6% |   -0.694 |     -244.0 |    677 | row39/_629_/D
    2786* |       6 |     782 |      142 |     10 |   449 |    +1.5% |   -0.578 |     -216.5 |    677 | row34/_637_/D
    2790* |       6 |     785 |      142 |     10 |   449 |    +1.5% |   -0.578 |     -215.2 |    677 | row34/_637_/D
    2800* |       6 |     790 |      146 |     10 |   451 |    +1.5% |   -0.623 |     -225.9 |    677 | row14/_629_/D
    2810* |       6 |     792 |      147 |     11 |   457 |    +1.6% |   -0.623 |     -225.7 |    677 | row14/_629_/D
    2820* |       6 |     799 |      148 |     12 |   458 |    +1.6% |   -0.628 |     -224.8 |    677 | row14/_629_/D
    2830* |       6 |     804 |      153 |     12 |   459 |    +1.6% |   -0.694 |     -257.0 |    677 | row52/_626_/D
    2835* |       6 |     785 |      142 |     10 |   450 |    +1.5% |   -0.578 |     -215.1 |    677 | row34/_637_/D
    2840* |       6 |     786 |      143 |     10 |   452 |    +1.5% |   -0.578 |     -214.8 |    677 | row34/_637_/D
    2850* |       6 |     790 |      145 |     12 |   454 |    +1.6% |   -0.708 |     -270.6 |    677 | row14/_629_/D
    2860* |       6 |     793 |      148 |     13 |   458 |    +1.6% |   -0.708 |     -270.2 |    677 | row14/_629_/D
    2867* |       6 |     786 |      143 |     10 |   452 |    +1.5% |   -0.578 |     -214.8 |    677 | row34/_637_/D
    2869* |       6 |     786 |      143 |     10 |   452 |    +1.5% |   -0.578 |     -214.8 |    677 | row34/_637_/D
    2870* |       6 |     786 |      143 |     10 |   452 |    +1.5% |   -0.578 |     -214.8 |    677 | row34/_637_/D
    2880* |       6 |     789 |      144 |     10 |   458 |    +1.5% |   -0.578 |     -214.7 |    677 | row34/_637_/D
    2886* |       6 |     792 |      144 |     10 |   461 |    +1.5% |   -0.578 |     -214.4 |    677 | row34/_637_/D
    2890* |       6 |     794 |      144 |     10 |   462 |    +1.5% |   -0.578 |     -214.3 |    677 | row34/_637_/D
    2900* |       6 |     799 |      144 |     10 |   467 |    +1.5% |   -0.578 |     -214.2 |    677 | row34/_637_/D
    2910* |       6 |     806 |      145 |     10 |   469 |    +1.5% |   -0.578 |     -213.8 |    677 | row34/_637_/D
    2920* |       7 |     808 |      146 |     10 |   475 |    +1.5% |   -0.578 |     -213.8 |    677 | row34/_637_/D
    2926* |       7 |     810 |      147 |     10 |   478 |    +1.5% |   -0.578 |     -213.7 |    677 | row34/_637_/D
    2930* |       7 |     812 |      148 |     10 |   478 |    +1.6% |   -0.578 |     -215.8 |    677 | row34/_637_/D
    2940* |       7 |     814 |      153 |     12 |   480 |    +1.6% |   -0.602 |     -226.2 |    677 | row52/_629_/D
    2950* |       7 |     818 |      156 |     12 |   483 |    +1.6% |   -0.602 |     -224.4 |    677 | row52/_629_/D
    2960* |       7 |     824 |      159 |     13 |   483 |    +1.6% |   -0.602 |     -223.4 |    677 | row52/_629_/D
    2970* |       7 |     825 |      166 |     13 |   487 |    +1.7% |   -0.602 |     -226.2 |    677 | row52/_629_/D
    2975* |       7 |     812 |      148 |     10 |   478 |    +1.6% |   -0.578 |     -215.8 |    677 | row34/_637_/D
    2980* |       7 |     815 |      148 |     10 |   479 |    +1.6% |   -0.578 |     -215.7 |    677 | row34/_637_/D
    2990* |       7 |     820 |      149 |     10 |   483 |    +1.6% |   -0.578 |     -215.3 |    677 | row34/_637_/D
    2999* |       7 |     823 |      150 |     10 |   488 |    +1.6% |   -0.578 |     -215.1 |    677 | row34/_637_/D
    3000* |       7 |     823 |      150 |     10 |   488 |    +1.6% |   -0.578 |     -215.1 |    677 | row34/_637_/D
    3000* |       7 |     823 |      150 |     10 |   488 |    +1.6% |   -0.578 |     -215.1 |    677 | row34/_637_/D
    3010* |       7 |     830 |      151 |     10 |   489 |    +1.6% |   -0.578 |     -214.8 |    677 | row34/_637_/D
    3020* |       7 |     835 |      152 |     10 |   493 |    +1.6% |   -0.578 |     -214.6 |    677 | row34/_637_/D
    3030* |       7 |     840 |      152 |     10 |   498 |    +1.6% |   -0.578 |     -214.4 |    677 | row34/_637_/D
    3035* |       7 |     843 |      152 |     10 |   500 |    +1.6% |   -0.578 |     -214.3 |    677 | row34/_637_/D
    3040* |       7 |     846 |      152 |     10 |   501 |    +1.6% |   -0.578 |     -214.2 |    677 | row34/_637_/D
    3050* |       7 |     852 |      153 |     10 |   504 |    +1.6% |   -0.578 |     -213.9 |    677 | row34/_637_/D
    3060* |       7 |     858 |      153 |     10 |   508 |    +1.6% |   -0.578 |     -213.9 |    677 | row34/_637_/D
    3070* |       7 |     864 |      153 |     10 |   512 |    +1.6% |   -0.578 |     -213.7 |    677 | row34/_637_/D
    3080* |       7 |     869 |      153 |     10 |   517 |    +1.6% |   -0.578 |     -213.6 |    677 | row34/_637_/D
    3080* |       7 |     869 |      153 |     10 |   517 |    +1.6% |   -0.578 |     -213.6 |    677 | row34/_637_/D
    3086* |       7 |     872 |      153 |     10 |   517 |    +1.6% |   -0.578 |     -213.4 |    677 | row34/_637_/D
    3090* |       7 |     873 |      153 |     10 |   519 |    +1.6% |   -0.578 |     -213.5 |    677 | row34/_637_/D
    3100* |       7 |     878 |      154 |     13 |   520 |    +1.7% |   -0.721 |     -267.7 |    677 | row39/_629_/D
    3100* |       7 |     873 |      153 |     10 |   517 |    +1.6% |   -0.578 |     -213.3 |    677 | row34/_637_/D
    3100* |       7 |     873 |      153 |     10 |   517 |    +1.6% |   -0.578 |     -213.3 |    677 | row34/_637_/D
    3100+ |       7 |     873 |      153 |     10 |   517 |    +1.6% |   -0.578 |     -213.3 |    645 | row34/_637_/D
    3101+ |       7 |     873 |      153 |     10 |   517 |    +1.6% |   -0.578 |     -213.3 |    645 | row34/_637_/D
    3104+ |       7 |     874 |      153 |     10 |   518 |    +1.6% |   -0.578 |     -213.3 |    645 | row34/_637_/D
    3107+ |       7 |     876 |      153 |     10 |   518 |    +1.7% |   -0.578 |     -213.2 |    645 | row34/_637_/D
    3108+ |       7 |     876 |      153 |     10 |   518 |    +1.7% |   -0.578 |     -213.2 |    645 | row34/_637_/D
    3109+ |       7 |     876 |      153 |     10 |   518 |    +1.7% |   -0.578 |     -213.2 |    645 | row34/_637_/D
    3110+ |       7 |     876 |      153 |     10 |   518 |    +1.7% |   -0.578 |     -213.2 |    645 | row34/_637_/D
    3114+ |       7 |     880 |      153 |     10 |   518 |    +1.7% |   -0.578 |     -213.1 |    645 | row34/_637_/D
    3115+ |       7 |     880 |      153 |     10 |   518 |    +1.7% |   -0.578 |     -213.1 |    645 | row34/_637_/D
    3118+ |       7 |     882 |      153 |     10 |   518 |    +1.7% |   -0.578 |     -213.1 |    645 | row34/_637_/D
    3120+ |       7 |     883 |      153 |     10 |   518 |    +1.7% |   -0.578 |     -212.6 |    645 | row34/_637_/D
    3121+ |       7 |     884 |      153 |     10 |   518 |    +1.7% |   -0.578 |     -212.1 |    645 | row34/_637_/D
    3126+ |       7 |     888 |      153 |     10 |   518 |    +1.7% |   -0.578 |     -211.8 |    645 | row34/_637_/D
    3128+ |       7 |     889 |      153 |     10 |   518 |    +1.7% |   -0.578 |     -211.7 |    645 | row34/_637_/D
    3130+ |       7 |     890 |      153 |     10 |   518 |    +1.7% |   -0.578 |     -211.7 |    645 | row34/_637_/D
    3130+ |       7 |     890 |      153 |     10 |   518 |    +1.7% |   -0.578 |     -211.7 |    645 | row34/_637_/D
    3140+ |       7 |     899 |      153 |     10 |   518 |    +1.7% |   -0.578 |     -211.2 |    645 | row34/_637_/D
    3140+ |       7 |     899 |      153 |     10 |   518 |    +1.7% |   -0.578 |     -211.2 |    645 | row34/_637_/D
    3146+ |       7 |     904 |      153 |     10 |   518 |    +1.7% |   -0.578 |     -210.9 |    645 | row34/_637_/D
    3150+ |       7 |     907 |      153 |     10 |   518 |    +1.7% |   -0.578 |     -210.1 |    645 | row34/_637_/D
    3150+ |       7 |     907 |      153 |     10 |   518 |    +1.7% |   -0.578 |     -210.1 |    645 | row34/_637_/D
    3151+ |       7 |     907 |      153 |     10 |   518 |    +1.7% |   -0.578 |     -210.1 |    645 | row34/_637_/D
    3156+ |       7 |     911 |      153 |     10 |   518 |    +1.7% |   -0.578 |     -210.0 |    645 | row34/_637_/D
    3157+ |       7 |     911 |      153 |     10 |   518 |    +1.7% |   -0.578 |     -210.0 |    645 | row34/_637_/D
    3158+ |       7 |     911 |      153 |     10 |   518 |    +1.7% |   -0.578 |     -210.0 |    645 | row34/_637_/D
    3160+ |       7 |     912 |      153 |     10 |   518 |    +1.7% |   -0.578 |     -209.9 |    645 | row34/_637_/D
    3162+ |       7 |     912 |      153 |     10 |   520 |    +1.7% |   -0.578 |     -209.7 |    645 | row34/_637_/D
    3163+ |       7 |     912 |      153 |     10 |   520 |    +1.7% |   -0.578 |     -209.7 |    645 | row34/_637_/D
    3164+ |       7 |     912 |      153 |     10 |   520 |    +1.7% |   -0.578 |     -209.7 |    645 | row34/_637_/D
    3165+ |       7 |     912 |      153 |     10 |   520 |    +1.7% |   -0.578 |     -209.7 |    645 | row34/_637_/D
    3169+ |       7 |     915 |      153 |     10 |   520 |    +1.7% |   -0.578 |     -209.4 |    645 | row34/_637_/D
    3170+ |       7 |     915 |      153 |     10 |   520 |    +1.7% |   -0.578 |     -209.4 |    645 | row34/_637_/D
    3172+ |       7 |     917 |      153 |     10 |   520 |    +1.7% |   -0.578 |     -209.1 |    645 | row34/_637_/D
    3173+ |       7 |     917 |      153 |     10 |   520 |    +1.7% |   -0.578 |     -209.1 |    645 | row34/_637_/D
    3180+ |       7 |     920 |      153 |     10 |   523 |    +1.7% |   -0.578 |     -209.0 |    645 | row34/_637_/D
    3183+ |       7 |     923 |      153 |     10 |   524 |    +1.7% |   -0.578 |     -208.9 |    645 | row34/_637_/D
    3188+ |       7 |     927 |      153 |     10 |   524 |    +1.7% |   -0.578 |     -208.3 |    645 | row34/_637_/D
    3190+ |       7 |     928 |      153 |     10 |   524 |    +1.7% |   -0.578 |     -208.3 |    645 | row34/_637_/D
    3191+ |       7 |     929 |      153 |     10 |   524 |    +1.7% |   -0.578 |     -208.2 |    645 | row34/_637_/D
    3193+ |       7 |     930 |      153 |     10 |   524 |    +1.7% |   -0.578 |     -208.2 |    645 | row34/_637_/D
    3198+ |       7 |     931 |      153 |     10 |   527 |    +1.7% |   -0.578 |     -207.7 |    645 | row34/_637_/D
    3200+ |       7 |     932 |      153 |     10 |   527 |    +1.7% |   -0.578 |     -207.4 |    645 | row34/_637_/D
    3202+ |       7 |     933 |      153 |     10 |   527 |    +1.8% |   -0.578 |     -207.4 |    645 | row34/_637_/D
    3203+ |       7 |     933 |      153 |     10 |   527 |    +1.8% |   -0.578 |     -207.4 |    645 | row34/_637_/D
    3208+ |       7 |     936 |      153 |     10 |   528 |    +1.8% |   -0.578 |     -206.4 |    645 | row34/_637_/D
    3210+ |       7 |     937 |      153 |     10 |   528 |    +1.8% |   -0.578 |     -206.4 |    645 | row34/_637_/D
    3210+ |       7 |     937 |      153 |     10 |   528 |    +1.8% |   -0.578 |     -206.4 |    645 | row34/_637_/D
    3211+ |       7 |     937 |      153 |     10 |   528 |    +1.8% |   -0.578 |     -206.4 |    645 | row34/_637_/D
    3216+ |       7 |     941 |      153 |     10 |   528 |    +1.8% |   -0.578 |     -206.2 |    645 | row34/_637_/D
    3218+ |       7 |     942 |      153 |     10 |   528 |    +1.8% |   -0.578 |     -206.2 |    645 | row34/_637_/D
    3220+ |       7 |     943 |      153 |     10 |   528 |    +1.8% |   -0.578 |     -206.1 |    645 | row34/_637_/D
    3226+ |       7 |     949 |      153 |     10 |   528 |    +1.8% |   -0.578 |     -205.2 |    645 | row34/_637_/D
    3230+ |       7 |     952 |      153 |     10 |   528 |    +1.8% |   -0.578 |     -205.0 |    645 | row34/_637_/D
    3230+ |       7 |     952 |      153 |     10 |   528 |    +1.8% |   -0.578 |     -205.0 |    645 | row34/_637_/D
    3235+ |       7 |     954 |      153 |     10 |   530 |    +1.8% |   -0.578 |     -204.8 |    645 | row34/_637_/D
    3236+ |       7 |     954 |      153 |     10 |   530 |    +1.8% |   -0.578 |     -204.8 |    645 | row34/_637_/D
    3239+ |       7 |     956 |      153 |     10 |   530 |    +1.8% |   -0.578 |     -204.5 |    645 | row34/_637_/D
    3240+ |       7 |     956 |      153 |     10 |   530 |    +1.8% |   -0.578 |     -204.5 |    645 | row34/_637_/D
    3240+ |       7 |     956 |      153 |     10 |   530 |    +1.8% |   -0.578 |     -204.5 |    645 | row34/_637_/D
    3247+ |       7 |     957 |      153 |     10 |   535 |    +1.8% |   -0.578 |     -203.9 |    645 | row34/_637_/D
    3248+ |       7 |     957 |      153 |     10 |   535 |    +1.8% |   -0.578 |     -203.9 |    645 | row34/_637_/D
    3250+ |       7 |     958 |      153 |     10 |   535 |    +1.8% |   -0.578 |     -203.7 |    645 | row34/_637_/D
    3251+ |       7 |     959 |      153 |     10 |   535 |    +1.8% |   -0.578 |     -203.7 |    645 | row34/_637_/D
    3252+ |       7 |     959 |      153 |     10 |   535 |    +1.8% |   -0.578 |     -203.7 |    645 | row34/_637_/D
    3260+ |       7 |     966 |      153 |     10 |   535 |    +1.8% |   -0.578 |     -202.6 |    645 | row34/_637_/D
    3260+ |       7 |     966 |      153 |     10 |   535 |    +1.8% |   -0.578 |     -202.6 |    645 | row34/_637_/D
    3261+ |       7 |     966 |      153 |     10 |   535 |    +1.8% |   -0.578 |     -202.6 |    645 | row34/_637_/D
    3262+ |       7 |     966 |      153 |     10 |   535 |    +1.8% |   -0.578 |     -202.6 |    645 | row34/_637_/D
    3263+ |       7 |     966 |      153 |     10 |   535 |    +1.8% |   -0.578 |     -202.6 |    645 | row34/_637_/D
    3265+ |       7 |     967 |      153 |     10 |   535 |    +1.8% |   -0.578 |     -202.6 |    645 | row34/_637_/D
    3266+ |       7 |     967 |      153 |     10 |   535 |    +1.8% |   -0.578 |     -202.6 |    645 | row34/_637_/D
    3270+ |       7 |     969 |      153 |     10 |   536 |    +1.8% |   -0.578 |     -202.3 |    645 | row34/_637_/D
    3272+ |       7 |     970 |      153 |     10 |   537 |    +1.8% |   -0.578 |     -202.2 |    645 | row34/_637_/D
    3274+ |       7 |     970 |      153 |     10 |   538 |    +1.8% |   -0.578 |     -202.2 |    645 | row34/_637_/D
    3276+ |       7 |     971 |      153 |     10 |   538 |    +1.8% |   -0.578 |     -202.1 |    645 | row34/_637_/D
    3277+ |       7 |     971 |      153 |     10 |   538 |    +1.8% |   -0.578 |     -202.1 |    645 | row34/_637_/D
    3280+ |       7 |     973 |      153 |     10 |   538 |    +1.8% |   -0.578 |     -201.9 |    645 | row34/_637_/D
    3280+ |       7 |     973 |      153 |     10 |   538 |    +1.8% |   -0.578 |     -201.9 |    645 | row34/_637_/D
    3281+ |       7 |     973 |      153 |     10 |   538 |    +1.8% |   -0.578 |     -201.9 |    645 | row34/_637_/D
    3282+ |       7 |     973 |      153 |     10 |   538 |    +1.8% |   -0.578 |     -201.9 |    645 | row34/_637_/D
    3283+ |       7 |     973 |      153 |     10 |   538 |    +1.8% |   -0.578 |     -201.9 |    645 | row34/_637_/D
    3284+ |       7 |     973 |      153 |     10 |   538 |    +1.8% |   -0.578 |     -201.9 |    645 | row34/_637_/D
    3290+ |       7 |     978 |      153 |     10 |   538 |    +1.8% |   -0.578 |     -200.5 |    645 | row34/_637_/D
    3291+ |       7 |     979 |      153 |     10 |   538 |    +1.8% |   -0.578 |     -200.5 |    645 | row34/_637_/D
    3297+ |       7 |     982 |      153 |     10 |   540 |    +1.8% |   -0.578 |     -199.8 |    645 | row34/_637_/D
    3300+ |       7 |     982 |      153 |     10 |   542 |    +1.8% |   -0.578 |     -199.7 |    645 | row34/_637_/D
    final |       7 |     982 |      153 |     10 |   542 |    +1.8% |   -0.578 |     -199.7 |    633 | row34/_637_/D
------------------------------------------------------------------------------------------------------------------------------
[INFO RSZ-0059] Removed 7 buffers.
[INFO RSZ-0045] Inserted 153 buffers, 2 to split loads.
[INFO RSZ-0051] Resized 982 instances: 982 up, 0 up match, 0 down, 0 VT
[INFO RSZ-0043] Swapped pins on 542 instances.
[INFO RSZ-0049] Cloned 10 instances.
[WARNING RSZ-0062] Unable to repair all setup violations.
[INFO RSZ-0505] Runtime: 212.31s
[INFO RSZ-0033] No hold violations found.
[INFO RSZ-0506] Runtime: 0.24s
Took 212 seconds: repair_timing -setup_margin 0 -hold_margin 0 -repair_tns 100 -verbose
global_route -start_incremental
detailed_placement
[INFO DPL-0006] Core area: 406672.53 um^2
[INFO DPL-0007] Movable instances area: 308306.94 um^2
[INFO DPL-0008] Fixed instances area within core: 28572.40 um^2
[INFO DPL-0009] Utilization: 82.8%
[INFO DPL-0005] Diamond search max displacement: +/- 500 sites horizontally, +/- 100 rows vertically.
[INFO DPL-1102] Legalizing using negotiation legalizer.
[INFO DPL-1103] Negotiation base search window: +/-20 sites horizontally, +/-5 rows vertically 
	Automatic search window extension enabled.
	Search window extendable up to the max displacement cap of +/-500 sites, +/-100 rows near walls.
[INFO DPL-1104] NegotiationLegalizer DRC penalty: 5.
[INFO DPL-0392] Negotiation cell height distribution (1 unique row-count(s)):
[INFO DPL-0393]   height 1 row(s): 40516 cells
          |      Total |  Illegal |  Illegal
Iteration | Violations |    Cells |    Sites
---------------------------------------------
        0 |       6955 |      1253 |      5669
        1 |       4511 |       716 |      3768
        2 |       3392 |       468 |      2891
        3 |       2826 |       382 |      2432
        4 |       2281 |       298 |      1983
        5 |       1856 |       242 |      1593
        6 |       1603 |       211 |      1392
        7 |       1355 |       179 |      1176
        8 |       1257 |       161 |      1078
        9 |       1207 |       153 |      1036
       10 |       1122 |       147 |       972
       20 |        672 |        90 |       582
       30 |        382 |        63 |       319
       40 |        276 |        42 |       234
       50 |        224 |        28 |       196
       60 |        252 |        32 |       220
       70 |        167 |        21 |       146
       80 |        125 |        19 |       106
       90 |         97 |        13 |        84
      100 |         65 |         9 |        56
      110 |         32 |         4 |        28
      120 |        128 |        10 |       118
      130 |         43 |        10 |        33
      140 |         27 |         7 |        20
      150 |         20 |         5 |        15
      160 |         23 |         4 |        19
      165 |          0 |         0 |         0
Negotiation phase 1 converged at iteration 165.
[INFO DPL-0500] Runtime: 7.42s
Detailed Placement Analysis
---------------------------------
legalizer            negotiation
total moves               27876
total displacement      17767.7 u
average displacement        0.4 u
max displacement           39.9 u
original HPWL          911833.3 u
legalized HPWL         932769.2 u
delta HPWL                    2 %

Took 8 seconds: detailed_placement
check_placement -verbose
global_route -end_incremental -congestion_report_file /work/orfs/reports/sky130hd/g2s_pc2_u67/base/congestion_post_repair_timing.rpt
Took 78 seconds: global_route -end_incremental -congestion_report_file /work/orfs/reports/sky130hd/g2s_pc2_u67/base/congestion_post_repair_timing.rpt
estimate_parasitics -global_routing
global_route -start_incremental
global_route -end_incremental -congestion_report_file /work/orfs/reports/sky130hd/g2s_pc2_u67/base/congestion_post_recover_power.rpt
Repair antennas...
[INFO GRT-0012] Found 167 antenna violations.
[INFO GRT-0302] Inserted 65 jumpers for 63 nets.
[INFO GRT-0012] Found 106 antenna violations.
[INFO DPL-0501] Legalized with 7880 moves: displacement total 4510.1 u, max 28.9 u; HPWL 933167.5 -> 938060.1 u (+0.5 %).
[INFO DPL-0500] Runtime: 3.70s
[INFO GRT-0015] Inserted 412 diodes.
[WARNING GRT-0297] Disabling NDR for 1 congested nets
[WARNING GRT-0273] Disabled NDR (to reduce congestion) for net: clk
[INFO GRT-0012] Found 22 antenna violations.
[INFO GRT-0302] Inserted 1 jumpers for 1 nets.
[INFO GRT-0012] Found 21 antenna violations.
[WARNING DPL-0700] Negotiation phase 1: violations stuck at 18 for 3 consecutive iterations.
Using old diamond search for 2 remaining illegal cells.
diamond recovery: recovered 1/2 stuck cells.
[INFO DPL-0501] Legalized with 2778 moves: displacement total 1740.0 u, max 74.9 u; HPWL 938073.8 -> 939647.9 u (+0.2 %).
[INFO DPL-0500] Runtime: 1.78s
[INFO GRT-0015] Inserted 82 diodes.
[INFO GRT-0012] Found 7 antenna violations.
[INFO GRT-0302] Inserted 1 jumpers for 1 nets.
[INFO GRT-0012] Found 6 antenna violations.
[INFO DPL-0501] Legalized with 745 moves: displacement total 364.4 u, max 25.4 u; HPWL 939647.9 -> 939873.9 u (+0.0 %).
[INFO DPL-0500] Runtime: 0.72s
[INFO GRT-0015] Inserted 25 diodes.
[INFO GRT-0012] Found 3 antenna violations.
[INFO GRT-0302] Inserted 0 jumpers for 0 nets.
[INFO GRT-0012] Found 3 antenna violations.
[INFO DPL-0501] Legalized with 479 moves: displacement total 253.7 u, max 21.5 u; HPWL 939873.9 -> 939941.7 u (+0.0 %).
[INFO DPL-0500] Runtime: 0.83s
[INFO GRT-0015] Inserted 7 diodes.
[INFO GRT-0012] Found 0 antenna violations.
[INFO ANT-0002] Found 0 net violations.
[INFO ANT-0001] Found 0 pin violations.
Estimate parasitics...
estimate_parasitics -global_routing
Report metrics stage 5, global route...

==========================================================================
global route report_design_area
--------------------------------------------------------------------------
Design area 338196 um^2 83% utilization.
[INFO FLW-0007] clock clk period 3.000000
[INFO FLW-0008] Clock clk period 3.880
[INFO FLW-0009] Clock clk slack -1.084
write_sdc -no_timestamp /work/orfs/results/sky130hd/g2s_pc2_u67/base/updated_clks.sdc
[INFO FLW-0011] Path endpoint path count 5991
write_db /work/orfs/results/sky130hd/g2s_pc2_u67/base/5_1_grt.odb
write_sdc -no_timestamp /work/orfs/results/sky130hd/g2s_pc2_u67/base/5_1_grt.sdc
Elapsed time: 12:35.34[h:]min:sec. CPU time: user 788.04 sys 15.52 (106%). Peak memory: 730880KB.
Log                       Ext     Elapsed/s Peak Memory/MB sha1sum result [0:20)
5_1_grt                   .odb          755            713 791969ab32a603a5401d
5_1_grt                   .sdc                             e91b1303017f62d7d426
/OpenROAD-flow-scripts/flow/scripts/flow.sh 5_2_route detail_route
Running detail_route.tcl, stage 5_2_route
read_liberty /OpenROAD-flow-scripts/flow/platforms/sky130hd/lib/sky130_fd_sc_hd__tt_025C_1v80.lib
read_liberty /work/cells/g2_cells.lib
read_db /work/orfs/results/sky130hd/g2s_pc2_u67/base/5_1_grt.odb
read_sdc /work/orfs/results/sky130hd/g2s_pc2_u67/base/5_1_grt.sdc
source /OpenROAD-flow-scripts/flow/platforms/sky130hd/setRC.tcl
detailed_route -output_drc /work/orfs/reports/sky130hd/g2s_pc2_u67/base/5_route_drc.rpt -output_maze /work/orfs/results/sky130hd/g2s_pc2_u67/base/maze.log -droute_end_iter 64 -verbose 1 -drc_report_iter_step 5
[INFO DRT-0149] Reading tech and libs.
[WARNING DRT-0349] LEF58_ENCLOSURE with no CUTCLASS is not supported. Skipping for layer mcon
[WARNING DRT-0349] LEF58_ENCLOSURE with no CUTCLASS is not supported. Skipping for layer mcon
[WARNING DRT-0349] LEF58_ENCLOSURE with no CUTCLASS is not supported. Skipping for layer via
[WARNING DRT-0349] LEF58_ENCLOSURE with no CUTCLASS is not supported. Skipping for layer via
[WARNING DRT-0349] LEF58_ENCLOSURE with no CUTCLASS is not supported. Skipping for layer via2
[WARNING DRT-0349] LEF58_ENCLOSURE with no CUTCLASS is not supported. Skipping for layer via2
[WARNING DRT-0349] LEF58_ENCLOSURE with no CUTCLASS is not supported. Skipping for layer via3
[WARNING DRT-0349] LEF58_ENCLOSURE with no CUTCLASS is not supported. Skipping for layer via3
[WARNING DRT-0349] LEF58_ENCLOSURE with no CUTCLASS is not supported. Skipping for layer via4
[WARNING DRT-0349] LEF58_ENCLOSURE with no CUTCLASS is not supported. Skipping for layer via4

Units:                1000
Number of layers:     13
Number of macros:     445
Number of vias:       25
Number of viarulegen: 25

[INFO DRT-0150] Reading design.

Design:                   top
Die area:                 ( 0 0 ) ( 643380 643380 )
Number of track patterns: 12
Number of DEF vias:       0
Number of components:     41042
Number of terminals:      194
Number of snets:          2
Number of nets:           34627

[INFO DRT-0167] List of default vias:
  Layer via
    default via: M1M2_PR
  Layer via2
    default via: M2M3_PR
  Layer via3
    default via: M3M4_PR
  Layer via4
    default via: M4M5_PR
[INFO DRT-0162] Library cell analysis.
[INFO DRT-0163] Instance analysis.
[INFO DRT-0164] Number of unique instances = 192.
[INFO DRT-0168] Init region query.
[INFO DRT-0024]   Complete FR_MASTERSLICE.
[INFO DRT-0024]   Complete Fr_VIA.
[INFO DRT-0024]   Complete li1.
[INFO DRT-0024]   Complete mcon.
[INFO DRT-0024]   Complete met1.
[INFO DRT-0024]   Complete via.
[INFO DRT-0024]   Complete met2.
[INFO DRT-0024]   Complete via2.
[INFO DRT-0024]   Complete met3.
[INFO DRT-0024]   Complete via3.
[INFO DRT-0024]   Complete met4.
[INFO DRT-0024]   Complete via4.
[INFO DRT-0024]   Complete met5.
[INFO DRT-0033] FR_MASTERSLICE shape region query size = 0.
[INFO DRT-0033] FR_VIA shape region query size = 0.
[INFO DRT-0033] li1 shape region query size = 923207.
[INFO DRT-0033] mcon shape region query size = 531060.
[INFO DRT-0033] met1 shape region query size = 126151.
[INFO DRT-0033] via shape region query size = 0.
[INFO DRT-0033] met2 shape region query size = 4753.
[INFO DRT-0033] via2 shape region query size = 0.
[INFO DRT-0033] met3 shape region query size = 4785.
[INFO DRT-0033] via3 shape region query size = 0.
[INFO DRT-0033] met4 shape region query size = 4672.
[INFO DRT-0033] via4 shape region query size = 0.
[INFO DRT-0033] met5 shape region query size = 0.
[INFO DRT-0165] Start pin access.
[INFO DRT-0076]   Complete 1000 pins.
[INFO DRT-0078]   Complete 1251 pins.
[INFO DRT-0079]   Complete 100 unique inst patterns.
[INFO DRT-0081]   Complete 192 unique inst patterns.
[INFO DRT-0082]   Complete 10000 groups.
[INFO DRT-0084]   Complete 17072 groups.
#scanned instances     = 41042
#unique  instances     = 192
#stdCellGenAp          = 4284
#stdCellValidPlanarAp  = 18
#stdCellValidViaAp     = 3190
#stdCellPinNoAp        = 0
#stdCellPinCnt         = 97755
#instTermValidViaApCnt = 0
#macroGenAp            = 0
#macroValidPlanarAp    = 0
#macroValidViaAp       = 0
#macroNoAp             = 0
[INFO DRT-0166] Complete pin access.
[INFO DRT-0267] cpu time = 00:06:43, elapsed time = 00:05:01, memory = 452.60 (MB), peak = 460.90 (MB)
[INFO DRT-0156] guideIn read 100000 guides.
[INFO DRT-0156] guideIn read 200000 guides.

[INFO DRT-0157] Number of guides:     207039

[INFO DRT-0169] Post process guides.
[INFO DRT-0176] GCELLGRID X 0 DO 93 STEP 6900 ;
[INFO DRT-0177] GCELLGRID Y 0 DO 93 STEP 6900 ;
[INFO DRT-0026]   Complete 100000 origin guides.
[INFO DRT-0026]   Complete 200000 origin guides.
[INFO DRT-0028]   Complete FR_MASTERSLICE.
[INFO DRT-0028]   Complete Fr_VIA.
[INFO DRT-0028]   Complete li1.
[INFO DRT-0028]   Complete mcon.
[INFO DRT-0028]   Complete met1.
[INFO DRT-0028]   Complete via.
[INFO DRT-0028]   Complete met2.
[INFO DRT-0028]   Complete via2.
[INFO DRT-0028]   Complete met3.
[INFO DRT-0028]   Complete via3.
[INFO DRT-0028]   Complete met4.
[INFO DRT-0028]   Complete via4.
[INFO DRT-0028]   Complete met5.
[INFO DRT-0178] Init guide query.
[INFO DRT-0035]   Complete FR_MASTERSLICE (guide).
[INFO DRT-0035]   Complete Fr_VIA (guide).
[INFO DRT-0035]   Complete li1 (guide).
[INFO DRT-0035]   Complete mcon (guide).
[INFO DRT-0035]   Complete met1 (guide).
[INFO DRT-0035]   Complete via (guide).
[INFO DRT-0035]   Complete met2 (guide).
[INFO DRT-0035]   Complete via2 (guide).
[INFO DRT-0035]   Complete met3 (guide).
[INFO DRT-0035]   Complete via3 (guide).
[INFO DRT-0035]   Complete met4 (guide).
[INFO DRT-0035]   Complete via4 (guide).
[INFO DRT-0035]   Complete met5 (guide).
[INFO DRT-0036] FR_MASTERSLICE guide region query size = 0.
[INFO DRT-0036] FR_VIA guide region query size = 0.
[INFO DRT-0036] li1 guide region query size = 78766.
[INFO DRT-0036] mcon guide region query size = 0.
[INFO DRT-0036] met1 guide region query size = 61306.
[INFO DRT-0036] via guide region query size = 0.
[INFO DRT-0036] met2 guide region query size = 27812.
[INFO DRT-0036] via2 guide region query size = 0.
[INFO DRT-0036] met3 guide region query size = 2724.
[INFO DRT-0036] via3 guide region query size = 0.
[INFO DRT-0036] met4 guide region query size = 0.
[INFO DRT-0036] via4 guide region query size = 0.
[INFO DRT-0036] met5 guide region query size = 0.
[INFO DRT-0179] Init gr pin query.
[INFO DRT-0267] cpu time = 00:00:00, elapsed time = 00:00:00, memory = 517.00 (MB), peak = 516.66 (MB)
[INFO DRT-0245] skipped writing guide updates to database.
[INFO DRT-0181] Start track assignment.
[INFO DRT-0184] Done with 106578 vertical wires in 2 frboxes and 64030 horizontal wires in 2 frboxes.
[INFO DRT-0186] Done with 7819 vertical wires in 2 frboxes and 28909 horizontal wires in 2 frboxes.
[INFO DRT-0182] Complete track assignment.
[INFO DRT-0267] cpu time = 00:00:13, elapsed time = 00:00:10, memory = 639.44 (MB), peak = 769.49 (MB)
[INFO DRT-0187] Start routing data preparation.
[INFO DRT-0267] cpu time = 00:00:00, elapsed time = 00:00:00, memory = 639.50 (MB), peak = 769.49 (MB)
[INFO DRT-0194] Start detail routing.
[INFO DRT-0195] Start 0th optimization iteration.
    Completing 10% with 0 violations.
    elapsed time = 00:01:04, memory = 1028.89 (MB).
    Completing 20% with 0 violations.
    elapsed time = 00:02:09, memory = 1400.00 (MB).
    Completing 30% with 7766 violations.
    elapsed time = 00:03:09, memory = 1351.50 (MB).
    Completing 40% with 7766 violations.
    elapsed time = 00:04:06, memory = 1351.96 (MB).
    Completing 50% with 7766 violations.
    elapsed time = 00:05:07, memory = 1558.43 (MB).
    Completing 60% with 14814 violations.
    elapsed time = 00:06:18, memory = 1515.88 (MB).
    Completing 70% with 14814 violations.
    elapsed time = 00:07:51, memory = 1545.80 (MB).
    Completing 80% with 22235 violations.
    elapsed time = 00:08:39, memory = 1551.93 (MB).
    Completing 90% with 22235 violations.
    elapsed time = 00:09:48, memory = 1541.42 (MB).
    Completing 100% with 29660 violations.
    elapsed time = 00:10:53, memory = 1548.52 (MB).
[INFO DRT-0199]   Number of violations = 31592.
Viol/Layer         li1   mcon   met1    via   met2   via2   met3
Cut Spacing          0     64      0      0      0      0      0
Metal Spacing        0      0   3867      0    484      0     59
Min Hole             0      0      5      0      0      0      0
Recheck             18      0   1335      0    495      0     84
Short                0      0  23627     13   1245      1    295
[INFO DRT-0267] cpu time = 00:14:52, elapsed time = 00:10:54, memory = 1535.52 (MB), peak = 1605.47 (MB)
Total wire length = 1070304 um.
Total wire length on LAYER li1 = 0 um.
Total wire length on LAYER met1 = 506594 um.
Total wire length on LAYER met2 = 300443 um.
Total wire length on LAYER met3 = 263266 um.
Total wire length on LAYER met4 = 0 um.
Total wire length on LAYER met5 = 0 um.
Total number of vias = 214347.
Up-via summary (total 214347):

-------------------------
 FR_MASTERSLICE         0
            li1     99377
           met1    105157
           met2      9813
           met3         0
           met4         0
-------------------------
               214347


[INFO DRT-0195] Start 1st optimization iteration.
    Completing 10% with 31592 violations.
    elapsed time = 00:00:56, memory = 1567.26 (MB).
    Completing 20% with 31592 violations.
    elapsed time = 00:01:53, memory = 1553.12 (MB).
    Completing 30% with 29087 violations.
    elapsed time = 00:02:42, memory = 1665.94 (MB).
    Completing 40% with 29087 violations.
    elapsed time = 00:03:36, memory = 1676.29 (MB).
    Completing 50% with 29087 violations.
    elapsed time = 00:04:33, memory = 1639.46 (MB).
    Completing 60% with 26412 violations.
    elapsed time = 00:05:28, memory = 1645.77 (MB).
    Completing 70% with 26412 violations.
    elapsed time = 00:06:31, memory = 1642.09 (MB).
    Completing 80% with 23027 violations.
    elapsed time = 00:07:22, memory = 1654.91 (MB).
    Completing 90% with 23027 violations.
    elapsed time = 00:08:21, memory = 1664.37 (MB).
    Completing 100% with 19941 violations.
    elapsed time = 00:09:11, memory = 1621.29 (MB).
[INFO DRT-0199]   Number of violations = 19941.
Viol/Layer        mcon   met1    via   met2   met3
Cut Spacing        221      0      0      0      0
Metal Spacing        0   2427      0    166    204
Min Hole             0      0      0      1      0
Short                0  15994      1    664    263
[INFO DRT-0267] cpu time = 00:12:32, elapsed time = 00:09:12, memory = 1621.12 (MB), peak = 1702.61 (MB)
Total wire length = 1057435 um.
Total wire length on LAYER li1 = 0 um.
Total wire length on LAYER met1 = 494149 um.
Total wire length on LAYER met2 = 291591 um.
Total wire length on LAYER met3 = 271694 um.
Total wire length on LAYER met4 = 0 um.
Total wire length on LAYER met5 = 0 um.
Total number of vias = 210299.
Up-via summary (total 210299):

-------------------------
 FR_MASTERSLICE         0
            li1     99357
           met1    100813
           met2     10129
           met3         0
           met4         0
-------------------------
               210299


[INFO DRT-0195] Start 2nd optimization iteration.
    Completing 10% with 19941 violations.
    elapsed time = 00:00:29, memory = 1640.15 (MB).
    Completing 20% with 19941 violations.
    elapsed time = 00:01:33, memory = 1655.78 (MB).
    Completing 30% with 19941 violations.
    elapsed time = 00:02:09, memory = 1634.77 (MB).
    Completing 40% with 19941 violations.
    elapsed time = 00:03:06, memory = 1634.19 (MB).
    Completing 50% with 19941 violations.
    elapsed time = 00:04:08, memory = 1621.12 (MB).
    Completing 60% with 19875 violations.
    elapsed time = 00:05:01, memory = 1656.86 (MB).
    Completing 70% with 19875 violations.
    elapsed time = 00:05:51, memory = 1650.57 (MB).
    Completing 80% with 19267 violations.
    elapsed time = 00:06:45, memory = 1650.23 (MB).
    Completing 90% with 19267 violations.
    elapsed time = 00:07:43, memory = 1650.61 (MB).
    Completing 100% with 18337 violations.
    elapsed time = 00:08:42, memory = 1737.79 (MB).
[INFO DRT-0199]   Number of violations = 18337.
Viol/Layer        mcon   met1    via   met2   met3
Cut Spacing        245      0      0      0      0
Metal Spacing        0   2200      0    143    197
Min Hole             0      1      0      0      0
Short                0  14639      1    601    310
[INFO DRT-0267] cpu time = 00:12:07, elapsed time = 00:08:43, memory = 1744.79 (MB), peak = 1781.41 (MB)
Total wire length = 1053233 um.
Total wire length on LAYER li1 = 0 um.
Total wire length on LAYER met1 = 491853 um.
Total wire length on LAYER met2 = 288099 um.
Total wire length on LAYER met3 = 273280 um.
Total wire length on LAYER met4 = 0 um.
Total wire length on LAYER met5 = 0 um.
Total number of vias = 209164.
Up-via summary (total 209164):

-------------------------
 FR_MASTERSLICE         0
            li1     99370
           met1     99705
           met2     10089
           met3         0
           met4         0
-------------------------
               209164


[INFO DRT-0195] Start 3rd optimization iteration.
    Completing 10% with 18337 violations.
    elapsed time = 00:00:52, memory = 1761.02 (MB).
    Completing 20% with 18337 violations.
    elapsed time = 00:01:39, memory = 1749.88 (MB).
    Completing 30% with 14075 violations.
    elapsed time = 00:02:39, memory = 1768.25 (MB).
    Completing 40% with 14075 violations.
    elapsed time = 00:03:19, memory = 1763.32 (MB).
    Completing 50% with 14075 violations.
    elapsed time = 00:04:20, memory = 1743.82 (MB).
    Completing 60% with 10273 violations.
    elapsed time = 00:04:59, memory = 1748.04 (MB).
    Completing 70% with 10273 violations.
    elapsed time = 00:05:47, memory = 1750.25 (MB).
    Completing 80% with 6590 violations.
    elapsed time = 00:06:28, memory = 1728.91 (MB).
    Completing 90% with 6590 violations.
    elapsed time = 00:07:21, memory = 1741.91 (MB).
    Completing 100% with 2996 violations.
    elapsed time = 00:08:06, memory = 1693.77 (MB).
[INFO DRT-0199]   Number of violations = 2996.
Viol/Layer        mcon   met1    via   met2   met3
Cut Spacing         16      0      2      0      0
Metal Spacing        0    677      0    206     20
Min Hole             0      0      0      1      0
Short                0   1733      2    326     13
[INFO DRT-0267] cpu time = 00:11:43, elapsed time = 00:08:06, memory = 1691.77 (MB), peak = 1807.95 (MB)
Total wire length = 1054180 um.
Total wire length on LAYER li1 = 0 um.
Total wire length on LAYER met1 = 442750 um.
Total wire length on LAYER met2 = 293944 um.
Total wire length on LAYER met3 = 317485 um.
Total wire length on LAYER met4 = 0 um.
Total wire length on LAYER met5 = 0 um.
Total number of vias = 218732.
Up-via summary (total 218732):

-------------------------
 FR_MASTERSLICE         0
            li1     99344
           met1    103867
           met2     15521
           met3         0
           met4         0
-------------------------
               218732


[INFO DRT-0195] Start 4th optimization iteration.
    Completing 10% with 2996 violations.
    elapsed time = 00:00:11, memory = 1724.73 (MB).
    Completing 20% with 2996 violations.
    elapsed time = 00:00:49, memory = 1718.12 (MB).
    Completing 30% with 2438 violations.
    elapsed time = 00:00:58, memory = 1715.30 (MB).
    Completing 40% with 2438 violations.
    elapsed time = 00:01:07, memory = 1712.12 (MB).
    Completing 50% with 2438 violations.
    elapsed time = 00:01:28, memory = 1684.53 (MB).
    Completing 60% with 1731 violations.
    elapsed time = 00:01:37, memory = 1725.82 (MB).
    Completing 70% with 1731 violations.
    elapsed time = 00:01:52, memory = 1719.79 (MB).
    Completing 80% with 1165 violations.
    elapsed time = 00:02:06, memory = 1698.46 (MB).
    Completing 90% with 1165 violations.
    elapsed time = 00:02:14, memory = 1715.20 (MB).
    Completing 100% with 552 violations.
    elapsed time = 00:02:26, memory = 1699.82 (MB).
[INFO DRT-0199]   Number of violations = 552.
Viol/Layer        mcon   met1   met2   met3
Cut Spacing          1      0      0      0
Metal Spacing        0     99     56      2
Min Hole             0      1      0      0
Short                0    331     62      0
[INFO DRT-0267] cpu time = 00:03:22, elapsed time = 00:02:26, memory = 1702.82 (MB), peak = 1807.95 (MB)
Total wire length = 1054392 um.
Total wire length on LAYER li1 = 0 um.
Total wire length on LAYER met1 = 441286 um.
Total wire length on LAYER met2 = 294234 um.
Total wire length on LAYER met3 = 318871 um.
Total wire length on LAYER met4 = 0 um.
Total wire length on LAYER met5 = 0 um.
Total number of vias = 219037.
Up-via summary (total 219037):

-------------------------
 FR_MASTERSLICE         0
            li1     99348
           met1    103988
           met2     15701
           met3         0
           met4         0
-------------------------
               219037


[INFO DRT-0195] Start 5th optimization iteration.
    Completing 10% with 552 violations.
    elapsed time = 00:00:01, memory = 1721.89 (MB).
    Completing 20% with 552 violations.
    elapsed time = 00:00:10, memory = 1726.11 (MB).
    Completing 30% with 403 violations.
    elapsed time = 00:00:16, memory = 1692.74 (MB).
    Completing 40% with 403 violations.
    elapsed time = 00:00:20, memory = 1718.61 (MB).
    Completing 50% with 403 violations.
    elapsed time = 00:00:32, memory = 1688.47 (MB).
    Completing 60% with 255 violations.
    elapsed time = 00:00:33, memory = 1707.14 (MB).
    Completing 70% with 255 violations.
    elapsed time = 00:00:38, memory = 1711.76 (MB).
    Completing 80% with 201 violations.
    elapsed time = 00:00:43, memory = 1714.15 (MB).
    Completing 90% with 201 violations.
    elapsed time = 00:00:44, memory = 1702.70 (MB).
    Completing 100% with 161 violations.
    elapsed time = 00:00:48, memory = 1694.61 (MB).
[INFO DRT-0199]   Number of violations = 161.
Viol/Layer        met1   met2
Metal Spacing       22      4
Short              122     13
[INFO DRT-0267] cpu time = 00:01:03, elapsed time = 00:00:48, memory = 1702.11 (MB), peak = 1807.95 (MB)
Total wire length = 1054344 um.
Total wire length on LAYER li1 = 0 um.
Total wire length on LAYER met1 = 440897 um.
Total wire length on LAYER met2 = 294225 um.
Total wire length on LAYER met3 = 319221 um.
Total wire length on LAYER met4 = 0 um.
Total wire length on LAYER met5 = 0 um.
Total number of vias = 219086.
Up-via summary (total 219086):

-------------------------
 FR_MASTERSLICE         0
            li1     99347
           met1    103997
           met2     15742
           met3         0
           met4         0
-------------------------
               219086


[INFO DRT-0195] Start 6th optimization iteration.
    Completing 10% with 161 violations.
    elapsed time = 00:00:00, memory = 1702.17 (MB).
    Completing 20% with 161 violations.
    elapsed time = 00:00:01, memory = 1727.64 (MB).
    Completing 30% with 144 violations.
    elapsed time = 00:00:07, memory = 1718.59 (MB).
    Completing 40% with 144 violations.
    elapsed time = 00:00:07, memory = 1718.59 (MB).
    Completing 50% with 144 violations.
    elapsed time = 00:00:17, memory = 1695.45 (MB).
    Completing 60% with 144 violations.
    elapsed time = 00:00:17, memory = 1695.45 (MB).
    Completing 70% with 144 violations.
    elapsed time = 00:00:22, memory = 1716.38 (MB).
    Completing 80% with 124 violations.
    elapsed time = 00:00:26, memory = 1681.44 (MB).
    Completing 90% with 124 violations.
    elapsed time = 00:00:26, memory = 1681.44 (MB).
    Completing 100% with 111 violations.
    elapsed time = 00:00:32, memory = 1687.93 (MB).
[INFO DRT-0199]   Number of violations = 111.
Viol/Layer        met1   met2
Metal Spacing       14      2
Short               86      9
[INFO DRT-0267] cpu time = 00:00:37, elapsed time = 00:00:32, memory = 1688.66 (MB), peak = 1807.95 (MB)
Total wire length = 1054329 um.
Total wire length on LAYER li1 = 0 um.
Total wire length on LAYER met1 = 440826 um.
Total wire length on LAYER met2 = 294203 um.
Total wire length on LAYER met3 = 319298 um.
Total wire length on LAYER met4 = 0 um.
Total wire length on LAYER met5 = 0 um.
Total number of vias = 219102.
Up-via summary (total 219102):

-------------------------
 FR_MASTERSLICE         0
            li1     99348
           met1    104007
           met2     15747
           met3         0
           met4         0
-------------------------
               219102


[INFO DRT-0195] Start 7th optimization iteration.
    Completing 10% with 111 violations.
    elapsed time = 00:00:00, memory = 1688.66 (MB).
    Completing 20% with 111 violations.
    elapsed time = 00:00:00, memory = 1688.66 (MB).
    Completing 30% with 111 violations.
    elapsed time = 00:00:18, memory = 1689.59 (MB).
    Completing 40% with 111 violations.
    elapsed time = 00:00:18, memory = 1689.59 (MB).
    Completing 50% with 111 violations.
    elapsed time = 00:00:25, memory = 1688.79 (MB).
    Completing 60% with 99 violations.
    elapsed time = 00:00:25, memory = 1688.79 (MB).
    Completing 70% with 99 violations.
    elapsed time = 00:00:25, memory = 1688.79 (MB).
    Completing 80% with 79 violations.
    elapsed time = 00:00:29, memory = 1688.26 (MB).
    Completing 90% with 79 violations.
    elapsed time = 00:00:29, memory = 1688.26 (MB).
    Completing 100% with 72 violations.
    elapsed time = 00:00:36, memory = 1696.12 (MB).
[INFO DRT-0199]   Number of violations = 72.
Viol/Layer        met1   met2
Metal Spacing        7     10
Short               37     18
[INFO DRT-0267] cpu time = 00:00:38, elapsed time = 00:00:36, memory = 1700.13 (MB), peak = 1807.95 (MB)
Total wire length = 1054324 um.
Total wire length on LAYER li1 = 0 um.
Total wire length on LAYER met1 = 440805 um.
Total wire length on LAYER met2 = 294224 um.
Total wire length on LAYER met3 = 319294 um.
Total wire length on LAYER met4 = 0 um.
Total wire length on LAYER met5 = 0 um.
Total number of vias = 219118.
Up-via summary (total 219118):

-------------------------
 FR_MASTERSLICE         0
            li1     99349
           met1    104020
           met2     15749
           met3         0
           met4         0
-------------------------
               219118


[INFO DRT-0195] Start 8th guides tiles iteration.
    Completing 10% with 72 violations.
    elapsed time = 00:00:00, memory = 1700.13 (MB).
    Completing 20% with 72 violations.
    elapsed time = 00:00:02, memory = 1701.13 (MB).
    Completing 30% with 72 violations.
    elapsed time = 00:00:02, memory = 1701.13 (MB).
    Completing 50% with 72 violations.
    elapsed time = 00:00:04, memory = 1701.13 (MB).
    Completing 60% with 62 violations.
    elapsed time = 00:00:05, memory = 1701.13 (MB).
    Completing 70% with 62 violations.
    elapsed time = 00:00:05, memory = 1701.13 (MB).
    Completing 80% with 62 violations.
    elapsed time = 00:00:05, memory = 1701.13 (MB).
    Completing 100% with 17 violations.
    elapsed time = 00:00:05, memory = 1701.13 (MB).
[INFO DRT-0199]   Number of violations = 17.
Viol/Layer        met1
Metal Spacing        3
Short               14
[INFO DRT-0267] cpu time = 00:00:07, elapsed time = 00:00:06, memory = 1701.13 (MB), peak = 1807.95 (MB)
Total wire length = 1054340 um.
Total wire length on LAYER li1 = 0 um.
Total wire length on LAYER met1 = 440789 um.
Total wire length on LAYER met2 = 294239 um.
Total wire length on LAYER met3 = 319311 um.
Total wire length on LAYER met4 = 0 um.
Total wire length on LAYER met5 = 0 um.
Total number of vias = 219125.
Up-via summary (total 219125):

-------------------------
 FR_MASTERSLICE         0
            li1     99348
           met1    104025
           met2     15752
           met3         0
           met4         0
-------------------------
               219125


[INFO DRT-0195] Start 9th guides tiles iteration.
    Completing 20% with 17 violations.
    elapsed time = 00:00:00, memory = 1701.13 (MB).
    Completing 40% with 17 violations.
    elapsed time = 00:00:00, memory = 1701.13 (MB).
    Completing 60% with 17 violations.
    elapsed time = 00:00:01, memory = 1701.13 (MB).
    Completing 80% with 16 violations.
    elapsed time = 00:00:01, memory = 1701.13 (MB).
    Completing 100% with 16 violations.
    elapsed time = 00:00:02, memory = 1701.13 (MB).
[INFO DRT-0199]   Number of violations = 16.
Viol/Layer        met1
Metal Spacing        2
Short               14
[INFO DRT-0267] cpu time = 00:00:03, elapsed time = 00:00:02, memory = 1701.13 (MB), peak = 1807.95 (MB)
Total wire length = 1054340 um.
Total wire length on LAYER li1 = 0 um.
Total wire length on LAYER met1 = 440789 um.
Total wire length on LAYER met2 = 294239 um.
Total wire length on LAYER met3 = 319311 um.
Total wire length on LAYER met4 = 0 um.
Total wire length on LAYER met5 = 0 um.
Total number of vias = 219125.
Up-via summary (total 219125):

-------------------------
 FR_MASTERSLICE         0
            li1     99348
           met1    104025
           met2     15752
           met3         0
           met4         0
-------------------------
               219125


[INFO DRT-0195] Start 10th guides tiles iteration.
    Completing 30% with 16 violations.
    elapsed time = 00:00:00, memory = 1701.13 (MB).
    Completing 60% with 16 violations.
    elapsed time = 00:00:00, memory = 1701.13 (MB).
    Completing 100% with 1 violations.
    elapsed time = 00:00:00, memory = 1701.13 (MB).
[INFO DRT-0199]   Number of violations = 1.
Viol/Layer        met1
Short                1
[INFO DRT-0267] cpu time = 00:00:01, elapsed time = 00:00:01, memory = 1713.13 (MB), peak = 1807.95 (MB)
Total wire length = 1054329 um.
Total wire length on LAYER li1 = 0 um.
Total wire length on LAYER met1 = 440775 um.
Total wire length on LAYER met2 = 294242 um.
Total wire length on LAYER met3 = 319311 um.
Total wire length on LAYER met4 = 0 um.
Total wire length on LAYER met5 = 0 um.
Total number of vias = 219129.
Up-via summary (total 219129):

-------------------------
 FR_MASTERSLICE         0
            li1     99348
           met1    104025
           met2     15756
           met3         0
           met4         0
-------------------------
               219129


[INFO DRT-0195] Start 11th guides tiles iteration.
    Completing 100% with 0 violations.
    elapsed time = 00:00:00, memory = 1713.13 (MB).
[INFO DRT-0199]   Number of violations = 0.
[INFO DRT-0267] cpu time = 00:00:00, elapsed time = 00:00:00, memory = 1713.13 (MB), peak = 1807.95 (MB)
Total wire length = 1054329 um.
Total wire length on LAYER li1 = 0 um.
Total wire length on LAYER met1 = 440774 um.
Total wire length on LAYER met2 = 294243 um.
Total wire length on LAYER met3 = 319311 um.
Total wire length on LAYER met4 = 0 um.
Total wire length on LAYER met5 = 0 um.
Total number of vias = 219131.
Up-via summary (total 219131):

-------------------------
 FR_MASTERSLICE         0
            li1     99348
           met1    104027
           met2     15756
           met3         0
           met4         0
-------------------------
               219131


[INFO DRT-0198] Complete detail routing.
Total wire length = 1054329 um.
Total wire length on LAYER li1 = 0 um.
Total wire length on LAYER met1 = 440774 um.
Total wire length on LAYER met2 = 294243 um.
Total wire length on LAYER met3 = 319311 um.
Total wire length on LAYER met4 = 0 um.
Total wire length on LAYER met5 = 0 um.
Total number of vias = 219131.
Up-via summary (total 219131):

-------------------------
 FR_MASTERSLICE         0
            li1     99348
           met1    104027
           met2     15756
           met3         0
           met4         0
-------------------------
               219131


[INFO DRT-0267] cpu time = 00:57:11, elapsed time = 00:41:32, memory = 1713.13 (MB), peak = 1807.95 (MB)

[INFO DRT-0180] Post processing.
[INFO DRT-0501] Runtime: 2806.94s
Took 2807 seconds: detailed_route -output_drc /work/orfs/reports/sky130hd/g2s_pc2_u67/base/5_route_drc.rpt -output_maze /work/orfs/results/sky130hd/g2s_pc2_u67/base/maze.log -droute_end_iter 64 -verbose 1 -drc_report_iter_step 5
[INFO GRT-0012] Found 38 antenna violations.
[INFO DPL-0501] Legalized with 30 moves: displacement total 158.6 u, max 21.5 u; HPWL 940126.9 -> 940142.5 u (+0.0 %).
[INFO DPL-0500] Runtime: 0.29s
[INFO GRT-0015] Inserted 68 diodes.
[INFO DRT-0024]   Complete FR_MASTERSLICE.
[INFO DRT-0024]   Complete Fr_VIA.
[INFO DRT-0024]   Complete li1.
[INFO DRT-0024]   Complete mcon.
[INFO DRT-0024]   Complete met1.
[INFO DRT-0024]   Complete via.
[INFO DRT-0024]   Complete met2.
[INFO DRT-0024]   Complete via2.
[INFO DRT-0024]   Complete met3.
[INFO DRT-0024]   Complete via3.
[INFO DRT-0024]   Complete met4.
[INFO DRT-0024]   Complete via4.
[INFO DRT-0024]   Complete met5.
[INFO DRT-0165] Start pin access.
[INFO DRT-0076]   Complete 1000 pins.
[INFO DRT-0078]   Complete 1251 pins.
[INFO DRT-0079]   Complete 100 unique inst patterns.
[INFO DRT-0081]   Complete 192 unique inst patterns.
[INFO DRT-0082]   Complete 10000 groups.
[INFO DRT-0084]   Complete 17066 groups.
#scanned instances     = 41110
#unique  instances     = 192
#stdCellGenAp          = 4284
#stdCellValidPlanarAp  = 18
#stdCellValidViaAp     = 3190
#stdCellPinNoAp        = 0
#stdCellPinCnt         = 97755
#instTermValidViaApCnt = 0
#macroGenAp            = 0
#macroValidPlanarAp    = 0
#macroValidViaAp       = 0
#macroNoAp             = 0
[INFO DRT-0166] Complete pin access.
[INFO DRT-0267] cpu time = 00:06:28, elapsed time = 00:04:11, memory = 1681.11 (MB), peak = 1807.95 (MB)
[INFO DRT-0156] guideIn read 100000 guides.
[INFO DRT-0156] guideIn read 200000 guides.

[INFO DRT-0157] Number of guides:     206784

[INFO DRT-0169] Post process guides.
[INFO DRT-0176] GCELLGRID X 0 DO 93 STEP 6900 ;
[INFO DRT-0177] GCELLGRID Y 0 DO 93 STEP 6900 ;
[INFO DRT-0026]   Complete 100000 origin guides.
[INFO DRT-0026]   Complete 200000 origin guides.
[INFO DRT-0028]   Complete FR_MASTERSLICE.
[INFO DRT-0028]   Complete Fr_VIA.
[INFO DRT-0028]   Complete li1.
[INFO DRT-0028]   Complete mcon.
[INFO DRT-0028]   Complete met1.
[INFO DRT-0028]   Complete via.
[INFO DRT-0028]   Complete met2.
[INFO DRT-0028]   Complete via2.
[INFO DRT-0028]   Complete met3.
[INFO DRT-0028]   Complete via3.
[INFO DRT-0028]   Complete met4.
[INFO DRT-0028]   Complete via4.
[INFO DRT-0028]   Complete met5.
[INFO DRT-0178] Init guide query.
[INFO DRT-0035]   Complete FR_MASTERSLICE (guide).
[INFO DRT-0035]   Complete Fr_VIA (guide).
[INFO DRT-0035]   Complete li1 (guide).
[INFO DRT-0035]   Complete mcon (guide).
[INFO DRT-0035]   Complete met1 (guide).
[INFO DRT-0035]   Complete via (guide).
[INFO DRT-0035]   Complete met2 (guide).
[INFO DRT-0035]   Complete via2 (guide).
[INFO DRT-0035]   Complete met3 (guide).
[INFO DRT-0035]   Complete via3 (guide).
[INFO DRT-0035]   Complete met4 (guide).
[INFO DRT-0035]   Complete via4 (guide).
[INFO DRT-0035]   Complete met5 (guide).
[INFO DRT-0036] FR_MASTERSLICE guide region query size = 0.
[INFO DRT-0036] FR_VIA guide region query size = 0.
[INFO DRT-0036] li1 guide region query size = 78808.
[INFO DRT-0036] mcon guide region query size = 0.
[INFO DRT-0036] met1 guide region query size = 61298.
[INFO DRT-0036] via guide region query size = 0.
[INFO DRT-0036] met2 guide region query size = 27725.
[INFO DRT-0036] via2 guide region query size = 0.
[INFO DRT-0036] met3 guide region query size = 2680.
[INFO DRT-0036] via3 guide region query size = 0.
[INFO DRT-0036] met4 guide region query size = 0.
[INFO DRT-0036] via4 guide region query size = 0.
[INFO DRT-0036] met5 guide region query size = 0.
[INFO DRT-0179] Init gr pin query.
[INFO DRT-0267] cpu time = 00:00:00, elapsed time = 00:00:00, memory = 1658.18 (MB), peak = 1807.95 (MB)
[INFO DRT-0245] skipped writing guide updates to database.
[INFO DRT-0181] Start track assignment.
[INFO DRT-0184] Done with 106533 vertical wires in 2 frboxes and 63978 horizontal wires in 2 frboxes.
[INFO DRT-0186] Done with 7835 vertical wires in 2 frboxes and 29115 horizontal wires in 2 frboxes.
[INFO DRT-0182] Complete track assignment.
[INFO DRT-0267] cpu time = 00:00:13, elapsed time = 00:00:08, memory = 1703.21 (MB), peak = 1807.95 (MB)
[INFO DRT-0187] Start routing data preparation.
[INFO DRT-0267] cpu time = 00:00:00, elapsed time = 00:00:00, memory = 1703.21 (MB), peak = 1807.95 (MB)
[INFO DRT-0194] Start detail routing.
[INFO DRT-0195] Start 0th optimization iteration.
    Completing 10% with 0 violations.
    elapsed time = 00:00:11, memory = 1716.31 (MB).
    Completing 20% with 0 violations.
    elapsed time = 00:00:19, memory = 1725.45 (MB).
    Completing 30% with 706 violations.
    elapsed time = 00:00:30, memory = 1854.14 (MB).
    Completing 40% with 706 violations.
    elapsed time = 00:00:38, memory = 1833.75 (MB).
    Completing 50% with 706 violations.
    elapsed time = 00:00:45, memory = 1838.02 (MB).
    Completing 60% with 1459 violations.
    elapsed time = 00:00:56, memory = 1816.82 (MB).
    Completing 70% with 1459 violations.
    elapsed time = 00:01:05, memory = 1795.57 (MB).
    Completing 80% with 2111 violations.
    elapsed time = 00:01:15, memory = 1799.60 (MB).
    Completing 90% with 2111 violations.
    elapsed time = 00:01:23, memory = 1790.24 (MB).
    Completing 100% with 2739 violations.
    elapsed time = 00:01:31, memory = 1756.45 (MB).
[INFO DRT-0199]   Number of violations = 2955.
Viol/Layer        mcon   met1    via   met2   met3
Cut Spacing          1      0      0      0      0
Metal Spacing        0    221      0     85      7
Min Hole             0      2      0      0      0
Recheck              0    137      0     47     32
Short                0   2075      2    244    102
[INFO DRT-0267] cpu time = 00:02:52, elapsed time = 00:01:31, memory = 1763.45 (MB), peak = 1893.82 (MB)
Total wire length = 1054289 um.
Total wire length on LAYER li1 = 0 um.
Total wire length on LAYER met1 = 447841 um.
Total wire length on LAYER met2 = 293452 um.
Total wire length on LAYER met3 = 312995 um.
Total wire length on LAYER met4 = 0 um.
Total wire length on LAYER met5 = 0 um.
Total number of vias = 219484.
Up-via summary (total 219484):

-------------------------
 FR_MASTERSLICE         0
            li1     99424
           met1    104522
           met2     15538
           met3         0
           met4         0
-------------------------
               219484


[INFO DRT-0195] Start 1st optimization iteration.
    Completing 10% with 2955 violations.
    elapsed time = 00:00:07, memory = 1786.92 (MB).
    Completing 20% with 2955 violations.
    elapsed time = 00:00:15, memory = 1776.10 (MB).
    Completing 30% with 2468 violations.
    elapsed time = 00:00:22, memory = 1768.91 (MB).
    Completing 40% with 2468 violations.
    elapsed time = 00:00:30, memory = 1779.77 (MB).
    Completing 50% with 2468 violations.
    elapsed time = 00:00:37, memory = 1768.34 (MB).
    Completing 60% with 2090 violations.
    elapsed time = 00:00:46, memory = 1781.54 (MB).
    Completing 70% with 2090 violations.
    elapsed time = 00:00:53, memory = 1774.92 (MB).
    Completing 80% with 1537 violations.
    elapsed time = 00:01:01, memory = 1789.23 (MB).
    Completing 90% with 1537 violations.
    elapsed time = 00:01:08, memory = 1774.11 (MB).
    Completing 100% with 1140 violations.
    elapsed time = 00:01:13, memory = 1760.92 (MB).
[INFO DRT-0199]   Number of violations = 1140.
Viol/Layer        met1   met2   met3
Metal Spacing       56     23      3
Short              979     69     10
[INFO DRT-0267] cpu time = 00:02:21, elapsed time = 00:01:13, memory = 1775.92 (MB), peak = 1893.82 (MB)
Total wire length = 1053691 um.
Total wire length on LAYER li1 = 0 um.
Total wire length on LAYER met1 = 446314 um.
Total wire length on LAYER met2 = 293192 um.
Total wire length on LAYER met3 = 314184 um.
Total wire length on LAYER met4 = 0 um.
Total wire length on LAYER met5 = 0 um.
Total number of vias = 219438.
Up-via summary (total 219438):

-------------------------
 FR_MASTERSLICE         0
            li1     99426
           met1    104410
           met2     15602
           met3         0
           met4         0
-------------------------
               219438


[INFO DRT-0195] Start 2nd optimization iteration.
    Completing 10% with 1140 violations.
    elapsed time = 00:00:03, memory = 1795.40 (MB).
    Completing 20% with 1140 violations.
    elapsed time = 00:00:09, memory = 1796.31 (MB).
    Completing 30% with 1102 violations.
    elapsed time = 00:00:13, memory = 1786.72 (MB).
    Completing 40% with 1102 violations.
    elapsed time = 00:00:17, memory = 1786.17 (MB).
    Completing 50% with 1102 violations.
    elapsed time = 00:00:23, memory = 1761.00 (MB).
    Completing 60% with 1018 violations.
    elapsed time = 00:00:30, memory = 1788.36 (MB).
    Completing 70% with 1018 violations.
    elapsed time = 00:00:34, memory = 1779.48 (MB).
    Completing 80% with 997 violations.
    elapsed time = 00:00:36, memory = 1781.84 (MB).
    Completing 90% with 997 violations.
    elapsed time = 00:00:41, memory = 1790.99 (MB).
    Completing 100% with 917 violations.
    elapsed time = 00:00:45, memory = 1770.93 (MB).
[INFO DRT-0199]   Number of violations = 917.
Viol/Layer        met1   met2   met3
Metal Spacing       68     18      2
Short              789     36      4
[INFO DRT-0267] cpu time = 00:01:28, elapsed time = 00:00:46, memory = 1776.93 (MB), peak = 1893.82 (MB)
Total wire length = 1053525 um.
Total wire length on LAYER li1 = 0 um.
Total wire length on LAYER met1 = 445850 um.
Total wire length on LAYER met2 = 293030 um.
Total wire length on LAYER met3 = 314645 um.
Total wire length on LAYER met4 = 0 um.
Total wire length on LAYER met5 = 0 um.
Total number of vias = 219382.
Up-via summary (total 219382):

-------------------------
 FR_MASTERSLICE         0
            li1     99424
           met1    104373
           met2     15585
           met3         0
           met4         0
-------------------------
               219382


[INFO DRT-0195] Start 3rd optimization iteration.
    Completing 10% with 917 violations.
    elapsed time = 00:00:05, memory = 1809.34 (MB).
    Completing 20% with 917 violations.
    elapsed time = 00:00:09, memory = 1786.93 (MB).
    Completing 30% with 796 violations.
    elapsed time = 00:00:15, memory = 1783.34 (MB).
    Completing 40% with 796 violations.
    elapsed time = 00:00:24, memory = 1797.92 (MB).
    Completing 50% with 796 violations.
    elapsed time = 00:00:30, memory = 1759.89 (MB).
    Completing 60% with 541 violations.
    elapsed time = 00:00:37, memory = 1787.47 (MB).
    Completing 70% with 541 violations.
    elapsed time = 00:00:42, memory = 1791.20 (MB).
    Completing 80% with 374 violations.
    elapsed time = 00:00:49, memory = 1818.05 (MB).
    Completing 90% with 374 violations.
    elapsed time = 00:00:56, memory = 1790.93 (MB).
    Completing 100% with 120 violations.
    elapsed time = 00:01:05, memory = 1774.93 (MB).
[INFO DRT-0199]   Number of violations = 120.
Viol/Layer        mcon   met1   met2   met3
Cut Spacing          1      0      0      0
Metal Spacing        0     18      5      9
Short                0     69     16      2
[INFO DRT-0267] cpu time = 00:02:03, elapsed time = 00:01:05, memory = 1773.93 (MB), peak = 1893.82 (MB)
Total wire length = 1053904 um.
Total wire length on LAYER li1 = 0 um.
Total wire length on LAYER met1 = 442627 um.
Total wire length on LAYER met2 = 293640 um.
Total wire length on LAYER met3 = 317636 um.
Total wire length on LAYER met4 = 0 um.
Total wire length on LAYER met5 = 0 um.
Total number of vias = 219856.
Up-via summary (total 219856):

-------------------------
 FR_MASTERSLICE         0
            li1     99428
           met1    104513
           met2     15915
           met3         0
           met4         0
-------------------------
               219856


[INFO DRT-0195] Start 4th optimization iteration.
    Completing 10% with 120 violations.
    elapsed time = 00:00:00, memory = 1789.25 (MB).
    Completing 20% with 120 violations.
    elapsed time = 00:00:02, memory = 1792.93 (MB).
    Completing 30% with 106 violations.
    elapsed time = 00:00:03, memory = 1767.63 (MB).
    Completing 40% with 106 violations.
    elapsed time = 00:00:03, memory = 1791.68 (MB).
    Completing 50% with 106 violations.
    elapsed time = 00:00:05, memory = 1772.98 (MB).
    Completing 60% with 89 violations.
    elapsed time = 00:00:06, memory = 1777.09 (MB).
    Completing 70% with 89 violations.
    elapsed time = 00:00:06, memory = 1778.42 (MB).
    Completing 80% with 84 violations.
    elapsed time = 00:00:08, memory = 1794.33 (MB).
    Completing 90% with 84 violations.
    elapsed time = 00:00:09, memory = 1794.93 (MB).
    Completing 100% with 6 violations.
    elapsed time = 00:00:10, memory = 1774.93 (MB).
[INFO DRT-0199]   Number of violations = 6.
Viol/Layer        met1   met2
Metal Spacing        4      0
Short                0      2
[INFO DRT-0267] cpu time = 00:00:18, elapsed time = 00:00:10, memory = 1777.93 (MB), peak = 1893.82 (MB)
Total wire length = 1053846 um.
Total wire length on LAYER li1 = 0 um.
Total wire length on LAYER met1 = 442334 um.
Total wire length on LAYER met2 = 293637 um.
Total wire length on LAYER met3 = 317874 um.
Total wire length on LAYER met4 = 0 um.
Total wire length on LAYER met5 = 0 um.
Total number of vias = 219867.
Up-via summary (total 219867):

-------------------------
 FR_MASTERSLICE         0
            li1     99428
           met1    104533
           met2     15906
           met3         0
           met4         0
-------------------------
               219867


[INFO DRT-0195] Start 5th guides tiles iteration.
    Completing 30% with 6 violations.
    elapsed time = 00:00:00, memory = 1777.93 (MB).
    Completing 60% with 6 violations.
    elapsed time = 00:00:01, memory = 1778.77 (MB).
    Completing 100% with 0 violations.
    elapsed time = 00:00:02, memory = 1778.77 (MB).
[INFO DRT-0199]   Number of violations = 0.
[INFO DRT-0267] cpu time = 00:00:02, elapsed time = 00:00:02, memory = 1781.83 (MB), peak = 1893.82 (MB)
Total wire length = 1053831 um.
Total wire length on LAYER li1 = 0 um.
Total wire length on LAYER met1 = 442320 um.
Total wire length on LAYER met2 = 293617 um.
Total wire length on LAYER met3 = 317892 um.
Total wire length on LAYER met4 = 0 um.
Total wire length on LAYER met5 = 0 um.
Total number of vias = 219854.
Up-via summary (total 219854):

-------------------------
 FR_MASTERSLICE         0
            li1     99428
           met1    104525
           met2     15901
           met3         0
           met4         0
-------------------------
               219854


[INFO DRT-0198] Complete detail routing.
Total wire length = 1053831 um.
Total wire length on LAYER li1 = 0 um.
Total wire length on LAYER met1 = 442320 um.
Total wire length on LAYER met2 = 293617 um.
Total wire length on LAYER met3 = 317892 um.
Total wire length on LAYER met4 = 0 um.
Total wire length on LAYER met5 = 0 um.
Total number of vias = 219854.
Up-via summary (total 219854):

-------------------------
 FR_MASTERSLICE         0
            li1     99428
           met1    104525
           met2     15901
           met3         0
           met4         0
-------------------------
               219854


[INFO DRT-0267] cpu time = 00:09:06, elapsed time = 00:04:50, memory = 1781.83 (MB), peak = 1893.82 (MB)

[INFO DRT-0180] Post processing.
[INFO DRT-0501] Runtime: 552.43s
[INFO ANT-0002] Found 1 net violations.
[INFO ANT-0001] Found 1 pin violations.
[INFO GRT-0012] Found 1 antenna violations.
[INFO DPL-0501] Legalized with 0 moves: displacement total 0.0 u, max 0.0 u; HPWL 940142.5 -> 940142.5 u (+0.0 %).
[INFO DPL-0500] Runtime: 0.20s
[INFO GRT-0015] Inserted 2 diodes.
[INFO DRT-0024]   Complete FR_MASTERSLICE.
[INFO DRT-0024]   Complete Fr_VIA.
[INFO DRT-0024]   Complete li1.
[INFO DRT-0024]   Complete mcon.
[INFO DRT-0024]   Complete met1.
[INFO DRT-0024]   Complete via.
[INFO DRT-0024]   Complete met2.
[INFO DRT-0024]   Complete via2.
[INFO DRT-0024]   Complete met3.
[INFO DRT-0024]   Complete via3.
[INFO DRT-0024]   Complete met4.
[INFO DRT-0024]   Complete via4.
[INFO DRT-0024]   Complete met5.
[INFO DRT-0165] Start pin access.
[INFO DRT-0076]   Complete 1000 pins.
[INFO DRT-0078]   Complete 1251 pins.
[INFO DRT-0079]   Complete 100 unique inst patterns.
[INFO DRT-0081]   Complete 192 unique inst patterns.
[INFO DRT-0082]   Complete 10000 groups.
[INFO DRT-0084]   Complete 17065 groups.
#scanned instances     = 41112
#unique  instances     = 192
#stdCellGenAp          = 4284
#stdCellValidPlanarAp  = 18
#stdCellValidViaAp     = 3190
#stdCellPinNoAp        = 0
#stdCellPinCnt         = 97755
#instTermValidViaApCnt = 0
#macroGenAp            = 0
#macroValidPlanarAp    = 0
#macroValidViaAp       = 0
#macroNoAp             = 0
[INFO DRT-0166] Complete pin access.
[INFO DRT-0267] cpu time = 00:06:17, elapsed time = 00:03:11, memory = 1755.60 (MB), peak = 1893.82 (MB)
[INFO DRT-0156] guideIn read 100000 guides.
[INFO DRT-0156] guideIn read 200000 guides.

[INFO DRT-0157] Number of guides:     206783

[INFO DRT-0169] Post process guides.
[INFO DRT-0176] GCELLGRID X 0 DO 93 STEP 6900 ;
[INFO DRT-0177] GCELLGRID Y 0 DO 93 STEP 6900 ;
[INFO DRT-0026]   Complete 100000 origin guides.
[INFO DRT-0026]   Complete 200000 origin guides.
[INFO DRT-0028]   Complete FR_MASTERSLICE.
[INFO DRT-0028]   Complete Fr_VIA.
[INFO DRT-0028]   Complete li1.
[INFO DRT-0028]   Complete mcon.
[INFO DRT-0028]   Complete met1.
[INFO DRT-0028]   Complete via.
[INFO DRT-0028]   Complete met2.
[INFO DRT-0028]   Complete via2.
[INFO DRT-0028]   Complete met3.
[INFO DRT-0028]   Complete via3.
[INFO DRT-0028]   Complete met4.
[INFO DRT-0028]   Complete via4.
[INFO DRT-0028]   Complete met5.
[INFO DRT-0178] Init guide query.
[INFO DRT-0035]   Complete FR_MASTERSLICE (guide).
[INFO DRT-0035]   Complete Fr_VIA (guide).
[INFO DRT-0035]   Complete li1 (guide).
[INFO DRT-0035]   Complete mcon (guide).
[INFO DRT-0035]   Complete met1 (guide).
[INFO DRT-0035]   Complete via (guide).
[INFO DRT-0035]   Complete met2 (guide).
[INFO DRT-0035]   Complete via2 (guide).
[INFO DRT-0035]   Complete met3 (guide).
[INFO DRT-0035]   Complete via3 (guide).
[INFO DRT-0035]   Complete met4 (guide).
[INFO DRT-0035]   Complete via4 (guide).
[INFO DRT-0035]   Complete met5 (guide).
[INFO DRT-0036] FR_MASTERSLICE guide region query size = 0.
[INFO DRT-0036] FR_VIA guide region query size = 0.
[INFO DRT-0036] li1 guide region query size = 78809.
[INFO DRT-0036] mcon guide region query size = 0.
[INFO DRT-0036] met1 guide region query size = 61298.
[INFO DRT-0036] via guide region query size = 0.
[INFO DRT-0036] met2 guide region query size = 27724.
[INFO DRT-0036] via2 guide region query size = 0.
[INFO DRT-0036] met3 guide region query size = 2679.
[INFO DRT-0036] via3 guide region query size = 0.
[INFO DRT-0036] met4 guide region query size = 0.
[INFO DRT-0036] via4 guide region query size = 0.
[INFO DRT-0036] met5 guide region query size = 0.
[INFO DRT-0179] Init gr pin query.
[INFO DRT-0267] cpu time = 00:00:00, elapsed time = 00:00:00, memory = 1748.60 (MB), peak = 1893.82 (MB)
[INFO DRT-0245] skipped writing guide updates to database.
[INFO DRT-0181] Start track assignment.
[INFO DRT-0184] Done with 106533 vertical wires in 2 frboxes and 63977 horizontal wires in 2 frboxes.
[INFO DRT-0186] Done with 7810 vertical wires in 2 frboxes and 29043 horizontal wires in 2 frboxes.
[INFO DRT-0182] Complete track assignment.
[INFO DRT-0267] cpu time = 00:00:12, elapsed time = 00:00:06, memory = 1818.23 (MB), peak = 1941.03 (MB)
[INFO DRT-0187] Start routing data preparation.
[INFO DRT-0267] cpu time = 00:00:00, elapsed time = 00:00:00, memory = 1825.50 (MB), peak = 1941.03 (MB)
[INFO DRT-0194] Start detail routing.
[INFO DRT-0195] Start 0th optimization iteration.
    Completing 10% with 0 violations.
    elapsed time = 00:00:05, memory = 1869.10 (MB).
    Completing 20% with 0 violations.
    elapsed time = 00:00:10, memory = 1873.27 (MB).
    Completing 30% with 3 violations.
    elapsed time = 00:00:17, memory = 1980.36 (MB).
    Completing 40% with 3 violations.
    elapsed time = 00:00:21, memory = 1995.97 (MB).
    Completing 50% with 3 violations.
    elapsed time = 00:00:26, memory = 1996.19 (MB).
    Completing 60% with 21 violations.
    elapsed time = 00:00:33, memory = 1932.19 (MB).
    Completing 70% with 21 violations.
    elapsed time = 00:00:37, memory = 1932.19 (MB).
    Completing 80% with 21 violations.
    elapsed time = 00:00:42, memory = 1916.20 (MB).
    Completing 90% with 21 violations.
    elapsed time = 00:00:47, memory = 1916.20 (MB).
    Completing 100% with 42 violations.
    elapsed time = 00:00:51, memory = 1908.20 (MB).
[INFO DRT-0199]   Number of violations = 47.
Viol/Layer        met1   met2
Metal Spacing        6      2
Recheck              3      2
Short               34      0
[INFO DRT-0267] cpu time = 00:01:38, elapsed time = 00:00:51, memory = 1908.20 (MB), peak = 1998.02 (MB)
Total wire length = 1053859 um.
Total wire length on LAYER li1 = 0 um.
Total wire length on LAYER met1 = 442466 um.
Total wire length on LAYER met2 = 293624 um.
Total wire length on LAYER met3 = 317768 um.
Total wire length on LAYER met4 = 0 um.
Total wire length on LAYER met5 = 0 um.
Total number of vias = 219871.
Up-via summary (total 219871):

-------------------------
 FR_MASTERSLICE         0
            li1     99431
           met1    104533
           met2     15907
           met3         0
           met4         0
-------------------------
               219871


[INFO DRT-0195] Start 1st optimization iteration.
    Completing 10% with 47 violations.
    elapsed time = 00:00:04, memory = 1908.20 (MB).
    Completing 20% with 47 violations.
    elapsed time = 00:00:09, memory = 1908.20 (MB).
    Completing 30% with 20 violations.
    elapsed time = 00:00:15, memory = 1910.00 (MB).
    Completing 40% with 20 violations.
    elapsed time = 00:00:19, memory = 1910.00 (MB).
    Completing 50% with 20 violations.
    elapsed time = 00:00:25, memory = 1910.34 (MB).
    Completing 60% with 20 violations.
    elapsed time = 00:00:30, memory = 1908.34 (MB).
    Completing 70% with 20 violations.
    elapsed time = 00:00:35, memory = 1908.34 (MB).
    Completing 80% with 3 violations.
    elapsed time = 00:00:40, memory = 1932.62 (MB).
    Completing 90% with 3 violations.
    elapsed time = 00:00:46, memory = 1908.62 (MB).
    Completing 100% with 3 violations.
    elapsed time = 00:00:50, memory = 1908.62 (MB).
[INFO DRT-0199]   Number of violations = 3.
Viol/Layer        met1
Short                3
[INFO DRT-0267] cpu time = 00:01:35, elapsed time = 00:00:50, memory = 1908.62 (MB), peak = 1998.02 (MB)
Total wire length = 1053838 um.
Total wire length on LAYER li1 = 0 um.
Total wire length on LAYER met1 = 442416 um.
Total wire length on LAYER met2 = 293624 um.
Total wire length on LAYER met3 = 317796 um.
Total wire length on LAYER met4 = 0 um.
Total wire length on LAYER met5 = 0 um.
Total number of vias = 219865.
Up-via summary (total 219865):

-------------------------
 FR_MASTERSLICE         0
            li1     99432
           met1    104532
           met2     15901
           met3         0
           met4         0
-------------------------
               219865


[INFO DRT-0195] Start 2nd optimization iteration.
    Completing 10% with 3 violations.
    elapsed time = 00:00:00, memory = 1908.62 (MB).
    Completing 20% with 3 violations.
    elapsed time = 00:00:00, memory = 1908.62 (MB).
    Completing 30% with 5 violations.
    elapsed time = 00:00:01, memory = 1908.62 (MB).
    Completing 40% with 5 violations.
    elapsed time = 00:00:01, memory = 1908.62 (MB).
    Completing 50% with 5 violations.
    elapsed time = 00:00:01, memory = 1908.62 (MB).
    Completing 60% with 5 violations.
    elapsed time = 00:00:01, memory = 1908.62 (MB).
    Completing 70% with 5 violations.
    elapsed time = 00:00:01, memory = 1908.62 (MB).
    Completing 80% with 5 violations.
    elapsed time = 00:00:01, memory = 1908.62 (MB).
    Completing 90% with 5 violations.
    elapsed time = 00:00:01, memory = 1908.62 (MB).
    Completing 100% with 5 violations.
    elapsed time = 00:00:01, memory = 1908.62 (MB).
[INFO DRT-0199]   Number of violations = 5.
Viol/Layer        met1   met2
Short                4      1
[INFO DRT-0267] cpu time = 00:00:01, elapsed time = 00:00:01, memory = 1908.62 (MB), peak = 1998.02 (MB)
Total wire length = 1053837 um.
Total wire length on LAYER li1 = 0 um.
Total wire length on LAYER met1 = 442424 um.
Total wire length on LAYER met2 = 293624 um.
Total wire length on LAYER met3 = 317787 um.
Total wire length on LAYER met4 = 0 um.
Total wire length on LAYER met5 = 0 um.
Total number of vias = 219865.
Up-via summary (total 219865):

-------------------------
 FR_MASTERSLICE         0
            li1     99432
           met1    104532
           met2     15901
           met3         0
           met4         0
-------------------------
               219865


[INFO DRT-0195] Start 3rd guides tiles iteration.
    Completing 30% with 5 violations.
    elapsed time = 00:00:00, memory = 1908.62 (MB).
    Completing 60% with 0 violations.
    elapsed time = 00:00:00, memory = 1908.62 (MB).
    Completing 100% with 0 violations.
    elapsed time = 00:00:00, memory = 1908.62 (MB).
[INFO DRT-0199]   Number of violations = 0.
[INFO DRT-0267] cpu time = 00:00:00, elapsed time = 00:00:00, memory = 1908.62 (MB), peak = 1998.02 (MB)
Total wire length = 1053831 um.
Total wire length on LAYER li1 = 0 um.
Total wire length on LAYER met1 = 442326 um.
Total wire length on LAYER met2 = 293625 um.
Total wire length on LAYER met3 = 317878 um.
Total wire length on LAYER met4 = 0 um.
Total wire length on LAYER met5 = 0 um.
Total number of vias = 219857.
Up-via summary (total 219857):

-------------------------
 FR_MASTERSLICE         0
            li1     99431
           met1    104525
           met2     15901
           met3         0
           met4         0
-------------------------
               219857


[INFO DRT-0198] Complete detail routing.
Total wire length = 1053831 um.
Total wire length on LAYER li1 = 0 um.
Total wire length on LAYER met1 = 442326 um.
Total wire length on LAYER met2 = 293625 um.
Total wire length on LAYER met3 = 317878 um.
Total wire length on LAYER met4 = 0 um.
Total wire length on LAYER met5 = 0 um.
Total number of vias = 219857.
Up-via summary (total 219857):

-------------------------
 FR_MASTERSLICE         0
            li1     99431
           met1    104525
           met2     15901
           met3         0
           met4         0
-------------------------
               219857


[INFO DRT-0267] cpu time = 00:03:17, elapsed time = 00:01:44, memory = 1908.62 (MB), peak = 1998.02 (MB)

[INFO DRT-0180] Post processing.
[INFO DRT-0501] Runtime: 304.59s
[INFO ANT-0002] Found 0 net violations.
[INFO ANT-0001] Found 0 pin violations.
[INFO ANT-0002] Found 0 net violations.
[INFO ANT-0001] Found 0 pin violations.
Design area 338371 um^2 83% utilization.
write_db /work/orfs/results/sky130hd/g2s_pc2_u67/base/5_2_route.odb
Elapsed time: 1:01:45.32[h:]min:sec. CPU time: user 5453.26 sys 11.37 (147%). Peak memory: 2045972KB.
Log                       Ext     Elapsed/s Peak Memory/MB sha1sum result [0:20)
5_2_route                 .odb         3705           1998 71fe1a579673e217313e
/OpenROAD-flow-scripts/flow/scripts/flow.sh 5_3_fillcell fillcell
Running fillcell.tcl, stage 5_3_fillcell
read_liberty /OpenROAD-flow-scripts/flow/platforms/sky130hd/lib/sky130_fd_sc_hd__tt_025C_1v80.lib
read_liberty /work/cells/g2_cells.lib
read_db /work/orfs/results/sky130hd/g2s_pc2_u67/base/5_2_route.odb
read_sdc /work/orfs/results/sky130hd/g2s_pc2_u67/base/5_1_grt.sdc
source /OpenROAD-flow-scripts/flow/platforms/sky130hd/setRC.tcl
filler_placement "sky130_fd_sc_hd__fill_1 sky130_fd_sc_hd__fill_2 sky130_fd_sc_hd__fill_4 sky130_fd_sc_hd__fill_8"
[INFO DPL-0001] Placed 22819 filler instances.
Design area 338371 um^2 83% utilization.
write_db /work/orfs/results/sky130hd/g2s_pc2_u67/base/5_3_fillcell.odb
Elapsed time: 0:01.15[h:]min:sec. CPU time: user 0.97 sys 0.15 (97%). Peak memory: 239988KB.
Log                       Ext     Elapsed/s Peak Memory/MB sha1sum result [0:20)
5_3_fillcell              .odb            1            234 eb8bbdff91ee6485cd2b
cp /work/orfs/results/sky130hd/g2s_pc2_u67/base/5_3_fillcell.odb /work/orfs/results/sky130hd/g2s_pc2_u67/base/5_route.odb
cp /work/orfs/results/sky130hd/g2s_pc2_u67/base/5_1_grt.sdc /work/orfs/results/sky130hd/g2s_pc2_u67/base/5_route.sdc
/OpenROAD-flow-scripts/flow/scripts/flow.sh 6_1_fill density_fill
Running density_fill.tcl, stage 6_1_fill
read_liberty /OpenROAD-flow-scripts/flow/platforms/sky130hd/lib/sky130_fd_sc_hd__tt_025C_1v80.lib
read_liberty /work/cells/g2_cells.lib
read_db /work/orfs/results/sky130hd/g2s_pc2_u67/base/5_route.odb
read_sdc /work/orfs/results/sky130hd/g2s_pc2_u67/base/5_route.sdc
source /OpenROAD-flow-scripts/flow/platforms/sky130hd/setRC.tcl
exec cp /work/orfs/results/sky130hd/g2s_pc2_u67/base/5_route.odb /work/orfs/results/sky130hd/g2s_pc2_u67/base/6_1_fill.odb
Elapsed time: 0:00.69[h:]min:sec. CPU time: user 0.55 sys 0.13 (98%). Peak memory: 189932KB.
Log                       Ext     Elapsed/s Peak Memory/MB sha1sum result [0:20)
6_1_fill                  .odb            0            185 eb8bbdff91ee6485cd2b
cp /work/orfs/results/sky130hd/g2s_pc2_u67/base/5_route.sdc /work/orfs/results/sky130hd/g2s_pc2_u67/base/6_1_fill.sdc
/OpenROAD-flow-scripts/flow/scripts/flow.sh 6_report final_report
Running final_report.tcl, stage 6_report
read_liberty /OpenROAD-flow-scripts/flow/platforms/sky130hd/lib/sky130_fd_sc_hd__tt_025C_1v80.lib
read_liberty /work/cells/g2_cells.lib
read_db /work/orfs/results/sky130hd/g2s_pc2_u67/base/6_1_fill.odb
read_sdc /work/orfs/results/sky130hd/g2s_pc2_u67/base/6_1_fill.sdc
source /OpenROAD-flow-scripts/flow/platforms/sky130hd/setRC.tcl
write_db /work/orfs/results/sky130hd/g2s_pc2_u67/base/6_final.odb
write_sdc -no_timestamp /work/orfs/results/sky130hd/g2s_pc2_u67/base/6_final.sdc
Deleted 0 routing obstructions
Warning: master sky130_ef_sc_hd__decap_12 has signal pins but no liberty cell
Warning: master sky130_ef_sc_hd__decap_12 has signal pins but no liberty cell
Global output passed lec test
[INFO RCX-0431] Defined process_corner X with ext_model_index 0
[INFO RCX-0029] Defined extraction corner X
[INFO RCX-0435] Reading extraction model file /OpenROAD-flow-scripts/flow/platforms/sky130hd/rcx_patterns.rules ...
[INFO RCX-0436] RC segment generation top (max_merge_res 50.0) ...
[INFO RCX-0040] Final 104697 rc segments
[INFO RCX-0439] Coupling Cap extraction top ...
[INFO RCX-0440] Coupling threshhold is 0.1000 fF, coupling capacitance less than 0.1000 fF will be grounded.
[INFO RCX-0442] 51% of 234225 wires extracted
[INFO RCX-0442] 100% of 234225 wires extracted
[INFO RCX-0045] Extract 34627 nets, 139324 rsegs, 139324 caps, 292124 ccs
[INFO RCX-0443] 34627 nets finished
IR drop analysis for power nets is skipped because PWR_NETS_VOLTAGES is undefined
IR drop analysis for ground nets is skipped because GND_NETS_VOLTAGES is undefined
Cell type report:                       Count        Area
  Fill cell                             22819    68301.76
  Tap cell                               5428     6791.51
  Antenna cell                            596     1491.43
  Buffer                                 4224    21780.89
  Clock buffer                            648    13673.11
  Timing Repair Buffer                   3815    32543.71
  Inverter                               1088     4083.92
  Clock inverter                          215     2673.81
  Sequential cell                        4362    87431.35
  Multi-Input combinational cell        20736   167901.03
  Total                                 63931   406672.53
Report metrics stage 6, finish...

==========================================================================
finish report_design_area
--------------------------------------------------------------------------
Design area 338371 um^2 83% utilization.
[WARNING GUI-0010] File path does not end with a valid extension, new path is: /work/orfs/reports/sky130hd/g2s_pc2_u67/base/final_all.webp.png
[WARNING GUI-0010] File path does not end with a valid extension, new path is: /work/orfs/reports/sky130hd/g2s_pc2_u67/base/final_routing.webp.png
[WARNING GUI-0010] File path does not end with a valid extension, new path is: /work/orfs/reports/sky130hd/g2s_pc2_u67/base/final_placement.webp.png
[WARNING GUI-0010] File path does not end with a valid extension, new path is: /work/orfs/reports/sky130hd/g2s_pc2_u67/base/final_clocks.webp.png
[WARNING GUI-0010] File path does not end with a valid extension, new path is: /work/orfs/reports/sky130hd/g2s_pc2_u67/base/cts_default_clk.webp.png
[WARNING GUI-0010] File path does not end with a valid extension, new path is: /work/orfs/reports/sky130hd/g2s_pc2_u67/base/cts_default_clk_layout.webp.png
[WARNING GUI-0010] File path does not end with a valid extension, new path is: /work/orfs/reports/sky130hd/g2s_pc2_u67/base/final_resizer.webp.png
[WARNING GUI-0010] File path does not end with a valid extension, new path is: /work/orfs/reports/sky130hd/g2s_pc2_u67/base/final_congestion.webp.png
[WARNING GUI-0010] File path does not end with a valid extension, new path is: /work/orfs/reports/sky130hd/g2s_pc2_u67/base/final_worst_path.webp.png
Elapsed time: 0:28.76[h:]min:sec. CPU time: user 29.85 sys 1.33 (108%). Peak memory: 566432KB.
Log                       Ext     Elapsed/s Peak Memory/MB sha1sum result [0:20)
6_report                                 28            553                  N/A
cp /OpenROAD-flow-scripts/flow/platforms/sky130hd/lef/sky130_fd_sc_hd.tlef /work/orfs/objects/sky130hd/g2s_pc2_u67/base/klayout_tech.lef
/usr/bin/python3 /OpenROAD-flow-scripts/flow/util/generate_klayout_tech.py \
	--template /OpenROAD-flow-scripts/flow/platforms/sky130hd/sky130hd.lyt \
	--output /work/orfs/objects/sky130hd/g2s_pc2_u67/base/klayout.lyt \
	--lef-files /work/orfs/objects/sky130hd/g2s_pc2_u67/base/klayout_tech.lef /OpenROAD-flow-scripts/flow/platforms/sky130hd/lef/sky130_fd_sc_hd_merged.lef /work/cells/g2_cells.lef   \
	--map-files 
/usr/bin/python3 /OpenROAD-flow-scripts/flow/scripts/run_command.py --log /work/orfs/logs/sky130hd/g2s_pc2_u67/base/6_1_merge.log --tee -- \
        /OpenROAD-flow-scripts/flow/scripts/klayout.sh -zz -rd design_name=top \
        -rd in_def=/work/orfs/results/sky130hd/g2s_pc2_u67/base/6_final.def \
        -rd in_files="/OpenROAD-flow-scripts/flow/platforms/sky130hd/gds/sky130_fd_sc_hd.gds  " \
        -rd seal_file="" \
        -rd out_file=/work/orfs/results/sky130hd/g2s_pc2_u67/base/6_1_merged.gds \
        -rd tech_file=/work/orfs/objects/sky130hd/g2s_pc2_u67/base/klayout.lyt \
        -rd layer_map= \
        -r /OpenROAD-flow-scripts/flow/util/def2stream.py
KLayout 0.30.12
[INFO] Reporting cells prior to loading DEF ...
	/OpenROAD-flow-scripts/flow/platforms/sky130hd/gds/sky130_fd_sc_hd.gds
[ERROR] LEF Cell 'VSITE_ZERO' has no matching GDS/OAS cell. Cell will be empty.
[ERROR] LEF Cell 'LTAP' has no matching GDS/OAS cell. Cell will be empty.
[ERROR] LEF Cell 'VSITE_BUF' has no matching GDS/OAS cell. Cell will be empty.
[INFO] No orphan cells in the final layout
Elapsed time: 0:04.24[h:]min:sec. CPU time: user 3.87 sys 0.34 (99%). Peak memory: 574464KB.
make[1]: *** [Makefile:756: do-gds-merged] Error 3
make: *** [Makefile:752: /work/orfs/results/sky130hd/g2s_pc2_u67/base/6_1_merged.gds] Error 2
