mkdir -p /work/orfs/results/sky130hd/g2_pc2_u45/base/
echo 3.0 > /work/orfs/results/sky130hd/g2_pc2_u45/base/clock_period.txt
/OpenROAD-flow-scripts/flow/scripts/synth.sh /OpenROAD-flow-scripts/flow/scripts/synth_canonicalize.tcl /work/orfs/logs/sky130hd/g2_pc2_u45/base/1_1_yosys_canonicalize.log
exec cp /work/pc2/netlist_base.v /work/orfs/results/sky130hd/g2_pc2_u45/base/1_2_yosys.v
exec touch -r /work/pc2/netlist_base.v /work/orfs/results/sky130hd/g2_pc2_u45/base/1_2_yosys.v
Elapsed time: 0:00.14[h:]min:sec. CPU time: user 0.03 sys 0.02 (34%). Peak memory: 27204KB.
Log                       Ext     Elapsed/s Peak Memory/MB sha1sum result [0:20)
1_1_yosys_canonicalize                    0             26                  N/A
/OpenROAD-flow-scripts/flow/scripts/synth.sh /OpenROAD-flow-scripts/flow/scripts/synth.tcl /work/orfs/logs/sky130hd/g2_pc2_u45/base/1_2_yosys.log
exec cp /work/pc2/netlist_base.v /work/orfs/results/sky130hd/g2_pc2_u45/base/1_2_yosys.v
exec touch -r /work/pc2/netlist_base.v /work/orfs/results/sky130hd/g2_pc2_u45/base/1_2_yosys.v
Elapsed time: 0:00.08[h:]min:sec. CPU time: user 0.04 sys 0.01 (56%). Peak memory: 27376KB.
Log                       Ext     Elapsed/s Peak Memory/MB sha1sum result [0:20)
1_2_yosys                 .v              0             26 75c73813bdb73998f64b
cp /work/pc2/constraint.sdc /work/orfs/results/sky130hd/g2_pc2_u45/base/1_2_yosys.sdc
touch -r /work/pc2/constraint.sdc /work/orfs/results/sky130hd/g2_pc2_u45/base/1_2_yosys.sdc
OpenROAD unknown 
Features included (+) or not (-): -GPU +GUI -Python
This program is licensed under the BSD-3 license. See the LICENSE file for details.
Components of this program may be licensed under more restrictive licenses which must be honored.
[INFO ORD-0030] Using 2 thread(s).
mkdir -p /work/orfs/objects/sky130hd/g2_pc2_u45/base
/OpenROAD-flow-scripts/flow/scripts/flow.sh 1_synth synth_odb
Running synth_odb.tcl, stage 1_synth
read_liberty /OpenROAD-flow-scripts/flow/platforms/sky130hd/lib/sky130_fd_sc_hd__tt_025C_1v80.lib
read_liberty /work/cells/g2_cells.lib
[INFO ODB-0227] LEF file: /OpenROAD-flow-scripts/flow/platforms/sky130hd/lef/sky130_fd_sc_hd.tlef, created 13 layers, 25 vias
[INFO ODB-0227] LEF file: /OpenROAD-flow-scripts/flow/platforms/sky130hd/lef/sky130_fd_sc_hd_merged.lef, created 441 library cells
[INFO ODB-0227] LEF file: /work/cells/g2_cells.lef, created 4 library cells
link_design top
read_sdc /work/orfs/results/sky130hd/g2_pc2_u45/base/1_2_yosys.sdc
source /OpenROAD-flow-scripts/flow/platforms/sky130hd/setRC.tcl
Design area 273903 um^2 100% utilization.
source /work/cells/dont_touch.tcl
G2: dont_touch set on 4672 via-site/line-tap instances
write_db /work/orfs/results/sky130hd/g2_pc2_u45/base/1_synth.odb
write_sdc -no_timestamp /work/orfs/results/sky130hd/g2_pc2_u45/base/1_synth.sdc
Warning: master sky130_ef_sc_hd__decap_12 has signal pins but no liberty cell
Elapsed time: 0:01.15[h:]min:sec. CPU time: user 0.93 sys 0.09 (89%). Peak memory: 178072KB.
Log                       Ext     Elapsed/s Peak Memory/MB sha1sum result [0:20)
1_synth                   .odb            1            173 4c86753097bb83615b4c
1_synth                   .sdc                             3cafb83be852b96459ae
/OpenROAD-flow-scripts/flow/scripts/flow.sh 2_1_floorplan floorplan
Running floorplan.tcl, stage 2_1_floorplan
read_liberty /OpenROAD-flow-scripts/flow/platforms/sky130hd/lib/sky130_fd_sc_hd__tt_025C_1v80.lib
read_liberty /work/cells/g2_cells.lib
read_db /work/orfs/results/sky130hd/g2_pc2_u45/base/1_synth.odb
read_sdc /work/orfs/results/sky130hd/g2_pc2_u45/base/1_synth.sdc
source /OpenROAD-flow-scripts/flow/platforms/sky130hd/setRC.tcl
Master sky130_ef_sc_hd__decap_12 is loaded but not used in the design

==========================================================================
Floorplan check_setup
--------------------------------------------------------------------------
Warning: There are 2048 unconstrained endpoints.
number instances in verilog is 30410
initialize_floorplan -utilization 45 -aspect_ratio 1 -core_space 2 -site unithd
[INFO IFP-0107] Defining die area using utilization: 45.00% and aspect ratio: 1.
[WARNING IFP-0028] Core area lower left (2.000, 2.000) snapped to (2.300, 2.720).
[INFO IFP-0001] Added 286 rows of 1695 site unithd.
[INFO IFP-0100] Die BBox:  (  0.000  0.000 ) ( 784.175 784.175 ) um
[INFO IFP-0101] Core BBox: (  2.300  2.720 ) ( 782.000 780.640 ) um
[INFO IFP-0102] Core area:                       606544.224 um^2
[INFO IFP-0103] Total instances area:            273902.694 um^2
[INFO IFP-0104] Effective utilization:                0.452
[INFO IFP-0105] Number of instances:                  30410
source /OpenROAD-flow-scripts/flow/platforms/sky130hd/make_tracks.tcl
source /OpenROAD-flow-scripts/flow/platforms/sky130hd/fastroute.tcl
set_dont_use "sky130_fd_sc_hd__probe_p_8 sky130_fd_sc_hd__probec_p_8 sky130_fd_sc_hd__lpflow_bleeder_1 sky130_fd_sc_hd__lpflow_clkbufkapwr_1 sky130_fd_sc_hd__lpflow_clkbufkapwr_16 sky130_fd_sc_hd__lpflow_clkbufkapwr_2 sky130_fd_sc_hd__lpflow_clkbufkapwr_4 sky130_fd_sc_hd__lpflow_clkbufkapwr_8 sky130_fd_sc_hd__lpflow_clkinvkapwr_1 sky130_fd_sc_hd__lpflow_clkinvkapwr_16 sky130_fd_sc_hd__lpflow_clkinvkapwr_2 sky130_fd_sc_hd__lpflow_clkinvkapwr_4 sky130_fd_sc_hd__lpflow_clkinvkapwr_8 sky130_fd_sc_hd__lpflow_decapkapwr_12 sky130_fd_sc_hd__lpflow_decapkapwr_3 sky130_fd_sc_hd__lpflow_decapkapwr_4 sky130_fd_sc_hd__lpflow_decapkapwr_6 sky130_fd_sc_hd__lpflow_decapkapwr_8 sky130_fd_sc_hd__lpflow_inputiso0n_1 sky130_fd_sc_hd__lpflow_inputiso0p_1 sky130_fd_sc_hd__lpflow_inputiso1n_1 sky130_fd_sc_hd__lpflow_inputiso1p_1 sky130_fd_sc_hd__lpflow_inputisolatch_1 sky130_fd_sc_hd__lpflow_isobufsrc_1 sky130_fd_sc_hd__lpflow_isobufsrc_16 sky130_fd_sc_hd__lpflow_isobufsrc_2 sky130_fd_sc_hd__lpflow_isobufsrc_4 sky130_fd_sc_hd__lpflow_isobufsrc_8 sky130_fd_sc_hd__lpflow_isobufsrckapwr_16 sky130_fd_sc_hd__lpflow_lsbuf_lh_hl_isowell_tap_1 sky130_fd_sc_hd__lpflow_lsbuf_lh_hl_isowell_tap_2 sky130_fd_sc_hd__lpflow_lsbuf_lh_hl_isowell_tap_4 sky130_fd_sc_hd__lpflow_lsbuf_lh_isowell_4 sky130_fd_sc_hd__lpflow_lsbuf_lh_isowell_tap_1 sky130_fd_sc_hd__lpflow_lsbuf_lh_isowell_tap_2 sky130_fd_sc_hd__lpflow_lsbuf_lh_isowell_tap_4"
repair_tie_fanout -separation 0 sky130_fd_sc_hd__tt_025C_1v80/sky130_fd_sc_hd__conb_1/LO
repair_tie_fanout -separation 0 sky130_fd_sc_hd__tt_025C_1v80/sky130_fd_sc_hd__conb_1/HI
repair_timing -setup_margin 0 -hold_margin 0 -repair_tns 100 -match_cell_footprint -setup -skip_last_gasp -sequence unbuffer,sizeup,swap,vt_swap -verbose
[WARNING EST-0027] no estimated parasitics. Using wire load models.
[INFO RSZ-0100] Repair move sequence: UnbufferMove SizeUpMove SwapPinsMove 
[INFO RSZ-0094] Found 1857 endpoints with setup violations.
[INFO RSZ-0099] Repairing 1857 out of 1857 (100.00%) violating endpoints...
   Iter   | Removed | Resized | Inserted | Cloned |  Pin  |   Area   |    WNS   |    TNS     |  Viol  |  Worst
          | Buffers |  Gates  | Buffers  |  Gates | Swaps |          |          |            | Endpts | Endpoint
------------------------------------------------------------------------------------------------------------------------------
       0* |       0 |       0 |        0 |      0 |     0 |    +0.0% |  -48.952 |   -81902.6 |   1857 | row0/_624_/D
      10* |       0 |       2 |        0 |      0 |     7 |    +0.0% |  -14.461 |   -22337.2 |   1857 | row15/_630_/D
      20* |       0 |       2 |        0 |      0 |    17 |    +0.0% |  -14.460 |   -22306.7 |   1857 | row24/_630_/D
      30* |       0 |       2 |        0 |      0 |    27 |    +0.0% |  -14.460 |   -22276.3 |   1857 | row33/_630_/D
      40* |       0 |       2 |        0 |      0 |    37 |    +0.0% |  -14.459 |   -22245.8 |   1857 | row42/_630_/D
      50* |       0 |       2 |        0 |      0 |    47 |    +0.0% |  -14.459 |   -22215.3 |   1857 | row51/_630_/D
      60* |       0 |       2 |        0 |      0 |    57 |    +0.0% |  -14.458 |   -22184.8 |   1857 | row60/_630_/D
      70* |       0 |       5 |        0 |      0 |    64 |    +0.0% |  -14.247 |   -22161.5 |   1857 | row11/_630_/D
      80* |       0 |      15 |        0 |      0 |    64 |    +0.0% |  -14.247 |   -22154.8 |   1857 | row20/_630_/D
      90* |       0 |      25 |        0 |      0 |    64 |    +0.0% |  -14.247 |   -22148.2 |   1857 | row3/_630_/D
     100* |       0 |      35 |        0 |      0 |    64 |    +0.0% |  -14.247 |   -22141.6 |   1857 | row39/_630_/D
     110* |       0 |      45 |        0 |      0 |    64 |    +0.0% |  -14.247 |   -22135.0 |   1857 | row48/_630_/D
     118* |       0 |       3 |        0 |      0 |    64 |    +0.0% |  -14.247 |   -22162.8 |   1857 | row56/_630_/D
     120* |       0 |       3 |        0 |      0 |    65 |    +0.0% |  -14.247 |   -22162.8 |   1857 | row56/_630_/D
     128* |       0 |       4 |        0 |      0 |    69 |    +0.0% |  -14.247 |   -22162.0 |   1857 | row56/_630_/D
     130* |       0 |       4 |        0 |      0 |    70 |    +0.0% |  -14.247 |   -22162.0 |   1857 | row56/_630_/D
     138* |       0 |       5 |        0 |      0 |    74 |    +0.0% |  -14.247 |   -22161.2 |   1857 | row56/_630_/D
     140* |       0 |       5 |        0 |      0 |    75 |    +0.0% |  -14.247 |   -22161.2 |   1857 | row56/_630_/D
     148* |       0 |       6 |        0 |      0 |    79 |    +0.0% |  -14.247 |   -22160.4 |   1857 | row56/_630_/D
     150* |       0 |       6 |        0 |      0 |    80 |    +0.0% |  -14.247 |   -22160.4 |   1857 | row56/_630_/D
     158* |       0 |       7 |        0 |      0 |    84 |    +0.0% |  -14.247 |   -22159.6 |   1857 | row56/_630_/D
     160* |       0 |       7 |        0 |      0 |    85 |    +0.0% |  -14.247 |   -22159.6 |   1857 | row56/_630_/D
     168* |       0 |       8 |        0 |      0 |    89 |    +0.0% |  -14.247 |   -22158.8 |   1857 | row56/_630_/D
     170* |       0 |       8 |        0 |      0 |    90 |    +0.0% |  -14.247 |   -22158.8 |   1857 | row56/_630_/D
     178* |       0 |       9 |        0 |      0 |    94 |    +0.0% |  -14.247 |   -22158.0 |   1857 | row56/_630_/D
     180* |       0 |       9 |        0 |      0 |    95 |    +0.0% |  -14.247 |   -22158.0 |   1857 | row56/_630_/D
     188* |       0 |      10 |        0 |      0 |    99 |    +0.0% |  -14.247 |   -22157.2 |   1857 | row56/_630_/D
     190* |       0 |      10 |        0 |      0 |   100 |    +0.0% |  -14.247 |   -22157.2 |   1857 | row56/_630_/D
     198* |       0 |      11 |        0 |      0 |   104 |    +0.0% |  -14.247 |   -22156.4 |   1857 | row56/_630_/D
     200* |       0 |      11 |        0 |      0 |   105 |    +0.0% |  -14.247 |   -22156.4 |   1857 | row56/_630_/D
     208* |       0 |      12 |        0 |      0 |   109 |    +0.0% |  -14.247 |   -22155.6 |   1857 | row56/_630_/D
     210* |       0 |      12 |        0 |      0 |   110 |    +0.0% |  -14.247 |   -22155.6 |   1857 | row56/_630_/D
     218* |       0 |      13 |        0 |      0 |   114 |    +0.0% |  -14.247 |   -22154.8 |   1857 | row56/_630_/D
     220* |       0 |      13 |        0 |      0 |   115 |    +0.0% |  -14.247 |   -22154.8 |   1857 | row56/_630_/D
     228* |       0 |      14 |        0 |      0 |   119 |    +0.0% |  -14.247 |   -22154.0 |   1857 | row56/_630_/D
     230* |       0 |      14 |        0 |      0 |   120 |    +0.0% |  -14.247 |   -22154.0 |   1857 | row56/_630_/D
     238* |       0 |      15 |        0 |      0 |   124 |    +0.0% |  -14.247 |   -22153.2 |   1857 | row56/_630_/D
     240* |       0 |      15 |        0 |      0 |   125 |    +0.0% |  -14.247 |   -22153.2 |   1857 | row56/_630_/D
     248* |       0 |      16 |        0 |      0 |   129 |    +0.0% |  -14.247 |   -22152.4 |   1857 | row56/_630_/D
     250* |       0 |      16 |        0 |      0 |   130 |    +0.0% |  -14.247 |   -22152.4 |   1857 | row56/_630_/D
     258* |       0 |      17 |        0 |      0 |   134 |    +0.0% |  -14.247 |   -22151.6 |   1857 | row56/_630_/D
     260* |       0 |      17 |        0 |      0 |   135 |    +0.0% |  -14.247 |   -22151.6 |   1857 | row56/_630_/D
     268* |       0 |      18 |        0 |      0 |   139 |    +0.0% |  -14.247 |   -22150.8 |   1857 | row56/_630_/D
     270* |       0 |      18 |        0 |      0 |   140 |    +0.0% |  -14.247 |   -22150.8 |   1857 | row56/_630_/D
     278* |       0 |      19 |        0 |      0 |   144 |    +0.0% |  -14.247 |   -22150.0 |   1857 | row56/_630_/D
     280* |       0 |      19 |        0 |      0 |   145 |    +0.0% |  -14.247 |   -22150.0 |   1857 | row56/_630_/D
     288* |       0 |      20 |        0 |      0 |   149 |    +0.0% |  -14.247 |   -22149.2 |   1857 | row56/_630_/D
     290* |       0 |      20 |        0 |      0 |   150 |    +0.0% |  -14.247 |   -22149.2 |   1857 | row56/_630_/D
     298* |       0 |      21 |        0 |      0 |   154 |    +0.0% |  -14.247 |   -22148.4 |   1857 | row56/_630_/D
     300* |       0 |      21 |        0 |      0 |   155 |    +0.0% |  -14.247 |   -22148.4 |   1857 | row56/_630_/D
     308* |       0 |      22 |        0 |      0 |   159 |    +0.0% |  -14.247 |   -22147.6 |   1857 | row56/_630_/D
     310* |       0 |      22 |        0 |      0 |   160 |    +0.0% |  -14.247 |   -22147.6 |   1857 | row56/_630_/D
     318* |       0 |      23 |        0 |      0 |   164 |    +0.0% |  -14.247 |   -22146.8 |   1857 | row56/_630_/D
     320* |       0 |      23 |        0 |      0 |   165 |    +0.0% |  -14.247 |   -22146.8 |   1857 | row56/_630_/D
     328* |       0 |      24 |        0 |      0 |   169 |    +0.0% |  -14.247 |   -22145.9 |   1857 | row56/_630_/D
     330* |       0 |      24 |        0 |      0 |   170 |    +0.0% |  -14.247 |   -22146.0 |   1857 | row56/_630_/D
     338* |       0 |      25 |        0 |      0 |   174 |    +0.0% |  -14.247 |   -22145.1 |   1857 | row56/_630_/D
     340* |       0 |      25 |        0 |      0 |   175 |    +0.0% |  -14.247 |   -22145.2 |   1857 | row56/_630_/D
     348* |       0 |      26 |        0 |      0 |   179 |    +0.0% |  -14.247 |   -22144.3 |   1857 | row56/_630_/D
     350* |       0 |      26 |        0 |      0 |   180 |    +0.0% |  -14.247 |   -22144.3 |   1857 | row56/_630_/D
     358* |       0 |      27 |        0 |      0 |   184 |    +0.0% |  -14.247 |   -22143.5 |   1857 | row56/_630_/D
     360* |       0 |      27 |        0 |      0 |   185 |    +0.0% |  -14.247 |   -22143.5 |   1857 | row56/_630_/D
     368* |       0 |      28 |        0 |      0 |   189 |    +0.0% |  -14.247 |   -22142.7 |   1857 | row56/_630_/D
     370* |       0 |      28 |        0 |      0 |   190 |    +0.0% |  -14.247 |   -22142.7 |   1857 | row56/_630_/D
     378* |       0 |      29 |        0 |      0 |   194 |    +0.0% |  -14.247 |   -22141.9 |   1857 | row56/_630_/D
     380* |       0 |      29 |        0 |      0 |   195 |    +0.0% |  -14.247 |   -22141.9 |   1857 | row56/_630_/D
     388* |       0 |      30 |        0 |      0 |   199 |    +0.0% |  -14.247 |   -22141.1 |   1857 | row56/_630_/D
     390* |       0 |      30 |        0 |      0 |   200 |    +0.0% |  -14.247 |   -22141.1 |   1857 | row56/_630_/D
     398* |       0 |      31 |        0 |      0 |   204 |    +0.0% |  -14.247 |   -22140.3 |   1857 | row56/_630_/D
     400* |       0 |      31 |        0 |      0 |   205 |    +0.0% |  -14.247 |   -22140.3 |   1857 | row56/_630_/D
     408* |       0 |      32 |        0 |      0 |   209 |    +0.0% |  -14.247 |   -22139.5 |   1857 | row56/_630_/D
     410* |       0 |      32 |        0 |      0 |   210 |    +0.0% |  -14.247 |   -22139.5 |   1857 | row56/_630_/D
     418* |       0 |      33 |        0 |      0 |   214 |    +0.0% |  -14.247 |   -22138.7 |   1857 | row56/_630_/D
     420* |       0 |      33 |        0 |      0 |   215 |    +0.0% |  -14.247 |   -22138.7 |   1857 | row56/_630_/D
     428* |       0 |      34 |        0 |      0 |   219 |    +0.0% |  -14.247 |   -22137.9 |   1857 | row56/_630_/D
     430* |       0 |      34 |        0 |      0 |   220 |    +0.0% |  -14.247 |   -22137.9 |   1857 | row56/_630_/D
     438* |       0 |      35 |        0 |      0 |   224 |    +0.0% |  -14.247 |   -22137.1 |   1857 | row56/_630_/D
     440* |       0 |      35 |        0 |      0 |   225 |    +0.0% |  -14.247 |   -22137.1 |   1857 | row56/_630_/D
     448* |       0 |      36 |        0 |      0 |   229 |    +0.0% |  -14.247 |   -22136.3 |   1857 | row56/_630_/D
     450* |       0 |      36 |        0 |      0 |   230 |    +0.0% |  -14.247 |   -22136.3 |   1857 | row56/_630_/D
     458* |       0 |      37 |        0 |      0 |   234 |    +0.0% |  -14.247 |   -22135.5 |   1857 | row56/_630_/D
     460* |       0 |      37 |        0 |      0 |   235 |    +0.0% |  -14.247 |   -22135.5 |   1857 | row56/_630_/D
     468* |       0 |      38 |        0 |      0 |   239 |    +0.0% |  -14.247 |   -22134.7 |   1857 | row56/_630_/D
     470* |       0 |      38 |        0 |      0 |   240 |    +0.0% |  -14.247 |   -22134.7 |   1857 | row56/_630_/D
     478* |       0 |      39 |        0 |      0 |   244 |    +0.0% |  -14.247 |   -22133.9 |   1857 | row56/_630_/D
     480* |       0 |      39 |        0 |      0 |   245 |    +0.0% |  -14.247 |   -22133.9 |   1857 | row56/_630_/D
     488* |       0 |      40 |        0 |      0 |   249 |    +0.0% |  -14.247 |   -22133.1 |   1857 | row56/_630_/D
     490* |       0 |      40 |        0 |      0 |   250 |    +0.0% |  -14.247 |   -22133.1 |   1857 | row56/_630_/D
     498* |       0 |      41 |        0 |      0 |   254 |    +0.0% |  -14.247 |   -22132.3 |   1857 | row56/_630_/D
     500* |       0 |      41 |        0 |      0 |   255 |    +0.0% |  -14.247 |   -22132.3 |   1857 | row56/_630_/D
     508* |       0 |      42 |        0 |      0 |   259 |    +0.0% |  -14.247 |   -22131.5 |   1857 | row56/_630_/D
     510* |       0 |      42 |        0 |      0 |   260 |    +0.0% |  -14.247 |   -22131.5 |   1857 | row56/_630_/D
     518* |       0 |      43 |        0 |      0 |   264 |    +0.0% |  -14.247 |   -22130.7 |   1857 | row56/_630_/D
     520* |       0 |      43 |        0 |      0 |   265 |    +0.0% |  -14.247 |   -22130.7 |   1857 | row56/_630_/D
     528* |       0 |      44 |        0 |      0 |   269 |    +0.0% |  -14.247 |   -22129.9 |   1857 | row56/_630_/D
     530* |       0 |      44 |        0 |      0 |   270 |    +0.0% |  -14.247 |   -22129.9 |   1857 | row56/_630_/D
     538* |       0 |      45 |        0 |      0 |   274 |    +0.0% |  -14.247 |   -22129.1 |   1857 | row56/_630_/D
     540* |       0 |      45 |        0 |      0 |   275 |    +0.0% |  -14.247 |   -22129.1 |   1857 | row56/_630_/D
     548* |       0 |      46 |        0 |      0 |   279 |    +0.0% |  -14.247 |   -22128.3 |   1857 | row56/_630_/D
     550* |       0 |      46 |        0 |      0 |   280 |    +0.0% |  -14.247 |   -22128.3 |   1857 | row56/_630_/D
     558* |       0 |      47 |        0 |      0 |   284 |    +0.0% |  -14.247 |   -22127.5 |   1857 | row56/_630_/D
     560* |       0 |      47 |        0 |      0 |   285 |    +0.0% |  -14.247 |   -22127.5 |   1857 | row56/_630_/D
     568* |       0 |      48 |        0 |      0 |   289 |    +0.0% |  -14.247 |   -22126.7 |   1857 | row56/_630_/D
     570* |       0 |      48 |        0 |      0 |   290 |    +0.0% |  -14.247 |   -22126.7 |   1857 | row56/_630_/D
     578* |       0 |      49 |        0 |      0 |   294 |    +0.0% |  -14.247 |   -22125.9 |   1857 | row56/_630_/D
     580* |       0 |      49 |        0 |      0 |   295 |    +0.0% |  -14.247 |   -22125.9 |   1857 | row56/_630_/D
     588* |       0 |      50 |        0 |      0 |   299 |    +0.0% |  -14.247 |   -22125.1 |   1857 | row56/_630_/D
     590* |       0 |      50 |        0 |      0 |   300 |    +0.0% |  -14.247 |   -22125.1 |   1857 | row56/_630_/D
     598* |       0 |      51 |        0 |      0 |   304 |    +0.0% |  -14.247 |   -22124.3 |   1857 | row56/_630_/D
     600* |       0 |      51 |        0 |      0 |   305 |    +0.0% |  -14.247 |   -22124.3 |   1857 | row56/_630_/D
     608* |       0 |      52 |        0 |      0 |   309 |    +0.0% |  -14.247 |   -22123.5 |   1857 | row56/_630_/D
     610* |       0 |      52 |        0 |      0 |   310 |    +0.0% |  -14.247 |   -22123.5 |   1857 | row56/_630_/D
     618* |       0 |      53 |        0 |      0 |   314 |    +0.0% |  -14.247 |   -22122.7 |   1857 | row56/_630_/D
     620* |       0 |      53 |        0 |      0 |   315 |    +0.0% |  -14.247 |   -22122.7 |   1857 | row56/_630_/D
     628* |       0 |      54 |        0 |      0 |   319 |    +0.0% |  -14.247 |   -22121.9 |   1857 | row56/_630_/D
     630* |       0 |      54 |        0 |      0 |   320 |    +0.0% |  -14.247 |   -22121.9 |   1857 | row56/_630_/D
     638* |       0 |      55 |        0 |      0 |   324 |    +0.0% |  -14.247 |   -22121.1 |   1857 | row57/_630_/D
     640* |       0 |      55 |        0 |      0 |   325 |    +0.0% |  -14.247 |   -22121.1 |   1857 | row57/_630_/D
     648* |       0 |      56 |        0 |      0 |   329 |    +0.0% |  -14.247 |   -22120.3 |   1857 | row58/_630_/D
     650* |       0 |      56 |        0 |      0 |   330 |    +0.0% |  -14.247 |   -22120.3 |   1857 | row58/_630_/D
     658* |       0 |      57 |        0 |      0 |   334 |    +0.0% |  -14.247 |   -22119.5 |   1857 | row59/_630_/D
     660* |       0 |      57 |        0 |      0 |   335 |    +0.0% |  -14.247 |   -22119.5 |   1857 | row59/_630_/D
     668* |       0 |      58 |        0 |      0 |   339 |    +0.0% |  -14.247 |   -22118.7 |   1857 | row6/_630_/D
     670* |       0 |      58 |        0 |      0 |   340 |    +0.0% |  -14.247 |   -22118.7 |   1857 | row6/_630_/D
     678* |       0 |      59 |        0 |      0 |   344 |    +0.0% |  -14.247 |   -22117.9 |   1857 | row60/_630_/D
     680* |       0 |      59 |        0 |      0 |   345 |    +0.0% |  -14.247 |   -22117.9 |   1857 | row60/_630_/D
     688* |       0 |      60 |        0 |      0 |   349 |    +0.0% |  -14.247 |   -22117.1 |   1857 | row61/_630_/D
     690* |       0 |      60 |        0 |      0 |   350 |    +0.0% |  -14.247 |   -22117.1 |   1857 | row61/_630_/D
     698* |       0 |      61 |        0 |      0 |   354 |    +0.0% |  -14.247 |   -22116.3 |   1857 | row62/_630_/D
     700* |       0 |      61 |        0 |      0 |   355 |    +0.0% |  -14.247 |   -22116.3 |   1857 | row62/_630_/D
     708* |       0 |      62 |        0 |      0 |   359 |    +0.0% |  -14.247 |   -22115.5 |   1857 | row63/_630_/D
     710* |       0 |      62 |        0 |      0 |   360 |    +0.0% |  -14.247 |   -22115.5 |   1857 | row63/_630_/D
     718* |       0 |      63 |        0 |      0 |   364 |    +0.0% |  -14.247 |   -22114.7 |   1857 | row7/_630_/D
     720* |       0 |      63 |        0 |      0 |   365 |    +0.0% |  -14.247 |   -22114.7 |   1857 | row7/_630_/D
     728* |       0 |      64 |        0 |      0 |   369 |    +0.0% |  -14.247 |   -22113.9 |   1857 | row8/_630_/D
     730* |       0 |      64 |        0 |      0 |   370 |    +0.0% |  -14.247 |   -22113.9 |   1857 | row8/_630_/D
     738* |       0 |      65 |        0 |      0 |   374 |    +0.0% |  -14.247 |   -22113.1 |   1857 | row9/_630_/D
     740* |       0 |      65 |        0 |      0 |   375 |    +0.0% |  -14.247 |   -22113.1 |   1857 | row9/_630_/D
     748* |       0 |      66 |        0 |      0 |   379 |    +0.0% |  -14.191 |   -22112.3 |   1857 | row0/_630_/D
     750* |       0 |      67 |        0 |      0 |   379 |    +0.0% |  -14.207 |   -22112.2 |   1857 | row0/_630_/D
     760* |       0 |      69 |        0 |      0 |   387 |    +0.0% |  -14.187 |   -22112.2 |   1857 | row0/_630_/D
     760* |       0 |      68 |        0 |      0 |   383 |    +0.0% |  -14.167 |   -22111.9 |   1857 | row1/_630_/D
     766* |       0 |      70 |        0 |      0 |   383 |    +0.0% |  -14.167 |   -22111.7 |   1857 | row10/_630_/D
     770* |       0 |      73 |        0 |      0 |   383 |    +0.0% |  -14.169 |   -22111.5 |   1857 | row10/_630_/D
     772* |       0 |      72 |        0 |      0 |   383 |    +0.0% |  -14.167 |   -22111.5 |   1857 | row11/_630_/D
     778* |       0 |      74 |        0 |      0 |   383 |    +0.0% |  -14.167 |   -22111.3 |   1857 | row12/_630_/D
     780* |       0 |      75 |        0 |      0 |   383 |    +0.0% |  -14.183 |   -22111.2 |   1857 | row12/_630_/D
     784* |       0 |      76 |        0 |      0 |   383 |    +0.0% |  -14.167 |   -22111.0 |   1857 | row13/_630_/D
     790* |       0 |      79 |        0 |      0 |   385 |    +0.0% |  -14.171 |   -22111.0 |   1857 | row13/_630_/D
     790* |       0 |      78 |        0 |      0 |   383 |    +0.0% |  -14.167 |   -22110.8 |   1857 | row14/_630_/D
     796* |       0 |      80 |        0 |      0 |   383 |    +0.0% |  -14.167 |   -22110.6 |   1857 | row15/_630_/D
     800* |       0 |      83 |        0 |      0 |   383 |    +0.0% |  -14.169 |   -22110.4 |   1857 | row15/_630_/D
     802* |       0 |      82 |        0 |      0 |   383 |    +0.0% |  -14.167 |   -22110.4 |   1857 | row16/_630_/D
     808* |       0 |      84 |        0 |      0 |   383 |    +0.0% |  -14.167 |   -22110.2 |   1857 | row17/_630_/D
     810* |       0 |      85 |        0 |      0 |   383 |    +0.0% |  -14.183 |   -22110.1 |   1857 | row17/_630_/D
     814* |       0 |      86 |        0 |      0 |   383 |    +0.0% |  -14.167 |   -22110.0 |   1857 | row18/_630_/D
     820* |       0 |      89 |        0 |      0 |   385 |    +0.0% |  -14.171 |   -22109.9 |   1857 | row18/_630_/D
     820* |       0 |      88 |        0 |      0 |   383 |    +0.0% |  -14.167 |   -22109.7 |   1857 | row19/_630_/D
     826* |       0 |      90 |        0 |      0 |   383 |    +0.0% |  -14.167 |   -22109.5 |   1857 | row2/_630_/D
     830* |       0 |      93 |        0 |      0 |   383 |    +0.0% |  -14.169 |   -22109.3 |   1857 | row2/_630_/D
     832* |       0 |      92 |        0 |      0 |   383 |    +0.0% |  -14.167 |   -22109.3 |   1857 | row20/_630_/D
     838* |       0 |      94 |        0 |      0 |   383 |    +0.0% |  -14.167 |   -22109.1 |   1857 | row21/_630_/D
     840* |       0 |      95 |        0 |      0 |   383 |    +0.0% |  -14.183 |   -22109.0 |   1857 | row21/_630_/D
     844* |       0 |      96 |        0 |      0 |   383 |    +0.0% |  -14.167 |   -22108.9 |   1857 | row22/_630_/D
     850* |       0 |      99 |        0 |      0 |   385 |    +0.1% |  -14.171 |   -22108.8 |   1857 | row22/_630_/D
     850* |       0 |      98 |        0 |      0 |   383 |    +0.1% |  -14.167 |   -22108.7 |   1857 | row23/_630_/D
     856* |       0 |     100 |        0 |      0 |   383 |    +0.1% |  -14.167 |   -22108.4 |   1857 | row24/_630_/D
     860* |       0 |     103 |        0 |      0 |   383 |    +0.1% |  -14.169 |   -22108.3 |   1857 | row24/_630_/D
     862* |       0 |     102 |        0 |      0 |   383 |    +0.1% |  -14.167 |   -22108.2 |   1857 | row25/_630_/D
     868* |       0 |     104 |        0 |      0 |   383 |    +0.1% |  -14.167 |   -22108.0 |   1857 | row26/_630_/D
     870* |       0 |     105 |        0 |      0 |   383 |    +0.1% |  -14.183 |   -22107.9 |   1857 | row26/_630_/D
     874* |       0 |     106 |        0 |      0 |   383 |    +0.1% |  -14.167 |   -22107.8 |   1857 | row27/_630_/D
     880* |       0 |     109 |        0 |      0 |   385 |    +0.1% |  -14.171 |   -22107.7 |   1857 | row27/_630_/D
     880* |       0 |     108 |        0 |      0 |   383 |    +0.1% |  -14.167 |   -22107.6 |   1857 | row28/_630_/D
     886* |       0 |     110 |        0 |      0 |   383 |    +0.1% |  -14.167 |   -22107.4 |   1857 | row29/_630_/D
     890* |       0 |     113 |        0 |      0 |   383 |    +0.1% |  -14.169 |   -22107.2 |   1857 | row29/_630_/D
     892* |       0 |     112 |        0 |      0 |   383 |    +0.1% |  -14.167 |   -22107.1 |   1857 | row3/_630_/D
     898* |       0 |     114 |        0 |      0 |   383 |    +0.1% |  -14.167 |   -22106.9 |   1857 | row30/_630_/D
     900* |       0 |     115 |        0 |      0 |   383 |    +0.1% |  -14.183 |   -22106.8 |   1857 | row30/_630_/D
     904* |       0 |     116 |        0 |      0 |   383 |    +0.1% |  -14.167 |   -22106.7 |   1857 | row31/_630_/D
     910* |       0 |     119 |        0 |      0 |   385 |    +0.1% |  -14.171 |   -22106.6 |   1857 | row31/_630_/D
     910* |       0 |     118 |        0 |      0 |   383 |    +0.1% |  -14.167 |   -22106.5 |   1857 | row32/_630_/D
     916* |       0 |     120 |        0 |      0 |   383 |    +0.1% |  -14.167 |   -22106.3 |   1857 | row33/_630_/D
     920* |       0 |     123 |        0 |      0 |   383 |    +0.1% |  -14.169 |   -22106.1 |   1857 | row33/_630_/D
     922* |       0 |     122 |        0 |      0 |   383 |    +0.1% |  -14.167 |   -22106.0 |   1857 | row34/_630_/D
     928* |       0 |     124 |        0 |      0 |   383 |    +0.1% |  -14.167 |   -22105.8 |   1857 | row35/_630_/D
     930* |       0 |     125 |        0 |      0 |   383 |    +0.1% |  -14.183 |   -22105.7 |   1857 | row35/_630_/D
     934* |       0 |     126 |        0 |      0 |   383 |    +0.1% |  -14.167 |   -22105.6 |   1857 | row36/_630_/D
     940* |       0 |     129 |        0 |      0 |   385 |    +0.1% |  -14.171 |   -22105.5 |   1857 | row36/_630_/D
     940* |       0 |     128 |        0 |      0 |   383 |    +0.1% |  -14.167 |   -22105.4 |   1857 | row37/_630_/D
     946* |       0 |     130 |        0 |      0 |   383 |    +0.1% |  -14.167 |   -22105.2 |   1857 | row38/_630_/D
     950* |       0 |     133 |        0 |      0 |   383 |    +0.1% |  -14.169 |   -22105.0 |   1857 | row38/_630_/D
     952* |       0 |     132 |        0 |      0 |   383 |    +0.1% |  -14.167 |   -22105.0 |   1857 | row39/_630_/D
     958* |       0 |     134 |        0 |      0 |   383 |    +0.1% |  -14.167 |   -22104.7 |   1857 | row4/_630_/D
     960* |       0 |     135 |        0 |      0 |   383 |    +0.1% |  -14.183 |   -22104.7 |   1857 | row4/_630_/D
     964* |       0 |     136 |        0 |      0 |   383 |    +0.1% |  -14.167 |   -22104.5 |   1857 | row40/_630_/D
     970* |       0 |     139 |        0 |      0 |   385 |    +0.1% |  -14.171 |   -22104.5 |   1857 | row40/_630_/D
     970* |       0 |     138 |        0 |      0 |   383 |    +0.1% |  -14.167 |   -22104.3 |   1857 | row41/_630_/D
     976* |       0 |     140 |        0 |      0 |   383 |    +0.1% |  -14.167 |   -22104.1 |   1857 | row42/_630_/D
     980* |       0 |     143 |        0 |      0 |   383 |    +0.1% |  -14.169 |   -22103.9 |   1857 | row42/_630_/D
     982* |       0 |     142 |        0 |      0 |   383 |    +0.1% |  -14.167 |   -22103.9 |   1857 | row43/_630_/D
     988* |       0 |     144 |        0 |      0 |   383 |    +0.1% |  -14.167 |   -22103.7 |   1857 | row44/_630_/D
     990* |       0 |     145 |        0 |      0 |   383 |    +0.1% |  -14.183 |   -22103.6 |   1857 | row44/_630_/D
     994* |       0 |     146 |        0 |      0 |   383 |    +0.1% |  -14.167 |   -22103.4 |   1857 | row45/_630_/D
    1000* |       0 |     149 |        0 |      0 |   385 |    +0.1% |  -14.171 |   -22103.4 |   1857 | row45/_630_/D
    1000* |       0 |     148 |        0 |      0 |   383 |    +0.1% |  -14.167 |   -22103.2 |   1857 | row46/_630_/D
    1006* |       0 |     150 |        0 |      0 |   383 |    +0.1% |  -14.167 |   -22103.0 |   1857 | row47/_630_/D
    1010* |       0 |     153 |        0 |      0 |   383 |    +0.1% |  -14.169 |   -22102.8 |   1857 | row47/_630_/D
    1012* |       0 |     152 |        0 |      0 |   383 |    +0.1% |  -14.167 |   -22102.8 |   1857 | row48/_630_/D
    1018* |       0 |     154 |        0 |      0 |   383 |    +0.1% |  -14.167 |   -22102.6 |   1857 | row49/_630_/D
    1020* |       0 |     155 |        0 |      0 |   383 |    +0.1% |  -14.183 |   -22102.5 |   1857 | row49/_630_/D
    1024* |       0 |     156 |        0 |      0 |   383 |    +0.1% |  -14.167 |   -22102.4 |   1857 | row5/_630_/D
    1030* |       0 |     159 |        0 |      0 |   385 |    +0.2% |  -14.171 |   -22102.3 |   1857 | row5/_630_/D
    1030* |       0 |     158 |        0 |      0 |   383 |    +0.1% |  -14.167 |   -22102.1 |   1857 | row50/_630_/D
    1036* |       0 |     160 |        0 |      0 |   383 |    +0.2% |  -14.167 |   -22101.9 |   1857 | row51/_630_/D
    1040* |       0 |     163 |        0 |      0 |   383 |    +0.2% |  -14.169 |   -22101.7 |   1857 | row51/_630_/D
    1042* |       0 |     162 |        0 |      0 |   383 |    +0.2% |  -14.167 |   -22101.7 |   1857 | row52/_630_/D
    1048* |       0 |     164 |        0 |      0 |   383 |    +0.2% |  -14.167 |   -22101.5 |   1857 | row53/_630_/D
    1050* |       0 |     165 |        0 |      0 |   383 |    +0.2% |  -14.183 |   -22101.4 |   1857 | row53/_630_/D
    1054* |       0 |     166 |        0 |      0 |   383 |    +0.2% |  -14.167 |   -22101.3 |   1857 | row54/_630_/D
    1060* |       0 |     169 |        0 |      0 |   385 |    +0.2% |  -14.171 |   -22101.2 |   1857 | row54/_630_/D
    1060* |       0 |     168 |        0 |      0 |   383 |    +0.2% |  -14.167 |   -22101.1 |   1857 | row55/_630_/D
    1066* |       0 |     170 |        0 |      0 |   383 |    +0.2% |  -14.167 |   -22100.8 |   1857 | row56/_630_/D
    1070* |       0 |     173 |        0 |      0 |   383 |    +0.2% |  -14.169 |   -22100.7 |   1857 | row56/_630_/D
    1072* |       0 |     172 |        0 |      0 |   383 |    +0.2% |  -14.167 |   -22100.6 |   1857 | row57/_630_/D
    1078* |       0 |     174 |        0 |      0 |   383 |    +0.2% |  -14.167 |   -22100.4 |   1857 | row58/_630_/D
    1080* |       0 |     175 |        0 |      0 |   383 |    +0.2% |  -14.183 |   -22100.3 |   1857 | row58/_630_/D
    1084* |       0 |     176 |        0 |      0 |   383 |    +0.2% |  -14.167 |   -22100.2 |   1857 | row59/_630_/D
    1090* |       0 |     179 |        0 |      0 |   385 |    +0.2% |  -14.171 |   -22100.1 |   1857 | row59/_630_/D
    1090* |       0 |     178 |        0 |      0 |   383 |    +0.2% |  -14.167 |   -22100.0 |   1857 | row6/_630_/D
    1096* |       0 |     180 |        0 |      0 |   383 |    +0.2% |  -14.167 |   -22099.7 |   1857 | row60/_630_/D
    1100* |       0 |     183 |        0 |      0 |   383 |    +0.2% |  -14.169 |   -22099.6 |   1857 | row60/_630_/D
    1100* |       0 |     182 |        0 |      0 |   383 |    +0.2% |  -14.167 |   -22099.5 |   1857 | row61/_630_/D
    1106* |       0 |     184 |        0 |      0 |   383 |    +0.2% |  -14.167 |   -22099.3 |   1857 | row62/_630_/D
    1110* |       0 |     187 |        0 |      0 |   383 |    +0.2% |  -14.169 |   -22099.1 |   1857 | row62/_630_/D
    1112* |       0 |     186 |        0 |      0 |   383 |    +0.2% |  -14.167 |   -22099.1 |   1857 | row63/_630_/D
    1118* |       0 |     188 |        0 |      0 |   383 |    +0.2% |  -14.167 |   -22098.9 |   1857 | row7/_630_/D
    1120* |       0 |     189 |        0 |      0 |   383 |    +0.2% |  -14.183 |   -22098.8 |   1857 | row7/_630_/D
    1124* |       0 |     190 |        0 |      0 |   383 |    +0.2% |  -14.167 |   -22098.7 |   1857 | row8/_630_/D
    1130* |       0 |     193 |        0 |      0 |   385 |    +0.2% |  -14.171 |   -22098.6 |   1857 | row8/_630_/D
    1130* |       0 |     192 |        0 |      0 |   383 |    +0.2% |  -14.167 |   -22098.4 |   1857 | row9/_630_/D
    1136* |       0 |     194 |        0 |      0 |   383 |    +0.2% |  -14.150 |   -22098.2 |   1857 | row0/_630_/D
    1140* |       0 |     196 |        0 |      0 |   384 |    +0.2% |  -14.150 |   -22098.2 |   1857 | row1/_630_/D
    1141* |       0 |     196 |        0 |      0 |   384 |    +0.2% |  -14.150 |   -22098.2 |   1857 | row1/_630_/D
    1146* |       0 |     198 |        0 |      0 |   385 |    +0.2% |  -14.150 |   -22098.3 |   1857 | row10/_630_/D
    1150* |       0 |     200 |        0 |      0 |   386 |    +0.2% |  -14.150 |   -22098.3 |   1857 | row11/_630_/D
    1151* |       0 |     200 |        0 |      0 |   386 |    +0.2% |  -14.150 |   -22098.3 |   1857 | row11/_630_/D
    1156* |       0 |     202 |        0 |      0 |   387 |    +0.2% |  -14.150 |   -22098.3 |   1857 | row12/_630_/D
    1160* |       0 |     204 |        0 |      0 |   388 |    +0.2% |  -14.150 |   -22098.3 |   1857 | row13/_630_/D
    1161* |       0 |     204 |        0 |      0 |   388 |    +0.2% |  -14.150 |   -22098.3 |   1857 | row13/_630_/D
    1166* |       0 |     206 |        0 |      0 |   389 |    +0.2% |  -14.150 |   -22098.3 |   1857 | row14/_630_/D
    1170* |       0 |     208 |        0 |      0 |   390 |    +0.2% |  -14.150 |   -22098.3 |   1857 | row15/_630_/D
    1171* |       0 |     208 |        0 |      0 |   390 |    +0.2% |  -14.150 |   -22098.3 |   1857 | row15/_630_/D
    1176* |       0 |     210 |        0 |      0 |   391 |    +0.2% |  -14.150 |   -22098.3 |   1857 | row16/_630_/D
    1180* |       0 |     212 |        0 |      0 |   392 |    +0.3% |  -14.150 |   -22098.3 |   1857 | row17/_630_/D
    1181* |       0 |     212 |        0 |      0 |   392 |    +0.3% |  -14.150 |   -22098.3 |   1857 | row17/_630_/D
    1186* |       0 |     214 |        0 |      0 |   393 |    +0.3% |  -14.150 |   -22098.4 |   1857 | row18/_630_/D
    1190* |       0 |     216 |        0 |      0 |   394 |    +0.3% |  -14.150 |   -22098.4 |   1857 | row19/_630_/D
    1191* |       0 |     216 |        0 |      0 |   394 |    +0.3% |  -14.150 |   -22098.4 |   1857 | row19/_630_/D
    1196* |       0 |     218 |        0 |      0 |   395 |    +0.3% |  -14.150 |   -22098.4 |   1857 | row2/_630_/D
    1200* |       0 |     220 |        0 |      0 |   396 |    +0.3% |  -14.150 |   -22098.4 |   1857 | row20/_630_/D
    1200* |       0 |     220 |        0 |      0 |   396 |    +0.3% |  -14.150 |   -22098.4 |   1857 | row20/_630_/D
    1200* |       0 |     220 |        0 |      0 |   396 |    +0.3% |  -14.150 |   -22098.4 |   1857 | row20/_630_/D
    final |       0 |     220 |        0 |      0 |   396 |    +0.3% |  -14.150 |   -22098.4 |   1857 | row20/_630_/D
------------------------------------------------------------------------------------------------------------------------------
[INFO RSZ-0051] Resized 220 instances: 220 up, 0 up match, 0 down, 0 VT
[INFO RSZ-0043] Swapped pins on 396 instances.
[WARNING RSZ-0062] Unable to repair all setup violations.
[INFO RSZ-0505] Runtime: 48.35s
Took 48 seconds: repair_timing -setup_margin 0 -hold_margin 0 -repair_tns 100 -match_cell_footprint -setup -skip_last_gasp -sequence unbuffer,sizeup,swap,vt_swap -verbose
Default units for flow
 time 1ns
 capacitance 1pF
 resistance 1kohm
 voltage 1v
 current 1mA
 power 1nW
 distance 1um
   Layer   | Unit Resistance | Unit Capacitance 
           |       (kohm/um) |          (pF/um)
------------------------------------------------
       li1 |        7.18e-02 |         1.50e-04
      met1 |        1.21e-03 |         1.72e-04
      met2 |        1.22e-03 |         1.36e-04
      met3 |        1.66e-04 |         2.15e-04
      met4 |        1.68e-04 |         1.48e-04
      met5 |        1.84e-05 |         1.54e-04
------------------------------------------------

   Layer   | Via Resistance 
           |         (kohm) 
----------------------------
      mcon |       9.25e-03 
       via |       4.50e-03 
      via2 |       3.37e-03 
      via3 |       3.77e-04 
      via4 |       5.80e-06 
----------------------------
Report metrics stage 2, floorplan final...

==========================================================================
floorplan final report_design_area
--------------------------------------------------------------------------
Design area 274662 um^2 45% utilization.
write_db /work/orfs/results/sky130hd/g2_pc2_u45/base/2_1_floorplan.odb
write_sdc -no_timestamp /work/orfs/results/sky130hd/g2_pc2_u45/base/2_1_floorplan.sdc
Elapsed time: 0:51.97[h:]min:sec. CPU time: user 36.52 sys 1.03 (72%). Peak memory: 229028KB.
Log                       Ext     Elapsed/s Peak Memory/MB sha1sum result [0:20)
2_1_floorplan             .odb           51            223 d713f9db616e711c512e
2_1_floorplan             .sdc                             3cafb83be852b96459ae
/OpenROAD-flow-scripts/flow/scripts/flow.sh 2_2_floorplan_macro macro_place
Running macro_place.tcl, stage 2_2_floorplan_macro
read_liberty /OpenROAD-flow-scripts/flow/platforms/sky130hd/lib/sky130_fd_sc_hd__tt_025C_1v80.lib
read_liberty /work/cells/g2_cells.lib
read_db /work/orfs/results/sky130hd/g2_pc2_u45/base/2_1_floorplan.odb
read_sdc /work/orfs/results/sky130hd/g2_pc2_u45/base/2_1_floorplan.sdc
source /OpenROAD-flow-scripts/flow/platforms/sky130hd/setRC.tcl
No macros found: Skipping macro_placement
Design area 274662 um^2 45% utilization.
write_db /work/orfs/results/sky130hd/g2_pc2_u45/base/2_2_floorplan_macro.odb
Elapsed time: 0:00.89[h:]min:sec. CPU time: user 0.60 sys 0.08 (77%). Peak memory: 142244KB.
Log                       Ext     Elapsed/s Peak Memory/MB sha1sum result [0:20)
2_2_floorplan_macro       .odb            0            138 d713f9db616e711c512e
/OpenROAD-flow-scripts/flow/scripts/flow.sh 2_3_floorplan_tapcell tapcell
Running tapcell.tcl, stage 2_3_floorplan_tapcell
read_liberty /OpenROAD-flow-scripts/flow/platforms/sky130hd/lib/sky130_fd_sc_hd__tt_025C_1v80.lib
read_liberty /work/cells/g2_cells.lib
read_db /work/orfs/results/sky130hd/g2_pc2_u45/base/2_2_floorplan_macro.odb
read_sdc /work/orfs/results/sky130hd/g2_pc2_u45/base/2_1_floorplan.sdc
source /OpenROAD-flow-scripts/flow/platforms/sky130hd/setRC.tcl
[INFO TAP-0005] Inserted 8064 tapcells.
Design area 284752 um^2 47% utilization.
write_db /work/orfs/results/sky130hd/g2_pc2_u45/base/2_3_floorplan_tapcell.odb
Elapsed time: 0:01.08[h:]min:sec. CPU time: user 0.53 sys 0.09 (57%). Peak memory: 142384KB.
Log                       Ext     Elapsed/s Peak Memory/MB sha1sum result [0:20)
2_3_floorplan_tapcell     .odb            1            139 ae3b1971b46f5421e175
/OpenROAD-flow-scripts/flow/scripts/flow.sh 2_4_floorplan_pdn pdn
Running pdn.tcl, stage 2_4_floorplan_pdn
read_liberty /OpenROAD-flow-scripts/flow/platforms/sky130hd/lib/sky130_fd_sc_hd__tt_025C_1v80.lib
read_liberty /work/cells/g2_cells.lib
read_db /work/orfs/results/sky130hd/g2_pc2_u45/base/2_3_floorplan_tapcell.odb
read_sdc /work/orfs/results/sky130hd/g2_pc2_u45/base/2_1_floorplan.sdc
source /OpenROAD-flow-scripts/flow/platforms/sky130hd/setRC.tcl
[WARNING ODB-0383] cst_0_0 is marked do not touch and will be skipped in global connections.
[WARNING ODB-0383] cst_0_1 is marked do not touch and will be skipped in global connections.
[WARNING ODB-0383] cst_0_2 is marked do not touch and will be skipped in global connections.
[WARNING ODB-0383] cst_0_3 is marked do not touch and will be skipped in global connections.
[WARNING ODB-0383] cst_0_4 is marked do not touch and will be skipped in global connections.
[WARNING ODB-0383] cst_0_5 is marked do not touch and will be skipped in global connections.
[WARNING ODB-0383] cst_0_6 is marked do not touch and will be skipped in global connections.
[WARNING ODB-0383] cst_10_0 is marked do not touch and will be skipped in global connections.
[WARNING ODB-0383] cst_10_1 is marked do not touch and will be skipped in global connections.
[WARNING ODB-0383] cst_10_2 is marked do not touch and will be skipped in global connections.
[WARNING ODB-0383] cst_10_3 is marked do not touch and will be skipped in global connections.
[WARNING ODB-0383] cst_10_4 is marked do not touch and will be skipped in global connections.
[WARNING ODB-0383] cst_10_5 is marked do not touch and will be skipped in global connections.
[WARNING ODB-0383] cst_10_6 is marked do not touch and will be skipped in global connections.
[WARNING ODB-0383] cst_11_0 is marked do not touch and will be skipped in global connections.
[WARNING ODB-0383] cst_11_1 is marked do not touch and will be skipped in global connections.
[WARNING ODB-0383] cst_11_2 is marked do not touch and will be skipped in global connections.
[WARNING ODB-0383] cst_11_3 is marked do not touch and will be skipped in global connections.
[WARNING ODB-0383] cst_11_4 is marked do not touch and will be skipped in global connections.
[WARNING ODB-0383] cst_11_5 is marked do not touch and will be skipped in global connections.
[WARNING ODB-0383] cst_11_6 is marked do not touch and will be skipped in global connections.
[WARNING ODB-0383] cst_12_0 is marked do not touch and will be skipped in global connections.
[WARNING ODB-0383] cst_12_1 is marked do not touch and will be skipped in global connections.
[WARNING ODB-0383] cst_12_2 is marked do not touch and will be skipped in global connections.
[WARNING ODB-0383] cst_12_3 is marked do not touch and will be skipped in global connections.
[WARNING ODB-0383] cst_12_4 is marked do not touch and will be skipped in global connections.
[WARNING ODB-0383] cst_12_5 is marked do not touch and will be skipped in global connections.
[WARNING ODB-0383] cst_12_6 is marked do not touch and will be skipped in global connections.
[WARNING ODB-0383] cst_13_0 is marked do not touch and will be skipped in global connections.
[WARNING ODB-0383] cst_13_1 is marked do not touch and will be skipped in global connections.
[WARNING ODB-0383] cst_13_2 is marked do not touch and will be skipped in global connections.
[WARNING ODB-0383] cst_13_3 is marked do not touch and will be skipped in global connections.
[WARNING ODB-0383] cst_13_4 is marked do not touch and will be skipped in global connections.
[WARNING ODB-0383] cst_13_5 is marked do not touch and will be skipped in global connections.
[WARNING ODB-0383] cst_13_6 is marked do not touch and will be skipped in global connections.
[WARNING ODB-0383] cst_14_0 is marked do not touch and will be skipped in global connections.
[WARNING ODB-0383] cst_14_1 is marked do not touch and will be skipped in global connections.
[WARNING ODB-0383] cst_14_2 is marked do not touch and will be skipped in global connections.
[WARNING ODB-0383] cst_14_3 is marked do not touch and will be skipped in global connections.
[WARNING ODB-0383] cst_14_4 is marked do not touch and will be skipped in global connections.
[WARNING ODB-0383] cst_14_5 is marked do not touch and will be skipped in global connections.
[WARNING ODB-0383] cst_14_6 is marked do not touch and will be skipped in global connections.
[WARNING ODB-0383] cst_15_0 is marked do not touch and will be skipped in global connections.
[WARNING ODB-0383] cst_15_1 is marked do not touch and will be skipped in global connections.
[WARNING ODB-0383] cst_15_2 is marked do not touch and will be skipped in global connections.
[WARNING ODB-0383] cst_15_3 is marked do not touch and will be skipped in global connections.
[WARNING ODB-0383] cst_15_4 is marked do not touch and will be skipped in global connections.
[WARNING ODB-0383] cst_15_5 is marked do not touch and will be skipped in global connections.
[WARNING ODB-0383] cst_15_6 is marked do not touch and will be skipped in global connections.
[WARNING ODB-0383] cst_16_0 is marked do not touch and will be skipped in global connections.
[WARNING ODB-0383] cst_16_1 is marked do not touch and will be skipped in global connections.
[WARNING ODB-0383] cst_16_2 is marked do not touch and will be skipped in global connections.
[WARNING ODB-0383] cst_16_3 is marked do not touch and will be skipped in global connections.
[WARNING ODB-0383] cst_16_4 is marked do not touch and will be skipped in global connections.
[WARNING ODB-0383] cst_16_5 is marked do not touch and will be skipped in global connections.
[WARNING ODB-0383] cst_16_6 is marked do not touch and will be skipped in global connections.
[WARNING ODB-0383] cst_17_0 is marked do not touch and will be skipped in global connections.
[WARNING ODB-0383] cst_17_1 is marked do not touch and will be skipped in global connections.
[WARNING ODB-0383] cst_17_2 is marked do not touch and will be skipped in global connections.
[WARNING ODB-0383] cst_17_3 is marked do not touch and will be skipped in global connections.
[WARNING ODB-0383] cst_17_4 is marked do not touch and will be skipped in global connections.
[WARNING ODB-0383] cst_17_5 is marked do not touch and will be skipped in global connections.
[WARNING ODB-0383] cst_17_6 is marked do not touch and will be skipped in global connections.
[WARNING ODB-0383] cst_18_0 is marked do not touch and will be skipped in global connections.
[WARNING ODB-0383] cst_18_1 is marked do not touch and will be skipped in global connections.
[WARNING ODB-0383] cst_18_2 is marked do not touch and will be skipped in global connections.
[WARNING ODB-0383] cst_18_3 is marked do not touch and will be skipped in global connections.
[WARNING ODB-0383] cst_18_4 is marked do not touch and will be skipped in global connections.
[WARNING ODB-0383] cst_18_5 is marked do not touch and will be skipped in global connections.
[WARNING ODB-0383] cst_18_6 is marked do not touch and will be skipped in global connections.
[WARNING ODB-0383] cst_19_0 is marked do not touch and will be skipped in global connections.
[WARNING ODB-0383] cst_19_1 is marked do not touch and will be skipped in global connections.
[WARNING ODB-0383] cst_19_2 is marked do not touch and will be skipped in global connections.
[WARNING ODB-0383] cst_19_3 is marked do not touch and will be skipped in global connections.
[WARNING ODB-0383] cst_19_4 is marked do not touch and will be skipped in global connections.
[WARNING ODB-0383] cst_19_5 is marked do not touch and will be skipped in global connections.
[WARNING ODB-0383] cst_19_6 is marked do not touch and will be skipped in global connections.
[WARNING ODB-0383] cst_1_0 is marked do not touch and will be skipped in global connections.
[WARNING ODB-0383] cst_1_1 is marked do not touch and will be skipped in global connections.
[WARNING ODB-0383] cst_1_2 is marked do not touch and will be skipped in global connections.
[WARNING ODB-0383] cst_1_3 is marked do not touch and will be skipped in global connections.
[WARNING ODB-0383] cst_1_4 is marked do not touch and will be skipped in global connections.
[WARNING ODB-0383] cst_1_5 is marked do not touch and will be skipped in global connections.
[WARNING ODB-0383] cst_1_6 is marked do not touch and will be skipped in global connections.
[WARNING ODB-0383] cst_20_0 is marked do not touch and will be skipped in global connections.
[WARNING ODB-0383] cst_20_1 is marked do not touch and will be skipped in global connections.
[WARNING ODB-0383] cst_20_2 is marked do not touch and will be skipped in global connections.
[WARNING ODB-0383] cst_20_3 is marked do not touch and will be skipped in global connections.
[WARNING ODB-0383] cst_20_4 is marked do not touch and will be skipped in global connections.
[WARNING ODB-0383] cst_20_5 is marked do not touch and will be skipped in global connections.
[WARNING ODB-0383] cst_20_6 is marked do not touch and will be skipped in global connections.
[WARNING ODB-0383] cst_21_0 is marked do not touch and will be skipped in global connections.
[WARNING ODB-0383] cst_21_1 is marked do not touch and will be skipped in global connections.
[WARNING ODB-0383] cst_21_2 is marked do not touch and will be skipped in global connections.
[WARNING ODB-0383] cst_21_3 is marked do not touch and will be skipped in global connections.
[WARNING ODB-0383] cst_21_4 is marked do not touch and will be skipped in global connections.
[WARNING ODB-0383] cst_21_5 is marked do not touch and will be skipped in global connections.
[WARNING ODB-0383] cst_21_6 is marked do not touch and will be skipped in global connections.
[WARNING ODB-0383] cst_22_0 is marked do not touch and will be skipped in global connections.
[WARNING ODB-0383] cst_22_1 is marked do not touch and will be skipped in global connections.
[WARNING ODB-0383] cst_22_2 is marked do not touch and will be skipped in global connections.
[WARNING ODB-0383] cst_22_3 is marked do not touch and will be skipped in global connections.
[WARNING ODB-0383] cst_22_4 is marked do not touch and will be skipped in global connections.
[WARNING ODB-0383] cst_22_5 is marked do not touch and will be skipped in global connections.
[WARNING ODB-0383] cst_22_6 is marked do not touch and will be skipped in global connections.
[WARNING ODB-0383] cst_23_0 is marked do not touch and will be skipped in global connections.
[WARNING ODB-0383] cst_23_1 is marked do not touch and will be skipped in global connections.
[WARNING ODB-0383] cst_23_2 is marked do not touch and will be skipped in global connections.
[WARNING ODB-0383] cst_23_3 is marked do not touch and will be skipped in global connections.
[WARNING ODB-0383] cst_23_4 is marked do not touch and will be skipped in global connections.
[WARNING ODB-0383] cst_23_5 is marked do not touch and will be skipped in global connections.
[WARNING ODB-0383] cst_23_6 is marked do not touch and will be skipped in global connections.
[WARNING ODB-0383] cst_24_0 is marked do not touch and will be skipped in global connections.
[WARNING ODB-0383] cst_24_1 is marked do not touch and will be skipped in global connections.
[WARNING ODB-0383] cst_24_2 is marked do not touch and will be skipped in global connections.
[WARNING ODB-0383] cst_24_3 is marked do not touch and will be skipped in global connections.
[WARNING ODB-0383] cst_24_4 is marked do not touch and will be skipped in global connections.
[WARNING ODB-0383] cst_24_5 is marked do not touch and will be skipped in global connections.
[WARNING ODB-0383] cst_24_6 is marked do not touch and will be skipped in global connections.
[WARNING ODB-0383] cst_25_0 is marked do not touch and will be skipped in global connections.
[WARNING ODB-0383] cst_25_1 is marked do not touch and will be skipped in global connections.
[WARNING ODB-0383] cst_25_2 is marked do not touch and will be skipped in global connections.
[WARNING ODB-0383] cst_25_3 is marked do not touch and will be skipped in global connections.
[WARNING ODB-0383] cst_25_4 is marked do not touch and will be skipped in global connections.
[WARNING ODB-0383] cst_25_5 is marked do not touch and will be skipped in global connections.
[WARNING ODB-0383] cst_25_6 is marked do not touch and will be skipped in global connections.
[WARNING ODB-0383] cst_26_0 is marked do not touch and will be skipped in global connections.
[WARNING ODB-0383] cst_26_1 is marked do not touch and will be skipped in global connections.
[WARNING ODB-0383] cst_26_2 is marked do not touch and will be skipped in global connections.
[WARNING ODB-0383] cst_26_3 is marked do not touch and will be skipped in global connections.
[WARNING ODB-0383] cst_26_4 is marked do not touch and will be skipped in global connections.
[WARNING ODB-0383] cst_26_5 is marked do not touch and will be skipped in global connections.
[WARNING ODB-0383] cst_26_6 is marked do not touch and will be skipped in global connections.
[WARNING ODB-0383] cst_27_0 is marked do not touch and will be skipped in global connections.
[WARNING ODB-0383] cst_27_1 is marked do not touch and will be skipped in global connections.
[WARNING ODB-0383] cst_27_2 is marked do not touch and will be skipped in global connections.
[WARNING ODB-0383] cst_27_3 is marked do not touch and will be skipped in global connections.
[WARNING ODB-0383] cst_27_4 is marked do not touch and will be skipped in global connections.
[WARNING ODB-0383] cst_27_5 is marked do not touch and will be skipped in global connections.
[WARNING ODB-0383] cst_27_6 is marked do not touch and will be skipped in global connections.
[WARNING ODB-0383] cst_28_0 is marked do not touch and will be skipped in global connections.
[WARNING ODB-0383] cst_28_1 is marked do not touch and will be skipped in global connections.
[WARNING ODB-0383] cst_28_2 is marked do not touch and will be skipped in global connections.
[WARNING ODB-0383] cst_28_3 is marked do not touch and will be skipped in global connections.
[WARNING ODB-0383] cst_28_4 is marked do not touch and will be skipped in global connections.
[WARNING ODB-0383] cst_28_5 is marked do not touch and will be skipped in global connections.
[WARNING ODB-0383] cst_28_6 is marked do not touch and will be skipped in global connections.
[WARNING ODB-0383] cst_29_0 is marked do not touch and will be skipped in global connections.
[WARNING ODB-0383] cst_29_1 is marked do not touch and will be skipped in global connections.
[WARNING ODB-0383] cst_29_2 is marked do not touch and will be skipped in global connections.
[WARNING ODB-0383] cst_29_3 is marked do not touch and will be skipped in global connections.
[WARNING ODB-0383] cst_29_4 is marked do not touch and will be skipped in global connections.
[WARNING ODB-0383] cst_29_5 is marked do not touch and will be skipped in global connections.
[WARNING ODB-0383] cst_29_6 is marked do not touch and will be skipped in global connections.
[WARNING ODB-0383] cst_2_0 is marked do not touch and will be skipped in global connections.
[WARNING ODB-0383] cst_2_1 is marked do not touch and will be skipped in global connections.
[WARNING ODB-0383] cst_2_2 is marked do not touch and will be skipped in global connections.
[WARNING ODB-0383] cst_2_3 is marked do not touch and will be skipped in global connections.
[WARNING ODB-0383] cst_2_4 is marked do not touch and will be skipped in global connections.
[WARNING ODB-0383] cst_2_5 is marked do not touch and will be skipped in global connections.
[WARNING ODB-0383] cst_2_6 is marked do not touch and will be skipped in global connections.
[WARNING ODB-0383] cst_30_0 is marked do not touch and will be skipped in global connections.
[WARNING ODB-0383] cst_30_1 is marked do not touch and will be skipped in global connections.
[WARNING ODB-0383] cst_30_2 is marked do not touch and will be skipped in global connections.
[WARNING ODB-0383] cst_30_3 is marked do not touch and will be skipped in global connections.
[WARNING ODB-0383] cst_30_4 is marked do not touch and will be skipped in global connections.
[WARNING ODB-0383] cst_30_5 is marked do not touch and will be skipped in global connections.
[WARNING ODB-0383] cst_30_6 is marked do not touch and will be skipped in global connections.
[WARNING ODB-0383] cst_31_0 is marked do not touch and will be skipped in global connections.
[WARNING ODB-0383] cst_31_1 is marked do not touch and will be skipped in global connections.
[WARNING ODB-0383] cst_31_2 is marked do not touch and will be skipped in global connections.
[WARNING ODB-0383] cst_31_3 is marked do not touch and will be skipped in global connections.
[WARNING ODB-0383] cst_31_4 is marked do not touch and will be skipped in global connections.
[WARNING ODB-0383] cst_31_5 is marked do not touch and will be skipped in global connections.
[WARNING ODB-0383] cst_31_6 is marked do not touch and will be skipped in global connections.
[WARNING ODB-0383] cst_32_0 is marked do not touch and will be skipped in global connections.
[WARNING ODB-0383] cst_32_1 is marked do not touch and will be skipped in global connections.
[WARNING ODB-0383] cst_32_2 is marked do not touch and will be skipped in global connections.
[WARNING ODB-0383] cst_32_3 is marked do not touch and will be skipped in global connections.
[WARNING ODB-0383] cst_32_4 is marked do not touch and will be skipped in global connections.
[WARNING ODB-0383] cst_32_5 is marked do not touch and will be skipped in global connections.
[WARNING ODB-0383] cst_32_6 is marked do not touch and will be skipped in global connections.
[WARNING ODB-0383] cst_33_0 is marked do not touch and will be skipped in global connections.
[WARNING ODB-0383] cst_33_1 is marked do not touch and will be skipped in global connections.
[WARNING ODB-0383] cst_33_2 is marked do not touch and will be skipped in global connections.
[WARNING ODB-0383] cst_33_3 is marked do not touch and will be skipped in global connections.
[WARNING ODB-0383] cst_33_4 is marked do not touch and will be skipped in global connections.
[WARNING ODB-0383] cst_33_5 is marked do not touch and will be skipped in global connections.
[WARNING ODB-0383] cst_33_6 is marked do not touch and will be skipped in global connections.
[WARNING ODB-0383] cst_34_0 is marked do not touch and will be skipped in global connections.
[WARNING ODB-0383] cst_34_1 is marked do not touch and will be skipped in global connections.
[WARNING ODB-0383] cst_34_2 is marked do not touch and will be skipped in global connections.
[WARNING ODB-0383] cst_34_3 is marked do not touch and will be skipped in global connections.
[WARNING ODB-0383] cst_34_4 is marked do not touch and will be skipped in global connections.
[WARNING ODB-0383] cst_34_5 is marked do not touch and will be skipped in global connections.
[WARNING ODB-0383] cst_34_6 is marked do not touch and will be skipped in global connections.
[WARNING ODB-0383] cst_35_0 is marked do not touch and will be skipped in global connections.
[WARNING ODB-0383] cst_35_1 is marked do not touch and will be skipped in global connections.
[WARNING ODB-0383] cst_35_2 is marked do not touch and will be skipped in global connections.
[WARNING ODB-0383] cst_35_3 is marked do not touch and will be skipped in global connections.
[WARNING ODB-0383] cst_35_4 is marked do not touch and will be skipped in global connections.
[WARNING ODB-0383] cst_35_5 is marked do not touch and will be skipped in global connections.
[WARNING ODB-0383] cst_35_6 is marked do not touch and will be skipped in global connections.
[WARNING ODB-0383] cst_36_0 is marked do not touch and will be skipped in global connections.
[WARNING ODB-0383] cst_36_1 is marked do not touch and will be skipped in global connections.
[WARNING ODB-0383] cst_36_2 is marked do not touch and will be skipped in global connections.
[WARNING ODB-0383] cst_36_3 is marked do not touch and will be skipped in global connections.
[WARNING ODB-0383] cst_36_4 is marked do not touch and will be skipped in global connections.
[WARNING ODB-0383] cst_36_5 is marked do not touch and will be skipped in global connections.
[WARNING ODB-0383] cst_36_6 is marked do not touch and will be skipped in global connections.
[WARNING ODB-0383] cst_37_0 is marked do not touch and will be skipped in global connections.
[WARNING ODB-0383] cst_37_1 is marked do not touch and will be skipped in global connections.
[WARNING ODB-0383] cst_37_2 is marked do not touch and will be skipped in global connections.
[WARNING ODB-0383] cst_37_3 is marked do not touch and will be skipped in global connections.
[WARNING ODB-0383] cst_37_4 is marked do not touch and will be skipped in global connections.
[WARNING ODB-0383] cst_37_5 is marked do not touch and will be skipped in global connections.
[WARNING ODB-0383] cst_37_6 is marked do not touch and will be skipped in global connections.
[WARNING ODB-0383] cst_38_0 is marked do not touch and will be skipped in global connections.
[WARNING ODB-0383] cst_38_1 is marked do not touch and will be skipped in global connections.
[WARNING ODB-0383] cst_38_2 is marked do not touch and will be skipped in global connections.
[WARNING ODB-0383] cst_38_3 is marked do not touch and will be skipped in global connections.
[WARNING ODB-0383] cst_38_4 is marked do not touch and will be skipped in global connections.
[WARNING ODB-0383] cst_38_5 is marked do not touch and will be skipped in global connections.
[WARNING ODB-0383] cst_38_6 is marked do not touch and will be skipped in global connections.
[WARNING ODB-0383] cst_39_0 is marked do not touch and will be skipped in global connections.
[WARNING ODB-0383] cst_39_1 is marked do not touch and will be skipped in global connections.
[WARNING ODB-0383] cst_39_2 is marked do not touch and will be skipped in global connections.
[WARNING ODB-0383] cst_39_3 is marked do not touch and will be skipped in global connections.
[WARNING ODB-0383] cst_39_4 is marked do not touch and will be skipped in global connections.
[WARNING ODB-0383] cst_39_5 is marked do not touch and will be skipped in global connections.
[WARNING ODB-0383] cst_39_6 is marked do not touch and will be skipped in global connections.
[WARNING ODB-0383] cst_3_0 is marked do not touch and will be skipped in global connections.
[WARNING ODB-0383] cst_3_1 is marked do not touch and will be skipped in global connections.
[WARNING ODB-0383] cst_3_2 is marked do not touch and will be skipped in global connections.
[WARNING ODB-0383] cst_3_3 is marked do not touch and will be skipped in global connections.
[WARNING ODB-0383] cst_3_4 is marked do not touch and will be skipped in global connections.
[WARNING ODB-0383] cst_3_5 is marked do not touch and will be skipped in global connections.
[WARNING ODB-0383] cst_3_6 is marked do not touch and will be skipped in global connections.
[WARNING ODB-0383] cst_40_0 is marked do not touch and will be skipped in global connections.
[WARNING ODB-0383] cst_40_1 is marked do not touch and will be skipped in global connections.
[WARNING ODB-0383] cst_40_2 is marked do not touch and will be skipped in global connections.
[WARNING ODB-0383] cst_40_3 is marked do not touch and will be skipped in global connections.
[WARNING ODB-0383] cst_40_4 is marked do not touch and will be skipped in global connections.
[WARNING ODB-0383] cst_40_5 is marked do not touch and will be skipped in global connections.
[WARNING ODB-0383] cst_40_6 is marked do not touch and will be skipped in global connections.
[WARNING ODB-0383] cst_41_0 is marked do not touch and will be skipped in global connections.
[WARNING ODB-0383] cst_41_1 is marked do not touch and will be skipped in global connections.
[WARNING ODB-0383] cst_41_2 is marked do not touch and will be skipped in global connections.
[WARNING ODB-0383] cst_41_3 is marked do not touch and will be skipped in global connections.
[WARNING ODB-0383] cst_41_4 is marked do not touch and will be skipped in global connections.
[WARNING ODB-0383] cst_41_5 is marked do not touch and will be skipped in global connections.
[WARNING ODB-0383] cst_41_6 is marked do not touch and will be skipped in global connections.
[WARNING ODB-0383] cst_42_0 is marked do not touch and will be skipped in global connections.
[WARNING ODB-0383] cst_42_1 is marked do not touch and will be skipped in global connections.
[WARNING ODB-0383] cst_42_2 is marked do not touch and will be skipped in global connections.
[WARNING ODB-0383] cst_42_3 is marked do not touch and will be skipped in global connections.
[WARNING ODB-0383] cst_42_4 is marked do not touch and will be skipped in global connections.
[WARNING ODB-0383] cst_42_5 is marked do not touch and will be skipped in global connections.
[WARNING ODB-0383] cst_42_6 is marked do not touch and will be skipped in global connections.
[WARNING ODB-0383] cst_43_0 is marked do not touch and will be skipped in global connections.
[WARNING ODB-0383] cst_43_1 is marked do not touch and will be skipped in global connections.
[WARNING ODB-0383] cst_43_2 is marked do not touch and will be skipped in global connections.
[WARNING ODB-0383] cst_43_3 is marked do not touch and will be skipped in global connections.
[WARNING ODB-0383] cst_43_4 is marked do not touch and will be skipped in global connections.
[WARNING ODB-0383] cst_43_5 is marked do not touch and will be skipped in global connections.
[WARNING ODB-0383] cst_43_6 is marked do not touch and will be skipped in global connections.
[WARNING ODB-0383] cst_44_0 is marked do not touch and will be skipped in global connections.
[WARNING ODB-0383] cst_44_1 is marked do not touch and will be skipped in global connections.
[WARNING ODB-0383] cst_44_2 is marked do not touch and will be skipped in global connections.
[WARNING ODB-0383] cst_44_3 is marked do not touch and will be skipped in global connections.
[WARNING ODB-0383] cst_44_4 is marked do not touch and will be skipped in global connections.
[WARNING ODB-0383] cst_44_5 is marked do not touch and will be skipped in global connections.
[WARNING ODB-0383] cst_44_6 is marked do not touch and will be skipped in global connections.
[WARNING ODB-0383] cst_45_0 is marked do not touch and will be skipped in global connections.
[WARNING ODB-0383] cst_45_1 is marked do not touch and will be skipped in global connections.
[WARNING ODB-0383] cst_45_2 is marked do not touch and will be skipped in global connections.
[WARNING ODB-0383] cst_45_3 is marked do not touch and will be skipped in global connections.
[WARNING ODB-0383] cst_45_4 is marked do not touch and will be skipped in global connections.
[WARNING ODB-0383] cst_45_5 is marked do not touch and will be skipped in global connections.
[WARNING ODB-0383] cst_45_6 is marked do not touch and will be skipped in global connections.
[WARNING ODB-0383] cst_46_0 is marked do not touch and will be skipped in global connections.
[WARNING ODB-0383] cst_46_1 is marked do not touch and will be skipped in global connections.
[WARNING ODB-0383] cst_46_2 is marked do not touch and will be skipped in global connections.
[WARNING ODB-0383] cst_46_3 is marked do not touch and will be skipped in global connections.
[WARNING ODB-0383] cst_46_4 is marked do not touch and will be skipped in global connections.
[WARNING ODB-0383] cst_46_5 is marked do not touch and will be skipped in global connections.
[WARNING ODB-0383] cst_46_6 is marked do not touch and will be skipped in global connections.
[WARNING ODB-0383] cst_47_0 is marked do not touch and will be skipped in global connections.
[WARNING ODB-0383] cst_47_1 is marked do not touch and will be skipped in global connections.
[WARNING ODB-0383] cst_47_2 is marked do not touch and will be skipped in global connections.
[WARNING ODB-0383] cst_47_3 is marked do not touch and will be skipped in global connections.
[WARNING ODB-0383] cst_47_4 is marked do not touch and will be skipped in global connections.
[WARNING ODB-0383] cst_47_5 is marked do not touch and will be skipped in global connections.
[WARNING ODB-0383] cst_47_6 is marked do not touch and will be skipped in global connections.
[WARNING ODB-0383] cst_48_0 is marked do not touch and will be skipped in global connections.
[WARNING ODB-0383] cst_48_1 is marked do not touch and will be skipped in global connections.
[WARNING ODB-0383] cst_48_2 is marked do not touch and will be skipped in global connections.
[WARNING ODB-0383] cst_48_3 is marked do not touch and will be skipped in global connections.
[WARNING ODB-0383] cst_48_4 is marked do not touch and will be skipped in global connections.
[WARNING ODB-0383] cst_48_5 is marked do not touch and will be skipped in global connections.
[WARNING ODB-0383] cst_48_6 is marked do not touch and will be skipped in global connections.
[WARNING ODB-0383] cst_49_0 is marked do not touch and will be skipped in global connections.
[WARNING ODB-0383] cst_49_1 is marked do not touch and will be skipped in global connections.
[WARNING ODB-0383] cst_49_2 is marked do not touch and will be skipped in global connections.
[WARNING ODB-0383] cst_49_3 is marked do not touch and will be skipped in global connections.
[WARNING ODB-0383] cst_49_4 is marked do not touch and will be skipped in global connections.
[WARNING ODB-0383] cst_49_5 is marked do not touch and will be skipped in global connections.
[WARNING ODB-0383] cst_49_6 is marked do not touch and will be skipped in global connections.
[WARNING ODB-0383] cst_4_0 is marked do not touch and will be skipped in global connections.
[WARNING ODB-0383] cst_4_1 is marked do not touch and will be skipped in global connections.
[WARNING ODB-0383] cst_4_2 is marked do not touch and will be skipped in global connections.
[WARNING ODB-0383] cst_4_3 is marked do not touch and will be skipped in global connections.
[WARNING ODB-0383] cst_4_4 is marked do not touch and will be skipped in global connections.
[WARNING ODB-0383] cst_4_5 is marked do not touch and will be skipped in global connections.
[WARNING ODB-0383] cst_4_6 is marked do not touch and will be skipped in global connections.
[WARNING ODB-0383] cst_50_0 is marked do not touch and will be skipped in global connections.
[WARNING ODB-0383] cst_50_1 is marked do not touch and will be skipped in global connections.
[WARNING ODB-0383] cst_50_2 is marked do not touch and will be skipped in global connections.
[WARNING ODB-0383] cst_50_3 is marked do not touch and will be skipped in global connections.
[WARNING ODB-0383] cst_50_4 is marked do not touch and will be skipped in global connections.
[WARNING ODB-0383] cst_50_5 is marked do not touch and will be skipped in global connections.
[WARNING ODB-0383] cst_50_6 is marked do not touch and will be skipped in global connections.
[WARNING ODB-0383] cst_51_0 is marked do not touch and will be skipped in global connections.
[WARNING ODB-0383] cst_51_1 is marked do not touch and will be skipped in global connections.
[WARNING ODB-0383] cst_51_2 is marked do not touch and will be skipped in global connections.
[WARNING ODB-0383] cst_51_3 is marked do not touch and will be skipped in global connections.
[WARNING ODB-0383] cst_51_4 is marked do not touch and will be skipped in global connections.
[WARNING ODB-0383] cst_51_5 is marked do not touch and will be skipped in global connections.
[WARNING ODB-0383] cst_51_6 is marked do not touch and will be skipped in global connections.
[WARNING ODB-0383] cst_52_0 is marked do not touch and will be skipped in global connections.
[WARNING ODB-0383] cst_52_1 is marked do not touch and will be skipped in global connections.
[WARNING ODB-0383] cst_52_2 is marked do not touch and will be skipped in global connections.
[WARNING ODB-0383] cst_52_3 is marked do not touch and will be skipped in global connections.
[WARNING ODB-0383] cst_52_4 is marked do not touch and will be skipped in global connections.
[WARNING ODB-0383] cst_52_5 is marked do not touch and will be skipped in global connections.
[WARNING ODB-0383] cst_52_6 is marked do not touch and will be skipped in global connections.
[WARNING ODB-0383] cst_53_0 is marked do not touch and will be skipped in global connections.
[WARNING ODB-0383] cst_53_1 is marked do not touch and will be skipped in global connections.
[WARNING ODB-0383] cst_53_2 is marked do not touch and will be skipped in global connections.
[WARNING ODB-0383] cst_53_3 is marked do not touch and will be skipped in global connections.
[WARNING ODB-0383] cst_53_4 is marked do not touch and will be skipped in global connections.
[WARNING ODB-0383] cst_53_5 is marked do not touch and will be skipped in global connections.
[WARNING ODB-0383] cst_53_6 is marked do not touch and will be skipped in global connections.
[WARNING ODB-0383] cst_54_0 is marked do not touch and will be skipped in global connections.
[WARNING ODB-0383] cst_54_1 is marked do not touch and will be skipped in global connections.
[WARNING ODB-0383] cst_54_2 is marked do not touch and will be skipped in global connections.
[WARNING ODB-0383] cst_54_3 is marked do not touch and will be skipped in global connections.
[WARNING ODB-0383] cst_54_4 is marked do not touch and will be skipped in global connections.
[WARNING ODB-0383] cst_54_5 is marked do not touch and will be skipped in global connections.
[WARNING ODB-0383] cst_54_6 is marked do not touch and will be skipped in global connections.
[WARNING ODB-0383] cst_55_0 is marked do not touch and will be skipped in global connections.
[WARNING ODB-0383] cst_55_1 is marked do not touch and will be skipped in global connections.
[WARNING ODB-0383] cst_55_2 is marked do not touch and will be skipped in global connections.
[WARNING ODB-0383] cst_55_3 is marked do not touch and will be skipped in global connections.
[WARNING ODB-0383] cst_55_4 is marked do not touch and will be skipped in global connections.
[WARNING ODB-0383] cst_55_5 is marked do not touch and will be skipped in global connections.
[WARNING ODB-0383] cst_55_6 is marked do not touch and will be skipped in global connections.
[WARNING ODB-0383] cst_56_0 is marked do not touch and will be skipped in global connections.
[WARNING ODB-0383] cst_56_1 is marked do not touch and will be skipped in global connections.
[WARNING ODB-0383] cst_56_2 is marked do not touch and will be skipped in global connections.
[WARNING ODB-0383] cst_56_3 is marked do not touch and will be skipped in global connections.
[WARNING ODB-0383] cst_56_4 is marked do not touch and will be skipped in global connections.
[WARNING ODB-0383] cst_56_5 is marked do not touch and will be skipped in global connections.
[WARNING ODB-0383] cst_56_6 is marked do not touch and will be skipped in global connections.
[WARNING ODB-0383] cst_57_0 is marked do not touch and will be skipped in global connections.
[WARNING ODB-0383] cst_57_1 is marked do not touch and will be skipped in global connections.
[WARNING ODB-0383] cst_57_2 is marked do not touch and will be skipped in global connections.
[WARNING ODB-0383] cst_57_3 is marked do not touch and will be skipped in global connections.
[WARNING ODB-0383] cst_57_4 is marked do not touch and will be skipped in global connections.
[WARNING ODB-0383] cst_57_5 is marked do not touch and will be skipped in global connections.
[WARNING ODB-0383] cst_57_6 is marked do not touch and will be skipped in global connections.
[WARNING ODB-0383] cst_58_0 is marked do not touch and will be skipped in global connections.
[WARNING ODB-0383] cst_58_1 is marked do not touch and will be skipped in global connections.
[WARNING ODB-0383] cst_58_2 is marked do not touch and will be skipped in global connections.
[WARNING ODB-0383] cst_58_3 is marked do not touch and will be skipped in global connections.
[WARNING ODB-0383] cst_58_4 is marked do not touch and will be skipped in global connections.
[WARNING ODB-0383] cst_58_5 is marked do not touch and will be skipped in global connections.
[WARNING ODB-0383] cst_58_6 is marked do not touch and will be skipped in global connections.
[WARNING ODB-0383] cst_59_0 is marked do not touch and will be skipped in global connections.
[WARNING ODB-0383] cst_59_1 is marked do not touch and will be skipped in global connections.
[WARNING ODB-0383] cst_59_2 is marked do not touch and will be skipped in global connections.
[WARNING ODB-0383] cst_59_3 is marked do not touch and will be skipped in global connections.
[WARNING ODB-0383] cst_59_4 is marked do not touch and will be skipped in global connections.
[WARNING ODB-0383] cst_59_5 is marked do not touch and will be skipped in global connections.
[WARNING ODB-0383] cst_59_6 is marked do not touch and will be skipped in global connections.
[WARNING ODB-0383] cst_5_0 is marked do not touch and will be skipped in global connections.
[WARNING ODB-0383] cst_5_1 is marked do not touch and will be skipped in global connections.
[WARNING ODB-0383] cst_5_2 is marked do not touch and will be skipped in global connections.
[WARNING ODB-0383] cst_5_3 is marked do not touch and will be skipped in global connections.
[WARNING ODB-0383] cst_5_4 is marked do not touch and will be skipped in global connections.
[WARNING ODB-0383] cst_5_5 is marked do not touch and will be skipped in global connections.
[WARNING ODB-0383] cst_5_6 is marked do not touch and will be skipped in global connections.
[WARNING ODB-0383] cst_60_0 is marked do not touch and will be skipped in global connections.
[WARNING ODB-0383] cst_60_1 is marked do not touch and will be skipped in global connections.
[WARNING ODB-0383] cst_60_2 is marked do not touch and will be skipped in global connections.
[WARNING ODB-0383] cst_60_3 is marked do not touch and will be skipped in global connections.
[WARNING ODB-0383] cst_60_4 is marked do not touch and will be skipped in global connections.
[WARNING ODB-0383] cst_60_5 is marked do not touch and will be skipped in global connections.
[WARNING ODB-0383] cst_60_6 is marked do not touch and will be skipped in global connections.
[WARNING ODB-0383] cst_61_0 is marked do not touch and will be skipped in global connections.
[WARNING ODB-0383] cst_61_1 is marked do not touch and will be skipped in global connections.
[WARNING ODB-0383] cst_61_2 is marked do not touch and will be skipped in global connections.
[WARNING ODB-0383] cst_61_3 is marked do not touch and will be skipped in global connections.
[WARNING ODB-0383] cst_61_4 is marked do not touch and will be skipped in global connections.
[WARNING ODB-0383] cst_61_5 is marked do not touch and will be skipped in global connections.
[WARNING ODB-0383] cst_61_6 is marked do not touch and will be skipped in global connections.
[WARNING ODB-0383] cst_62_0 is marked do not touch and will be skipped in global connections.
[WARNING ODB-0383] cst_62_1 is marked do not touch and will be skipped in global connections.
[WARNING ODB-0383] cst_62_2 is marked do not touch and will be skipped in global connections.
[WARNING ODB-0383] cst_62_3 is marked do not touch and will be skipped in global connections.
[WARNING ODB-0383] cst_62_4 is marked do not touch and will be skipped in global connections.
[WARNING ODB-0383] cst_62_5 is marked do not touch and will be skipped in global connections.
[WARNING ODB-0383] cst_62_6 is marked do not touch and will be skipped in global connections.
[WARNING ODB-0383] cst_63_0 is marked do not touch and will be skipped in global connections.
[WARNING ODB-0383] cst_63_1 is marked do not touch and will be skipped in global connections.
[WARNING ODB-0383] cst_63_2 is marked do not touch and will be skipped in global connections.
[WARNING ODB-0383] cst_63_3 is marked do not touch and will be skipped in global connections.
[WARNING ODB-0383] cst_63_4 is marked do not touch and will be skipped in global connections.
[WARNING ODB-0383] cst_63_5 is marked do not touch and will be skipped in global connections.
[WARNING ODB-0383] cst_63_6 is marked do not touch and will be skipped in global connections.
[WARNING ODB-0383] cst_6_0 is marked do not touch and will be skipped in global connections.
[WARNING ODB-0383] cst_6_1 is marked do not touch and will be skipped in global connections.
[WARNING ODB-0383] cst_6_2 is marked do not touch and will be skipped in global connections.
[WARNING ODB-0383] cst_6_3 is marked do not touch and will be skipped in global connections.
[WARNING ODB-0383] cst_6_4 is marked do not touch and will be skipped in global connections.
[WARNING ODB-0383] cst_6_5 is marked do not touch and will be skipped in global connections.
[WARNING ODB-0383] cst_6_6 is marked do not touch and will be skipped in global connections.
[WARNING ODB-0383] cst_7_0 is marked do not touch and will be skipped in global connections.
[WARNING ODB-0383] cst_7_1 is marked do not touch and will be skipped in global connections.
[WARNING ODB-0383] cst_7_2 is marked do not touch and will be skipped in global connections.
[WARNING ODB-0383] cst_7_3 is marked do not touch and will be skipped in global connections.
[WARNING ODB-0383] cst_7_4 is marked do not touch and will be skipped in global connections.
[WARNING ODB-0383] cst_7_5 is marked do not touch and will be skipped in global connections.
[WARNING ODB-0383] cst_7_6 is marked do not touch and will be skipped in global connections.
[WARNING ODB-0383] cst_8_0 is marked do not touch and will be skipped in global connections.
[WARNING ODB-0383] cst_8_1 is marked do not touch and will be skipped in global connections.
[WARNING ODB-0383] cst_8_2 is marked do not touch and will be skipped in global connections.
[WARNING ODB-0383] cst_8_3 is marked do not touch and will be skipped in global connections.
[WARNING ODB-0383] cst_8_4 is marked do not touch and will be skipped in global connections.
[WARNING ODB-0383] cst_8_5 is marked do not touch and will be skipped in global connections.
[WARNING ODB-0383] cst_8_6 is marked do not touch and will be skipped in global connections.
[WARNING ODB-0383] cst_9_0 is marked do not touch and will be skipped in global connections.
[WARNING ODB-0383] cst_9_1 is marked do not touch and will be skipped in global connections.
[WARNING ODB-0383] cst_9_2 is marked do not touch and will be skipped in global connections.
[WARNING ODB-0383] cst_9_3 is marked do not touch and will be skipped in global connections.
[WARNING ODB-0383] cst_9_4 is marked do not touch and will be skipped in global connections.
[WARNING ODB-0383] cst_9_5 is marked do not touch and will be skipped in global connections.
[WARNING ODB-0383] cst_9_6 is marked do not touch and will be skipped in global connections.
[WARNING ODB-0383] lt_ln0 is marked do not touch and will be skipped in global connections.
[WARNING ODB-0383] lt_ln1 is marked do not touch and will be skipped in global connections.
[WARNING ODB-0383] lt_ln10 is marked do not touch and will be skipped in global connections.
[WARNING ODB-0383] lt_ln11 is marked do not touch and will be skipped in global connections.
[WARNING ODB-0383] lt_ln12 is marked do not touch and will be skipped in global connections.
[WARNING ODB-0383] lt_ln13 is marked do not touch and will be skipped in global connections.
[WARNING ODB-0383] lt_ln14 is marked do not touch and will be skipped in global connections.
[WARNING ODB-0383] lt_ln15 is marked do not touch and will be skipped in global connections.
[WARNING ODB-0383] lt_ln16 is marked do not touch and will be skipped in global connections.
[WARNING ODB-0383] lt_ln17 is marked do not touch and will be skipped in global connections.
[WARNING ODB-0383] lt_ln18 is marked do not touch and will be skipped in global connections.
[WARNING ODB-0383] lt_ln19 is marked do not touch and will be skipped in global connections.
[WARNING ODB-0383] lt_ln2 is marked do not touch and will be skipped in global connections.
[WARNING ODB-0383] lt_ln20 is marked do not touch and will be skipped in global connections.
[WARNING ODB-0383] lt_ln21 is marked do not touch and will be skipped in global connections.
[WARNING ODB-0383] lt_ln22 is marked do not touch and will be skipped in global connections.
[WARNING ODB-0383] lt_ln23 is marked do not touch and will be skipped in global connections.
[WARNING ODB-0383] lt_ln24 is marked do not touch and will be skipped in global connections.
[WARNING ODB-0383] lt_ln25 is marked do not touch and will be skipped in global connections.
[WARNING ODB-0383] lt_ln26 is marked do not touch and will be skipped in global connections.
[WARNING ODB-0383] lt_ln27 is marked do not touch and will be skipped in global connections.
[WARNING ODB-0383] lt_ln28 is marked do not touch and will be skipped in global connections.
[WARNING ODB-0383] lt_ln29 is marked do not touch and will be skipped in global connections.
[WARNING ODB-0383] lt_ln3 is marked do not touch and will be skipped in global connections.
[WARNING ODB-0383] lt_ln30 is marked do not touch and will be skipped in global connections.
[WARNING ODB-0383] lt_ln31 is marked do not touch and will be skipped in global connections.
[WARNING ODB-0383] lt_ln32 is marked do not touch and will be skipped in global connections.
[WARNING ODB-0383] lt_ln33 is marked do not touch and will be skipped in global connections.
[WARNING ODB-0383] lt_ln34 is marked do not touch and will be skipped in global connections.
[WARNING ODB-0383] lt_ln35 is marked do not touch and will be skipped in global connections.
[WARNING ODB-0383] lt_ln36 is marked do not touch and will be skipped in global connections.
[WARNING ODB-0383] lt_ln37 is marked do not touch and will be skipped in global connections.
[WARNING ODB-0383] lt_ln38 is marked do not touch and will be skipped in global connections.
[WARNING ODB-0383] lt_ln39 is marked do not touch and will be skipped in global connections.
[WARNING ODB-0383] lt_ln4 is marked do not touch and will be skipped in global connections.
[WARNING ODB-0383] lt_ln40 is marked do not touch and will be skipped in global connections.
[WARNING ODB-0383] lt_ln41 is marked do not touch and will be skipped in global connections.
[WARNING ODB-0383] lt_ln42 is marked do not touch and will be skipped in global connections.
[WARNING ODB-0383] lt_ln43 is marked do not touch and will be skipped in global connections.
[WARNING ODB-0383] lt_ln44 is marked do not touch and will be skipped in global connections.
[WARNING ODB-0383] lt_ln45 is marked do not touch and will be skipped in global connections.
[WARNING ODB-0383] lt_ln46 is marked do not touch and will be skipped in global connections.
[WARNING ODB-0383] lt_ln47 is marked do not touch and will be skipped in global connections.
[WARNING ODB-0383] lt_ln48 is marked do not touch and will be skipped in global connections.
[WARNING ODB-0383] lt_ln49 is marked do not touch and will be skipped in global connections.
[WARNING ODB-0383] lt_ln5 is marked do not touch and will be skipped in global connections.
[WARNING ODB-0383] lt_ln50 is marked do not touch and will be skipped in global connections.
[WARNING ODB-0383] lt_ln51 is marked do not touch and will be skipped in global connections.
[WARNING ODB-0383] lt_ln52 is marked do not touch and will be skipped in global connections.
[WARNING ODB-0383] lt_ln53 is marked do not touch and will be skipped in global connections.
[WARNING ODB-0383] lt_ln54 is marked do not touch and will be skipped in global connections.
[WARNING ODB-0383] lt_ln55 is marked do not touch and will be skipped in global connections.
[WARNING ODB-0383] lt_ln56 is marked do not touch and will be skipped in global connections.
[WARNING ODB-0383] lt_ln57 is marked do not touch and will be skipped in global connections.
[WARNING ODB-0383] lt_ln58 is marked do not touch and will be skipped in global connections.
[WARNING ODB-0383] lt_ln59 is marked do not touch and will be skipped in global connections.
[WARNING ODB-0383] lt_ln6 is marked do not touch and will be skipped in global connections.
[WARNING ODB-0383] lt_ln60 is marked do not touch and will be skipped in global connections.
[WARNING ODB-0383] lt_ln61 is marked do not touch and will be skipped in global connections.
[WARNING ODB-0383] lt_ln62 is marked do not touch and will be skipped in global connections.
[WARNING ODB-0383] lt_ln63 is marked do not touch and will be skipped in global connections.
[WARNING ODB-0383] lt_ln7 is marked do not touch and will be skipped in global connections.
[WARNING ODB-0383] lt_ln8 is marked do not touch and will be skipped in global connections.
[WARNING ODB-0383] lt_ln9 is marked do not touch and will be skipped in global connections.
[WARNING ODB-0383] lt_lp0 is marked do not touch and will be skipped in global connections.
[WARNING ODB-0383] lt_lp1 is marked do not touch and will be skipped in global connections.
[WARNING ODB-0383] lt_lp10 is marked do not touch and will be skipped in global connections.
[WARNING ODB-0383] lt_lp11 is marked do not touch and will be skipped in global connections.
[WARNING ODB-0383] lt_lp12 is marked do not touch and will be skipped in global connections.
[WARNING ODB-0383] lt_lp13 is marked do not touch and will be skipped in global connections.
[WARNING ODB-0383] lt_lp14 is marked do not touch and will be skipped in global connections.
[WARNING ODB-0383] lt_lp15 is marked do not touch and will be skipped in global connections.
[WARNING ODB-0383] lt_lp16 is marked do not touch and will be skipped in global connections.
[WARNING ODB-0383] lt_lp17 is marked do not touch and will be skipped in global connections.
[WARNING ODB-0383] lt_lp18 is marked do not touch and will be skipped in global connections.
[WARNING ODB-0383] lt_lp19 is marked do not touch and will be skipped in global connections.
[WARNING ODB-0383] lt_lp2 is marked do not touch and will be skipped in global connections.
[WARNING ODB-0383] lt_lp20 is marked do not touch and will be skipped in global connections.
[WARNING ODB-0383] lt_lp21 is marked do not touch and will be skipped in global connections.
[WARNING ODB-0383] lt_lp22 is marked do not touch and will be skipped in global connections.
[WARNING ODB-0383] lt_lp23 is marked do not touch and will be skipped in global connections.
[WARNING ODB-0383] lt_lp24 is marked do not touch and will be skipped in global connections.
[WARNING ODB-0383] lt_lp25 is marked do not touch and will be skipped in global connections.
[WARNING ODB-0383] lt_lp26 is marked do not touch and will be skipped in global connections.
[WARNING ODB-0383] lt_lp27 is marked do not touch and will be skipped in global connections.
[WARNING ODB-0383] lt_lp28 is marked do not touch and will be skipped in global connections.
[WARNING ODB-0383] lt_lp29 is marked do not touch and will be skipped in global connections.
[WARNING ODB-0383] lt_lp3 is marked do not touch and will be skipped in global connections.
[WARNING ODB-0383] lt_lp30 is marked do not touch and will be skipped in global connections.
[WARNING ODB-0383] lt_lp31 is marked do not touch and will be skipped in global connections.
[WARNING ODB-0383] lt_lp32 is marked do not touch and will be skipped in global connections.
[WARNING ODB-0383] lt_lp33 is marked do not touch and will be skipped in global connections.
[WARNING ODB-0383] lt_lp34 is marked do not touch and will be skipped in global connections.
[WARNING ODB-0383] lt_lp35 is marked do not touch and will be skipped in global connections.
[WARNING ODB-0383] lt_lp36 is marked do not touch and will be skipped in global connections.
[WARNING ODB-0383] lt_lp37 is marked do not touch and will be skipped in global connections.
[WARNING ODB-0383] lt_lp38 is marked do not touch and will be skipped in global connections.
[WARNING ODB-0383] lt_lp39 is marked do not touch and will be skipped in global connections.
[WARNING ODB-0383] lt_lp4 is marked do not touch and will be skipped in global connections.
[WARNING ODB-0383] lt_lp40 is marked do not touch and will be skipped in global connections.
[WARNING ODB-0383] lt_lp41 is marked do not touch and will be skipped in global connections.
[WARNING ODB-0383] lt_lp42 is marked do not touch and will be skipped in global connections.
[WARNING ODB-0383] lt_lp43 is marked do not touch and will be skipped in global connections.
[WARNING ODB-0383] lt_lp44 is marked do not touch and will be skipped in global connections.
[WARNING ODB-0383] lt_lp45 is marked do not touch and will be skipped in global connections.
[WARNING ODB-0383] lt_lp46 is marked do not touch and will be skipped in global connections.
[WARNING ODB-0383] lt_lp47 is marked do not touch and will be skipped in global connections.
[WARNING ODB-0383] lt_lp48 is marked do not touch and will be skipped in global connections.
[WARNING ODB-0383] lt_lp49 is marked do not touch and will be skipped in global connections.
[WARNING ODB-0383] lt_lp5 is marked do not touch and will be skipped in global connections.
[WARNING ODB-0383] lt_lp50 is marked do not touch and will be skipped in global connections.
[WARNING ODB-0383] lt_lp51 is marked do not touch and will be skipped in global connections.
[WARNING ODB-0383] lt_lp52 is marked do not touch and will be skipped in global connections.
[WARNING ODB-0383] lt_lp53 is marked do not touch and will be skipped in global connections.
[WARNING ODB-0383] lt_lp54 is marked do not touch and will be skipped in global connections.
[WARNING ODB-0383] lt_lp55 is marked do not touch and will be skipped in global connections.
[WARNING ODB-0383] lt_lp56 is marked do not touch and will be skipped in global connections.
[WARNING ODB-0383] lt_lp57 is marked do not touch and will be skipped in global connections.
[WARNING ODB-0383] lt_lp58 is marked do not touch and will be skipped in global connections.
[WARNING ODB-0383] lt_lp59 is marked do not touch and will be skipped in global connections.
[WARNING ODB-0383] lt_lp6 is marked do not touch and will be skipped in global connections.
[WARNING ODB-0383] lt_lp60 is marked do not touch and will be skipped in global connections.
[WARNING ODB-0383] lt_lp61 is marked do not touch and will be skipped in global connections.
[WARNING ODB-0383] lt_lp62 is marked do not touch and will be skipped in global connections.
[WARNING ODB-0383] lt_lp63 is marked do not touch and will be skipped in global connections.
[WARNING ODB-0383] lt_lp7 is marked do not touch and will be skipped in global connections.
[WARNING ODB-0383] lt_lp8 is marked do not touch and will be skipped in global connections.
[WARNING ODB-0383] lt_lp9 is marked do not touch and will be skipped in global connections.
[WARNING ODB-0383] vs_0_0 is marked do not touch and will be skipped in global connections.
[WARNING ODB-0383] vs_0_1 is marked do not touch and will be skipped in global connections.
[WARNING ODB-0383] vs_0_10 is marked do not touch and will be skipped in global connections.
[WARNING ODB-0383] vs_0_11 is marked do not touch and will be skipped in global connections.
[WARNING ODB-0383] vs_0_12 is marked do not touch and will be skipped in global connections.
[WARNING ODB-0383] vs_0_13 is marked do not touch and will be skipped in global connections.
[WARNING ODB-0383] vs_0_14 is marked do not touch and will be skipped in global connections.
[WARNING ODB-0383] vs_0_15 is marked do not touch and will be skipped in global connections.
[WARNING ODB-0383] vs_0_16 is marked do not touch and will be skipped in global connections.
[WARNING ODB-0383] vs_0_17 is marked do not touch and will be skipped in global connections.
[WARNING ODB-0383] vs_0_18 is marked do not touch and will be skipped in global connections.
[WARNING ODB-0383] vs_0_19 is marked do not touch and will be skipped in global connections.
[WARNING ODB-0383] vs_0_2 is marked do not touch and will be skipped in global connections.
[WARNING ODB-0383] vs_0_20 is marked do not touch and will be skipped in global connections.
[WARNING ODB-0383] vs_0_21 is marked do not touch and will be skipped in global connections.
[WARNING ODB-0383] vs_0_22 is marked do not touch and will be skipped in global connections.
[WARNING ODB-0383] vs_0_23 is marked do not touch and will be skipped in global connections.
[WARNING ODB-0383] vs_0_24 is marked do not touch and will be skipped in global connections.
[WARNING ODB-0383] vs_0_25 is marked do not touch and will be skipped in global connections.
[WARNING ODB-0383] vs_0_26 is marked do not touch and will be skipped in global connections.
[WARNING ODB-0383] vs_0_27 is marked do not touch and will be skipped in global connections.
[WARNING ODB-0383] vs_0_28 is marked do not touch and will be skipped in global connections.
[WARNING ODB-0383] vs_0_29 is marked do not touch and will be skipped in global connections.
[WARNING ODB-0383] vs_0_3 is marked do not touch and will be skipped in global connections.
[WARNING ODB-0383] vs_0_30 is marked do not touch and will be skipped in global connections.
[WARNING ODB-0383] vs_0_31 is marked do not touch and will be skipped in global connections.
[WARNING ODB-0383] vs_0_32 is marked do not touch and will be skipped in global connections.
[WARNING ODB-0383] vs_0_33 is marked do not touch and will be skipped in global connections.
[WARNING ODB-0383] vs_0_34 is marked do not touch and will be skipped in global connections.
[WARNING ODB-0383] vs_0_35 is marked do not touch and will be skipped in global connections.
[WARNING ODB-0383] vs_0_36 is marked do not touch and will be skipped in global connections.
[WARNING ODB-0383] vs_0_37 is marked do not touch and will be skipped in global connections.
[WARNING ODB-0383] vs_0_38 is marked do not touch and will be skipped in global connections.
[WARNING ODB-0383] vs_0_39 is marked do not touch and will be skipped in global connections.
[WARNING ODB-0383] vs_0_4 is marked do not touch and will be skipped in global connections.
[WARNING ODB-0383] vs_0_40 is marked do not touch and will be skipped in global connections.
[WARNING ODB-0383] vs_0_41 is marked do not touch and will be skipped in global connections.
[WARNING ODB-0383] vs_0_42 is marked do not touch and will be skipped in global connections.
[WARNING ODB-0383] vs_0_43 is marked do not touch and will be skipped in global connections.
[WARNING ODB-0383] vs_0_44 is marked do not touch and will be skipped in global connections.
[WARNING ODB-0383] vs_0_45 is marked do not touch and will be skipped in global connections.
[WARNING ODB-0383] vs_0_46 is marked do not touch and will be skipped in global connections.
[WARNING ODB-0383] vs_0_47 is marked do not touch and will be skipped in global connections.
[WARNING ODB-0383] vs_0_48 is marked do not touch and will be skipped in global connections.
[WARNING ODB-0383] vs_0_49 is marked do not touch and will be skipped in global connections.
[WARNING ODB-0383] vs_0_5 is marked do not touch and will be skipped in global connections.
[WARNING ODB-0383] vs_0_50 is marked do not touch and will be skipped in global connections.
[WARNING ODB-0383] vs_0_51 is marked do not touch and will be skipped in global connections.
[WARNING ODB-0383] vs_0_52 is marked do not touch and will be skipped in global connections.
[WARNING ODB-0383] vs_0_53 is marked do not touch and will be skipped in global connections.
[WARNING ODB-0383] vs_0_54 is marked do not touch and will be skipped in global connections.
[WARNING ODB-0383] vs_0_55 is marked do not touch and will be skipped in global connections.
[WARNING ODB-0383] vs_0_56 is marked do not touch and will be skipped in global connections.
[WARNING ODB-0383] vs_0_57 is marked do not touch and will be skipped in global connections.
[WARNING ODB-0383] vs_0_58 is marked do not touch and will be skipped in global connections.
[WARNING ODB-0383] vs_0_59 is marked do not touch and will be skipped in global connections.
[WARNING ODB-0383] vs_0_6 is marked do not touch and will be skipped in global connections.
[WARNING ODB-0383] vs_0_60 is marked do not touch and will be skipped in global connections.
[WARNING ODB-0383] vs_0_61 is marked do not touch and will be skipped in global connections.
[WARNING ODB-0383] vs_0_62 is marked do not touch and will be skipped in global connections.
[WARNING ODB-0383] vs_0_63 is marked do not touch and will be skipped in global connections.
[WARNING ODB-0383] vs_0_7 is marked do not touch and will be skipped in global connections.
[WARNING ODB-0383] vs_0_8 is marked do not touch and will be skipped in global connections.
[WARNING ODB-0383] vs_0_9 is marked do not touch and will be skipped in global connections.
[WARNING ODB-0383] vs_10_0 is marked do not touch and will be skipped in global connections.
[WARNING ODB-0383] vs_10_1 is marked do not touch and will be skipped in global connections.
[WARNING ODB-0383] vs_10_10 is marked do not touch and will be skipped in global connections.
[WARNING ODB-0383] vs_10_11 is marked do not touch and will be skipped in global connections.
[WARNING ODB-0383] vs_10_12 is marked do not touch and will be skipped in global connections.
[WARNING ODB-0383] vs_10_13 is marked do not touch and will be skipped in global connections.
[WARNING ODB-0383] vs_10_14 is marked do not touch and will be skipped in global connections.
[WARNING ODB-0383] vs_10_15 is marked do not touch and will be skipped in global connections.
[WARNING ODB-0383] vs_10_16 is marked do not touch and will be skipped in global connections.
[WARNING ODB-0383] vs_10_17 is marked do not touch and will be skipped in global connections.
[WARNING ODB-0383] vs_10_18 is marked do not touch and will be skipped in global connections.
[WARNING ODB-0383] vs_10_19 is marked do not touch and will be skipped in global connections.
[WARNING ODB-0383] vs_10_2 is marked do not touch and will be skipped in global connections.
[WARNING ODB-0383] vs_10_20 is marked do not touch and will be skipped in global connections.
[WARNING ODB-0383] vs_10_21 is marked do not touch and will be skipped in global connections.
[WARNING ODB-0383] vs_10_22 is marked do not touch and will be skipped in global connections.
[WARNING ODB-0383] vs_10_23 is marked do not touch and will be skipped in global connections.
[WARNING ODB-0383] vs_10_24 is marked do not touch and will be skipped in global connections.
[WARNING ODB-0383] vs_10_25 is marked do not touch and will be skipped in global connections.
[WARNING ODB-0383] vs_10_26 is marked do not touch and will be skipped in global connections.
[WARNING ODB-0383] vs_10_27 is marked do not touch and will be skipped in global connections.
[WARNING ODB-0383] vs_10_28 is marked do not touch and will be skipped in global connections.
[WARNING ODB-0383] vs_10_29 is marked do not touch and will be skipped in global connections.
[WARNING ODB-0383] vs_10_3 is marked do not touch and will be skipped in global connections.
[WARNING ODB-0383] vs_10_30 is marked do not touch and will be skipped in global connections.
[WARNING ODB-0383] vs_10_31 is marked do not touch and will be skipped in global connections.
[WARNING ODB-0383] vs_10_32 is marked do not touch and will be skipped in global connections.
[WARNING ODB-0383] vs_10_33 is marked do not touch and will be skipped in global connections.
[WARNING ODB-0383] vs_10_34 is marked do not touch and will be skipped in global connections.
[WARNING ODB-0383] vs_10_35 is marked do not touch and will be skipped in global connections.
[WARNING ODB-0383] vs_10_36 is marked do not touch and will be skipped in global connections.
[WARNING ODB-0383] vs_10_37 is marked do not touch and will be skipped in global connections.
[WARNING ODB-0383] vs_10_38 is marked do not touch and will be skipped in global connections.
[WARNING ODB-0383] vs_10_39 is marked do not touch and will be skipped in global connections.
[WARNING ODB-0383] vs_10_4 is marked do not touch and will be skipped in global connections.
[WARNING ODB-0383] vs_10_40 is marked do not touch and will be skipped in global connections.
[WARNING ODB-0383] vs_10_41 is marked do not touch and will be skipped in global connections.
[WARNING ODB-0383] vs_10_42 is marked do not touch and will be skipped in global connections.
[WARNING ODB-0383] vs_10_43 is marked do not touch and will be skipped in global connections.
[WARNING ODB-0383] vs_10_44 is marked do not touch and will be skipped in global connections.
[WARNING ODB-0383] vs_10_45 is marked do not touch and will be skipped in global connections.
[WARNING ODB-0383] vs_10_46 is marked do not touch and will be skipped in global connections.
[WARNING ODB-0383] vs_10_47 is marked do not touch and will be skipped in global connections.
[WARNING ODB-0383] vs_10_48 is marked do not touch and will be skipped in global connections.
[WARNING ODB-0383] vs_10_49 is marked do not touch and will be skipped in global connections.
[WARNING ODB-0383] vs_10_5 is marked do not touch and will be skipped in global connections.
[WARNING ODB-0383] vs_10_50 is marked do not touch and will be skipped in global connections.
[WARNING ODB-0383] vs_10_51 is marked do not touch and will be skipped in global connections.
[WARNING ODB-0383] vs_10_52 is marked do not touch and will be skipped in global connections.
[WARNING ODB-0383] vs_10_53 is marked do not touch and will be skipped in global connections.
[WARNING ODB-0383] vs_10_54 is marked do not touch and will be skipped in global connections.
[WARNING ODB-0383] vs_10_55 is marked do not touch and will be skipped in global connections.
[WARNING ODB-0383] vs_10_56 is marked do not touch and will be skipped in global connections.
[WARNING ODB-0383] vs_10_57 is marked do not touch and will be skipped in global connections.
[WARNING ODB-0383] vs_10_58 is marked do not touch and will be skipped in global connections.
[WARNING ODB-0383] vs_10_59 is marked do not touch and will be skipped in global connections.
[WARNING ODB-0383] vs_10_6 is marked do not touch and will be skipped in global connections.
[WARNING ODB-0383] vs_10_60 is marked do not touch and will be skipped in global connections.
[WARNING ODB-0383] vs_10_61 is marked do not touch and will be skipped in global connections.
[WARNING ODB-0383] vs_10_62 is marked do not touch and will be skipped in global connections.
[WARNING ODB-0383] vs_10_63 is marked do not touch and will be skipped in global connections.
[WARNING ODB-0383] vs_10_7 is marked do not touch and will be skipped in global connections.
[WARNING ODB-0383] vs_10_8 is marked do not touch and will be skipped in global connections.
[WARNING ODB-0383] vs_10_9 is marked do not touch and will be skipped in global connections.
[WARNING ODB-0383] vs_11_0 is marked do not touch and will be skipped in global connections.
[WARNING ODB-0383] vs_11_1 is marked do not touch and will be skipped in global connections.
[WARNING ODB-0383] vs_11_10 is marked do not touch and will be skipped in global connections.
[WARNING ODB-0383] vs_11_11 is marked do not touch and will be skipped in global connections.
[WARNING ODB-0383] vs_11_12 is marked do not touch and will be skipped in global connections.
[WARNING ODB-0383] vs_11_13 is marked do not touch and will be skipped in global connections.
[WARNING ODB-0383] vs_11_14 is marked do not touch and will be skipped in global connections.
[WARNING ODB-0383] vs_11_15 is marked do not touch and will be skipped in global connections.
[WARNING ODB-0383] vs_11_16 is marked do not touch and will be skipped in global connections.
[WARNING ODB-0383] vs_11_17 is marked do not touch and will be skipped in global connections.
[WARNING ODB-0383] vs_11_18 is marked do not touch and will be skipped in global connections.
[WARNING ODB-0383] vs_11_19 is marked do not touch and will be skipped in global connections.
[WARNING ODB-0383] vs_11_2 is marked do not touch and will be skipped in global connections.
[WARNING ODB-0383] vs_11_20 is marked do not touch and will be skipped in global connections.
[WARNING ODB-0383] vs_11_21 is marked do not touch and will be skipped in global connections.
[WARNING ODB-0383] vs_11_22 is marked do not touch and will be skipped in global connections.
[WARNING ODB-0383] vs_11_23 is marked do not touch and will be skipped in global connections.
[WARNING ODB-0383] vs_11_24 is marked do not touch and will be skipped in global connections.
[WARNING ODB-0383] vs_11_25 is marked do not touch and will be skipped in global connections.
[WARNING ODB-0383] vs_11_26 is marked do not touch and will be skipped in global connections.
[WARNING ODB-0383] vs_11_27 is marked do not touch and will be skipped in global connections.
[WARNING ODB-0383] vs_11_28 is marked do not touch and will be skipped in global connections.
[WARNING ODB-0383] vs_11_29 is marked do not touch and will be skipped in global connections.
[WARNING ODB-0383] vs_11_3 is marked do not touch and will be skipped in global connections.
[WARNING ODB-0383] vs_11_30 is marked do not touch and will be skipped in global connections.
[WARNING ODB-0383] vs_11_31 is marked do not touch and will be skipped in global connections.
[WARNING ODB-0383] vs_11_32 is marked do not touch and will be skipped in global connections.
[WARNING ODB-0383] vs_11_33 is marked do not touch and will be skipped in global connections.
[WARNING ODB-0383] vs_11_34 is marked do not touch and will be skipped in global connections.
[WARNING ODB-0383] vs_11_35 is marked do not touch and will be skipped in global connections.
[WARNING ODB-0383] vs_11_36 is marked do not touch and will be skipped in global connections.
[WARNING ODB-0383] vs_11_37 is marked do not touch and will be skipped in global connections.
[WARNING ODB-0383] vs_11_38 is marked do not touch and will be skipped in global connections.
[WARNING ODB-0383] vs_11_39 is marked do not touch and will be skipped in global connections.
[WARNING ODB-0383] vs_11_4 is marked do not touch and will be skipped in global connections.
[WARNING ODB-0383] vs_11_40 is marked do not touch and will be skipped in global connections.
[WARNING ODB-0383] vs_11_41 is marked do not touch and will be skipped in global connections.
[WARNING ODB-0383] vs_11_42 is marked do not touch and will be skipped in global connections.
[WARNING ODB-0383] vs_11_43 is marked do not touch and will be skipped in global connections.
[WARNING ODB-0383] vs_11_44 is marked do not touch and will be skipped in global connections.
[WARNING ODB-0383] vs_11_45 is marked do not touch and will be skipped in global connections.
[WARNING ODB-0383] vs_11_46 is marked do not touch and will be skipped in global connections.
[WARNING ODB-0383] vs_11_47 is marked do not touch and will be skipped in global connections.
[WARNING ODB-0383] vs_11_48 is marked do not touch and will be skipped in global connections.
[WARNING ODB-0383] vs_11_49 is marked do not touch and will be skipped in global connections.
[WARNING ODB-0383] vs_11_5 is marked do not touch and will be skipped in global connections.
[WARNING ODB-0383] vs_11_50 is marked do not touch and will be skipped in global connections.
[WARNING ODB-0383] vs_11_51 is marked do not touch and will be skipped in global connections.
[WARNING ODB-0383] vs_11_52 is marked do not touch and will be skipped in global connections.
[WARNING ODB-0383] vs_11_53 is marked do not touch and will be skipped in global connections.
[WARNING ODB-0383] vs_11_54 is marked do not touch and will be skipped in global connections.
[WARNING ODB-0383] vs_11_55 is marked do not touch and will be skipped in global connections.
[WARNING ODB-0383] vs_11_56 is marked do not touch and will be skipped in global connections.
[WARNING ODB-0383] vs_11_57 is marked do not touch and will be skipped in global connections.
[WARNING ODB-0383] vs_11_58 is marked do not touch and will be skipped in global connections.
[WARNING ODB-0383] vs_11_59 is marked do not touch and will be skipped in global connections.
[WARNING ODB-0383] vs_11_6 is marked do not touch and will be skipped in global connections.
[WARNING ODB-0383] vs_11_60 is marked do not touch and will be skipped in global connections.
[WARNING ODB-0383] vs_11_61 is marked do not touch and will be skipped in global connections.
[WARNING ODB-0383] vs_11_62 is marked do not touch and will be skipped in global connections.
[WARNING ODB-0383] vs_11_63 is marked do not touch and will be skipped in global connections.
[WARNING ODB-0383] vs_11_7 is marked do not touch and will be skipped in global connections.
[WARNING ODB-0383] vs_11_8 is marked do not touch and will be skipped in global connections.
[WARNING ODB-0383] vs_11_9 is marked do not touch and will be skipped in global connections.
[WARNING ODB-0383] vs_12_0 is marked do not touch and will be skipped in global connections.
[WARNING ODB-0383] vs_12_1 is marked do not touch and will be skipped in global connections.
[WARNING ODB-0383] vs_12_10 is marked do not touch and will be skipped in global connections.
[WARNING ODB-0383] vs_12_11 is marked do not touch and will be skipped in global connections.
[WARNING ODB-0383] vs_12_12 is marked do not touch and will be skipped in global connections.
[WARNING ODB-0383] vs_12_13 is marked do not touch and will be skipped in global connections.
[WARNING ODB-0383] vs_12_14 is marked do not touch and will be skipped in global connections.
[WARNING ODB-0383] vs_12_15 is marked do not touch and will be skipped in global connections.
[WARNING ODB-0383] vs_12_16 is marked do not touch and will be skipped in global connections.
[WARNING ODB-0383] vs_12_17 is marked do not touch and will be skipped in global connections.
[WARNING ODB-0383] vs_12_18 is marked do not touch and will be skipped in global connections.
[WARNING ODB-0383] vs_12_19 is marked do not touch and will be skipped in global connections.
[WARNING ODB-0383] vs_12_2 is marked do not touch and will be skipped in global connections.
[WARNING ODB-0383] vs_12_20 is marked do not touch and will be skipped in global connections.
[WARNING ODB-0383] vs_12_21 is marked do not touch and will be skipped in global connections.
[WARNING ODB-0383] vs_12_22 is marked do not touch and will be skipped in global connections.
[WARNING ODB-0383] vs_12_23 is marked do not touch and will be skipped in global connections.
[WARNING ODB-0383] vs_12_24 is marked do not touch and will be skipped in global connections.
[WARNING ODB-0383] vs_12_25 is marked do not touch and will be skipped in global connections.
[WARNING ODB-0383] vs_12_26 is marked do not touch and will be skipped in global connections.
[WARNING ODB-0383] vs_12_27 is marked do not touch and will be skipped in global connections.
[WARNING ODB-0383] vs_12_28 is marked do not touch and will be skipped in global connections.
[WARNING ODB-0383] vs_12_29 is marked do not touch and will be skipped in global connections.
[WARNING ODB-0383] vs_12_3 is marked do not touch and will be skipped in global connections.
[WARNING ODB-0383] vs_12_30 is marked do not touch and will be skipped in global connections.
[WARNING ODB-0383] vs_12_31 is marked do not touch and will be skipped in global connections.
[WARNING ODB-0383] vs_12_32 is marked do not touch and will be skipped in global connections.
[WARNING ODB-0383] vs_12_33 is marked do not touch and will be skipped in global connections.
[WARNING ODB-0383] vs_12_34 is marked do not touch and will be skipped in global connections.
[WARNING ODB-0383] vs_12_35 is marked do not touch and will be skipped in global connections.
[WARNING ODB-0383] vs_12_36 is marked do not touch and will be skipped in global connections.
[WARNING ODB-0383] vs_12_37 is marked do not touch and will be skipped in global connections.
[WARNING ODB-0383] vs_12_38 is marked do not touch and will be skipped in global connections.
[WARNING ODB-0383] vs_12_39 is marked do not touch and will be skipped in global connections.
[WARNING ODB-0383] vs_12_4 is marked do not touch and will be skipped in global connections.
[WARNING ODB-0383] vs_12_40 is marked do not touch and will be skipped in global connections.
[WARNING ODB-0383] vs_12_41 is marked do not touch and will be skipped in global connections.
[WARNING ODB-0383] vs_12_42 is marked do not touch and will be skipped in global connections.
[WARNING ODB-0383] vs_12_43 is marked do not touch and will be skipped in global connections.
[WARNING ODB-0383] vs_12_44 is marked do not touch and will be skipped in global connections.
[WARNING ODB-0383] vs_12_45 is marked do not touch and will be skipped in global connections.
[WARNING ODB-0383] vs_12_46 is marked do not touch and will be skipped in global connections.
[WARNING ODB-0383] vs_12_47 is marked do not touch and will be skipped in global connections.
[WARNING ODB-0383] vs_12_48 is marked do not touch and will be skipped in global connections.
[WARNING ODB-0383] vs_12_49 is marked do not touch and will be skipped in global connections.
[WARNING ODB-0383] vs_12_5 is marked do not touch and will be skipped in global connections.
[WARNING ODB-0383] vs_12_50 is marked do not touch and will be skipped in global connections.
[WARNING ODB-0383] vs_12_51 is marked do not touch and will be skipped in global connections.
[WARNING ODB-0383] vs_12_52 is marked do not touch and will be skipped in global connections.
[WARNING ODB-0383] vs_12_53 is marked do not touch and will be skipped in global connections.
[WARNING ODB-0383] vs_12_54 is marked do not touch and will be skipped in global connections.
[WARNING ODB-0383] vs_12_55 is marked do not touch and will be skipped in global connections.
[WARNING ODB-0383] vs_12_56 is marked do not touch and will be skipped in global connections.
[WARNING ODB-0383] vs_12_57 is marked do not touch and will be skipped in global connections.
[WARNING ODB-0383] vs_12_58 is marked do not touch and will be skipped in global connections.
[WARNING ODB-0383] vs_12_59 is marked do not touch and will be skipped in global connections.
[WARNING ODB-0383] vs_12_6 is marked do not touch and will be skipped in global connections.
[WARNING ODB-0383] vs_12_60 is marked do not touch and will be skipped in global connections.
[WARNING ODB-0383] vs_12_61 is marked do not touch and will be skipped in global connections.
[WARNING ODB-0383] vs_12_62 is marked do not touch and will be skipped in global connections.
[WARNING ODB-0383] vs_12_63 is marked do not touch and will be skipped in global connections.
[WARNING ODB-0383] vs_12_7 is marked do not touch and will be skipped in global connections.
[WARNING ODB-0383] vs_12_8 is marked do not touch and will be skipped in global connections.
[WARNING ODB-0383] vs_12_9 is marked do not touch and will be skipped in global connections.
[WARNING ODB-0383] vs_13_0 is marked do not touch and will be skipped in global connections.
[WARNING ODB-0383] vs_13_1 is marked do not touch and will be skipped in global connections.
[WARNING ODB-0383] vs_13_10 is marked do not touch and will be skipped in global connections.
[WARNING ODB-0383] vs_13_11 is marked do not touch and will be skipped in global connections.
[WARNING ODB-0383] vs_13_12 is marked do not touch and will be skipped in global connections.
[WARNING ODB-0383] vs_13_13 is marked do not touch and will be skipped in global connections.
[WARNING ODB-0383] vs_13_14 is marked do not touch and will be skipped in global connections.
[WARNING ODB-0383] vs_13_15 is marked do not touch and will be skipped in global connections.
[WARNING ODB-0383] vs_13_16 is marked do not touch and will be skipped in global connections.
[WARNING ODB-0383] vs_13_17 is marked do not touch and will be skipped in global connections.
[WARNING ODB-0383] vs_13_18 is marked do not touch and will be skipped in global connections.
[WARNING ODB-0383] vs_13_19 is marked do not touch and will be skipped in global connections.
[WARNING ODB-0383] vs_13_2 is marked do not touch and will be skipped in global connections.
[WARNING ODB-0383] vs_13_20 is marked do not touch and will be skipped in global connections.
[WARNING ODB-0383] vs_13_21 is marked do not touch and will be skipped in global connections.
[WARNING ODB-0383] vs_13_22 is marked do not touch and will be skipped in global connections.
[WARNING ODB-0383] vs_13_23 is marked do not touch and will be skipped in global connections.
[WARNING ODB-0383] vs_13_24 is marked do not touch and will be skipped in global connections.
[WARNING ODB-0383] vs_13_25 is marked do not touch and will be skipped in global connections.
[WARNING ODB-0383] vs_13_26 is marked do not touch and will be skipped in global connections.
[WARNING ODB-0383] vs_13_27 is marked do not touch and will be skipped in global connections.
[WARNING ODB-0383] vs_13_28 is marked do not touch and will be skipped in global connections.
[WARNING ODB-0383] vs_13_29 is marked do not touch and will be skipped in global connections.
[WARNING ODB-0383] vs_13_3 is marked do not touch and will be skipped in global connections.
[WARNING ODB-0383] vs_13_30 is marked do not touch and will be skipped in global connections.
[WARNING ODB-0383] vs_13_31 is marked do not touch and will be skipped in global connections.
[WARNING ODB-0383] vs_13_32 is marked do not touch and will be skipped in global connections.
[WARNING ODB-0383] vs_13_33 is marked do not touch and will be skipped in global connections.
[WARNING ODB-0383] vs_13_34 is marked do not touch and will be skipped in global connections.
[WARNING ODB-0383] vs_13_35 is marked do not touch and will be skipped in global connections.
[WARNING ODB-0383] vs_13_36 is marked do not touch and will be skipped in global connections.
[WARNING ODB-0383] vs_13_37 is marked do not touch and will be skipped in global connections.
[WARNING ODB-0383] vs_13_38 is marked do not touch and will be skipped in global connections.
[WARNING ODB-0383] vs_13_39 is marked do not touch and will be skipped in global connections.
[WARNING ODB-0383] vs_13_4 is marked do not touch and will be skipped in global connections.
[WARNING ODB-0383] vs_13_40 is marked do not touch and will be skipped in global connections.
[WARNING ODB-0383] vs_13_41 is marked do not touch and will be skipped in global connections.
[WARNING ODB-0383] vs_13_42 is marked do not touch and will be skipped in global connections.
[WARNING ODB-0383] vs_13_43 is marked do not touch and will be skipped in global connections.
[WARNING ODB-0383] vs_13_44 is marked do not touch and will be skipped in global connections.
[WARNING ODB-0383] vs_13_45 is marked do not touch and will be skipped in global connections.
[WARNING ODB-0383] vs_13_46 is marked do not touch and will be skipped in global connections.
[WARNING ODB-0383] vs_13_47 is marked do not touch and will be skipped in global connections.
[WARNING ODB-0383] vs_13_48 is marked do not touch and will be skipped in global connections.
[WARNING ODB-0383] vs_13_49 is marked do not touch and will be skipped in global connections.
[WARNING ODB-0383] vs_13_5 is marked do not touch and will be skipped in global connections.
[WARNING ODB-0383] vs_13_50 is marked do not touch and will be skipped in global connections.
[WARNING ODB-0383] vs_13_51 is marked do not touch and will be skipped in global connections.
[WARNING ODB-0383] vs_13_52 is marked do not touch and will be skipped in global connections.
[WARNING ODB-0383] vs_13_53 is marked do not touch and will be skipped in global connections.
[WARNING ODB-0383] vs_13_54 is marked do not touch and will be skipped in global connections.
[WARNING ODB-0383] vs_13_55 is marked do not touch and will be skipped in global connections.
[WARNING ODB-0383] vs_13_56 is marked do not touch and will be skipped in global connections.
[WARNING ODB-0383] vs_13_57 is marked do not touch and will be skipped in global connections.
[WARNING ODB-0383] vs_13_58 is marked do not touch and will be skipped in global connections.
[WARNING ODB-0383] vs_13_59 is marked do not touch and will be skipped in global connections.
[WARNING ODB-0383] vs_13_6 is marked do not touch and will be skipped in global connections.
[WARNING ODB-0383] vs_13_60 is marked do not touch and will be skipped in global connections.
[WARNING ODB-0383] vs_13_61 is marked do not touch and will be skipped in global connections.
[WARNING ODB-0383] vs_13_62 is marked do not touch and will be skipped in global connections.
[WARNING ODB-0383] vs_13_63 is marked do not touch and will be skipped in global connections.
[WARNING ODB-0383] vs_13_7 is marked do not touch and will be skipped in global connections.
[WARNING ODB-0383] vs_13_8 is marked do not touch and will be skipped in global connections.
[WARNING ODB-0383] vs_13_9 is marked do not touch and will be skipped in global connections.
[WARNING ODB-0383] vs_14_0 is marked do not touch and will be skipped in global connections.
[WARNING ODB-0383] vs_14_1 is marked do not touch and will be skipped in global connections.
[WARNING ODB-0383] vs_14_10 is marked do not touch and will be skipped in global connections.
[WARNING ODB-0383] vs_14_11 is marked do not touch and will be skipped in global connections.
[WARNING ODB-0383] vs_14_12 is marked do not touch and will be skipped in global connections.
[WARNING ODB-0383] vs_14_13 is marked do not touch and will be skipped in global connections.
[WARNING ODB-0383] vs_14_14 is marked do not touch and will be skipped in global connections.
[WARNING ODB-0383] vs_14_15 is marked do not touch and will be skipped in global connections.
[WARNING ODB-0383] vs_14_16 is marked do not touch and will be skipped in global connections.
[WARNING ODB-0383] vs_14_17 is marked do not touch and will be skipped in global connections.
[WARNING ODB-0383] vs_14_18 is marked do not touch and will be skipped in global connections.
[WARNING ODB-0383] vs_14_19 is marked do not touch and will be skipped in global connections.
[WARNING ODB-0383] vs_14_2 is marked do not touch and will be skipped in global connections.
[WARNING ODB-0383] vs_14_20 is marked do not touch and will be skipped in global connections.
[WARNING ODB-0383] vs_14_21 is marked do not touch and will be skipped in global connections.
[WARNING ODB-0383] vs_14_22 is marked do not touch and will be skipped in global connections.
[WARNING ODB-0383] vs_14_23 is marked do not touch and will be skipped in global connections.
[WARNING ODB-0383] vs_14_24 is marked do not touch and will be skipped in global connections.
[WARNING ODB-0383] vs_14_25 is marked do not touch and will be skipped in global connections.
[WARNING ODB-0383] vs_14_26 is marked do not touch and will be skipped in global connections.
[WARNING ODB-0383] vs_14_27 is marked do not touch and will be skipped in global connections.
[WARNING ODB-0383] vs_14_28 is marked do not touch and will be skipped in global connections.
[WARNING ODB-0383] vs_14_29 is marked do not touch and will be skipped in global connections.
[WARNING ODB-0383] vs_14_3 is marked do not touch and will be skipped in global connections.
[WARNING ODB-0383] vs_14_30 is marked do not touch and will be skipped in global connections.
[WARNING ODB-0383] vs_14_31 is marked do not touch and will be skipped in global connections.
[WARNING ODB-0383] vs_14_32 is marked do not touch and will be skipped in global connections.
[WARNING ODB-0383] vs_14_33 is marked do not touch and will be skipped in global connections.
[WARNING ODB-0383] vs_14_34 is marked do not touch and will be skipped in global connections.
[WARNING ODB-0383] vs_14_35 is marked do not touch and will be skipped in global connections.
[WARNING ODB-0383] vs_14_36 is marked do not touch and will be skipped in global connections.
[WARNING ODB-0383] vs_14_37 is marked do not touch and will be skipped in global connections.
[WARNING ODB-0383] vs_14_38 is marked do not touch and will be skipped in global connections.
[WARNING ODB-0383] vs_14_39 is marked do not touch and will be skipped in global connections.
[WARNING ODB-0383] vs_14_4 is marked do not touch and will be skipped in global connections.
[WARNING ODB-0383] vs_14_40 is marked do not touch and will be skipped in global connections.
[WARNING ODB-0383] vs_14_41 is marked do not touch and will be skipped in global connections.
[WARNING ODB-0383] vs_14_42 is marked do not touch and will be skipped in global connections.
[WARNING ODB-0383] vs_14_43 is marked do not touch and will be skipped in global connections.
[WARNING ODB-0383] vs_14_44 is marked do not touch and will be skipped in global connections.
[WARNING ODB-0383] vs_14_45 is marked do not touch and will be skipped in global connections.
[WARNING ODB-0383] vs_14_46 is marked do not touch and will be skipped in global connections.
[WARNING ODB-0383] vs_14_47 is marked do not touch and will be skipped in global connections.
[WARNING ODB-0383] vs_14_48 is marked do not touch and will be skipped in global connections.
[WARNING ODB-0383] vs_14_49 is marked do not touch and will be skipped in global connections.
[WARNING ODB-0383] vs_14_5 is marked do not touch and will be skipped in global connections.
[WARNING ODB-0383] vs_14_50 is marked do not touch and will be skipped in global connections.
[WARNING ODB-0383] vs_14_51 is marked do not touch and will be skipped in global connections.
[WARNING ODB-0383] vs_14_52 is marked do not touch and will be skipped in global connections.
[WARNING ODB-0383] vs_14_53 is marked do not touch and will be skipped in global connections.
[WARNING ODB-0383] vs_14_54 is marked do not touch and will be skipped in global connections.
[WARNING ODB-0383] vs_14_55 is marked do not touch and will be skipped in global connections.
[WARNING ODB-0383] vs_14_56 is marked do not touch and will be skipped in global connections.
[WARNING ODB-0383] vs_14_57 is marked do not touch and will be skipped in global connections.
[WARNING ODB-0383] vs_14_58 is marked do not touch and will be skipped in global connections.
[WARNING ODB-0383] vs_14_59 is marked do not touch and will be skipped in global connections.
[WARNING ODB-0383] vs_14_6 is marked do not touch and will be skipped in global connections.
[WARNING ODB-0383] vs_14_60 is marked do not touch and will be skipped in global connections.
[WARNING ODB-0383] vs_14_61 is marked do not touch and will be skipped in global connections.
[WARNING ODB-0383] vs_14_62 is marked do not touch and will be skipped in global connections.
[WARNING ODB-0383] vs_14_63 is marked do not touch and will be skipped in global connections.
[WARNING ODB-0383] vs_14_7 is marked do not touch and will be skipped in global connections.
[WARNING ODB-0383] vs_14_8 is marked do not touch and will be skipped in global connections.
[WARNING ODB-0383] vs_14_9 is marked do not touch and will be skipped in global connections.
[WARNING ODB-0383] vs_15_0 is marked do not touch and will be skipped in global connections.
[WARNING ODB-0383] vs_15_1 is marked do not touch and will be skipped in global connections.
[WARNING ODB-0383] vs_15_10 is marked do not touch and will be skipped in global connections.
[WARNING ODB-0383] vs_15_11 is marked do not touch and will be skipped in global connections.
[WARNING ODB-0383] vs_15_12 is marked do not touch and will be skipped in global connections.
[WARNING ODB-0383] vs_15_13 is marked do not touch and will be skipped in global connections.
[WARNING ODB-0383] vs_15_14 is marked do not touch and will be skipped in global connections.
[WARNING ODB-0383] vs_15_15 is marked do not touch and will be skipped in global connections.
[WARNING ODB-0383] vs_15_16 is marked do not touch and will be skipped in global connections.
[WARNING ODB-0383] vs_15_17 is marked do not touch and will be skipped in global connections.
[WARNING ODB-0383] vs_15_18 is marked do not touch and will be skipped in global connections.
[WARNING ODB-0383] vs_15_19 is marked do not touch and will be skipped in global connections.
[WARNING ODB-0383] vs_15_2 is marked do not touch and will be skipped in global connections.
[WARNING ODB-0383] vs_15_20 is marked do not touch and will be skipped in global connections.
[WARNING ODB-0383] vs_15_21 is marked do not touch and will be skipped in global connections.
[WARNING ODB-0383] vs_15_22 is marked do not touch and will be skipped in global connections.
[WARNING ODB-0383] vs_15_23 is marked do not touch and will be skipped in global connections.
[WARNING ODB-0383] vs_15_24 is marked do not touch and will be skipped in global connections.
[WARNING ODB-0383] vs_15_25 is marked do not touch and will be skipped in global connections.
[WARNING ODB-0383] vs_15_26 is marked do not touch and will be skipped in global connections.
[WARNING ODB-0383] vs_15_27 is marked do not touch and will be skipped in global connections.
[WARNING ODB-0383] vs_15_28 is marked do not touch and will be skipped in global connections.
[WARNING ODB-0383] vs_15_29 is marked do not touch and will be skipped in global connections.
[WARNING ODB-0383] vs_15_3 is marked do not touch and will be skipped in global connections.
[WARNING ODB-0383] vs_15_30 is marked do not touch and will be skipped in global connections.
[WARNING ODB-0383] vs_15_31 is marked do not touch and will be skipped in global connections.
[WARNING ODB-0383] vs_15_32 is marked do not touch and will be skipped in global connections.
[WARNING ODB-0383] vs_15_33 is marked do not touch and will be skipped in global connections.
[WARNING ODB-0383] vs_15_34 is marked do not touch and will be skipped in global connections.
[WARNING ODB-0383] vs_15_35 is marked do not touch and will be skipped in global connections.
[WARNING ODB-0383] vs_15_36 is marked do not touch and will be skipped in global connections.
[WARNING ODB-0383] vs_15_37 is marked do not touch and will be skipped in global connections.
[WARNING ODB-0383] vs_15_38 is marked do not touch and will be skipped in global connections.
[WARNING ODB-0383] vs_15_39 is marked do not touch and will be skipped in global connections.
[WARNING ODB-0383] vs_15_4 is marked do not touch and will be skipped in global connections.
[WARNING ODB-0383] vs_15_40 is marked do not touch and will be skipped in global connections.
[WARNING ODB-0383] vs_15_41 is marked do not touch and will be skipped in global connections.
[WARNING ODB-0383] vs_15_42 is marked do not touch and will be skipped in global connections.
[WARNING ODB-0383] vs_15_43 is marked do not touch and will be skipped in global connections.
[WARNING ODB-0383] vs_15_44 is marked do not touch and will be skipped in global connections.
[WARNING ODB-0383] message limit (1000) reached. This message will no longer print.
[INFO PDN-0001] Inserting grid: grid
[INFO PDN-0500] Runtime: 0.09s
Design area 284752 um^2 47% utilization.
write_db /work/orfs/results/sky130hd/g2_pc2_u45/base/2_4_floorplan_pdn.odb
Elapsed time: 0:01.45[h:]min:sec. CPU time: user 0.96 sys 0.10 (73%). Peak memory: 151128KB.
Log                       Ext     Elapsed/s Peak Memory/MB sha1sum result [0:20)
2_4_floorplan_pdn         .odb            1            147 aaf834a99cf37e2c0bda
cp /work/orfs/results/sky130hd/g2_pc2_u45/base/2_4_floorplan_pdn.odb /work/orfs/results/sky130hd/g2_pc2_u45/base/2_floorplan.odb
cp /work/orfs/results/sky130hd/g2_pc2_u45/base/2_1_floorplan.sdc /work/orfs/results/sky130hd/g2_pc2_u45/base/2_floorplan.sdc
/OpenROAD-flow-scripts/flow/scripts/flow.sh 3_1_place_gp_skip_io global_place_skip_io
Running global_place_skip_io.tcl, stage 3_1_place_gp_skip_io
read_liberty /OpenROAD-flow-scripts/flow/platforms/sky130hd/lib/sky130_fd_sc_hd__tt_025C_1v80.lib
read_liberty /work/cells/g2_cells.lib
read_db /work/orfs/results/sky130hd/g2_pc2_u45/base/2_floorplan.odb
read_sdc /work/orfs/results/sky130hd/g2_pc2_u45/base/2_floorplan.sdc
source /OpenROAD-flow-scripts/flow/platforms/sky130hd/setRC.tcl
global_placement -skip_io -density 0.6 -pad_left 0 -pad_right 0
[INFO GPL-0001] ---- Initialize GPL Main Data Structures
[INFO GPL-0002] DBU: 1000
[INFO GPL-0003] SiteSize: (  0.460  2.720 ) um
[INFO GPL-0004] CoreBBox: (  2.300  2.720 ) ( 782.000 780.640 ) um
[INFO GPL-0016] Core area:                  606544.224 um^2
[INFO GPL-0036] Movable instances area:     274662.173 um^2
[INFO GPL-0037] Total instances area:       284751.850 um^2
[INFO GPL-0035] Pin density area adjust:     13370.567 um^2
[INFO GPL-0032] ---- Initialize Region: Top-level
[INFO GPL-0006] Number of instances:             38474
[INFO GPL-0007] Movable instances:               30410
[INFO GPL-0008] Fixed instances:                  8064
[INFO GPL-0009] Dummy instances:                     0
[INFO GPL-0010] Number of nets:                  30348
[INFO GPL-0011] Number of pins:                  88798
[INFO GPL-0012] Die BBox:       (  0.000  0.000 ) ( 784.175 784.175 ) um
[INFO GPL-0013] Placement BBox: (  2.300  2.720 ) ( 782.000 780.640 ) um
[INFO GPL-0014] Region name: top-level.
[INFO GPL-0015] Region area:                606544.224 um^2
[INFO GPL-0017] Fixed instances area:        10089.677 um^2
[INFO GPL-0018] Movable instances area:     288032.740 um^2
[INFO GPL-0019] Utilization:                    48.291 %
[INFO GPL-0020] Standard cells area:        288032.740 um^2
[INFO GPL-0021] Large instances area:            0.000 um^2
[INFO GPL-0005] ---- Execute Conjugate Gradient Initial Placement.
[INFO GPL-0051] Source of initial instance position counters:
	Odb location = 0	Core center = 30410	Region center = 0
[INFO GPL-0033] ---- Initialize Nesterov Region: Top-level
[INFO GPL-0023] Placement target density:       0.6000
[INFO GPL-0024] Movable insts average area:      9.472 um^2
[INFO GPL-0025] Ideal bin area:                 15.786 um^2
[INFO GPL-0026] Ideal bin count:                 38422
[INFO GPL-0027] Total bin area:             606544.224 um^2
[INFO GPL-0028] Bin count (X, Y):         128 ,    128
[INFO GPL-0029] Bin size (W * H):       6.091 *  6.077 um
[INFO GPL-0030] Number of bins:                  16384
[INFO GPL-0084] ---- Execute Nesterov Global Placement.
[INFO GPL-0031] HPWL: Half-Perimeter Wirelength
Iteration | Overflow |     HPWL (um) |  HPWL(%) |   Penalty | Group
---------------------------------------------------------------
        0 |   0.9995 |  6.052145e+04 |   +0.00% |  8.44e-16 |      
       10 |   0.9992 |  4.525402e+04 |  -25.23% |  1.37e-15 |      
       20 |   0.9992 |  4.034767e+04 |  -10.84% |  2.24e-15 |      
       30 |   0.9990 |  3.796027e+04 |   -5.92% |  3.65e-15 |      
       40 |   0.9989 |  3.648214e+04 |   -3.89% |  5.94e-15 |      
       50 |   0.9988 |  3.578889e+04 |   -1.90% |  9.67e-15 |      
       60 |   0.9988 |  3.552026e+04 |   -0.75% |  1.58e-14 |      
       70 |   0.9988 |  3.545145e+04 |   -0.19% |  2.57e-14 |      
       80 |   0.9988 |  3.566280e+04 |   +0.60% |  4.18e-14 |      
       90 |   0.9987 |  3.646342e+04 |   +2.24% |  6.81e-14 |      
      100 |   0.9985 |  3.820773e+04 |   +4.78% |  1.11e-13 |      
      110 |   0.9978 |  4.155809e+04 |   +8.77% |  1.81e-13 |      
      120 |   0.9966 |  4.804674e+04 |  +15.61% |  2.94e-13 |      
      130 |   0.9940 |  6.060454e+04 |  +26.14% |  4.78e-13 |      
      140 |   0.9896 |  8.316551e+04 |  +37.23% |  7.77e-13 |      
      150 |   0.9816 |  1.128570e+05 |  +35.70% |  1.26e-12 |      
      160 |   0.9661 |  1.405121e+05 |  +24.50% |  2.05e-12 |      
      170 |   0.9419 |  1.565510e+05 |  +11.41% |  3.33e-12 |      
      180 |   0.9068 |  1.594707e+05 |   +1.87% |  5.42e-12 |      
      190 |   0.8630 |  1.537383e+05 |   -3.59% |  8.83e-12 |      
      200 |   0.8255 |  1.494382e+05 |   -2.80% |  1.44e-11 |      
      210 |   0.7734 |  1.570778e+05 |   +5.11% |  2.34e-11 |      
      220 |   0.7271 |  1.549317e+05 |   -1.37% |  3.81e-11 |      
      230 |   0.7171 |  1.385874e+05 |  -10.55% |  6.21e-11 |      
      240 |   0.7345 |  1.292244e+05 |   -6.76% |  1.01e-10 |      
      250 |   0.6972 |  1.426085e+05 |  +10.36% |  1.65e-10 |      
      260 |   0.6464 |  1.539430e+05 |   +7.95% |  2.68e-10 |      
      270 |   0.6216 |  1.820573e+05 |  +18.26% |  4.35e-10 |      
      280 |   0.5907 |  2.437237e+05 |  +33.87% |  7.04e-10 |      
      290 |   0.5373 |  2.825640e+05 |  +15.94% |  1.14e-09 |      
      300 |   0.4917 |  2.723914e+05 |   -3.60% |  1.86e-09 |      
      310 |   0.4593 |  2.606093e+05 |   -4.33% |  3.02e-09 |      
      320 |   0.4277 |  2.355250e+05 |   -9.63% |  4.93e-09 |      
      330 |   0.3810 |  2.324493e+05 |   -1.31% |  8.02e-09 |      
      340 |   0.3508 |  2.207095e+05 |   -5.05% |  1.31e-08 |      
      350 |   0.3189 |  2.129469e+05 |   -3.52% |  1.96e-08 |      
      360 |   0.2910 |  2.081778e+05 |   -2.24% |  2.89e-08 |      
      370 |   0.2625 |  2.034497e+05 |   -2.27% |  4.26e-08 |      
      380 |   0.2341 |  2.005890e+05 |   -1.41% |  6.28e-08 |      
      390 |   0.2078 |  1.984157e+05 |   -1.08% |  9.25e-08 |      
      400 |   0.1831 |  1.973294e+05 |   -0.55% |  1.36e-07 |      
      410 |   0.1592 |  1.969588e+05 |   -0.19% |  2.01e-07 |      
      420 |   0.1365 |  1.973792e+05 |   +0.21% |  2.96e-07 |      
      430 |   0.1162 |  1.982950e+05 |   +0.46% |  4.35e-07 |      
      439 |   0.0996 |  1.993169e+05 |          |  6.41e-07 |      
---------------------------------------------------------------
[INFO GPL-1001] Global placement finished at iteration 439
[INFO GPL-1002] Placed Cell Area            288032.7398
[INFO GPL-1003] Available Free Area         596454.5472
[INFO GPL-1004] Minimum Feasible Density        0.4900 (cell_area / free_area)
[INFO GPL-1006]   Suggested Target Densities:
[INFO GPL-1007]     - For 90% usage of free space: 0.5366
[INFO GPL-1008]     - For 80% usage of free space: 0.6036
[INFO GPL-1009]     - For 50% usage of free space: 0.9658
[INFO GPL-1014] Final placement area: 288032.74 (+0.00%)
[INFO GPL-1018] Final HPWL (um): 199624.17
Took 10 seconds: global_placement -skip_io -density 0.6 -pad_left 0 -pad_right 0
Design area 284752 um^2 47% utilization.
write_db /work/orfs/results/sky130hd/g2_pc2_u45/base/3_1_place_gp_skip_io.odb
Elapsed time: 0:11.06[h:]min:sec. CPU time: user 8.44 sys 0.30 (78%). Peak memory: 194892KB.
Log                       Ext     Elapsed/s Peak Memory/MB sha1sum result [0:20)
3_1_place_gp_skip_io      .odb           11            190 e2babd49f9657ab2fa9e
/OpenROAD-flow-scripts/flow/scripts/flow.sh 3_2_place_iop io_placement
Running io_placement.tcl, stage 3_2_place_iop
read_liberty /OpenROAD-flow-scripts/flow/platforms/sky130hd/lib/sky130_fd_sc_hd__tt_025C_1v80.lib
read_liberty /work/cells/g2_cells.lib
read_db /work/orfs/results/sky130hd/g2_pc2_u45/base/3_1_place_gp_skip_io.odb
read_sdc /work/orfs/results/sky130hd/g2_pc2_u45/base/2_floorplan.sdc
source /OpenROAD-flow-scripts/flow/platforms/sky130hd/setRC.tcl
place_pins -hor_layers met3 -ver_layers met2
Found 0 macro blocks.
Using 2 tracks default min distance between IO pins.
[INFO PPL-0001] Number of available slots 2848
[INFO PPL-0002] Number of I/O             194
[INFO PPL-0003] Number of I/O w/sink      194
[INFO PPL-0004] Number of I/O w/o sink    0
[INFO PPL-0005] Slots per section         200
[INFO PPL-0008] Successfully assigned pins to sections.
[INFO PPL-0012] I/O nets HPWL: 30634.42 um.
Design area 284752 um^2 47% utilization.
write_db /work/orfs/results/sky130hd/g2_pc2_u45/base/3_2_place_iop.odb
Elapsed time: 0:00.76[h:]min:sec. CPU time: user 0.49 sys 0.10 (77%). Peak memory: 148144KB.
Log                       Ext     Elapsed/s Peak Memory/MB sha1sum result [0:20)
3_2_place_iop             .odb            0            144 27d19444806428e09245
/OpenROAD-flow-scripts/flow/scripts/flow.sh 3_3_place_gp global_place
Running global_place.tcl, stage 3_3_place_gp
read_liberty /OpenROAD-flow-scripts/flow/platforms/sky130hd/lib/sky130_fd_sc_hd__tt_025C_1v80.lib
read_liberty /work/cells/g2_cells.lib
read_db /work/orfs/results/sky130hd/g2_pc2_u45/base/3_2_place_iop.odb
read_sdc /work/orfs/results/sky130hd/g2_pc2_u45/base/2_floorplan.sdc
source /OpenROAD-flow-scripts/flow/platforms/sky130hd/setRC.tcl
[INFO RSZ-0026] Removed 0 buffers.
Perform port buffering...
[INFO RSZ-0027] Inserted 65 sky130_fd_sc_hd__clkdlybuf4s50_1 input buffers.
[INFO RSZ-0028] Inserted 128 sky130_fd_sc_hd__clkdlybuf4s50_1 output buffers.
global_placement -density 0.6 -pad_left 0 -pad_right 0 -routability_driven -timing_driven -force_center_initial_place -min_phi_coef 0.95 -max_phi_coef 1.05
[INFO GPL-0001] ---- Initialize GPL Main Data Structures
[INFO GPL-0002] DBU: 1000
[INFO GPL-0003] SiteSize: (  0.460  2.720 ) um
[INFO GPL-0004] CoreBBox: (  2.300  2.720 ) ( 782.000 780.640 ) um
[INFO GPL-0016] Core area:                  606544.224 um^2
[INFO GPL-0036] Movable instances area:     276594.026 um^2
[INFO GPL-0037] Total instances area:       286683.702 um^2
[INFO GPL-0035] Pin density area adjust:     13725.269 um^2
[INFO GPL-0032] ---- Initialize Region: Top-level
[INFO GPL-0006] Number of instances:             38667
[INFO GPL-0007] Movable instances:               30603
[INFO GPL-0008] Fixed instances:                  8064
[INFO GPL-0009] Dummy instances:                     0
[INFO GPL-0010] Number of nets:                  30541
[INFO GPL-0011] Number of pins:                  89378
[INFO GPL-0012] Die BBox:       (  0.000  0.000 ) ( 784.175 784.175 ) um
[INFO GPL-0013] Placement BBox: (  2.300  2.720 ) ( 782.000 780.640 ) um
[INFO GPL-0014] Region name: top-level.
[INFO GPL-0015] Region area:                606544.224 um^2
[INFO GPL-0017] Fixed instances area:        10089.677 um^2
[INFO GPL-0018] Movable instances area:     290319.295 um^2
[INFO GPL-0019] Utilization:                    48.674 %
[INFO GPL-0020] Standard cells area:        290319.295 um^2
[INFO GPL-0021] Large instances area:            0.000 um^2
[INFO GPL-0005] ---- Execute Conjugate Gradient Initial Placement.
[INFO GPL-0051] Source of initial instance position counters:
	Odb location = 0	Core center = 30603	Region center = 0
[InitialPlace]  Iter: 1 conjugate gradient residual: 0.00549700 HPWL: 445211795
[InitialPlace]  Iter: 2 conjugate gradient residual: 0.00043149 HPWL: 316059594
[InitialPlace]  Iter: 3 conjugate gradient residual: 0.00046150 HPWL: 306828705
[InitialPlace]  Iter: 4 conjugate gradient residual: 0.00040330 HPWL: 298000423
[InitialPlace]  Iter: 5 conjugate gradient residual: 0.00035747 HPWL: 291578483
[InitialPlace]  Iter: 6 conjugate gradient residual: 0.00030998 HPWL: 286696176
[InitialPlace]  Iter: 7 conjugate gradient residual: 0.00028578 HPWL: 283164102
[InitialPlace]  Iter: 8 conjugate gradient residual: 0.00024931 HPWL: 280048446
[InitialPlace]  Iter: 9 conjugate gradient residual: 0.00021305 HPWL: 277334651
[InitialPlace]  Iter: 10 conjugate gradient residual: 0.00019766 HPWL: 274752167
[InitialPlace]  Iter: 11 conjugate gradient residual: 0.00017287 HPWL: 272835994
[InitialPlace]  Iter: 12 conjugate gradient residual: 0.00015206 HPWL: 270866437
[InitialPlace]  Iter: 13 conjugate gradient residual: 0.00013391 HPWL: 269127891
[InitialPlace]  Iter: 14 conjugate gradient residual: 0.00010892 HPWL: 267628470
[InitialPlace]  Iter: 15 conjugate gradient residual: 0.00008017 HPWL: 266370052
[InitialPlace]  Iter: 16 conjugate gradient residual: 0.00004626 HPWL: 264838729
[InitialPlace]  Iter: 17 conjugate gradient residual: 0.00004917 HPWL: 264662744
[InitialPlace]  Iter: 18 conjugate gradient residual: 0.00004741 HPWL: 264628861
[InitialPlace]  Iter: 19 conjugate gradient residual: 0.00004382 HPWL: 264598857
[InitialPlace]  Iter: 20 conjugate gradient residual: 0.00004455 HPWL: 264566796
[INFO GPL-0033] ---- Initialize Nesterov Region: Top-level
[INFO GPL-0023] Placement target density:       0.6000
[INFO GPL-0024] Movable insts average area:      9.487 um^2
[INFO GPL-0025] Ideal bin area:                 15.811 um^2
[INFO GPL-0026] Ideal bin count:                 38362
[INFO GPL-0027] Total bin area:             606544.224 um^2
[INFO GPL-0028] Bin count (X, Y):         128 ,    128
[INFO GPL-0029] Bin size (W * H):       6.091 *  6.077 um
[INFO GPL-0030] Number of bins:                  16384
[INFO GPL-0084] ---- Execute Nesterov Global Placement.
[INFO GPL-0031] HPWL: Half-Perimeter Wirelength
Iteration | Overflow |     HPWL (um) |  HPWL(%) |   Penalty | Group
---------------------------------------------------------------
        0 |   0.9433 |  5.464067e+04 |   +0.00% |  1.02e-15 |      
       10 |   0.9082 |  6.783846e+04 |  +24.15% |  1.67e-15 |      
       20 |   0.8846 |  8.072578e+04 |  +19.00% |  2.71e-15 |      
       30 |   0.8699 |  8.901952e+04 |  +10.27% |  4.41e-15 |      
       40 |   0.8630 |  9.127073e+04 |   +2.53% |  7.18e-15 |      
       50 |   0.8651 |  8.935118e+04 |   -2.10% |  1.17e-14 |      
       60 |   0.8667 |  8.681709e+04 |   -2.84% |  1.91e-14 |      
       70 |   0.8694 |  8.591062e+04 |   -1.04% |  3.10e-14 |      
       80 |   0.8695 |  8.615348e+04 |   +0.28% |  5.06e-14 |      
       90 |   0.8688 |  8.652732e+04 |   +0.43% |  8.24e-14 |      
      100 |   0.8691 |  8.682275e+04 |   +0.34% |  1.34e-13 |      
      110 |   0.8699 |  8.674549e+04 |   -0.09% |  2.19e-13 |      
      120 |   0.8709 |  8.654016e+04 |   -0.24% |  3.56e-13 |      
      130 |   0.8721 |  8.649821e+04 |   -0.05% |  5.80e-13 |      
      140 |   0.8713 |  8.667810e+04 |   +0.21% |  9.44e-13 |      
      150 |   0.8697 |  8.717268e+04 |   +0.57% |  1.54e-12 |      
      160 |   0.8678 |  8.800956e+04 |   +0.96% |  2.51e-12 |      
      170 |   0.8620 |  8.942314e+04 |   +1.61% |  4.08e-12 |      
      180 |   0.8544 |  9.158418e+04 |   +2.42% |  6.65e-12 |      
      190 |   0.8445 |  9.511935e+04 |   +3.86% |  1.08e-11 |      
      200 |   0.8293 |  1.007556e+05 |   +5.93% |  1.76e-11 |      
      210 |   0.8032 |  1.085490e+05 |   +7.73% |  2.87e-11 |      
      220 |   0.7724 |  1.174270e+05 |   +8.18% |  4.67e-11 |      
      230 |   0.7333 |  1.270044e+05 |   +8.16% |  7.59e-11 |      
      240 |   0.6995 |  1.365128e+05 |   +7.49% |  1.24e-10 |      
      250 |   0.6687 |  1.466796e+05 |   +7.45% |  2.01e-10 |      
      260 |   0.6358 |  1.568000e+05 |   +6.90% |  3.27e-10 |      
[INFO GPL-0100] Timing-driven iteration 1/2, virtual: false.
[INFO GPL-0101]    Iter: 262, overflow: 0.633, keep resizer changes at: 1, HPWL: 157699361
Iteration |   Area    | Resized | Buffers | Nets repaired | Remaining
---------------------------------------------------------------------
        0 |     +0.0% |       0 |       0 |             0 |     30669
    final |     +0.2% |      51 |      70 |             8 |         0
---------------------------------------------------------------------
[INFO RSZ-0034] Found 8 slew violations.
[INFO RSZ-0035] Found 8 fanout violations.
[INFO RSZ-0039] Resized 51 instances.
[INFO RSZ-0038] Inserted 70 buffers in 8 nets.
   Iter   |    Area   | Removed | Inserted |   Pins
          |           | Buffers | Buffers  | Remaining
-------------------------------------------------------
        0 |     +0.0% |       0 |        0 |     25739
     2500 |     +0.5% |       0 |      207 |     23239
     5000 |     +1.2% |       0 |      465 |     20739
     7500 |     +1.6% |       0 |      597 |     18239
    10000 |     +1.9% |       0 |      722 |     15739
    12500 |     +2.8% |       0 |     1067 |     13239
    15000 |     +3.7% |       0 |     1416 |     10739
    17500 |     +4.3% |       0 |     1634 |      8239
    20000 |     +5.1% |       0 |     1953 |      5739
    22500 |     +5.4% |       0 |     2076 |      3239
    25000 |     +6.0% |       0 |     2281 |       739
    final |     +6.4% |      70 |     2490 |         0
-------------------------------------------------------
[INFO GPL-0106] Timing-driven: worst slack -3.5604064e-10
[INFO GPL-0107] Timing-driven: repair_design delta area: 19008.131 um^2 (+6.55%)
[INFO GPL-0108] Timing-driven: repair_design, gpl delta gcells: 2490 (+8.14%)
[INFO GPL-0109] Timing-driven: repair_design, gcells created: 2560, deleted: 70
[INFO GPL-0110] Timing-driven: new target density: 0.63186854
Iteration | Overflow |     HPWL (um) |  HPWL(%) |   Penalty | Group
---------------------------------------------------------------
      270 |   0.6087 |  2.014003e+05 |  +28.44% |  5.30e-10 |      
[INFO GPL-0038] Routability snapshot saved at iter = 275
      274 |   0.5989 |  2.035023e+05 |          |           |      
      280 |   0.5791 |  2.096428e+05 |   +4.09% |  8.62e-10 |      
      290 |   0.5342 |  2.224868e+05 |   +6.13% |  1.40e-09 |      
      300 |   0.4970 |  2.282974e+05 |   +2.61% |  2.28e-09 |      
      310 |   0.4617 |  2.315686e+05 |   +1.43% |  3.72e-09 |      
      320 |   0.4207 |  2.358132e+05 |   +1.83% |  6.05e-09 |      
      330 |   0.3797 |  2.404643e+05 |   +1.97% |  9.85e-09 |      
      340 |   0.3487 |  2.429121e+05 |   +1.02% |  1.60e-08 |      
      350 |   0.3157 |  2.443437e+05 |   +0.59% |  2.39e-08 |      
[INFO GPL-0040] Routability iteration: 1
[WARNING GRT-0281] Net clk has a large fanout of 4363 terminals.
[INFO GPL-0088] Tiles the placer can act on: 7113 of 12769 (55.71%)
[INFO GPL-0041] Total routing overflow: 1.0367
[INFO GPL-0042] Number of overflowed tiles: 10 (0.14%)
[INFO GPL-0043] Average top 0.5% routing congestion: 0.9354
[INFO GPL-0044] Average top 1.0% routing congestion: 0.8528
[INFO GPL-0045] Average top 2.0% routing congestion: 0.7756
[INFO GPL-0046] Average top 5.0% routing congestion: 0.6673
[INFO GPL-0047] Routability iteration weighted routing congestion: 0.8941
[INFO GPL-0050] Weighted routing congestion is lower than target routing congestion(1.0100), end routability optimization.
[INFO GPL-0090] Routability finished. Target routing congestion achieved succesfully.
Iteration | Overflow |     HPWL (um) |  HPWL(%) |   Penalty | Group
---------------------------------------------------------------
      360 |   0.2870 |  2.457295e+05 |   +0.57% |  3.52e-08 |      
      370 |   0.2571 |  2.466252e+05 |   +0.36% |  5.18e-08 |      
      380 |   0.2293 |  2.468887e+05 |   +0.11% |  7.63e-08 |      
      390 |   0.2013 |  2.473138e+05 |   +0.17% |  1.12e-07 |      
[INFO GPL-0100] Timing-driven iteration 2/2, virtual: false.
[INFO GPL-0101]    Iter: 394, overflow: 0.194, keep resizer changes at: 1, HPWL: 247459039
Iteration |   Area    | Resized | Buffers | Nets repaired | Remaining
---------------------------------------------------------------------
        0 |     +0.0% |       0 |       0 |             0 |     33159
    final |     +0.0% |       0 |       0 |             0 |         0
---------------------------------------------------------------------
   Iter   |    Area   | Removed | Inserted |   Pins
          |           | Buffers | Buffers  | Remaining
-------------------------------------------------------
        0 |     +0.0% |       0 |        0 |     25739
     2500 |     -0.0% |     207 |      206 |     23239
     5000 |     +0.0% |     465 |      467 |     20739
     7500 |     +0.0% |     597 |      603 |     18239
    10000 |     +0.1% |     722 |      745 |     15739
    12500 |     +0.0% |    1067 |     1080 |     13239
    15000 |     +0.0% |    1416 |     1424 |     10739
    17500 |     -0.1% |    1634 |     1587 |      8239
    20000 |     -0.6% |    1953 |     1728 |      5739
    22500 |     -0.5% |    2076 |     1863 |      3239
    25000 |     -0.3% |    2281 |     2142 |       739
    final |     -0.2% |    2490 |     2391 |         0
-------------------------------------------------------
[INFO GPL-0106] Timing-driven: worst slack -4.6193904e-10
[INFO GPL-0107] Timing-driven: repair_design delta area: -718.189 um^2 (-0.23%)
[INFO GPL-0108] Timing-driven: repair_design, gpl delta gcells: -99 (-0.30%)
[INFO GPL-0109] Timing-driven: repair_design, gcells created: 2391, deleted: 2490
[INFO GPL-0110] Timing-driven: new target density: 0.63066447
Iteration | Overflow |     HPWL (um) |  HPWL(%) |   Penalty | Group
---------------------------------------------------------------
      400 |   0.1745 |  2.504569e+05 |   +1.27% |  1.65e-07 |      
      410 |   0.1506 |  2.495293e+05 |   -0.37% |  2.44e-07 |      
      420 |   0.1301 |  2.499306e+05 |   +0.16% |  3.59e-07 |      
      430 |   0.1121 |  2.506001e+05 |   +0.27% |  5.29e-07 |      
      437 |   0.0998 |  2.514271e+05 |          |  7.21e-07 |      
---------------------------------------------------------------
[INFO GPL-1001] Global placement finished at iteration 437
[INFO GPL-1017] Routability mode iteration count: 81
[INFO GPL-1005] Routability final weighted congestion: 0.5904
[INFO GPL-1002] Placed Cell Area            308609.2361
[INFO GPL-1003] Available Free Area         596454.5472
[INFO GPL-1004] Minimum Feasible Density        0.4900 (cell_area / free_area)
[INFO GPL-1006]   Suggested Target Densities:
[INFO GPL-1007]     - For 90% usage of free space: 0.5749
[INFO GPL-1008]     - For 80% usage of free space: 0.6468
[INFO GPL-1011] Original area (um^2): 290319.29
[INFO GPL-1012] Total routability artificial inflation: 0.00 (+0.00%)
[INFO GPL-1013] Total timing-driven delta area: 18289.94 (+6.30%)
[INFO GPL-1014] Final placement area: 308609.24 (+6.30%)
[INFO GPL-1018] Final HPWL (um): 251663.22
Took 40 seconds: global_placement -density 0.6 -pad_left 0 -pad_right 0 -routability_driven -timing_driven -force_center_initial_place -min_phi_coef 0.95 -max_phi_coef 1.05
estimate_parasitics -placement
Report metrics stage 3, global place...

==========================================================================
global place report_design_area
--------------------------------------------------------------------------
Design area 304960 um^2 50% utilization.
write_db /work/orfs/results/sky130hd/g2_pc2_u45/base/3_3_place_gp.odb
Elapsed time: 0:44.36[h:]min:sec. CPU time: user 30.58 sys 0.87 (70%). Peak memory: 460060KB.
Log                       Ext     Elapsed/s Peak Memory/MB sha1sum result [0:20)
3_3_place_gp              .odb           44            449 0d7857a8317de9da966d
/OpenROAD-flow-scripts/flow/scripts/flow.sh 3_4_place_resized resize
Running resize.tcl, stage 3_4_place_resized
read_liberty /OpenROAD-flow-scripts/flow/platforms/sky130hd/lib/sky130_fd_sc_hd__tt_025C_1v80.lib
read_liberty /work/cells/g2_cells.lib
read_db /work/orfs/results/sky130hd/g2_pc2_u45/base/3_3_place_gp.odb
read_sdc /work/orfs/results/sky130hd/g2_pc2_u45/base/2_floorplan.sdc
source /OpenROAD-flow-scripts/flow/platforms/sky130hd/setRC.tcl
estimate_parasitics -placement
Perform buffer insertion and gate resizing...
repair_design -verbose -match_cell_footprint
Iteration |   Area    | Resized | Buffers | Nets repaired | Remaining
---------------------------------------------------------------------
        0 |     +0.0% |       0 |       0 |             0 |     33060
     1000 |     +0.0% |       0 |       0 |             0 |     32060
     2000 |     +0.0% |       0 |       0 |             0 |     31060
     3000 |     +0.0% |       0 |       0 |             0 |     30060
     4000 |     +0.0% |       0 |       0 |             0 |     29060
     5000 |     +0.0% |       0 |       0 |             0 |     28060
     6000 |     +0.0% |       0 |       0 |             0 |     27060
     7000 |     +0.0% |       0 |       0 |             0 |     26060
     8000 |     +0.0% |       0 |       0 |             0 |     25060
     9000 |     +0.0% |       0 |       0 |             0 |     24060
    10000 |     +0.0% |       0 |       0 |             0 |     23060
    11000 |     +0.0% |       0 |       0 |             0 |     22060
    12000 |     +0.0% |       0 |       0 |             0 |     21060
    13000 |     +0.0% |       0 |       0 |             0 |     20060
    14000 |     +0.0% |       0 |       0 |             0 |     19060
    15000 |     +0.0% |       0 |       0 |             0 |     18060
    16000 |     +0.0% |       0 |       0 |             0 |     17060
    17000 |     +0.0% |       0 |       0 |             0 |     16060
    18000 |     +0.0% |       0 |       0 |             0 |     15060
    19000 |     +0.0% |       0 |       0 |             0 |     14060
    20000 |     +0.0% |       0 |       0 |             0 |     13060
    21000 |     +0.0% |       0 |       0 |             0 |     12060
    22000 |     +0.0% |       0 |       0 |             0 |     11060
    23000 |     +0.0% |       0 |       0 |             0 |     10060
    24000 |     +0.0% |       0 |       0 |             0 |      9060
    25000 |     +0.0% |       0 |       0 |             0 |      8060
    26000 |     +0.0% |       0 |       0 |             0 |      7060
    27000 |     +0.0% |       0 |       0 |             0 |      6060
    28000 |     +0.0% |       0 |       0 |             0 |      5060
    29000 |     +0.0% |       0 |       0 |             0 |      4060
    30000 |     +0.0% |       0 |       0 |             0 |      3060
    31000 |     +0.0% |       0 |       0 |             0 |      2060
    32000 |     +0.0% |       0 |       0 |             0 |      1060
    33000 |     +0.0% |       0 |       0 |             0 |        60
    final |     +0.0% |       0 |       0 |             0 |         0
---------------------------------------------------------------------
[INFO RSZ-0504] Runtime: 2.77s
Floating nets: 
[WARNING RSZ-0095] found 4544 floating pins.
Report metrics stage 3, resizer...

==========================================================================
resizer report_design_area
--------------------------------------------------------------------------
Design area 304960 um^2 50% utilization.
Instance count before 41058, after 41058
Pin count before 98638, after 98638
write_db /work/orfs/results/sky130hd/g2_pc2_u45/base/3_4_place_resized.odb
Elapsed time: 0:09.67[h:]min:sec. CPU time: user 8.95 sys 0.20 (94%). Peak memory: 251728KB.
Log                       Ext     Elapsed/s Peak Memory/MB sha1sum result [0:20)
3_4_place_resized         .odb            9            245 0d7857a8317de9da966d
/OpenROAD-flow-scripts/flow/scripts/flow.sh 3_5_place_dp detail_place
Running detail_place.tcl, stage 3_5_place_dp
read_liberty /OpenROAD-flow-scripts/flow/platforms/sky130hd/lib/sky130_fd_sc_hd__tt_025C_1v80.lib
read_liberty /work/cells/g2_cells.lib
read_db /work/orfs/results/sky130hd/g2_pc2_u45/base/3_4_place_resized.odb
read_sdc /work/orfs/results/sky130hd/g2_pc2_u45/base/2_floorplan.sdc
source /OpenROAD-flow-scripts/flow/platforms/sky130hd/setRC.tcl
detailed_placement
[INFO DPL-0006] Core area: 606544.22 um^2
[INFO DPL-0007] Movable instances area: 294870.30 um^2
[INFO DPL-0008] Fixed instances area within core: 10089.68 um^2
[INFO DPL-0009] Utilization: 50.3%
[INFO DPL-0005] Diamond search max displacement: +/- 500 sites horizontally, +/- 100 rows vertically.
[INFO DPL-1102] Legalizing using negotiation legalizer.
[INFO DPL-1103] Negotiation base search window: +/-20 sites horizontally, +/-5 rows vertically 
	Automatic search window extension enabled.
	Search window extendable up to the max displacement cap of +/-500 sites, +/-100 rows near walls.
[INFO DPL-1104] NegotiationLegalizer DRC penalty: 5.
[INFO DPL-0392] Negotiation cell height distribution (1 unique row-count(s)):
[INFO DPL-0393]   height 1 row(s): 41058 cells
          |      Total |  Illegal |  Illegal
Iteration | Violations |    Cells |    Sites
---------------------------------------------
        0 |      14629 |      4117 |     10452
        1 |         44 |        22 |        22
        2 |          0 |         0 |         0
Negotiation phase 1 converged at iteration 2.
[INFO DPL-0500] Runtime: 0.61s
Detailed Placement Analysis
---------------------------------
legalizer            negotiation
total moves               35138
total displacement      97862.8 u
average displacement        2.4 u
max displacement           12.7 u
original HPWL          251663.2 u
legalized HPWL         333704.2 u
delta HPWL                   33 %

improve_placement -max_displacement "5 1"
Detailed placement improvement.
[INFO DPL-0401] Setting random seed to 1.
[INFO DPL-0402] Setting maximum displacement 5 1 to 13600 2720 units.
[INFO DPL-0320] Collected 8258 fixed cells.
[INFO DPL-0318] Collected 32994 single height cells.
[INFO DPL-0321] Collected 0 wide cells.
[INFO DPL-0322] Image (2300, 2720) - (782000, 780640)
[INFO DPL-0310] Assigned 32994 cells into segments.  Movement in X-direction is 0.000000, movement in Y-direction is 0.000000.
[INFO DPL-0313] Found 0 cells in wrong regions.
[INFO DPL-0315] Found 0 row alignment problems.
[INFO DPL-0314] Found 0 site alignment problems.
[INFO DPL-0311] Found 0 overlaps between adjacent cells.
[INFO DPL-0312] Found 0 edge spacing violations and 0 padding violations.
[INFO DPL-0303] Running algorithm for independent set matching.
[INFO DPL-0300] Set matching objective is wirelength.
[INFO DPL-0301] Pass   1 of matching; objective is 3.340659e+08.
[INFO DPL-0302] End of matching; objective is 3.332398e+08, improvement is 0.25 percent.
[INFO DPL-0303] Running algorithm for global swaps.
[INFO DPL-0306] Pass   1 of global swaps; hpwl is 3.229284e+08.
[INFO DPL-0306] Pass   2 of global swaps; hpwl is 3.212971e+08.
[INFO DPL-0307] End of global swaps; objective is 3.212971e+08, improvement is 3.58 percent.
[INFO DPL-0303] Running algorithm for vertical swaps.
[INFO DPL-0308] Pass   1 of vertical swaps; hpwl is 3.189179e+08.
[INFO DPL-0309] End of vertical swaps; objective is 3.189179e+08, improvement is 0.74 percent.
[INFO DPL-0303] Running algorithm for reordering.
[INFO DPL-0304] Pass   1 of reordering; objective is 3.178691e+08.
[INFO DPL-0305] End of reordering; objective is 3.178691e+08, improvement is 0.33 percent.
[INFO DPL-0303] Running algorithm for random improvement.
[INFO DPL-0324] Random improver is using random generator.
[INFO DPL-0325] Random improver is using hpwl objective.
[INFO DPL-0326] Random improver cost string is (a).
[INFO DPL-0332] End of pass, Generator random called 659880 times.
[INFO DPL-0335] Generator random, Cumulative attempts 659880, swaps 111117, moves 159072 since last reset.
[INFO DPL-0333] End of pass, Objective hpwl, Initial cost 3.163180e+08, Scratch cost 3.091200e+08, Incremental cost 3.091200e+08, Mismatch? N
[INFO DPL-0338] End of pass, Total cost is 3.091200e+08.
[INFO DPL-0327] Pass   1 of random improver; improvement in cost is 2.28 percent.
[INFO DPL-0332] End of pass, Generator random called 659880 times.
[INFO DPL-0335] Generator random, Cumulative attempts 1319760, swaps 218955, moves 317432 since last reset.
[INFO DPL-0333] End of pass, Objective hpwl, Initial cost 3.091200e+08, Scratch cost 3.066007e+08, Incremental cost 3.066007e+08, Mismatch? N
[INFO DPL-0338] End of pass, Total cost is 3.066007e+08.
[INFO DPL-0327] Pass   2 of random improver; improvement in cost is 0.81 percent.
[INFO DPL-0328] End of random improver; improvement is 3.072015 percent.
[INFO DPL-0380] Cell flipping.
[INFO DPL-0382] Changed 0 cell orientations for row compatibility.
[INFO DPL-0383] Performed 7366 cell flips.
[INFO DPL-0384] End of flipping; objective is 2.949807e+08, improvement is 4.27 percent.
[INFO DPL-0313] Found 0 cells in wrong regions.
[INFO DPL-0315] Found 0 row alignment problems.
[INFO DPL-0314] Found 0 site alignment problems.
[INFO DPL-0311] Found 0 overlaps between adjacent cells.
[INFO DPL-0312] Found 0 edge spacing violations and 0 padding violations.
Place Optimization Analysis
---------------------------------
total attempts          1979640
relocated cells           16233
total displacement      62778.6 u
average displacement        3.9 u
max displacement           16.1 u
original HPWL          333704.2 u
improved HPWL          294647.4 u
delta HPWL                  -12 %

Took 12 seconds: improve_placement -max_displacement "5 1"
optimize_mirroring
[INFO DPL-0020] Mirrored 1423 instances
[INFO DPL-0021] HPWL before          294647.4 u
[INFO DPL-0022] HPWL after           294172.5 u
[INFO DPL-0023] HPWL delta               -0.2 %
[INFO FLW-0012] Placement violations .
estimate_parasitics -placement
Report metrics stage 3, detailed place...

==========================================================================
detailed place report_design_area
--------------------------------------------------------------------------
Design area 304960 um^2 50% utilization.
write_db /work/orfs/results/sky130hd/g2_pc2_u45/base/3_5_place_dp.odb
write_sdc -no_timestamp /work/orfs/results/sky130hd/g2_pc2_u45/base/3_place.sdc
Elapsed time: 0:23.26[h:]min:sec. CPU time: user 19.24 sys 0.17 (83%). Peak memory: 294080KB.
Log                       Ext     Elapsed/s Peak Memory/MB sha1sum result [0:20)
3_5_place_dp              .odb           23            287 483b7d84243787aa2f57
cp /work/orfs/results/sky130hd/g2_pc2_u45/base/3_5_place_dp.odb /work/orfs/results/sky130hd/g2_pc2_u45/base/3_place.odb
/OpenROAD-flow-scripts/flow/scripts/flow.sh 4_1_cts cts
Running cts.tcl, stage 4_1_cts
read_liberty /OpenROAD-flow-scripts/flow/platforms/sky130hd/lib/sky130_fd_sc_hd__tt_025C_1v80.lib
read_liberty /work/cells/g2_cells.lib
read_db /work/orfs/results/sky130hd/g2_pc2_u45/base/3_place.odb
read_sdc /work/orfs/results/sky130hd/g2_pc2_u45/base/3_place.sdc
source /OpenROAD-flow-scripts/flow/platforms/sky130hd/setRC.tcl
clock_tree_synthesis -sink_clustering_enable -repair_clock_nets
[INFO CTS-0050] Root buffer is sky130_fd_sc_hd__clkbuf_16.
[INFO CTS-0051] Sink buffer is sky130_fd_sc_hd__clkbuf_16.
[INFO CTS-0052] The following clock buffers will be used for CTS:
                    sky130_fd_sc_hd__clkbuf_16
[INFO CTS-0049] Characterization buffer is sky130_fd_sc_hd__clkbuf_16.
[INFO CTS-0007] Net "clk" found for clock "clk".
[INFO CTS-0010]  Clock net "clk" has 4362 sinks.
[INFO CTS-0008] TritonCTS found 1 clock nets.
[INFO CTS-0097] Characterization used 1 buffer(s) types.
[INFO CTS-0201] 0 blockages from hard placement blockages and placed macros will be used.
[INFO CTS-0027] Generating H-Tree topology for net clk.
[INFO CTS-0028]  Total number of sinks: 4362.
[INFO CTS-0090]  Sinks will be clustered based on buffer max cap.
[INFO CTS-0030]  Number of static layers: 0.
[INFO CTS-0020]  Wire segment unit: 13600  dbu (13 um).
[INFO CTS-0206] Best clustering solution was found from max clustering size of 14 and max clustering diameter of 109.
[INFO CTS-0019]  Total number of sinks after clustering: 454.
[INFO CTS-0024]  Normalized sink region: [(0.515564, 0.765196), (56.6874, 56.28)].
[INFO CTS-0025]     Width:  56.1718.
[INFO CTS-0026]     Height: 55.5148.
 Level 1
    Direction: Horizontal
    Sinks per sub-region: 227
    Sub-region size: 28.0859 X 55.5148
[INFO CTS-0034]     Segment length (rounded): 14.
 Level 2
    Direction: Vertical
    Sinks per sub-region: 114
    Sub-region size: 28.0859 X 27.7574
[INFO CTS-0034]     Segment length (rounded): 14.
 Level 3
    Direction: Horizontal
    Sinks per sub-region: 57
    Sub-region size: 14.0430 X 27.7574
[INFO CTS-0034]     Segment length (rounded): 8.
 Level 4
    Direction: Vertical
    Sinks per sub-region: 29
    Sub-region size: 14.0430 X 13.8787
[INFO CTS-0034]     Segment length (rounded): 6.
 Level 5
    Direction: Horizontal
    Sinks per sub-region: 15
    Sub-region size: 7.0215 X 13.8787
[INFO CTS-0034]     Segment length (rounded): 4.
 Level 6
    Direction: Vertical
    Sinks per sub-region: 8
    Sub-region size: 7.0215 X 6.9394
[INFO CTS-0034]     Segment length (rounded): 4.
[INFO CTS-0038]  Stop criterion found. Sink region hpwl is smaller than max wirelength (1911.535 um) and max number of sinks is 15.
[INFO CTS-0035]  Number of sinks covered: 454.
[INFO CTS-0018]     Created 523 clock buffers.
[INFO CTS-0012]     Minimum number of buffers in the clock path: 4.
[INFO CTS-0013]     Maximum number of buffers in the clock path: 4.
[INFO CTS-0015]     Created 523 clock nets.
[INFO CTS-0016]     Fanout distribution for the current clock = 4:2, 5:9, 6:24, 7:55, 8:77, 9:89, 10:131, 11:76, 12:45, 13:9, 14:1..
[INFO CTS-0017]     Max level of the clock tree: 6.
[INFO CTS-0098] Clock net "clk"
[INFO CTS-0099]  Sinks 4775
[INFO CTS-0100]  Leaf buffers 454
[INFO CTS-0101]  Average sink wire length 1357.24 um
[INFO CTS-0102]  Path depth 3 - 4
[INFO CTS-0207]  Dummy loads inserted 413
[INFO CTS-0500] Runtime: 3.78s
estimate_parasitics -placement
detailed_placement
[INFO DPL-0006] Core area: 606544.22 um^2
[INFO DPL-0007] Movable instances area: 312706.16 um^2
[INFO DPL-0008] Fixed instances area within core: 10089.68 um^2
[INFO DPL-0009] Utilization: 53.2%
[INFO DPL-0005] Diamond search max displacement: +/- 500 sites horizontally, +/- 100 rows vertically.
[INFO DPL-1102] Legalizing using negotiation legalizer.
[INFO DPL-1103] Negotiation base search window: +/-20 sites horizontally, +/-5 rows vertically 
	Automatic search window extension enabled.
	Search window extendable up to the max displacement cap of +/-500 sites, +/-100 rows near walls.
[INFO DPL-1104] NegotiationLegalizer DRC penalty: 5.
[INFO DPL-0392] Negotiation cell height distribution (1 unique row-count(s)):
[INFO DPL-0393]   height 1 row(s): 41994 cells
          |      Total |  Illegal |  Illegal
Iteration | Violations |    Cells |    Sites
---------------------------------------------
        0 |       4577 |       725 |      3849
        1 |        523 |        71 |       452
        2 |         30 |         2 |        28
        3 |         10 |         2 |         8
        4 |          0 |         0 |         0
Negotiation phase 1 converged at iteration 4.
[INFO DPL-0500] Runtime: 0.59s
Detailed Placement Analysis
---------------------------------
legalizer            negotiation
total moves               25598
total displacement      29436.6 u
average displacement        0.7 u
max displacement           19.6 u
original HPWL          332766.4 u
legalized HPWL         350719.5 u
delta HPWL                    5 %

estimate_parasitics -placement
Warning: master sky130_ef_sc_hd__decap_12 has signal pins but no liberty cell
repair_timing -setup_margin 0 -hold_margin 0 -repair_tns 100 -match_cell_footprint -verbose
[INFO RSZ-0100] Repair move sequence: UnbufferMove SizeUpMove SwapPinsMove BufferMove CloneMove SplitLoadMove 
[INFO RSZ-0094] Found 415 endpoints with setup violations.
[INFO RSZ-0099] Repairing 415 out of 415 (100.00%) violating endpoints...
   Iter   | Removed | Resized | Inserted | Cloned |  Pin  |   Area   |    WNS   |    TNS     |  Viol  |  Worst
          | Buffers |  Gates  | Buffers  |  Gates | Swaps |          |          |            | Endpts | Endpoint
------------------------------------------------------------------------------------------------------------------------------
       0* |       0 |       0 |        0 |      0 |     0 |    +0.0% |   -0.519 |      -97.4 |    415 | row21/_630_/D
      10* |       0 |       9 |        0 |      0 |     0 |    +0.0% |   -0.397 |      -94.8 |    415 | row56/_630_/D
      20* |       0 |      16 |        4 |      1 |     0 |    +0.1% |   -0.443 |     -116.5 |    415 | row17/_630_/D
      30* |       0 |      24 |        7 |      1 |     0 |    +0.1% |   -0.382 |      -98.5 |    415 | row3/_630_/D
      40* |       0 |      34 |        7 |      1 |     0 |    +0.1% |   -0.365 |      -96.0 |    415 | row33/_630_/D
      50* |       0 |      43 |        7 |      1 |     1 |    +0.1% |   -0.348 |      -93.8 |    415 | row16/_629_/D
      60* |       0 |      53 |        7 |      1 |     1 |    +0.1% |   -0.330 |      -91.4 |    415 | row2/_629_/D
      70* |       0 |      63 |        7 |      1 |     1 |    +0.2% |   -0.323 |      -90.1 |    415 | row54/_630_/D
      80* |       0 |      71 |        8 |      1 |     2 |    +0.2% |   -0.320 |      -89.4 |    415 | row0/_637_/D
      90* |       0 |      80 |        9 |      1 |     2 |    +0.2% |   -0.314 |      -88.5 |    415 | row18/_630_/D
     100* |       0 |      90 |        9 |      1 |     2 |    +0.2% |   -0.311 |      -86.9 |    415 | row45/_628_/D
     110* |       0 |      99 |        9 |      1 |     3 |    +0.3% |   -0.307 |      -85.6 |    415 | row50/_637_/D
     120* |       0 |     105 |       10 |      1 |     6 |    +0.3% |   -0.305 |      -85.3 |    415 | row11/_629_/D
     130* |       0 |     114 |       10 |      1 |     7 |    +0.3% |   -0.297 |      -83.9 |    415 | row2/_637_/D
     140* |       0 |     123 |       10 |      1 |     8 |    +0.3% |   -0.294 |      -83.1 |    415 | row17/_637_/D
     150* |       0 |     130 |       10 |      1 |    11 |    +0.3% |   -0.292 |      -82.8 |    415 | row54/_630_/D
     160* |       0 |     138 |       10 |      1 |    13 |    +0.3% |   -0.301 |      -82.6 |    415 | row15/_637_/D
     170* |       0 |     142 |       12 |      1 |    17 |    +0.3% |   -0.307 |      -82.5 |    415 | row17/_630_/D
     180* |       0 |     147 |       12 |      1 |    22 |    +0.3% |   -0.363 |      -82.1 |    415 | row11/_637_/D
     190* |       0 |     156 |       12 |      1 |    23 |    +0.4% |   -0.287 |      -81.7 |    415 | row53/_637_/D
     200* |       0 |     163 |       12 |      1 |    26 |    +0.4% |   -0.286 |      -81.3 |    415 | row2/_637_/D
     210* |       0 |     172 |       12 |      1 |    27 |    +0.4% |   -0.283 |      -80.7 |    415 | row12/_637_/D
     220* |       0 |     182 |       12 |      1 |    27 |    +0.4% |   -0.290 |      -80.4 |    415 | row7/_637_/D
     230* |       0 |     186 |       12 |      1 |    33 |    +0.4% |   -0.315 |      -80.4 |    415 | row50/_637_/D
     240* |       0 |     190 |       12 |      1 |    39 |    +0.4% |   -0.280 |      -80.1 |    415 | row55/_637_/D
     250* |       0 |     199 |       12 |      1 |    40 |    +0.4% |   -0.279 |      -79.7 |    415 | row24/_637_/D
     260* |       0 |     204 |       13 |      1 |    44 |    +0.4% |   -0.277 |      -79.4 |    415 | row0/_637_/D
     270* |       0 |     211 |       14 |      1 |    46 |    +0.4% |   -0.279 |      -79.2 |    415 | row13/_637_/D
     280* |       0 |     215 |       15 |      1 |    51 |    +0.4% |   -0.274 |      -79.1 |    415 | row43/_630_/D
     290* |       0 |     221 |       15 |      1 |    55 |    +0.5% |   -0.273 |      -78.1 |    415 | row17/_637_/D
     300* |       0 |     224 |       17 |      1 |    60 |    +0.5% |   -0.277 |      -78.0 |    415 | row5/_637_/D
     310* |       0 |     225 |       22 |      1 |    64 |    +0.5% |   -0.304 |      -78.0 |    415 | row59/_637_/D
     320* |       0 |     229 |       27 |      1 |    65 |    +0.5% |   -0.270 |      -78.1 |    415 | row16/_637_/D
     330* |       0 |     233 |       27 |      1 |    71 |    +0.5% |   -0.328 |      -78.2 |    415 | row19/_637_/D
     340* |       0 |     236 |       30 |      1 |    75 |    +0.5% |   -0.286 |      -78.1 |    415 | row0/_630_/D
     350* |       0 |     240 |       31 |      1 |    80 |    +0.5% |   -0.310 |      -77.6 |    415 | row42/_637_/D
     360* |       0 |     242 |       32 |      1 |    87 |    +0.5% |   -0.390 |      -77.8 |    415 | row0/_637_/D
     370* |       0 |     246 |       34 |      1 |    91 |    +0.5% |   -0.267 |      -77.5 |    415 | row24/_637_/D
     380* |       0 |     248 |       35 |      1 |    98 |    +0.5% |   -0.266 |      -77.4 |    415 | row25/_637_/D
     390* |       0 |     250 |       36 |      1 |   105 |    +0.5% |   -0.265 |      -77.1 |    415 | row1/_637_/D
     400* |       0 |     257 |       36 |      1 |   108 |    +0.5% |   -0.275 |      -76.7 |    415 | row44/_637_/D
     410* |       0 |     260 |       38 |      1 |   113 |    +0.6% |   -0.265 |      -76.5 |    415 | row58/_630_/D
     420* |       0 |     262 |       40 |      1 |   119 |    +0.6% |   -0.264 |      -76.4 |    415 | row32/_637_/D
     430* |       0 |     265 |       42 |      1 |   124 |    +0.6% |   -0.264 |      -76.3 |    415 | row62/_637_/D
     440* |       0 |     265 |       47 |      1 |   129 |    +0.6% |   -0.301 |      -76.4 |    415 | row62/_637_/D
     450* |       0 |     271 |       51 |      1 |   129 |    +0.6% |   -0.263 |      -76.1 |    415 | row53/_637_/D
     460* |       0 |     271 |       55 |      1 |   135 |    +0.6% |   -0.310 |      -76.2 |    415 | row53/_637_/D
     470* |       0 |     276 |       59 |      1 |   136 |    +0.6% |   -0.267 |      -76.2 |    415 | row3/_637_/D
     480* |       0 |     281 |       59 |      1 |   141 |    +0.6% |   -0.279 |      -76.1 |    415 | row51/_628_/D
     490* |       0 |     285 |       61 |      2 |   144 |    +0.6% |   -0.327 |      -78.0 |    415 | row22/_630_/D
     500* |       0 |     289 |       62 |      2 |   149 |    +0.7% |   -0.319 |      -78.3 |    415 | row22/_630_/D
     510* |       0 |     291 |       70 |      2 |   149 |    +0.7% |   -0.335 |      -78.5 |    415 | row22/_627_/D
     520* |       0 |     297 |       71 |      3 |   151 |    +0.7% |   -0.321 |      -85.1 |    415 | row32/_630_/D
     529* |       0 |     281 |       59 |      1 |   140 |    +0.6% |   -0.261 |      -76.1 |    415 | row51/_628_/D
     530* |       0 |     281 |       59 |      1 |   140 |    +0.6% |   -0.261 |      -76.1 |    415 | row51/_628_/D
     540* |       0 |     286 |       60 |      3 |   142 |    +0.7% |   -0.300 |      -78.5 |    415 | row51/_628_/D
     550* |       0 |     289 |       64 |      3 |   145 |    +0.7% |   -0.300 |      -78.5 |    415 | row51/_628_/D
     557* |       0 |     281 |       59 |      1 |   140 |    +0.6% |   -0.261 |      -76.1 |    415 | row51/_628_/D
     560* |       0 |     282 |       60 |      1 |   140 |    +0.6% |   -0.266 |      -76.2 |    415 | row51/_628_/D
     570* |       0 |     289 |       61 |      3 |   140 |    +0.7% |   -0.302 |      -78.6 |    415 | row51/_628_/D
     580* |       0 |     293 |       66 |      3 |   141 |    +0.7% |   -0.302 |      -78.9 |    415 | row51/_628_/D
     583* |       0 |     281 |       59 |      1 |   140 |    +0.6% |   -0.261 |      -76.1 |    415 | row51/_628_/D
     590* |       0 |     284 |       61 |      2 |   140 |    +0.7% |   -0.273 |      -76.7 |    415 | row51/_628_/D
     600* |       0 |     291 |       63 |      3 |   140 |    +0.7% |   -0.302 |      -78.6 |    415 | row51/_628_/D
     608* |       0 |     281 |       59 |      1 |   140 |    +0.6% |   -0.261 |      -76.1 |    415 | row51/_628_/D
     610* |       0 |     282 |       59 |      1 |   140 |    +0.6% |   -0.261 |      -75.8 |    415 | row51/_628_/D
     620* |       0 |     289 |       59 |      1 |   143 |    +0.6% |   -0.268 |      -76.3 |    415 | row51/_628_/D
     630* |       0 |     292 |       61 |      3 |   146 |    +0.7% |   -0.312 |      -77.2 |    415 | row31/_628_/D
     640* |       0 |     296 |       66 |      3 |   148 |    +0.7% |   -0.312 |      -77.5 |    415 | row31/_628_/D
     641* |       0 |     282 |       59 |      1 |   140 |    +0.6% |   -0.261 |      -75.8 |    415 | row51/_628_/D
     650* |       0 |     286 |       64 |      1 |   141 |    +0.6% |   -0.261 |      -75.3 |    415 | row51/_628_/D
     660* |       0 |     289 |       66 |      1 |   146 |    +0.7% |   -0.261 |      -75.4 |    415 | row51/_628_/D
     670* |       1 |     294 |       66 |      2 |   149 |    +0.7% |   -0.301 |      -75.5 |    415 | row28/_630_/D
     670* |       0 |     284 |       59 |      1 |   140 |    +0.6% |   -0.261 |      -75.3 |    415 | row51/_628_/D
     680* |       0 |     291 |       59 |      3 |   140 |    +0.7% |   -0.280 |      -76.5 |    415 | row51/_628_/D
     690* |       0 |     298 |       63 |      3 |   140 |    +0.7% |   -0.274 |      -76.1 |    415 | row51/_628_/D
     692* |       0 |     284 |       59 |      1 |   140 |    +0.6% |   -0.261 |      -75.3 |    415 | row51/_628_/D
     700* |       0 |     287 |       61 |      2 |   141 |    +0.7% |   -0.352 |      -76.8 |    415 | row34/_628_/D
     710* |       0 |     289 |       67 |      3 |   142 |    +0.7% |   -0.352 |      -78.0 |    415 | row34/_628_/D
     720* |       0 |     291 |       74 |      3 |   143 |    +0.7% |   -0.352 |      -77.7 |    415 | row34/_628_/D
     730* |       0 |     295 |       76 |      3 |   147 |    +0.7% |   -0.352 |      -77.1 |    415 | row34/_628_/D
     740* |       0 |     297 |       82 |      4 |   148 |    +0.7% |   -0.351 |      -78.8 |    415 | row40/_630_/D
     743* |       0 |     284 |       59 |      1 |   140 |    +0.6% |   -0.261 |      -75.3 |    415 | row51/_628_/D
     750* |       0 |     288 |       59 |      1 |   142 |    +0.6% |   -0.261 |      -74.8 |    415 | row51/_628_/D
     753* |       0 |     291 |       59 |      1 |   142 |    +0.6% |   -0.261 |      -74.7 |    415 | row51/_628_/D
     760* |       0 |     293 |       60 |      1 |   145 |    +0.7% |   -0.261 |      -74.3 |    415 | row51/_628_/D
     770* |       0 |     298 |       63 |      1 |   147 |    +0.7% |   -0.261 |      -74.2 |    415 | row51/_628_/D
     780* |       0 |     302 |       66 |      1 |   150 |    +0.7% |   -0.261 |      -74.2 |    415 | row51/_628_/D
     790* |       0 |     302 |       76 |      1 |   150 |    +0.7% |   -0.261 |      -74.2 |    415 | row51/_628_/D
     800* |       0 |     307 |       80 |      3 |   150 |    +0.7% |   -0.300 |      -75.8 |    415 | row28/_630_/D
     803* |       0 |     295 |       60 |      1 |   145 |    +0.7% |   -0.261 |      -73.9 |    415 | row51/_628_/D
     810* |       0 |     297 |       63 |      2 |   146 |    +0.7% |   -0.265 |      -75.2 |    415 | row56/_629_/D
     820* |       0 |     304 |       64 |      3 |   147 |    +0.7% |   -0.289 |      -74.3 |    415 | row28/_630_/D
     829* |       0 |     296 |       62 |      1 |   145 |    +0.7% |   -0.261 |      -73.6 |    415 | row51/_628_/D
     830* |       0 |     296 |       62 |      1 |   145 |    +0.7% |   -0.261 |      -73.6 |    415 | row51/_628_/D
     839* |       0 |     302 |       63 |      1 |   147 |    +0.7% |   -0.261 |      -72.7 |    415 | row51/_628_/D
     840* |       0 |     302 |       63 |      1 |   147 |    +0.7% |   -0.261 |      -72.7 |    415 | row51/_628_/D
     850* |       0 |     307 |       65 |      2 |   149 |    +0.7% |   -0.335 |      -77.3 |    415 | row13/_630_/D
     860* |       0 |     308 |       71 |      2 |   152 |    +0.7% |   -0.408 |      -80.9 |    415 | row60/_627_/D
     870* |       0 |     311 |       76 |      2 |   155 |    +0.7% |   -0.335 |      -78.3 |    415 | row13/_630_/D
     874* |       0 |     302 |       63 |      1 |   147 |    +0.7% |   -0.261 |      -72.7 |    415 | row51/_628_/D
     880* |       0 |     304 |       66 |      1 |   147 |    +0.7% |   -0.261 |      -72.8 |    415 | row51/_628_/D
     890* |       0 |     309 |       68 |      3 |   148 |    +0.7% |   -0.301 |      -73.2 |    415 | row28/_630_/D
     900* |       0 |     311 |       76 |      3 |   148 |    +0.7% |   -0.301 |      -73.1 |    415 | row28/_630_/D
     906* |       0 |     302 |       63 |      1 |   147 |    +0.7% |   -0.261 |      -72.7 |    415 | row51/_628_/D
     910* |       0 |     302 |       64 |      1 |   149 |    +0.7% |   -0.261 |      -72.5 |    415 | row51/_628_/D
     920* |       0 |     310 |       65 |      1 |   150 |    +0.7% |   -0.261 |      -72.0 |    415 | row51/_628_/D
     930* |       0 |     313 |       67 |      1 |   155 |    +0.7% |   -0.273 |      -73.1 |    415 | row51/_628_/D
     930* |       0 |     311 |       65 |      1 |   150 |    +0.7% |   -0.261 |      -72.0 |    415 | row51/_628_/D
     940* |       0 |     318 |       65 |      3 |   150 |    +0.7% |   -0.274 |      -73.0 |    415 | row51/_628_/D
     941* |       0 |     311 |       65 |      1 |   150 |    +0.7% |   -0.261 |      -72.0 |    415 | row51/_628_/D
     950* |       0 |     316 |       65 |      2 |   152 |    +0.7% |   -0.294 |      -74.3 |    415 | row51/_628_/D
     960* |       0 |     320 |       71 |      2 |   152 |    +0.7% |   -0.269 |      -72.0 |    415 | row51/_628_/D
     970* |       0 |     323 |       75 |      2 |   155 |    +0.7% |   -0.271 |      -71.9 |    415 | row51/_628_/D
     980* |       0 |     327 |       78 |      2 |   158 |    +0.8% |   -0.271 |      -72.3 |    415 | row51/_628_/D
     983* |       0 |     311 |       65 |      1 |   150 |    +0.7% |   -0.261 |      -72.0 |    415 | row51/_628_/D
     990* |       0 |     314 |       66 |      1 |   152 |    +0.7% |   -0.261 |      -72.0 |    415 | row51/_628_/D
    1000* |       0 |     317 |       71 |      2 |   154 |    +0.7% |   -0.410 |      -78.0 |    415 | row39/_630_/D
    1010* |       0 |     320 |       74 |      2 |   158 |    +0.8% |   -0.393 |      -79.1 |    415 | row39/_630_/D
    1020* |       0 |     326 |       79 |      2 |   159 |    +0.8% |   -0.390 |      -79.2 |    415 | row39/_630_/D
    1024* |       0 |     314 |       66 |      1 |   152 |    +0.7% |   -0.261 |      -72.0 |    415 | row51/_628_/D
    1030* |       0 |     316 |       66 |      2 |   154 |    +0.7% |   -0.263 |      -72.2 |    415 | row28/_630_/D
    1040* |       0 |     319 |       69 |      3 |   157 |    +0.7% |   -0.320 |      -73.4 |    415 | row40/_630_/D
    1050* |       0 |     325 |       72 |      3 |   158 |    +0.8% |   -0.269 |      -72.3 |    415 | row28/_630_/D
    1060* |       0 |     329 |       75 |      3 |   161 |    +0.8% |   -0.394 |      -77.2 |    415 | row62/_628_/D
    1063* |       0 |     316 |       66 |      1 |   152 |    +0.7% |   -0.261 |      -72.0 |    415 | row51/_628_/D
    1070* |       0 |     320 |       68 |      1 |   152 |    +0.7% |   -0.264 |      -72.0 |    415 | row7/_629_/D
    1074* |       0 |     316 |       66 |      1 |   152 |    +0.7% |   -0.261 |      -72.0 |    415 | row51/_628_/D
    1080* |       0 |     321 |       66 |      1 |   152 |    +0.7% |   -0.265 |      -72.0 |    415 | row51/_628_/D
    1090* |       0 |     325 |       67 |      3 |   155 |    +0.7% |   -0.274 |      -72.9 |    415 | row51/_628_/D
    1100* |       0 |     329 |       69 |      3 |   159 |    +0.8% |   -0.273 |      -72.7 |    415 | row51/_628_/D
    1106* |       0 |     319 |       66 |      1 |   152 |    +0.7% |   -0.261 |      -71.6 |    415 | row51/_628_/D
    1110* |       0 |     320 |       67 |      2 |   152 |    +0.7% |   -0.266 |      -72.6 |    415 | row28/_630_/D
    1120* |       0 |     327 |       69 |      3 |   152 |    +0.8% |   -0.297 |      -72.5 |    415 | row62/_628_/D
    1126* |       0 |     319 |       66 |      1 |   152 |    +0.7% |   -0.261 |      -71.6 |    415 | row51/_628_/D
    1130* |       0 |     321 |       66 |      1 |   153 |    +0.7% |   -0.261 |      -71.4 |    415 | row51/_628_/D
    1140* |       0 |     327 |       69 |      1 |   154 |    +0.7% |   -0.261 |      -71.5 |    415 | row51/_628_/D
    1150* |       0 |     332 |       70 |      2 |   157 |    +0.8% |   -0.300 |      -74.4 |    415 | row28/_630_/D
    1160* |       0 |     335 |       73 |      4 |   159 |    +0.8% |   -0.281 |      -72.1 |    415 | row62/_628_/D
    1168* |       0 |     329 |       69 |      1 |   154 |    +0.7% |   -0.261 |      -71.3 |    415 | row51/_628_/D
    1170* |       0 |     330 |       69 |      1 |   154 |    +0.7% |   -0.261 |      -71.1 |    415 | row51/_628_/D
    1179* |       0 |     330 |       69 |      1 |   155 |    +0.7% |   -0.261 |      -71.1 |    415 | row51/_628_/D
    1180* |       0 |     330 |       69 |      1 |   155 |    +0.7% |   -0.261 |      -71.1 |    415 | row51/_628_/D
    1190* |       0 |     335 |       69 |      3 |   158 |    +0.8% |   -0.269 |      -72.8 |    415 | row28/_630_/D
    1200* |       0 |     341 |       69 |      3 |   162 |    +0.8% |   -0.269 |      -72.3 |    415 | row28/_630_/D
    1210* |       0 |     344 |       74 |      4 |   164 |    +0.8% |   -0.307 |      -77.1 |    415 | row41/_628_/D
    1220* |       0 |     349 |       81 |      4 |   164 |    +0.8% |   -0.307 |      -77.1 |    415 | row41/_628_/D
    1230* |       0 |     349 |       91 |      4 |   164 |    +0.9% |   -0.307 |      -77.1 |    415 | row41/_628_/D
    1231* |       0 |     331 |       69 |      1 |   155 |    +0.7% |   -0.261 |      -71.0 |    415 | row51/_628_/D
    1240* |       0 |     335 |       71 |      3 |   155 |    +0.8% |   -0.318 |      -74.8 |    415 | row16/_629_/D
    1244* |       0 |     331 |       69 |      1 |   155 |    +0.7% |   -0.261 |      -71.0 |    415 | row51/_628_/D
    1250* |       0 |     334 |       70 |      2 |   155 |    +0.8% |   -0.271 |      -71.5 |    415 | row51/_628_/D
    1260* |       0 |     336 |       78 |      2 |   155 |    +0.8% |   -0.271 |      -71.6 |    415 | row51/_628_/D
    1270* |       0 |     338 |       85 |      3 |   155 |    +0.8% |   -0.271 |      -71.4 |    415 | row51/_628_/D
    1280* |       0 |     343 |       88 |      3 |   157 |    +0.8% |   -0.271 |      -71.4 |    415 | row51/_628_/D
    1282* |       0 |     331 |       69 |      1 |   155 |    +0.7% |   -0.261 |      -71.0 |    415 | row51/_628_/D
    1290* |       0 |     334 |       70 |      2 |   157 |    +0.8% |   -0.273 |      -71.7 |    415 | row51/_628_/D
    1300* |       0 |     340 |       70 |      3 |   160 |    +0.8% |   -0.302 |      -73.6 |    415 | row51/_628_/D
    1300* |       0 |     331 |       69 |      1 |   155 |    +0.7% |   -0.261 |      -71.0 |    415 | row51/_628_/D
    1307* |       0 |     333 |       69 |      1 |   157 |    +0.7% |   -0.261 |      -70.4 |    415 | row51/_628_/D
    1310* |       0 |     334 |       69 |      1 |   158 |    +0.7% |   -0.265 |      -70.9 |    415 | row51/_628_/D
    1320* |       0 |     338 |       73 |      1 |   160 |    +0.8% |   -0.323 |      -72.2 |    415 | row51/_628_/D
    1330* |       0 |     343 |       75 |      2 |   162 |    +0.8% |   -0.287 |      -71.1 |    415 | row51/_628_/D
    1340* |       0 |     346 |       76 |      3 |   167 |    +0.8% |   -0.270 |      -71.0 |    415 | row51/_628_/D
    1345* |       0 |     333 |       69 |      1 |   157 |    +0.7% |   -0.261 |      -70.4 |    415 | row51/_628_/D
    1350* |       0 |     335 |       70 |      2 |   157 |    +0.8% |   -0.273 |      -71.4 |    415 | row51/_628_/D
    1360* |       0 |     339 |       76 |      2 |   157 |    +0.8% |   -0.273 |      -70.9 |    415 | row51/_628_/D
    1370* |       0 |     343 |       80 |      2 |   159 |    +0.8% |   -0.269 |      -70.4 |    415 | row51/_628_/D
    1380* |       0 |     350 |       83 |      2 |   159 |    +0.8% |   -0.271 |      -70.7 |    415 | row51/_628_/D
    1382* |       0 |     333 |       69 |      1 |   157 |    +0.7% |   -0.261 |      -70.4 |    415 | row51/_628_/D
    1390* |       0 |     337 |       71 |      2 |   157 |    +0.8% |   -0.266 |      -71.4 |    415 | row28/_630_/D
    1390* |       0 |     334 |       70 |      1 |   157 |    +0.8% |   -0.261 |      -70.3 |    415 | row51/_628_/D
    1400* |       0 |     340 |       71 |      3 |   157 |    +0.8% |   -0.302 |      -73.2 |    415 | row51/_628_/D
    1410* |       0 |     343 |       74 |      3 |   161 |    +0.8% |   -0.302 |      -73.0 |    415 | row51/_628_/D
    1417* |       0 |     334 |       70 |      1 |   157 |    +0.8% |   -0.261 |      -70.3 |    415 | row51/_628_/D
    1420* |       0 |     335 |       70 |      1 |   158 |    +0.8% |   -0.261 |      -70.1 |    415 | row51/_628_/D
    1427* |       0 |     335 |       70 |      1 |   158 |    +0.8% |   -0.261 |      -70.1 |    415 | row51/_628_/D
    1430* |       0 |     335 |       71 |      2 |   158 |    +0.8% |   -0.342 |      -71.5 |    415 | row25/_630_/D
    1440* |       0 |     341 |       77 |      2 |   158 |    +0.8% |   -0.291 |      -72.3 |    415 | row27/_630_/D
    1450* |       0 |     344 |       84 |      2 |   158 |    +0.8% |   -0.389 |      -79.2 |    415 | row27/_630_/D
    1459* |       0 |     335 |       70 |      1 |   158 |    +0.8% |   -0.261 |      -70.1 |    415 | row51/_628_/D
    1460* |       0 |     335 |       70 |      1 |   158 |    +0.8% |   -0.261 |      -70.1 |    415 | row51/_628_/D
    1470* |       0 |     340 |       74 |      2 |   158 |    +0.8% |   -0.273 |      -70.8 |    415 | row51/_628_/D
    1480* |       0 |     345 |       79 |      2 |   158 |    +0.8% |   -0.273 |      -70.1 |    415 | row51/_628_/D
    1481* |       0 |     335 |       70 |      1 |   158 |    +0.8% |   -0.261 |      -70.1 |    415 | row51/_628_/D
    1490* |       0 |     340 |       73 |      1 |   158 |    +0.8% |   -0.264 |      -69.8 |    415 | row7/_629_/D
    1500* |       0 |     342 |       80 |      1 |   160 |    +0.8% |   -0.334 |      -70.9 |    415 | row0/_630_/D
    1510* |       0 |     345 |       86 |      1 |   161 |    +0.8% |   -0.334 |      -70.8 |    415 | row0/_630_/D
    1519* |       0 |     335 |       70 |      1 |   158 |    +0.8% |   -0.261 |      -70.1 |    415 | row51/_628_/D
    1520* |       0 |     335 |       70 |      1 |   158 |    +0.8% |   -0.261 |      -70.1 |    415 | row51/_628_/D
    1530* |       0 |     342 |       71 |      3 |   158 |    +0.8% |   -0.302 |      -73.0 |    415 | row51/_628_/D
    1540* |       0 |     347 |       76 |      3 |   159 |    +0.8% |   -0.302 |      -72.5 |    415 | row51/_628_/D
    1541* |       0 |     335 |       70 |      1 |   158 |    +0.8% |   -0.261 |      -70.1 |    415 | row51/_628_/D
    1550* |       0 |     339 |       75 |      2 |   158 |    +0.8% |   -0.291 |      -72.1 |    415 | row27/_630_/D
    1560* |       0 |     346 |       78 |      2 |   158 |    +0.8% |   -0.387 |      -76.4 |    415 | row39/_630_/D
    1569* |       0 |     336 |       71 |      1 |   158 |    +0.8% |   -0.261 |      -69.9 |    415 | row51/_628_/D
    1570* |       0 |     336 |       71 |      1 |   158 |    +0.8% |   -0.261 |      -69.9 |    415 | row51/_628_/D
    1580* |       0 |     340 |       74 |      2 |   160 |    +0.8% |   -0.342 |      -71.4 |    415 | row25/_630_/D
    1590* |       0 |     345 |       81 |      2 |   160 |    +0.8% |   -0.389 |      -79.0 |    415 | row27/_630_/D
    1600* |       0 |     345 |       91 |      2 |   160 |    +0.8% |   -0.389 |      -79.0 |    415 | row27/_630_/D
    1600* |       0 |     337 |       71 |      1 |   158 |    +0.8% |   -0.261 |      -69.9 |    415 | row51/_628_/D
    1610* |       0 |     341 |       73 |      2 |   160 |    +0.8% |   -0.271 |      -70.9 |    415 | row51/_628_/D
    1620* |       0 |     345 |       75 |      2 |   164 |    +0.8% |   -0.271 |      -70.6 |    415 | row51/_628_/D
    1627* |       0 |     338 |       71 |      1 |   158 |    +0.8% |   -0.261 |      -69.6 |    415 | row51/_628_/D
    1630* |       0 |     339 |       72 |      1 |   158 |    +0.8% |   -0.261 |      -69.6 |    415 | row51/_628_/D
    1640* |       0 |     344 |       74 |      3 |   159 |    +0.8% |   -0.317 |      -70.7 |    415 | row28/_630_/D
    1643* |       0 |     340 |       72 |      1 |   158 |    +0.8% |   -0.261 |      -69.4 |    415 | row51/_628_/D
    1650* |       0 |     342 |       73 |      1 |   161 |    +0.8% |   -0.265 |      -69.4 |    415 | row51/_628_/D
    1653* |       0 |     341 |       73 |      1 |   161 |    +0.8% |   -0.261 |      -68.9 |    415 | row51/_628_/D
    1660* |       0 |     344 |       73 |      1 |   164 |    +0.8% |   -0.261 |      -68.9 |    415 | row51/_628_/D
    1670* |       4 |     345 |       76 |      1 |   166 |    +0.8% |   -0.261 |      -68.7 |    415 | row51/_628_/D
    1680* |       9 |     345 |       81 |      1 |   166 |    +0.8% |   -0.261 |      -68.7 |    415 | row51/_628_/D
    1690* |      14 |     345 |       86 |      1 |   166 |    +0.8% |   -0.261 |      -68.7 |    415 | row51/_628_/D
    1700* |      19 |     345 |       91 |      1 |   166 |    +0.8% |   -0.261 |      -68.7 |    415 | row51/_628_/D
    1710* |      24 |     345 |       96 |      1 |   166 |    +0.8% |   -0.261 |      -68.7 |    415 | row51/_628_/D
    1714* |       1 |     345 |       73 |      1 |   166 |    +0.8% |   -0.261 |      -68.7 |    415 | row51/_628_/D
    1720* |       1 |     349 |       73 |      2 |   166 |    +0.8% |   -0.271 |      -69.3 |    415 | row51/_628_/D
    1730* |       1 |     351 |       81 |      2 |   166 |    +0.8% |   -0.271 |      -69.3 |    415 | row51/_628_/D
    1740* |       1 |     353 |       88 |      3 |   166 |    +0.8% |   -0.271 |      -69.1 |    415 | row51/_628_/D
    1740* |       1 |     345 |       73 |      1 |   166 |    +0.8% |   -0.261 |      -68.7 |    415 | row51/_628_/D
    1750* |       1 |     347 |       75 |      1 |   171 |    +0.8% |   -0.261 |      -68.5 |    415 | row51/_628_/D
    1760* |       1 |     352 |       78 |      2 |   172 |    +0.8% |   -0.272 |      -68.9 |    415 | row28/_630_/D
    1767* |       1 |     347 |       74 |      1 |   167 |    +0.8% |   -0.261 |      -68.4 |    415 | row51/_628_/D
    1770* |       1 |     347 |       74 |      1 |   169 |    +0.8% |   -0.261 |      -68.3 |    415 | row51/_628_/D
    1775* |       1 |     350 |       76 |      1 |   170 |    +0.8% |   -0.261 |      -68.4 |    415 | row51/_628_/D
    1780* |       1 |     353 |       76 |      1 |   171 |    +0.8% |   -0.261 |      -68.3 |    415 | row51/_628_/D
    1783* |       1 |     354 |       76 |      1 |   173 |    +0.8% |   -0.261 |      -68.2 |    415 | row51/_628_/D
    1790* |       1 |     356 |       79 |      2 |   173 |    +0.8% |   -0.289 |      -70.8 |    415 | row51/_628_/D
    1793* |       1 |     354 |       76 |      1 |   173 |    +0.8% |   -0.261 |      -68.2 |    415 | row51/_628_/D
    1800* |       1 |     358 |       77 |      1 |   174 |    +0.8% |   -0.261 |      -67.7 |    415 | row51/_628_/D
    1810* |       1 |     362 |       80 |      1 |   177 |    +0.8% |   -0.261 |      -67.8 |    415 | row51/_628_/D
    1820* |       1 |     367 |       82 |      1 |   180 |    +0.8% |   -0.261 |      -67.8 |    415 | row51/_628_/D
    1830* |       1 |     371 |       88 |      2 |   182 |    +0.9% |   -0.282 |      -70.6 |    415 | row39/_630_/D
    1831* |       1 |     360 |       78 |      1 |   175 |    +0.8% |   -0.261 |      -67.7 |    415 | row51/_628_/D
    1840* |       1 |     363 |       79 |      1 |   179 |    +0.8% |   -0.261 |      -67.7 |    415 | row51/_628_/D
    1844* |       1 |     365 |       80 |      1 |   180 |    +0.8% |   -0.261 |      -67.6 |    415 | row51/_628_/D
    1850* |       1 |     368 |       82 |      1 |   180 |    +0.8% |   -0.266 |      -68.1 |    415 | row51/_628_/D
    1850* |       1 |     365 |       80 |      1 |   180 |    +0.8% |   -0.261 |      -67.6 |    415 | row51/_628_/D
    1856* |       1 |     368 |       81 |      2 |   180 |    +0.8% |   -0.261 |      -68.7 |    415 | row51/_628_/D
    1860* |       1 |     370 |       81 |      2 |   181 |    +0.8% |   -0.261 |      -68.6 |    415 | row51/_628_/D
    1864* |       1 |     371 |       82 |      2 |   183 |    +0.8% |   -0.261 |      -68.5 |    415 | row51/_628_/D
    1870* |       1 |     375 |       82 |      3 |   183 |    +0.8% |   -0.301 |      -71.7 |    415 | row59/_630_/D
    1880* |       1 |     377 |       89 |      3 |   184 |    +0.9% |   -0.301 |      -71.9 |    415 | row59/_630_/D
    1890* |       1 |     381 |       92 |      3 |   187 |    +0.9% |   -0.301 |      -73.4 |    415 | row59/_630_/D
    1900* |       1 |     383 |       96 |      3 |   191 |    +0.9% |   -0.301 |      -72.7 |    415 | row59/_630_/D
    1900* |       1 |     372 |       82 |      2 |   183 |    +0.8% |   -0.261 |      -68.2 |    415 | row51/_628_/D
    1910* |       1 |     378 |       83 |      4 |   183 |    +0.9% |   -0.301 |      -72.5 |    415 | row59/_630_/D
    1920* |       1 |     381 |       89 |      4 |   184 |    +0.9% |   -0.301 |      -71.4 |    415 | row59/_630_/D
    1929* |       1 |     372 |       82 |      2 |   183 |    +0.8% |   -0.261 |      -68.2 |    415 | row51/_628_/D
    1930* |       1 |     372 |       82 |      2 |   183 |    +0.8% |   -0.261 |      -68.2 |    415 | row51/_628_/D
    1940* |       1 |     375 |       83 |      2 |   189 |    +0.8% |   -0.261 |      -68.1 |    415 | row51/_628_/D
    1944* |       1 |     376 |       83 |      2 |   192 |    +0.8% |   -0.261 |      -68.1 |    415 | row51/_628_/D
    1950* |       1 |     378 |       84 |      3 |   193 |    +0.8% |   -0.331 |      -70.8 |    415 | row7/_629_/D
    1960* |       1 |     385 |       87 |      3 |   193 |    +0.9% |   -0.268 |      -69.0 |    415 | row30/_630_/D
    1970* |       1 |     387 |       91 |      3 |   197 |    +0.9% |   -0.354 |      -72.8 |    415 | row26/_630_/D
    1980* |       1 |     390 |       97 |      3 |   199 |    +0.9% |   -0.354 |      -73.1 |    415 | row26/_630_/D
    1980* |       1 |     376 |       83 |      2 |   192 |    +0.8% |   -0.261 |      -68.1 |    415 | row51/_628_/D
    1990* |       1 |     378 |       89 |      2 |   193 |    +0.8% |   -0.261 |      -68.0 |    415 | row51/_628_/D
    2000* |       1 |     380 |       93 |      2 |   197 |    +0.9% |   -0.261 |      -68.2 |    415 | row51/_628_/D
    2006* |       1 |     378 |       89 |      2 |   193 |    +0.8% |   -0.261 |      -68.0 |    415 | row51/_628_/D
    2010* |       1 |     380 |       90 |      2 |   193 |    +0.9% |   -0.261 |      -67.9 |    415 | row51/_628_/D
    2020* |       1 |     385 |       95 |      2 |   193 |    +0.9% |   -0.261 |      -67.3 |    415 | row51/_628_/D
    2023* |       1 |     384 |       95 |      2 |   193 |    +0.9% |   -0.261 |      -67.3 |    415 | row51/_628_/D
    2029* |       1 |     385 |       95 |      2 |   193 |    +0.9% |   -0.261 |      -67.3 |    415 | row51/_628_/D
    2030* |       1 |     385 |       95 |      2 |   193 |    +0.9% |   -0.261 |      -67.3 |    415 | row51/_628_/D
    2040* |       1 |     386 |       97 |      2 |   200 |    +0.9% |   -0.261 |      -67.2 |    415 | row51/_628_/D
    2050* |       1 |     389 |       98 |      2 |   206 |    +0.9% |   -0.261 |      -67.1 |    415 | row51/_628_/D
    2053* |       1 |     390 |       98 |      2 |   208 |    +0.9% |   -0.261 |      -67.0 |    415 | row51/_628_/D
    2060* |       1 |     393 |       98 |      2 |   211 |    +0.9% |   -0.261 |      -66.9 |    415 | row51/_628_/D
    2061* |       1 |     394 |       98 |      2 |   211 |    +0.9% |   -0.261 |      -66.9 |    415 | row51/_628_/D
    2070* |       1 |     396 |      104 |      3 |   211 |    +0.9% |   -0.298 |      -68.9 |    415 | row34/_628_/D
    2080* |       1 |     401 |      110 |      3 |   211 |    +0.9% |   -0.338 |      -71.8 |    415 | row41/_628_/D
    2089* |       1 |     395 |       98 |      2 |   211 |    +0.9% |   -0.261 |      -66.6 |    415 | row51/_628_/D
    2090* |       1 |     395 |       98 |      2 |   211 |    +0.9% |   -0.261 |      -66.6 |    415 | row51/_628_/D
    2100* |       1 |     400 |       99 |      2 |   215 |    +0.9% |   -0.264 |      -66.5 |    415 | row7/_629_/D
    2102* |       1 |     396 |       98 |      2 |   212 |    +0.9% |   -0.261 |      -66.3 |    415 | row51/_628_/D
    2110* |       1 |     399 |       98 |      3 |   215 |    +0.9% |   -0.301 |      -69.2 |    415 | row59/_630_/D
    2120* |       1 |     405 |      101 |      4 |   215 |    +0.9% |   -0.301 |      -69.2 |    415 | row59/_630_/D
    2130* |       1 |     409 |      105 |      4 |   217 |    +1.0% |   -0.324 |      -72.0 |    415 | row6/_627_/D
    2140* |       2 |     412 |      109 |      4 |   221 |    +1.0% |   -0.324 |      -71.8 |    415 | row6/_627_/D
    2144* |       1 |     399 |       98 |      2 |   214 |    +0.9% |   -0.261 |      -65.7 |    415 | row51/_628_/D
    2150* |       1 |     402 |       98 |      3 |   215 |    +0.9% |   -0.285 |      -67.2 |    415 | row51/_628_/D
    2160* |       1 |     406 |      100 |      4 |   218 |    +0.9% |   -0.278 |      -67.5 |    415 | row51/_628_/D
    2170* |       1 |     409 |      103 |      4 |   222 |    +0.9% |   -0.278 |      -67.5 |    415 | row51/_628_/D
    2180* |       1 |     418 |      103 |      4 |   223 |    +1.0% |   -0.278 |      -67.2 |    415 | row51/_628_/D
    2181* |       1 |     399 |       98 |      2 |   214 |    +0.9% |   -0.261 |      -65.7 |    415 | row51/_628_/D
    2190* |       1 |     402 |       99 |      3 |   217 |    +0.9% |   -0.301 |      -69.3 |    415 | row59/_630_/D
    2194* |       1 |     399 |       98 |      2 |   214 |    +0.9% |   -0.261 |      -65.7 |    415 | row51/_628_/D
    2200* |       1 |     401 |       98 |      2 |   217 |    +0.9% |   -0.261 |      -65.6 |    415 | row51/_628_/D
    2200* |       1 |     401 |       98 |      2 |   217 |    +0.9% |   -0.261 |      -65.6 |    415 | row51/_628_/D
    2210* |       1 |     404 |       99 |      2 |   222 |    +0.9% |   -0.261 |      -65.3 |    415 | row51/_628_/D
    2210* |       1 |     404 |       99 |      2 |   222 |    +0.9% |   -0.261 |      -65.3 |    415 | row51/_628_/D
    2220* |       1 |     406 |      103 |      3 |   225 |    +0.9% |   -0.306 |      -72.7 |    415 | row58/_628_/D
    2230* |       1 |     412 |      105 |      3 |   227 |    +0.9% |   -0.306 |      -71.2 |    415 | row58/_628_/D
    2240* |       1 |     416 |      108 |      3 |   231 |    +1.0% |   -0.306 |      -71.0 |    415 | row58/_628_/D
    2249* |       1 |     404 |       99 |      2 |   222 |    +0.9% |   -0.261 |      -65.3 |    415 | row51/_628_/D
    2250* |       1 |     404 |       99 |      2 |   222 |    +0.9% |   -0.261 |      -65.3 |    415 | row51/_628_/D
    2260* |       1 |     407 |      102 |      4 |   224 |    +0.9% |   -0.300 |      -68.2 |    415 | row49/_630_/D
    2270* |       1 |     414 |      103 |      4 |   226 |    +0.9% |   -0.300 |      -67.9 |    415 | row49/_630_/D
    2280* |       1 |     417 |      106 |      4 |   230 |    +1.0% |   -0.310 |      -66.0 |    415 | row49/_630_/D
    2290* |       1 |     420 |      111 |      4 |   232 |    +1.0% |   -0.261 |      -64.8 |    415 | row51/_628_/D
    2300* |       1 |     420 |      121 |      4 |   232 |    +1.0% |   -0.261 |      -64.8 |    415 | row51/_628_/D
    2303* |       1 |     421 |      121 |      4 |   232 |    +1.0% |   -0.261 |      -65.0 |    415 | row51/_628_/D
    2310* |       1 |     422 |      123 |      4 |   235 |    +1.0% |   -0.261 |      -65.1 |    415 | row51/_628_/D
    2320* |       1 |     427 |      126 |      4 |   237 |    +1.0% |   -0.261 |      -64.7 |    415 | row51/_628_/D
    2320* |       1 |     422 |      121 |      4 |   232 |    +1.0% |   -0.261 |      -65.0 |    415 | row51/_628_/D
    2329* |       1 |     424 |      122 |      4 |   237 |    +1.0% |   -0.261 |      -64.8 |    415 | row51/_628_/D
    2330* |       1 |     424 |      122 |      4 |   237 |    +1.0% |   -0.261 |      -64.8 |    415 | row51/_628_/D
    2340* |       1 |     430 |      125 |      5 |   237 |    +1.0% |   -0.261 |      -64.4 |    415 | row51/_628_/D
    2348* |       1 |     432 |      128 |      6 |   237 |    +1.1% |   -0.261 |      -64.8 |    415 | row51/_628_/D
    2350* |       1 |     432 |      128 |      7 |   237 |    +1.1% |   -0.301 |      -68.3 |    415 | row59/_630_/D
    2360* |       1 |     434 |      136 |      7 |   239 |    +1.1% |   -0.301 |      -69.6 |    415 | row59/_630_/D
    2370* |       1 |     438 |      139 |      7 |   242 |    +1.1% |   -0.301 |      -69.2 |    415 | row59/_630_/D
    2380* |       1 |     441 |      141 |      7 |   247 |    +1.1% |   -0.301 |      -69.3 |    415 | row59/_630_/D
    2385* |       1 |     432 |      128 |      6 |   237 |    +1.1% |   -0.261 |      -64.8 |    415 | row51/_628_/D
    2390* |       1 |     433 |      129 |      7 |   238 |    +1.1% |   -0.301 |      -68.3 |    415 | row59/_630_/D
    2400* |       1 |     436 |      133 |      7 |   241 |    +1.1% |   -0.272 |      -65.9 |    415 | row1/_629_/D
    2400* |       1 |     433 |      128 |      6 |   237 |    +1.1% |   -0.261 |      -64.5 |    415 | row51/_628_/D
    2410* |       1 |     438 |      129 |      6 |   240 |    +1.1% |   -0.264 |      -63.9 |    415 | row7/_629_/D
    2411* |       1 |     435 |      128 |      6 |   239 |    +1.1% |   -0.261 |      -64.0 |    415 | row51/_628_/D
    2420* |       1 |     441 |      129 |      6 |   240 |    +1.1% |   -0.261 |      -63.8 |    415 | row51/_628_/D
    2430* |       1 |     446 |      134 |      6 |   241 |    +1.1% |   -0.261 |      -63.7 |    415 | row51/_628_/D
    2437* |       1 |     446 |      134 |      6 |   241 |    +1.1% |   -0.261 |      -63.7 |    415 | row51/_628_/D
    2440* |       1 |     446 |      135 |      7 |   241 |    +1.1% |   -0.261 |      -63.6 |    415 | row51/_628_/D
    2449* |       1 |     454 |      135 |      8 |   241 |    +1.1% |   -0.261 |      -63.7 |    415 | row51/_628_/D
    2450* |       1 |     454 |      135 |      8 |   241 |    +1.1% |   -0.261 |      -63.7 |    415 | row51/_628_/D
    2456* |       1 |     454 |      135 |      8 |   241 |    +1.1% |   -0.261 |      -63.7 |    415 | row51/_628_/D
    2460* |       1 |     456 |      136 |      8 |   241 |    +1.1% |   -0.261 |      -63.6 |    415 | row51/_628_/D
    2460* |       1 |     456 |      136 |      8 |   241 |    +1.1% |   -0.261 |      -63.6 |    415 | row51/_628_/D
    2470* |       1 |     458 |      142 |      8 |   242 |    +1.1% |   -0.261 |      -63.5 |    415 | row51/_628_/D
    2480* |       1 |     459 |      144 |      8 |   249 |    +1.1% |   -0.261 |      -63.5 |    415 | row51/_628_/D
    2484* |       1 |     460 |      145 |      8 |   251 |    +1.1% |   -0.261 |      -63.4 |    415 | row51/_628_/D
    2490* |       1 |     462 |      146 |      8 |   253 |    +1.1% |   -0.261 |      -63.3 |    415 | row51/_628_/D
    2491* |       1 |     462 |      146 |      8 |   254 |    +1.1% |   -0.261 |      -63.3 |    415 | row51/_628_/D
    2500* |       1 |     463 |      150 |      8 |   257 |    +1.2% |   -0.261 |      -63.2 |    415 | row51/_628_/D
    2510* |       1 |     467 |      154 |      8 |   259 |    +1.2% |   -0.261 |      -63.1 |    415 | row51/_628_/D
    2511* |       1 |     467 |      154 |      8 |   260 |    +1.2% |   -0.261 |      -63.1 |    415 | row51/_628_/D
    2520* |       1 |     467 |      157 |      8 |   265 |    +1.2% |   -0.307 |      -63.2 |    415 | row7/_637_/D
    2530* |       2 |     470 |      158 |      8 |   270 |    +1.2% |   -0.261 |      -63.1 |    415 | row51/_628_/D
    2540* |       7 |     470 |      163 |      8 |   270 |    +1.2% |   -0.261 |      -63.1 |    415 | row51/_628_/D
    2550* |      12 |     470 |      168 |      8 |   270 |    +1.2% |   -0.261 |      -63.1 |    415 | row51/_628_/D
    2560* |      17 |     470 |      173 |      8 |   270 |    +1.2% |   -0.261 |      -63.1 |    415 | row51/_628_/D
    2570* |      22 |     470 |      178 |      8 |   270 |    +1.2% |   -0.261 |      -63.1 |    415 | row51/_628_/D
    2579* |       2 |     470 |      157 |      8 |   270 |    +1.2% |   -0.261 |      -63.0 |    415 | row51/_628_/D
    2580* |       2 |     470 |      157 |      8 |   270 |    +1.2% |   -0.261 |      -63.0 |    415 | row51/_628_/D
    2590* |       2 |     472 |      163 |      8 |   272 |    +1.2% |   -0.261 |      -62.9 |    415 | row51/_628_/D
    2600* |       2 |     473 |      165 |      8 |   279 |    +1.2% |   -0.261 |      -63.0 |    415 | row51/_628_/D
    2602* |       2 |     474 |      165 |      8 |   280 |    +1.2% |   -0.261 |      -62.9 |    415 | row51/_628_/D
    2610* |       2 |     475 |      171 |      8 |   280 |    +1.2% |   -0.261 |      -62.8 |    415 | row51/_628_/D
    2620* |       2 |     476 |      173 |      8 |   287 |    +1.2% |   -0.261 |      -62.8 |    415 | row51/_628_/D
    2623* |       2 |     477 |      173 |      8 |   289 |    +1.2% |   -0.261 |      -62.8 |    415 | row51/_628_/D
    2630* |       2 |     479 |      175 |     10 |   289 |    +1.2% |   -0.296 |      -66.5 |    415 | row51/_628_/D
    2640* |       2 |     486 |      178 |     10 |   289 |    +1.3% |   -0.278 |      -63.9 |    415 | row51/_628_/D
    2650* |       3 |     491 |      180 |     10 |   291 |    +1.3% |   -0.278 |      -64.0 |    415 | row51/_628_/D
    2654* |       2 |     477 |      173 |      8 |   289 |    +1.2% |   -0.261 |      -62.8 |    415 | row51/_628_/D
    2660* |       2 |     480 |      175 |      8 |   289 |    +1.2% |   -0.261 |      -62.6 |    415 | row51/_628_/D
    2667* |       2 |     485 |      177 |      8 |   289 |    +1.2% |   -0.261 |      -62.5 |    415 | row51/_628_/D
    2670* |       2 |     486 |      177 |      8 |   290 |    +1.2% |   -0.261 |      -62.5 |    415 | row51/_628_/D
    2680* |       2 |     492 |      179 |      8 |   292 |    +1.3% |   -0.261 |      -62.1 |    415 | row51/_628_/D
    2690* |       2 |     496 |      182 |      8 |   295 |    +1.3% |   -0.261 |      -62.1 |    415 | row51/_628_/D
    2693* |       3 |     496 |      184 |      8 |   296 |    +1.3% |   -0.261 |      -61.7 |    415 | row51/_628_/D
    2700* |       3 |     499 |      185 |      8 |   298 |    +1.3% |   -0.261 |      -61.2 |    415 | row51/_628_/D
    2710* |       3 |     503 |      187 |      8 |   302 |    +1.3% |   -0.261 |      -60.9 |    415 | row51/_628_/D
    2714* |       3 |     503 |      187 |      8 |   301 |    +1.3% |   -0.261 |      -60.8 |    415 | row51/_628_/D
    2720* |       3 |     505 |      188 |      9 |   302 |    +1.3% |   -0.301 |      -64.1 |    415 | row59/_630_/D
    2730* |       3 |     512 |      190 |      9 |   303 |    +1.3% |   -0.264 |      -58.2 |    415 | row59/_630_/D
    2740* |       3 |     515 |      194 |      9 |   307 |    +1.3% |   -0.264 |      -58.1 |    415 | row59/_630_/D
    2747* |       3 |     503 |      188 |      8 |   301 |    +1.3% |   -0.261 |      -60.7 |    415 | row51/_628_/D
    2750* |       3 |     503 |      188 |      9 |   302 |    +1.3% |   -0.301 |      -64.0 |    415 | row59/_630_/D
    2760* |       3 |     508 |      190 |      9 |   305 |    +1.3% |   -0.301 |      -63.5 |    415 | row59/_630_/D
    2770* |       3 |     509 |      197 |      9 |   308 |    +1.3% |   -0.272 |      -61.6 |    415 | row58/_628_/D
    2777* |       3 |     503 |      188 |      8 |   301 |    +1.3% |   -0.261 |      -60.7 |    415 | row51/_628_/D
    2780* |       3 |     504 |      189 |      8 |   301 |    +1.3% |   -0.266 |      -60.7 |    415 | row51/_628_/D
    2790* |       3 |     510 |      191 |     10 |   301 |    +1.3% |   -0.278 |      -62.2 |    415 | row51/_628_/D
    2797* |       3 |     503 |      188 |      8 |   301 |    +1.3% |   -0.261 |      -60.7 |    415 | row51/_628_/D
    2800* |       3 |     504 |      188 |      9 |   301 |    +1.3% |   -0.301 |      -64.0 |    415 | row59/_630_/D
    2800* |       3 |     503 |      188 |      8 |   301 |    +1.3% |   -0.261 |      -60.7 |    415 | row51/_628_/D
    2810* |       3 |     506 |      189 |     10 |   304 |    +1.3% |   -0.312 |      -69.8 |    415 | row7/_629_/D
    2820* |       3 |     508 |      193 |     10 |   308 |    +1.3% |   -0.312 |      -69.6 |    415 | row7/_629_/D
    2824* |       3 |     504 |      188 |      8 |   301 |    +1.3% |   -0.261 |      -60.7 |    415 | row51/_628_/D
    2830* |       3 |     507 |      189 |      9 |   301 |    +1.3% |   -0.274 |      -61.7 |    415 | row51/_628_/D
    2832* |       3 |     504 |      188 |      8 |   301 |    +1.3% |   -0.261 |      -60.7 |    415 | row51/_628_/D
    2840* |       3 |     509 |      190 |      8 |   301 |    +1.3% |   -0.264 |      -60.4 |    415 | row7/_629_/D
    2850* |       3 |     511 |      199 |      8 |   301 |    +1.3% |   -0.313 |      -56.9 |    415 | row0/_630_/D
    2860* |       3 |     516 |      204 |      8 |   301 |    +1.4% |   -0.313 |      -56.7 |    415 | row0/_630_/D
    2866* |       3 |     504 |      188 |      8 |   301 |    +1.3% |   -0.261 |      -60.7 |    415 | row51/_628_/D
    2870* |       3 |     505 |      189 |      9 |   301 |    +1.3% |   -0.261 |      -58.3 |    415 | row47/_637_/D
    2875* |       3 |     509 |      190 |      9 |   301 |    +1.3% |   -0.261 |      -58.0 |    415 | row47/_637_/D
    2880* |       3 |     512 |      191 |      9 |   301 |    +1.3% |   -0.261 |      -57.9 |    415 | row47/_637_/D
    2883* |       3 |     514 |      192 |      9 |   301 |    +1.3% |   -0.261 |      -56.6 |    415 | row47/_637_/D
    2890* |       3 |     517 |      193 |      9 |   303 |    +1.3% |   -0.261 |      -56.2 |    415 | row47/_637_/D
    2900* |       3 |     519 |      201 |      9 |   303 |    +1.4% |   -0.261 |      -56.3 |    415 | row47/_637_/D
    2905* |       3 |     522 |      202 |      9 |   304 |    +1.4% |   -0.261 |      -56.1 |    415 | row47/_637_/D
    2910* |       3 |     525 |      202 |      9 |   305 |    +1.4% |   -0.261 |      -55.9 |    415 | row47/_637_/D
    2914* |       3 |     527 |      202 |      9 |   307 |    +1.4% |   -0.261 |      -55.8 |    415 | row47/_637_/D
    2920* |       3 |     528 |      205 |     10 |   307 |    +1.4% |   -0.261 |      -56.9 |    415 | row47/_637_/D
    2926* |       3 |     532 |      207 |     10 |   307 |    +1.4% |   -0.261 |      -56.7 |    415 | row47/_637_/D
    2930* |       3 |     532 |      207 |     10 |   310 |    +1.4% |   -0.276 |      -56.7 |    415 | row60/_637_/D
    2940* |       3 |     535 |      210 |     10 |   314 |    +1.4% |   -0.261 |      -56.5 |    415 | row47/_637_/D
    2948* |       3 |     537 |      213 |     10 |   317 |    +1.4% |   -0.261 |      -56.5 |    415 | row47/_637_/D
    2950* |       3 |     537 |      213 |     11 |   317 |    +1.4% |   -0.313 |      -58.3 |    415 | row54/_628_/D
    2960* |       3 |     544 |      216 |     11 |   317 |    +1.4% |   -0.263 |      -57.5 |    415 | row30/_630_/D
    2970* |       3 |     548 |      222 |     11 |   317 |    +1.5% |   -0.330 |      -58.2 |    415 | row32/_630_/D
    2970* |       3 |     537 |      213 |     10 |   317 |    +1.4% |   -0.261 |      -56.5 |    415 | row47/_637_/D
    2971* |       3 |     537 |      213 |     10 |   317 |    +1.4% |   -0.261 |      -56.5 |    415 | row47/_637_/D
    2980* |       3 |     540 |      213 |     10 |   322 |    +1.4% |   -0.261 |      -56.3 |    415 | row47/_637_/D
    2985* |       3 |     542 |      213 |     10 |   325 |    +1.4% |   -0.261 |      -56.2 |    415 | row47/_637_/D
    2990* |       3 |     545 |      214 |     10 |   325 |    +1.4% |   -0.261 |      -55.9 |    415 | row47/_637_/D
    2993* |       3 |     547 |      215 |     10 |   325 |    +1.4% |   -0.261 |      -55.8 |    415 | row47/_637_/D
    3000* |       3 |     550 |      216 |     10 |   327 |    +1.4% |   -0.261 |      -55.6 |    415 | row47/_637_/D
    3001* |       3 |     550 |      216 |     10 |   328 |    +1.4% |   -0.261 |      -55.6 |    415 | row47/_637_/D
    3010* |       3 |     552 |      216 |     10 |   334 |    +1.4% |   -0.261 |      -55.5 |    415 | row47/_637_/D
    3020* |       3 |     553 |      223 |     10 |   336 |    +1.4% |   -0.261 |      -55.5 |    415 | row47/_637_/D
    3030* |       3 |     555 |      224 |     10 |   343 |    +1.4% |   -0.261 |      -55.4 |    415 | row47/_637_/D
    3032* |       3 |     556 |      224 |     10 |   344 |    +1.4% |   -0.261 |      -55.4 |    415 | row47/_637_/D
    3040* |       3 |     558 |      224 |     10 |   349 |    +1.4% |   -0.261 |      -55.2 |    415 | row47/_637_/D
    3043* |       3 |     559 |      224 |     10 |   351 |    +1.4% |   -0.261 |      -55.1 |    415 | row47/_637_/D
    3050* |       3 |     561 |      226 |     10 |   353 |    +1.5% |   -0.384 |      -58.5 |    415 | row19/_629_/D
    3060* |       3 |     566 |      229 |     10 |   355 |    +1.5% |   -0.290 |      -55.4 |    415 | row19/_629_/D
    3070* |       3 |     570 |      233 |     10 |   357 |    +1.5% |   -0.290 |      -55.3 |    415 | row19/_629_/D
    3080* |       3 |     574 |      234 |     11 |   361 |    +1.5% |   -0.280 |      -55.2 |    415 | row47/_630_/D
    3084* |       3 |     559 |      224 |     10 |   351 |    +1.4% |   -0.261 |      -55.1 |    415 | row47/_637_/D
    3090* |       3 |     560 |      224 |     10 |   355 |    +1.4% |   -0.282 |      -55.2 |    415 | row4/_637_/D
    3100* |       3 |     562 |      230 |     10 |   357 |    +1.5% |   -0.261 |      -54.9 |    415 | row47/_637_/D
    3110* |       3 |     566 |      233 |     10 |   360 |    +1.5% |   -0.261 |      -55.0 |    415 | row47/_637_/D
    3120* |       3 |     568 |      235 |     10 |   366 |    +1.5% |   -0.261 |      -54.9 |    415 | row47/_637_/D
    3120* |       3 |     568 |      235 |     10 |   366 |    +1.5% |   -0.261 |      -54.9 |    415 | row47/_637_/D
    3130* |       3 |     570 |      236 |     10 |   372 |    +1.5% |   -0.261 |      -54.8 |    415 | row47/_637_/D
    3140* |       3 |     571 |      243 |     10 |   374 |    +1.5% |   -0.261 |      -54.8 |    415 | row47/_637_/D
    3146* |       3 |     575 |      243 |     10 |   376 |    +1.5% |   -0.261 |      -54.7 |    415 | row47/_637_/D
    3150* |       3 |     578 |      243 |     10 |   376 |    +1.5% |   -0.263 |      -55.0 |    415 | row51/_628_/D
    3160* |       3 |     582 |      246 |     10 |   379 |    +1.5% |   -0.263 |      -54.6 |    415 | row51/_628_/D
    3160* |       3 |     577 |      243 |     10 |   376 |    +1.5% |   -0.261 |      -54.8 |    415 | row47/_637_/D
    3170* |       3 |     582 |      246 |     10 |   378 |    +1.5% |   -0.261 |      -54.3 |    415 | row47/_637_/D
    3180* |       3 |     586 |      252 |     10 |   379 |    +1.5% |   -0.321 |      -57.4 |    415 | row60/_627_/D
    3190* |       3 |     588 |      261 |     10 |   379 |    +1.6% |   -0.294 |      -55.4 |    415 | row13/_630_/D
    3200* |       3 |     591 |      263 |     10 |   384 |    +1.6% |   -0.294 |      -55.4 |    415 | row13/_630_/D
    3200* |       3 |     585 |      247 |     10 |   379 |    +1.5% |   -0.261 |      -53.9 |    415 | row47/_637_/D
    3210* |       3 |     587 |      248 |     10 |   385 |    +1.5% |   -0.261 |      -53.7 |    415 | row47/_637_/D
    3220* |       3 |     590 |      254 |     10 |   386 |    +1.6% |   -0.261 |      -53.7 |    415 | row47/_637_/D
    3223* |       3 |     591 |      254 |     10 |   388 |    +1.6% |   -0.261 |      -53.7 |    415 | row47/_637_/D
    3230* |       3 |     592 |      254 |     10 |   393 |    +1.6% |   -0.320 |      -53.8 |    415 | row47/_637_/D
    3240* |       3 |     594 |      259 |     10 |   396 |    +1.6% |   -0.261 |      -53.7 |    415 | row51/_637_/D
    3246* |       3 |     597 |      259 |     10 |   399 |    +1.6% |   -0.261 |      -53.5 |    415 | row51/_637_/D
    3250* |       3 |     598 |      259 |     10 |   401 |    +1.6% |   -0.261 |      -53.4 |    415 | row51/_637_/D
    3260* |       3 |     600 |      261 |     10 |   407 |    +1.6% |   -0.261 |      -53.3 |    415 | row51/_637_/D
    3263* |       3 |     601 |      261 |     10 |   409 |    +1.6% |   -0.261 |      -53.3 |    415 | row51/_637_/D
    3270* |       3 |     606 |      263 |     10 |   409 |    +1.6% |   -0.261 |      -53.1 |    415 | row51/_637_/D
    3280* |       3 |     611 |      268 |     10 |   409 |    +1.6% |   -0.307 |      -55.5 |    415 | row13/_630_/D
    3290* |       3 |     614 |      274 |     10 |   410 |    +1.6% |   -0.298 |      -54.2 |    415 | row13/_630_/D
    3300* |       3 |     620 |      278 |     10 |   410 |    +1.6% |   -0.298 |      -54.4 |    415 | row13/_630_/D
    3305* |       3 |     607 |      263 |     10 |   409 |    +1.6% |   -0.261 |      -53.1 |    415 | row51/_637_/D
    3309* |       3 |     610 |      263 |     10 |   409 |    +1.6% |   -0.261 |      -52.7 |    415 | row51/_637_/D
    3310* |       3 |     610 |      263 |     10 |   409 |    +1.6% |   -0.261 |      -52.7 |    415 | row51/_637_/D
    3320* |       3 |     614 |      265 |     10 |   413 |    +1.6% |   -0.261 |      -52.6 |    415 | row51/_637_/D
    3321* |       3 |     615 |      265 |     10 |   413 |    +1.6% |   -0.261 |      -52.3 |    415 | row51/_637_/D
    3330* |       3 |     620 |      265 |     10 |   416 |    +1.6% |   -0.263 |      -51.9 |    415 | row51/_628_/D
    3330* |       3 |     616 |      265 |     10 |   414 |    +1.6% |   -0.261 |      -51.8 |    415 | row51/_637_/D
    3340* |       3 |     618 |      266 |     10 |   420 |    +1.6% |   -0.261 |      -51.8 |    415 | row51/_637_/D
    3350* |       3 |     620 |      273 |     10 |   421 |    +1.6% |   -0.261 |      -51.7 |    415 | row51/_637_/D
    3360* |       3 |     620 |      275 |     10 |   429 |    +1.6% |   -0.261 |      -51.8 |    415 | row51/_637_/D
    3363* |       3 |     622 |      275 |     10 |   430 |    +1.6% |   -0.261 |      -51.8 |    415 | row51/_637_/D
    3370* |       3 |     622 |      276 |     10 |   435 |    +1.6% |   -0.291 |      -51.8 |    415 | row6/_637_/D
    3380* |       3 |     623 |      283 |     10 |   437 |    +1.7% |   -0.261 |      -51.8 |    415 | row51/_637_/D
    3389* |       3 |     629 |      283 |     10 |   440 |    +1.7% |   -0.261 |      -51.5 |    415 | row51/_637_/D
    3390* |       3 |     629 |      283 |     10 |   440 |    +1.7% |   -0.261 |      -51.5 |    415 | row51/_637_/D
    3400* |       3 |     631 |      284 |     10 |   447 |    +1.7% |   -0.261 |      -51.4 |    415 | row51/_637_/D
    3410* |       3 |     634 |      290 |     10 |   448 |    +1.7% |   -0.261 |      -51.3 |    415 | row51/_637_/D
    3412* |       3 |     634 |      290 |     10 |   450 |    +1.7% |   -0.261 |      -51.3 |    415 | row51/_637_/D
    3420* |       3 |     636 |      291 |     10 |   454 |    +1.7% |   -0.261 |      -51.2 |    415 | row51/_637_/D
    3428* |       3 |     638 |      291 |     10 |   460 |    +1.7% |   -0.261 |      -51.1 |    415 | row51/_637_/D
    3430* |       3 |     638 |      292 |     10 |   460 |    +1.7% |   -0.261 |      -51.5 |    415 | row51/_637_/D
    3440* |       3 |     645 |      293 |     10 |   462 |    +1.7% |   -0.261 |      -51.1 |    415 | row51/_637_/D
    3442* |       3 |     645 |      293 |     10 |   462 |    +1.7% |   -0.261 |      -51.1 |    415 | row51/_637_/D
    3450* |       3 |     649 |      296 |     10 |   462 |    +1.7% |   -0.261 |      -51.0 |    415 | row51/_637_/D
    3454* |       3 |     650 |      298 |     10 |   463 |    +1.7% |   -0.261 |      -50.9 |    415 | row51/_637_/D
    3460* |       3 |     650 |      298 |     10 |   468 |    +1.7% |   -0.309 |      -51.0 |    415 | row12/_637_/D
    3470* |       3 |     655 |      299 |     10 |   472 |    +1.7% |   -0.261 |      -50.6 |    415 | row51/_637_/D
    3471* |       3 |     655 |      299 |     10 |   473 |    +1.7% |   -0.261 |      -50.6 |    415 | row51/_637_/D
    3477* |       3 |     658 |      301 |     10 |   473 |    +1.7% |   -0.261 |      -50.0 |    415 | row51/_637_/D
    3480* |       3 |     658 |      302 |     11 |   473 |    +1.7% |   -0.297 |      -51.4 |    415 | row54/_628_/D
    3490* |       3 |     662 |      306 |     11 |   475 |    +1.8% |   -0.363 |      -53.8 |    415 | row32/_630_/D
    3500* |       3 |     669 |      308 |     11 |   476 |    +1.8% |   -0.335 |      -52.0 |    415 | row32/_630_/D
    3500* |       3 |     658 |      302 |     10 |   473 |    +1.7% |   -0.261 |      -49.9 |    415 | row51/_637_/D
    3510* |       3 |     658 |      305 |     10 |   479 |    +1.7% |   -0.303 |      -50.0 |    415 | row40/_637_/D
    3520* |       3 |     661 |      310 |     10 |   481 |    +1.8% |   -0.261 |      -49.8 |    415 | row51/_637_/D
    3525* |       3 |     664 |      310 |     10 |   483 |    +1.8% |   -0.261 |      -49.7 |    415 | row51/_637_/D
    3530* |       3 |     664 |      311 |     10 |   486 |    +1.8% |   -0.265 |      -49.8 |    415 | row18/_630_/D
    3540* |       3 |     670 |      313 |     10 |   488 |    +1.8% |   -0.261 |      -49.4 |    415 | row51/_637_/D
    3550* |       3 |     671 |      321 |     10 |   492 |    +1.8% |   -0.284 |      -53.7 |    415 | row0/_630_/D
    3559* |       3 |     670 |      311 |     10 |   486 |    +1.8% |   -0.261 |      -49.1 |    415 | row51/_637_/D
    3560* |       3 |     670 |      311 |     10 |   486 |    +1.8% |   -0.261 |      -49.1 |    415 | row51/_637_/D
    3562* |       3 |     671 |      312 |     10 |   486 |    +1.8% |   -0.261 |      -49.1 |    415 | row51/_637_/D
    3570* |       3 |     673 |      313 |     10 |   490 |    +1.8% |   -0.261 |      -48.9 |    415 | row51/_637_/D
    3580* |       3 |     675 |      315 |     10 |   496 |    +1.8% |   -0.261 |      -48.8 |    415 | row51/_637_/D
    3580* |       3 |     675 |      315 |     10 |   496 |    +1.8% |   -0.261 |      -48.8 |    415 | row51/_637_/D
    3590* |       3 |     677 |      316 |     10 |   502 |    +1.8% |   -0.261 |      -48.8 |    415 | row51/_637_/D
    3598* |       3 |     680 |      317 |     10 |   506 |    +1.8% |   -0.261 |      -48.5 |    415 | row51/_637_/D
    3600* |       3 |     681 |      317 |     10 |   506 |    +1.8% |   -0.261 |      -48.5 |    415 | row51/_637_/D
    3610* |       3 |     683 |      318 |     10 |   513 |    +1.8% |   -0.261 |      -48.4 |    415 | row51/_637_/D
    3617* |       3 |     687 |      318 |     10 |   516 |    +1.8% |   -0.261 |      -48.2 |    415 | row51/_637_/D
    3620* |       3 |     688 |      318 |     10 |   517 |    +1.8% |   -0.277 |      -48.3 |    415 | row28/_637_/D
    3630* |       3 |     688 |      324 |     10 |   521 |    +1.8% |   -0.302 |      -48.3 |    415 | row28/_637_/D
    3640* |       3 |     690 |      330 |     10 |   523 |    +1.8% |   -0.261 |      -48.4 |    415 | row51/_637_/D
    3650* |       3 |     693 |      334 |     10 |   526 |    +1.8% |   -0.261 |      -48.4 |    415 | row51/_637_/D
    3658* |       3 |     693 |      333 |     10 |   525 |    +1.8% |   -0.261 |      -48.2 |    415 | row51/_637_/D
    3660* |       3 |     693 |      333 |     10 |   526 |    +1.8% |   -0.261 |      -48.2 |    415 | row51/_637_/D
    3670* |       3 |     696 |      333 |     10 |   533 |    +1.8% |   -0.261 |      -48.0 |    415 | row51/_637_/D
    3680* |       3 |     699 |      333 |     10 |   540 |    +1.8% |   -0.261 |      -48.0 |    415 | row51/_637_/D
    3681* |       3 |     699 |      333 |     10 |   541 |    +1.8% |   -0.261 |      -48.0 |    415 | row51/_637_/D
    3690* |       3 |     701 |      333 |     10 |   547 |    +1.8% |   -0.261 |      -47.8 |    415 | row51/_637_/D
    3700* |       3 |     703 |      335 |     10 |   553 |    +1.8% |   -0.261 |      -47.7 |    415 | row51/_637_/D
    3706* |       3 |     704 |      336 |     10 |   557 |    +1.8% |   -0.261 |      -47.7 |    415 | row51/_637_/D
    3710* |       3 |     705 |      336 |     10 |   559 |    +1.8% |   -0.265 |      -47.7 |    415 | row51/_637_/D
    3720* |       3 |     708 |      338 |     10 |   564 |    +1.9% |   -0.260 |      -47.5 |    415 | row51/_628_/D
    3730* |       3 |     711 |      343 |     10 |   566 |    +1.9% |   -0.260 |      -47.5 |    415 | row51/_628_/D
    3739* |       3 |     711 |      343 |     10 |   565 |    +1.9% |   -0.260 |      -47.5 |    415 | row51/_628_/D
    3740* |       3 |     711 |      343 |     10 |   565 |    +1.9% |   -0.260 |      -47.5 |    415 | row51/_628_/D
    3750* |       3 |     713 |      344 |     10 |   572 |    +1.9% |   -0.260 |      -47.4 |    415 | row51/_628_/D
    3760* |       3 |     715 |      346 |     10 |   578 |    +1.9% |   -0.260 |      -47.3 |    415 | row51/_628_/D
    3766* |       3 |     717 |      347 |     10 |   581 |    +1.9% |   -0.260 |      -47.3 |    415 | row51/_628_/D
    3770* |       3 |     719 |      348 |     10 |   581 |    +1.9% |   -0.259 |      -47.2 |    415 | row38/_637_/D
    3775* |       3 |     722 |      350 |     10 |   581 |    +1.9% |   -0.259 |      -46.6 |    415 | row38/_637_/D
    3777* |       3 |     723 |      350 |     10 |   581 |    +1.9% |   -0.259 |      -46.6 |    415 | row38/_637_/D
    3780* |       3 |     725 |      350 |     10 |   581 |    +1.9% |   -0.258 |      -46.6 |    415 | row7/_629_/D
    3790* |       3 |     727 |      351 |     10 |   588 |    +1.9% |   -0.258 |      -46.5 |    415 | row7/_629_/D
    3800* |       3 |     729 |      357 |     10 |   590 |    +1.9% |   -0.258 |      -46.4 |    415 | row7/_629_/D
    3801* |       3 |     729 |      357 |     10 |   591 |    +1.9% |   -0.258 |      -46.4 |    415 | row7/_629_/D
    3810* |       3 |     732 |      360 |     12 |   591 |    +1.9% |   -0.317 |      -57.8 |    415 | row32/_630_/D
    3815* |       3 |     729 |      357 |     10 |   591 |    +1.9% |   -0.258 |      -46.4 |    415 | row7/_629_/D
    3820* |       3 |     730 |      357 |     10 |   594 |    +1.9% |   -0.278 |      -46.4 |    415 | row10/_637_/D
    3830* |       3 |     733 |      360 |     10 |   598 |    +1.9% |   -0.258 |      -46.2 |    415 | row7/_629_/D
    3837* |       3 |     734 |      363 |     10 |   601 |    +1.9% |   -0.258 |      -46.2 |    415 | row7/_629_/D
    3840* |       3 |     736 |      363 |     10 |   601 |    +1.9% |   -0.264 |      -46.1 |    415 | row7/_629_/D
    3843* |       3 |     734 |      363 |     10 |   601 |    +1.9% |   -0.258 |      -46.2 |    415 | row7/_629_/D
    3850* |       3 |     736 |      366 |     10 |   602 |    +1.9% |   -0.264 |      -47.8 |    415 | row18/_629_/D
    3860* |       3 |     742 |      369 |     10 |   603 |    +2.0% |   -0.258 |      -47.1 |    415 | row7/_629_/D
    3865* |       3 |     735 |      363 |     10 |   601 |    +1.9% |   -0.258 |      -46.2 |    415 | row7/_629_/D
    3866* |       3 |     735 |      363 |     10 |   601 |    +1.9% |   -0.258 |      -46.2 |    415 | row7/_629_/D
    3870* |       3 |     737 |      364 |     10 |   601 |    +1.9% |   -0.258 |      -46.1 |    415 | row7/_629_/D
    3873* |       3 |     739 |      364 |     11 |   601 |    +2.0% |   -0.258 |      -45.8 |    415 | row7/_629_/D
    3876* |       3 |     739 |      366 |     11 |   601 |    +2.0% |   -0.258 |      -45.7 |    415 | row7/_629_/D
    3877* |       3 |     739 |      366 |     11 |   601 |    +2.0% |   -0.258 |      -45.7 |    415 | row7/_629_/D
    3880* |       3 |     740 |      366 |     11 |   602 |    +2.0% |   -0.258 |      -45.8 |    415 | row7/_629_/D
    3890* |       3 |     745 |      369 |     12 |   603 |    +2.0% |   -0.258 |      -46.4 |    415 | row7/_629_/D
    3891* |       3 |     742 |      369 |     11 |   603 |    +2.0% |   -0.258 |      -46.2 |    415 | row39/_637_/D
    3900* |       3 |     744 |      372 |     11 |   606 |    +2.0% |   -0.258 |      -46.2 |    415 | row39/_637_/D
    3908* |       3 |     750 |      372 |     12 |   607 |    +2.0% |   -0.258 |      -45.3 |    415 | row39/_637_/D
    3910* |       3 |     751 |      372 |     12 |   607 |    +2.0% |   -0.258 |      -45.3 |    415 | row39/_637_/D
    3915* |       3 |     755 |      372 |     12 |   608 |    +2.0% |   -0.258 |      -44.6 |    415 | row39/_637_/D
    3920* |       3 |     757 |      374 |     12 |   608 |    +2.0% |   -0.258 |      -44.7 |    415 | row39/_637_/D
    3929* |       3 |     763 |      376 |     13 |   608 |    +2.0% |   -0.258 |      -43.3 |    415 | row39/_637_/D
    3930* |       3 |     763 |      376 |     13 |   608 |    +2.0% |   -0.258 |      -43.3 |    415 | row39/_637_/D
    3940* |       3 |     764 |      384 |     14 |   608 |    +2.1% |   -0.290 |      -45.3 |    415 | row54/_628_/D
    3950* |       3 |     771 |      387 |     14 |   608 |    +2.1% |   -0.288 |      -44.6 |    415 | row30/_630_/D
    3960* |       3 |     772 |      391 |     14 |   613 |    +2.1% |   -0.360 |      -46.5 |    415 | row32/_630_/D
    3966* |       3 |     763 |      376 |     13 |   608 |    +2.0% |   -0.258 |      -43.3 |    415 | row39/_637_/D
    3970* |       3 |     764 |      378 |     13 |   608 |    +2.1% |   -0.258 |      -42.6 |    415 | row39/_637_/D
    3976* |       3 |     767 |      379 |     13 |   609 |    +2.1% |   -0.258 |      -42.7 |    415 | row39/_637_/D
    3980* |       3 |     770 |      379 |     13 |   609 |    +2.1% |   -0.258 |      -42.5 |    415 | row39/_637_/D
    3990* |       3 |     773 |      385 |     13 |   610 |    +2.1% |   -0.258 |      -41.8 |    415 | row39/_637_/D
    3990* |       3 |     773 |      385 |     13 |   610 |    +2.1% |   -0.258 |      -41.8 |    415 | row39/_637_/D
    3994* |       3 |     776 |      385 |     13 |   610 |    +2.1% |   -0.258 |      -41.7 |    415 | row39/_637_/D
    4000* |       3 |     778 |      388 |     13 |   610 |    +2.1% |   -0.258 |      -41.6 |    415 | row39/_637_/D
    4005* |       3 |     782 |      389 |     13 |   610 |    +2.1% |   -0.258 |      -41.3 |    415 | row39/_637_/D
    4010* |       3 |     784 |      391 |     13 |   610 |    +2.1% |   -0.258 |      -41.2 |    415 | row39/_637_/D
    4020* |       3 |     789 |      395 |     13 |   612 |    +2.1% |   -0.258 |      -40.9 |    415 | row39/_637_/D
    4022* |       3 |     789 |      395 |     13 |   612 |    +2.1% |   -0.258 |      -40.9 |    415 | row39/_637_/D
    4030* |       3 |     791 |      396 |     13 |   616 |    +2.1% |   -0.293 |      -41.0 |    415 | row21/_637_/D
    4040* |       3 |     794 |      400 |     13 |   619 |    +2.1% |   -0.258 |      -40.7 |    415 | row39/_637_/D
    4050* |       3 |     797 |      405 |     13 |   621 |    +2.2% |   -0.258 |      -40.7 |    415 | row39/_637_/D
    4051* |       3 |     797 |      405 |     13 |   622 |    +2.2% |   -0.258 |      -40.7 |    415 | row39/_637_/D
    4052* |       3 |     797 |      405 |     13 |   622 |    +2.2% |   -0.258 |      -40.7 |    415 | row39/_637_/D
    4060* |       3 |     801 |      407 |     13 |   623 |    +2.2% |   -0.258 |      -40.2 |    415 | row39/_637_/D
    4065* |       3 |     801 |      409 |     13 |   626 |    +2.2% |   -0.258 |      -40.1 |    415 | row39/_637_/D
    4070* |       3 |     803 |      409 |     15 |   626 |    +2.2% |   -0.266 |      -42.9 |    415 | row11/_629_/D
    4076* |       3 |     807 |      411 |     15 |   626 |    +2.2% |   -0.258 |      -40.6 |    415 | row39/_637_/D
    4078* |       3 |     808 |      411 |     15 |   626 |    +2.2% |   -0.258 |      -40.6 |    415 | row39/_637_/D
    4080* |       3 |     809 |      411 |     15 |   626 |    +2.2% |   -0.258 |      -40.6 |    415 | row39/_637_/D
    4090* |       3 |     812 |      411 |     15 |   633 |    +2.2% |   -0.258 |      -40.5 |    415 | row39/_637_/D
    4100* |       3 |     815 |      414 |     15 |   637 |    +2.2% |   -0.258 |      -40.4 |    415 | row39/_637_/D
    4107* |       3 |     817 |      414 |     15 |   642 |    +2.2% |   -0.258 |      -40.4 |    415 | row39/_637_/D
    4110* |       3 |     817 |      414 |     15 |   644 |    +2.2% |   -0.258 |      -40.4 |    415 | row39/_637_/D
    4120* |       3 |     819 |      416 |     15 |   650 |    +2.2% |   -0.258 |      -40.3 |    415 | row39/_637_/D
    4130* |       3 |     823 |      422 |     15 |   650 |    +2.2% |   -0.258 |      -40.2 |    415 | row39/_637_/D
    4133* |       3 |     824 |      422 |     15 |   652 |    +2.2% |   -0.258 |      -40.1 |    415 | row39/_637_/D
    4140* |       3 |     826 |      423 |     15 |   655 |    +2.3% |   -0.258 |      -39.8 |    415 | row39/_637_/D
    4150* |       3 |     827 |      427 |     16 |   659 |    +2.3% |   -0.258 |      -39.6 |    415 | row39/_637_/D
    4160* |       3 |     827 |      435 |     16 |   661 |    +2.3% |   -0.258 |      -39.7 |    415 | row39/_637_/D
    4170* |       3 |     835 |      438 |     16 |   661 |    +2.3% |   -0.258 |      -39.9 |    415 | row39/_637_/D
    4178* |       3 |     839 |      442 |     16 |   661 |    +2.3% |   -0.258 |      -39.7 |    415 | row39/_637_/D
    4180* |       3 |     840 |      442 |     16 |   661 |    +2.3% |   -0.258 |      -39.7 |    415 | row39/_637_/D
    4190* |       3 |     841 |      444 |     16 |   668 |    +2.3% |   -0.277 |      -39.8 |    415 | row35/_637_/D
    4200* |       3 |     846 |      445 |     16 |   672 |    +2.3% |   -0.258 |      -39.5 |    415 | row39/_637_/D
    4210* |       4 |     848 |      447 |     16 |   677 |    +2.3% |   -0.258 |      -39.5 |    415 | row39/_637_/D
    4220* |       9 |     848 |      452 |     16 |   677 |    +2.3% |   -0.258 |      -39.5 |    415 | row39/_637_/D
    4230* |      14 |     848 |      457 |     16 |   677 |    +2.3% |   -0.258 |      -39.5 |    415 | row39/_637_/D
    4240* |      19 |     848 |      462 |     16 |   677 |    +2.3% |   -0.258 |      -39.5 |    415 | row39/_637_/D
    4250* |      24 |     848 |      467 |     16 |   677 |    +2.3% |   -0.258 |      -39.5 |    415 | row39/_637_/D
    4259* |       4 |     848 |      446 |     16 |   677 |    +2.3% |   -0.258 |      -39.5 |    415 | row39/_637_/D
    4260* |       4 |     848 |      446 |     16 |   677 |    +2.3% |   -0.258 |      -39.5 |    415 | row39/_637_/D
    4265* |       4 |     852 |      447 |     16 |   677 |    +2.4% |   -0.258 |      -39.1 |    415 | row39/_637_/D
    4270* |       4 |     855 |      447 |     16 |   678 |    +2.4% |   -0.258 |      -38.6 |    415 | row39/_637_/D
    4280* |       4 |     858 |      450 |     16 |   682 |    +2.4% |   -0.258 |      -38.6 |    415 | row39/_637_/D
    4283* |       4 |     860 |      451 |     16 |   682 |    +2.4% |   -0.258 |      -38.4 |    415 | row39/_637_/D
    4287* |       4 |     861 |      451 |     16 |   682 |    +2.4% |   -0.258 |      -38.4 |    415 | row39/_637_/D
    4290* |       4 |     862 |      451 |     16 |   683 |    +2.4% |   -0.258 |      -38.4 |    415 | row39/_637_/D
    4300* |       4 |     865 |      459 |     16 |   684 |    +2.4% |   -0.258 |      -39.2 |    415 | row39/_637_/D
    4310* |       4 |     870 |      461 |     16 |   687 |    +2.4% |   -0.258 |      -39.2 |    415 | row39/_637_/D
    4314* |       4 |     862 |      451 |     16 |   682 |    +2.4% |   -0.258 |      -38.3 |    415 | row39/_637_/D
    4315* |       4 |     862 |      451 |     16 |   682 |    +2.4% |   -0.258 |      -38.3 |    415 | row39/_637_/D
    4320* |       4 |     865 |      452 |     16 |   682 |    +2.4% |   -0.258 |      -37.9 |    415 | row39/_637_/D
    4321* |       4 |     866 |      452 |     16 |   682 |    +2.4% |   -0.258 |      -37.7 |    415 | row39/_637_/D
    4330* |       4 |     869 |      457 |     17 |   682 |    +2.4% |   -0.357 |      -43.4 |    415 | row10/_629_/D
    4333* |       4 |     867 |      452 |     16 |   682 |    +2.4% |   -0.258 |      -37.7 |    415 | row39/_637_/D
    4340* |       4 |     871 |      452 |     16 |   684 |    +2.4% |   -0.258 |      -37.7 |    415 | row39/_637_/D
    4345* |       4 |     874 |      453 |     16 |   685 |    +2.4% |   -0.258 |      -37.6 |    415 | row39/_637_/D
    4350* |       4 |     876 |      454 |     17 |   685 |    +2.4% |   -0.258 |      -39.1 |    415 | row39/_637_/D
    4355* |       4 |     881 |      454 |     17 |   685 |    +2.4% |   -0.258 |      -37.3 |    415 | row39/_637_/D
    4360* |       4 |     884 |      454 |     17 |   686 |    +2.4% |   -0.257 |      -37.3 |    415 | row54/_637_/D
    4370* |       4 |     885 |      457 |     17 |   692 |    +2.4% |   -0.257 |      -37.2 |    415 | row54/_637_/D
    4380* |       4 |     888 |      462 |     17 |   694 |    +2.4% |   -0.257 |      -37.2 |    415 | row54/_637_/D
    4390* |       4 |     891 |      462 |     17 |   701 |    +2.4% |   -0.257 |      -37.1 |    415 | row54/_637_/D
    4390* |       4 |     891 |      462 |     17 |   701 |    +2.4% |   -0.257 |      -37.1 |    415 | row54/_637_/D
    4391* |       4 |     891 |      462 |     17 |   701 |    +2.4% |   -0.257 |      -37.1 |    415 | row54/_637_/D
    4398* |       4 |     895 |      464 |     17 |   701 |    +2.5% |   -0.257 |      -37.5 |    415 | row54/_637_/D
    4400* |       4 |     896 |      464 |     17 |   701 |    +2.5% |   -0.256 |      -37.5 |    415 | row52/_637_/D
    4410* |       4 |     898 |      467 |     17 |   706 |    +2.5% |   -0.269 |      -37.5 |    415 | row54/_637_/D
    4420* |       4 |     900 |      473 |     17 |   708 |    +2.5% |   -0.256 |      -37.5 |    415 | row52/_637_/D
    4430* |       4 |     901 |      478 |     17 |   712 |    +2.5% |   -0.256 |      -37.5 |    415 | row52/_637_/D
    4439* |       4 |     903 |      480 |     17 |   717 |    +2.5% |   -0.256 |      -37.4 |    415 | row52/_637_/D
    4440* |       4 |     903 |      480 |     17 |   717 |    +2.5% |   -0.256 |      -37.4 |    415 | row52/_637_/D
    4450* |       4 |     908 |      481 |     17 |   721 |    +2.5% |   -0.256 |      -37.4 |    415 | row56/_637_/D
    4460* |       4 |     911 |      482 |     17 |   727 |    +2.5% |   -0.256 |      -37.2 |    415 | row56/_637_/D
    4465* |       4 |     913 |      482 |     17 |   730 |    +2.5% |   -0.256 |      -37.1 |    415 | row56/_637_/D
    4469* |       4 |     915 |      483 |     17 |   730 |    +2.5% |   -0.256 |      -37.2 |    415 | row56/_637_/D
    4470* |       4 |     915 |      483 |     17 |   730 |    +2.5% |   -0.256 |      -37.2 |    415 | row56/_637_/D
    4480* |       4 |     919 |      483 |     17 |   736 |    +2.5% |   -0.255 |      -37.2 |    415 | row43/_637_/D
    4490* |       4 |     923 |      485 |     17 |   740 |    +2.5% |   -0.255 |      -36.9 |    415 | row43/_637_/D
    4490* |       4 |     923 |      485 |     17 |   740 |    +2.5% |   -0.255 |      -36.9 |    415 | row43/_637_/D
    4491* |       4 |     923 |      485 |     17 |   740 |    +2.5% |   -0.255 |      -36.9 |    415 | row43/_637_/D
    4492* |       4 |     923 |      485 |     17 |   740 |    +2.5% |   -0.255 |      -36.9 |    415 | row43/_637_/D
    4500* |       4 |     927 |      485 |     17 |   743 |    +2.5% |   -0.255 |      -36.9 |    415 | row20/_637_/D
    4510* |       4 |     928 |      489 |     17 |   748 |    +2.5% |   -0.255 |      -36.8 |    415 | row20/_637_/D
    4520* |       4 |     929 |      493 |     17 |   753 |    +2.6% |   -0.255 |      -36.9 |    415 | row20/_637_/D
    4527* |       4 |     932 |      494 |     17 |   756 |    +2.6% |   -0.255 |      -36.7 |    415 | row20/_637_/D
    4530* |       4 |     934 |      494 |     17 |   756 |    +2.6% |   -0.254 |      -36.6 |    415 | row36/_637_/D
    4540* |       4 |     936 |      495 |     17 |   763 |    +2.6% |   -0.254 |      -36.5 |    415 | row36/_637_/D
    4550* |       4 |     939 |      496 |     17 |   769 |    +2.6% |   -0.254 |      -36.6 |    415 | row36/_637_/D
    4555* |       4 |     941 |      496 |     17 |   772 |    +2.6% |   -0.254 |      -36.4 |    415 | row36/_637_/D
    4560* |       4 |     944 |      497 |     17 |   772 |    +2.6% |   -0.254 |      -36.1 |    415 | row36/_637_/D
    4560* |       4 |     944 |      497 |     17 |   772 |    +2.6% |   -0.254 |      -36.1 |    415 | row36/_637_/D
    4570* |       4 |     947 |      497 |     17 |   778 |    +2.6% |   -0.279 |      -36.2 |    415 | row36/_637_/D
    4580* |       4 |     950 |      498 |     17 |   784 |    +2.6% |   -0.252 |      -35.9 |    415 | row49/_637_/D
    4586* |       4 |     952 |      498 |     17 |   788 |    +2.6% |   -0.252 |      -35.8 |    415 | row49/_637_/D
    4590* |       4 |     955 |      498 |     17 |   788 |    +2.6% |   -0.252 |      -35.8 |    415 | row63/_637_/D
    4600* |       4 |     957 |      499 |     17 |   795 |    +2.6% |   -0.252 |      -35.6 |    415 | row63/_637_/D
    4610* |       4 |     960 |      504 |     17 |   797 |    +2.6% |   -0.252 |      -35.6 |    415 | row63/_637_/D
    4611* |       4 |     960 |      504 |     17 |   798 |    +2.6% |   -0.252 |      -35.6 |    415 | row63/_637_/D
    4620* |       4 |     965 |      504 |     17 |   801 |    +2.6% |   -0.277 |      -35.6 |    415 | row63/_637_/D
    4630* |       4 |     965 |      512 |     17 |   803 |    +2.6% |   -0.274 |      -35.8 |    415 | row63/_637_/D
    4640* |       4 |     968 |      512 |     17 |   810 |    +2.6% |   -0.250 |      -35.5 |    415 | row26/_637_/D
    4648* |       4 |     969 |      513 |     17 |   810 |    +2.6% |   -0.250 |      -35.5 |    415 | row26/_637_/D
    4649* |       4 |     969 |      513 |     17 |   810 |    +2.6% |   -0.250 |      -35.5 |    415 | row26/_637_/D
    4650* |       4 |     969 |      513 |     17 |   810 |    +2.6% |   -0.250 |      -35.5 |    415 | row26/_637_/D
    4655* |       4 |     970 |      513 |     18 |   810 |    +2.7% |   -0.250 |      -35.6 |    415 | row26/_637_/D
    4660* |       4 |     973 |      514 |     18 |   810 |    +2.7% |   -0.249 |      -35.6 |    415 | row58/_637_/D
    4670* |       4 |     974 |      516 |     18 |   817 |    +2.7% |   -0.249 |      -35.5 |    415 | row58/_637_/D
    4680* |       4 |     977 |      517 |     18 |   823 |    +2.7% |   -0.249 |      -35.3 |    415 | row58/_637_/D
    4682* |       4 |     978 |      517 |     18 |   824 |    +2.7% |   -0.249 |      -35.3 |    415 | row58/_637_/D
    4690* |       4 |     984 |      517 |     18 |   825 |    +2.7% |   -0.249 |      -34.8 |    415 | row58/_637_/D
    4696* |       5 |     985 |      519 |     18 |   827 |    +2.7% |   -0.249 |      -34.8 |    415 | row58/_637_/D
    4697* |       5 |     985 |      519 |     18 |   827 |    +2.7% |   -0.249 |      -34.8 |    415 | row58/_637_/D
    4700* |       5 |     986 |      520 |     18 |   827 |    +2.7% |   -0.249 |      -34.8 |    415 | row37/_637_/D
    4710* |       5 |     989 |      521 |     18 |   833 |    +2.7% |   -0.249 |      -34.8 |    415 | row37/_637_/D
    4720* |       5 |     992 |      522 |     18 |   839 |    +2.7% |   -0.249 |      -34.7 |    415 | row37/_637_/D
    4730* |       5 |     994 |      526 |     18 |   843 |    +2.7% |   -0.249 |      -34.6 |    415 | row37/_637_/D
    4730* |       5 |     994 |      526 |     18 |   843 |    +2.7% |   -0.249 |      -34.6 |    415 | row37/_637_/D
    4731* |       5 |     994 |      526 |     18 |   843 |    +2.7% |   -0.249 |      -34.6 |    415 | row37/_637_/D
    4740* |       5 |     998 |      526 |     18 |   847 |    +2.7% |   -0.316 |      -34.7 |    415 | row37/_637_/D
    4750* |       5 |    1001 |      529 |     18 |   851 |    +2.7% |   -0.248 |      -34.5 |    415 | row30/_637_/D
    4760* |       5 |    1002 |      536 |     18 |   853 |    +2.7% |   -0.248 |      -34.6 |    415 | row30/_637_/D
    4764* |       5 |    1004 |      536 |     18 |   855 |    +2.7% |   -0.248 |      -34.5 |    415 | row30/_637_/D
    4765* |       5 |    1004 |      536 |     18 |   855 |    +2.7% |   -0.248 |      -34.5 |    415 | row30/_637_/D
    4770* |       5 |    1008 |      536 |     18 |   855 |    +2.7% |   -0.248 |      -34.5 |    415 | row34/_637_/D
    4780* |       5 |    1011 |      537 |     18 |   861 |    +2.8% |   -0.248 |      -34.3 |    415 | row34/_637_/D
    4790* |       5 |    1011 |      543 |     18 |   865 |    +2.8% |   -0.248 |      -34.3 |    415 | row34/_637_/D
    4799* |       5 |    1013 |      544 |     18 |   871 |    +2.8% |   -0.248 |      -34.3 |    415 | row34/_637_/D
    4800* |       5 |    1013 |      544 |     18 |   871 |    +2.8% |   -0.248 |      -34.3 |    415 | row34/_637_/D
    4810* |       5 |    1018 |      547 |     20 |   871 |    +2.8% |   -0.272 |      -44.4 |    415 | row36/_627_/D
    4813* |       5 |    1013 |      544 |     18 |   871 |    +2.8% |   -0.248 |      -34.3 |    415 | row34/_637_/D
    4820* |       5 |    1017 |      544 |     18 |   873 |    +2.8% |   -0.245 |      -34.3 |    415 | row9/_637_/D
    4830* |       5 |    1019 |      546 |     18 |   879 |    +2.8% |   -0.245 |      -34.2 |    415 | row9/_637_/D
    4840* |       5 |    1021 |      547 |     18 |   886 |    +2.8% |   -0.245 |      -34.1 |    415 | row9/_637_/D
    4842* |       5 |    1022 |      547 |     18 |   887 |    +2.8% |   -0.245 |      -34.0 |    415 | row9/_637_/D
    4848* |       5 |    1027 |      547 |     18 |   887 |    +2.8% |   -0.245 |      -33.8 |    415 | row9/_637_/D
    4850* |       5 |    1027 |      547 |     19 |   887 |    +2.8% |   -0.261 |      -35.2 |    415 | row54/_628_/D
    4859* |       5 |    1027 |      547 |     18 |   887 |    +2.8% |   -0.245 |      -33.8 |    415 | row9/_637_/D
    4860* |       5 |    1027 |      547 |     18 |   887 |    +2.8% |   -0.245 |      -33.8 |    415 | row9/_637_/D
    4870* |       5 |    1030 |      552 |     19 |   888 |    +2.8% |   -0.245 |      -36.5 |    415 | row9/_637_/D
    4876* |       5 |    1027 |      548 |     18 |   887 |    +2.8% |   -0.245 |      -33.8 |    415 | row9/_637_/D
    4880* |       5 |    1030 |      548 |     18 |   887 |    +2.8% |   -0.239 |      -33.7 |    415 | row18/_637_/D
    4890* |       5 |    1032 |      549 |     18 |   894 |    +2.8% |   -0.239 |      -33.7 |    415 | row18/_637_/D
    4900* |       5 |    1034 |      550 |     18 |   901 |    +2.8% |   -0.239 |      -33.6 |    415 | row18/_637_/D
    4903* |       5 |    1035 |      550 |     18 |   903 |    +2.8% |   -0.239 |      -33.5 |    415 | row18/_637_/D
    4910* |       5 |    1038 |      551 |     18 |   905 |    +2.8% |   -0.239 |      -33.3 |    415 | row18/_637_/D
    4920* |       5 |    1045 |      551 |     19 |   907 |    +2.8% |   -0.239 |      -32.9 |    415 | row7/_629_/D
    4930* |       5 |    1049 |      552 |     20 |   911 |    +2.9% |   -0.293 |      -43.4 |    415 | row7/_629_/D
    4937* |       5 |    1039 |      551 |     18 |   905 |    +2.8% |   -0.239 |      -33.1 |    415 | row18/_637_/D
    4940* |       5 |    1040 |      551 |     19 |   905 |    +2.8% |   -0.261 |      -34.5 |    415 | row54/_628_/D
    4950* |       5 |    1044 |      554 |     20 |   907 |    +2.9% |   -0.323 |      -45.9 |    415 | row30/_630_/D
    4950* |       5 |    1040 |      551 |     18 |   905 |    +2.8% |   -0.239 |      -33.1 |    415 | row18/_637_/D
    4954* |       5 |    1040 |      552 |     18 |   905 |    +2.8% |   -0.239 |      -33.8 |    415 | row18/_637_/D
    4960* |       5 |    1041 |      553 |     18 |   908 |    +2.8% |   -0.239 |      -34.1 |    415 | row18/_637_/D
    4967* |       5 |    1045 |      554 |     19 |   909 |    +2.8% |   -0.239 |      -33.4 |    415 | row18/_637_/D
    4970* |       5 |    1047 |      554 |     19 |   909 |    +2.9% |   -0.236 |      -33.4 |    415 | row7/_629_/D
    4980* |       5 |    1049 |      555 |     19 |   916 |    +2.9% |   -0.236 |      -33.3 |    415 | row7/_629_/D
    4990* |       5 |    1052 |      561 |     19 |   917 |    +2.9% |   -0.236 |      -33.2 |    415 | row7/_629_/D
    5000* |       5 |    1054 |      561 |     19 |   925 |    +2.9% |   -0.236 |      -33.2 |    415 | row7/_629_/D
    5000* |       5 |    1054 |      561 |     19 |   925 |    +2.9% |   -0.236 |      -33.2 |    415 | row7/_629_/D
    5010* |       5 |    1060 |      562 |     19 |   927 |    +2.9% |   -0.228 |      -33.2 |    415 | row7/_629_/D
    5012* |       5 |    1062 |      562 |     19 |   927 |    +2.9% |   -0.228 |      -33.2 |    415 | row7/_629_/D
    5015* |       5 |    1063 |      563 |     19 |   927 |    +2.9% |   -0.228 |      -33.1 |    415 | row7/_629_/D
    5016* |       5 |    1063 |      563 |     19 |   927 |    +2.9% |   -0.228 |      -33.1 |    415 | row7/_629_/D
    5017* |       5 |    1063 |      563 |     19 |   927 |    +2.9% |   -0.228 |      -33.1 |    415 | row7/_629_/D
    5020* |       5 |    1064 |      563 |     19 |   928 |    +2.9% |   -0.228 |      -33.1 |    415 | row7/_629_/D
    5020* |       5 |    1064 |      563 |     19 |   927 |    +2.9% |   -0.228 |      -33.1 |    415 | row7/_629_/D
    5021* |       5 |    1064 |      563 |     19 |   927 |    +2.9% |   -0.228 |      -33.1 |    415 | row7/_629_/D
    5022* |       5 |    1064 |      563 |     19 |   927 |    +2.9% |   -0.228 |      -33.1 |    415 | row7/_629_/D
    5027* |       5 |    1068 |      563 |     19 |   927 |    +2.9% |   -0.228 |      -32.9 |    415 | row7/_629_/D
    5030* |       5 |    1069 |      564 |     19 |   927 |    +2.9% |   -0.228 |      -32.7 |    415 | row7/_629_/D
    5039* |       5 |    1076 |      565 |     19 |   928 |    +2.9% |   -0.228 |      -32.3 |    415 | row7/_629_/D
    5040* |       5 |    1076 |      565 |     19 |   928 |    +2.9% |   -0.228 |      -32.3 |    415 | row7/_629_/D
    5040* |       5 |    1076 |      565 |     19 |   928 |    +2.9% |   -0.228 |      -32.3 |    415 | row7/_629_/D
    5050* |       5 |    1078 |      567 |     19 |   933 |    +2.9% |   -0.228 |      -32.3 |    415 | row7/_629_/D
    5060* |       5 |    1084 |      569 |     19 |   935 |    +2.9% |   -0.228 |      -31.7 |    415 | row7/_629_/D
    5065* |       5 |    1082 |      567 |     19 |   934 |    +2.9% |   -0.228 |      -31.8 |    415 | row7/_629_/D
    5066* |       5 |    1082 |      567 |     19 |   934 |    +2.9% |   -0.228 |      -31.8 |    415 | row7/_629_/D
    5070* |       5 |    1084 |      568 |     19 |   934 |    +2.9% |   -0.228 |      -31.4 |    415 | row7/_629_/D
    5070* |       5 |    1084 |      568 |     19 |   934 |    +2.9% |   -0.228 |      -31.4 |    415 | row7/_629_/D
    5080* |       5 |    1088 |      571 |     19 |   936 |    +2.9% |   -0.228 |      -31.6 |    415 | row7/_629_/D
    5084* |       5 |    1088 |      571 |     19 |   936 |    +2.9% |   -0.228 |      -31.6 |    415 | row7/_629_/D
    5089* |       5 |    1090 |      571 |     20 |   937 |    +3.0% |   -0.228 |      -31.6 |    415 | row7/_629_/D
    5090* |       5 |    1090 |      571 |     20 |   937 |    +3.0% |   -0.228 |      -31.6 |    415 | row7/_629_/D
    5100* |       5 |    1095 |      576 |     20 |   939 |    +3.0% |   -0.228 |      -31.6 |    415 | row7/_629_/D
    5110* |       5 |    1101 |      578 |     20 |   941 |    +3.0% |   -0.228 |      -31.6 |    415 | row7/_629_/D
    5110* |       5 |    1099 |      577 |     20 |   939 |    +3.0% |   -0.228 |      -31.5 |    415 | row7/_629_/D
    5120* |       5 |    1103 |      578 |     22 |   941 |    +3.0% |   -0.303 |      -41.7 |    415 | row0/_630_/D
    5127* |       5 |    1100 |      577 |     20 |   939 |    +3.0% |   -0.228 |      -31.5 |    415 | row7/_629_/D
    5129* |       5 |    1101 |      577 |     20 |   939 |    +3.0% |   -0.228 |      -31.5 |    415 | row7/_629_/D
    5130* |       5 |    1101 |      577 |     20 |   939 |    +3.0% |   -0.228 |      -31.5 |    415 | row7/_629_/D
    5140* |       5 |    1105 |      581 |     20 |   941 |    +3.0% |   -0.294 |      -32.4 |    415 | row10/_630_/D
    5148* |       5 |    1103 |      577 |     20 |   939 |    +3.0% |   -0.228 |      -31.3 |    415 | row7/_629_/D
    5150* |       5 |    1103 |      578 |     20 |   939 |    +3.0% |   -0.228 |      -31.2 |    415 | row7/_629_/D
    5159* |       5 |    1107 |      580 |     20 |   942 |    +3.0% |   -0.228 |      -30.9 |    415 | row7/_629_/D
    5160* |       5 |    1107 |      580 |     20 |   942 |    +3.0% |   -0.228 |      -30.9 |    415 | row7/_629_/D
    5170* |       5 |    1113 |      587 |     20 |   942 |    +3.0% |   -0.228 |      -30.9 |    415 | row7/_629_/D
    5180* |       5 |    1118 |      592 |     20 |   942 |    +3.0% |   -0.228 |      -30.8 |    415 | row7/_629_/D
    5190* |       5 |    1122 |      598 |     20 |   942 |    +3.1% |   -0.228 |      -31.0 |    415 | row7/_629_/D
    5190* |       5 |    1111 |      585 |     20 |   942 |    +3.0% |   -0.228 |      -30.7 |    415 | row7/_629_/D
    5194* |       5 |    1112 |      585 |     20 |   942 |    +3.0% |   -0.228 |      -30.7 |    415 | row7/_629_/D
    5195* |       5 |    1112 |      585 |     20 |   942 |    +3.0% |   -0.228 |      -30.7 |    415 | row7/_629_/D
    5200* |       5 |    1114 |      586 |     20 |   943 |    +3.0% |   -0.228 |      -30.8 |    415 | row7/_629_/D
    5200* |       5 |    1112 |      585 |     20 |   942 |    +3.0% |   -0.228 |      -30.7 |    415 | row7/_629_/D
    5210* |       5 |    1117 |      587 |     22 |   942 |    +3.1% |   -0.286 |      -40.1 |    415 | row7/_629_/D
    5220* |       5 |    1122 |      593 |     22 |   942 |    +3.1% |   -0.286 |      -40.1 |    415 | row7/_629_/D
    5230* |       5 |    1127 |      594 |     24 |   944 |    +3.1% |   -0.286 |      -40.1 |    415 | row7/_629_/D
    5230* |       5 |    1112 |      586 |     20 |   942 |    +3.0% |   -0.228 |      -30.7 |    415 | row7/_629_/D
    5240* |       5 |    1117 |      589 |     20 |   943 |    +3.0% |   -0.228 |      -30.7 |    415 | row7/_629_/D
    5241* |       5 |    1118 |      589 |     20 |   943 |    +3.0% |   -0.228 |      -30.7 |    415 | row7/_629_/D
    5250* |       5 |    1122 |      593 |     20 |   943 |    +3.1% |   -0.236 |      -30.8 |    415 | row53/_637_/D
    5251* |       5 |    1118 |      590 |     20 |   943 |    +3.0% |   -0.228 |      -30.7 |    415 | row7/_629_/D
    5260* |       5 |    1123 |      591 |     22 |   943 |    +3.1% |   -0.285 |      -41.1 |    415 | row54/_628_/D
    5270* |       5 |    1127 |      597 |     22 |   943 |    +3.1% |   -0.285 |      -41.0 |    415 | row54/_628_/D
    5274* |       5 |    1118 |      590 |     20 |   943 |    +3.0% |   -0.228 |      -30.7 |    415 | row7/_629_/D
    5278* |       5 |    1119 |      590 |     20 |   943 |    +3.0% |   -0.228 |      -30.7 |    415 | row7/_629_/D
    5280* |       5 |    1120 |      590 |     20 |   943 |    +3.0% |   -0.231 |      -30.5 |    415 | row7/_629_/D
    5290* |       5 |    1125 |      595 |     20 |   944 |    +3.1% |   -0.231 |      -30.9 |    415 | row7/_629_/D
    5293* |       5 |    1119 |      590 |     20 |   943 |    +3.0% |   -0.228 |      -30.7 |    415 | row7/_629_/D
    5300* |       5 |    1122 |      592 |     21 |   943 |    +3.1% |   -0.286 |      -40.4 |    415 | row7/_629_/D
    5300* |       5 |    1119 |      591 |     20 |   943 |    +3.0% |   -0.228 |      -30.5 |    415 | row7/_629_/D
    5310* |       5 |    1126 |      593 |     20 |   943 |    +3.1% |   -0.228 |      -29.6 |    415 | row7/_629_/D
    5320* |       5 |    1131 |      598 |     20 |   943 |    +3.1% |   -0.228 |      -29.2 |    415 | row7/_629_/D
    5325* |       6 |    1132 |      602 |     20 |   943 |    +3.1% |   -0.228 |      -29.2 |    415 | row7/_629_/D
    5329* |       7 |    1133 |      602 |     20 |   944 |    +3.1% |   -0.228 |      -29.2 |    415 | row7/_629_/D
    5330* |       7 |    1133 |      602 |     20 |   944 |    +3.1% |   -0.228 |      -29.2 |    415 | row7/_629_/D
    5340* |       7 |    1136 |      606 |     21 |   947 |    +3.1% |   -0.228 |      -29.2 |    415 | row7/_629_/D
    5341* |       7 |    1137 |      606 |     21 |   947 |    +3.1% |   -0.228 |      -29.0 |    415 | row7/_629_/D
    5350* |       7 |    1140 |      611 |     21 |   947 |    +3.1% |   -0.228 |      -28.5 |    415 | row7/_629_/D
    5360* |       7 |    1143 |      615 |     21 |   950 |    +3.1% |   -0.231 |      -29.2 |    415 | row7/_629_/D
    5365* |       7 |    1140 |      613 |     21 |   948 |    +3.1% |   -0.228 |      -28.5 |    415 | row7/_629_/D
    5367* |       7 |    1141 |      613 |     21 |   948 |    +3.1% |   -0.228 |      -28.5 |    415 | row7/_629_/D
    5370* |       7 |    1143 |      613 |     21 |   948 |    +3.1% |   -0.228 |      -28.4 |    415 | row7/_629_/D
    5370* |       7 |    1143 |      613 |     21 |   948 |    +3.1% |   -0.228 |      -28.4 |    415 | row7/_629_/D
    5374* |       7 |    1144 |      613 |     21 |   948 |    +3.1% |   -0.228 |      -28.4 |    415 | row7/_629_/D
    5380* |       7 |    1146 |      614 |     21 |   950 |    +3.1% |   -0.230 |      -28.7 |    415 | row7/_629_/D
    5386* |       7 |    1145 |      613 |     21 |   948 |    +3.1% |   -0.228 |      -28.4 |    415 | row7/_629_/D
    5388* |       7 |    1146 |      613 |     21 |   948 |    +3.1% |   -0.228 |      -28.4 |    415 | row7/_629_/D
    5390* |       7 |    1147 |      613 |     21 |   948 |    +3.1% |   -0.228 |      -28.4 |    415 | row7/_629_/D
    5391* |       7 |    1147 |      613 |     21 |   948 |    +3.1% |   -0.228 |      -28.4 |    415 | row7/_629_/D
    5400* |       7 |    1150 |      616 |     23 |   948 |    +3.2% |   -0.224 |      -30.0 |    415 | row53/_633_/D
    5406* |       7 |    1156 |      616 |     23 |   948 |    +3.2% |   -0.224 |      -29.5 |    415 | row53/_633_/D
    5408* |       7 |    1157 |      616 |     23 |   948 |    +3.2% |   -0.224 |      -29.2 |    415 | row53/_633_/D
    5410* |       7 |    1158 |      616 |     23 |   948 |    +3.2% |   -0.224 |      -29.3 |    415 | row53/_633_/D
    5410* |       7 |    1158 |      616 |     23 |   948 |    +3.2% |   -0.224 |      -29.3 |    415 | row53/_633_/D
    5414* |       7 |    1160 |      616 |     23 |   948 |    +3.2% |   -0.224 |      -29.3 |    415 | row53/_633_/D
    5418* |       7 |    1161 |      616 |     23 |   948 |    +3.2% |   -0.224 |      -29.3 |    415 | row53/_633_/D
    5420* |       7 |    1162 |      616 |     23 |   948 |    +3.2% |   -0.224 |      -29.4 |    415 | row53/_633_/D
    5424* |       7 |    1162 |      616 |     23 |   948 |    +3.2% |   -0.224 |      -29.4 |    415 | row53/_633_/D
    5428* |       7 |    1163 |      616 |     23 |   948 |    +3.2% |   -0.224 |      -29.4 |    415 | row53/_633_/D
    5430* |       7 |    1163 |      616 |     23 |   949 |    +3.2% |   -0.224 |      -29.4 |    415 | row53/_633_/D
    5436* |       7 |    1165 |      617 |     23 |   949 |    +3.2% |   -0.224 |      -29.4 |    415 | row53/_633_/D
    5440* |       7 |    1167 |      617 |     23 |   950 |    +3.2% |   -0.224 |      -29.4 |    415 | row53/_633_/D
    5440* |       7 |    1166 |      617 |     23 |   949 |    +3.2% |   -0.224 |      -29.4 |    415 | row53/_633_/D
    5444* |       7 |    1166 |      617 |     23 |   949 |    +3.2% |   -0.224 |      -29.4 |    415 | row53/_633_/D
    5450* |       7 |    1169 |      619 |     23 |   949 |    +3.2% |   -0.224 |      -29.5 |    415 | row53/_633_/D
    5452* |       7 |    1171 |      619 |     23 |   949 |    +3.2% |   -0.224 |      -29.4 |    415 | row53/_633_/D
    5460* |       7 |    1175 |      620 |     23 |   951 |    +3.2% |   -0.224 |      -29.5 |    415 | row53/_633_/D
    5470* |       7 |    1179 |      626 |     23 |   951 |    +3.2% |   -0.224 |      -29.2 |    415 | row53/_633_/D
    5480* |       7 |    1185 |      629 |     24 |   951 |    +3.3% |   -0.224 |      -29.3 |    415 | row53/_633_/D
    5480* |       7 |    1183 |      628 |     23 |   951 |    +3.3% |   -0.224 |      -29.2 |    415 | row53/_633_/D
    5488* |       7 |    1185 |      635 |     23 |   951 |    +3.3% |   -0.224 |      -28.9 |    415 | row53/_633_/D
    5490* |       7 |    1186 |      635 |     23 |   951 |    +3.3% |   -0.224 |      -28.7 |    415 | row53/_633_/D
    5493* |       7 |    1189 |      635 |     23 |   951 |    +3.3% |   -0.224 |      -28.7 |    415 | row53/_633_/D
    5494* |       7 |    1189 |      635 |     23 |   951 |    +3.3% |   -0.224 |      -28.7 |    415 | row53/_633_/D
    5498* |       7 |    1190 |      635 |     23 |   951 |    +3.3% |   -0.224 |      -28.7 |    415 | row53/_633_/D
    5500* |       7 |    1190 |      635 |     24 |   951 |    +3.3% |   -0.263 |      -38.4 |    415 | row30/_630_/D
    5500* |       7 |    1190 |      635 |     23 |   951 |    +3.3% |   -0.224 |      -28.7 |    415 | row53/_633_/D
    5501* |       7 |    1190 |      635 |     23 |   951 |    +3.3% |   -0.224 |      -28.7 |    415 | row53/_633_/D
    5505* |       7 |    1191 |      635 |     23 |   951 |    +3.3% |   -0.224 |      -28.7 |    415 | row53/_633_/D
    5510* |       7 |    1191 |      639 |     24 |   952 |    +3.3% |   -0.224 |      -28.7 |    415 | row53/_633_/D
    5511* |       7 |    1191 |      638 |     23 |   951 |    +3.3% |   -0.224 |      -28.6 |    415 | row53/_633_/D
    5512* |       7 |    1191 |      638 |     23 |   951 |    +3.3% |   -0.224 |      -28.6 |    415 | row53/_633_/D
    5513* |       7 |    1191 |      638 |     23 |   951 |    +3.3% |   -0.224 |      -28.6 |    415 | row53/_633_/D
    5520* |       7 |    1193 |      640 |     23 |   953 |    +3.3% |   -0.224 |      -28.6 |    415 | row53/_633_/D
    5521* |       7 |    1192 |      638 |     23 |   951 |    +3.3% |   -0.224 |      -28.6 |    415 | row53/_633_/D
    5522* |       7 |    1192 |      638 |     23 |   951 |    +3.3% |   -0.224 |      -28.6 |    415 | row53/_633_/D
    5526* |       7 |    1193 |      638 |     23 |   951 |    +3.3% |   -0.224 |      -28.6 |    415 | row53/_633_/D
    5530* |       7 |    1195 |      638 |     23 |   952 |    +3.3% |   -0.224 |      -28.6 |    415 | row53/_633_/D
    5530* |       7 |    1194 |      638 |     23 |   951 |    +3.3% |   -0.224 |      -28.6 |    415 | row53/_633_/D
    5534* |       7 |    1195 |      638 |     23 |   951 |    +3.3% |   -0.224 |      -28.6 |    415 | row53/_633_/D
    5538* |       7 |    1196 |      638 |     23 |   951 |    +3.3% |   -0.224 |      -28.6 |    415 | row53/_633_/D
    5540* |       7 |    1197 |      638 |     23 |   951 |    +3.3% |   -0.224 |      -28.6 |    415 | row53/_633_/D
    5542* |       7 |    1197 |      638 |     23 |   951 |    +3.3% |   -0.224 |      -28.6 |    415 | row53/_633_/D
    5546* |       7 |    1198 |      638 |     23 |   951 |    +3.3% |   -0.224 |      -28.6 |    415 | row53/_633_/D
    5549* |       7 |    1199 |      638 |     23 |   951 |    +3.3% |   -0.224 |      -28.6 |    415 | row53/_633_/D
    5550* |       7 |    1199 |      638 |     23 |   951 |    +3.3% |   -0.224 |      -28.6 |    415 | row53/_633_/D
    5559* |       7 |    1206 |      638 |     23 |   953 |    +3.3% |   -0.224 |      -28.0 |    415 | row53/_633_/D
    5560* |       7 |    1206 |      638 |     23 |   953 |    +3.3% |   -0.224 |      -28.0 |    415 | row53/_633_/D
    5563* |       7 |    1207 |      638 |     23 |   953 |    +3.3% |   -0.224 |      -28.0 |    415 | row53/_633_/D
    5564* |       7 |    1207 |      638 |     23 |   953 |    +3.3% |   -0.224 |      -28.0 |    415 | row53/_633_/D
    5570* |       7 |    1210 |      640 |     23 |   953 |    +3.3% |   -0.224 |      -28.1 |    415 | row53/_633_/D
    5573* |       7 |    1207 |      638 |     23 |   953 |    +3.3% |   -0.224 |      -28.0 |    415 | row53/_633_/D
    5575* |       7 |    1207 |      639 |     23 |   953 |    +3.3% |   -0.224 |      -28.0 |    415 | row53/_633_/D
    5580* |       7 |    1207 |      643 |     23 |   953 |    +3.3% |   -0.224 |      -28.1 |    415 | row53/_633_/D
    5590* |       7 |    1210 |      650 |     23 |   953 |    +3.4% |   -0.224 |      -27.7 |    415 | row53/_633_/D
    5594* |       7 |    1213 |      651 |     23 |   953 |    +3.4% |   -0.224 |      -27.3 |    415 | row53/_633_/D
    5597* |       7 |    1215 |      651 |     23 |   953 |    +3.4% |   -0.224 |      -27.1 |    415 | row53/_633_/D
    5600* |       7 |    1217 |      651 |     23 |   953 |    +3.4% |   -0.224 |      -27.1 |    415 | row53/_633_/D
    5601* |       7 |    1216 |      651 |     23 |   953 |    +3.4% |   -0.224 |      -27.1 |    415 | row53/_633_/D
    5610* |       7 |    1220 |      654 |     24 |   953 |    +3.4% |   -0.224 |      -27.2 |    415 | row53/_633_/D
    5611* |       7 |    1220 |      656 |     24 |   953 |    +3.4% |   -0.224 |      -27.2 |    415 | row53/_633_/D
    5612* |       7 |    1220 |      656 |     24 |   953 |    +3.4% |   -0.224 |      -27.2 |    415 | row53/_633_/D
    5616* |       7 |    1221 |      656 |     24 |   953 |    +3.4% |   -0.224 |      -27.2 |    415 | row53/_633_/D
    5620* |       7 |    1222 |      656 |     24 |   955 |    +3.4% |   -0.224 |      -27.3 |    415 | row53/_633_/D
    5620* |       7 |    1222 |      656 |     24 |   953 |    +3.4% |   -0.224 |      -27.2 |    415 | row53/_633_/D
    5630* |       7 |    1228 |      657 |     26 |   953 |    +3.4% |   -0.246 |      -36.4 |    415 | row18/_630_/D
    5640* |       7 |    1232 |      663 |     26 |   954 |    +3.4% |   -0.246 |      -36.4 |    415 | row18/_630_/D
    5648* |       7 |    1222 |      656 |     24 |   953 |    +3.4% |   -0.224 |      -27.2 |    415 | row53/_633_/D
    5650* |       7 |    1222 |      657 |     24 |   953 |    +3.4% |   -0.224 |      -27.1 |    415 | row53/_633_/D
    5658* |       7 |    1227 |      658 |     24 |   953 |    +3.4% |   -0.224 |      -26.9 |    415 | row53/_633_/D
    5660* |       7 |    1227 |      659 |     24 |   953 |    +3.4% |   -0.224 |      -26.9 |    415 | row53/_633_/D
    5670* |       7 |    1231 |      663 |     24 |   955 |    +3.4% |   -0.224 |      -26.9 |    415 | row53/_633_/D
    5674* |       8 |    1231 |      665 |     24 |   956 |    +3.4% |   -0.224 |      -26.8 |    415 | row53/_633_/D
    5678* |       8 |    1233 |      665 |     24 |   957 |    +3.4% |   -0.224 |      -26.8 |    415 | row53/_633_/D
    5680* |       8 |    1234 |      665 |     24 |   957 |    +3.4% |   -0.224 |      -26.8 |    415 | row53/_633_/D
    5682* |       8 |    1234 |      665 |     24 |   957 |    +3.4% |   -0.224 |      -26.8 |    415 | row53/_633_/D
    5685* |       8 |    1235 |      665 |     24 |   957 |    +3.4% |   -0.224 |      -26.8 |    415 | row53/_633_/D
    5689* |       8 |    1236 |      665 |     24 |   957 |    +3.4% |   -0.224 |      -26.8 |    415 | row53/_633_/D
    5690* |       8 |    1236 |      665 |     24 |   957 |    +3.4% |   -0.224 |      -26.8 |    415 | row53/_633_/D
    5692* |       8 |    1237 |      665 |     24 |   957 |    +3.4% |   -0.224 |      -26.8 |    415 | row53/_633_/D
    5693* |       8 |    1237 |      665 |     24 |   957 |    +3.4% |   -0.224 |      -26.8 |    415 | row53/_633_/D
    5696* |       8 |    1238 |      665 |     24 |   957 |    +3.4% |   -0.224 |      -26.8 |    415 | row53/_633_/D
    5700* |       8 |    1240 |      665 |     24 |   958 |    +3.4% |   -0.224 |      -26.8 |    415 | row53/_633_/D
    5700* |       8 |    1239 |      665 |     24 |   957 |    +3.4% |   -0.224 |      -26.8 |    415 | row53/_633_/D
    5701* |       8 |    1239 |      665 |     24 |   957 |    +3.4% |   -0.224 |      -26.8 |    415 | row53/_633_/D
    5702* |       8 |    1239 |      665 |     24 |   957 |    +3.4% |   -0.224 |      -26.8 |    415 | row53/_633_/D
    5703* |       8 |    1239 |      665 |     24 |   957 |    +3.4% |   -0.224 |      -26.8 |    415 | row53/_633_/D
    5706* |       8 |    1240 |      665 |     24 |   957 |    +3.4% |   -0.224 |      -26.8 |    415 | row53/_633_/D
    5710* |       8 |    1241 |      665 |     24 |   959 |    +3.4% |   -0.224 |      -26.9 |    415 | row53/_633_/D
    5715* |       8 |    1241 |      665 |     24 |   957 |    +3.4% |   -0.224 |      -26.8 |    415 | row53/_633_/D
    5719* |       8 |    1242 |      665 |     24 |   957 |    +3.4% |   -0.224 |      -26.8 |    415 | row53/_633_/D
    5720* |       8 |    1242 |      665 |     24 |   957 |    +3.4% |   -0.224 |      -26.8 |    415 | row53/_633_/D
    5723* |       8 |    1243 |      665 |     24 |   957 |    +3.4% |   -0.224 |      -26.8 |    415 | row53/_633_/D
    5727* |       8 |    1244 |      665 |     24 |   957 |    +3.4% |   -0.224 |      -26.8 |    415 | row53/_633_/D
    5728* |       8 |    1244 |      665 |     24 |   957 |    +3.4% |   -0.224 |      -26.8 |    415 | row53/_633_/D
    5730* |       8 |    1244 |      666 |     24 |   957 |    +3.4% |   -0.224 |      -26.9 |    415 | row53/_633_/D
    5734* |       8 |    1244 |      665 |     24 |   957 |    +3.4% |   -0.224 |      -26.8 |    415 | row53/_633_/D
    5735* |       8 |    1244 |      665 |     24 |   957 |    +3.4% |   -0.224 |      -26.8 |    415 | row53/_633_/D
    5737* |       8 |    1244 |      665 |     24 |   957 |    +3.4% |   -0.224 |      -26.8 |    415 | row53/_633_/D
    5738* |       8 |    1244 |      665 |     24 |   957 |    +3.4% |   -0.224 |      -26.8 |    415 | row53/_633_/D
    5740* |       8 |    1245 |      665 |     24 |   957 |    +3.4% |   -0.224 |      -26.8 |    415 | row53/_633_/D
    5742* |       8 |    1245 |      665 |     24 |   957 |    +3.4% |   -0.224 |      -26.8 |    415 | row53/_633_/D
    5746* |       8 |    1246 |      665 |     24 |   957 |    +3.4% |   -0.224 |      -26.8 |    415 | row53/_633_/D
    5750* |       8 |    1247 |      665 |     26 |   957 |    +3.5% |   -0.246 |      -36.2 |    415 | row18/_630_/D
    5760* |       9 |    1252 |      666 |     26 |   960 |    +3.5% |   -0.248 |      -35.5 |    415 | row47/_630_/D
    5760* |       8 |    1246 |      665 |     24 |   957 |    +3.4% |   -0.224 |      -26.8 |    415 | row53/_633_/D
    5770* |       8 |    1249 |      668 |     24 |   960 |    +3.5% |   -0.224 |      -26.5 |    415 | row53/_633_/D
    5780* |       8 |    1255 |      669 |     24 |   963 |    +3.5% |   -0.224 |      -27.0 |    415 | row53/_633_/D
    5782* |       8 |    1252 |      668 |     24 |   961 |    +3.5% |   -0.224 |      -26.5 |    415 | row53/_633_/D
    5783* |       8 |    1252 |      668 |     24 |   961 |    +3.5% |   -0.224 |      -26.5 |    415 | row53/_633_/D
    5784* |       8 |    1252 |      668 |     24 |   961 |    +3.5% |   -0.224 |      -26.5 |    415 | row53/_633_/D
    5786* |       8 |    1253 |      668 |     24 |   961 |    +3.5% |   -0.224 |      -26.5 |    415 | row53/_633_/D
    5790* |       8 |    1255 |      668 |     24 |   962 |    +3.5% |   -0.224 |      -26.3 |    415 | row53/_633_/D
    5800* |       8 |    1261 |      669 |     25 |   964 |    +3.5% |   -0.246 |      -35.2 |    415 | row18/_630_/D
    5800* |       8 |    1255 |      668 |     24 |   962 |    +3.5% |   -0.224 |      -26.3 |    415 | row53/_633_/D
    5800* |       8 |    1255 |      668 |     24 |   962 |    +3.5% |   -0.224 |      -26.3 |    415 | row53/_633_/D
    5800+ |       8 |    1255 |      668 |     24 |   962 |    +3.5% |   -0.224 |      -26.3 |    350 | row53/_633_/D
    5806+ |       8 |    1258 |      668 |     24 |   964 |    +3.5% |   -0.206 |      -26.1 |    350 | row47/_630_/D
    5810+ |       8 |    1261 |      668 |     24 |   964 |    +3.5% |   -0.206 |      -26.1 |    350 | row47/_630_/D
    5815+ |       8 |    1266 |      668 |     24 |   964 |    +3.5% |   -0.206 |      -26.0 |    350 | row47/_630_/D
    5820+ |       8 |    1270 |      668 |     24 |   964 |    +3.5% |   -0.206 |      -25.6 |    350 | row47/_630_/D
    5820+ |       8 |    1270 |      668 |     24 |   964 |    +3.5% |   -0.206 |      -25.6 |    350 | row47/_630_/D
    5822+ |       8 |    1270 |      668 |     24 |   965 |    +3.5% |   -0.206 |      -25.6 |    350 | row47/_630_/D
    5823+ |       8 |    1270 |      668 |     24 |   965 |    +3.5% |   -0.206 |      -25.6 |    350 | row47/_630_/D
    5827+ |       8 |    1273 |      668 |     24 |   965 |    +3.5% |   -0.206 |      -25.5 |    350 | row47/_630_/D
    5830+ |       8 |    1274 |      668 |     24 |   966 |    +3.5% |   -0.206 |      -25.5 |    350 | row47/_630_/D
    5837+ |       8 |    1281 |      668 |     24 |   966 |    +3.5% |   -0.206 |      -25.4 |    350 | row47/_630_/D
    5840+ |       8 |    1282 |      668 |     24 |   967 |    +3.5% |   -0.206 |      -25.3 |    350 | row47/_630_/D
    5847+ |       8 |    1289 |      668 |     24 |   967 |    +3.5% |   -0.206 |      -25.2 |    350 | row47/_630_/D
    5849+ |       8 |    1289 |      668 |     24 |   968 |    +3.5% |   -0.206 |      -25.2 |    350 | row47/_630_/D
    5850+ |       8 |    1289 |      668 |     24 |   968 |    +3.5% |   -0.206 |      -25.2 |    350 | row47/_630_/D
    5859+ |       8 |    1297 |      668 |     24 |   969 |    +3.5% |   -0.206 |      -25.1 |    350 | row47/_630_/D
    5860+ |       8 |    1297 |      668 |     24 |   969 |    +3.5% |   -0.206 |      -25.1 |    350 | row47/_630_/D
    5869+ |       8 |    1305 |      668 |     24 |   970 |    +3.5% |   -0.206 |      -24.9 |    350 | row47/_630_/D
    5870+ |       8 |    1305 |      668 |     24 |   970 |    +3.5% |   -0.206 |      -24.9 |    350 | row47/_630_/D
    5873+ |       8 |    1308 |      668 |     24 |   970 |    +3.5% |   -0.206 |      -24.7 |    350 | row47/_630_/D
    5875+ |       8 |    1309 |      668 |     24 |   970 |    +3.5% |   -0.206 |      -24.7 |    350 | row47/_630_/D
    5876+ |       8 |    1309 |      668 |     24 |   970 |    +3.5% |   -0.206 |      -24.7 |    350 | row47/_630_/D
    5880+ |       8 |    1312 |      668 |     24 |   970 |    +3.5% |   -0.206 |      -24.4 |    350 | row47/_630_/D
    5883+ |       8 |    1316 |      668 |     24 |   970 |    +3.5% |   -0.206 |      -24.1 |    350 | row47/_630_/D
    5890+ |       8 |    1321 |      668 |     24 |   971 |    +3.5% |   -0.206 |      -23.6 |    350 | row47/_630_/D
    5891+ |       8 |    1322 |      668 |     24 |   971 |    +3.5% |   -0.206 |      -23.6 |    350 | row47/_630_/D
    5892+ |       8 |    1322 |      668 |     24 |   971 |    +3.5% |   -0.206 |      -23.6 |    350 | row47/_630_/D
    5893+ |       8 |    1322 |      668 |     24 |   971 |    +3.5% |   -0.206 |      -23.6 |    350 | row47/_630_/D
    5894+ |       8 |    1322 |      668 |     24 |   971 |    +3.5% |   -0.206 |      -23.6 |    350 | row47/_630_/D
    5900+ |       8 |    1327 |      668 |     24 |   971 |    +3.6% |   -0.200 |      -23.5 |    350 | row0/_630_/D
    5903+ |       8 |    1329 |      668 |     24 |   971 |    +3.6% |   -0.200 |      -23.3 |    350 | row0/_630_/D
    5905+ |       8 |    1330 |      668 |     24 |   971 |    +3.6% |   -0.200 |      -23.2 |    350 | row0/_630_/D
    5906+ |       8 |    1330 |      668 |     24 |   971 |    +3.6% |   -0.200 |      -23.2 |    350 | row0/_630_/D
    5907+ |       8 |    1330 |      668 |     24 |   971 |    +3.6% |   -0.200 |      -23.2 |    350 | row0/_630_/D
    5908+ |       8 |    1330 |      668 |     24 |   971 |    +3.6% |   -0.200 |      -23.2 |    350 | row0/_630_/D
    5909+ |       8 |    1330 |      668 |     24 |   971 |    +3.6% |   -0.200 |      -23.2 |    350 | row0/_630_/D
    5910+ |       8 |    1330 |      668 |     24 |   971 |    +3.6% |   -0.200 |      -23.2 |    350 | row0/_630_/D
    5910+ |       8 |    1330 |      668 |     24 |   971 |    +3.6% |   -0.200 |      -23.2 |    350 | row0/_630_/D
    5911+ |       8 |    1330 |      668 |     24 |   971 |    +3.6% |   -0.200 |      -23.2 |    350 | row0/_630_/D
    5912+ |       8 |    1330 |      668 |     24 |   971 |    +3.6% |   -0.200 |      -23.2 |    350 | row0/_630_/D
    5913+ |       8 |    1330 |      668 |     24 |   971 |    +3.6% |   -0.200 |      -23.2 |    350 | row0/_630_/D
    5920+ |       8 |    1335 |      668 |     24 |   972 |    +3.6% |   -0.200 |      -23.1 |    350 | row0/_630_/D
    5922+ |       8 |    1337 |      668 |     24 |   972 |    +3.6% |   -0.200 |      -23.1 |    350 | row0/_630_/D
    5923+ |       8 |    1337 |      668 |     24 |   972 |    +3.6% |   -0.200 |      -23.1 |    350 | row0/_630_/D
    5928+ |       8 |    1341 |      668 |     24 |   972 |    +3.6% |   -0.200 |      -22.9 |    350 | row0/_630_/D
    5930+ |       8 |    1342 |      668 |     24 |   972 |    +3.6% |   -0.200 |      -22.9 |    350 | row0/_630_/D
    5930+ |       8 |    1342 |      668 |     24 |   972 |    +3.6% |   -0.200 |      -22.9 |    350 | row0/_630_/D
    5931+ |       8 |    1342 |      668 |     24 |   972 |    +3.6% |   -0.200 |      -22.9 |    350 | row0/_630_/D
    5932+ |       8 |    1342 |      668 |     24 |   972 |    +3.6% |   -0.200 |      -22.9 |    350 | row0/_630_/D
    5933+ |       8 |    1342 |      668 |     24 |   972 |    +3.6% |   -0.200 |      -22.9 |    350 | row0/_630_/D
    5934+ |       8 |    1342 |      668 |     24 |   972 |    +3.6% |   -0.200 |      -22.9 |    350 | row0/_630_/D
    5936+ |       8 |    1343 |      668 |     24 |   972 |    +3.6% |   -0.200 |      -22.6 |    350 | row0/_630_/D
    5939+ |       8 |    1345 |      668 |     24 |   972 |    +3.6% |   -0.192 |      -22.5 |    350 | row53/_633_/D
    5940+ |       8 |    1345 |      668 |     24 |   972 |    +3.6% |   -0.192 |      -22.5 |    350 | row53/_633_/D
    5940+ |       8 |    1345 |      668 |     24 |   972 |    +3.6% |   -0.192 |      -22.5 |    350 | row53/_633_/D
    5946+ |       8 |    1350 |      668 |     24 |   972 |    +3.6% |   -0.192 |      -22.2 |    350 | row53/_633_/D
    5949+ |       8 |    1352 |      668 |     24 |   972 |    +3.6% |   -0.192 |      -22.0 |    350 | row53/_633_/D
    5950+ |       8 |    1352 |      668 |     24 |   972 |    +3.6% |   -0.192 |      -22.0 |    350 | row53/_633_/D
    5951+ |       8 |    1353 |      668 |     24 |   972 |    +3.6% |   -0.192 |      -21.8 |    350 | row53/_633_/D
    5952+ |       8 |    1353 |      668 |     24 |   972 |    +3.6% |   -0.192 |      -21.8 |    350 | row53/_633_/D
    5953+ |       8 |    1353 |      668 |     24 |   972 |    +3.6% |   -0.192 |      -21.8 |    350 | row53/_633_/D
    5954+ |       8 |    1353 |      668 |     24 |   972 |    +3.6% |   -0.192 |      -21.8 |    350 | row53/_633_/D
    5955+ |       8 |    1353 |      668 |     24 |   972 |    +3.6% |   -0.192 |      -21.8 |    350 | row53/_633_/D
    5956+ |       8 |    1353 |      668 |     24 |   972 |    +3.6% |   -0.192 |      -21.8 |    350 | row53/_633_/D
    5957+ |       8 |    1353 |      668 |     24 |   972 |    +3.6% |   -0.192 |      -21.8 |    350 | row53/_633_/D
    5958+ |       8 |    1353 |      668 |     24 |   972 |    +3.6% |   -0.192 |      -21.8 |    350 | row53/_633_/D
    5959+ |       8 |    1353 |      668 |     24 |   972 |    +3.6% |   -0.192 |      -21.8 |    350 | row53/_633_/D
    5960+ |       8 |    1353 |      668 |     24 |   972 |    +3.6% |   -0.192 |      -21.8 |    350 | row53/_633_/D
    5960+ |       8 |    1353 |      668 |     24 |   972 |    +3.6% |   -0.192 |      -21.8 |    350 | row53/_633_/D
    5962+ |       8 |    1354 |      668 |     24 |   972 |    +3.6% |   -0.192 |      -21.8 |    350 | row53/_633_/D
    5966+ |       8 |    1358 |      668 |     24 |   972 |    +3.6% |   -0.192 |      -21.4 |    350 | row53/_633_/D
    5967+ |       8 |    1358 |      668 |     24 |   972 |    +3.6% |   -0.192 |      -21.4 |    350 | row53/_633_/D
    5968+ |       8 |    1358 |      668 |     24 |   972 |    +3.6% |   -0.192 |      -21.4 |    350 | row53/_633_/D
    5969+ |       8 |    1358 |      668 |     24 |   972 |    +3.6% |   -0.192 |      -21.4 |    350 | row53/_633_/D
    5970+ |       8 |    1358 |      668 |     24 |   972 |    +3.6% |   -0.192 |      -21.4 |    350 | row53/_633_/D
    5970+ |       8 |    1358 |      668 |     24 |   972 |    +3.6% |   -0.192 |      -21.4 |    350 | row53/_633_/D
    5971+ |       8 |    1358 |      668 |     24 |   972 |    +3.6% |   -0.192 |      -21.4 |    350 | row53/_633_/D
    5979+ |       8 |    1365 |      668 |     24 |   973 |    +3.6% |   -0.192 |      -21.3 |    350 | row53/_633_/D
    5980+ |       8 |    1365 |      668 |     24 |   973 |    +3.6% |   -0.192 |      -21.3 |    350 | row53/_633_/D
    5980+ |       8 |    1365 |      668 |     24 |   973 |    +3.6% |   -0.192 |      -21.3 |    350 | row53/_633_/D
    5981+ |       8 |    1365 |      668 |     24 |   973 |    +3.6% |   -0.192 |      -21.3 |    350 | row53/_633_/D
    5982+ |       8 |    1365 |      668 |     24 |   973 |    +3.6% |   -0.192 |      -21.3 |    350 | row53/_633_/D
    5986+ |       8 |    1367 |      668 |     24 |   974 |    +3.6% |   -0.192 |      -21.3 |    350 | row53/_633_/D
    5987+ |       8 |    1367 |      668 |     24 |   974 |    +3.6% |   -0.192 |      -21.3 |    350 | row53/_633_/D
    5988+ |       8 |    1367 |      668 |     24 |   974 |    +3.6% |   -0.192 |      -21.3 |    350 | row53/_633_/D
    5989+ |       8 |    1367 |      668 |     24 |   974 |    +3.6% |   -0.192 |      -21.3 |    350 | row53/_633_/D
    5990+ |       8 |    1367 |      668 |     24 |   974 |    +3.6% |   -0.192 |      -21.3 |    350 | row53/_633_/D
    5990+ |       8 |    1367 |      668 |     24 |   974 |    +3.6% |   -0.192 |      -21.3 |    350 | row53/_633_/D
    5994+ |       8 |    1370 |      668 |     24 |   974 |    +3.6% |   -0.192 |      -21.2 |    350 | row53/_633_/D
    5999+ |       8 |    1374 |      668 |     24 |   974 |    +3.6% |   -0.192 |      -21.1 |    350 | row53/_633_/D
    6000+ |       8 |    1374 |      668 |     24 |   974 |    +3.6% |   -0.192 |      -21.1 |    350 | row53/_633_/D
    final |       8 |    1374 |      668 |     24 |   974 |    +3.6% |   -0.192 |      -21.1 |    332 | row53/_633_/D
------------------------------------------------------------------------------------------------------------------------------
[INFO RSZ-0059] Removed 8 buffers.
[INFO RSZ-0045] Inserted 668 buffers, 3 to split loads.
[INFO RSZ-0051] Resized 1374 instances: 1374 up, 0 up match, 0 down, 0 VT
[INFO RSZ-0043] Swapped pins on 974 instances.
[INFO RSZ-0049] Cloned 24 instances.
[WARNING RSZ-0062] Unable to repair all setup violations.
[INFO RSZ-0505] Runtime: 168.20s
[INFO RSZ-0046] Found 65 endpoints with hold violations.
Iteration | Resized | Buffers | Cloned Gates |   Area   |   WNS   |   TNS   | Endpoint
--------------------------------------------------------------------------------------
        0 |       0 |       0 |            0 |    +0.0% |  -0.751 | -46.736 | ln_31/_1_/D
       10 |       0 |      18 |            0 |    +0.1% |  -0.730 | -40.094 | ln_63/_1_/D
       20 |       0 |      38 |            0 |    +0.1% |  -0.724 | -32.824 | ln_30/_1_/D
       30 |       0 |      58 |            0 |    +0.2% |  -0.718 | -25.611 | ln_47/_1_/D
       40 |       0 |      78 |            0 |    +0.2% |  -0.716 | -18.440 | ln_18/_1_/D
       50 |       0 |      98 |            0 |    +0.3% |  -0.711 | -11.306 | ln_7/_1_/D
       60 |       0 |     118 |            0 |    +0.4% |  -0.705 |  -4.215 | ln_51/_1_/D
    final |       0 |     130 |            0 |    +0.4% |   0.327 |   0.000 | ctl/_1_/D
--------------------------------------------------------------------------------------
[INFO RSZ-0032] Inserted 130 hold buffers.
[INFO RSZ-0506] Runtime: 0.09s
Took 168 seconds: repair_timing -setup_margin 0 -hold_margin 0 -repair_tns 100 -match_cell_footprint -verbose
Warning: master sky130_ef_sc_hd__decap_12 has signal pins but no liberty cell
Repair timing output passed lec test
detailed_placement
[INFO DPL-0006] Core area: 606544.22 um^2
[INFO DPL-0007] Movable instances area: 325701.12 um^2
[INFO DPL-0008] Fixed instances area within core: 10089.68 um^2
[INFO DPL-0009] Utilization: 55.4%
[INFO DPL-0005] Diamond search max displacement: +/- 500 sites horizontally, +/- 100 rows vertically.
[INFO DPL-1102] Legalizing using negotiation legalizer.
[INFO DPL-1103] Negotiation base search window: +/-20 sites horizontally, +/-5 rows vertically 
	Automatic search window extension enabled.
	Search window extendable up to the max displacement cap of +/-500 sites, +/-100 rows near walls.
[INFO DPL-1104] NegotiationLegalizer DRC penalty: 5.
[INFO DPL-0392] Negotiation cell height distribution (1 unique row-count(s)):
[INFO DPL-0393]   height 1 row(s): 42808 cells
          |      Total |  Illegal |  Illegal
Iteration | Violations |    Cells |    Sites
---------------------------------------------
        0 |       7708 |      1452 |      5812
        1 |        966 |       188 |       775
        2 |        224 |        38 |       186
        3 |         20 |         4 |        16
        4 |          0 |         0 |         0
Negotiation phase 1 converged at iteration 4.
[INFO DPL-0500] Runtime: 0.85s
Detailed Placement Analysis
---------------------------------
legalizer            negotiation
total moves               21733
total displacement       9086.6 u
average displacement        0.2 u
max displacement           18.7 u
original HPWL          360211.4 u
legalized HPWL         371360.9 u
delta HPWL                    3 %

estimate_parasitics -placement
Report metrics stage 4, cts final...

==========================================================================
cts final report_design_area
--------------------------------------------------------------------------
Design area 335791 um^2 55% utilization.
write_db /work/orfs/results/sky130hd/g2_pc2_u45/base/4_1_cts.odb
write_sdc -no_timestamp /work/orfs/results/sky130hd/g2_pc2_u45/base/4_cts.sdc
Elapsed time: 3:16.66[h:]min:sec. CPU time: user 134.16 sys 8.66 (72%). Peak memory: 321604KB.
Log                       Ext     Elapsed/s Peak Memory/MB sha1sum result [0:20)
4_1_cts                   .odb          196            314 a8f3463d6dfb802ac9fb
cp /work/orfs/results/sky130hd/g2_pc2_u45/base/4_1_cts.odb /work/orfs/results/sky130hd/g2_pc2_u45/base/4_cts.odb
/OpenROAD-flow-scripts/flow/scripts/flow.sh 5_1_grt global_route
Running global_route.tcl, stage 5_1_grt
read_liberty /OpenROAD-flow-scripts/flow/platforms/sky130hd/lib/sky130_fd_sc_hd__tt_025C_1v80.lib
read_liberty /work/cells/g2_cells.lib
read_db /work/orfs/results/sky130hd/g2_pc2_u45/base/4_cts.odb
read_sdc /work/orfs/results/sky130hd/g2_pc2_u45/base/4_cts.sdc
source /OpenROAD-flow-scripts/flow/platforms/sky130hd/setRC.tcl
pin_access
[INFO DRT-0149] Reading tech and libs.
[WARNING DRT-0349] LEF58_ENCLOSURE with no CUTCLASS is not supported. Skipping for layer mcon
[WARNING DRT-0349] LEF58_ENCLOSURE with no CUTCLASS is not supported. Skipping for layer mcon
[WARNING DRT-0349] LEF58_ENCLOSURE with no CUTCLASS is not supported. Skipping for layer via
[WARNING DRT-0349] LEF58_ENCLOSURE with no CUTCLASS is not supported. Skipping for layer via
[WARNING DRT-0349] LEF58_ENCLOSURE with no CUTCLASS is not supported. Skipping for layer via2
[WARNING DRT-0349] LEF58_ENCLOSURE with no CUTCLASS is not supported. Skipping for layer via2
[WARNING DRT-0349] LEF58_ENCLOSURE with no CUTCLASS is not supported. Skipping for layer via3
[WARNING DRT-0349] LEF58_ENCLOSURE with no CUTCLASS is not supported. Skipping for layer via3
[WARNING DRT-0349] LEF58_ENCLOSURE with no CUTCLASS is not supported. Skipping for layer via4
[WARNING DRT-0349] LEF58_ENCLOSURE with no CUTCLASS is not supported. Skipping for layer via4

Units:                1000
Number of layers:     13
Number of macros:     445
Number of vias:       25
Number of viarulegen: 25

[INFO DRT-0150] Reading design.

Design:                   top
Die area:                 ( 0 0 ) ( 784175 784175 )
Number of track patterns: 12
Number of DEF vias:       0
Number of components:     42808
Number of terminals:      194
Number of snets:          2
Number of nets:           34269

[INFO DRT-0167] List of default vias:
  Layer via
    default via: M1M2_PR
  Layer via2
    default via: M2M3_PR
  Layer via3
    default via: M3M4_PR
  Layer via4
    default via: M4M5_PR
[INFO DRT-0162] Library cell analysis.
[INFO DRT-0163] Instance analysis.
[INFO DRT-0164] Number of unique instances = 196.
[INFO DRT-0168] Init region query.
[INFO DRT-0024]   Complete FR_MASTERSLICE.
[INFO DRT-0024]   Complete Fr_VIA.
[INFO DRT-0024]   Complete li1.
[INFO DRT-0024]   Complete mcon.
[INFO DRT-0024]   Complete met1.
[INFO DRT-0024]   Complete via.
[INFO DRT-0024]   Complete met2.
[INFO DRT-0024]   Complete via2.
[INFO DRT-0024]   Complete met3.
[INFO DRT-0024]   Complete via3.
[INFO DRT-0024]   Complete met4.
[INFO DRT-0024]   Complete via4.
[INFO DRT-0024]   Complete met5.
[INFO DRT-0033] FR_MASTERSLICE shape region query size = 0.
[INFO DRT-0033] FR_VIA shape region query size = 0.
[INFO DRT-0033] li1 shape region query size = 919532.
[INFO DRT-0033] mcon shape region query size = 526768.
[INFO DRT-0033] met1 shape region query size = 128731.
[INFO DRT-0033] via shape region query size = 0.
[INFO DRT-0033] met2 shape region query size = 4771.
[INFO DRT-0033] via2 shape region query size = 0.
[INFO DRT-0033] met3 shape region query size = 4767.
[INFO DRT-0033] via3 shape region query size = 0.
[INFO DRT-0033] met4 shape region query size = 4672.
[INFO DRT-0033] via4 shape region query size = 0.
[INFO DRT-0033] met5 shape region query size = 0.
[INFO DRT-0165] Start pin access.
[INFO DRT-0076]   Complete 1000 pins.
[INFO DRT-0078]   Complete 1228 pins.
[INFO DRT-0079]   Complete 100 unique inst patterns.
[INFO DRT-0081]   Complete 196 unique inst patterns.
[INFO DRT-0082]   Complete 10000 groups.
[INFO DRT-0084]   Complete 19833 groups.
#scanned instances     = 42808
#unique  instances     = 196
#stdCellGenAp          = 4022
#stdCellValidPlanarAp  = 33
#stdCellValidViaAp     = 3038
#stdCellPinNoAp        = 0
#stdCellPinCnt         = 97053
#instTermValidViaApCnt = 0
#macroGenAp            = 0
#macroValidPlanarAp    = 0
#macroValidViaAp       = 0
#macroNoAp             = 0
[INFO DRT-0166] Complete pin access.
[INFO DRT-0267] cpu time = 00:05:07, elapsed time = 00:06:11, memory = 304.16 (MB), peak = 312.18 (MB)
Took 372 seconds: pin_access
global_route -congestion_report_file /work/orfs/reports/sky130hd/g2_pc2_u45/base/congestion.rpt -congestion_iterations 30 -congestion_report_iter_step 5 -verbose
[INFO GRT-0020] Min routing layer: met1
[INFO GRT-0021] Max routing layer: met3
[INFO GRT-0022] Global adjustment: 0%
[INFO GRT-0023] Grid origin: (0, 0)
[INFO GRT-0088] Layer li1     Track-Pitch = 0.4600  line-2-Via Pitch: 0.3400
[INFO GRT-0088] Layer met1    Track-Pitch = 0.3400  line-2-Via Pitch: 0.3400
[INFO GRT-0088] Layer met2    Track-Pitch = 0.4600  line-2-Via Pitch: 0.3500
[INFO GRT-0088] Layer met3    Track-Pitch = 0.6800  line-2-Via Pitch: 0.6150
[INFO GRT-0003] Macros: 0
[INFO GRT-0004] Blockages: 80561
[INFO GRT-0019] Found 524 clock nets.
[INFO GRT-0001] Minimum degree: 2
[INFO GRT-0002] Maximum degree: 51

[INFO GRT-0053] Routing resources analysis:
          Routing      Original      Derated      Resource
Layer     Direction    Resources     Resources    Reduction (%)
---------------------------------------------------------------
li1        Vertical            0             0          0.00%
met1       Horizontal     188641        146300          22.45%
met2       Vertical       182991        144942          20.79%
met3       Horizontal     121015         94255          22.11%
---------------------------------------------------------------

[INFO GRT-0101] Running extra iterations to remove congestion.
[INFO GRT-0102] Start extra iteration 1/30
[INFO GRT-0102] Start extra iteration 2/30
[INFO GRT-0102] Start extra iteration 3/30
[INFO GRT-0102] Start extra iteration 4/30
[INFO GRT-0197] Via related to pin nodes: 133949
[INFO GRT-0198] Via related Steiner nodes: 716
[INFO GRT-0199] Via filling finished.
[INFO GRT-0111] Final number of vias: 160187
[INFO GRT-0112] Final usage 3D: 540505

[INFO GRT-0096] Final congestion report:
Layer         Resource        Demand        Usage (%)    Max H / Max V / Total Congestion
---------------------------------------------------------------------------------------
li1                  0             0            0.00%             0 /  0 /  0
met1            146300         26980           18.44%             0 /  0 /  0
met2            144942         31324           21.61%             0 /  0 /  0
met3             94255          1640            1.74%             0 /  0 /  0
---------------------------------------------------------------------------------------
Total           385497         59944           15.55%             0 /  0 /  0

[INFO GRT-0018] Total wirelength: 718027 um
[INFO GRT-0014] Routed nets: 34269
[INFO GRT-0303] Global routing runtime = 00:00:03
estimate_parasitics -global_routing
Perform buffer insertion and gate resizing...
repair_design -verbose
Iteration |   Area    | Resized | Buffers | Nets repaired | Remaining
---------------------------------------------------------------------
        0 |     +0.0% |       0 |       0 |             0 |     34810
     1000 |     +0.0% |       0 |       0 |             0 |     33810
     2000 |     +0.0% |       0 |       0 |             0 |     32810
     3000 |     +0.0% |       0 |       0 |             0 |     31810
     4000 |     +0.0% |       0 |       0 |             0 |     30810
     5000 |     +0.0% |       0 |       0 |             0 |     29810
     6000 |     +0.0% |       0 |       0 |             0 |     28810
     7000 |     +0.0% |       0 |       0 |             0 |     27810
     8000 |     +0.0% |       0 |       0 |             0 |     26810
     9000 |     +0.0% |       0 |       0 |             0 |     25810
    10000 |     +0.0% |       0 |       0 |             0 |     24810
    11000 |     +0.0% |       0 |       0 |             0 |     23810
    12000 |     +0.0% |       0 |       0 |             0 |     22810
    13000 |     +0.0% |       0 |       0 |             0 |     21810
    14000 |     +0.0% |       0 |       0 |             0 |     20810
    15000 |     +0.0% |       0 |       0 |             0 |     19810
    16000 |     +0.0% |       0 |       0 |             0 |     18810
    17000 |     +0.0% |       0 |       0 |             0 |     17810
    18000 |     +0.0% |       0 |       0 |             0 |     16810
    19000 |     +0.0% |       0 |       0 |             0 |     15810
    20000 |     +0.0% |       0 |       0 |             0 |     14810
    21000 |     +0.0% |       0 |       0 |             0 |     13810
    22000 |     +0.0% |       0 |       0 |             0 |     12810
    23000 |     +0.0% |       0 |       0 |             0 |     11810
    24000 |     +0.0% |       0 |       0 |             0 |     10810
    25000 |     +0.0% |       0 |       0 |             0 |      9810
    26000 |     +0.0% |       0 |       0 |             0 |      8810
    27000 |     +0.0% |       0 |       0 |             0 |      7810
    28000 |     +0.0% |       0 |       0 |             0 |      6810
    29000 |     +0.0% |       0 |       0 |             0 |      5810
    30000 |     +0.0% |       0 |       0 |             0 |      4810
    31000 |     +0.0% |       0 |       0 |             0 |      3810
    32000 |     +0.0% |       0 |       0 |             0 |      2810
    33000 |     +0.0% |       0 |       0 |             0 |      1810
    34000 |     +0.0% |       0 |       0 |             0 |       810
    final |     +0.0% |       0 |       0 |             0 |         0
---------------------------------------------------------------------
[INFO RSZ-0504] Runtime: 2.66s
global_route -start_incremental
detailed_placement
[INFO DPL-0006] Core area: 606544.22 um^2
[INFO DPL-0007] Movable instances area: 325701.12 um^2
[INFO DPL-0008] Fixed instances area within core: 10089.68 um^2
[INFO DPL-0009] Utilization: 55.4%
[INFO DPL-0005] Diamond search max displacement: +/- 500 sites horizontally, +/- 100 rows vertically.
[INFO DPL-1102] Legalizing using negotiation legalizer.
[INFO DPL-1103] Negotiation base search window: +/-20 sites horizontally, +/-5 rows vertically 
	Automatic search window extension enabled.
	Search window extendable up to the max displacement cap of +/-500 sites, +/-100 rows near walls.
[INFO DPL-1104] NegotiationLegalizer DRC penalty: 5.
[INFO DPL-0392] Negotiation cell height distribution (1 unique row-count(s)):
[INFO DPL-0393]   height 1 row(s): 42808 cells
[INFO DPL-0500] Runtime: 0.22s
Detailed Placement Analysis
---------------------------------
legalizer            negotiation
total moves                   0
total displacement          0.0 u
average displacement        0.0 u
max displacement            0.0 u
original HPWL          371360.9 u
legalized HPWL         371360.9 u
delta HPWL                    0 %

global_route -end_incremental -congestion_report_file /work/orfs/reports/sky130hd/g2_pc2_u45/base/congestion_post_repair_design.rpt
Repair setup and hold violations...
estimate_parasitics -global_routing
repair_timing -setup_margin 0 -hold_margin 0 -repair_tns 100 -verbose
[INFO RSZ-0100] Repair move sequence: UnbufferMove SizeUpMove SwapPinsMove BufferMove CloneMove SplitLoadMove 
[INFO RSZ-0094] Found 562 endpoints with setup violations.
[INFO RSZ-0099] Repairing 562 out of 562 (100.00%) violating endpoints...
   Iter   | Removed | Resized | Inserted | Cloned |  Pin  |   Area   |    WNS   |    TNS     |  Viol  |  Worst
          | Buffers |  Gates  | Buffers  |  Gates | Swaps |          |          |            | Endpts | Endpoint
------------------------------------------------------------------------------------------------------------------------------
       0* |       0 |       0 |        0 |      0 |     0 |    +0.0% |   -0.478 |     -112.5 |    562 | row53/_633_/D
      10* |       0 |       4 |        1 |      0 |     4 |    +0.0% |   -0.392 |     -111.8 |    562 | row0/_630_/D
      20* |       0 |       6 |        5 |      0 |    11 |    +0.0% |   -0.383 |     -114.4 |    562 | row32/_637_/D
      30* |       0 |      10 |        6 |      0 |    16 |    +0.0% |   -0.372 |     -113.7 |    562 | row62/_628_/D
      40* |       0 |      10 |        9 |      0 |    23 |    +0.0% |   -0.366 |     -113.0 |    562 | row5/_637_/D
      50* |       0 |      13 |        9 |      0 |    30 |    +0.0% |   -0.357 |     -112.2 |    562 | row2/_637_/D
      60* |       0 |      18 |       11 |      0 |    33 |    +0.1% |   -0.352 |     -111.6 |    562 | row21/_627_/D
      70* |       0 |      21 |       12 |      0 |    39 |    +0.1% |   -0.343 |     -111.2 |    562 | row0/_637_/D
      80* |       0 |      25 |       13 |      0 |    44 |    +0.1% |   -0.342 |     -110.8 |    562 | row15/_636_/D
      90* |       0 |      29 |       14 |      0 |    49 |    +0.1% |   -0.339 |     -110.5 |    562 | row2/_637_/D
     100* |       0 |      33 |       15 |      0 |    54 |    +0.1% |   -0.335 |     -110.1 |    562 | row61/_637_/D
     110* |       0 |      36 |       16 |      0 |    60 |    +0.1% |   -0.343 |     -109.4 |    562 | row1/_629_/D
     120* |       0 |      37 |       21 |      0 |    65 |    +0.1% |   -0.329 |     -109.2 |    562 | row11/_637_/D
     130* |       0 |      39 |       21 |      0 |    73 |    +0.1% |   -0.341 |     -108.8 |    562 | row17/_637_/D
     140* |       0 |      43 |       23 |      0 |    77 |    +0.1% |   -0.324 |     -108.2 |    562 | row50/_637_/D
     150* |       0 |      46 |       24 |      0 |    83 |    +0.1% |   -0.322 |     -107.9 |    562 | row38/_634_/D
     160* |       1 |      49 |       26 |      0 |    87 |    +0.1% |   -0.318 |     -107.5 |    562 | row4/_637_/D
     170* |       1 |      55 |       26 |      1 |    90 |    +0.2% |   -0.316 |     -106.8 |    562 | row2/_637_/D
     180* |       1 |      59 |       27 |      1 |    95 |    +0.2% |   -0.313 |     -106.5 |    562 | row6/_633_/D
     190* |       1 |      61 |       29 |      1 |   101 |    +0.2% |   -0.310 |     -106.2 |    562 | row44/_637_/D
     200* |       1 |      65 |       30 |      1 |   106 |    +0.2% |   -0.311 |     -105.9 |    562 | row0/_630_/D
     210* |       1 |      68 |       31 |      1 |   112 |    +0.2% |   -0.306 |     -105.6 |    562 | row15/_636_/D
     220* |       1 |      71 |       31 |      1 |   119 |    +0.2% |   -0.305 |     -105.2 |    562 | row62/_628_/D
     230* |       2 |      73 |       31 |      2 |   125 |    +0.2% |   -0.304 |     -102.7 |    562 | row51/_637_/D
     240* |       2 |      74 |       32 |      2 |   133 |    +0.2% |   -0.303 |     -102.6 |    562 | row18/_633_/D
     250* |       2 |      79 |       32 |      2 |   138 |    +0.2% |   -0.325 |     -102.5 |    562 | row32/_637_/D
     260* |       2 |      80 |       34 |      2 |   145 |    +0.2% |   -0.318 |     -102.6 |    562 | row42/_637_/D
     270* |       2 |      84 |       35 |      2 |   150 |    +0.2% |   -0.373 |     -102.4 |    562 | row14/_630_/D
     280* |       2 |      84 |       40 |      2 |   155 |    +0.2% |   -0.374 |     -102.9 |    562 | row14/_630_/D
     290* |       3 |      91 |       41 |      2 |   156 |    +0.2% |   -0.300 |     -101.2 |    562 | row0/_630_/D
     300* |       3 |      94 |       44 |      2 |   160 |    +0.3% |   -0.391 |     -101.3 |    562 | row0/_630_/D
     310* |       4 |      97 |       45 |      2 |   165 |    +0.3% |   -0.298 |     -100.1 |    562 | row21/_633_/D
     320* |       4 |     102 |       46 |      2 |   169 |    +0.3% |   -0.300 |      -99.6 |    562 | row17/_637_/D
     330* |       4 |     104 |       46 |      2 |   177 |    +0.3% |   -0.310 |      -99.4 |    562 | row32/_637_/D
     330* |       4 |     104 |       46 |      2 |   172 |    +0.3% |   -0.296 |      -99.4 |    562 | row32/_637_/D
     340* |       4 |     107 |       46 |      2 |   178 |    +0.3% |   -0.296 |      -99.2 |    562 | row32/_637_/D
     343* |       4 |     107 |       46 |      2 |   176 |    +0.3% |   -0.296 |      -99.2 |    562 | row32/_637_/D
     346* |       4 |     107 |       46 |      2 |   176 |    +0.3% |   -0.296 |      -99.2 |    562 | row32/_637_/D
     350* |       4 |     108 |       46 |      2 |   178 |    +0.3% |   -0.296 |      -99.1 |    562 | row32/_637_/D
     350* |       4 |     108 |       46 |      2 |   177 |    +0.3% |   -0.296 |      -99.1 |    562 | row32/_637_/D
     360* |       4 |     112 |       46 |      2 |   182 |    +0.3% |   -0.296 |      -99.1 |    562 | row32/_637_/D
     364* |       4 |     113 |       46 |      2 |   185 |    +0.3% |   -0.296 |      -99.0 |    562 | row32/_637_/D
     370* |       4 |     115 |       46 |      2 |   188 |    +0.3% |   -0.302 |      -99.0 |    562 | row57/_637_/D
     378* |       4 |     118 |       47 |      2 |   190 |    +0.3% |   -0.296 |      -98.9 |    562 | row32/_637_/D
     380* |       4 |     119 |       47 |      2 |   190 |    +0.3% |   -0.296 |      -98.8 |    562 | row32/_637_/D
     386* |       4 |     120 |       48 |      2 |   192 |    +0.3% |   -0.296 |      -98.8 |    562 | row32/_637_/D
     389* |       4 |     120 |       48 |      2 |   192 |    +0.3% |   -0.296 |      -98.8 |    562 | row32/_637_/D
     390* |       4 |     120 |       48 |      2 |   192 |    +0.3% |   -0.296 |      -98.8 |    562 | row32/_637_/D
     400* |       4 |     122 |       51 |      2 |   197 |    +0.3% |   -0.297 |      -99.0 |    562 | row14/_630_/D
     403* |       4 |     120 |       48 |      2 |   192 |    +0.3% |   -0.296 |      -98.8 |    562 | row32/_637_/D
     404* |       4 |     120 |       48 |      2 |   192 |    +0.3% |   -0.296 |      -98.8 |    562 | row32/_637_/D
     410* |       4 |     123 |       48 |      2 |   194 |    +0.3% |   -0.298 |      -99.1 |    562 | row42/_628_/D
     411* |       4 |     120 |       48 |      2 |   192 |    +0.3% |   -0.296 |      -98.8 |    562 | row32/_637_/D
     420* |       4 |     124 |       49 |      2 |   195 |    +0.3% |   -0.296 |      -98.8 |    562 | row32/_637_/D
     427* |       6 |     126 |       49 |      2 |   198 |    +0.3% |   -0.296 |      -98.5 |    562 | row32/_637_/D
     430* |       6 |     126 |       49 |      2 |   200 |    +0.3% |   -0.296 |      -98.5 |    562 | row32/_637_/D
     440* |       6 |     131 |       49 |      2 |   205 |    +0.3% |   -0.296 |      -98.5 |    562 | row32/_637_/D
     442* |       8 |     131 |       49 |      2 |   205 |    +0.3% |   -0.296 |      -98.2 |    562 | row32/_637_/D
     450* |       8 |     135 |       49 |      2 |   208 |    +0.3% |   -0.296 |      -97.9 |    562 | row32/_637_/D
     460* |       8 |     139 |       49 |      2 |   214 |    +0.3% |   -0.296 |      -98.0 |    562 | row32/_637_/D
     467* |       8 |     140 |       49 |      2 |   214 |    +0.3% |   -0.296 |      -97.9 |    562 | row32/_637_/D
     470* |       8 |     141 |       49 |      2 |   215 |    +0.3% |   -0.296 |      -97.9 |    562 | row32/_637_/D
     473* |      11 |     141 |       49 |      2 |   215 |    +0.3% |   -0.296 |      -97.7 |    562 | row32/_637_/D
     480* |      11 |     143 |       49 |      2 |   219 |    +0.3% |   -0.296 |      -97.6 |    562 | row32/_637_/D
     483* |      11 |     143 |       49 |      2 |   221 |    +0.3% |   -0.296 |      -97.5 |    562 | row32/_637_/D
     490* |      11 |     146 |       50 |      2 |   223 |    +0.3% |   -0.301 |      -98.1 |    562 | row56/_630_/D
     492* |      11 |     143 |       49 |      2 |   221 |    +0.3% |   -0.296 |      -97.5 |    562 | row32/_637_/D
     500* |      11 |     146 |       50 |      2 |   224 |    +0.3% |   -0.296 |      -97.5 |    562 | row32/_637_/D
     508* |      11 |     148 |       51 |      2 |   229 |    +0.3% |   -0.296 |      -97.5 |    562 | row32/_637_/D
     510* |      11 |     149 |       51 |      2 |   229 |    +0.3% |   -0.296 |      -97.4 |    562 | row32/_637_/D
     520* |      11 |     154 |       52 |      2 |   233 |    +0.3% |   -0.312 |      -98.0 |    562 | row56/_630_/D
     530* |      11 |     159 |       54 |      2 |   236 |    +0.3% |   -0.298 |      -97.8 |    562 | row42/_628_/D
     532* |      11 |     152 |       51 |      2 |   229 |    +0.3% |   -0.296 |      -97.3 |    562 | row32/_637_/D
     540* |      11 |     154 |       51 |      2 |   234 |    +0.3% |   -0.296 |      -97.3 |    562 | row32/_637_/D
     547* |      11 |     158 |       51 |      2 |   236 |    +0.3% |   -0.296 |      -97.2 |    562 | row32/_637_/D
     550* |      11 |     158 |       51 |      2 |   238 |    +0.3% |   -0.296 |      -97.2 |    562 | row32/_637_/D
     552* |      11 |     158 |       51 |      2 |   236 |    +0.3% |   -0.296 |      -97.2 |    562 | row32/_637_/D
     560* |      11 |     162 |       51 |      2 |   239 |    +0.3% |   -0.296 |      -97.1 |    562 | row32/_637_/D
     570* |      11 |     166 |       52 |      2 |   244 |    +0.3% |   -0.296 |      -96.9 |    562 | row32/_637_/D
     574* |      13 |     167 |       52 |      2 |   245 |    +0.3% |   -0.296 |      -96.7 |    562 | row32/_637_/D
     580* |      14 |     169 |       52 |      2 |   247 |    +0.3% |   -0.296 |      -96.6 |    562 | row32/_637_/D
     582* |      16 |     169 |       52 |      2 |   247 |    +0.3% |   -0.296 |      -96.5 |    562 | row32/_637_/D
     590* |      16 |     170 |       53 |      2 |   252 |    +0.3% |   -0.296 |      -96.4 |    562 | row32/_637_/D
     599* |      16 |     171 |       54 |      2 |   258 |    +0.3% |   -0.296 |      -96.3 |    562 | row32/_637_/D
     600* |      16 |     171 |       54 |      2 |   258 |    +0.3% |   -0.296 |      -96.3 |    562 | row32/_637_/D
     603* |      16 |     171 |       54 |      2 |   258 |    +0.3% |   -0.296 |      -96.3 |    562 | row32/_637_/D
     610* |      16 |     173 |       54 |      2 |   262 |    +0.4% |   -0.296 |      -96.2 |    562 | row32/_637_/D
     620* |      16 |     177 |       54 |      2 |   268 |    +0.4% |   -0.296 |      -96.1 |    562 | row32/_637_/D
     625* |      16 |     177 |       54 |      2 |   267 |    +0.4% |   -0.296 |      -96.1 |    562 | row32/_637_/D
     630* |      16 |     179 |       55 |      2 |   268 |    +0.4% |   -0.296 |      -95.8 |    562 | row32/_637_/D
     640* |      16 |     187 |       56 |      2 |   269 |    +0.4% |   -0.299 |      -95.5 |    562 | row20/_628_/D
     650* |      16 |     190 |       59 |      2 |   273 |    +0.4% |   -0.296 |      -95.4 |    562 | row32/_637_/D
     657* |      16 |     192 |       59 |      2 |   274 |    +0.4% |   -0.296 |      -95.3 |    562 | row32/_637_/D
     660* |      16 |     193 |       59 |      2 |   275 |    +0.4% |   -0.300 |      -95.3 |    562 | row2/_637_/D
     670* |      16 |     195 |       59 |      2 |   283 |    +0.4% |   -0.296 |      -95.3 |    562 | row32/_637_/D
     670* |      16 |     195 |       59 |      2 |   280 |    +0.4% |   -0.296 |      -95.3 |    562 | row32/_637_/D
     680* |      16 |     200 |       61 |      2 |   282 |    +0.4% |   -0.296 |      -96.4 |    562 | row32/_637_/D
     685* |      16 |     203 |       62 |      2 |   282 |    +0.4% |   -0.296 |      -96.3 |    562 | row32/_637_/D
     690* |      16 |     205 |       64 |      2 |   282 |    +0.4% |   -0.297 |      -96.4 |    562 | row14/_630_/D
     697* |      16 |     203 |       62 |      2 |   282 |    +0.4% |   -0.296 |      -96.3 |    562 | row32/_637_/D
     700* |      16 |     204 |       62 |      2 |   283 |    +0.4% |   -0.296 |      -96.2 |    562 | row32/_637_/D
     700* |      16 |     204 |       62 |      2 |   282 |    +0.4% |   -0.296 |      -96.2 |    562 | row32/_637_/D
     710* |      16 |     208 |       63 |      2 |   286 |    +0.4% |   -0.296 |      -96.2 |    562 | row32/_637_/D
     720* |      16 |     210 |       67 |      4 |   288 |    +0.5% |   -0.339 |      -97.6 |    562 | row47/_630_/D
     730* |      16 |     216 |       69 |      4 |   290 |    +0.5% |   -0.299 |      -96.7 |    562 | row14/_630_/D
     730* |      16 |     207 |       63 |      2 |   283 |    +0.4% |   -0.296 |      -96.2 |    562 | row32/_637_/D
     740* |      16 |     209 |       63 |      2 |   290 |    +0.4% |   -0.296 |      -96.1 |    562 | row32/_637_/D
     750* |      16 |     212 |       63 |      2 |   297 |    +0.4% |   -0.296 |      -96.1 |    562 | row32/_637_/D
     756* |      16 |     214 |       63 |      2 |   300 |    +0.4% |   -0.296 |      -95.9 |    562 | row32/_637_/D
     760* |      16 |     216 |       64 |      2 |   300 |    +0.4% |   -0.296 |      -95.8 |    562 | row32/_637_/D
     761* |      16 |     216 |       64 |      2 |   300 |    +0.4% |   -0.296 |      -95.8 |    562 | row32/_637_/D
     763* |      16 |     216 |       64 |      2 |   300 |    +0.4% |   -0.296 |      -95.8 |    562 | row32/_637_/D
     770* |      16 |     218 |       64 |      2 |   304 |    +0.4% |   -0.296 |      -95.8 |    562 | row32/_637_/D
     780* |      16 |     221 |       66 |      2 |   309 |    +0.4% |   -0.296 |      -95.7 |    562 | row32/_637_/D
     783* |      16 |     221 |       66 |      2 |   311 |    +0.4% |   -0.296 |      -95.7 |    562 | row32/_637_/D
     785* |      16 |     221 |       66 |      2 |   311 |    +0.4% |   -0.296 |      -95.7 |    562 | row32/_637_/D
     790* |      16 |     222 |       66 |      2 |   314 |    +0.4% |   -0.296 |      -95.7 |    562 | row32/_637_/D
     800* |      16 |     225 |       66 |      2 |   321 |    +0.4% |   -0.329 |      -95.8 |    562 | row22/_637_/D
     804* |      16 |     225 |       66 |      2 |   316 |    +0.4% |   -0.296 |      -95.7 |    562 | row32/_637_/D
     810* |      16 |     227 |       66 |      2 |   319 |    +0.5% |   -0.296 |      -95.6 |    562 | row32/_637_/D
     820* |      16 |     230 |       67 |      2 |   325 |    +0.5% |   -0.296 |      -95.5 |    562 | row32/_637_/D
     830* |      16 |     233 |       69 |      2 |   330 |    +0.5% |   -0.296 |      -95.5 |    562 | row32/_637_/D
     830* |      16 |     230 |       69 |      2 |   327 |    +0.5% |   -0.296 |      -95.4 |    562 | row32/_637_/D
     840* |      16 |     235 |       69 |      2 |   331 |    +0.5% |   -0.296 |      -95.2 |    562 | row32/_637_/D
     845* |      16 |     236 |       70 |      2 |   331 |    +0.5% |   -0.296 |      -95.2 |    562 | row32/_637_/D
     850* |      16 |     238 |       70 |      2 |   333 |    +0.5% |   -0.296 |      -95.2 |    562 | row32/_637_/D
     860* |      16 |     240 |       71 |      2 |   340 |    +0.5% |   -0.296 |      -95.2 |    562 | row32/_637_/D
     864* |      16 |     236 |       70 |      2 |   332 |    +0.5% |   -0.296 |      -95.1 |    562 | row32/_637_/D
     870* |      16 |     238 |       72 |      2 |   333 |    +0.5% |   -0.296 |      -95.1 |    562 | row32/_637_/D
     870* |      16 |     237 |       72 |      2 |   332 |    +0.5% |   -0.296 |      -95.1 |    562 | row32/_637_/D
     880* |      16 |     239 |       72 |      2 |   339 |    +0.5% |   -0.319 |      -95.2 |    562 | row14/_637_/D
     885* |      16 |     241 |       72 |      2 |   339 |    +0.5% |   -0.296 |      -95.0 |    562 | row32/_637_/D
     890* |      16 |     242 |       73 |      2 |   341 |    +0.5% |   -0.296 |      -94.8 |    562 | row32/_637_/D
     900* |      16 |     245 |       74 |      2 |   347 |    +0.5% |   -0.296 |      -94.9 |    562 | row32/_637_/D
     900* |      16 |     244 |       74 |      2 |   344 |    +0.5% |   -0.296 |      -94.8 |    562 | row32/_637_/D
     910* |      16 |     247 |       74 |      2 |   350 |    +0.5% |   -0.296 |      -94.7 |    562 | row32/_637_/D
     920* |      16 |     249 |       75 |      2 |   357 |    +0.5% |   -0.296 |      -94.6 |    562 | row32/_637_/D
     927* |      16 |     254 |       75 |      2 |   358 |    +0.5% |   -0.296 |      -94.6 |    562 | row32/_637_/D
     930* |      16 |     254 |       75 |      2 |   360 |    +0.5% |   -0.296 |      -94.5 |    562 | row32/_637_/D
     940* |      16 |     257 |       77 |      2 |   365 |    +0.5% |   -0.296 |      -94.5 |    562 | row32/_637_/D
     942* |      18 |     257 |       77 |      2 |   365 |    +0.5% |   -0.296 |      -94.2 |    562 | row32/_637_/D
     950* |      18 |     262 |       77 |      2 |   367 |    +0.5% |   -0.296 |      -94.0 |    562 | row32/_637_/D
     960* |      18 |     266 |       77 |      2 |   373 |    +0.5% |   -0.296 |      -94.0 |    562 | row32/_637_/D
     970* |      18 |     270 |       78 |      2 |   378 |    +0.5% |   -0.296 |      -93.9 |    562 | row32/_637_/D
     970* |      18 |     270 |       78 |      2 |   377 |    +0.5% |   -0.296 |      -93.9 |    562 | row32/_637_/D
     980* |      18 |     273 |       79 |      2 |   382 |    +0.5% |   -0.296 |      -93.8 |    562 | row32/_637_/D
     983* |      18 |     273 |       79 |      2 |   382 |    +0.5% |   -0.296 |      -93.8 |    562 | row32/_637_/D
     990* |      18 |     275 |       80 |      2 |   385 |    +0.5% |   -0.296 |      -93.6 |    562 | row32/_637_/D
    1000* |      19 |     279 |       81 |      3 |   388 |    +0.5% |   -0.296 |      -91.3 |    562 | row32/_637_/D
    1010* |      19 |     285 |       85 |      4 |   388 |    +0.6% |   -0.299 |      -92.4 |    562 | row14/_630_/D
    1020* |      19 |     292 |       87 |      5 |   388 |    +0.6% |   -0.299 |      -92.2 |    562 | row14/_630_/D
    1022* |      19 |     279 |       81 |      4 |   388 |    +0.6% |   -0.296 |      -91.3 |    562 | row32/_637_/D
    1030* |      19 |     280 |       84 |      4 |   391 |    +0.6% |   -0.296 |      -91.1 |    562 | row32/_637_/D
    1040* |      21 |     284 |       85 |      4 |   394 |    +0.6% |   -0.300 |      -89.4 |    562 | row14/_630_/D
    1048* |      21 |     289 |       86 |      4 |   394 |    +0.6% |   -0.296 |      -89.1 |    562 | row32/_637_/D
    1050* |      21 |     289 |       86 |      4 |   395 |    +0.6% |   -0.296 |      -89.0 |    562 | row32/_637_/D
    1060* |      21 |     289 |       89 |      4 |   402 |    +0.6% |   -0.296 |      -89.2 |    562 | row32/_637_/D
    1063* |      21 |     289 |       88 |      4 |   400 |    +0.6% |   -0.296 |      -88.6 |    562 | row32/_637_/D
    1067* |      21 |     290 |       88 |      4 |   400 |    +0.6% |   -0.296 |      -88.6 |    562 | row32/_637_/D
    1070* |      21 |     291 |       88 |      4 |   401 |    +0.6% |   -0.296 |      -88.6 |    562 | row32/_637_/D
    1080* |      21 |     295 |       88 |      4 |   407 |    +0.6% |   -0.321 |      -88.7 |    562 | row11/_637_/D
    1085* |      21 |     293 |       88 |      4 |   403 |    +0.6% |   -0.296 |      -88.5 |    562 | row32/_637_/D
    1090* |      21 |     294 |       88 |      4 |   406 |    +0.6% |   -0.296 |      -88.4 |    562 | row32/_637_/D
    1100* |      21 |     298 |       89 |      4 |   411 |    +0.6% |   -0.296 |      -88.3 |    562 | row32/_637_/D
    1104* |      21 |     298 |       89 |      4 |   411 |    +0.6% |   -0.296 |      -88.3 |    562 | row32/_637_/D
    1110* |      21 |     298 |       91 |      4 |   414 |    +0.6% |   -0.296 |      -88.0 |    562 | row32/_637_/D
    1120* |      21 |     301 |       93 |      4 |   419 |    +0.6% |   -0.296 |      -88.1 |    562 | row32/_637_/D
    1130* |      22 |     307 |       95 |      4 |   420 |    +0.6% |   -0.296 |      -88.0 |    562 | row32/_637_/D
    1130* |      22 |     304 |       93 |      4 |   419 |    +0.6% |   -0.296 |      -87.5 |    562 | row32/_637_/D
    1134* |      24 |     304 |       93 |      4 |   420 |    +0.6% |   -0.296 |      -87.4 |    562 | row32/_637_/D
    1137* |      24 |     304 |       93 |      4 |   420 |    +0.6% |   -0.296 |      -87.4 |    562 | row32/_637_/D
    1140* |      24 |     306 |       93 |      4 |   420 |    +0.6% |   -0.296 |      -87.4 |    562 | row32/_637_/D
    1143* |      25 |     307 |       93 |      4 |   421 |    +0.6% |   -0.296 |      -87.2 |    562 | row32/_637_/D
    1149* |      25 |     308 |       93 |      4 |   421 |    +0.6% |   -0.296 |      -87.2 |    562 | row32/_637_/D
    1150* |      25 |     308 |       93 |      4 |   421 |    +0.6% |   -0.296 |      -87.2 |    562 | row32/_637_/D
    1160* |      25 |     312 |       93 |      4 |   427 |    +0.6% |   -0.296 |      -87.2 |    562 | row32/_637_/D
    1163* |      27 |     312 |       93 |      4 |   428 |    +0.6% |   -0.296 |      -87.0 |    562 | row32/_637_/D
    1170* |      27 |     313 |       93 |      4 |   433 |    +0.6% |   -0.296 |      -86.9 |    562 | row32/_637_/D
    1180* |      27 |     316 |       95 |      4 |   438 |    +0.6% |   -0.296 |      -86.8 |    562 | row32/_637_/D
    1186* |      27 |     317 |       95 |      4 |   440 |    +0.6% |   -0.296 |      -86.8 |    562 | row32/_637_/D
    1190* |      27 |     317 |       95 |      4 |   443 |    +0.6% |   -0.296 |      -86.7 |    562 | row32/_637_/D
    1200* |      27 |     321 |       96 |      4 |   448 |    +0.6% |   -0.296 |      -86.6 |    562 | row32/_637_/D
    1209* |      27 |     323 |       96 |      4 |   451 |    +0.6% |   -0.296 |      -86.5 |    562 | row32/_637_/D
    1210* |      27 |     323 |       96 |      4 |   451 |    +0.6% |   -0.296 |      -86.5 |    562 | row32/_637_/D
    1220* |      27 |     326 |       97 |      4 |   457 |    +0.6% |   -0.296 |      -86.5 |    562 | row32/_637_/D
    1224* |      29 |     327 |       97 |      4 |   458 |    +0.6% |   -0.296 |      -86.3 |    562 | row32/_637_/D
    1230* |      29 |     329 |       97 |      4 |   461 |    +0.6% |   -0.296 |      -86.2 |    562 | row32/_637_/D
    1240* |      29 |     332 |       98 |      4 |   467 |    +0.6% |   -0.296 |      -86.2 |    562 | row32/_637_/D
    1247* |      29 |     333 |       99 |      4 |   471 |    +0.6% |   -0.296 |      -86.1 |    562 | row32/_637_/D
    1250* |      29 |     333 |       99 |      4 |   473 |    +0.6% |   -0.296 |      -86.2 |    562 | row32/_637_/D
    1252* |      29 |     333 |       99 |      4 |   471 |    +0.6% |   -0.296 |      -86.1 |    562 | row32/_637_/D
    1260* |      29 |     334 |       99 |      4 |   477 |    +0.6% |   -0.296 |      -86.1 |    562 | row32/_637_/D
    1267* |      29 |     334 |       99 |      4 |   475 |    +0.6% |   -0.296 |      -86.0 |    562 | row32/_637_/D
    1270* |      29 |     334 |       99 |      4 |   477 |    +0.6% |   -0.296 |      -86.0 |    562 | row32/_637_/D
    1280* |      29 |     338 |       99 |      4 |   483 |    +0.6% |   -0.296 |      -85.8 |    562 | row32/_637_/D
    1286* |      29 |     338 |       99 |      4 |   481 |    +0.6% |   -0.296 |      -85.8 |    562 | row32/_637_/D
    1290* |      29 |     339 |      100 |      4 |   482 |    +0.6% |   -0.296 |      -85.6 |    562 | row32/_637_/D
    1300* |      30 |     342 |      103 |      4 |   485 |    +0.7% |   -0.296 |      -85.2 |    562 | row32/_637_/D
    1310* |      31 |     346 |      108 |      4 |   485 |    +0.7% |   -0.296 |      -86.0 |    562 | row32/_637_/D
    1310* |      30 |     342 |      103 |      4 |   485 |    +0.7% |   -0.296 |      -85.2 |    562 | row32/_637_/D
    1320* |      30 |     347 |      103 |      4 |   489 |    +0.7% |   -0.299 |      -85.3 |    562 | row38/_637_/D
    1330* |      30 |     350 |      106 |      4 |   493 |    +0.7% |   -0.296 |      -85.2 |    562 | row32/_637_/D
    1331* |      30 |     350 |      105 |      4 |   492 |    +0.7% |   -0.296 |      -85.2 |    562 | row32/_637_/D
    1340* |      30 |     353 |      105 |      4 |   497 |    +0.7% |   -0.296 |      -85.0 |    562 | row32/_637_/D
    1347* |      32 |     354 |      106 |      4 |   500 |    +0.7% |   -0.296 |      -84.8 |    562 | row32/_637_/D
    1349* |      32 |     354 |      106 |      4 |   500 |    +0.7% |   -0.296 |      -84.8 |    562 | row32/_637_/D
    1350* |      32 |     354 |      106 |      4 |   500 |    +0.7% |   -0.296 |      -84.8 |    562 | row32/_637_/D
    1357* |      32 |     355 |      107 |      4 |   505 |    +0.7% |   -0.296 |      -84.7 |    562 | row32/_637_/D
    1360* |      33 |     356 |      107 |      4 |   505 |    +0.7% |   -0.296 |      -84.6 |    562 | row32/_637_/D
    1364* |      36 |     356 |      108 |      4 |   505 |    +0.7% |   -0.296 |      -84.5 |    562 | row32/_637_/D
    1368* |      36 |     356 |      108 |      4 |   505 |    +0.7% |   -0.296 |      -84.5 |    562 | row32/_637_/D
    1370* |      36 |     357 |      108 |      4 |   505 |    +0.7% |   -0.296 |      -84.5 |    562 | row32/_637_/D
    1371* |      36 |     356 |      108 |      4 |   505 |    +0.7% |   -0.296 |      -84.5 |    562 | row32/_637_/D
    1375* |      36 |     358 |      108 |      4 |   505 |    +0.7% |   -0.296 |      -84.4 |    562 | row32/_637_/D
    1380* |      36 |     358 |      108 |      4 |   509 |    +0.7% |   -0.296 |      -84.4 |    562 | row32/_637_/D
    1390* |      36 |     361 |      108 |      4 |   516 |    +0.7% |   -0.296 |      -84.4 |    562 | row32/_637_/D
    1397* |      36 |     362 |      109 |      4 |   519 |    +0.7% |   -0.296 |      -84.3 |    562 | row32/_637_/D
    1400* |      36 |     363 |      109 |      4 |   520 |    +0.7% |   -0.296 |      -84.2 |    562 | row32/_637_/D
    1410* |      36 |     365 |      110 |      4 |   527 |    +0.7% |   -0.296 |      -84.4 |    562 | row32/_637_/D
    1418* |      36 |     367 |      112 |      4 |   530 |    +0.7% |   -0.296 |      -84.2 |    562 | row32/_637_/D
    1420* |      36 |     367 |      112 |      4 |   531 |    +0.7% |   -0.296 |      -84.3 |    562 | row32/_637_/D
    1430* |      36 |     371 |      113 |      4 |   536 |    +0.7% |   -0.296 |      -83.8 |    562 | row32/_637_/D
    1440* |      37 |     375 |      116 |      5 |   537 |    +0.7% |   -0.296 |      -82.8 |    562 | row32/_637_/D
    1450* |      37 |     379 |      119 |      7 |   538 |    +0.7% |   -0.298 |      -83.2 |    562 | row14/_630_/D
    1455* |      37 |     378 |      118 |      6 |   538 |    +0.7% |   -0.296 |      -82.7 |    562 | row32/_637_/D
    1460* |      38 |     380 |      119 |      6 |   538 |    +0.7% |   -0.296 |      -82.7 |    562 | row32/_637_/D
    1461* |      39 |     380 |      119 |      6 |   538 |    +0.7% |   -0.296 |      -82.6 |    562 | row32/_637_/D
    1470* |      39 |     383 |      119 |      6 |   543 |    +0.7% |   -0.296 |      -82.5 |    562 | row32/_637_/D
    1473* |      39 |     383 |      119 |      6 |   545 |    +0.7% |   -0.296 |      -82.5 |    562 | row32/_637_/D
    1480* |      39 |     386 |      122 |      6 |   545 |    +0.7% |   -0.297 |      -82.3 |    562 | row14/_630_/D
    1485* |      39 |     383 |      119 |      6 |   545 |    +0.7% |   -0.296 |      -82.5 |    562 | row32/_637_/D
    1490* |      39 |     385 |      119 |      6 |   547 |    +0.7% |   -0.296 |      -82.5 |    562 | row32/_637_/D
    1496* |      43 |     385 |      120 |      6 |   548 |    +0.7% |   -0.296 |      -82.2 |    562 | row32/_637_/D
    1500* |      43 |     385 |      120 |      6 |   551 |    +0.7% |   -0.296 |      -82.2 |    562 | row32/_637_/D
    1510* |      43 |     389 |      121 |      6 |   556 |    +0.7% |   -0.296 |      -82.0 |    562 | row32/_637_/D
    1520* |      43 |     391 |      121 |      6 |   564 |    +0.7% |   -0.299 |      -82.3 |    562 | row63/_637_/D
    1530* |      43 |     396 |      122 |      6 |   568 |    +0.7% |   -0.296 |      -82.0 |    562 | row32/_637_/D
    1530* |      43 |     390 |      121 |      6 |   560 |    +0.7% |   -0.296 |      -82.0 |    562 | row32/_637_/D
    1540* |      45 |     392 |      121 |      6 |   565 |    +0.7% |   -0.296 |      -81.7 |    562 | row32/_637_/D
    1541* |      46 |     392 |      121 |      6 |   565 |    +0.7% |   -0.296 |      -81.7 |    562 | row32/_637_/D
    1546* |      46 |     394 |      121 |      6 |   565 |    +0.7% |   -0.296 |      -81.7 |    562 | row32/_637_/D
    1550* |      46 |     394 |      122 |      6 |   567 |    +0.7% |   -0.296 |      -82.0 |    562 | row32/_637_/D
    1560* |      46 |     397 |      125 |      6 |   571 |    +0.7% |   -0.296 |      -81.6 |    562 | row32/_637_/D
    1570* |      48 |     399 |      128 |      7 |   573 |    +0.7% |   -0.296 |      -81.0 |    562 | row32/_637_/D
    1578* |      48 |     403 |      131 |      7 |   573 |    +0.8% |   -0.296 |      -80.9 |    562 | row32/_637_/D
    1580* |      48 |     404 |      131 |      7 |   573 |    +0.8% |   -0.296 |      -80.9 |    562 | row32/_637_/D
    1582* |      50 |     404 |      131 |      7 |   573 |    +0.8% |   -0.296 |      -80.7 |    562 | row32/_637_/D
    1590* |      50 |     408 |      131 |      7 |   576 |    +0.8% |   -0.296 |      -80.6 |    562 | row32/_637_/D
    1599* |      52 |     410 |      132 |      7 |   580 |    +0.8% |   -0.296 |      -80.4 |    562 | row32/_637_/D
    1600* |      52 |     410 |      132 |      7 |   580 |    +0.8% |   -0.296 |      -80.4 |    562 | row32/_637_/D
    1610* |      52 |     413 |      133 |      7 |   586 |    +0.8% |   -0.296 |      -80.3 |    562 | row32/_637_/D
    1620* |      52 |     415 |      134 |      7 |   593 |    +0.8% |   -0.296 |      -80.2 |    562 | row32/_637_/D
    1624* |      52 |     416 |      134 |      7 |   595 |    +0.8% |   -0.296 |      -80.2 |    562 | row32/_637_/D
    1630* |      52 |     418 |      135 |      7 |   597 |    +0.8% |   -0.300 |      -80.9 |    562 | row14/_630_/D
    1640* |      52 |     422 |      137 |      7 |   601 |    +0.8% |   -0.300 |      -80.5 |    562 | row14/_630_/D
    1650* |      52 |     425 |      144 |      7 |   604 |    +0.8% |   -0.300 |      -80.9 |    562 | row14/_630_/D
    1655* |      52 |     417 |      134 |      7 |   596 |    +0.8% |   -0.296 |      -79.9 |    562 | row32/_637_/D
    1659* |      52 |     417 |      134 |      7 |   596 |    +0.8% |   -0.296 |      -79.9 |    562 | row32/_637_/D
    1660* |      52 |     417 |      134 |      7 |   596 |    +0.8% |   -0.296 |      -79.9 |    562 | row32/_637_/D
    1670* |      52 |     420 |      135 |      7 |   602 |    +0.8% |   -0.296 |      -79.6 |    562 | row32/_637_/D
    1677* |      54 |     422 |      135 |      7 |   605 |    +0.8% |   -0.296 |      -79.5 |    562 | row32/_637_/D
    1680* |      54 |     423 |      135 |      7 |   606 |    +0.8% |   -0.296 |      -79.4 |    562 | row32/_637_/D
    1689* |      54 |     425 |      135 |      7 |   610 |    +0.8% |   -0.296 |      -79.3 |    562 | row32/_637_/D
    1690* |      54 |     425 |      135 |      7 |   610 |    +0.8% |   -0.296 |      -79.3 |    562 | row32/_637_/D
    1700* |      54 |     427 |      136 |      7 |   617 |    +0.8% |   -0.296 |      -79.3 |    562 | row32/_637_/D
    1710* |      54 |     430 |      137 |      7 |   623 |    +0.8% |   -0.296 |      -79.2 |    562 | row32/_637_/D
    1715* |      54 |     433 |      137 |      7 |   623 |    +0.8% |   -0.296 |      -79.1 |    562 | row32/_637_/D
    1718* |      54 |     433 |      137 |      7 |   623 |    +0.8% |   -0.296 |      -79.1 |    562 | row32/_637_/D
    1720* |      54 |     433 |      137 |      7 |   624 |    +0.8% |   -0.296 |      -79.0 |    562 | row32/_637_/D
    1730* |      54 |     437 |      139 |      7 |   628 |    +0.8% |   -0.296 |      -78.7 |    562 | row32/_637_/D
    1740* |      54 |     443 |      141 |      7 |   630 |    +0.8% |   -0.296 |      -78.6 |    562 | row32/_637_/D
    1740* |      54 |     440 |      141 |      7 |   629 |    +0.8% |   -0.296 |      -78.6 |    562 | row32/_637_/D
    1750* |      54 |     443 |      143 |      7 |   633 |    +0.8% |   -0.319 |      -81.7 |    562 | row46/_628_/D
    1760* |      55 |     448 |      145 |      7 |   635 |    +0.8% |   -0.305 |      -81.1 |    562 | row17/_630_/D
    1766* |      54 |     440 |      141 |      7 |   629 |    +0.8% |   -0.296 |      -78.6 |    562 | row32/_637_/D
    1769* |      54 |     440 |      141 |      7 |   629 |    +0.8% |   -0.296 |      -78.6 |    562 | row32/_637_/D
    1770* |      54 |     440 |      141 |      7 |   629 |    +0.8% |   -0.296 |      -78.6 |    562 | row32/_637_/D
    1780* |      54 |     444 |      142 |      7 |   634 |    +0.8% |   -0.296 |      -78.4 |    562 | row32/_637_/D
    1790* |      54 |     448 |      142 |      7 |   640 |    +0.8% |   -0.296 |      -78.3 |    562 | row32/_637_/D
    1800* |      54 |     452 |      142 |      7 |   646 |    +0.8% |   -0.296 |      -78.2 |    562 | row32/_637_/D
    1802* |      54 |     453 |      142 |      7 |   646 |    +0.8% |   -0.296 |      -78.2 |    562 | row32/_637_/D
    1805* |      54 |     453 |      143 |      7 |   647 |    +0.8% |   -0.296 |      -78.4 |    562 | row32/_637_/D
    1810* |      54 |     454 |      143 |      8 |   649 |    +0.9% |   -0.306 |      -78.9 |    562 | row14/_630_/D
    1816* |      54 |     453 |      143 |      7 |   647 |    +0.8% |   -0.296 |      -78.4 |    562 | row32/_637_/D
    1820* |      54 |     454 |      143 |      7 |   649 |    +0.8% |   -0.296 |      -78.4 |    562 | row32/_637_/D
    1830* |      54 |     457 |      145 |      7 |   654 |    +0.9% |   -0.296 |      -78.3 |    562 | row32/_637_/D
    1832* |      54 |     457 |      145 |      7 |   655 |    +0.9% |   -0.296 |      -78.3 |    562 | row32/_637_/D
    1840* |      54 |     459 |      146 |      7 |   659 |    +0.9% |   -0.296 |      -78.0 |    562 | row32/_637_/D
    1850* |      54 |     461 |      151 |      8 |   661 |    +0.9% |   -0.296 |      -77.9 |    562 | row32/_637_/D
    1860* |      54 |     466 |      156 |      8 |   662 |    +0.9% |   -0.410 |      -78.4 |    562 | row20/_628_/D
    1867* |      54 |     462 |      153 |      8 |   661 |    +0.9% |   -0.296 |      -77.8 |    562 | row32/_637_/D
    1870* |      54 |     463 |      153 |      8 |   662 |    +0.9% |   -0.296 |      -77.8 |    562 | row32/_637_/D
    1880* |      54 |     466 |      153 |      8 |   669 |    +0.9% |   -0.296 |      -77.5 |    562 | row32/_637_/D
    1890* |      54 |     469 |      154 |      8 |   675 |    +0.9% |   -0.296 |      -77.6 |    562 | row32/_637_/D
    1900* |      54 |     474 |      154 |      8 |   680 |    +0.9% |   -0.296 |      -77.6 |    562 | row32/_637_/D
    1905* |      54 |     478 |      154 |      8 |   680 |    +0.9% |   -0.296 |      -77.5 |    562 | row32/_637_/D
    1910* |      54 |     480 |      154 |      8 |   682 |    +0.9% |   -0.296 |      -77.3 |    562 | row32/_637_/D
    1920* |      54 |     482 |      158 |      8 |   687 |    +0.9% |   -0.296 |      -77.5 |    562 | row32/_637_/D
    1930* |      55 |     487 |      160 |      8 |   689 |    +0.9% |   -0.296 |      -77.6 |    562 | row32/_637_/D
    1936* |      55 |     487 |      160 |      8 |   689 |    +0.9% |   -0.296 |      -77.6 |    562 | row32/_637_/D
    1940* |      55 |     489 |      160 |      8 |   690 |    +0.9% |   -0.296 |      -77.5 |    562 | row32/_637_/D
    1946* |      55 |     492 |      162 |      8 |   691 |    +0.9% |   -0.296 |      -77.0 |    562 | row32/_637_/D
    1950* |      55 |     494 |      162 |      8 |   692 |    +0.9% |   -0.296 |      -77.1 |    562 | row32/_637_/D
    1950* |      55 |     493 |      162 |      8 |   691 |    +0.9% |   -0.296 |      -77.0 |    562 | row32/_637_/D
    1953* |      55 |     493 |      162 |      8 |   691 |    +0.9% |   -0.296 |      -77.0 |    562 | row32/_637_/D
    1960* |      55 |     495 |      163 |      8 |   694 |    +0.9% |   -0.296 |      -76.9 |    562 | row32/_637_/D
    1970* |      55 |     498 |      164 |      8 |   700 |    +0.9% |   -0.296 |      -76.8 |    562 | row32/_637_/D
    1979* |      55 |     499 |      164 |      8 |   704 |    +1.0% |   -0.296 |      -76.7 |    562 | row32/_637_/D
    1980* |      55 |     499 |      164 |      8 |   704 |    +1.0% |   -0.296 |      -76.7 |    562 | row32/_637_/D
    1982* |      55 |     499 |      164 |      8 |   704 |    +1.0% |   -0.296 |      -76.7 |    562 | row32/_637_/D
    1990* |      55 |     501 |      165 |      8 |   708 |    +1.0% |   -0.296 |      -76.5 |    562 | row32/_637_/D
    2000* |      55 |     502 |      167 |      8 |   715 |    +1.0% |   -0.296 |      -76.5 |    562 | row32/_637_/D
    2000* |      55 |     502 |      167 |      8 |   711 |    +1.0% |   -0.296 |      -76.4 |    562 | row32/_637_/D
    2003* |      55 |     502 |      167 |      8 |   711 |    +1.0% |   -0.296 |      -76.4 |    562 | row32/_637_/D
    2006* |      55 |     502 |      167 |      8 |   711 |    +1.0% |   -0.296 |      -76.4 |    562 | row32/_637_/D
    2010* |      55 |     502 |      169 |      8 |   712 |    +1.0% |   -0.296 |      -76.5 |    562 | row32/_637_/D
    2020* |      55 |     502 |      176 |      8 |   717 |    +1.0% |   -0.296 |      -76.7 |    562 | row32/_637_/D
    2030* |      55 |     509 |      179 |      8 |   717 |    +1.0% |   -0.296 |      -76.9 |    562 | row32/_637_/D
    2030* |      55 |     502 |      168 |      8 |   711 |    +1.0% |   -0.296 |      -76.4 |    562 | row32/_637_/D
    2040* |      55 |     507 |      169 |      8 |   714 |    +1.0% |   -0.296 |      -76.3 |    562 | row32/_637_/D
    2041* |      55 |     507 |      169 |      8 |   714 |    +1.0% |   -0.296 |      -76.3 |    562 | row32/_637_/D
    2043* |      55 |     507 |      169 |      8 |   715 |    +1.0% |   -0.296 |      -76.3 |    562 | row32/_637_/D
    2047* |      55 |     508 |      170 |      8 |   715 |    +1.0% |   -0.296 |      -79.3 |    562 | row32/_637_/D
    2050* |      55 |     508 |      171 |      8 |   716 |    +1.0% |   -0.296 |      -79.2 |    562 | row32/_637_/D
    2060* |      55 |     511 |      171 |      8 |   723 |    +1.0% |   -0.296 |      -79.3 |    562 | row32/_637_/D
    2065* |      57 |     513 |      171 |      8 |   724 |    +1.0% |   -0.296 |      -79.0 |    562 | row32/_637_/D
    2070* |      57 |     513 |      172 |      8 |   727 |    +1.0% |   -0.325 |      -80.5 |    562 | row21/_630_/D
    2080* |      57 |     518 |      177 |      8 |   727 |    +1.0% |   -0.378 |      -83.0 |    562 | row21/_630_/D
    2083* |      57 |     513 |      171 |      8 |   724 |    +1.0% |   -0.296 |      -79.0 |    562 | row32/_637_/D
    2090* |      57 |     517 |      172 |      8 |   725 |    +1.0% |   -0.296 |      -79.1 |    562 | row32/_637_/D
    2090* |      57 |     516 |      172 |      8 |   724 |    +1.0% |   -0.296 |      -79.1 |    562 | row32/_637_/D
    2100* |      57 |     518 |      176 |      8 |   727 |    +1.0% |   -0.296 |      -79.4 |    562 | row32/_637_/D
    2100* |      57 |     518 |      176 |      8 |   727 |    +1.0% |   -0.296 |      -79.4 |    562 | row32/_637_/D
    2105* |      59 |     519 |      176 |      8 |   728 |    +1.0% |   -0.296 |      -79.3 |    562 | row32/_637_/D
    2110* |      59 |     522 |      176 |      8 |   729 |    +1.0% |   -0.296 |      -79.2 |    562 | row32/_637_/D
    2120* |      59 |     526 |      178 |      8 |   733 |    +1.0% |   -0.296 |      -79.2 |    562 | row32/_637_/D
    2130* |      59 |     530 |      180 |      8 |   737 |    +1.0% |   -0.296 |      -79.2 |    562 | row32/_637_/D
    2130* |      59 |     530 |      179 |      8 |   735 |    +1.0% |   -0.296 |      -79.2 |    562 | row32/_637_/D
    2140* |      59 |     532 |      179 |      8 |   742 |    +1.0% |   -0.296 |      -79.2 |    562 | row32/_637_/D
    2150* |      59 |     535 |      179 |      8 |   749 |    +1.0% |   -0.296 |      -79.2 |    562 | row32/_637_/D
    2151* |      59 |     534 |      179 |      8 |   743 |    +1.0% |   -0.296 |      -79.1 |    562 | row32/_637_/D
    2160* |      59 |     537 |      179 |      8 |   748 |    +1.0% |   -0.296 |      -79.0 |    562 | row32/_637_/D
    2163* |      59 |     536 |      179 |      8 |   743 |    +1.0% |   -0.296 |      -78.9 |    562 | row32/_637_/D
    2170* |      59 |     540 |      179 |      8 |   745 |    +1.0% |   -0.296 |      -78.9 |    562 | row32/_637_/D
    2180* |      59 |     544 |      180 |      8 |   750 |    +1.0% |   -0.296 |      -78.5 |    562 | row32/_637_/D
    2186* |      59 |     542 |      180 |      8 |   746 |    +1.0% |   -0.296 |      -78.5 |    562 | row32/_637_/D
    2190* |      59 |     543 |      180 |      8 |   748 |    +1.0% |   -0.296 |      -78.6 |    562 | row58/_621_/D
    2200* |      60 |     549 |      181 |      8 |   750 |    +1.1% |   -0.296 |      -78.1 |    562 | row32/_637_/D
    2201* |      61 |     549 |      181 |      8 |   750 |    +1.0% |   -0.296 |      -78.0 |    562 | row32/_637_/D
    2210* |      61 |     554 |      182 |      8 |   752 |    +1.1% |   -0.296 |      -78.1 |    562 | row32/_637_/D
    2216* |      61 |     550 |      181 |      8 |   750 |    +1.1% |   -0.296 |      -78.0 |    562 | row32/_637_/D
    2220* |      61 |     551 |      181 |      8 |   752 |    +1.1% |   -0.296 |      -77.9 |    562 | row32/_637_/D
    2230* |      61 |     554 |      181 |      8 |   759 |    +1.1% |   -0.296 |      -77.9 |    562 | row32/_637_/D
    2235* |      61 |     551 |      181 |      8 |   753 |    +1.1% |   -0.296 |      -77.9 |    562 | row32/_637_/D
    2240* |      61 |     552 |      181 |      8 |   756 |    +1.1% |   -0.296 |      -77.8 |    562 | row32/_637_/D
    2250* |      63 |     555 |      182 |      8 |   760 |    +1.1% |   -0.296 |      -77.7 |    562 | row32/_637_/D
    2252* |      65 |     555 |      182 |      8 |   760 |    +1.1% |   -0.296 |      -77.6 |    562 | row32/_637_/D
    2258* |      67 |     557 |      182 |      8 |   761 |    +1.0% |   -0.296 |      -77.3 |    562 | row32/_637_/D
    2260* |      67 |     558 |      182 |      8 |   761 |    +1.1% |   -0.296 |      -77.3 |    562 | row32/_637_/D
    2262* |      67 |     558 |      182 |      8 |   761 |    +1.1% |   -0.296 |      -77.3 |    562 | row32/_637_/D
    2270* |      67 |     561 |      182 |      8 |   765 |    +1.1% |   -0.296 |      -77.3 |    562 | row32/_637_/D
    2280* |      67 |     564 |      184 |      8 |   770 |    +1.1% |   -0.296 |      -77.2 |    562 | row32/_637_/D
    2281* |      67 |     564 |      184 |      8 |   770 |    +1.1% |   -0.296 |      -77.2 |    562 | row32/_637_/D
    2290* |      67 |     566 |      184 |      8 |   776 |    +1.1% |   -0.296 |      -76.9 |    562 | row32/_637_/D
    2297* |      69 |     570 |      184 |      8 |   777 |    +1.1% |   -0.296 |      -76.8 |    562 | row32/_637_/D
    2300* |      69 |     571 |      184 |      8 |   778 |    +1.1% |   -0.296 |      -76.8 |    562 | row32/_637_/D
    2310* |      69 |     577 |      186 |      8 |   780 |    +1.1% |   -0.296 |      -76.1 |    562 | row32/_637_/D
    2320* |      69 |     581 |      190 |      9 |   782 |    +1.1% |   -0.296 |      -76.8 |    562 | row32/_637_/D
    2324* |      69 |     577 |      187 |      8 |   780 |    +1.1% |   -0.296 |      -76.0 |    562 | row32/_637_/D
    2330* |      69 |     578 |      187 |      8 |   784 |    +1.1% |   -0.296 |      -75.9 |    562 | row32/_637_/D
    2340* |      69 |     583 |      188 |      8 |   788 |    +1.1% |   -0.296 |      -75.8 |    562 | row32/_637_/D
    2345* |      69 |     582 |      188 |      8 |   787 |    +1.1% |   -0.296 |      -75.7 |    562 | row32/_637_/D
    2349* |      71 |     582 |      188 |      8 |   788 |    +1.1% |   -0.296 |      -75.6 |    562 | row32/_637_/D
    2350* |      71 |     582 |      188 |      8 |   788 |    +1.1% |   -0.296 |      -75.6 |    562 | row32/_637_/D
    2360* |      71 |     586 |      189 |      8 |   793 |    +1.1% |   -0.296 |      -75.2 |    562 | row32/_637_/D
    2369* |      71 |     585 |      188 |      8 |   788 |    +1.1% |   -0.296 |      -75.3 |    562 | row32/_637_/D
    2370* |      71 |     585 |      188 |      8 |   788 |    +1.1% |   -0.296 |      -75.3 |    562 | row32/_637_/D
    2373* |      71 |     586 |      188 |      8 |   788 |    +1.1% |   -0.296 |      -75.3 |    562 | row32/_637_/D
    2377* |      73 |     586 |      188 |      8 |   789 |    +1.1% |   -0.296 |      -75.1 |    562 | row32/_637_/D
    2380* |      73 |     587 |      189 |      8 |   789 |    +1.1% |   -0.296 |      -75.3 |    562 | row32/_637_/D
    2390* |      73 |     594 |      191 |      9 |   789 |    +1.1% |   -0.296 |      -75.4 |    562 | row32/_637_/D
    2393* |      73 |     592 |      191 |      9 |   789 |    +1.1% |   -0.296 |      -75.3 |    562 | row32/_637_/D
    2397* |      74 |     592 |      191 |      9 |   789 |    +1.1% |   -0.296 |      -74.4 |    562 | row32/_637_/D
    2400* |      74 |     592 |      192 |      9 |   790 |    +1.1% |   -0.296 |      -74.4 |    562 | row32/_637_/D
    2410* |      74 |     599 |      195 |      9 |   790 |    +1.1% |   -0.296 |      -73.9 |    562 | row32/_637_/D
    2420* |      74 |     605 |      199 |     10 |   791 |    +1.2% |   -0.296 |      -73.8 |    562 | row32/_637_/D
    2422* |      74 |     601 |      199 |      9 |   791 |    +1.1% |   -0.296 |      -73.7 |    562 | row32/_637_/D
    2430* |      74 |     602 |      199 |      9 |   797 |    +1.1% |   -0.333 |      -73.9 |    562 | row1/_637_/D
    2437* |      74 |     602 |      199 |      9 |   791 |    +1.1% |   -0.296 |      -73.7 |    562 | row32/_637_/D
    2440* |      74 |     602 |      200 |      9 |   792 |    +1.1% |   -0.296 |      -73.7 |    562 | row32/_637_/D
    2450* |      74 |     606 |      202 |      9 |   796 |    +1.1% |   -0.296 |      -73.3 |    562 | row32/_637_/D
    2453* |      74 |     604 |      201 |      9 |   792 |    +1.1% |   -0.296 |      -73.2 |    562 | row32/_637_/D
    2460* |      74 |     606 |      201 |      9 |   796 |    +1.1% |   -0.296 |      -73.3 |    562 | row32/_637_/D
    2468* |      74 |     609 |      201 |      9 |   798 |    +1.1% |   -0.296 |      -73.2 |    562 | row32/_637_/D
    2470* |      74 |     609 |      201 |      9 |   799 |    +1.1% |   -0.296 |      -73.2 |    562 | row32/_637_/D
    2471* |      74 |     609 |      202 |      9 |   799 |    +1.1% |   -0.296 |      -73.2 |    562 | row32/_637_/D
    2473* |      74 |     609 |      202 |      9 |   799 |    +1.1% |   -0.296 |      -73.2 |    562 | row32/_637_/D
    2476* |      74 |     609 |      202 |      9 |   799 |    +1.1% |   -0.296 |      -73.2 |    562 | row32/_637_/D
    2479* |      74 |     610 |      202 |      9 |   799 |    +1.2% |   -0.296 |      -73.2 |    562 | row32/_637_/D
    2480* |      74 |     610 |      202 |      9 |   799 |    +1.2% |   -0.296 |      -73.2 |    562 | row32/_637_/D
    2484* |      74 |     611 |      202 |      9 |   799 |    +1.2% |   -0.296 |      -73.2 |    562 | row32/_637_/D
    2488* |      76 |     611 |      202 |      9 |   800 |    +1.2% |   -0.296 |      -72.9 |    562 | row32/_637_/D
    2489* |      76 |     611 |      202 |      9 |   800 |    +1.2% |   -0.296 |      -72.9 |    562 | row32/_637_/D
    2490* |      76 |     611 |      202 |      9 |   800 |    +1.2% |   -0.296 |      -72.9 |    562 | row32/_637_/D
    2500* |      76 |     614 |      206 |      9 |   805 |    +1.2% |   -0.296 |      -73.0 |    562 | row32/_637_/D
    2508* |      76 |     612 |      202 |      9 |   800 |    +1.2% |   -0.296 |      -72.9 |    562 | row32/_637_/D
    2510* |      76 |     613 |      202 |      9 |   800 |    +1.2% |   -0.296 |      -72.9 |    562 | row32/_637_/D
    2512* |      76 |     613 |      202 |      9 |   800 |    +1.2% |   -0.296 |      -72.9 |    562 | row32/_637_/D
    2520* |      76 |     614 |      202 |      9 |   806 |    +1.2% |   -0.296 |      -72.8 |    562 | row32/_637_/D
    2527* |      76 |     614 |      203 |      9 |   807 |    +1.2% |   -0.296 |      -72.8 |    562 | row32/_637_/D
    2530* |      76 |     614 |      204 |     10 |   807 |    +1.2% |   -0.296 |      -73.1 |    562 | row32/_637_/D
    2540* |      76 |     618 |      207 |     13 |   807 |    +1.2% |   -0.327 |      -82.0 |    562 | row46/_628_/D
    2543* |      76 |     615 |      206 |     10 |   807 |    +1.2% |   -0.296 |      -73.0 |    562 | row32/_637_/D
    2548* |      79 |     616 |      206 |     10 |   807 |    +1.2% |   -0.296 |      -72.8 |    562 | row32/_637_/D
    2550* |      79 |     617 |      206 |     10 |   807 |    +1.2% |   -0.296 |      -72.8 |    562 | row32/_637_/D
    2555* |      79 |     617 |      206 |     10 |   807 |    +1.2% |   -0.296 |      -72.8 |    562 | row32/_637_/D
    2560* |      80 |     619 |      206 |     10 |   808 |    +1.2% |   -0.296 |      -72.6 |    562 | row32/_637_/D
    2561* |      81 |     619 |      206 |     10 |   808 |    +1.2% |   -0.296 |      -72.6 |    562 | row32/_637_/D
    2570* |      81 |     622 |      207 |     12 |   810 |    +1.2% |   -0.327 |      -81.7 |    562 | row46/_628_/D
    2573* |      81 |     620 |      206 |     10 |   808 |    +1.2% |   -0.296 |      -72.6 |    562 | row32/_637_/D
    2580* |      81 |     624 |      206 |     11 |   809 |    +1.2% |   -0.296 |      -72.7 |    562 | row32/_637_/D
    2582* |      81 |     620 |      206 |     10 |   809 |    +1.2% |   -0.296 |      -72.6 |    562 | row32/_637_/D
    2590* |      82 |     622 |      208 |     10 |   811 |    +1.2% |   -0.296 |      -72.4 |    562 | row32/_637_/D
    2592* |      81 |     620 |      206 |     10 |   809 |    +1.2% |   -0.296 |      -72.6 |    562 | row32/_637_/D
    2600* |      81 |     622 |      206 |     10 |   814 |    +1.2% |   -0.296 |      -72.4 |    562 | row32/_637_/D
    2610* |      81 |     625 |      207 |     10 |   820 |    +1.2% |   -0.296 |      -72.4 |    562 | row32/_637_/D
    2619* |      81 |     623 |      207 |     10 |   817 |    +1.2% |   -0.296 |      -72.2 |    562 | row32/_637_/D
    2620* |      81 |     623 |      207 |     10 |   817 |    +1.2% |   -0.296 |      -72.2 |    562 | row32/_637_/D
    2622* |      81 |     624 |      207 |     10 |   818 |    +1.2% |   -0.296 |      -72.2 |    562 | row32/_637_/D
    2626* |      81 |     626 |      207 |     10 |   818 |    +1.2% |   -0.296 |      -72.2 |    562 | row32/_637_/D
    2630* |      81 |     629 |      207 |     10 |   818 |    +1.2% |   -0.296 |      -72.4 |    562 | row32/_637_/D
    2638* |      81 |     627 |      207 |     10 |   818 |    +1.2% |   -0.296 |      -72.2 |    562 | row32/_637_/D
    2640* |      81 |     627 |      207 |     10 |   819 |    +1.2% |   -0.296 |      -72.3 |    562 | row32/_637_/D
    2650* |      81 |     630 |      207 |     10 |   826 |    +1.2% |   -0.296 |      -72.1 |    562 | row32/_637_/D
    2651* |      81 |     630 |      207 |     10 |   827 |    +1.2% |   -0.296 |      -72.1 |    562 | row32/_637_/D
    2653* |      81 |     631 |      207 |     10 |   827 |    +1.2% |   -0.296 |      -72.2 |    562 | row32/_637_/D
    2656* |      81 |     631 |      207 |     10 |   827 |    +1.2% |   -0.296 |      -72.2 |    562 | row32/_637_/D
    2659* |      83 |     631 |      207 |     10 |   827 |    +1.2% |   -0.296 |      -71.9 |    562 | row32/_637_/D
    2660* |      83 |     631 |      207 |     10 |   827 |    +1.2% |   -0.296 |      -71.9 |    562 | row32/_637_/D
    2670* |      83 |     637 |      211 |     10 |   827 |    +1.2% |   -0.296 |      -71.6 |    562 | row32/_637_/D
    2680* |      84 |     643 |      212 |     11 |   828 |    +1.2% |   -0.296 |      -70.9 |    562 | row32/_637_/D
    2683* |      85 |     645 |      212 |     11 |   828 |    +1.2% |   -0.296 |      -70.8 |    562 | row32/_637_/D
    2690* |      85 |     649 |      212 |     11 |   830 |    +1.2% |   -0.296 |      -70.7 |    562 | row32/_637_/D
    2699* |      85 |     650 |      214 |     11 |   835 |    +1.2% |   -0.296 |      -70.6 |    562 | row32/_637_/D
    2700* |      85 |     650 |      214 |     11 |   835 |    +1.2% |   -0.296 |      -70.6 |    562 | row32/_637_/D
    2703* |      87 |     650 |      214 |     11 |   836 |    +1.2% |   -0.296 |      -70.4 |    562 | row32/_637_/D
    2710* |      87 |     654 |      215 |     12 |   836 |    +1.2% |   -0.316 |      -78.1 |    562 | row2/_630_/D
    2715* |      87 |     654 |      215 |     11 |   836 |    +1.2% |   -0.296 |      -70.3 |    562 | row32/_637_/D
    2717* |      87 |     654 |      215 |     11 |   837 |    +1.2% |   -0.296 |      -70.3 |    562 | row32/_637_/D
    2720* |      87 |     654 |      215 |     11 |   839 |    +1.2% |   -0.296 |      -70.4 |    562 | row32/_637_/D
    2721* |      87 |     654 |      215 |     11 |   837 |    +1.2% |   -0.296 |      -70.3 |    562 | row32/_637_/D
    2725* |      87 |     656 |      215 |     11 |   837 |    +1.2% |   -0.296 |      -70.3 |    562 | row32/_637_/D
    2730* |      87 |     657 |      217 |     12 |   837 |    +1.2% |   -0.319 |      -79.6 |    562 | row2/_630_/D
    2730* |      87 |     656 |      215 |     11 |   837 |    +1.2% |   -0.296 |      -70.3 |    562 | row32/_637_/D
    2733* |      87 |     657 |      215 |     11 |   838 |    +1.2% |   -0.296 |      -70.0 |    562 | row32/_637_/D
    2740* |      87 |     657 |      216 |     11 |   843 |    +1.2% |   -0.296 |      -70.0 |    562 | row32/_637_/D
    2746* |      87 |     659 |      216 |     11 |   844 |    +1.2% |   -0.296 |      -69.9 |    562 | row32/_637_/D
    2750* |      87 |     660 |      216 |     11 |   846 |    +1.2% |   -0.296 |      -70.0 |    562 | row32/_637_/D
    2760* |      87 |     667 |      216 |     13 |   847 |    +1.3% |   -0.316 |      -79.2 |    562 | row2/_630_/D
    2760* |      87 |     660 |      216 |     11 |   844 |    +1.2% |   -0.296 |      -69.9 |    562 | row32/_637_/D
    2765* |      87 |     660 |      217 |     11 |   844 |    +1.2% |   -0.296 |      -70.0 |    562 | row32/_637_/D
    2769* |      87 |     660 |      217 |     11 |   844 |    +1.2% |   -0.296 |      -70.0 |    562 | row32/_637_/D
    2770* |      87 |     660 |      217 |     11 |   844 |    +1.2% |   -0.296 |      -70.0 |    562 | row32/_637_/D
    2780* |      87 |     664 |      217 |     11 |   850 |    +1.2% |   -0.296 |      -69.8 |    562 | row32/_637_/D
    2790* |      87 |     667 |      218 |     11 |   856 |    +1.2% |   -0.296 |      -69.8 |    562 | row32/_637_/D
    2796* |      87 |     668 |      218 |     11 |   857 |    +1.2% |   -0.296 |      -69.7 |    562 | row32/_637_/D
    2800* |      87 |     671 |      218 |     11 |   857 |    +1.2% |   -0.296 |      -69.6 |    562 | row32/_637_/D
    2809* |      87 |     675 |      218 |     11 |   858 |    +1.3% |   -0.296 |      -69.5 |    562 | row32/_637_/D
    2810* |      87 |     675 |      218 |     11 |   858 |    +1.3% |   -0.296 |      -69.5 |    562 | row32/_637_/D
    2812* |      87 |     675 |      218 |     11 |   858 |    +1.3% |   -0.296 |      -69.5 |    562 | row32/_637_/D
    2816* |      87 |     676 |      218 |     11 |   858 |    +1.3% |   -0.296 |      -69.5 |    562 | row32/_637_/D
    2820* |      87 |     678 |      218 |     11 |   859 |    +1.3% |   -0.296 |      -69.5 |    562 | row32/_637_/D
    2820* |      87 |     678 |      218 |     11 |   859 |    +1.3% |   -0.296 |      -69.5 |    562 | row32/_637_/D
    2823* |      87 |     678 |      218 |     11 |   859 |    +1.3% |   -0.296 |      -69.5 |    562 | row32/_637_/D
    2830* |      87 |     679 |      221 |     12 |   860 |    +1.3% |   -0.319 |      -77.5 |    562 | row2/_630_/D
    2838* |      87 |     678 |      218 |     11 |   859 |    +1.3% |   -0.296 |      -69.5 |    562 | row32/_637_/D
    2840* |      87 |     678 |      218 |     11 |   860 |    +1.3% |   -0.296 |      -69.6 |    562 | row32/_637_/D
    2850* |      87 |     685 |      220 |     11 |   861 |    +1.3% |   -0.296 |      -68.9 |    562 | row32/_637_/D
    2860* |      87 |     688 |      225 |     12 |   864 |    +1.3% |   -0.296 |      -68.9 |    562 | row32/_637_/D
    2864* |      87 |     688 |      225 |     12 |   864 |    +1.3% |   -0.296 |      -68.9 |    562 | row32/_637_/D
    2865* |      87 |     688 |      225 |     12 |   864 |    +1.3% |   -0.296 |      -68.9 |    562 | row32/_637_/D
    2869* |      87 |     689 |      225 |     12 |   864 |    +1.3% |   -0.296 |      -68.9 |    562 | row32/_637_/D
    2870* |      87 |     689 |      225 |     12 |   864 |    +1.3% |   -0.296 |      -68.9 |    562 | row32/_637_/D
    2877* |      87 |     689 |      226 |     12 |   864 |    +1.3% |   -0.296 |      -68.8 |    562 | row32/_637_/D
    2880* |      87 |     690 |      226 |     12 |   865 |    +1.3% |   -0.296 |      -68.8 |    562 | row32/_637_/D
    2880* |      87 |     690 |      226 |     12 |   865 |    +1.3% |   -0.296 |      -68.8 |    562 | row32/_637_/D
    2882* |      87 |     691 |      226 |     12 |   865 |    +1.3% |   -0.296 |      -68.5 |    562 | row32/_637_/D
    2886* |      87 |     692 |      226 |     12 |   865 |    +1.3% |   -0.296 |      -68.5 |    562 | row32/_637_/D
    2889* |      87 |     692 |      226 |     12 |   865 |    +1.3% |   -0.296 |      -68.5 |    562 | row32/_637_/D
    2890* |      87 |     692 |      226 |     12 |   865 |    +1.3% |   -0.296 |      -68.5 |    562 | row32/_637_/D
    2893* |      87 |     694 |      226 |     12 |   865 |    +1.3% |   -0.296 |      -68.5 |    562 | row32/_637_/D
    2900* |      87 |     695 |      230 |     12 |   866 |    +1.3% |   -0.296 |      -68.2 |    562 | row32/_637_/D
    2908* |      87 |     696 |      230 |     12 |   868 |    +1.3% |   -0.296 |      -68.1 |    562 | row32/_637_/D
    2910* |      87 |     696 |      230 |     12 |   869 |    +1.3% |   -0.296 |      -68.2 |    562 | row32/_637_/D
    2918* |      88 |     698 |      233 |     12 |   870 |    +1.3% |   -0.296 |      -67.9 |    562 | row32/_637_/D
    2920* |      88 |     699 |      233 |     12 |   870 |    +1.3% |   -0.296 |      -67.9 |    562 | row32/_637_/D
    2921* |      88 |     698 |      233 |     12 |   870 |    +1.3% |   -0.296 |      -67.9 |    562 | row32/_637_/D
    2924* |      89 |     698 |      233 |     12 |   871 |    +1.3% |   -0.296 |      -67.8 |    562 | row32/_637_/D
    2930* |      92 |     698 |      234 |     12 |   872 |    +1.3% |   -0.296 |      -67.6 |    562 | row32/_637_/D
    2930* |      92 |     698 |      234 |     12 |   872 |    +1.3% |   -0.296 |      -67.6 |    562 | row32/_637_/D
    2939* |      92 |     702 |      236 |     12 |   872 |    +1.3% |   -0.296 |      -67.6 |    562 | row32/_637_/D
    2940* |      92 |     702 |      236 |     12 |   872 |    +1.3% |   -0.296 |      -67.6 |    562 | row32/_637_/D
    2943* |      92 |     702 |      237 |     12 |   872 |    +1.3% |   -0.296 |      -67.6 |    562 | row32/_637_/D
    2950* |      92 |     704 |      237 |     12 |   876 |    +1.3% |   -0.296 |      -67.6 |    562 | row32/_637_/D
    2957* |      92 |     707 |      238 |     12 |   877 |    +1.3% |   -0.296 |      -67.5 |    562 | row32/_637_/D
    2958* |      92 |     707 |      238 |     12 |   877 |    +1.3% |   -0.296 |      -67.5 |    562 | row32/_637_/D
    2960* |      92 |     707 |      238 |     12 |   878 |    +1.3% |   -0.296 |      -67.4 |    562 | row32/_637_/D
    2970* |      92 |     711 |      239 |     13 |   882 |    +1.3% |   -0.319 |      -76.6 |    562 | row2/_630_/D
    2976* |      92 |     707 |      238 |     12 |   878 |    +1.3% |   -0.296 |      -67.4 |    562 | row32/_637_/D
    2980* |      92 |     708 |      238 |     12 |   880 |    +1.3% |   -0.296 |      -67.4 |    562 | row32/_637_/D
    2982* |      92 |     708 |      238 |     12 |   878 |    +1.3% |   -0.296 |      -67.4 |    562 | row32/_637_/D
    2987* |      92 |     710 |      239 |     12 |   879 |    +1.3% |   -0.296 |      -67.4 |    562 | row32/_637_/D
    2990* |      92 |     710 |      240 |     12 |   880 |    +1.3% |   -0.296 |      -67.4 |    562 | row32/_637_/D
    2992* |      92 |     710 |      239 |     12 |   879 |    +1.3% |   -0.296 |      -67.4 |    562 | row32/_637_/D
    3000* |      92 |     710 |      240 |     12 |   885 |    +1.3% |   -0.296 |      -67.2 |    562 | row32/_637_/D
    3010* |      92 |     713 |      243 |     13 |   888 |    +1.4% |   -0.296 |      -67.2 |    562 | row32/_637_/D
    3010* |      92 |     712 |      242 |     12 |   887 |    +1.3% |   -0.296 |      -67.1 |    562 | row32/_637_/D
    3011* |      92 |     712 |      242 |     12 |   887 |    +1.3% |   -0.296 |      -67.1 |    562 | row32/_637_/D
    3020* |      92 |     718 |      244 |     12 |   887 |    +1.4% |   -0.296 |      -66.4 |    562 | row32/_637_/D
    3022* |      93 |     719 |      244 |     12 |   887 |    +1.4% |   -0.296 |      -65.4 |    562 | row32/_637_/D
    3025* |      93 |     719 |      244 |     12 |   887 |    +1.4% |   -0.296 |      -65.4 |    562 | row32/_637_/D
    3026* |      93 |     719 |      244 |     12 |   887 |    +1.4% |   -0.296 |      -65.4 |    562 | row32/_637_/D
    3030* |      93 |     719 |      245 |     12 |   889 |    +1.4% |   -0.296 |      -65.4 |    562 | row32/_637_/D
    3031* |      93 |     719 |      244 |     12 |   887 |    +1.4% |   -0.296 |      -65.4 |    562 | row32/_637_/D
    3040* |      93 |     723 |      244 |     12 |   891 |    +1.4% |   -0.296 |      -65.1 |    562 | row32/_637_/D
    3046* |      93 |     722 |      244 |     12 |   888 |    +1.4% |   -0.296 |      -64.8 |    562 | row32/_637_/D
    3050* |      93 |     722 |      245 |     13 |   889 |    +1.4% |   -0.296 |      -64.8 |    562 | row32/_637_/D
    3060* |      93 |     723 |      248 |     15 |   893 |    +1.4% |   -0.330 |      -73.6 |    562 | row2/_630_/D
    3069* |      93 |     722 |      247 |     13 |   890 |    +1.4% |   -0.296 |      -64.8 |    562 | row32/_637_/D
    3070* |      93 |     722 |      247 |     13 |   890 |    +1.4% |   -0.296 |      -64.8 |    562 | row32/_637_/D
    3080* |      93 |     725 |      247 |     13 |   897 |    +1.4% |   -0.296 |      -64.7 |    562 | row32/_637_/D
    3090* |      93 |     727 |      247 |     13 |   905 |    +1.4% |   -0.296 |      -64.7 |    562 | row32/_637_/D
    3095* |      93 |     728 |      247 |     13 |   905 |    +1.4% |   -0.296 |      -64.6 |    562 | row32/_637_/D
    3100* |      93 |     730 |      247 |     13 |   907 |    +1.4% |   -0.297 |      -64.6 |    562 | row2/_630_/D
    3103* |      93 |     728 |      247 |     13 |   905 |    +1.4% |   -0.296 |      -64.6 |    562 | row32/_637_/D
    3108* |      93 |     729 |      247 |     13 |   905 |    +1.4% |   -0.296 |      -64.6 |    562 | row32/_637_/D
    3110* |      93 |     729 |      248 |     13 |   905 |    +1.4% |   -0.296 |      -64.6 |    562 | row32/_637_/D
    3114* |      93 |     729 |      249 |     13 |   906 |    +1.4% |   -0.296 |      -64.6 |    562 | row32/_637_/D
    3120* |      93 |     732 |      250 |     13 |   907 |    +1.4% |   -0.296 |      -64.2 |    562 | row32/_637_/D
    3130* |      93 |     735 |      251 |     15 |   911 |    +1.4% |   -0.332 |      -72.7 |    562 | row2/_630_/D
    3140* |      93 |     737 |      256 |     15 |   915 |    +1.4% |   -0.460 |      -78.6 |    562 | row2/_630_/D
    3149* |      93 |     734 |      250 |     14 |   908 |    +1.4% |   -0.296 |      -64.1 |    562 | row32/_637_/D
    3150* |      93 |     734 |      250 |     14 |   908 |    +1.4% |   -0.296 |      -64.1 |    562 | row32/_637_/D
    3160* |      93 |     736 |      253 |     14 |   913 |    +1.4% |   -0.296 |      -63.7 |    562 | row32/_637_/D
    3166* |      93 |     736 |      252 |     14 |   912 |    +1.4% |   -0.296 |      -63.6 |    562 | row32/_637_/D
    3170* |      93 |     738 |      252 |     14 |   913 |    +1.4% |   -0.296 |      -63.6 |    562 | row32/_637_/D
    3170* |      93 |     737 |      252 |     14 |   912 |    +1.4% |   -0.296 |      -63.6 |    562 | row32/_637_/D
    3175* |      93 |     738 |      253 |     14 |   912 |    +1.4% |   -0.296 |      -63.6 |    562 | row32/_637_/D
    3180* |      93 |     740 |      257 |     14 |   912 |    +1.4% |   -0.296 |      -63.5 |    562 | row32/_637_/D
    3189* |      93 |     746 |      258 |     14 |   912 |    +1.4% |   -0.296 |      -63.4 |    562 | row32/_637_/D
    3190* |      93 |     746 |      258 |     14 |   912 |    +1.4% |   -0.296 |      -63.4 |    562 | row32/_637_/D
    3194* |      93 |     747 |      259 |     14 |   912 |    +1.4% |   -0.296 |      -63.4 |    562 | row32/_637_/D
    3200* |      93 |     752 |      259 |     14 |   912 |    +1.5% |   -0.296 |      -63.4 |    562 | row32/_637_/D
    3203* |      93 |     747 |      259 |     14 |   912 |    +1.4% |   -0.296 |      -63.4 |    562 | row32/_637_/D
    3210* |      93 |     748 |      262 |     14 |   915 |    +1.4% |   -0.296 |      -63.7 |    562 | row32/_637_/D
    3220* |      93 |     757 |      262 |     15 |   915 |    +1.5% |   -0.310 |      -72.9 |    562 | row0/_630_/D
    3227* |      93 |     755 |      262 |     14 |   915 |    +1.5% |   -0.296 |      -63.7 |    562 | row32/_637_/D
    3230* |      93 |     755 |      262 |     14 |   917 |    +1.5% |   -0.296 |      -63.7 |    562 | row32/_637_/D
    3240* |      93 |     758 |      262 |     14 |   924 |    +1.5% |   -0.296 |      -63.6 |    562 | row32/_637_/D
    3250* |      93 |     761 |      262 |     14 |   931 |    +1.5% |   -0.296 |      -63.7 |    562 | row32/_637_/D
    3250* |      93 |     761 |      262 |     14 |   927 |    +1.5% |   -0.296 |      -63.6 |    562 | row32/_637_/D
    3252* |      93 |     762 |      262 |     14 |   927 |    +1.5% |   -0.296 |      -63.6 |    562 | row32/_637_/D
    3258* |      95 |     763 |      263 |     14 |   928 |    +1.5% |   -0.296 |      -63.4 |    562 | row32/_637_/D
    3260* |      95 |     764 |      263 |     14 |   928 |    +1.5% |   -0.296 |      -63.3 |    562 | row32/_637_/D
    3269* |      95 |     765 |      263 |     14 |   928 |    +1.5% |   -0.296 |      -63.3 |    562 | row32/_637_/D
    3270* |      95 |     765 |      263 |     14 |   928 |    +1.5% |   -0.296 |      -63.3 |    562 | row32/_637_/D
    3277* |      95 |     768 |      265 |     14 |   928 |    +1.5% |   -0.296 |      -63.3 |    562 | row32/_637_/D
    3280* |      95 |     770 |      265 |     14 |   928 |    +1.5% |   -0.296 |      -63.3 |    562 | row32/_637_/D
    3281* |      95 |     770 |      265 |     14 |   928 |    +1.5% |   -0.296 |      -63.3 |    562 | row32/_637_/D
    3290* |      95 |     770 |      272 |     14 |   930 |    +1.5% |   -0.360 |      -63.6 |    562 | row17/_630_/D
    3300* |      95 |     776 |      274 |     14 |   932 |    +1.5% |   -0.318 |      -64.6 |    562 | row17/_630_/D
    3300* |      95 |     770 |      265 |     14 |   928 |    +1.5% |   -0.296 |      -63.3 |    562 | row32/_637_/D
    3304* |      95 |     771 |      265 |     14 |   928 |    +1.5% |   -0.296 |      -63.3 |    562 | row32/_637_/D
    3310* |      95 |     772 |      267 |     15 |   930 |    +1.5% |   -0.310 |      -72.0 |    562 | row0/_630_/D
    3313* |      95 |     771 |      265 |     14 |   928 |    +1.5% |   -0.296 |      -63.3 |    562 | row32/_637_/D
    3319* |      95 |     771 |      265 |     14 |   928 |    +1.5% |   -0.296 |      -63.3 |    562 | row32/_637_/D
    3320* |      95 |     771 |      265 |     14 |   928 |    +1.5% |   -0.296 |      -63.3 |    562 | row32/_637_/D
    3330* |      95 |     774 |      267 |     17 |   930 |    +1.5% |   -0.310 |      -71.3 |    562 | row0/_630_/D
    3333* |      95 |     771 |      265 |     14 |   928 |    +1.5% |   -0.296 |      -63.3 |    562 | row32/_637_/D
    3340* |      95 |     775 |      265 |     14 |   930 |    +1.5% |   -0.296 |      -63.4 |    562 | row32/_637_/D
    3344* |      95 |     772 |      265 |     14 |   928 |    +1.5% |   -0.296 |      -63.3 |    562 | row32/_637_/D
    3348* |      95 |     773 |      265 |     14 |   928 |    +1.5% |   -0.296 |      -63.3 |    562 | row32/_637_/D
    3350* |      95 |     774 |      265 |     14 |   928 |    +1.5% |   -0.296 |      -63.4 |    562 | row32/_637_/D
    3351* |      95 |     773 |      265 |     14 |   928 |    +1.5% |   -0.296 |      -63.3 |    562 | row32/_637_/D
    3356* |      95 |     774 |      265 |     14 |   928 |    +1.5% |   -0.296 |      -63.2 |    562 | row32/_637_/D
    3360* |      95 |     774 |      265 |     14 |   931 |    +1.5% |   -0.296 |      -63.1 |    562 | row32/_637_/D
    3370* |      95 |     774 |      270 |     14 |   936 |    +1.5% |   -0.296 |      -63.8 |    562 | row32/_637_/D
    3380* |      95 |     782 |      271 |     14 |   937 |    +1.5% |   -0.296 |      -63.8 |    562 | row32/_637_/D
    3385* |      95 |     774 |      267 |     14 |   932 |    +1.5% |   -0.296 |      -63.1 |    562 | row32/_637_/D
    3390* |      95 |     778 |      267 |     14 |   932 |    +1.5% |   -0.296 |      -63.0 |    562 | row32/_637_/D
    3399* |      96 |     780 |      270 |     14 |   935 |    +1.5% |   -0.296 |      -62.8 |    562 | row32/_637_/D
    3400* |      96 |     780 |      270 |     14 |   935 |    +1.5% |   -0.296 |      -62.8 |    562 | row32/_637_/D
    3410* |      96 |     782 |      272 |     14 |   941 |    +1.5% |   -0.296 |      -62.3 |    562 | row32/_637_/D
    3420* |      97 |     787 |      274 |     14 |   943 |    +1.5% |   -0.296 |      -62.3 |    562 | row32/_637_/D
    3421* |      97 |     784 |      272 |     14 |   942 |    +1.5% |   -0.296 |      -62.1 |    562 | row32/_637_/D
    3427* |      97 |     784 |      272 |     14 |   942 |    +1.5% |   -0.296 |      -62.1 |    562 | row32/_637_/D
    3430* |      97 |     784 |      272 |     14 |   944 |    +1.5% |   -0.296 |      -62.1 |    562 | row32/_637_/D
    3440* |      97 |     790 |      276 |     14 |   944 |    +1.5% |   -0.296 |      -63.1 |    562 | row32/_637_/D
    3440* |      97 |     784 |      272 |     14 |   942 |    +1.5% |   -0.296 |      -62.1 |    562 | row32/_637_/D
    3450* |      97 |     789 |      272 |     16 |   944 |    +1.5% |   -0.310 |      -71.3 |    562 | row0/_630_/D
    3450* |      97 |     785 |      272 |     14 |   942 |    +1.5% |   -0.296 |      -62.1 |    562 | row32/_637_/D
    3460* |      97 |     787 |      273 |     14 |   948 |    +1.5% |   -0.296 |      -61.7 |    562 | row32/_637_/D
    3470* |      97 |     795 |      274 |     14 |   949 |    +1.5% |   -0.296 |      -61.6 |    562 | row32/_637_/D
    3475* |      97 |     797 |      274 |     14 |   950 |    +1.5% |   -0.296 |      -61.6 |    562 | row32/_637_/D
    3480* |      97 |     798 |      275 |     14 |   952 |    +1.5% |   -0.296 |      -61.6 |    562 | row32/_637_/D
    3490* |      98 |     804 |      278 |     14 |   952 |    +1.6% |   -0.296 |      -60.7 |    562 | row32/_637_/D
    3495* |      98 |     809 |      278 |     14 |   952 |    +1.6% |   -0.296 |      -61.4 |    562 | row32/_637_/D
    3500* |      98 |     812 |      278 |     15 |   952 |    +1.6% |   -0.310 |      -69.4 |    562 | row0/_630_/D
    3500* |      98 |     812 |      278 |     14 |   952 |    +1.6% |   -0.296 |      -61.3 |    562 | row32/_637_/D
    3510* |      99 |     816 |      280 |     14 |   954 |    +1.6% |   -0.296 |      -61.7 |    562 | row32/_637_/D
    3512* |      98 |     812 |      278 |     14 |   952 |    +1.6% |   -0.296 |      -61.3 |    562 | row32/_637_/D
    3520* |      98 |     814 |      279 |     14 |   956 |    +1.6% |   -0.296 |      -61.2 |    562 | row32/_637_/D
    3524* |      98 |     815 |      279 |     14 |   957 |    +1.6% |   -0.296 |      -61.0 |    562 | row32/_637_/D
    3530* |      98 |     817 |      281 |     15 |   957 |    +1.6% |   -0.296 |      -61.3 |    562 | row32/_637_/D
    3534* |      98 |     816 |      280 |     14 |   957 |    +1.6% |   -0.296 |      -61.0 |    562 | row32/_637_/D
    3540* |      98 |     816 |      284 |     15 |   958 |    +1.6% |   -0.310 |      -69.1 |    562 | row0/_630_/D
    3550* |      98 |     823 |      286 |     15 |   959 |    +1.6% |   -0.310 |      -69.4 |    562 | row0/_630_/D
    3550* |      98 |     816 |      280 |     14 |   957 |    +1.6% |   -0.296 |      -61.0 |    562 | row32/_637_/D
    3554* |      98 |     816 |      280 |     14 |   957 |    +1.6% |   -0.296 |      -61.0 |    562 | row32/_637_/D
    3560* |      98 |     820 |      281 |     14 |   957 |    +1.6% |   -0.296 |      -61.4 |    562 | row32/_637_/D
    3566* |      98 |     820 |      280 |     14 |   957 |    +1.6% |   -0.296 |      -61.0 |    562 | row32/_637_/D
    3570* |      98 |     821 |      280 |     14 |   959 |    +1.6% |   -0.296 |      -60.8 |    562 | row32/_637_/D
    3573* |      98 |     821 |      280 |     14 |   962 |    +1.6% |   -0.296 |      -60.7 |    562 | row32/_637_/D
    3580* |      98 |     822 |      282 |     14 |   965 |    +1.6% |   -0.296 |      -60.4 |    562 | row32/_637_/D
    3590* |      98 |     826 |      284 |     14 |   969 |    +1.6% |   -0.296 |      -60.2 |    562 | row32/_637_/D
    3593* |      98 |     825 |      284 |     14 |   968 |    +1.6% |   -0.296 |      -60.2 |    562 | row32/_637_/D
    3596* |      98 |     825 |      284 |     14 |   968 |    +1.6% |   -0.296 |      -60.2 |    562 | row32/_637_/D
    3600* |      98 |     826 |      284 |     14 |   970 |    +1.6% |   -0.296 |      -60.3 |    562 | row32/_637_/D
    3601* |      98 |     826 |      284 |     14 |   968 |    +1.6% |   -0.296 |      -60.2 |    562 | row32/_637_/D
    3610* |      98 |     834 |      284 |     14 |   968 |    +1.6% |   -0.296 |      -59.5 |    562 | row32/_637_/D
    3613* |      98 |     836 |      285 |     14 |   968 |    +1.6% |   -0.296 |      -59.5 |    562 | row32/_637_/D
    3617* |      98 |     836 |      287 |     14 |   968 |    +1.6% |   -0.296 |      -59.4 |    562 | row32/_637_/D
    3620* |      98 |     836 |      287 |     14 |   970 |    +1.6% |   -0.296 |      -59.3 |    562 | row32/_637_/D
    3630* |      98 |     836 |      290 |     15 |   976 |    +1.6% |   -0.310 |      -68.2 |    562 | row0/_630_/D
    3636* |      98 |     836 |      287 |     14 |   969 |    +1.6% |   -0.296 |      -59.3 |    562 | row32/_637_/D
    3640* |      98 |     836 |      289 |     14 |   970 |    +1.6% |   -0.296 |      -59.2 |    562 | row32/_637_/D
    3644* |      98 |     838 |      289 |     14 |   970 |    +1.6% |   -0.296 |      -59.2 |    562 | row32/_637_/D
    3650* |      98 |     840 |      290 |     15 |   971 |    +1.6% |   -0.296 |      -59.2 |    562 | row32/_637_/D
    3660* |      99 |     842 |      293 |     15 |   975 |    +1.7% |   -0.296 |      -59.4 |    562 | row32/_637_/D
    3661* |      99 |     841 |      291 |     15 |   975 |    +1.6% |   -0.296 |      -59.2 |    562 | row32/_637_/D
    3665* |      99 |     842 |      291 |     15 |   975 |    +1.6% |   -0.296 |      -59.2 |    562 | row32/_637_/D
    3670* |      99 |     842 |      292 |     15 |   978 |    +1.6% |   -0.296 |      -58.9 |    562 | row32/_637_/D
    3680* |     100 |     846 |      294 |     15 |   981 |    +1.7% |   -0.296 |      -58.7 |    562 | row32/_637_/D
    3682* |     100 |     846 |      294 |     15 |   981 |    +1.7% |   -0.296 |      -58.7 |    562 | row32/_637_/D
    3685* |     100 |     846 |      294 |     15 |   981 |    +1.7% |   -0.296 |      -58.7 |    562 | row32/_637_/D
    3690* |     100 |     847 |      295 |     15 |   983 |    +1.7% |   -0.296 |      -58.7 |    562 | row32/_637_/D
    3694* |     100 |     847 |      295 |     15 |   981 |    +1.7% |   -0.296 |      -58.6 |    562 | row32/_637_/D
    3700* |     100 |     850 |      296 |     15 |   982 |    +1.7% |   -0.296 |      -58.4 |    562 | row32/_637_/D
    3710* |     100 |     852 |      297 |     15 |   989 |    +1.7% |   -0.296 |      -58.3 |    562 | row32/_637_/D
    3711* |     100 |     851 |      296 |     15 |   983 |    +1.7% |   -0.296 |      -58.3 |    562 | row32/_637_/D
    3720* |     100 |     852 |      302 |     16 |   984 |    +1.7% |   -0.296 |      -57.9 |    562 | row32/_637_/D
    3726* |     100 |     854 |      302 |     16 |   984 |    +1.7% |   -0.296 |      -57.8 |    562 | row32/_637_/D
    3730* |     100 |     855 |      302 |     17 |   985 |    +1.7% |   -0.310 |      -66.8 |    562 | row0/_630_/D
    3739* |     100 |     855 |      302 |     16 |   984 |    +1.7% |   -0.296 |      -57.8 |    562 | row32/_637_/D
    3740* |     100 |     855 |      302 |     16 |   984 |    +1.7% |   -0.296 |      -57.8 |    562 | row32/_637_/D
    3744* |     100 |     856 |      303 |     16 |   984 |    +1.7% |   -0.296 |      -57.8 |    562 | row32/_637_/D
    3746* |     100 |     856 |      303 |     16 |   984 |    +1.7% |   -0.296 |      -57.8 |    562 | row32/_637_/D
    3750* |     100 |     856 |      303 |     17 |   986 |    +1.7% |   -0.310 |      -65.9 |    562 | row0/_630_/D
    3754* |     100 |     856 |      303 |     16 |   984 |    +1.7% |   -0.296 |      -57.8 |    562 | row32/_637_/D
    3760* |     100 |     857 |      305 |     16 |   986 |    +1.7% |   -0.296 |      -58.1 |    562 | row32/_637_/D
    3770* |     100 |     858 |      309 |     17 |   991 |    +1.7% |   -0.296 |      -59.9 |    562 | row32/_637_/D
    3773* |     100 |     857 |      305 |     16 |   986 |    +1.7% |   -0.296 |      -58.1 |    562 | row32/_637_/D
    3777* |     100 |     858 |      305 |     16 |   986 |    +1.7% |   -0.296 |      -58.1 |    562 | row32/_637_/D
    3780* |     100 |     859 |      305 |     16 |   987 |    +1.7% |   -0.296 |      -58.1 |    562 | row32/_637_/D
    3787* |     100 |     858 |      305 |     16 |   986 |    +1.7% |   -0.296 |      -58.1 |    562 | row32/_637_/D
    3790* |     100 |     859 |      305 |     16 |   987 |    +1.7% |   -0.296 |      -58.2 |    562 | row32/_637_/D
    3800* |     100 |     861 |      308 |     16 |   992 |    +1.7% |   -0.296 |      -58.1 |    562 | row32/_637_/D
    3810* |     100 |     865 |      313 |     16 |   994 |    +1.7% |   -0.296 |      -64.7 |    562 | row32/_637_/D
    3816* |     100 |     861 |      305 |     16 |   987 |    +1.7% |   -0.296 |      -58.0 |    562 | row32/_637_/D
    3820* |     100 |     861 |      305 |     18 |   988 |    +1.7% |   -0.310 |      -65.9 |    562 | row0/_630_/D
    3830* |     100 |     866 |      308 |     20 |   988 |    +1.8% |   -0.310 |      -65.5 |    562 | row0/_630_/D
    3839* |     100 |     861 |      305 |     16 |   987 |    +1.7% |   -0.296 |      -58.0 |    562 | row32/_637_/D
    3840* |     100 |     861 |      305 |     16 |   987 |    +1.7% |   -0.296 |      -58.0 |    562 | row32/_637_/D
    3849* |     100 |     862 |      305 |     16 |   987 |    +1.7% |   -0.296 |      -58.0 |    562 | row32/_637_/D
    3850* |     100 |     862 |      305 |     16 |   987 |    +1.7% |   -0.296 |      -58.0 |    562 | row32/_637_/D
    3853* |     100 |     862 |      305 |     16 |   987 |    +1.7% |   -0.296 |      -58.0 |    562 | row32/_637_/D
    3860* |     100 |     867 |      305 |     17 |   987 |    +1.7% |   -0.310 |      -66.8 |    562 | row0/_630_/D
    3863* |     100 |     862 |      305 |     16 |   987 |    +1.7% |   -0.296 |      -58.0 |    562 | row32/_637_/D
    3866* |     100 |     862 |      305 |     16 |   988 |    +1.7% |   -0.296 |      -57.9 |    562 | row32/_637_/D
    3870* |     100 |     863 |      305 |     16 |   990 |    +1.7% |   -0.296 |      -58.0 |    562 | row32/_637_/D
    3870* |     100 |     863 |      305 |     16 |   988 |    +1.7% |   -0.296 |      -57.9 |    562 | row32/_637_/D
    3874* |     100 |     863 |      305 |     16 |   988 |    +1.7% |   -0.296 |      -57.9 |    562 | row32/_637_/D
    3880* |     100 |     865 |      306 |     16 |   990 |    +1.7% |   -0.296 |      -57.7 |    562 | row32/_637_/D
    3882* |     100 |     865 |      305 |     16 |   988 |    +1.7% |   -0.296 |      -57.6 |    562 | row32/_637_/D
    3890* |     100 |     868 |      307 |     17 |   989 |    +1.7% |   -0.310 |      -65.6 |    562 | row0/_630_/D
    3890* |     100 |     865 |      305 |     16 |   988 |    +1.7% |   -0.296 |      -57.6 |    562 | row32/_637_/D
    3898* |     100 |     866 |      305 |     16 |   988 |    +1.7% |   -0.296 |      -57.6 |    562 | row32/_637_/D
    3900* |     100 |     866 |      305 |     16 |   989 |    +1.7% |   -0.296 |      -57.6 |    562 | row32/_637_/D
    3908* |     100 |     866 |      305 |     16 |   988 |    +1.7% |   -0.296 |      -57.6 |    562 | row32/_637_/D
    3910* |     100 |     866 |      305 |     16 |   989 |    +1.7% |   -0.296 |      -57.7 |    562 | row32/_637_/D
    3920* |     100 |     869 |      310 |     16 |   993 |    +1.7% |   -0.296 |      -59.4 |    562 | row32/_637_/D
    3930* |     100 |     874 |      315 |     16 |   994 |    +1.8% |   -0.296 |      -70.5 |    562 | row32/_637_/D
    3932* |     100 |     867 |      306 |     16 |   989 |    +1.7% |   -0.296 |      -57.5 |    562 | row32/_637_/D
    3933* |     100 |     867 |      306 |     16 |   989 |    +1.7% |   -0.296 |      -57.5 |    562 | row32/_637_/D
    3940* |     100 |     870 |      309 |     16 |   989 |    +1.7% |   -0.296 |      -57.4 |    562 | row32/_637_/D
    3950* |     100 |     877 |      311 |     17 |   989 |    +1.8% |   -0.296 |      -57.4 |    562 | row32/_637_/D
    3951* |     100 |     877 |      311 |     17 |   989 |    +1.8% |   -0.296 |      -57.4 |    562 | row32/_637_/D
    3954* |     100 |     877 |      311 |     17 |   989 |    +1.8% |   -0.296 |      -57.4 |    562 | row32/_637_/D
    3956* |     100 |     878 |      311 |     17 |   989 |    +1.8% |   -0.296 |      -57.4 |    562 | row32/_637_/D
    3958* |     100 |     878 |      311 |     17 |   990 |    +1.8% |   -0.296 |      -57.3 |    562 | row32/_637_/D
    3960* |     100 |     878 |      311 |     18 |   990 |    +1.8% |   -0.310 |      -65.4 |    562 | row0/_630_/D
    3970* |     100 |     883 |      316 |     18 |   991 |    +1.8% |   -0.310 |      -65.7 |    562 | row0/_630_/D
    3973* |     100 |     878 |      311 |     17 |   990 |    +1.8% |   -0.296 |      -57.3 |    562 | row32/_637_/D
    3980* |     100 |     882 |      311 |     17 |   992 |    +1.8% |   -0.296 |      -57.1 |    562 | row32/_637_/D
    3990* |     100 |     883 |      315 |     17 |   997 |    +1.8% |   -0.296 |      -57.5 |    562 | row32/_637_/D
    3991* |     100 |     883 |      315 |     17 |   996 |    +1.8% |   -0.296 |      -57.4 |    562 | row32/_637_/D
    4000* |     100 |     885 |      317 |     17 |  1000 |    +1.8% |   -0.296 |      -57.6 |    562 | row32/_637_/D
    4000* |     100 |     884 |      316 |     17 |   997 |    +1.8% |   -0.296 |      -57.4 |    562 | row32/_637_/D
    4010* |     100 |     889 |      317 |     17 |  1000 |    +1.8% |   -0.296 |      -57.6 |    562 | row32/_637_/D
    4020* |     100 |     891 |      319 |     18 |  1006 |    +1.8% |   -0.296 |      -57.5 |    562 | row32/_637_/D
    4027* |     100 |     894 |      320 |     18 |  1006 |    +1.8% |   -0.296 |      -57.4 |    562 | row32/_637_/D
    4030* |     100 |     895 |      320 |     18 |  1007 |    +1.8% |   -0.296 |      -57.7 |    562 | row32/_637_/D
    4033* |     100 |     894 |      320 |     18 |  1006 |    +1.8% |   -0.296 |      -57.4 |    562 | row32/_637_/D
    4040* |     100 |     895 |      322 |     19 |  1008 |    +1.8% |   -0.296 |      -57.4 |    562 | row32/_637_/D
    4050* |     100 |     901 |      323 |     20 |  1010 |    +1.8% |   -0.296 |      -58.6 |    562 | row32/_637_/D
    4053* |     100 |     898 |      323 |     20 |  1008 |    +1.8% |   -0.296 |      -58.3 |    562 | row32/_637_/D
    4058* |     100 |     898 |      324 |     20 |  1009 |    +1.8% |   -0.296 |      -58.2 |    562 | row32/_637_/D
    4060* |     100 |     899 |      324 |     20 |  1009 |    +1.8% |   -0.296 |      -58.2 |    562 | row32/_637_/D
    4070* |     101 |     905 |      326 |     20 |  1010 |    +1.8% |   -0.296 |      -57.9 |    562 | row32/_637_/D
    4071* |     101 |     905 |      326 |     20 |  1011 |    +1.8% |   -0.296 |      -57.9 |    562 | row32/_637_/D
    4074* |     101 |     905 |      326 |     20 |  1011 |    +1.8% |   -0.296 |      -57.9 |    562 | row32/_637_/D
    4080* |     101 |     907 |      327 |     20 |  1013 |    +1.9% |   -0.296 |      -57.9 |    562 | row32/_637_/D
    4081* |     101 |     906 |      326 |     20 |  1011 |    +1.9% |   -0.296 |      -57.9 |    562 | row32/_637_/D
    4090* |     102 |     911 |      327 |     20 |  1012 |    +1.9% |   -0.296 |      -58.0 |    562 | row32/_637_/D
    4094* |     102 |     914 |      328 |     20 |  1012 |    +1.9% |   -0.296 |      -58.8 |    562 | row32/_637_/D
    4099* |     102 |     915 |      328 |     20 |  1013 |    +1.9% |   -0.296 |      -58.8 |    562 | row32/_637_/D
    4100* |     102 |     915 |      328 |     20 |  1013 |    +1.9% |   -0.296 |      -58.8 |    562 | row32/_637_/D
    4100* |     102 |     915 |      328 |     20 |  1013 |    +1.9% |   -0.296 |      -58.8 |    562 | row32/_637_/D
    4100* |     102 |     915 |      328 |     20 |  1013 |    +1.9% |   -0.296 |      -58.8 |    562 | row32/_637_/D
    4100+ |     102 |     915 |      328 |     20 |  1013 |    +1.9% |   -0.296 |      -58.8 |    466 | row32/_637_/D
    4101+ |     102 |     915 |      328 |     20 |  1013 |    +1.9% |   -0.296 |      -58.8 |    466 | row32/_637_/D
    4102+ |     102 |     915 |      328 |     20 |  1013 |    +1.9% |   -0.296 |      -58.8 |    466 | row32/_637_/D
    4103+ |     102 |     915 |      328 |     20 |  1013 |    +1.9% |   -0.296 |      -58.8 |    466 | row32/_637_/D
    4106+ |     102 |     917 |      328 |     20 |  1013 |    +1.9% |   -0.296 |      -58.7 |    466 | row32/_637_/D
    4107+ |     102 |     917 |      328 |     20 |  1013 |    +1.9% |   -0.296 |      -58.7 |    466 | row32/_637_/D
    4108+ |     102 |     917 |      328 |     20 |  1013 |    +1.9% |   -0.296 |      -58.7 |    466 | row32/_637_/D
    4110+ |     102 |     917 |      328 |     20 |  1014 |    +1.9% |   -0.296 |      -58.6 |    466 | row32/_637_/D
    4110+ |     102 |     917 |      328 |     20 |  1014 |    +1.9% |   -0.296 |      -58.6 |    466 | row32/_637_/D
    4114+ |     102 |     920 |      328 |     20 |  1014 |    +1.9% |   -0.296 |      -58.2 |    466 | row32/_637_/D
    4115+ |     102 |     920 |      328 |     20 |  1014 |    +1.9% |   -0.296 |      -58.2 |    466 | row32/_637_/D
    4116+ |     102 |     920 |      328 |     20 |  1014 |    +1.9% |   -0.296 |      -58.2 |    466 | row32/_637_/D
    4117+ |     102 |     920 |      328 |     20 |  1014 |    +1.9% |   -0.296 |      -58.2 |    466 | row32/_637_/D
    4118+ |     102 |     920 |      328 |     20 |  1014 |    +1.9% |   -0.296 |      -58.2 |    466 | row32/_637_/D
    4119+ |     102 |     920 |      328 |     20 |  1014 |    +1.9% |   -0.296 |      -58.2 |    466 | row32/_637_/D
    4120+ |     102 |     920 |      328 |     20 |  1014 |    +1.9% |   -0.296 |      -58.2 |    466 | row32/_637_/D
    4120+ |     102 |     920 |      328 |     20 |  1014 |    +1.9% |   -0.296 |      -58.2 |    466 | row32/_637_/D
    4121+ |     102 |     920 |      328 |     20 |  1014 |    +1.9% |   -0.296 |      -58.2 |    466 | row32/_637_/D
    4122+ |     102 |     920 |      328 |     20 |  1014 |    +1.9% |   -0.296 |      -58.2 |    466 | row32/_637_/D
    4124+ |     102 |     921 |      328 |     20 |  1014 |    +1.9% |   -0.296 |      -58.2 |    466 | row32/_637_/D
    4125+ |     102 |     921 |      328 |     20 |  1014 |    +1.9% |   -0.296 |      -58.2 |    466 | row32/_637_/D
    4126+ |     102 |     921 |      328 |     20 |  1014 |    +1.9% |   -0.296 |      -58.2 |    466 | row32/_637_/D
    4127+ |     102 |     921 |      328 |     20 |  1014 |    +1.9% |   -0.296 |      -58.2 |    466 | row32/_637_/D
    4128+ |     102 |     921 |      328 |     20 |  1014 |    +1.9% |   -0.296 |      -58.2 |    466 | row32/_637_/D
    4129+ |     102 |     921 |      328 |     20 |  1014 |    +1.9% |   -0.296 |      -58.2 |    466 | row32/_637_/D
    4130+ |     102 |     921 |      328 |     20 |  1014 |    +1.9% |   -0.296 |      -58.2 |    466 | row32/_637_/D
    4130+ |     102 |     921 |      328 |     20 |  1014 |    +1.9% |   -0.296 |      -58.2 |    466 | row32/_637_/D
    4131+ |     102 |     921 |      328 |     20 |  1014 |    +1.9% |   -0.296 |      -58.2 |    466 | row32/_637_/D
    4132+ |     102 |     921 |      328 |     20 |  1014 |    +1.9% |   -0.296 |      -58.2 |    466 | row32/_637_/D
    4133+ |     102 |     921 |      328 |     20 |  1014 |    +1.9% |   -0.296 |      -58.2 |    466 | row32/_637_/D
    4134+ |     102 |     921 |      328 |     20 |  1014 |    +1.9% |   -0.296 |      -58.2 |    466 | row32/_637_/D
    4136+ |     102 |     922 |      328 |     20 |  1014 |    +1.9% |   -0.296 |      -58.1 |    466 | row32/_637_/D
    4137+ |     102 |     922 |      328 |     20 |  1014 |    +1.9% |   -0.296 |      -58.1 |    466 | row32/_637_/D
    4138+ |     102 |     922 |      328 |     20 |  1014 |    +1.9% |   -0.296 |      -58.1 |    466 | row32/_637_/D
    4139+ |     102 |     922 |      328 |     20 |  1014 |    +1.9% |   -0.296 |      -58.1 |    466 | row32/_637_/D
    4140+ |     102 |     922 |      328 |     20 |  1014 |    +1.9% |   -0.296 |      -58.1 |    466 | row32/_637_/D
    4140+ |     102 |     922 |      328 |     20 |  1014 |    +1.9% |   -0.296 |      -58.1 |    466 | row32/_637_/D
    4141+ |     102 |     922 |      328 |     20 |  1014 |    +1.9% |   -0.296 |      -58.1 |    466 | row32/_637_/D
    4142+ |     102 |     922 |      328 |     20 |  1014 |    +1.9% |   -0.296 |      -58.1 |    466 | row32/_637_/D
    4143+ |     102 |     922 |      328 |     20 |  1014 |    +1.9% |   -0.296 |      -58.1 |    466 | row32/_637_/D
    4144+ |     102 |     922 |      328 |     20 |  1014 |    +1.9% |   -0.296 |      -58.1 |    466 | row32/_637_/D
    4145+ |     102 |     922 |      328 |     20 |  1014 |    +1.9% |   -0.296 |      -58.1 |    466 | row32/_637_/D
    4146+ |     102 |     922 |      328 |     20 |  1014 |    +1.9% |   -0.296 |      -58.1 |    466 | row32/_637_/D
    4150+ |     102 |     924 |      328 |     20 |  1015 |    +1.9% |   -0.296 |      -57.8 |    466 | row32/_637_/D
    4150+ |     102 |     924 |      328 |     20 |  1015 |    +1.9% |   -0.296 |      -57.8 |    466 | row32/_637_/D
    4151+ |     102 |     924 |      328 |     20 |  1015 |    +1.9% |   -0.296 |      -57.8 |    466 | row32/_637_/D
    4152+ |     102 |     924 |      328 |     20 |  1015 |    +1.9% |   -0.296 |      -57.8 |    466 | row32/_637_/D
    4153+ |     102 |     924 |      328 |     20 |  1015 |    +1.9% |   -0.296 |      -57.8 |    466 | row32/_637_/D
    4157+ |     102 |     926 |      328 |     20 |  1016 |    +1.9% |   -0.296 |      -57.7 |    466 | row32/_637_/D
    4158+ |     102 |     926 |      328 |     20 |  1016 |    +1.9% |   -0.296 |      -57.7 |    466 | row32/_637_/D
    4159+ |     102 |     926 |      328 |     20 |  1016 |    +1.9% |   -0.296 |      -57.7 |    466 | row32/_637_/D
    4160+ |     102 |     926 |      328 |     20 |  1016 |    +1.9% |   -0.296 |      -57.7 |    466 | row32/_637_/D
    4160+ |     102 |     926 |      328 |     20 |  1016 |    +1.9% |   -0.296 |      -57.7 |    466 | row32/_637_/D
    4161+ |     102 |     926 |      328 |     20 |  1016 |    +1.9% |   -0.296 |      -57.7 |    466 | row32/_637_/D
    4162+ |     102 |     926 |      328 |     20 |  1016 |    +1.9% |   -0.296 |      -57.7 |    466 | row32/_637_/D
    4163+ |     102 |     926 |      328 |     20 |  1016 |    +1.9% |   -0.296 |      -57.7 |    466 | row32/_637_/D
    4164+ |     102 |     926 |      328 |     20 |  1016 |    +1.9% |   -0.296 |      -57.7 |    466 | row32/_637_/D
    4165+ |     102 |     926 |      328 |     20 |  1016 |    +1.9% |   -0.296 |      -57.7 |    466 | row32/_637_/D
    4166+ |     102 |     926 |      328 |     20 |  1016 |    +1.9% |   -0.296 |      -57.7 |    466 | row32/_637_/D
    4167+ |     102 |     926 |      328 |     20 |  1016 |    +1.9% |   -0.296 |      -57.7 |    466 | row32/_637_/D
    4168+ |     102 |     926 |      328 |     20 |  1016 |    +1.9% |   -0.296 |      -57.7 |    466 | row32/_637_/D
    4169+ |     102 |     926 |      328 |     20 |  1016 |    +1.9% |   -0.296 |      -57.7 |    466 | row32/_637_/D
    4170+ |     102 |     926 |      328 |     20 |  1016 |    +1.9% |   -0.296 |      -57.7 |    466 | row32/_637_/D
    4170+ |     102 |     926 |      328 |     20 |  1016 |    +1.9% |   -0.296 |      -57.7 |    466 | row32/_637_/D
    4171+ |     102 |     926 |      328 |     20 |  1016 |    +1.9% |   -0.296 |      -57.7 |    466 | row32/_637_/D
    4175+ |     102 |     929 |      328 |     20 |  1016 |    +1.9% |   -0.296 |      -57.6 |    466 | row32/_637_/D
    4176+ |     102 |     929 |      328 |     20 |  1016 |    +1.9% |   -0.296 |      -57.6 |    466 | row32/_637_/D
    4177+ |     102 |     929 |      328 |     20 |  1016 |    +1.9% |   -0.296 |      -57.6 |    466 | row32/_637_/D
    4178+ |     102 |     929 |      328 |     20 |  1016 |    +1.9% |   -0.296 |      -57.6 |    466 | row32/_637_/D
    4179+ |     102 |     929 |      328 |     20 |  1016 |    +1.9% |   -0.296 |      -57.6 |    466 | row32/_637_/D
    4180+ |     102 |     929 |      328 |     20 |  1016 |    +1.9% |   -0.296 |      -57.6 |    466 | row32/_637_/D
    4180+ |     102 |     929 |      328 |     20 |  1016 |    +1.9% |   -0.296 |      -57.6 |    466 | row32/_637_/D
    4181+ |     102 |     929 |      328 |     20 |  1016 |    +1.9% |   -0.296 |      -57.6 |    466 | row32/_637_/D
    4182+ |     102 |     929 |      328 |     20 |  1016 |    +1.9% |   -0.296 |      -57.6 |    466 | row32/_637_/D
    4183+ |     102 |     929 |      328 |     20 |  1016 |    +1.9% |   -0.296 |      -57.6 |    466 | row32/_637_/D
    4184+ |     102 |     929 |      328 |     20 |  1016 |    +1.9% |   -0.296 |      -57.6 |    466 | row32/_637_/D
    4185+ |     102 |     929 |      328 |     20 |  1016 |    +1.9% |   -0.296 |      -57.6 |    466 | row32/_637_/D
    4186+ |     102 |     929 |      328 |     20 |  1016 |    +1.9% |   -0.296 |      -57.6 |    466 | row32/_637_/D
    4188+ |     102 |     930 |      328 |     20 |  1016 |    +1.9% |   -0.296 |      -57.5 |    466 | row32/_637_/D
    4189+ |     102 |     930 |      328 |     20 |  1016 |    +1.9% |   -0.296 |      -57.5 |    466 | row32/_637_/D
    4190+ |     102 |     930 |      328 |     20 |  1016 |    +1.9% |   -0.296 |      -57.5 |    466 | row32/_637_/D
    4190+ |     102 |     930 |      328 |     20 |  1016 |    +1.9% |   -0.296 |      -57.5 |    466 | row32/_637_/D
    4191+ |     102 |     930 |      328 |     20 |  1016 |    +1.9% |   -0.296 |      -57.5 |    466 | row32/_637_/D
    4192+ |     102 |     930 |      328 |     20 |  1016 |    +1.9% |   -0.296 |      -57.5 |    466 | row32/_637_/D
    4194+ |     102 |     931 |      328 |     20 |  1016 |    +1.9% |   -0.296 |      -57.5 |    466 | row32/_637_/D
    4195+ |     102 |     931 |      328 |     20 |  1016 |    +1.9% |   -0.296 |      -57.5 |    466 | row32/_637_/D
    4196+ |     102 |     931 |      328 |     20 |  1016 |    +1.9% |   -0.296 |      -57.5 |    466 | row32/_637_/D
    4197+ |     102 |     931 |      328 |     20 |  1016 |    +1.9% |   -0.296 |      -57.5 |    466 | row32/_637_/D
    4200+ |     102 |     933 |      328 |     20 |  1016 |    +1.9% |   -0.296 |      -57.2 |    466 | row32/_637_/D
    4201+ |     102 |     933 |      328 |     20 |  1016 |    +1.9% |   -0.296 |      -57.2 |    466 | row32/_637_/D
    4202+ |     102 |     933 |      328 |     20 |  1016 |    +1.9% |   -0.296 |      -57.2 |    466 | row32/_637_/D
    4203+ |     102 |     933 |      328 |     20 |  1016 |    +1.9% |   -0.296 |      -57.2 |    466 | row32/_637_/D
    4206+ |     102 |     935 |      328 |     20 |  1016 |    +1.9% |   -0.296 |      -56.9 |    466 | row32/_637_/D
    4207+ |     102 |     935 |      328 |     20 |  1016 |    +1.9% |   -0.296 |      -56.9 |    466 | row32/_637_/D
    4208+ |     102 |     935 |      328 |     20 |  1016 |    +1.9% |   -0.296 |      -56.9 |    466 | row32/_637_/D
    4210+ |     102 |     936 |      328 |     20 |  1016 |    +1.9% |   -0.296 |      -56.9 |    466 | row32/_637_/D
    4212+ |     102 |     938 |      328 |     20 |  1016 |    +1.9% |   -0.296 |      -56.8 |    466 | row32/_637_/D
    4214+ |     102 |     939 |      328 |     20 |  1016 |    +1.9% |   -0.296 |      -56.8 |    466 | row32/_637_/D
    4215+ |     102 |     939 |      328 |     20 |  1016 |    +1.9% |   -0.296 |      -56.8 |    466 | row32/_637_/D
    4216+ |     102 |     939 |      328 |     20 |  1016 |    +1.9% |   -0.296 |      -56.8 |    466 | row32/_637_/D
    4217+ |     102 |     939 |      328 |     20 |  1016 |    +1.9% |   -0.296 |      -56.8 |    466 | row32/_637_/D
    4218+ |     102 |     939 |      328 |     20 |  1016 |    +1.9% |   -0.296 |      -56.8 |    466 | row32/_637_/D
    4219+ |     102 |     939 |      328 |     20 |  1016 |    +1.9% |   -0.296 |      -56.8 |    466 | row32/_637_/D
    4220+ |     102 |     939 |      328 |     20 |  1016 |    +1.9% |   -0.296 |      -56.8 |    466 | row32/_637_/D
    4220+ |     102 |     939 |      328 |     20 |  1016 |    +1.9% |   -0.296 |      -56.8 |    466 | row32/_637_/D
    4221+ |     102 |     939 |      328 |     20 |  1016 |    +1.9% |   -0.296 |      -56.8 |    466 | row32/_637_/D
    4222+ |     102 |     939 |      328 |     20 |  1016 |    +1.9% |   -0.296 |      -56.8 |    466 | row32/_637_/D
    4227+ |     102 |     943 |      328 |     20 |  1016 |    +1.9% |   -0.296 |      -56.6 |    466 | row32/_637_/D
    4228+ |     102 |     943 |      328 |     20 |  1016 |    +1.9% |   -0.296 |      -56.6 |    466 | row32/_637_/D
    4229+ |     102 |     943 |      328 |     20 |  1016 |    +1.9% |   -0.296 |      -56.6 |    466 | row32/_637_/D
    4230+ |     102 |     943 |      328 |     20 |  1016 |    +1.9% |   -0.296 |      -56.6 |    466 | row32/_637_/D
    4230+ |     102 |     943 |      328 |     20 |  1016 |    +1.9% |   -0.296 |      -56.6 |    466 | row32/_637_/D
    4231+ |     102 |     943 |      328 |     20 |  1016 |    +1.9% |   -0.296 |      -56.6 |    466 | row32/_637_/D
    4240+ |     102 |     945 |      328 |     20 |  1022 |    +1.9% |   -0.296 |      -56.2 |    466 | row32/_637_/D
    4240+ |     102 |     945 |      328 |     20 |  1022 |    +1.9% |   -0.296 |      -56.2 |    466 | row32/_637_/D
    4241+ |     102 |     945 |      328 |     20 |  1022 |    +1.9% |   -0.296 |      -56.2 |    466 | row32/_637_/D
    4242+ |     102 |     945 |      328 |     20 |  1022 |    +1.9% |   -0.296 |      -56.2 |    466 | row32/_637_/D
    4243+ |     102 |     945 |      328 |     20 |  1022 |    +1.9% |   -0.296 |      -56.2 |    466 | row32/_637_/D
    4245+ |     102 |     946 |      328 |     20 |  1022 |    +1.9% |   -0.296 |      -56.2 |    466 | row32/_637_/D
    4246+ |     102 |     946 |      328 |     20 |  1022 |    +1.9% |   -0.296 |      -56.2 |    466 | row32/_637_/D
    4250+ |     102 |     947 |      328 |     20 |  1024 |    +1.9% |   -0.296 |      -56.0 |    466 | row32/_637_/D
    4251+ |     102 |     948 |      328 |     20 |  1024 |    +1.9% |   -0.296 |      -56.0 |    466 | row32/_637_/D
    4253+ |     102 |     948 |      328 |     20 |  1025 |    +1.9% |   -0.296 |      -55.9 |    466 | row32/_637_/D
    4254+ |     102 |     948 |      328 |     20 |  1025 |    +1.9% |   -0.296 |      -55.9 |    466 | row32/_637_/D
    4256+ |     102 |     948 |      328 |     20 |  1026 |    +1.9% |   -0.296 |      -55.8 |    466 | row32/_637_/D
    4257+ |     102 |     948 |      328 |     20 |  1026 |    +1.9% |   -0.296 |      -55.8 |    466 | row32/_637_/D
    4258+ |     102 |     948 |      328 |     20 |  1026 |    +1.9% |   -0.296 |      -55.8 |    466 | row32/_637_/D
    4259+ |     102 |     948 |      328 |     20 |  1026 |    +1.9% |   -0.296 |      -55.8 |    466 | row32/_637_/D
    4260+ |     102 |     948 |      328 |     20 |  1026 |    +1.9% |   -0.296 |      -55.8 |    466 | row32/_637_/D
    4260+ |     102 |     948 |      328 |     20 |  1026 |    +1.9% |   -0.296 |      -55.8 |    466 | row32/_637_/D
    4262+ |     102 |     949 |      328 |     20 |  1026 |    +1.9% |   -0.296 |      -55.8 |    466 | row32/_637_/D
    4263+ |     102 |     949 |      328 |     20 |  1026 |    +1.9% |   -0.296 |      -55.8 |    466 | row32/_637_/D
    4264+ |     102 |     949 |      328 |     20 |  1026 |    +1.9% |   -0.296 |      -55.8 |    466 | row32/_637_/D
    4268+ |     102 |     951 |      328 |     20 |  1027 |    +1.9% |   -0.296 |      -55.4 |    466 | row32/_637_/D
    4269+ |     102 |     951 |      328 |     20 |  1027 |    +1.9% |   -0.296 |      -55.4 |    466 | row32/_637_/D
    4270+ |     102 |     951 |      328 |     20 |  1027 |    +1.9% |   -0.296 |      -55.4 |    466 | row32/_637_/D
    4270+ |     102 |     951 |      328 |     20 |  1027 |    +1.9% |   -0.296 |      -55.4 |    466 | row32/_637_/D
    4271+ |     102 |     951 |      328 |     20 |  1027 |    +1.9% |   -0.296 |      -55.4 |    466 | row32/_637_/D
    4272+ |     102 |     951 |      328 |     20 |  1027 |    +1.9% |   -0.296 |      -55.4 |    466 | row32/_637_/D
    4273+ |     102 |     951 |      328 |     20 |  1027 |    +1.9% |   -0.296 |      -55.4 |    466 | row32/_637_/D
    4276+ |     102 |     953 |      328 |     20 |  1027 |    +1.9% |   -0.296 |      -55.1 |    466 | row32/_637_/D
    4277+ |     102 |     953 |      328 |     20 |  1027 |    +1.9% |   -0.296 |      -55.1 |    466 | row32/_637_/D
    4278+ |     102 |     953 |      328 |     20 |  1027 |    +1.9% |   -0.296 |      -55.1 |    466 | row32/_637_/D
    4279+ |     102 |     953 |      328 |     20 |  1027 |    +1.9% |   -0.296 |      -55.1 |    466 | row32/_637_/D
    4280+ |     102 |     953 |      328 |     20 |  1027 |    +1.9% |   -0.296 |      -55.1 |    466 | row32/_637_/D
    4280+ |     102 |     953 |      328 |     20 |  1027 |    +1.9% |   -0.296 |      -55.1 |    466 | row32/_637_/D
    4281+ |     102 |     953 |      328 |     20 |  1027 |    +1.9% |   -0.296 |      -55.1 |    466 | row32/_637_/D
    4282+ |     102 |     953 |      328 |     20 |  1027 |    +1.9% |   -0.296 |      -55.1 |    466 | row32/_637_/D
    4283+ |     102 |     953 |      328 |     20 |  1027 |    +1.9% |   -0.296 |      -55.1 |    466 | row32/_637_/D
    4285+ |     102 |     954 |      328 |     20 |  1027 |    +1.9% |   -0.296 |      -55.1 |    466 | row32/_637_/D
    4286+ |     102 |     954 |      328 |     20 |  1027 |    +1.9% |   -0.296 |      -55.1 |    466 | row32/_637_/D
    4287+ |     102 |     954 |      328 |     20 |  1027 |    +1.9% |   -0.296 |      -55.1 |    466 | row32/_637_/D
    4288+ |     102 |     954 |      328 |     20 |  1027 |    +1.9% |   -0.296 |      -55.1 |    466 | row32/_637_/D
    4289+ |     102 |     954 |      328 |     20 |  1027 |    +1.9% |   -0.296 |      -55.1 |    466 | row32/_637_/D
    4290+ |     102 |     954 |      328 |     20 |  1027 |    +1.9% |   -0.296 |      -55.1 |    466 | row32/_637_/D
    4290+ |     102 |     954 |      328 |     20 |  1027 |    +1.9% |   -0.296 |      -55.1 |    466 | row32/_637_/D
    4292+ |     102 |     955 |      328 |     20 |  1027 |    +1.9% |   -0.296 |      -55.1 |    466 | row32/_637_/D
    4297+ |     102 |     959 |      328 |     20 |  1027 |    +1.9% |   -0.296 |      -54.9 |    466 | row32/_637_/D
    4298+ |     102 |     959 |      328 |     20 |  1027 |    +1.9% |   -0.296 |      -54.9 |    466 | row32/_637_/D
    4299+ |     102 |     959 |      328 |     20 |  1027 |    +1.9% |   -0.296 |      -54.9 |    466 | row32/_637_/D
    4300+ |     102 |     959 |      328 |     20 |  1027 |    +1.9% |   -0.296 |      -54.9 |    466 | row32/_637_/D
    final |     102 |     959 |      328 |     20 |  1027 |    +1.9% |   -0.296 |      -54.9 |    456 | row32/_637_/D
------------------------------------------------------------------------------------------------------------------------------
[INFO RSZ-0059] Removed 102 buffers.
[INFO RSZ-0045] Inserted 328 buffers, 1 to split loads.
[INFO RSZ-0051] Resized 959 instances: 959 up, 0 up match, 0 down, 0 VT
[INFO RSZ-0043] Swapped pins on 1027 instances.
[INFO RSZ-0049] Cloned 20 instances.
[WARNING RSZ-0062] Unable to repair all setup violations.
[INFO RSZ-0505] Runtime: 168.23s
[INFO RSZ-0033] No hold violations found.
[INFO RSZ-0506] Runtime: 0.16s
Took 168 seconds: repair_timing -setup_margin 0 -hold_margin 0 -repair_tns 100 -verbose
global_route -start_incremental
detailed_placement
[INFO DPL-0006] Core area: 606544.22 um^2
[INFO DPL-0007] Movable instances area: 332174.83 um^2
[INFO DPL-0008] Fixed instances area within core: 10089.68 um^2
[INFO DPL-0009] Utilization: 56.4%
[INFO DPL-0005] Diamond search max displacement: +/- 500 sites horizontally, +/- 100 rows vertically.
[INFO DPL-1102] Legalizing using negotiation legalizer.
[INFO DPL-1103] Negotiation base search window: +/-20 sites horizontally, +/-5 rows vertically 
	Automatic search window extension enabled.
	Search window extendable up to the max displacement cap of +/-500 sites, +/-100 rows near walls.
[INFO DPL-1104] NegotiationLegalizer DRC penalty: 5.
[INFO DPL-0392] Negotiation cell height distribution (1 unique row-count(s)):
[INFO DPL-0393]   height 1 row(s): 43054 cells
          |      Total |  Illegal |  Illegal
Iteration | Violations |    Cells |    Sites
---------------------------------------------
        0 |       5169 |      1007 |      4147
        1 |        791 |       142 |       649
        2 |        272 |        39 |       233
        3 |        140 |        20 |       120
        4 |         58 |         8 |        50
        5 |         18 |         4 |        14
        6 |          0 |         0 |         0
Negotiation phase 1 converged at iteration 6.
[INFO DPL-0500] Runtime: 0.73s
Detailed Placement Analysis
---------------------------------
legalizer            negotiation
total moves               19084
total displacement       4827.5 u
average displacement        0.1 u
max displacement           18.7 u
original HPWL          374537.5 u
legalized HPWL         379849.2 u
delta HPWL                    1 %

check_placement -verbose
global_route -end_incremental -congestion_report_file /work/orfs/reports/sky130hd/g2_pc2_u45/base/congestion_post_repair_timing.rpt
Took 35 seconds: global_route -end_incremental -congestion_report_file /work/orfs/reports/sky130hd/g2_pc2_u45/base/congestion_post_repair_timing.rpt
estimate_parasitics -global_routing
global_route -start_incremental
global_route -end_incremental -congestion_report_file /work/orfs/reports/sky130hd/g2_pc2_u45/base/congestion_post_recover_power.rpt
Repair antennas...
[INFO GRT-0012] Found 16 antenna violations.
[INFO GRT-0302] Inserted 20 jumpers for 15 nets.
[INFO GRT-0012] Found 1 antenna violations.
[INFO DPL-0501] Legalized with 0 moves: displacement total 0.0 u, max 0.0 u; HPWL 379849.9 -> 379849.9 u (+0.0 %).
[INFO DPL-0500] Runtime: 0.27s
[INFO GRT-0015] Inserted 1 diodes.
[INFO GRT-0012] Found 0 antenna violations.
[INFO ANT-0002] Found 0 net violations.
[INFO ANT-0001] Found 0 pin violations.
Estimate parasitics...
estimate_parasitics -global_routing
Report metrics stage 5, global route...

==========================================================================
global route report_design_area
--------------------------------------------------------------------------
Design area 342267 um^2 56% utilization.
[INFO FLW-0007] clock clk period 3.000000
[INFO FLW-0008] Clock clk period 3.147
[INFO FLW-0009] Clock clk slack -0.313
write_sdc -no_timestamp /work/orfs/results/sky130hd/g2_pc2_u45/base/updated_clks.sdc
[INFO FLW-0011] Path endpoint path count 5480
write_db /work/orfs/results/sky130hd/g2_pc2_u45/base/5_1_grt.odb
write_sdc -no_timestamp /work/orfs/results/sky130hd/g2_pc2_u45/base/5_1_grt.sdc
Elapsed time: 10:27.42[h:]min:sec. CPU time: user 552.06 sys 15.76 (90%). Peak memory: 713416KB.
Log                       Ext     Elapsed/s Peak Memory/MB sha1sum result [0:20)
5_1_grt                   .odb          627            696 5795423bda5b80559988
5_1_grt                   .sdc                             e91b1303017f62d7d426
/OpenROAD-flow-scripts/flow/scripts/flow.sh 5_2_route detail_route
Running detail_route.tcl, stage 5_2_route
read_liberty /OpenROAD-flow-scripts/flow/platforms/sky130hd/lib/sky130_fd_sc_hd__tt_025C_1v80.lib
read_liberty /work/cells/g2_cells.lib
read_db /work/orfs/results/sky130hd/g2_pc2_u45/base/5_1_grt.odb
read_sdc /work/orfs/results/sky130hd/g2_pc2_u45/base/5_1_grt.sdc
source /OpenROAD-flow-scripts/flow/platforms/sky130hd/setRC.tcl
detailed_route -output_drc /work/orfs/reports/sky130hd/g2_pc2_u45/base/5_route_drc.rpt -output_maze /work/orfs/results/sky130hd/g2_pc2_u45/base/maze.log -droute_end_iter 64 -verbose 1 -drc_report_iter_step 5
[INFO DRT-0149] Reading tech and libs.
[WARNING DRT-0349] LEF58_ENCLOSURE with no CUTCLASS is not supported. Skipping for layer mcon
[WARNING DRT-0349] LEF58_ENCLOSURE with no CUTCLASS is not supported. Skipping for layer mcon
[WARNING DRT-0349] LEF58_ENCLOSURE with no CUTCLASS is not supported. Skipping for layer via
[WARNING DRT-0349] LEF58_ENCLOSURE with no CUTCLASS is not supported. Skipping for layer via
[WARNING DRT-0349] LEF58_ENCLOSURE with no CUTCLASS is not supported. Skipping for layer via2
[WARNING DRT-0349] LEF58_ENCLOSURE with no CUTCLASS is not supported. Skipping for layer via2
[WARNING DRT-0349] LEF58_ENCLOSURE with no CUTCLASS is not supported. Skipping for layer via3
[WARNING DRT-0349] LEF58_ENCLOSURE with no CUTCLASS is not supported. Skipping for layer via3
[WARNING DRT-0349] LEF58_ENCLOSURE with no CUTCLASS is not supported. Skipping for layer via4
[WARNING DRT-0349] LEF58_ENCLOSURE with no CUTCLASS is not supported. Skipping for layer via4

Units:                1000
Number of layers:     13
Number of macros:     445
Number of vias:       25
Number of viarulegen: 25

[INFO DRT-0150] Reading design.

Design:                   top
Die area:                 ( 0 0 ) ( 784175 784175 )
Number of track patterns: 12
Number of DEF vias:       0
Number of components:     43055
Number of terminals:      194
Number of snets:          2
Number of nets:           34515

[INFO DRT-0167] List of default vias:
  Layer via
    default via: M1M2_PR
  Layer via2
    default via: M2M3_PR
  Layer via3
    default via: M3M4_PR
  Layer via4
    default via: M4M5_PR
[INFO DRT-0162] Library cell analysis.
[INFO DRT-0163] Instance analysis.
[INFO DRT-0164] Number of unique instances = 204.
[INFO DRT-0168] Init region query.
[INFO DRT-0024]   Complete FR_MASTERSLICE.
[INFO DRT-0024]   Complete Fr_VIA.
[INFO DRT-0024]   Complete li1.
[INFO DRT-0024]   Complete mcon.
[INFO DRT-0024]   Complete met1.
[INFO DRT-0024]   Complete via.
[INFO DRT-0024]   Complete met2.
[INFO DRT-0024]   Complete via2.
[INFO DRT-0024]   Complete met3.
[INFO DRT-0024]   Complete via3.
[INFO DRT-0024]   Complete met4.
[INFO DRT-0024]   Complete via4.
[INFO DRT-0024]   Complete met5.
[INFO DRT-0033] FR_MASTERSLICE shape region query size = 0.
[INFO DRT-0033] FR_VIA shape region query size = 0.
[INFO DRT-0033] li1 shape region query size = 934760.
[INFO DRT-0033] mcon shape region query size = 537724.
[INFO DRT-0033] met1 shape region query size = 130511.
[INFO DRT-0033] via shape region query size = 0.
[INFO DRT-0033] met2 shape region query size = 4771.
[INFO DRT-0033] via2 shape region query size = 0.
[INFO DRT-0033] met3 shape region query size = 4767.
[INFO DRT-0033] via3 shape region query size = 0.
[INFO DRT-0033] met4 shape region query size = 4672.
[INFO DRT-0033] via4 shape region query size = 0.
[INFO DRT-0033] met5 shape region query size = 0.
[INFO DRT-0165] Start pin access.
[INFO DRT-0076]   Complete 1000 pins.
[INFO DRT-0078]   Complete 1283 pins.
[INFO DRT-0079]   Complete 100 unique inst patterns.
[INFO DRT-0079]   Complete 200 unique inst patterns.
[INFO DRT-0081]   Complete 204 unique inst patterns.
[INFO DRT-0082]   Complete 10000 groups.
[INFO DRT-0084]   Complete 19771 groups.
#scanned instances     = 43055
#unique  instances     = 204
#stdCellGenAp          = 4183
#stdCellValidPlanarAp  = 33
#stdCellValidViaAp     = 3180
#stdCellPinNoAp        = 0
#stdCellPinCnt         = 97545
#instTermValidViaApCnt = 0
#macroGenAp            = 0
#macroValidPlanarAp    = 0
#macroValidViaAp       = 0
#macroNoAp             = 0
[INFO DRT-0166] Complete pin access.
[INFO DRT-0267] cpu time = 00:05:13, elapsed time = 00:04:15, memory = 450.98 (MB), peak = 460.11 (MB)
[INFO DRT-0156] guideIn read 100000 guides.

[INFO DRT-0157] Number of guides:     172501

[INFO DRT-0169] Post process guides.
[INFO DRT-0176] GCELLGRID X 0 DO 113 STEP 6900 ;
[INFO DRT-0177] GCELLGRID Y 0 DO 113 STEP 6900 ;
[INFO DRT-0026]   Complete 100000 origin guides.
[INFO DRT-0028]   Complete FR_MASTERSLICE.
[INFO DRT-0028]   Complete Fr_VIA.
[INFO DRT-0028]   Complete li1.
[INFO DRT-0028]   Complete mcon.
[INFO DRT-0028]   Complete met1.
[INFO DRT-0028]   Complete via.
[INFO DRT-0028]   Complete met2.
[INFO DRT-0028]   Complete via2.
[INFO DRT-0028]   Complete met3.
[INFO DRT-0028]   Complete via3.
[INFO DRT-0028]   Complete met4.
[INFO DRT-0028]   Complete via4.
[INFO DRT-0028]   Complete met5.
[INFO DRT-0178] Init guide query.
[INFO DRT-0035]   Complete FR_MASTERSLICE (guide).
[INFO DRT-0035]   Complete Fr_VIA (guide).
[INFO DRT-0035]   Complete li1 (guide).
[INFO DRT-0035]   Complete mcon (guide).
[INFO DRT-0035]   Complete met1 (guide).
[INFO DRT-0035]   Complete via (guide).
[INFO DRT-0035]   Complete met2 (guide).
[INFO DRT-0035]   Complete via2 (guide).
[INFO DRT-0035]   Complete met3 (guide).
[INFO DRT-0035]   Complete via3 (guide).
[INFO DRT-0035]   Complete met4 (guide).
[INFO DRT-0035]   Complete via4 (guide).
[INFO DRT-0035]   Complete met5 (guide).
[INFO DRT-0036] FR_MASTERSLICE guide region query size = 0.
[INFO DRT-0036] FR_VIA guide region query size = 0.
[INFO DRT-0036] li1 guide region query size = 69790.
[INFO DRT-0036] mcon guide region query size = 0.
[INFO DRT-0036] met1 guide region query size = 48908.
[INFO DRT-0036] via guide region query size = 0.
[INFO DRT-0036] met2 guide region query size = 20916.
[INFO DRT-0036] via2 guide region query size = 0.
[INFO DRT-0036] met3 guide region query size = 574.
[INFO DRT-0036] via3 guide region query size = 0.
[INFO DRT-0036] met4 guide region query size = 0.
[INFO DRT-0036] via4 guide region query size = 0.
[INFO DRT-0036] met5 guide region query size = 0.
[INFO DRT-0179] Init gr pin query.
[INFO DRT-0267] cpu time = 00:00:00, elapsed time = 00:00:00, memory = 504.70 (MB), peak = 504.49 (MB)
[INFO DRT-0245] skipped writing guide updates to database.
[INFO DRT-0181] Start track assignment.
[INFO DRT-0184] Done with 90706 vertical wires in 3 frboxes and 49482 horizontal wires in 3 frboxes.
[INFO DRT-0186] Done with 4360 vertical wires in 3 frboxes and 10209 horizontal wires in 3 frboxes.
[INFO DRT-0182] Complete track assignment.
[INFO DRT-0267] cpu time = 00:00:09, elapsed time = 00:00:07, memory = 580.70 (MB), peak = 730.28 (MB)
[INFO DRT-0187] Start routing data preparation.
[INFO DRT-0267] cpu time = 00:00:00, elapsed time = 00:00:00, memory = 580.77 (MB), peak = 730.28 (MB)
[INFO DRT-0194] Start detail routing.
[INFO DRT-0195] Start 0th optimization iteration.
    Completing 10% with 0 violations.
    elapsed time = 00:00:11, memory = 851.82 (MB).
    Completing 20% with 0 violations.
    elapsed time = 00:00:23, memory = 1182.52 (MB).
    Completing 30% with 676 violations.
    elapsed time = 00:00:31, memory = 1157.89 (MB).
    Completing 40% with 676 violations.
    elapsed time = 00:00:48, memory = 1145.54 (MB).
    Completing 50% with 676 violations.
    elapsed time = 00:01:06, memory = 1335.80 (MB).
    Completing 60% with 1494 violations.
    elapsed time = 00:01:20, memory = 1228.70 (MB).
    Completing 70% with 1494 violations.
    elapsed time = 00:01:32, memory = 1245.13 (MB).
    Completing 80% with 2287 violations.
    elapsed time = 00:01:50, memory = 1292.86 (MB).
    Completing 90% with 2287 violations.
    elapsed time = 00:02:09, memory = 1279.52 (MB).
    Completing 100% with 3282 violations.
    elapsed time = 00:02:25, memory = 1403.87 (MB).
[INFO DRT-0199]   Number of violations = 4162.
Viol/Layer         li1   mcon   met1    via   met2   met3
Cut Spacing          0     39      0      0      0      0
Metal Spacing        0      0   1255      0    121      8
Min Hole             0      0      2      0      0      0
Recheck             22      0    657      0    198      3
Short                0      4   1744      2    104      3
[INFO DRT-0267] cpu time = 00:03:06, elapsed time = 00:02:26, memory = 1256.88 (MB), peak = 1521.49 (MB)
Total wire length = 422050 um.
Total wire length on LAYER li1 = 0 um.
Total wire length on LAYER met1 = 210509 um.
Total wire length on LAYER met2 = 201942 um.
Total wire length on LAYER met3 = 9598 um.
Total wire length on LAYER met4 = 0 um.
Total wire length on LAYER met5 = 0 um.
Total number of vias = 178628.
Up-via summary (total 178628):

-------------------------
 FR_MASTERSLICE         0
            li1     98884
           met1     78908
           met2       836
           met3         0
           met4         0
-------------------------
               178628


[INFO DRT-0195] Start 1st optimization iteration.
    Completing 10% with 4162 violations.
    elapsed time = 00:00:11, memory = 1247.00 (MB).
    Completing 20% with 4162 violations.
    elapsed time = 00:00:26, memory = 1290.33 (MB).
    Completing 30% with 3306 violations.
    elapsed time = 00:00:38, memory = 1346.20 (MB).
    Completing 40% with 3306 violations.
    elapsed time = 00:01:00, memory = 1335.64 (MB).
    Completing 50% with 3306 violations.
    elapsed time = 00:01:19, memory = 1415.56 (MB).
    Completing 60% with 2623 violations.
    elapsed time = 00:01:34, memory = 1435.32 (MB).
    Completing 70% with 2623 violations.
    elapsed time = 00:01:52, memory = 1432.78 (MB).
    Completing 80% with 1804 violations.
    elapsed time = 00:02:12, memory = 1406.93 (MB).
    Completing 90% with 1804 violations.
    elapsed time = 00:02:31, memory = 1404.24 (MB).
    Completing 100% with 1105 violations.
    elapsed time = 00:02:51, memory = 1453.63 (MB).
[INFO DRT-0199]   Number of violations = 1105.
Viol/Layer        mcon   met1   met2   met3
Cut Spacing          9      0      0      0
Metal Spacing        0    318     21      2
Short                0    748      7      0
[INFO DRT-0267] cpu time = 00:02:55, elapsed time = 00:02:52, memory = 1411.35 (MB), peak = 1529.50 (MB)
Total wire length = 418697 um.
Total wire length on LAYER li1 = 0 um.
Total wire length on LAYER met1 = 209277 um.
Total wire length on LAYER met2 = 199877 um.
Total wire length on LAYER met3 = 9542 um.
Total wire length on LAYER met4 = 0 um.
Total wire length on LAYER met5 = 0 um.
Total number of vias = 177356.
Up-via summary (total 177356):

-------------------------
 FR_MASTERSLICE         0
            li1     98803
           met1     77733
           met2       820
           met3         0
           met4         0
-------------------------
               177356


[INFO DRT-0195] Start 2nd optimization iteration.
    Completing 10% with 1105 violations.
    elapsed time = 00:00:08, memory = 1408.85 (MB).
    Completing 20% with 1105 violations.
    elapsed time = 00:00:23, memory = 1401.90 (MB).
    Completing 30% with 1061 violations.
    elapsed time = 00:00:35, memory = 1340.10 (MB).
    Completing 40% with 1061 violations.
    elapsed time = 00:00:47, memory = 1332.40 (MB).
    Completing 50% with 1061 violations.
    elapsed time = 00:01:00, memory = 1331.43 (MB).
    Completing 60% with 1012 violations.
    elapsed time = 00:01:11, memory = 1303.88 (MB).
    Completing 70% with 1012 violations.
    elapsed time = 00:01:26, memory = 1308.91 (MB).
    Completing 80% with 925 violations.
    elapsed time = 00:01:38, memory = 1305.35 (MB).
    Completing 90% with 925 violations.
    elapsed time = 00:01:54, memory = 1308.12 (MB).
    Completing 100% with 858 violations.
    elapsed time = 00:02:12, memory = 1354.21 (MB).
[INFO DRT-0199]   Number of violations = 858.
Viol/Layer        mcon   met1   met2   met3
Cut Spacing          9      0      0      0
Metal Spacing        0    233     18      3
Short                0    588      7      0
[INFO DRT-0267] cpu time = 00:02:11, elapsed time = 00:02:13, memory = 1346.36 (MB), peak = 1529.50 (MB)
Total wire length = 418398 um.
Total wire length on LAYER li1 = 0 um.
Total wire length on LAYER met1 = 209151 um.
Total wire length on LAYER met2 = 199740 um.
Total wire length on LAYER met3 = 9506 um.
Total wire length on LAYER met4 = 0 um.
Total wire length on LAYER met5 = 0 um.
Total number of vias = 177341.
Up-via summary (total 177341):

-------------------------
 FR_MASTERSLICE         0
            li1     98791
           met1     77747
           met2       803
           met3         0
           met4         0
-------------------------
               177341


[INFO DRT-0195] Start 3rd optimization iteration.
    Completing 10% with 858 violations.
    elapsed time = 00:00:05, memory = 1356.82 (MB).
    Completing 20% with 858 violations.
    elapsed time = 00:00:14, memory = 1359.81 (MB).
    Completing 30% with 676 violations.
    elapsed time = 00:00:18, memory = 1341.69 (MB).
    Completing 40% with 676 violations.
    elapsed time = 00:00:28, memory = 1358.50 (MB).
    Completing 50% with 676 violations.
    elapsed time = 00:00:36, memory = 1351.67 (MB).
    Completing 60% with 471 violations.
    elapsed time = 00:00:41, memory = 1358.71 (MB).
    Completing 70% with 471 violations.
    elapsed time = 00:00:50, memory = 1352.73 (MB).
    Completing 80% with 251 violations.
    elapsed time = 00:00:59, memory = 1359.04 (MB).
    Completing 90% with 251 violations.
    elapsed time = 00:01:12, memory = 1362.17 (MB).
    Completing 100% with 32 violations.
    elapsed time = 00:01:25, memory = 1322.93 (MB).
[INFO DRT-0199]   Number of violations = 32.
Viol/Layer        met1   met2
Metal Spacing        3      1
Min Hole             1      0
Short               27      0
[INFO DRT-0267] cpu time = 00:01:24, elapsed time = 00:01:25, memory = 1345.42 (MB), peak = 1529.50 (MB)
Total wire length = 418388 um.
Total wire length on LAYER li1 = 0 um.
Total wire length on LAYER met1 = 207816 um.
Total wire length on LAYER met2 = 200037 um.
Total wire length on LAYER met3 = 10534 um.
Total wire length on LAYER met4 = 0 um.
Total wire length on LAYER met5 = 0 um.
Total number of vias = 177810.
Up-via summary (total 177810):

-------------------------
 FR_MASTERSLICE         0
            li1     98793
           met1     78046
           met2       971
           met3         0
           met4         0
-------------------------
               177810


[INFO DRT-0195] Start 4th guides tiles iteration.
    Completing 10% with 32 violations.
    elapsed time = 00:00:00, memory = 1345.42 (MB).
    Completing 20% with 32 violations.
    elapsed time = 00:00:00, memory = 1345.42 (MB).
    Completing 30% with 32 violations.
    elapsed time = 00:00:00, memory = 1345.42 (MB).
    Completing 40% with 32 violations.
    elapsed time = 00:00:00, memory = 1345.42 (MB).
    Completing 50% with 32 violations.
    elapsed time = 00:00:00, memory = 1345.42 (MB).
    Completing 60% with 0 violations.
    elapsed time = 00:00:00, memory = 1343.42 (MB).
    Completing 70% with 0 violations.
    elapsed time = 00:00:00, memory = 1343.42 (MB).
    Completing 80% with 0 violations.
    elapsed time = 00:00:00, memory = 1343.42 (MB).
    Completing 90% with 0 violations.
    elapsed time = 00:00:00, memory = 1343.42 (MB).
    Completing 100% with 0 violations.
    elapsed time = 00:00:00, memory = 1343.42 (MB).
[INFO DRT-0199]   Number of violations = 0.
[INFO DRT-0267] cpu time = 00:00:00, elapsed time = 00:00:00, memory = 1343.42 (MB), peak = 1529.50 (MB)
Total wire length = 418379 um.
Total wire length on LAYER li1 = 0 um.
Total wire length on LAYER met1 = 207778 um.
Total wire length on LAYER met2 = 200033 um.
Total wire length on LAYER met3 = 10566 um.
Total wire length on LAYER met4 = 0 um.
Total wire length on LAYER met5 = 0 um.
Total number of vias = 177821.
Up-via summary (total 177821):

-------------------------
 FR_MASTERSLICE         0
            li1     98793
           met1     78047
           met2       981
           met3         0
           met4         0
-------------------------
               177821


[INFO DRT-0198] Complete detail routing.
Total wire length = 418379 um.
Total wire length on LAYER li1 = 0 um.
Total wire length on LAYER met1 = 207778 um.
Total wire length on LAYER met2 = 200033 um.
Total wire length on LAYER met3 = 10566 um.
Total wire length on LAYER met4 = 0 um.
Total wire length on LAYER met5 = 0 um.
Total number of vias = 177821.
Up-via summary (total 177821):

-------------------------
 FR_MASTERSLICE         0
            li1     98793
           met1     78047
           met2       981
           met3         0
           met4         0
-------------------------
               177821


[INFO DRT-0267] cpu time = 00:09:39, elapsed time = 00:08:57, memory = 1343.55 (MB), peak = 1529.50 (MB)

[INFO DRT-0180] Post processing.
[INFO DRT-0501] Runtime: 802.81s
Took 803 seconds: detailed_route -output_drc /work/orfs/reports/sky130hd/g2_pc2_u45/base/5_route_drc.rpt -output_maze /work/orfs/results/sky130hd/g2_pc2_u45/base/maze.log -droute_end_iter 64 -verbose 1 -drc_report_iter_step 5
[INFO GRT-0012] Found 8 antenna violations.
[INFO DPL-0501] Legalized with 0 moves: displacement total 0.0 u, max 0.0 u; HPWL 379850.4 -> 379850.4 u (+0.0 %).
[INFO DPL-0500] Runtime: 0.32s
[INFO GRT-0015] Inserted 8 diodes.
[INFO DRT-0024]   Complete FR_MASTERSLICE.
[INFO DRT-0024]   Complete Fr_VIA.
[INFO DRT-0024]   Complete li1.
[INFO DRT-0024]   Complete mcon.
[INFO DRT-0024]   Complete met1.
[INFO DRT-0024]   Complete via.
[INFO DRT-0024]   Complete met2.
[INFO DRT-0024]   Complete via2.
[INFO DRT-0024]   Complete met3.
[INFO DRT-0024]   Complete via3.
[INFO DRT-0024]   Complete met4.
[INFO DRT-0024]   Complete via4.
[INFO DRT-0024]   Complete met5.
[INFO DRT-0165] Start pin access.
[INFO DRT-0076]   Complete 1000 pins.
[INFO DRT-0078]   Complete 1288 pins.
[INFO DRT-0079]   Complete 100 unique inst patterns.
[INFO DRT-0079]   Complete 200 unique inst patterns.
[INFO DRT-0081]   Complete 205 unique inst patterns.
[INFO DRT-0082]   Complete 10000 groups.
[INFO DRT-0084]   Complete 19770 groups.
#scanned instances     = 43063
#unique  instances     = 205
#stdCellGenAp          = 4195
#stdCellValidPlanarAp  = 33
#stdCellValidViaAp     = 3192
#stdCellPinNoAp        = 0
#stdCellPinCnt         = 97545
#instTermValidViaApCnt = 0
#macroGenAp            = 0
#macroValidPlanarAp    = 0
#macroValidViaAp       = 0
#macroNoAp             = 0
[INFO DRT-0166] Complete pin access.
[INFO DRT-0267] cpu time = 00:05:25, elapsed time = 00:05:28, memory = 1306.80 (MB), peak = 1529.50 (MB)
[INFO DRT-0156] guideIn read 100000 guides.

[INFO DRT-0157] Number of guides:     172478

[INFO DRT-0169] Post process guides.
[INFO DRT-0176] GCELLGRID X 0 DO 113 STEP 6900 ;
[INFO DRT-0177] GCELLGRID Y 0 DO 113 STEP 6900 ;
[INFO DRT-0026]   Complete 100000 origin guides.
[INFO DRT-0028]   Complete FR_MASTERSLICE.
[INFO DRT-0028]   Complete Fr_VIA.
[INFO DRT-0028]   Complete li1.
[INFO DRT-0028]   Complete mcon.
[INFO DRT-0028]   Complete met1.
[INFO DRT-0028]   Complete via.
[INFO DRT-0028]   Complete met2.
[INFO DRT-0028]   Complete via2.
[INFO DRT-0028]   Complete met3.
[INFO DRT-0028]   Complete via3.
[INFO DRT-0028]   Complete met4.
[INFO DRT-0028]   Complete via4.
[INFO DRT-0028]   Complete met5.
[INFO DRT-0178] Init guide query.
[INFO DRT-0035]   Complete FR_MASTERSLICE (guide).
[INFO DRT-0035]   Complete Fr_VIA (guide).
[INFO DRT-0035]   Complete li1 (guide).
[INFO DRT-0035]   Complete mcon (guide).
[INFO DRT-0035]   Complete met1 (guide).
[INFO DRT-0035]   Complete via (guide).
[INFO DRT-0035]   Complete met2 (guide).
[INFO DRT-0035]   Complete via2 (guide).
[INFO DRT-0035]   Complete met3 (guide).
[INFO DRT-0035]   Complete via3 (guide).
[INFO DRT-0035]   Complete met4 (guide).
[INFO DRT-0035]   Complete via4 (guide).
[INFO DRT-0035]   Complete met5 (guide).
[INFO DRT-0036] FR_MASTERSLICE guide region query size = 0.
[INFO DRT-0036] FR_VIA guide region query size = 0.
[INFO DRT-0036] li1 guide region query size = 69795.
[INFO DRT-0036] mcon guide region query size = 0.
[INFO DRT-0036] met1 guide region query size = 48902.
[INFO DRT-0036] via guide region query size = 0.
[INFO DRT-0036] met2 guide region query size = 20908.
[INFO DRT-0036] via2 guide region query size = 0.
[INFO DRT-0036] met3 guide region query size = 574.
[INFO DRT-0036] via3 guide region query size = 0.
[INFO DRT-0036] met4 guide region query size = 0.
[INFO DRT-0036] via4 guide region query size = 0.
[INFO DRT-0036] met5 guide region query size = 0.
[INFO DRT-0179] Init gr pin query.
[INFO DRT-0267] cpu time = 00:00:00, elapsed time = 00:00:00, memory = 1283.40 (MB), peak = 1529.50 (MB)
[INFO DRT-0245] skipped writing guide updates to database.
[INFO DRT-0181] Start track assignment.
[INFO DRT-0184] Done with 90703 vertical wires in 3 frboxes and 49476 horizontal wires in 3 frboxes.
[INFO DRT-0186] Done with 4348 vertical wires in 3 frboxes and 10192 horizontal wires in 3 frboxes.
[INFO DRT-0182] Complete track assignment.
[INFO DRT-0267] cpu time = 00:00:09, elapsed time = 00:00:09, memory = 1309.96 (MB), peak = 1529.50 (MB)
[INFO DRT-0187] Start routing data preparation.
[INFO DRT-0267] cpu time = 00:00:00, elapsed time = 00:00:00, memory = 1309.96 (MB), peak = 1529.50 (MB)
[INFO DRT-0194] Start detail routing.
[INFO DRT-0195] Start 0th optimization iteration.
    Completing 10% with 0 violations.
    elapsed time = 00:00:08, memory = 1294.03 (MB).
    Completing 20% with 0 violations.
    elapsed time = 00:00:17, memory = 1395.72 (MB).
    Completing 30% with 63 violations.
    elapsed time = 00:00:23, memory = 1462.72 (MB).
    Completing 40% with 63 violations.
    elapsed time = 00:00:33, memory = 1480.04 (MB).
    Completing 50% with 63 violations.
    elapsed time = 00:00:43, memory = 1521.88 (MB).
    Completing 60% with 130 violations.
    elapsed time = 00:00:52, memory = 1547.21 (MB).
    Completing 70% with 130 violations.
    elapsed time = 00:01:02, memory = 1548.17 (MB).
    Completing 80% with 179 violations.
    elapsed time = 00:01:12, memory = 1596.27 (MB).
    Completing 90% with 179 violations.
    elapsed time = 00:01:22, memory = 1598.00 (MB).
    Completing 100% with 233 violations.
    elapsed time = 00:01:32, memory = 1620.75 (MB).
[INFO DRT-0199]   Number of violations = 271.
Viol/Layer        met1   met2
Metal Spacing       21      8
Recheck             19     19
Short              158     46
[INFO DRT-0267] cpu time = 00:01:31, elapsed time = 00:01:33, memory = 1608.96 (MB), peak = 1639.34 (MB)
Total wire length = 418502 um.
Total wire length on LAYER li1 = 0 um.
Total wire length on LAYER met1 = 207930 um.
Total wire length on LAYER met2 = 200209 um.
Total wire length on LAYER met3 = 10363 um.
Total wire length on LAYER met4 = 0 um.
Total wire length on LAYER met5 = 0 um.
Total number of vias = 177850.
Up-via summary (total 177850):

-------------------------
 FR_MASTERSLICE         0
            li1     98808
           met1     78082
           met2       960
           met3         0
           met4         0
-------------------------
               177850


[INFO DRT-0195] Start 1st optimization iteration.
    Completing 10% with 271 violations.
    elapsed time = 00:00:07, memory = 1608.99 (MB).
    Completing 20% with 271 violations.
    elapsed time = 00:00:15, memory = 1605.04 (MB).
    Completing 30% with 228 violations.
    elapsed time = 00:00:22, memory = 1581.04 (MB).
    Completing 40% with 228 violations.
    elapsed time = 00:00:32, memory = 1581.04 (MB).
    Completing 50% with 228 violations.
    elapsed time = 00:00:41, memory = 1581.04 (MB).
    Completing 60% with 188 violations.
    elapsed time = 00:00:48, memory = 1610.82 (MB).
    Completing 70% with 188 violations.
    elapsed time = 00:00:57, memory = 1615.53 (MB).
    Completing 80% with 103 violations.
    elapsed time = 00:01:06, memory = 1583.36 (MB).
    Completing 90% with 103 violations.
    elapsed time = 00:01:16, memory = 1583.36 (MB).
    Completing 100% with 42 violations.
    elapsed time = 00:01:26, memory = 1616.09 (MB).
[INFO DRT-0199]   Number of violations = 42.
Viol/Layer        met1   met2
Metal Spacing        2      1
Short               36      3
[INFO DRT-0267] cpu time = 00:01:27, elapsed time = 00:01:26, memory = 1608.88 (MB), peak = 1639.34 (MB)
Total wire length = 418432 um.
Total wire length on LAYER li1 = 0 um.
Total wire length on LAYER met1 = 207872 um.
Total wire length on LAYER met2 = 200194 um.
Total wire length on LAYER met3 = 10365 um.
Total wire length on LAYER met4 = 0 um.
Total wire length on LAYER met5 = 0 um.
Total number of vias = 177867.
Up-via summary (total 177867):

-------------------------
 FR_MASTERSLICE         0
            li1     98810
           met1     78097
           met2       960
           met3         0
           met4         0
-------------------------
               177867


[INFO DRT-0195] Start 2nd optimization iteration.
    Completing 10% with 42 violations.
    elapsed time = 00:00:00, memory = 1608.88 (MB).
    Completing 20% with 42 violations.
    elapsed time = 00:00:01, memory = 1608.89 (MB).
    Completing 30% with 38 violations.
    elapsed time = 00:00:03, memory = 1594.89 (MB).
    Completing 40% with 38 violations.
    elapsed time = 00:00:03, memory = 1594.89 (MB).
    Completing 50% with 38 violations.
    elapsed time = 00:00:03, memory = 1594.89 (MB).
    Completing 60% with 35 violations.
    elapsed time = 00:00:04, memory = 1594.89 (MB).
    Completing 70% with 35 violations.
    elapsed time = 00:00:06, memory = 1594.89 (MB).
    Completing 80% with 38 violations.
    elapsed time = 00:00:08, memory = 1585.75 (MB).
    Completing 90% with 38 violations.
    elapsed time = 00:00:09, memory = 1585.75 (MB).
    Completing 100% with 39 violations.
    elapsed time = 00:00:09, memory = 1583.75 (MB).
[INFO DRT-0199]   Number of violations = 39.
Viol/Layer        met1   met2
Metal Spacing        5      0
Short               30      4
[INFO DRT-0267] cpu time = 00:00:09, elapsed time = 00:00:09, memory = 1577.75 (MB), peak = 1639.34 (MB)
Total wire length = 418407 um.
Total wire length on LAYER li1 = 0 um.
Total wire length on LAYER met1 = 207856 um.
Total wire length on LAYER met2 = 200190 um.
Total wire length on LAYER met3 = 10360 um.
Total wire length on LAYER met4 = 0 um.
Total wire length on LAYER met5 = 0 um.
Total number of vias = 177859.
Up-via summary (total 177859):

-------------------------
 FR_MASTERSLICE         0
            li1     98809
           met1     78090
           met2       960
           met3         0
           met4         0
-------------------------
               177859


[INFO DRT-0195] Start 3rd guides tiles iteration.
    Completing 10% with 39 violations.
    elapsed time = 00:00:00, memory = 1577.75 (MB).
    Completing 20% with 39 violations.
    elapsed time = 00:00:00, memory = 1577.75 (MB).
    Completing 30% with 39 violations.
    elapsed time = 00:00:00, memory = 1577.75 (MB).
    Completing 40% with 39 violations.
    elapsed time = 00:00:00, memory = 1577.75 (MB).
    Completing 50% with 39 violations.
    elapsed time = 00:00:00, memory = 1577.75 (MB).
    Completing 60% with 39 violations.
    elapsed time = 00:00:01, memory = 1577.75 (MB).
    Completing 70% with 0 violations.
    elapsed time = 00:00:01, memory = 1573.75 (MB).
    Completing 80% with 0 violations.
    elapsed time = 00:00:01, memory = 1573.75 (MB).
    Completing 90% with 0 violations.
    elapsed time = 00:00:01, memory = 1573.75 (MB).
    Completing 100% with 0 violations.
    elapsed time = 00:00:01, memory = 1573.75 (MB).
[INFO DRT-0199]   Number of violations = 0.
[INFO DRT-0267] cpu time = 00:00:01, elapsed time = 00:00:01, memory = 1573.75 (MB), peak = 1639.34 (MB)
Total wire length = 418351 um.
Total wire length on LAYER li1 = 0 um.
Total wire length on LAYER met1 = 206898 um.
Total wire length on LAYER met2 = 200167 um.
Total wire length on LAYER met3 = 11284 um.
Total wire length on LAYER met4 = 0 um.
Total wire length on LAYER met5 = 0 um.
Total number of vias = 177867.
Up-via summary (total 177867):

-------------------------
 FR_MASTERSLICE         0
            li1     98810
           met1     78064
           met2       993
           met3         0
           met4         0
-------------------------
               177867


[INFO DRT-0198] Complete detail routing.
Total wire length = 418351 um.
Total wire length on LAYER li1 = 0 um.
Total wire length on LAYER met1 = 206898 um.
Total wire length on LAYER met2 = 200167 um.
Total wire length on LAYER met3 = 11284 um.
Total wire length on LAYER met4 = 0 um.
Total wire length on LAYER met5 = 0 um.
Total number of vias = 177867.
Up-via summary (total 177867):

-------------------------
 FR_MASTERSLICE         0
            li1     98810
           met1     78064
           met2       993
           met3         0
           met4         0
-------------------------
               177867


[INFO DRT-0267] cpu time = 00:03:11, elapsed time = 00:03:11, memory = 1573.81 (MB), peak = 1639.34 (MB)

[INFO DRT-0180] Post processing.
[INFO DRT-0501] Runtime: 531.28s
[INFO ANT-0002] Found 0 net violations.
[INFO ANT-0001] Found 0 pin violations.
[INFO ANT-0002] Found 0 net violations.
[INFO ANT-0001] Found 0 pin violations.
Design area 342287 um^2 56% utilization.
write_db /work/orfs/results/sky130hd/g2_pc2_u45/base/5_2_route.odb
Elapsed time: 22:42.81[h:]min:sec. CPU time: user 1454.55 sys 10.39 (107%). Peak memory: 1678688KB.
Log                       Ext     Elapsed/s Peak Memory/MB sha1sum result [0:20)
5_2_route                 .odb         1362           1639 c676d2fdbdaa40f34deb
/OpenROAD-flow-scripts/flow/scripts/flow.sh 5_3_fillcell fillcell
Running fillcell.tcl, stage 5_3_fillcell
read_liberty /OpenROAD-flow-scripts/flow/platforms/sky130hd/lib/sky130_fd_sc_hd__tt_025C_1v80.lib
read_liberty /work/cells/g2_cells.lib
read_db /work/orfs/results/sky130hd/g2_pc2_u45/base/5_2_route.odb
read_sdc /work/orfs/results/sky130hd/g2_pc2_u45/base/5_1_grt.sdc
source /OpenROAD-flow-scripts/flow/platforms/sky130hd/setRC.tcl
filler_placement "sky130_fd_sc_hd__fill_1 sky130_fd_sc_hd__fill_2 sky130_fd_sc_hd__fill_4 sky130_fd_sc_hd__fill_8"
[INFO DPL-0001] Placed 50407 filler instances.
Design area 342287 um^2 56% utilization.
write_db /work/orfs/results/sky130hd/g2_pc2_u45/base/5_3_fillcell.odb
Elapsed time: 0:01.40[h:]min:sec. CPU time: user 1.12 sys 0.18 (92%). Peak memory: 267108KB.
Log                       Ext     Elapsed/s Peak Memory/MB sha1sum result [0:20)
5_3_fillcell              .odb            1            260 2ab6b8154ff420e79004
cp /work/orfs/results/sky130hd/g2_pc2_u45/base/5_3_fillcell.odb /work/orfs/results/sky130hd/g2_pc2_u45/base/5_route.odb
cp /work/orfs/results/sky130hd/g2_pc2_u45/base/5_1_grt.sdc /work/orfs/results/sky130hd/g2_pc2_u45/base/5_route.sdc
/OpenROAD-flow-scripts/flow/scripts/flow.sh 6_1_fill density_fill
Running density_fill.tcl, stage 6_1_fill
read_liberty /OpenROAD-flow-scripts/flow/platforms/sky130hd/lib/sky130_fd_sc_hd__tt_025C_1v80.lib
read_liberty /work/cells/g2_cells.lib
read_db /work/orfs/results/sky130hd/g2_pc2_u45/base/5_route.odb
read_sdc /work/orfs/results/sky130hd/g2_pc2_u45/base/5_route.sdc
source /OpenROAD-flow-scripts/flow/platforms/sky130hd/setRC.tcl
exec cp /work/orfs/results/sky130hd/g2_pc2_u45/base/5_route.odb /work/orfs/results/sky130hd/g2_pc2_u45/base/6_1_fill.odb
Elapsed time: 0:00.91[h:]min:sec. CPU time: user 0.64 sys 0.15 (86%). Peak memory: 203968KB.
Log                       Ext     Elapsed/s Peak Memory/MB sha1sum result [0:20)
6_1_fill                  .odb            0            199 2ab6b8154ff420e79004
cp /work/orfs/results/sky130hd/g2_pc2_u45/base/5_route.sdc /work/orfs/results/sky130hd/g2_pc2_u45/base/6_1_fill.sdc
/OpenROAD-flow-scripts/flow/scripts/flow.sh 6_report final_report
Running final_report.tcl, stage 6_report
read_liberty /OpenROAD-flow-scripts/flow/platforms/sky130hd/lib/sky130_fd_sc_hd__tt_025C_1v80.lib
read_liberty /work/cells/g2_cells.lib
read_db /work/orfs/results/sky130hd/g2_pc2_u45/base/6_1_fill.odb
read_sdc /work/orfs/results/sky130hd/g2_pc2_u45/base/6_1_fill.sdc
source /OpenROAD-flow-scripts/flow/platforms/sky130hd/setRC.tcl
write_db /work/orfs/results/sky130hd/g2_pc2_u45/base/6_final.odb
write_sdc -no_timestamp /work/orfs/results/sky130hd/g2_pc2_u45/base/6_final.sdc
Deleted 0 routing obstructions
Warning: master sky130_ef_sc_hd__decap_12 has signal pins but no liberty cell
Warning: master sky130_ef_sc_hd__decap_12 has signal pins but no liberty cell
Global output passed lec test
[INFO RCX-0431] Defined process_corner X with ext_model_index 0
[INFO RCX-0029] Defined extraction corner X
[INFO RCX-0435] Reading extraction model file /OpenROAD-flow-scripts/flow/platforms/sky130hd/rcx_patterns.rules ...
[INFO RCX-0436] RC segment generation top (max_merge_res 50.0) ...
[INFO RCX-0040] Final 92768 rc segments
[INFO RCX-0439] Coupling Cap extraction top ...
[INFO RCX-0440] Coupling threshhold is 0.1000 fF, coupling capacitance less than 0.1000 fF will be grounded.
[INFO RCX-0442] 50% of 145235 wires extracted
[INFO RCX-0442] 100% of 145235 wires extracted
[INFO RCX-0045] Extract 34515 nets, 127283 rsegs, 127283 caps, 139303 ccs
[INFO RCX-0443] 34515 nets finished
IR drop analysis for power nets is skipped because PWR_NETS_VOLTAGES is undefined
IR drop analysis for ground nets is skipped because GND_NETS_VOLTAGES is undefined
Cell type report:                       Count        Area
  Fill cell                             50407   264257.19
  Tap cell                               8064    10089.68
  Antenna cell                              9       22.52
  Buffer                                 4224    21780.89
  Clock buffer                            735    15370.99
  Timing Repair Buffer                   3644    30799.54
  Inverter                               1088     4083.92
  Clock inverter                          201     2464.86
  Sequential cell                        4362    87579.00
  Multi-Input combinational cell        20736   170095.64
  Total                                 93470   606544.22
Report metrics stage 6, finish...

==========================================================================
finish report_design_area
--------------------------------------------------------------------------
Design area 342287 um^2 56% utilization.
[WARNING GUI-0010] File path does not end with a valid extension, new path is: /work/orfs/reports/sky130hd/g2_pc2_u45/base/final_all.webp.png
[WARNING GUI-0010] File path does not end with a valid extension, new path is: /work/orfs/reports/sky130hd/g2_pc2_u45/base/final_routing.webp.png
[WARNING GUI-0010] File path does not end with a valid extension, new path is: /work/orfs/reports/sky130hd/g2_pc2_u45/base/final_placement.webp.png
[WARNING GUI-0010] File path does not end with a valid extension, new path is: /work/orfs/reports/sky130hd/g2_pc2_u45/base/final_clocks.webp.png
[WARNING GUI-0010] File path does not end with a valid extension, new path is: /work/orfs/reports/sky130hd/g2_pc2_u45/base/cts_default_clk.webp.png
[WARNING GUI-0010] File path does not end with a valid extension, new path is: /work/orfs/reports/sky130hd/g2_pc2_u45/base/cts_default_clk_layout.webp.png
[WARNING GUI-0010] File path does not end with a valid extension, new path is: /work/orfs/reports/sky130hd/g2_pc2_u45/base/final_resizer.webp.png
[WARNING GUI-0010] File path does not end with a valid extension, new path is: /work/orfs/reports/sky130hd/g2_pc2_u45/base/final_congestion.webp.png
[WARNING GUI-0010] File path does not end with a valid extension, new path is: /work/orfs/reports/sky130hd/g2_pc2_u45/base/final_worst_path.webp.png
Elapsed time: 0:29.42[h:]min:sec. CPU time: user 27.92 sys 0.95 (98%). Peak memory: 546376KB.
Log                       Ext     Elapsed/s Peak Memory/MB sha1sum result [0:20)
6_report                                 29            533                  N/A
cp /OpenROAD-flow-scripts/flow/platforms/sky130hd/lef/sky130_fd_sc_hd.tlef /work/orfs/objects/sky130hd/g2_pc2_u45/base/klayout_tech.lef
/usr/bin/python3 /OpenROAD-flow-scripts/flow/util/generate_klayout_tech.py \
	--template /OpenROAD-flow-scripts/flow/platforms/sky130hd/sky130hd.lyt \
	--output /work/orfs/objects/sky130hd/g2_pc2_u45/base/klayout.lyt \
	--lef-files /work/orfs/objects/sky130hd/g2_pc2_u45/base/klayout_tech.lef /OpenROAD-flow-scripts/flow/platforms/sky130hd/lef/sky130_fd_sc_hd_merged.lef /work/cells/g2_cells.lef   \
	--map-files 
/usr/bin/python3 /OpenROAD-flow-scripts/flow/scripts/run_command.py --log /work/orfs/logs/sky130hd/g2_pc2_u45/base/6_1_merge.log --tee -- \
        /OpenROAD-flow-scripts/flow/scripts/klayout.sh -zz -rd design_name=top \
        -rd in_def=/work/orfs/results/sky130hd/g2_pc2_u45/base/6_final.def \
        -rd in_files="/OpenROAD-flow-scripts/flow/platforms/sky130hd/gds/sky130_fd_sc_hd.gds  " \
        -rd seal_file="" \
        -rd out_file=/work/orfs/results/sky130hd/g2_pc2_u45/base/6_1_merged.gds \
        -rd tech_file=/work/orfs/objects/sky130hd/g2_pc2_u45/base/klayout.lyt \
        -rd layer_map= \
        -r /OpenROAD-flow-scripts/flow/util/def2stream.py
KLayout 0.30.12
[INFO] Reporting cells prior to loading DEF ...
	/OpenROAD-flow-scripts/flow/platforms/sky130hd/gds/sky130_fd_sc_hd.gds
[ERROR] LEF Cell 'VSITE_ZERO' has no matching GDS/OAS cell. Cell will be empty.
[ERROR] LEF Cell 'LTAP' has no matching GDS/OAS cell. Cell will be empty.
[ERROR] LEF Cell 'VSITE_BUF' has no matching GDS/OAS cell. Cell will be empty.
[INFO] No orphan cells in the final layout
Elapsed time: 0:04.16[h:]min:sec. CPU time: user 3.80 sys 0.34 (99%). Peak memory: 569536KB.
make[1]: *** [Makefile:756: do-gds-merged] Error 3
make: *** [Makefile:752: /work/orfs/results/sky130hd/g2_pc2_u45/base/6_1_merged.gds] Error 2
