mkdir -p /work/orfs/results/sky130hd/s_ubp4_n64_u60/base/
echo 3.0 > /work/orfs/results/sky130hd/s_ubp4_n64_u60/base/clock_period.txt
/OpenROAD-flow-scripts/flow/scripts/synth.sh /OpenROAD-flow-scripts/flow/scripts/synth_canonicalize.tcl /work/orfs/logs/sky130hd/s_ubp4_n64_u60/base/1_1_yosys_canonicalize.log
exec cp /work/ubp4_n64/netlist.v /work/orfs/results/sky130hd/s_ubp4_n64_u60/base/1_2_yosys.v
exec touch -r /work/ubp4_n64/netlist.v /work/orfs/results/sky130hd/s_ubp4_n64_u60/base/1_2_yosys.v
Elapsed time: 0:00.05[h:]min:sec. CPU time: user 0.04 sys 0.01 (91%). Peak memory: 26788KB.
Log                       Ext     Elapsed/s Peak Memory/MB sha1sum result [0:20)
1_1_yosys_canonicalize                    0             26                  N/A
/OpenROAD-flow-scripts/flow/scripts/synth.sh /OpenROAD-flow-scripts/flow/scripts/synth.tcl /work/orfs/logs/sky130hd/s_ubp4_n64_u60/base/1_2_yosys.log
exec cp /work/ubp4_n64/netlist.v /work/orfs/results/sky130hd/s_ubp4_n64_u60/base/1_2_yosys.v
exec touch -r /work/ubp4_n64/netlist.v /work/orfs/results/sky130hd/s_ubp4_n64_u60/base/1_2_yosys.v
Elapsed time: 0:00.11[h:]min:sec. CPU time: user 0.04 sys 0.00 (42%). Peak memory: 27168KB.
Log                       Ext     Elapsed/s Peak Memory/MB sha1sum result [0:20)
1_2_yosys                 .v              0             26 39caca9ae0e14b55ad8e
cp /work/ubp4_n64/constraint.sdc /work/orfs/results/sky130hd/s_ubp4_n64_u60/base/1_2_yosys.sdc
touch -r /work/ubp4_n64/constraint.sdc /work/orfs/results/sky130hd/s_ubp4_n64_u60/base/1_2_yosys.sdc
OpenROAD unknown 
Features included (+) or not (-): -GPU +GUI -Python
This program is licensed under the BSD-3 license. See the LICENSE file for details.
Components of this program may be licensed under more restrictive licenses which must be honored.
[INFO ORD-0030] Using 2 thread(s).
mkdir -p /work/orfs/objects/sky130hd/s_ubp4_n64_u60/base
/OpenROAD-flow-scripts/flow/scripts/flow.sh 1_synth synth_odb
Running synth_odb.tcl, stage 1_synth
read_liberty /OpenROAD-flow-scripts/flow/platforms/sky130hd/lib/sky130_fd_sc_hd__tt_025C_1v80.lib
[INFO ODB-0227] LEF file: /OpenROAD-flow-scripts/flow/platforms/sky130hd/lef/sky130_fd_sc_hd.tlef, created 13 layers, 25 vias
[INFO ODB-0227] LEF file: /OpenROAD-flow-scripts/flow/platforms/sky130hd/lef/sky130_fd_sc_hd_merged.lef, created 441 library cells
link_design top
read_sdc /work/orfs/results/sky130hd/s_ubp4_n64_u60/base/1_2_yosys.sdc
source /OpenROAD-flow-scripts/flow/platforms/sky130hd/setRC.tcl
eliminate_dead_logic
Removed 1719 unused instances and 1719 unused nets.
Design area 154658 um^2 100% utilization.
write_db /work/orfs/results/sky130hd/s_ubp4_n64_u60/base/1_synth.odb
write_sdc -no_timestamp /work/orfs/results/sky130hd/s_ubp4_n64_u60/base/1_synth.sdc
Warning: master sky130_ef_sc_hd__decap_12 has signal pins but no liberty cell
Elapsed time: 0:01.33[h:]min:sec. CPU time: user 0.73 sys 0.10 (61%). Peak memory: 136064KB.
Log                       Ext     Elapsed/s Peak Memory/MB sha1sum result [0:20)
1_synth                   .odb            1            132 b8d59605ad2bd3a76fb8
1_synth                   .sdc                             c9b52a36521419161edd
/OpenROAD-flow-scripts/flow/scripts/flow.sh 2_1_floorplan floorplan
Running floorplan.tcl, stage 2_1_floorplan
read_liberty /OpenROAD-flow-scripts/flow/platforms/sky130hd/lib/sky130_fd_sc_hd__tt_025C_1v80.lib
read_db /work/orfs/results/sky130hd/s_ubp4_n64_u60/base/1_synth.odb
read_sdc /work/orfs/results/sky130hd/s_ubp4_n64_u60/base/1_synth.sdc
source /OpenROAD-flow-scripts/flow/platforms/sky130hd/setRC.tcl
Master sky130_ef_sc_hd__decap_12 is loaded but not used in the design

==========================================================================
Floorplan check_setup
--------------------------------------------------------------------------
number instances in verilog is 10793
initialize_floorplan -utilization 60 -aspect_ratio 1 -core_space 2 -site unithd
[INFO IFP-0107] Defining die area using utilization: 60.00% and aspect ratio: 1.
[WARNING IFP-0028] Core area lower left (2.000, 2.000) snapped to (2.300, 2.720).
[INFO IFP-0001] Added 186 rows of 1103 site unithd.
[INFO IFP-0100] Die BBox:  (  0.000  0.000 ) ( 511.705 511.705 ) um
[INFO IFP-0101] Core BBox: (  2.300  2.720 ) ( 509.680 508.640 ) um
[INFO IFP-0102] Core area:                       256693.690 um^2
[INFO IFP-0103] Total instances area:            154658.330 um^2
[INFO IFP-0104] Effective utilization:                0.603
[INFO IFP-0105] Number of instances:                  10793
source /OpenROAD-flow-scripts/flow/platforms/sky130hd/make_tracks.tcl
source /OpenROAD-flow-scripts/flow/platforms/sky130hd/fastroute.tcl
set_dont_use "sky130_fd_sc_hd__probe_p_8 sky130_fd_sc_hd__probec_p_8 sky130_fd_sc_hd__lpflow_bleeder_1 sky130_fd_sc_hd__lpflow_clkbufkapwr_1 sky130_fd_sc_hd__lpflow_clkbufkapwr_16 sky130_fd_sc_hd__lpflow_clkbufkapwr_2 sky130_fd_sc_hd__lpflow_clkbufkapwr_4 sky130_fd_sc_hd__lpflow_clkbufkapwr_8 sky130_fd_sc_hd__lpflow_clkinvkapwr_1 sky130_fd_sc_hd__lpflow_clkinvkapwr_16 sky130_fd_sc_hd__lpflow_clkinvkapwr_2 sky130_fd_sc_hd__lpflow_clkinvkapwr_4 sky130_fd_sc_hd__lpflow_clkinvkapwr_8 sky130_fd_sc_hd__lpflow_decapkapwr_12 sky130_fd_sc_hd__lpflow_decapkapwr_3 sky130_fd_sc_hd__lpflow_decapkapwr_4 sky130_fd_sc_hd__lpflow_decapkapwr_6 sky130_fd_sc_hd__lpflow_decapkapwr_8 sky130_fd_sc_hd__lpflow_inputiso0n_1 sky130_fd_sc_hd__lpflow_inputiso0p_1 sky130_fd_sc_hd__lpflow_inputiso1n_1 sky130_fd_sc_hd__lpflow_inputiso1p_1 sky130_fd_sc_hd__lpflow_inputisolatch_1 sky130_fd_sc_hd__lpflow_isobufsrc_1 sky130_fd_sc_hd__lpflow_isobufsrc_16 sky130_fd_sc_hd__lpflow_isobufsrc_2 sky130_fd_sc_hd__lpflow_isobufsrc_4 sky130_fd_sc_hd__lpflow_isobufsrc_8 sky130_fd_sc_hd__lpflow_isobufsrckapwr_16 sky130_fd_sc_hd__lpflow_lsbuf_lh_hl_isowell_tap_1 sky130_fd_sc_hd__lpflow_lsbuf_lh_hl_isowell_tap_2 sky130_fd_sc_hd__lpflow_lsbuf_lh_hl_isowell_tap_4 sky130_fd_sc_hd__lpflow_lsbuf_lh_isowell_4 sky130_fd_sc_hd__lpflow_lsbuf_lh_isowell_tap_1 sky130_fd_sc_hd__lpflow_lsbuf_lh_isowell_tap_2 sky130_fd_sc_hd__lpflow_lsbuf_lh_isowell_tap_4"
repair_tie_fanout -separation 0 sky130_fd_sc_hd__tt_025C_1v80/sky130_fd_sc_hd__conb_1/LO
[INFO RSZ-0042] Inserted 34 tie sky130_fd_sc_hd__conb_1 instances.
repair_tie_fanout -separation 0 sky130_fd_sc_hd__tt_025C_1v80/sky130_fd_sc_hd__conb_1/HI
repair_timing -setup_margin 0 -hold_margin 0 -repair_tns 100 -match_cell_footprint -setup -skip_last_gasp -sequence unbuffer,sizeup,swap,vt_swap -verbose
[WARNING EST-0027] no estimated parasitics. Using wire load models.
[INFO RSZ-0100] Repair move sequence: UnbufferMove SizeUpMove SwapPinsMove 
[INFO RSZ-0094] Found 1772 endpoints with setup violations.
[INFO RSZ-0099] Repairing 1772 out of 1772 (100.00%) violating endpoints...
   Iter   | Removed | Resized | Inserted | Cloned |  Pin  |   Area   |    WNS   |    TNS     |  Viol  |  Worst
          | Buffers |  Gates  | Buffers  |  Gates | Swaps |          |          |            | Endpts | Endpoint
------------------------------------------------------------------------------------------------------------------------------
       0* |       0 |       0 |        0 |      0 |     0 |    +0.0% |   -7.491 |   -10368.9 |   1772 | row0/_108_/D
       5* |       0 |       4 |        0 |      0 |     0 |    +0.0% |   -0.797 |     -748.1 |   1772 | row0/_110_/D
       8* |       0 |       5 |        0 |      0 |     1 |    +0.0% |   -0.797 |     -748.0 |   1772 | row0/_112_/D
      10* |       0 |       6 |        0 |      0 |     1 |    +0.0% |   -0.797 |     -748.0 |   1772 | row0/_114_/D
      11* |       0 |       6 |        0 |      0 |     2 |    +0.0% |   -0.797 |     -747.9 |   1772 | row0/_114_/D
      14* |       0 |       7 |        0 |      0 |     3 |    +0.0% |   -0.797 |     -747.9 |   1772 | row1/_112_/D
      17* |       0 |       8 |        0 |      0 |     4 |    +0.0% |   -0.797 |     -747.8 |   1772 | row1/_112_/D
      20* |       0 |       9 |        0 |      0 |     5 |    +0.0% |   -0.797 |     -747.8 |   1772 | row1/_112_/D
      20* |       0 |       9 |        0 |      0 |     5 |    +0.0% |   -0.797 |     -747.8 |   1772 | row1/_112_/D
      23* |       0 |      10 |        0 |      0 |     6 |    +0.0% |   -0.797 |     -747.7 |   1772 | row1/_112_/D
      26* |       0 |      11 |        0 |      0 |     7 |    +0.0% |   -0.797 |     -747.7 |   1772 | row1/_112_/D
      29* |       0 |      12 |        0 |      0 |     8 |    +0.0% |   -0.797 |     -747.6 |   1772 | row1/_112_/D
      30* |       0 |      12 |        0 |      0 |     8 |    +0.0% |   -0.797 |     -747.6 |   1772 | row1/_112_/D
      32* |       0 |      13 |        0 |      0 |     9 |    +0.0% |   -0.797 |     -747.6 |   1772 | row1/_112_/D
      35* |       0 |      14 |        0 |      0 |    10 |    +0.0% |   -0.797 |     -747.5 |   1772 | row1/_114_/D
      38* |       0 |      15 |        0 |      0 |    11 |    +0.0% |   -0.797 |     -747.5 |   1772 | row1/_118_/D
      40* |       0 |      16 |        0 |      0 |    11 |    +0.0% |   -0.797 |     -747.5 |   1772 | row1/_118_/D
      41* |       0 |      16 |        0 |      0 |    12 |    +0.0% |   -0.797 |     -747.4 |   1772 | row1/_118_/D
      44* |       0 |      17 |        0 |      0 |    13 |    +0.0% |   -0.797 |     -747.4 |   1772 | row1/_122_/D
      47* |       0 |      18 |        0 |      0 |    14 |    +0.0% |   -0.797 |     -746.6 |   1772 | row1/_122_/D
      50* |       0 |      19 |        0 |      0 |    15 |    +0.0% |   -0.797 |     -746.5 |   1772 | row10/_108_/D
      50* |       0 |      19 |        0 |      0 |    15 |    +0.0% |   -0.797 |     -746.5 |   1772 | row10/_108_/D
      53* |       0 |      20 |        0 |      0 |    16 |    +0.0% |   -0.797 |     -746.4 |   1772 | row10/_112_/D
      56* |       0 |      21 |        0 |      0 |    17 |    +0.0% |   -0.797 |     -746.4 |   1772 | row10/_112_/D
      59* |       0 |      22 |        0 |      0 |    18 |    +0.0% |   -0.797 |     -746.3 |   1772 | row10/_116_/D
      60* |       0 |      22 |        0 |      0 |    18 |    +0.0% |   -0.797 |     -746.3 |   1772 | row10/_116_/D
      62* |       0 |      23 |        0 |      0 |    19 |    +0.0% |   -0.797 |     -746.3 |   1772 | row10/_116_/D
      65* |       0 |      24 |        0 |      0 |    20 |    +0.0% |   -0.797 |     -746.2 |   1772 | row10/_118_/D
      68* |       0 |      25 |        0 |      0 |    21 |    +0.0% |   -0.797 |     -746.2 |   1772 | row11/_110_/D
      70* |       0 |      26 |        0 |      0 |    21 |    +0.0% |   -0.797 |     -746.2 |   1772 | row11/_110_/D
      71* |       0 |      26 |        0 |      0 |    22 |    +0.0% |   -0.797 |     -746.1 |   1772 | row11/_110_/D
      74* |       0 |      27 |        0 |      0 |    23 |    +0.0% |   -0.797 |     -746.1 |   1772 | row11/_110_/D
      77* |       0 |      28 |        0 |      0 |    24 |    +0.0% |   -0.797 |     -746.0 |   1772 | row11/_110_/D
      80* |       0 |      29 |        0 |      0 |    25 |    +0.0% |   -0.797 |     -746.0 |   1772 | row11/_114_/D
      80* |       0 |      29 |        0 |      0 |    25 |    +0.0% |   -0.797 |     -746.0 |   1772 | row11/_114_/D
      83* |       0 |      30 |        0 |      0 |    26 |    +0.0% |   -0.797 |     -745.9 |   1772 | row11/_114_/D
      86* |       0 |      31 |        0 |      0 |    27 |    +0.0% |   -0.797 |     -745.9 |   1772 | row11/_116_/D
      89* |       0 |      32 |        0 |      0 |    28 |    +0.0% |   -0.797 |     -745.8 |   1772 | row11/_120_/D
      90* |       0 |      32 |        0 |      0 |    28 |    +0.0% |   -0.797 |     -745.8 |   1772 | row11/_120_/D
      92* |       0 |      33 |        0 |      0 |    29 |    +0.0% |   -0.797 |     -745.8 |   1772 | row11/_120_/D
      95* |       0 |      34 |        0 |      0 |    30 |    +0.0% |   -0.797 |     -745.7 |   1772 | row12/_116_/D
      98* |       0 |      35 |        0 |      0 |    31 |    +0.0% |   -0.797 |     -745.6 |   1772 | row12/_116_/D
     100* |       0 |      36 |        0 |      0 |    31 |    +0.0% |   -0.797 |     -745.6 |   1772 | row12/_116_/D
     101* |       0 |      36 |        0 |      0 |    32 |    +0.0% |   -0.797 |     -745.6 |   1772 | row12/_116_/D
     104* |       0 |      37 |        0 |      0 |    33 |    +0.0% |   -0.797 |     -745.6 |   1772 | row12/_116_/D
     107* |       0 |      38 |        0 |      0 |    34 |    +0.0% |   -0.797 |     -745.5 |   1772 | row12/_116_/D
     110* |       0 |      39 |        0 |      0 |    35 |    +0.0% |   -0.797 |     -745.5 |   1772 | row12/_116_/D
     110* |       0 |      39 |        0 |      0 |    35 |    +0.0% |   -0.797 |     -745.5 |   1772 | row12/_116_/D
     113* |       0 |      40 |        0 |      0 |    36 |    +0.0% |   -0.797 |     -745.4 |   1772 | row12/_122_/D
     116* |       0 |      41 |        0 |      0 |    37 |    +0.0% |   -0.797 |     -745.4 |   1772 | row12/_122_/D
     119* |       0 |      42 |        0 |      0 |    38 |    +0.0% |   -0.797 |     -745.3 |   1772 | row12/_122_/D
     120* |       0 |      42 |        0 |      0 |    38 |    +0.0% |   -0.797 |     -745.3 |   1772 | row12/_122_/D
     122* |       0 |      43 |        0 |      0 |    39 |    +0.0% |   -0.797 |     -745.3 |   1772 | row13/_110_/D
     125* |       0 |      44 |        0 |      0 |    40 |    +0.0% |   -0.797 |     -745.2 |   1772 | row13/_110_/D
     128* |       0 |      45 |        0 |      0 |    41 |    +0.0% |   -0.797 |     -745.1 |   1772 | row13/_112_/D
     130* |       0 |      46 |        0 |      0 |    41 |    +0.0% |   -0.797 |     -745.1 |   1772 | row13/_114_/D
     131* |       0 |      46 |        0 |      0 |    42 |    +0.0% |   -0.797 |     -745.1 |   1772 | row13/_114_/D
     134* |       0 |      47 |        0 |      0 |    43 |    +0.0% |   -0.797 |     -745.0 |   1772 | row13/_116_/D
     137* |       0 |      48 |        0 |      0 |    44 |    +0.0% |   -0.797 |     -745.0 |   1772 | row14/_110_/D
     140* |       0 |      49 |        0 |      0 |    45 |    +0.0% |   -0.797 |     -744.9 |   1772 | row14/_110_/D
     140* |       0 |      49 |        0 |      0 |    45 |    +0.0% |   -0.797 |     -744.9 |   1772 | row14/_110_/D
     143* |       0 |      50 |        0 |      0 |    46 |    +0.0% |   -0.797 |     -744.9 |   1772 | row14/_110_/D
     146* |       0 |      51 |        0 |      0 |    47 |    +0.0% |   -0.797 |     -744.8 |   1772 | row14/_110_/D
     149* |       0 |      52 |        0 |      0 |    48 |    +0.0% |   -0.797 |     -744.8 |   1772 | row14/_110_/D
     150* |       0 |      52 |        0 |      0 |    48 |    +0.0% |   -0.797 |     -744.8 |   1772 | row14/_110_/D
     152* |       0 |      53 |        0 |      0 |    49 |    +0.0% |   -0.797 |     -744.7 |   1772 | row14/_112_/D
     155* |       0 |      54 |        0 |      0 |    50 |    +0.0% |   -0.797 |     -744.7 |   1772 | row14/_114_/D
     158* |       0 |      55 |        0 |      0 |    51 |    +0.0% |   -0.797 |     -744.6 |   1772 | row14/_116_/D
     160* |       0 |      56 |        0 |      0 |    51 |    +0.0% |   -0.797 |     -744.6 |   1772 | row14/_120_/D
     161* |       0 |      56 |        0 |      0 |    52 |    +0.0% |   -0.797 |     -744.5 |   1772 | row14/_120_/D
     164* |       0 |      57 |        0 |      0 |    53 |    +0.0% |   -0.797 |     -744.5 |   1772 | row14/_120_/D
     167* |       0 |      58 |        0 |      0 |    54 |    +0.0% |   -0.797 |     -744.4 |   1772 | row14/_122_/D
     170* |       0 |      59 |        0 |      0 |    55 |    +0.0% |   -0.797 |     -744.4 |   1772 | row15/_108_/D
     170* |       0 |      59 |        0 |      0 |    55 |    +0.0% |   -0.797 |     -744.4 |   1772 | row15/_108_/D
     173* |       0 |      60 |        0 |      0 |    56 |    +0.1% |   -0.797 |     -744.3 |   1772 | row15/_112_/D
     176* |       0 |      61 |        0 |      0 |    57 |    +0.1% |   -0.797 |     -744.3 |   1772 | row15/_112_/D
     179* |       0 |      62 |        0 |      0 |    58 |    +0.1% |   -0.797 |     -744.2 |   1772 | row15/_120_/D
     180* |       0 |      62 |        0 |      0 |    58 |    +0.1% |   -0.797 |     -744.2 |   1772 | row15/_120_/D
     182* |       0 |      63 |        0 |      0 |    59 |    +0.1% |   -0.797 |     -743.4 |   1772 | row15/_120_/D
     185* |       0 |      64 |        0 |      0 |    60 |    +0.1% |   -0.797 |     -743.3 |   1772 | row15/_120_/D
     188* |       0 |      65 |        0 |      0 |    61 |    +0.1% |   -0.797 |     -743.3 |   1772 | row15/_120_/D
     190* |       0 |      66 |        0 |      0 |    61 |    +0.1% |   -0.797 |     -743.2 |   1772 | row15/_122_/D
     191* |       0 |      66 |        0 |      0 |    62 |    +0.1% |   -0.797 |     -743.2 |   1772 | row15/_122_/D
     194* |       0 |      67 |        0 |      0 |    63 |    +0.1% |   -0.797 |     -743.1 |   1772 | row16/_108_/D
     197* |       0 |      68 |        0 |      0 |    64 |    +0.1% |   -0.797 |     -743.1 |   1772 | row16/_110_/D
     200* |       0 |      69 |        0 |      0 |    65 |    +0.1% |   -0.797 |     -743.0 |   1772 | row16/_112_/D
     200* |       0 |      69 |        0 |      0 |    65 |    +0.1% |   -0.797 |     -743.0 |   1772 | row16/_112_/D
     203* |       0 |      70 |        0 |      0 |    66 |    +0.1% |   -0.797 |     -742.9 |   1772 | row16/_118_/D
     206* |       0 |      71 |        0 |      0 |    67 |    +0.1% |   -0.797 |     -742.9 |   1772 | row16/_118_/D
     209* |       0 |      72 |        0 |      0 |    68 |    +0.1% |   -0.797 |     -742.8 |   1772 | row16/_118_/D
     210* |       0 |      72 |        0 |      0 |    68 |    +0.1% |   -0.797 |     -742.8 |   1772 | row16/_118_/D
     212* |       0 |      73 |        0 |      0 |    69 |    +0.1% |   -0.797 |     -742.8 |   1772 | row16/_122_/D
     215* |       0 |      74 |        0 |      0 |    70 |    +0.1% |   -0.797 |     -742.7 |   1772 | row16/_122_/D
     218* |       0 |      75 |        0 |      0 |    71 |    +0.1% |   -0.797 |     -742.7 |   1772 | row17/_112_/D
     220* |       0 |      76 |        0 |      0 |    71 |    +0.1% |   -0.797 |     -742.6 |   1772 | row17/_112_/D
     221* |       0 |      76 |        0 |      0 |    72 |    +0.1% |   -0.797 |     -742.6 |   1772 | row17/_112_/D
     224* |       0 |      77 |        0 |      0 |    73 |    +0.1% |   -0.797 |     -742.5 |   1772 | row17/_112_/D
     227* |       0 |      78 |        0 |      0 |    74 |    +0.1% |   -0.797 |     -742.5 |   1772 | row17/_116_/D
     230* |       0 |      79 |        0 |      0 |    75 |    +0.1% |   -0.797 |     -742.4 |   1772 | row17/_116_/D
     230* |       0 |      79 |        0 |      0 |    75 |    +0.1% |   -0.797 |     -742.4 |   1772 | row17/_116_/D
     233* |       0 |      80 |        0 |      0 |    76 |    +0.1% |   -0.797 |     -742.4 |   1772 | row17/_122_/D
     236* |       0 |      81 |        0 |      0 |    77 |    +0.1% |   -0.797 |     -742.3 |   1772 | row17/_122_/D
     239* |       0 |      82 |        0 |      0 |    78 |    +0.1% |   -0.797 |     -742.3 |   1772 | row17/_122_/D
     240* |       0 |      82 |        0 |      0 |    78 |    +0.1% |   -0.797 |     -742.3 |   1772 | row17/_122_/D
     242* |       0 |      83 |        0 |      0 |    79 |    +0.1% |   -0.797 |     -742.2 |   1772 | row18/_112_/D
     245* |       0 |      84 |        0 |      0 |    80 |    +0.1% |   -0.797 |     -742.2 |   1772 | row18/_112_/D
     248* |       0 |      85 |        0 |      0 |    81 |    +0.1% |   -0.797 |     -742.2 |   1772 | row18/_112_/D
     250* |       0 |      86 |        0 |      0 |    81 |    +0.1% |   -0.797 |     -742.1 |   1772 | row18/_114_/D
     251* |       0 |      86 |        0 |      0 |    82 |    +0.1% |   -0.797 |     -742.1 |   1772 | row18/_114_/D
     254* |       0 |      87 |        0 |      0 |    83 |    +0.1% |   -0.797 |     -742.0 |   1772 | row19/_108_/D
     257* |       0 |      88 |        0 |      0 |    84 |    +0.1% |   -0.797 |     -742.0 |   1772 | row19/_108_/D
     260* |       0 |      89 |        0 |      0 |    85 |    +0.1% |   -0.797 |     -741.9 |   1772 | row19/_108_/D
     260* |       0 |      89 |        0 |      0 |    85 |    +0.1% |   -0.797 |     -741.9 |   1772 | row19/_108_/D
     263* |       0 |      90 |        0 |      0 |    86 |    +0.1% |   -0.797 |     -741.9 |   1772 | row19/_108_/D
     266* |       0 |      91 |        0 |      0 |    87 |    +0.1% |   -0.797 |     -741.9 |   1772 | row19/_108_/D
     269* |       0 |      92 |        0 |      0 |    88 |    +0.1% |   -0.797 |     -741.8 |   1772 | row19/_110_/D
     270* |       0 |      92 |        0 |      0 |    88 |    +0.1% |   -0.797 |     -741.8 |   1772 | row19/_110_/D
     272* |       0 |      93 |        0 |      0 |    89 |    +0.1% |   -0.797 |     -741.7 |   1772 | row19/_112_/D
     275* |       0 |      94 |        0 |      0 |    90 |    +0.1% |   -0.797 |     -741.7 |   1772 | row19/_118_/D
     278* |       0 |      95 |        0 |      0 |    91 |    +0.1% |   -0.797 |     -741.6 |   1772 | row19/_118_/D
     280* |       0 |      96 |        0 |      0 |    91 |    +0.1% |   -0.797 |     -741.6 |   1772 | row19/_118_/D
     281* |       0 |      96 |        0 |      0 |    92 |    +0.1% |   -0.797 |     -741.6 |   1772 | row19/_118_/D
     284* |       0 |      97 |        0 |      0 |    93 |    +0.1% |   -0.797 |     -741.5 |   1772 | row19/_120_/D
     287* |       0 |      98 |        0 |      0 |    94 |    +0.1% |   -0.797 |     -741.5 |   1772 | row2/_110_/D
     290* |       0 |      99 |        0 |      0 |    95 |    +0.1% |   -0.797 |     -741.4 |   1772 | row2/_110_/D
     290* |       0 |      99 |        0 |      0 |    95 |    +0.1% |   -0.797 |     -741.4 |   1772 | row2/_110_/D
     293* |       0 |     100 |        0 |      0 |    96 |    +0.1% |   -0.797 |     -741.4 |   1772 | row2/_110_/D
     296* |       0 |     101 |        0 |      0 |    97 |    +0.1% |   -0.797 |     -741.3 |   1772 | row20/_108_/D
     299* |       0 |     102 |        0 |      0 |    98 |    +0.1% |   -0.797 |     -741.3 |   1772 | row20/_108_/D
     300* |       0 |     102 |        0 |      0 |    98 |    +0.1% |   -0.797 |     -741.3 |   1772 | row20/_108_/D
     302* |       0 |     103 |        0 |      0 |    99 |    +0.1% |   -0.797 |     -741.2 |   1772 | row20/_108_/D
     305* |       0 |     104 |        0 |      0 |   100 |    +0.1% |   -0.797 |     -741.2 |   1772 | row20/_108_/D
     308* |       0 |     105 |        0 |      0 |   101 |    +0.1% |   -0.797 |     -741.1 |   1772 | row20/_108_/D
     310* |       0 |     106 |        0 |      0 |   101 |    +0.1% |   -0.797 |     -741.1 |   1772 | row20/_108_/D
     311* |       0 |     106 |        0 |      0 |   102 |    +0.1% |   -0.797 |     -741.1 |   1772 | row20/_108_/D
     314* |       0 |     107 |        0 |      0 |   103 |    +0.1% |   -0.797 |     -741.1 |   1772 | row20/_108_/D
     317* |       0 |     108 |        0 |      0 |   104 |    +0.1% |   -0.797 |     -741.0 |   1772 | row21/_110_/D
     320* |       0 |     109 |        0 |      0 |   105 |    +0.1% |   -0.797 |     -740.9 |   1772 | row21/_110_/D
     320* |       0 |     109 |        0 |      0 |   105 |    +0.1% |   -0.797 |     -740.9 |   1772 | row21/_110_/D
     323* |       0 |     110 |        0 |      0 |   106 |    +0.1% |   -0.797 |     -740.9 |   1772 | row21/_110_/D
     326* |       0 |     111 |        0 |      0 |   107 |    +0.1% |   -0.797 |     -740.8 |   1772 | row21/_110_/D
     329* |       0 |     112 |        0 |      0 |   108 |    +0.1% |   -0.797 |     -740.8 |   1772 | row21/_110_/D
     330* |       0 |     112 |        0 |      0 |   108 |    +0.1% |   -0.797 |     -740.8 |   1772 | row21/_110_/D
     332* |       0 |     113 |        0 |      0 |   109 |    +0.1% |   -0.797 |     -740.7 |   1772 | row21/_110_/D
     335* |       0 |     114 |        0 |      0 |   110 |    +0.1% |   -0.797 |     -740.7 |   1772 | row21/_110_/D
     338* |       0 |     115 |        0 |      0 |   111 |    +0.1% |   -0.797 |     -740.6 |   1772 | row21/_110_/D
     340* |       0 |     116 |        0 |      0 |   111 |    +0.1% |   -0.797 |     -740.6 |   1772 | row21/_110_/D
     341* |       0 |     116 |        0 |      0 |   112 |    +0.1% |   -0.797 |     -740.6 |   1772 | row21/_110_/D
     344* |       0 |     117 |        0 |      0 |   113 |    +0.1% |   -0.797 |     -740.5 |   1772 | row21/_112_/D
     347* |       0 |     118 |        0 |      0 |   114 |    +0.1% |   -0.797 |     -740.5 |   1772 | row22/_108_/D
     350* |       0 |     119 |        0 |      0 |   115 |    +0.1% |   -0.797 |     -740.4 |   1772 | row22/_108_/D
     350* |       0 |     119 |        0 |      0 |   115 |    +0.1% |   -0.797 |     -740.4 |   1772 | row22/_108_/D
     353* |       0 |     120 |        0 |      0 |   116 |    +0.1% |   -0.797 |     -739.6 |   1772 | row22/_108_/D
     356* |       0 |     121 |        0 |      0 |   117 |    +0.1% |   -0.797 |     -739.6 |   1772 | row22/_108_/D
     359* |       0 |     122 |        0 |      0 |   118 |    +0.1% |   -0.797 |     -739.5 |   1772 | row22/_108_/D
     360* |       0 |     122 |        0 |      0 |   118 |    +0.1% |   -0.797 |     -739.5 |   1772 | row22/_108_/D
     362* |       0 |     123 |        0 |      0 |   119 |    +0.1% |   -0.797 |     -739.5 |   1772 | row22/_108_/D
     365* |       0 |     124 |        0 |      0 |   120 |    +0.1% |   -0.797 |     -739.4 |   1772 | row22/_114_/D
     368* |       0 |     125 |        0 |      0 |   121 |    +0.1% |   -0.797 |     -739.4 |   1772 | row22/_114_/D
     370* |       0 |     126 |        0 |      0 |   121 |    +0.1% |   -0.797 |     -739.4 |   1772 | row22/_114_/D
     371* |       0 |     126 |        0 |      0 |   122 |    +0.1% |   -0.797 |     -739.4 |   1772 | row22/_114_/D
     374* |       0 |     127 |        0 |      0 |   123 |    +0.1% |   -0.797 |     -739.3 |   1772 | row22/_116_/D
     377* |       0 |     128 |        0 |      0 |   124 |    +0.1% |   -0.797 |     -739.2 |   1772 | row22/_118_/D
     380* |       0 |     129 |        0 |      0 |   125 |    +0.1% |   -0.797 |     -739.2 |   1772 | row23/_110_/D
     380* |       0 |     129 |        0 |      0 |   125 |    +0.1% |   -0.797 |     -739.2 |   1772 | row23/_110_/D
     383* |       0 |     130 |        0 |      0 |   126 |    +0.1% |   -0.797 |     -739.1 |   1772 | row23/_110_/D
     386* |       0 |     131 |        0 |      0 |   127 |    +0.1% |   -0.797 |     -739.1 |   1772 | row23/_110_/D
     389* |       0 |     132 |        0 |      0 |   128 |    +0.1% |   -0.797 |     -739.0 |   1772 | row23/_110_/D
     390* |       0 |     132 |        0 |      0 |   128 |    +0.1% |   -0.797 |     -739.0 |   1772 | row23/_110_/D
     392* |       0 |     133 |        0 |      0 |   129 |    +0.1% |   -0.797 |     -739.0 |   1772 | row23/_112_/D
     395* |       0 |     134 |        0 |      0 |   130 |    +0.1% |   -0.797 |     -738.9 |   1772 | row23/_114_/D
     398* |       0 |     135 |        0 |      0 |   131 |    +0.1% |   -0.797 |     -738.9 |   1772 | row23/_120_/D
     400* |       0 |     136 |        0 |      0 |   131 |    +0.1% |   -0.797 |     -738.8 |   1772 | row23/_120_/D
     401* |       0 |     136 |        0 |      0 |   132 |    +0.1% |   -0.797 |     -738.8 |   1772 | row23/_120_/D
     404* |       0 |     137 |        0 |      0 |   133 |    +0.1% |   -0.797 |     -738.8 |   1772 | row23/_120_/D
     407* |       0 |     138 |        0 |      0 |   134 |    +0.1% |   -0.797 |     -738.7 |   1772 | row24/_108_/D
     410* |       0 |     139 |        0 |      0 |   135 |    +0.1% |   -0.797 |     -738.7 |   1772 | row24/_108_/D
     410* |       0 |     139 |        0 |      0 |   135 |    +0.1% |   -0.797 |     -738.7 |   1772 | row24/_108_/D
     413* |       0 |     140 |        0 |      0 |   136 |    +0.1% |   -0.797 |     -738.6 |   1772 | row24/_110_/D
     416* |       0 |     141 |        0 |      0 |   137 |    +0.1% |   -0.797 |     -738.5 |   1772 | row24/_114_/D
     419* |       0 |     142 |        0 |      0 |   138 |    +0.1% |   -0.797 |     -738.5 |   1772 | row24/_114_/D
     420* |       0 |     142 |        0 |      0 |   138 |    +0.1% |   -0.797 |     -738.5 |   1772 | row24/_114_/D
     422* |       0 |     143 |        0 |      0 |   139 |    +0.1% |   -0.797 |     -738.4 |   1772 | row24/_116_/D
     425* |       0 |     144 |        0 |      0 |   140 |    +0.1% |   -0.797 |     -738.4 |   1772 | row24/_118_/D
     428* |       0 |     145 |        0 |      0 |   141 |    +0.1% |   -0.797 |     -738.3 |   1772 | row24/_120_/D
     430* |       0 |     146 |        0 |      0 |   141 |    +0.1% |   -0.797 |     -738.3 |   1772 | row25/_108_/D
     431* |       0 |     146 |        0 |      0 |   142 |    +0.1% |   -0.797 |     -738.2 |   1772 | row25/_108_/D
     434* |       0 |     147 |        0 |      0 |   143 |    +0.1% |   -0.797 |     -738.2 |   1772 | row25/_108_/D
     437* |       0 |     148 |        0 |      0 |   144 |    +0.1% |   -0.797 |     -738.1 |   1772 | row25/_114_/D
     440* |       0 |     149 |        0 |      0 |   145 |    +0.1% |   -0.797 |     -738.1 |   1772 | row25/_114_/D
     440* |       0 |     149 |        0 |      0 |   145 |    +0.1% |   -0.797 |     -738.1 |   1772 | row25/_114_/D
     443* |       0 |     150 |        0 |      0 |   146 |    +0.1% |   -0.797 |     -738.1 |   1772 | row25/_114_/D
     446* |       0 |     151 |        0 |      0 |   147 |    +0.1% |   -0.797 |     -738.0 |   1772 | row25/_116_/D
     449* |       0 |     152 |        0 |      0 |   148 |    +0.1% |   -0.797 |     -737.9 |   1772 | row26/_108_/D
     450* |       0 |     152 |        0 |      0 |   148 |    +0.1% |   -0.797 |     -737.9 |   1772 | row26/_108_/D
     452* |       0 |     153 |        0 |      0 |   149 |    +0.1% |   -0.797 |     -737.9 |   1772 | row26/_108_/D
     455* |       0 |     154 |        0 |      0 |   150 |    +0.1% |   -0.797 |     -737.8 |   1772 | row26/_108_/D
     458* |       0 |     155 |        0 |      0 |   151 |    +0.1% |   -0.797 |     -737.0 |   1772 | row26/_108_/D
     460* |       0 |     156 |        0 |      0 |   151 |    +0.1% |   -0.797 |     -737.0 |   1772 | row26/_114_/D
     461* |       0 |     156 |        0 |      0 |   152 |    +0.1% |   -0.797 |     -737.0 |   1772 | row26/_114_/D
     464* |       0 |     157 |        0 |      0 |   153 |    +0.1% |   -0.797 |     -736.9 |   1772 | row26/_114_/D
     467* |       0 |     158 |        0 |      0 |   154 |    +0.1% |   -0.797 |     -736.1 |   1772 | row26/_114_/D
     470* |       0 |     159 |        0 |      0 |   155 |    +0.1% |   -0.797 |     -736.0 |   1772 | row26/_116_/D
     470* |       0 |     159 |        0 |      0 |   155 |    +0.1% |   -0.797 |     -736.0 |   1772 | row26/_116_/D
     473* |       0 |     160 |        0 |      0 |   156 |    +0.1% |   -0.797 |     -736.0 |   1772 | row26/_118_/D
     476* |       0 |     161 |        0 |      0 |   157 |    +0.1% |   -0.797 |     -735.9 |   1772 | row26/_122_/D
     479* |       0 |     162 |        0 |      0 |   158 |    +0.1% |   -0.797 |     -735.8 |   1772 | row26/_122_/D
     480* |       0 |     162 |        0 |      0 |   158 |    +0.1% |   -0.797 |     -735.8 |   1772 | row26/_122_/D
     482* |       0 |     163 |        0 |      0 |   159 |    +0.1% |   -0.797 |     -735.8 |   1772 | row27/_108_/D
     485* |       0 |     164 |        0 |      0 |   160 |    +0.1% |   -0.797 |     -735.7 |   1772 | row27/_112_/D
     488* |       0 |     165 |        0 |      0 |   161 |    +0.1% |   -0.797 |     -735.7 |   1772 | row27/_112_/D
     490* |       0 |     166 |        0 |      0 |   161 |    +0.1% |   -0.797 |     -735.7 |   1772 | row27/_120_/D
     491* |       0 |     166 |        0 |      0 |   162 |    +0.1% |   -0.797 |     -735.6 |   1772 | row27/_120_/D
     494* |       0 |     167 |        0 |      0 |   163 |    +0.1% |   -0.797 |     -735.6 |   1772 | row27/_120_/D
     497* |       0 |     168 |        0 |      0 |   164 |    +0.1% |   -0.797 |     -735.5 |   1772 | row27/_120_/D
     500* |       0 |     169 |        0 |      0 |   165 |    +0.1% |   -0.797 |     -735.5 |   1772 | row27/_120_/D
     500* |       0 |     169 |        0 |      0 |   165 |    +0.1% |   -0.797 |     -735.5 |   1772 | row27/_120_/D
     503* |       0 |     170 |        0 |      0 |   166 |    +0.1% |   -0.797 |     -735.4 |   1772 | row27/_122_/D
     506* |       0 |     171 |        0 |      0 |   167 |    +0.1% |   -0.797 |     -735.4 |   1772 | row28/_108_/D
     509* |       0 |     172 |        0 |      0 |   168 |    +0.1% |   -0.797 |     -735.3 |   1772 | row28/_114_/D
     510* |       0 |     172 |        0 |      0 |   168 |    +0.1% |   -0.797 |     -735.3 |   1772 | row28/_114_/D
     512* |       0 |     173 |        0 |      0 |   169 |    +0.1% |   -0.797 |     -735.3 |   1772 | row28/_114_/D
     515* |       0 |     174 |        0 |      0 |   170 |    +0.1% |   -0.797 |     -735.2 |   1772 | row28/_114_/D
     518* |       0 |     175 |        0 |      0 |   171 |    +0.1% |   -0.797 |     -735.1 |   1772 | row28/_116_/D
     520* |       0 |     176 |        0 |      0 |   171 |    +0.1% |   -0.797 |     -735.1 |   1772 | row29/_108_/D
     521* |       0 |     176 |        0 |      0 |   172 |    +0.1% |   -0.797 |     -735.1 |   1772 | row29/_108_/D
     524* |       0 |     177 |        0 |      0 |   173 |    +0.1% |   -0.797 |     -735.0 |   1772 | row29/_108_/D
     527* |       0 |     178 |        0 |      0 |   174 |    +0.1% |   -0.797 |     -735.0 |   1772 | row29/_108_/D
     530* |       0 |     179 |        0 |      0 |   175 |    +0.1% |   -0.797 |     -734.9 |   1772 | row29/_108_/D
     530* |       0 |     179 |        0 |      0 |   175 |    +0.1% |   -0.797 |     -734.9 |   1772 | row29/_108_/D
     533* |       0 |     180 |        0 |      0 |   176 |    +0.1% |   -0.797 |     -734.9 |   1772 | row29/_114_/D
     536* |       0 |     181 |        0 |      0 |   177 |    +0.1% |   -0.797 |     -734.8 |   1772 | row29/_114_/D
     539* |       0 |     182 |        0 |      0 |   178 |    +0.1% |   -0.797 |     -734.8 |   1772 | row29/_114_/D
     540* |       0 |     182 |        0 |      0 |   178 |    +0.1% |   -0.797 |     -734.8 |   1772 | row29/_114_/D
     542* |       0 |     183 |        0 |      0 |   179 |    +0.1% |   -0.797 |     -734.7 |   1772 | row29/_120_/D
     545* |       0 |     184 |        0 |      0 |   180 |    +0.2% |   -0.797 |     -734.7 |   1772 | row29/_120_/D
     548* |       0 |     185 |        0 |      0 |   181 |    +0.2% |   -0.797 |     -734.6 |   1772 | row29/_120_/D
     550* |       0 |     186 |        0 |      0 |   181 |    +0.2% |   -0.797 |     -734.6 |   1772 | row3/_116_/D
     551* |       0 |     186 |        0 |      0 |   182 |    +0.2% |   -0.797 |     -734.6 |   1772 | row3/_116_/D
     554* |       0 |     187 |        0 |      0 |   183 |    +0.2% |   -0.797 |     -734.5 |   1772 | row3/_116_/D
     557* |       0 |     188 |        0 |      0 |   184 |    +0.2% |   -0.797 |     -734.5 |   1772 | row3/_116_/D
     560* |       0 |     189 |        0 |      0 |   185 |    +0.2% |   -0.797 |     -734.4 |   1772 | row3/_116_/D
     560* |       0 |     189 |        0 |      0 |   185 |    +0.2% |   -0.797 |     -734.4 |   1772 | row3/_116_/D
     563* |       0 |     190 |        0 |      0 |   186 |    +0.2% |   -0.797 |     -734.4 |   1772 | row3/_116_/D
     566* |       0 |     191 |        0 |      0 |   187 |    +0.2% |   -0.797 |     -733.6 |   1772 | row3/_116_/D
     569* |       0 |     192 |        0 |      0 |   188 |    +0.2% |   -0.797 |     -733.5 |   1772 | row3/_118_/D
     570* |       0 |     192 |        0 |      0 |   188 |    +0.2% |   -0.797 |     -733.5 |   1772 | row3/_118_/D
     572* |       0 |     193 |        0 |      0 |   189 |    +0.2% |   -0.797 |     -733.5 |   1772 | row3/_122_/D
     575* |       0 |     194 |        0 |      0 |   190 |    +0.2% |   -0.797 |     -733.4 |   1772 | row3/_122_/D
     578* |       0 |     195 |        0 |      0 |   191 |    +0.2% |   -0.797 |     -733.4 |   1772 | row30/_110_/D
     580* |       0 |     196 |        0 |      0 |   191 |    +0.2% |   -0.797 |     -733.4 |   1772 | row30/_110_/D
     581* |       0 |     196 |        0 |      0 |   192 |    +0.2% |   -0.797 |     -733.3 |   1772 | row30/_110_/D
     584* |       0 |     197 |        0 |      0 |   193 |    +0.2% |   -0.797 |     -733.3 |   1772 | row30/_116_/D
     587* |       0 |     198 |        0 |      0 |   194 |    +0.2% |   -0.797 |     -733.2 |   1772 | row30/_116_/D
     590* |       0 |     199 |        0 |      0 |   195 |    +0.2% |   -0.797 |     -733.2 |   1772 | row30/_116_/D
     590* |       0 |     199 |        0 |      0 |   195 |    +0.2% |   -0.797 |     -733.2 |   1772 | row30/_116_/D
     593* |       0 |     200 |        0 |      0 |   196 |    +0.2% |   -0.797 |     -733.1 |   1772 | row30/_120_/D
     596* |       0 |     201 |        0 |      0 |   197 |    +0.2% |   -0.797 |     -733.0 |   1772 | row30/_120_/D
     599* |       0 |     202 |        0 |      0 |   198 |    +0.2% |   -0.797 |     -733.0 |   1772 | row31/_112_/D
     600* |       0 |     202 |        0 |      0 |   198 |    +0.2% |   -0.797 |     -733.0 |   1772 | row31/_112_/D
     602* |       0 |     203 |        0 |      0 |   199 |    +0.2% |   -0.797 |     -732.9 |   1772 | row31/_112_/D
     605* |       0 |     204 |        0 |      0 |   200 |    +0.2% |   -0.797 |     -732.9 |   1772 | row31/_112_/D
     608* |       0 |     205 |        0 |      0 |   201 |    +0.2% |   -0.797 |     -732.8 |   1772 | row31/_112_/D
     610* |       0 |     206 |        0 |      0 |   201 |    +0.2% |   -0.797 |     -732.8 |   1772 | row31/_114_/D
     611* |       0 |     206 |        0 |      0 |   202 |    +0.2% |   -0.797 |     -732.8 |   1772 | row31/_114_/D
     614* |       0 |     207 |        0 |      0 |   203 |    +0.2% |   -0.797 |     -732.7 |   1772 | row31/_116_/D
     617* |       0 |     208 |        0 |      0 |   204 |    +0.2% |   -0.797 |     -732.6 |   1772 | row31/_120_/D
     620* |       0 |     209 |        0 |      0 |   205 |    +0.2% |   -0.797 |     -732.6 |   1772 | row31/_120_/D
     620* |       0 |     209 |        0 |      0 |   205 |    +0.2% |   -0.797 |     -732.6 |   1772 | row31/_120_/D
     623* |       0 |     210 |        0 |      0 |   206 |    +0.2% |   -0.797 |     -732.5 |   1772 | row32/_108_/D
     626* |       0 |     211 |        0 |      0 |   207 |    +0.2% |   -0.797 |     -732.5 |   1772 | row32/_108_/D
     629* |       0 |     212 |        0 |      0 |   208 |    +0.2% |   -0.797 |     -732.4 |   1772 | row32/_112_/D
     630* |       0 |     212 |        0 |      0 |   208 |    +0.2% |   -0.797 |     -732.4 |   1772 | row32/_112_/D
     632* |       0 |     213 |        0 |      0 |   209 |    +0.2% |   -0.797 |     -732.4 |   1772 | row32/_112_/D
     635* |       0 |     214 |        0 |      0 |   210 |    +0.2% |   -0.797 |     -732.3 |   1772 | row32/_120_/D
     638* |       0 |     215 |        0 |      0 |   211 |    +0.2% |   -0.797 |     -732.2 |   1772 | row32/_120_/D
     640* |       0 |     216 |        0 |      0 |   211 |    +0.2% |   -0.797 |     -732.2 |   1772 | row32/_120_/D
     641* |       0 |     216 |        0 |      0 |   212 |    +0.2% |   -0.797 |     -732.2 |   1772 | row32/_120_/D
     644* |       0 |     217 |        0 |      0 |   213 |    +0.2% |   -0.797 |     -732.2 |   1772 | row32/_120_/D
     647* |       0 |     218 |        0 |      0 |   214 |    +0.2% |   -0.797 |     -732.1 |   1772 | row32/_122_/D
     650* |       0 |     219 |        0 |      0 |   215 |    +0.2% |   -0.797 |     -732.0 |   1772 | row33/_108_/D
     650* |       0 |     219 |        0 |      0 |   215 |    +0.2% |   -0.797 |     -732.0 |   1772 | row33/_108_/D
     653* |       0 |     220 |        0 |      0 |   216 |    +0.2% |   -0.797 |     -732.0 |   1772 | row33/_110_/D
     656* |       0 |     221 |        0 |      0 |   217 |    +0.2% |   -0.797 |     -731.9 |   1772 | row33/_118_/D
     659* |       0 |     222 |        0 |      0 |   218 |    +0.2% |   -0.797 |     -731.9 |   1772 | row33/_118_/D
     660* |       0 |     222 |        0 |      0 |   218 |    +0.2% |   -0.797 |     -731.9 |   1772 | row33/_118_/D
     662* |       0 |     223 |        0 |      0 |   219 |    +0.2% |   -0.797 |     -731.8 |   1772 | row33/_118_/D
     665* |       0 |     224 |        0 |      0 |   220 |    +0.2% |   -0.797 |     -731.7 |   1772 | row33/_118_/D
     668* |       0 |     225 |        0 |      0 |   221 |    +0.2% |   -0.797 |     -731.7 |   1772 | row34/_110_/D
     670* |       0 |     226 |        0 |      0 |   221 |    +0.2% |   -0.797 |     -731.7 |   1772 | row34/_110_/D
     671* |       0 |     226 |        0 |      0 |   222 |    +0.2% |   -0.797 |     -731.6 |   1772 | row34/_110_/D
     674* |       0 |     227 |        0 |      0 |   223 |    +0.2% |   -0.797 |     -731.6 |   1772 | row34/_110_/D
     677* |       0 |     228 |        0 |      0 |   224 |    +0.2% |   -0.797 |     -731.5 |   1772 | row34/_110_/D
     680* |       0 |     229 |        0 |      0 |   225 |    +0.2% |   -0.797 |     -731.5 |   1772 | row34/_114_/D
     680* |       0 |     229 |        0 |      0 |   225 |    +0.2% |   -0.797 |     -731.5 |   1772 | row34/_114_/D
     683* |       0 |     230 |        0 |      0 |   226 |    +0.2% |   -0.797 |     -731.4 |   1772 | row34/_114_/D
     686* |       0 |     231 |        0 |      0 |   227 |    +0.2% |   -0.797 |     -731.4 |   1772 | row34/_120_/D
     689* |       0 |     232 |        0 |      0 |   228 |    +0.2% |   -0.797 |     -731.3 |   1772 | row34/_120_/D
     690* |       0 |     232 |        0 |      0 |   228 |    +0.2% |   -0.797 |     -731.3 |   1772 | row34/_120_/D
     692* |       0 |     233 |        0 |      0 |   229 |    +0.2% |   -0.797 |     -730.5 |   1772 | row34/_120_/D
     695* |       0 |     234 |        0 |      0 |   230 |    +0.2% |   -0.797 |     -730.5 |   1772 | row34/_122_/D
     698* |       0 |     235 |        0 |      0 |   231 |    +0.2% |   -0.797 |     -730.4 |   1772 | row35/_112_/D
     700* |       0 |     236 |        0 |      0 |   231 |    +0.2% |   -0.797 |     -730.4 |   1772 | row35/_112_/D
     701* |       0 |     236 |        0 |      0 |   232 |    +0.2% |   -0.797 |     -730.4 |   1772 | row35/_112_/D
     704* |       0 |     237 |        0 |      0 |   233 |    +0.2% |   -0.797 |     -730.3 |   1772 | row35/_112_/D
     707* |       0 |     238 |        0 |      0 |   234 |    +0.2% |   -0.797 |     -730.3 |   1772 | row35/_116_/D
     710* |       0 |     239 |        0 |      0 |   235 |    +0.2% |   -0.797 |     -730.2 |   1772 | row35/_116_/D
     710* |       0 |     239 |        0 |      0 |   235 |    +0.2% |   -0.797 |     -730.2 |   1772 | row35/_116_/D
     713* |       0 |     240 |        0 |      0 |   236 |    +0.2% |   -0.797 |     -730.1 |   1772 | row35/_118_/D
     716* |       0 |     241 |        0 |      0 |   237 |    +0.2% |   -0.797 |     -730.1 |   1772 | row36/_110_/D
     719* |       0 |     242 |        0 |      0 |   238 |    +0.2% |   -0.797 |     -730.0 |   1772 | row36/_110_/D
     720* |       0 |     242 |        0 |      0 |   238 |    +0.2% |   -0.797 |     -730.0 |   1772 | row36/_110_/D
     722* |       0 |     243 |        0 |      0 |   239 |    +0.2% |   -0.797 |     -730.0 |   1772 | row36/_110_/D
     725* |       0 |     244 |        0 |      0 |   240 |    +0.2% |   -0.797 |     -729.9 |   1772 | row36/_110_/D
     728* |       0 |     245 |        0 |      0 |   241 |    +0.2% |   -0.797 |     -729.9 |   1772 | row36/_120_/D
     730* |       0 |     246 |        0 |      0 |   241 |    +0.2% |   -0.797 |     -729.9 |   1772 | row36/_120_/D
     731* |       0 |     246 |        0 |      0 |   242 |    +0.2% |   -0.797 |     -729.8 |   1772 | row36/_120_/D
     734* |       0 |     247 |        0 |      0 |   243 |    +0.2% |   -0.797 |     -729.8 |   1772 | row36/_120_/D
     737* |       0 |     248 |        0 |      0 |   244 |    +0.2% |   -0.797 |     -729.8 |   1772 | row36/_120_/D
     740* |       0 |     249 |        0 |      0 |   245 |    +0.2% |   -0.797 |     -729.7 |   1772 | row36/_120_/D
     740* |       0 |     249 |        0 |      0 |   245 |    +0.2% |   -0.797 |     -729.7 |   1772 | row36/_120_/D
     743* |       0 |     250 |        0 |      0 |   246 |    +0.2% |   -0.797 |     -729.7 |   1772 | row36/_122_/D
     746* |       0 |     251 |        0 |      0 |   247 |    +0.2% |   -0.797 |     -729.6 |   1772 | row37/_114_/D
     749* |       0 |     252 |        0 |      0 |   248 |    +0.2% |   -0.797 |     -729.6 |   1772 | row37/_114_/D
     750* |       0 |     252 |        0 |      0 |   248 |    +0.2% |   -0.797 |     -729.6 |   1772 | row37/_114_/D
     752* |       0 |     253 |        0 |      0 |   249 |    +0.2% |   -0.797 |     -729.5 |   1772 | row37/_114_/D
     755* |       0 |     254 |        0 |      0 |   250 |    +0.2% |   -0.797 |     -729.5 |   1772 | row37/_114_/D
     758* |       0 |     255 |        0 |      0 |   251 |    +0.2% |   -0.797 |     -729.4 |   1772 | row37/_118_/D
     760* |       0 |     256 |        0 |      0 |   251 |    +0.2% |   -0.797 |     -729.4 |   1772 | row37/_118_/D
     761* |       0 |     256 |        0 |      0 |   252 |    +0.2% |   -0.797 |     -729.3 |   1772 | row37/_118_/D
     764* |       0 |     257 |        0 |      0 |   253 |    +0.2% |   -0.797 |     -729.3 |   1772 | row37/_120_/D
     767* |       0 |     258 |        0 |      0 |   254 |    +0.2% |   -0.797 |     -729.2 |   1772 | row37/_122_/D
     770* |       0 |     259 |        0 |      0 |   255 |    +0.2% |   -0.797 |     -729.1 |   1772 | row38/_114_/D
     770* |       0 |     259 |        0 |      0 |   255 |    +0.2% |   -0.797 |     -729.1 |   1772 | row38/_114_/D
     773* |       0 |     260 |        0 |      0 |   256 |    +0.2% |   -0.797 |     -729.1 |   1772 | row38/_114_/D
     776* |       0 |     261 |        0 |      0 |   257 |    +0.2% |   -0.797 |     -729.1 |   1772 | row38/_114_/D
     779* |       0 |     262 |        0 |      0 |   258 |    +0.2% |   -0.797 |     -729.0 |   1772 | row38/_114_/D
     780* |       0 |     262 |        0 |      0 |   258 |    +0.2% |   -0.797 |     -729.0 |   1772 | row38/_114_/D
     782* |       0 |     263 |        0 |      0 |   259 |    +0.2% |   -0.797 |     -728.9 |   1772 | row38/_116_/D
     785* |       0 |     264 |        0 |      0 |   260 |    +0.2% |   -0.797 |     -728.9 |   1772 | row38/_120_/D
     788* |       0 |     265 |        0 |      0 |   261 |    +0.2% |   -0.797 |     -728.8 |   1772 | row38/_120_/D
     790* |       0 |     266 |        0 |      0 |   261 |    +0.2% |   -0.797 |     -728.8 |   1772 | row38/_122_/D
     791* |       0 |     266 |        0 |      0 |   262 |    +0.2% |   -0.797 |     -728.8 |   1772 | row38/_122_/D
     794* |       0 |     267 |        0 |      0 |   263 |    +0.2% |   -0.797 |     -728.7 |   1772 | row39/_108_/D
     797* |       0 |     268 |        0 |      0 |   264 |    +0.2% |   -0.797 |     -728.6 |   1772 | row39/_110_/D
     800* |       0 |     269 |        0 |      0 |   265 |    +0.2% |   -0.797 |     -728.6 |   1772 | row39/_114_/D
     800* |       0 |     269 |        0 |      0 |   265 |    +0.2% |   -0.797 |     -728.6 |   1772 | row39/_114_/D
     803* |       0 |     270 |        0 |      0 |   266 |    +0.2% |   -0.797 |     -728.5 |   1772 | row39/_114_/D
     806* |       0 |     271 |        0 |      0 |   267 |    +0.2% |   -0.797 |     -728.5 |   1772 | row39/_120_/D
     809* |       0 |     272 |        0 |      0 |   268 |    +0.2% |   -0.797 |     -728.4 |   1772 | row39/_120_/D
     810* |       0 |     272 |        0 |      0 |   268 |    +0.2% |   -0.797 |     -728.4 |   1772 | row39/_120_/D
     812* |       0 |     273 |        0 |      0 |   269 |    +0.2% |   -0.797 |     -728.4 |   1772 | row39/_120_/D
     815* |       0 |     274 |        0 |      0 |   270 |    +0.2% |   -0.797 |     -728.3 |   1772 | row39/_122_/D
     818* |       0 |     275 |        0 |      0 |   271 |    +0.2% |   -0.797 |     -728.3 |   1772 | row4/_110_/D
     820* |       0 |     276 |        0 |      0 |   271 |    +0.2% |   -0.797 |     -728.2 |   1772 | row4/_110_/D
     821* |       0 |     276 |        0 |      0 |   272 |    +0.2% |   -0.797 |     -728.2 |   1772 | row4/_110_/D
     824* |       0 |     277 |        0 |      0 |   273 |    +0.2% |   -0.797 |     -728.1 |   1772 | row4/_112_/D
     827* |       0 |     278 |        0 |      0 |   274 |    +0.2% |   -0.797 |     -728.1 |   1772 | row4/_114_/D
     830* |       0 |     279 |        0 |      0 |   275 |    +0.2% |   -0.797 |     -728.0 |   1772 | row4/_118_/D
     830* |       0 |     279 |        0 |      0 |   275 |    +0.2% |   -0.797 |     -728.0 |   1772 | row4/_118_/D
     833* |       0 |     280 |        0 |      0 |   276 |    +0.2% |   -0.797 |     -727.9 |   1772 | row4/_118_/D
     836* |       0 |     281 |        0 |      0 |   277 |    +0.2% |   -0.797 |     -727.9 |   1772 | row40/_110_/D
     839* |       0 |     282 |        0 |      0 |   278 |    +0.2% |   -0.797 |     -727.8 |   1772 | row40/_110_/D
     840* |       0 |     282 |        0 |      0 |   278 |    +0.2% |   -0.797 |     -727.8 |   1772 | row40/_110_/D
     842* |       0 |     283 |        0 |      0 |   279 |    +0.2% |   -0.797 |     -727.8 |   1772 | row40/_110_/D
     845* |       0 |     284 |        0 |      0 |   280 |    +0.2% |   -0.797 |     -727.7 |   1772 | row40/_110_/D
     848* |       0 |     285 |        0 |      0 |   281 |    +0.2% |   -0.797 |     -727.7 |   1772 | row40/_120_/D
     850* |       0 |     286 |        0 |      0 |   281 |    +0.2% |   -0.797 |     -727.7 |   1772 | row40/_120_/D
     851* |       0 |     286 |        0 |      0 |   282 |    +0.2% |   -0.797 |     -727.6 |   1772 | row40/_120_/D
     854* |       0 |     287 |        0 |      0 |   283 |    +0.2% |   -0.797 |     -727.6 |   1772 | row40/_120_/D
     857* |       0 |     288 |        0 |      0 |   284 |    +0.2% |   -0.797 |     -727.5 |   1772 | row40/_120_/D
     860* |       0 |     289 |        0 |      0 |   285 |    +0.2% |   -0.797 |     -727.5 |   1772 | row40/_120_/D
     860* |       0 |     289 |        0 |      0 |   285 |    +0.2% |   -0.797 |     -727.5 |   1772 | row40/_120_/D
     863* |       0 |     290 |        0 |      0 |   286 |    +0.2% |   -0.797 |     -727.4 |   1772 | row41/_108_/D
     866* |       0 |     291 |        0 |      0 |   287 |    +0.2% |   -0.797 |     -727.4 |   1772 | row41/_108_/D
     869* |       0 |     292 |        0 |      0 |   288 |    +0.2% |   -0.797 |     -727.3 |   1772 | row41/_110_/D
     870* |       0 |     292 |        0 |      0 |   288 |    +0.2% |   -0.797 |     -727.3 |   1772 | row41/_110_/D
     872* |       0 |     293 |        0 |      0 |   289 |    +0.2% |   -0.797 |     -727.2 |   1772 | row41/_112_/D
     875* |       0 |     294 |        0 |      0 |   290 |    +0.2% |   -0.797 |     -727.2 |   1772 | row41/_114_/D
     878* |       0 |     295 |        0 |      0 |   291 |    +0.2% |   -0.797 |     -727.1 |   1772 | row41/_120_/D
     880* |       0 |     296 |        0 |      0 |   291 |    +0.2% |   -0.797 |     -727.1 |   1772 | row41/_120_/D
     881* |       0 |     296 |        0 |      0 |   292 |    +0.2% |   -0.797 |     -727.1 |   1772 | row41/_120_/D
     884* |       0 |     297 |        0 |      0 |   293 |    +0.2% |   -0.797 |     -727.0 |   1772 | row41/_120_/D
     887* |       0 |     298 |        0 |      0 |   294 |    +0.2% |   -0.797 |     -727.0 |   1772 | row42/_110_/D
     890* |       0 |     299 |        0 |      0 |   295 |    +0.2% |   -0.797 |     -726.9 |   1772 | row42/_110_/D
     890* |       0 |     299 |        0 |      0 |   295 |    +0.2% |   -0.797 |     -726.9 |   1772 | row42/_110_/D
     893* |       0 |     300 |        0 |      0 |   296 |    +0.2% |   -0.797 |     -726.9 |   1772 | row42/_110_/D
     896* |       0 |     301 |        0 |      0 |   297 |    +0.2% |   -0.797 |     -726.8 |   1772 | row42/_114_/D
     899* |       0 |     302 |        0 |      0 |   298 |    +0.2% |   -0.797 |     -726.8 |   1772 | row42/_114_/D
     900* |       0 |     302 |        0 |      0 |   298 |    +0.2% |   -0.797 |     -726.8 |   1772 | row42/_114_/D
     902* |       0 |     303 |        0 |      0 |   299 |    +0.2% |   -0.797 |     -726.7 |   1772 | row42/_116_/D
     905* |       0 |     304 |        0 |      0 |   300 |    +0.2% |   -0.797 |     -726.6 |   1772 | row42/_120_/D
     908* |       0 |     305 |        0 |      0 |   301 |    +0.2% |   -0.797 |     -726.6 |   1772 | row42/_120_/D
     910* |       0 |     306 |        0 |      0 |   301 |    +0.2% |   -0.797 |     -726.6 |   1772 | row43/_110_/D
     911* |       0 |     306 |        0 |      0 |   302 |    +0.2% |   -0.797 |     -726.5 |   1772 | row43/_110_/D
     914* |       0 |     307 |        0 |      0 |   303 |    +0.2% |   -0.797 |     -726.4 |   1772 | row43/_110_/D
     917* |       0 |     308 |        0 |      0 |   304 |    +0.3% |   -0.797 |     -726.4 |   1772 | row43/_110_/D
     920* |       0 |     309 |        0 |      0 |   305 |    +0.3% |   -0.797 |     -726.3 |   1772 | row43/_114_/D
     920* |       0 |     309 |        0 |      0 |   305 |    +0.3% |   -0.797 |     -726.3 |   1772 | row43/_114_/D
     923* |       0 |     310 |        0 |      0 |   306 |    +0.3% |   -0.797 |     -726.3 |   1772 | row43/_114_/D
     926* |       0 |     311 |        0 |      0 |   307 |    +0.3% |   -0.797 |     -726.2 |   1772 | row43/_118_/D
     929* |       0 |     312 |        0 |      0 |   308 |    +0.3% |   -0.797 |     -726.2 |   1772 | row43/_118_/D
     930* |       0 |     312 |        0 |      0 |   308 |    +0.3% |   -0.797 |     -726.2 |   1772 | row43/_118_/D
     932* |       0 |     313 |        0 |      0 |   309 |    +0.3% |   -0.797 |     -726.1 |   1772 | row44/_108_/D
     935* |       0 |     314 |        0 |      0 |   310 |    +0.3% |   -0.797 |     -726.1 |   1772 | row44/_108_/D
     938* |       0 |     315 |        0 |      0 |   311 |    +0.3% |   -0.797 |     -726.0 |   1772 | row44/_108_/D
     940* |       0 |     316 |        0 |      0 |   311 |    +0.3% |   -0.797 |     -726.0 |   1772 | row44/_114_/D
     941* |       0 |     316 |        0 |      0 |   312 |    +0.3% |   -0.797 |     -726.0 |   1772 | row44/_114_/D
     944* |       0 |     317 |        0 |      0 |   313 |    +0.3% |   -0.797 |     -725.9 |   1772 | row44/_114_/D
     947* |       0 |     318 |        0 |      0 |   314 |    +0.3% |   -0.797 |     -725.9 |   1772 | row44/_114_/D
     950* |       0 |     319 |        0 |      0 |   315 |    +0.3% |   -0.797 |     -725.8 |   1772 | row44/_116_/D
     950* |       0 |     319 |        0 |      0 |   315 |    +0.3% |   -0.797 |     -725.8 |   1772 | row44/_116_/D
     953* |       0 |     320 |        0 |      0 |   316 |    +0.3% |   -0.797 |     -725.8 |   1772 | row44/_118_/D
     956* |       0 |     321 |        0 |      0 |   317 |    +0.3% |   -0.797 |     -725.7 |   1772 | row44/_120_/D
     959* |       0 |     322 |        0 |      0 |   318 |    +0.3% |   -0.797 |     -725.6 |   1772 | row45/_118_/D
     960* |       0 |     322 |        0 |      0 |   318 |    +0.3% |   -0.797 |     -725.6 |   1772 | row45/_118_/D
     962* |       0 |     323 |        0 |      0 |   319 |    +0.3% |   -0.797 |     -725.6 |   1772 | row45/_118_/D
     965* |       0 |     324 |        0 |      0 |   320 |    +0.3% |   -0.797 |     -725.6 |   1772 | row45/_118_/D
     968* |       0 |     325 |        0 |      0 |   321 |    +0.3% |   -0.797 |     -725.5 |   1772 | row45/_118_/D
     970* |       0 |     326 |        0 |      0 |   321 |    +0.3% |   -0.797 |     -725.5 |   1772 | row45/_118_/D
     971* |       0 |     326 |        0 |      0 |   322 |    +0.3% |   -0.797 |     -725.5 |   1772 | row45/_118_/D
     974* |       0 |     327 |        0 |      0 |   323 |    +0.3% |   -0.797 |     -725.4 |   1772 | row45/_118_/D
     977* |       0 |     328 |        0 |      0 |   324 |    +0.3% |   -0.797 |     -725.4 |   1772 | row45/_118_/D
     980* |       0 |     329 |        0 |      0 |   325 |    +0.3% |   -0.797 |     -725.3 |   1772 | row46/_108_/D
     980* |       0 |     329 |        0 |      0 |   325 |    +0.3% |   -0.797 |     -725.3 |   1772 | row46/_108_/D
     983* |       0 |     330 |        0 |      0 |   326 |    +0.3% |   -0.797 |     -725.3 |   1772 | row46/_108_/D
     986* |       0 |     331 |        0 |      0 |   327 |    +0.3% |   -0.797 |     -725.3 |   1772 | row46/_108_/D
     989* |       0 |     332 |        0 |      0 |   328 |    +0.3% |   -0.797 |     -725.2 |   1772 | row46/_112_/D
     990* |       0 |     332 |        0 |      0 |   328 |    +0.3% |   -0.797 |     -725.2 |   1772 | row46/_112_/D
     992* |       0 |     333 |        0 |      0 |   329 |    +0.3% |   -0.797 |     -725.2 |   1772 | row46/_112_/D
     995* |       0 |     334 |        0 |      0 |   330 |    +0.3% |   -0.797 |     -725.1 |   1772 | row46/_120_/D
     998* |       0 |     335 |        0 |      0 |   331 |    +0.3% |   -0.797 |     -725.1 |   1772 | row46/_120_/D
    1000* |       0 |     336 |        0 |      0 |   331 |    +0.3% |   -0.797 |     -725.0 |   1772 | row46/_120_/D
    1001* |       0 |     336 |        0 |      0 |   332 |    +0.3% |   -0.797 |     -725.0 |   1772 | row46/_120_/D
    1004* |       0 |     337 |        0 |      0 |   333 |    +0.3% |   -0.797 |     -725.0 |   1772 | row46/_120_/D
    1007* |       0 |     338 |        0 |      0 |   334 |    +0.3% |   -0.797 |     -724.9 |   1772 | row47/_112_/D
    1010* |       0 |     339 |        0 |      0 |   335 |    +0.3% |   -0.797 |     -724.9 |   1772 | row47/_112_/D
    1010* |       0 |     339 |        0 |      0 |   335 |    +0.3% |   -0.797 |     -724.9 |   1772 | row47/_112_/D
    1013* |       0 |     340 |        0 |      0 |   336 |    +0.3% |   -0.797 |     -724.8 |   1772 | row47/_112_/D
    1016* |       0 |     341 |        0 |      0 |   337 |    +0.3% |   -0.797 |     -724.8 |   1772 | row47/_112_/D
    1019* |       0 |     342 |        0 |      0 |   338 |    +0.3% |   -0.797 |     -724.7 |   1772 | row47/_116_/D
    1020* |       0 |     342 |        0 |      0 |   338 |    +0.3% |   -0.797 |     -724.7 |   1772 | row47/_116_/D
    1022* |       0 |     343 |        0 |      0 |   339 |    +0.3% |   -0.797 |     -724.6 |   1772 | row47/_116_/D
    1025* |       0 |     344 |        0 |      0 |   340 |    +0.3% |   -0.797 |     -724.6 |   1772 | row47/_118_/D
    1028* |       0 |     345 |        0 |      0 |   341 |    +0.3% |   -0.797 |     -724.5 |   1772 | row48/_110_/D
    1030* |       0 |     346 |        0 |      0 |   341 |    +0.3% |   -0.797 |     -724.5 |   1772 | row48/_110_/D
    1031* |       0 |     346 |        0 |      0 |   342 |    +0.3% |   -0.797 |     -724.5 |   1772 | row48/_110_/D
    1034* |       0 |     347 |        0 |      0 |   343 |    +0.3% |   -0.797 |     -724.4 |   1772 | row48/_110_/D
    1037* |       0 |     348 |        0 |      0 |   344 |    +0.3% |   -0.797 |     -724.4 |   1772 | row48/_110_/D
    1040* |       0 |     349 |        0 |      0 |   345 |    +0.3% |   -0.797 |     -724.3 |   1772 | row48/_112_/D
    1040* |       0 |     349 |        0 |      0 |   345 |    +0.3% |   -0.797 |     -724.3 |   1772 | row48/_112_/D
    1043* |       0 |     350 |        0 |      0 |   346 |    +0.3% |   -0.797 |     -724.3 |   1772 | row49/_108_/D
    1046* |       0 |     351 |        0 |      0 |   347 |    +0.3% |   -0.797 |     -724.2 |   1772 | row49/_108_/D
    1049* |       0 |     352 |        0 |      0 |   348 |    +0.3% |   -0.797 |     -724.2 |   1772 | row49/_108_/D
    1050* |       0 |     352 |        0 |      0 |   348 |    +0.3% |   -0.797 |     -724.2 |   1772 | row49/_108_/D
    1052* |       0 |     353 |        0 |      0 |   349 |    +0.3% |   -0.797 |     -724.1 |   1772 | row49/_108_/D
    1055* |       0 |     354 |        0 |      0 |   350 |    +0.3% |   -0.797 |     -724.1 |   1772 | row49/_108_/D
    1058* |       0 |     355 |        0 |      0 |   351 |    +0.3% |   -0.797 |     -724.0 |   1772 | row49/_108_/D
    1060* |       0 |     356 |        0 |      0 |   351 |    +0.3% |   -0.797 |     -724.0 |   1772 | row49/_112_/D
    1061* |       0 |     356 |        0 |      0 |   352 |    +0.3% |   -0.797 |     -723.9 |   1772 | row49/_112_/D
    1064* |       0 |     357 |        0 |      0 |   353 |    +0.3% |   -0.797 |     -723.9 |   1772 | row49/_112_/D
    1067* |       0 |     358 |        0 |      0 |   354 |    +0.3% |   -0.797 |     -723.8 |   1772 | row49/_114_/D
    1070* |       0 |     359 |        0 |      0 |   355 |    +0.3% |   -0.797 |     -723.8 |   1772 | row49/_118_/D
    1070* |       0 |     359 |        0 |      0 |   355 |    +0.3% |   -0.797 |     -723.8 |   1772 | row49/_118_/D
    1073* |       0 |     360 |        0 |      0 |   356 |    +0.3% |   -0.797 |     -723.7 |   1772 | row49/_118_/D
    1076* |       0 |     361 |        0 |      0 |   357 |    +0.3% |   -0.797 |     -723.7 |   1772 | row49/_120_/D
    1079* |       0 |     362 |        0 |      0 |   358 |    +0.3% |   -0.797 |     -723.6 |   1772 | row49/_122_/D
    1080* |       0 |     362 |        0 |      0 |   358 |    +0.3% |   -0.797 |     -723.6 |   1772 | row49/_122_/D
    1082* |       0 |     363 |        0 |      0 |   359 |    +0.3% |   -0.797 |     -723.5 |   1772 | row5/_108_/D
    1085* |       0 |     364 |        0 |      0 |   360 |    +0.3% |   -0.797 |     -723.5 |   1772 | row5/_110_/D
    1088* |       0 |     365 |        0 |      0 |   361 |    +0.3% |   -0.797 |     -723.4 |   1772 | row5/_118_/D
    1090* |       0 |     366 |        0 |      0 |   361 |    +0.3% |   -0.797 |     -723.4 |   1772 | row5/_118_/D
    1091* |       0 |     366 |        0 |      0 |   362 |    +0.3% |   -0.797 |     -722.6 |   1772 | row5/_118_/D
    1094* |       0 |     367 |        0 |      0 |   363 |    +0.3% |   -0.797 |     -721.8 |   1772 | row5/_118_/D
    1097* |       0 |     368 |        0 |      0 |   364 |    +0.3% |   -0.797 |     -721.0 |   1772 | row5/_118_/D
    1100* |       0 |     369 |        0 |      0 |   365 |    +0.3% |   -0.797 |     -720.9 |   1772 | row5/_120_/D
    1100* |       0 |     369 |        0 |      0 |   365 |    +0.3% |   -0.797 |     -720.9 |   1772 | row5/_120_/D
    1103* |       0 |     370 |        0 |      0 |   366 |    +0.3% |   -0.797 |     -720.9 |   1772 | row5/_122_/D
    1106* |       0 |     371 |        0 |      0 |   367 |    +0.3% |   -0.797 |     -720.8 |   1772 | row50/_108_/D
    1109* |       0 |     372 |        0 |      0 |   368 |    +0.3% |   -0.797 |     -720.7 |   1772 | row50/_122_/D
    1110* |       0 |     372 |        0 |      0 |   368 |    +0.3% |   -0.797 |     -720.7 |   1772 | row50/_122_/D
    1112* |       0 |     373 |        0 |      0 |   369 |    +0.3% |   -0.797 |     -720.7 |   1772 | row50/_122_/D
    1115* |       0 |     374 |        0 |      0 |   370 |    +0.3% |   -0.797 |     -720.6 |   1772 | row50/_122_/D
    1118* |       0 |     375 |        0 |      0 |   371 |    +0.3% |   -0.797 |     -720.6 |   1772 | row50/_122_/D
    1120* |       0 |     376 |        0 |      0 |   371 |    +0.3% |   -0.797 |     -720.6 |   1772 | row50/_122_/D
    1121* |       0 |     376 |        0 |      0 |   372 |    +0.3% |   -0.797 |     -720.6 |   1772 | row50/_122_/D
    1124* |       0 |     377 |        0 |      0 |   373 |    +0.3% |   -0.797 |     -720.5 |   1772 | row50/_122_/D
    1127* |       0 |     378 |        0 |      0 |   374 |    +0.3% |   -0.797 |     -720.5 |   1772 | row50/_122_/D
    1130* |       0 |     379 |        0 |      0 |   375 |    +0.3% |   -0.797 |     -720.4 |   1772 | row51/_116_/D
    1130* |       0 |     379 |        0 |      0 |   375 |    +0.3% |   -0.797 |     -720.4 |   1772 | row51/_116_/D
    1133* |       0 |     380 |        0 |      0 |   376 |    +0.3% |   -0.797 |     -720.4 |   1772 | row51/_116_/D
    1136* |       0 |     381 |        0 |      0 |   377 |    +0.3% |   -0.797 |     -720.3 |   1772 | row51/_116_/D
    1139* |       0 |     382 |        0 |      0 |   378 |    +0.3% |   -0.797 |     -720.3 |   1772 | row51/_116_/D
    1140* |       0 |     382 |        0 |      0 |   378 |    +0.3% |   -0.797 |     -720.3 |   1772 | row51/_116_/D
    1142* |       0 |     383 |        0 |      0 |   379 |    +0.3% |   -0.797 |     -720.2 |   1772 | row51/_116_/D
    1145* |       0 |     384 |        0 |      0 |   380 |    +0.3% |   -0.797 |     -720.2 |   1772 | row52/_108_/D
    1148* |       0 |     385 |        0 |      0 |   381 |    +0.3% |   -0.797 |     -720.1 |   1772 | row52/_108_/D
    1150* |       0 |     386 |        0 |      0 |   381 |    +0.3% |   -0.797 |     -720.1 |   1772 | row52/_108_/D
    1151* |       0 |     386 |        0 |      0 |   382 |    +0.3% |   -0.797 |     -720.1 |   1772 | row52/_108_/D
    1154* |       0 |     387 |        0 |      0 |   383 |    +0.3% |   -0.797 |     -720.0 |   1772 | row52/_108_/D
    1157* |       0 |     388 |        0 |      0 |   384 |    +0.3% |   -0.797 |     -720.0 |   1772 | row52/_118_/D
    1160* |       0 |     389 |        0 |      0 |   385 |    +0.3% |   -0.797 |     -719.9 |   1772 | row52/_118_/D
    1160* |       0 |     389 |        0 |      0 |   385 |    +0.3% |   -0.797 |     -719.9 |   1772 | row52/_118_/D
    1163* |       0 |     390 |        0 |      0 |   386 |    +0.3% |   -0.797 |     -719.9 |   1772 | row52/_118_/D
    1166* |       0 |     391 |        0 |      0 |   387 |    +0.3% |   -0.797 |     -719.8 |   1772 | row52/_118_/D
    1169* |       0 |     392 |        0 |      0 |   388 |    +0.3% |   -0.797 |     -719.8 |   1772 | row52/_118_/D
    1170* |       0 |     392 |        0 |      0 |   388 |    +0.3% |   -0.797 |     -719.8 |   1772 | row52/_118_/D
    1172* |       0 |     393 |        0 |      0 |   389 |    +0.3% |   -0.797 |     -719.7 |   1772 | row53/_110_/D
    1175* |       0 |     394 |        0 |      0 |   390 |    +0.3% |   -0.797 |     -719.7 |   1772 | row53/_110_/D
    1178* |       0 |     395 |        0 |      0 |   391 |    +0.3% |   -0.797 |     -719.7 |   1772 | row53/_110_/D
    1180* |       0 |     396 |        0 |      0 |   391 |    +0.3% |   -0.797 |     -719.7 |   1772 | row53/_110_/D
    1181* |       0 |     396 |        0 |      0 |   392 |    +0.3% |   -0.797 |     -719.6 |   1772 | row53/_110_/D
    1184* |       0 |     397 |        0 |      0 |   393 |    +0.3% |   -0.797 |     -719.5 |   1772 | row53/_114_/D
    1187* |       0 |     398 |        0 |      0 |   394 |    +0.3% |   -0.797 |     -719.5 |   1772 | row53/_114_/D
    1190* |       0 |     399 |        0 |      0 |   395 |    +0.3% |   -0.797 |     -719.4 |   1772 | row53/_116_/D
    1190* |       0 |     399 |        0 |      0 |   395 |    +0.3% |   -0.797 |     -719.4 |   1772 | row53/_116_/D
    1193* |       0 |     400 |        0 |      0 |   396 |    +0.3% |   -0.797 |     -719.4 |   1772 | row53/_118_/D
    1196* |       0 |     401 |        0 |      0 |   397 |    +0.3% |   -0.797 |     -719.3 |   1772 | row53/_120_/D
    1199* |       0 |     402 |        0 |      0 |   398 |    +0.3% |   -0.797 |     -719.2 |   1772 | row54/_112_/D
    1200* |       0 |     402 |        0 |      0 |   398 |    +0.3% |   -0.797 |     -719.2 |   1772 | row54/_112_/D
    1200* |       0 |     402 |        0 |      0 |   398 |    +0.3% |   -0.797 |     -719.2 |   1772 | row54/_112_/D
    1203* |       0 |     403 |        0 |      0 |   399 |    +0.3% |   -0.797 |     -719.2 |   1772 | row54/_112_/D
    1206* |       0 |     404 |        0 |      0 |   400 |    +0.3% |   -0.797 |     -719.1 |   1772 | row54/_112_/D
    1209* |       0 |     405 |        0 |      0 |   401 |    +0.3% |   -0.797 |     -719.1 |   1772 | row54/_116_/D
    1210* |       0 |     405 |        0 |      0 |   401 |    +0.3% |   -0.797 |     -719.1 |   1772 | row54/_116_/D
    1212* |       0 |     406 |        0 |      0 |   402 |    +0.3% |   -0.797 |     -719.0 |   1772 | row54/_116_/D
    1215* |       0 |     407 |        0 |      0 |   403 |    +0.3% |   -0.797 |     -719.0 |   1772 | row54/_118_/D
    1218* |       0 |     408 |        0 |      0 |   404 |    +0.3% |   -0.797 |     -718.9 |   1772 | row54/_120_/D
    1220* |       0 |     409 |        0 |      0 |   404 |    +0.3% |   -0.797 |     -718.9 |   1772 | row55/_110_/D
    1221* |       0 |     409 |        0 |      0 |   405 |    +0.3% |   -0.797 |     -718.8 |   1772 | row55/_110_/D
    1224* |       0 |     410 |        0 |      0 |   406 |    +0.3% |   -0.797 |     -718.0 |   1772 | row55/_110_/D
    1227* |       0 |     411 |        0 |      0 |   407 |    +0.3% |   -0.797 |     -718.0 |   1772 | row55/_110_/D
    1230* |       0 |     412 |        0 |      0 |   408 |    +0.3% |   -0.797 |     -717.9 |   1772 | row55/_116_/D
    1230* |       0 |     412 |        0 |      0 |   408 |    +0.3% |   -0.797 |     -717.9 |   1772 | row55/_116_/D
    1233* |       0 |     413 |        0 |      0 |   409 |    +0.3% |   -0.797 |     -717.9 |   1772 | row55/_116_/D
    1236* |       0 |     414 |        0 |      0 |   410 |    +0.3% |   -0.797 |     -717.9 |   1772 | row55/_116_/D
    1239* |       0 |     415 |        0 |      0 |   411 |    +0.3% |   -0.797 |     -717.8 |   1772 | row55/_118_/D
    1240* |       0 |     415 |        0 |      0 |   411 |    +0.3% |   -0.797 |     -717.8 |   1772 | row55/_118_/D
    1242* |       0 |     416 |        0 |      0 |   412 |    +0.3% |   -0.797 |     -717.7 |   1772 | row55/_122_/D
    1245* |       0 |     417 |        0 |      0 |   413 |    +0.3% |   -0.797 |     -717.7 |   1772 | row55/_122_/D
    1248* |       0 |     418 |        0 |      0 |   414 |    +0.3% |   -0.797 |     -717.6 |   1772 | row56/_108_/D
    1250* |       0 |     419 |        0 |      0 |   414 |    +0.3% |   -0.797 |     -717.6 |   1772 | row56/_112_/D
    1251* |       0 |     419 |        0 |      0 |   415 |    +0.3% |   -0.797 |     -717.5 |   1772 | row56/_112_/D
    1254* |       0 |     420 |        0 |      0 |   416 |    +0.3% |   -0.797 |     -717.5 |   1772 | row56/_112_/D
    1257* |       0 |     421 |        0 |      0 |   417 |    +0.3% |   -0.797 |     -717.4 |   1772 | row57/_112_/D
    1260* |       0 |     422 |        0 |      0 |   418 |    +0.3% |   -0.797 |     -717.4 |   1772 | row57/_112_/D
    1260* |       0 |     422 |        0 |      0 |   418 |    +0.3% |   -0.797 |     -717.4 |   1772 | row57/_112_/D
    1263* |       0 |     423 |        0 |      0 |   419 |    +0.3% |   -0.797 |     -717.3 |   1772 | row57/_112_/D
    1266* |       0 |     424 |        0 |      0 |   420 |    +0.3% |   -0.797 |     -717.3 |   1772 | row57/_112_/D
    1269* |       0 |     425 |        0 |      0 |   421 |    +0.3% |   -0.797 |     -717.3 |   1772 | row57/_112_/D
    1270* |       0 |     425 |        0 |      0 |   421 |    +0.3% |   -0.797 |     -717.3 |   1772 | row57/_112_/D
    1272* |       0 |     426 |        0 |      0 |   422 |    +0.3% |   -0.797 |     -717.2 |   1772 | row57/_112_/D
    1275* |       0 |     427 |        0 |      0 |   423 |    +0.3% |   -0.797 |     -717.2 |   1772 | row57/_112_/D
    1278* |       0 |     428 |        0 |      0 |   424 |    +0.3% |   -0.797 |     -717.2 |   1772 | row57/_112_/D
    1280* |       0 |     429 |        0 |      0 |   424 |    +0.3% |   -0.797 |     -717.1 |   1772 | row57/_120_/D
    1281* |       0 |     429 |        0 |      0 |   425 |    +0.3% |   -0.797 |     -717.1 |   1772 | row57/_120_/D
    1284* |       0 |     430 |        0 |      0 |   426 |    +0.3% |   -0.797 |     -716.3 |   1772 | row57/_120_/D
    1287* |       0 |     431 |        0 |      0 |   427 |    +0.4% |   -0.797 |     -716.2 |   1772 | row57/_120_/D
    1290* |       0 |     432 |        0 |      0 |   428 |    +0.4% |   -0.797 |     -716.2 |   1772 | row57/_120_/D
    1290* |       0 |     432 |        0 |      0 |   428 |    +0.4% |   -0.797 |     -716.2 |   1772 | row57/_120_/D
    1293* |       0 |     433 |        0 |      0 |   429 |    +0.4% |   -0.797 |     -716.1 |   1772 | row58/_108_/D
    1296* |       0 |     434 |        0 |      0 |   430 |    +0.4% |   -0.797 |     -716.1 |   1772 | row58/_108_/D
    1299* |       0 |     435 |        0 |      0 |   431 |    +0.4% |   -0.797 |     -716.0 |   1772 | row58/_120_/D
    1300* |       0 |     435 |        0 |      0 |   431 |    +0.4% |   -0.797 |     -716.0 |   1772 | row58/_120_/D
    1302* |       0 |     436 |        0 |      0 |   432 |    +0.4% |   -0.797 |     -716.0 |   1772 | row58/_120_/D
    1305* |       0 |     437 |        0 |      0 |   433 |    +0.4% |   -0.797 |     -715.9 |   1772 | row58/_120_/D
    1308* |       0 |     438 |        0 |      0 |   434 |    +0.4% |   -0.797 |     -715.9 |   1772 | row58/_120_/D
    1310* |       0 |     439 |        0 |      0 |   434 |    +0.4% |   -0.797 |     -715.9 |   1772 | row58/_120_/D
    1311* |       0 |     439 |        0 |      0 |   435 |    +0.4% |   -0.797 |     -715.8 |   1772 | row58/_120_/D
    1314* |       0 |     440 |        0 |      0 |   436 |    +0.4% |   -0.797 |     -715.8 |   1772 | row58/_120_/D
    1317* |       0 |     441 |        0 |      0 |   437 |    +0.4% |   -0.797 |     -715.0 |   1772 | row59/_108_/D
    1320* |       0 |     442 |        0 |      0 |   438 |    +0.4% |   -0.797 |     -715.0 |   1772 | row59/_108_/D
    1320* |       0 |     442 |        0 |      0 |   438 |    +0.4% |   -0.797 |     -715.0 |   1772 | row59/_108_/D
    1323* |       0 |     443 |        0 |      0 |   439 |    +0.4% |   -0.797 |     -714.9 |   1772 | row59/_112_/D
    1326* |       0 |     444 |        0 |      0 |   440 |    +0.4% |   -0.797 |     -714.9 |   1772 | row59/_112_/D
    1329* |       0 |     445 |        0 |      0 |   441 |    +0.4% |   -0.797 |     -714.8 |   1772 | row59/_114_/D
    1330* |       0 |     445 |        0 |      0 |   441 |    +0.4% |   -0.797 |     -714.8 |   1772 | row59/_114_/D
    1332* |       0 |     446 |        0 |      0 |   442 |    +0.4% |   -0.797 |     -714.7 |   1772 | row59/_116_/D
    1335* |       0 |     447 |        0 |      0 |   443 |    +0.4% |   -0.797 |     -714.7 |   1772 | row59/_120_/D
    1338* |       0 |     448 |        0 |      0 |   444 |    +0.4% |   -0.797 |     -714.6 |   1772 | row59/_120_/D
    1340* |       0 |     449 |        0 |      0 |   444 |    +0.4% |   -0.797 |     -714.6 |   1772 | row6/_110_/D
    1341* |       0 |     449 |        0 |      0 |   445 |    +0.4% |   -0.797 |     -714.6 |   1772 | row6/_110_/D
    1344* |       0 |     450 |        0 |      0 |   446 |    +0.4% |   -0.797 |     -714.5 |   1772 | row6/_110_/D
    1347* |       0 |     451 |        0 |      0 |   447 |    +0.4% |   -0.797 |     -714.5 |   1772 | row6/_110_/D
    1350* |       0 |     452 |        0 |      0 |   448 |    +0.4% |   -0.797 |     -714.4 |   1772 | row6/_118_/D
    1350* |       0 |     452 |        0 |      0 |   448 |    +0.4% |   -0.797 |     -714.4 |   1772 | row6/_118_/D
    1353* |       0 |     453 |        0 |      0 |   449 |    +0.4% |   -0.797 |     -713.6 |   1772 | row6/_118_/D
    1356* |       0 |     454 |        0 |      0 |   450 |    +0.4% |   -0.797 |     -713.6 |   1772 | row6/_118_/D
    1359* |       0 |     455 |        0 |      0 |   451 |    +0.4% |   -0.797 |     -712.8 |   1772 | row6/_118_/D
    1360* |       0 |     455 |        0 |      0 |   451 |    +0.4% |   -0.797 |     -712.8 |   1772 | row6/_118_/D
    1362* |       0 |     456 |        0 |      0 |   452 |    +0.4% |   -0.797 |     -712.7 |   1772 | row60/_108_/D
    1365* |       0 |     457 |        0 |      0 |   453 |    +0.4% |   -0.797 |     -712.7 |   1772 | row60/_108_/D
    1368* |       0 |     458 |        0 |      0 |   454 |    +0.4% |   -0.797 |     -712.6 |   1772 | row60/_108_/D
    1370* |       0 |     459 |        0 |      0 |   454 |    +0.4% |   -0.797 |     -712.6 |   1772 | row60/_114_/D
    1371* |       0 |     459 |        0 |      0 |   455 |    +0.4% |   -0.797 |     -712.6 |   1772 | row60/_114_/D
    1374* |       0 |     460 |        0 |      0 |   456 |    +0.4% |   -0.797 |     -712.5 |   1772 | row60/_114_/D
    1377* |       0 |     461 |        0 |      0 |   457 |    +0.4% |   -0.797 |     -712.5 |   1772 | row60/_114_/D
    1380* |       0 |     462 |        0 |      0 |   458 |    +0.4% |   -0.797 |     -712.4 |   1772 | row60/_120_/D
    1380* |       0 |     462 |        0 |      0 |   458 |    +0.4% |   -0.797 |     -712.4 |   1772 | row60/_120_/D
    1383* |       0 |     463 |        0 |      0 |   459 |    +0.4% |   -0.797 |     -712.4 |   1772 | row60/_120_/D
    1386* |       0 |     464 |        0 |      0 |   460 |    +0.4% |   -0.797 |     -712.3 |   1772 | row60/_120_/D
    1389* |       0 |     465 |        0 |      0 |   461 |    +0.4% |   -0.797 |     -712.3 |   1772 | row61/_108_/D
    1390* |       0 |     465 |        0 |      0 |   461 |    +0.4% |   -0.797 |     -712.3 |   1772 | row61/_108_/D
    1392* |       0 |     466 |        0 |      0 |   462 |    +0.4% |   -0.797 |     -712.2 |   1772 | row61/_108_/D
    1395* |       0 |     467 |        0 |      0 |   463 |    +0.4% |   -0.797 |     -712.2 |   1772 | row61/_114_/D
    1398* |       0 |     468 |        0 |      0 |   464 |    +0.4% |   -0.797 |     -712.1 |   1772 | row61/_114_/D
    1400* |       0 |     469 |        0 |      0 |   464 |    +0.4% |   -0.797 |     -712.1 |   1772 | row61/_114_/D
    1401* |       0 |     469 |        0 |      0 |   465 |    +0.4% |   -0.797 |     -712.1 |   1772 | row61/_114_/D
    1404* |       0 |     470 |        0 |      0 |   466 |    +0.4% |   -0.797 |     -712.0 |   1772 | row61/_118_/D
    1407* |       0 |     471 |        0 |      0 |   467 |    +0.4% |   -0.797 |     -712.0 |   1772 | row61/_118_/D
    1410* |       0 |     472 |        0 |      0 |   468 |    +0.4% |   -0.797 |     -711.9 |   1772 | row62/_110_/D
    1410* |       0 |     472 |        0 |      0 |   468 |    +0.4% |   -0.797 |     -711.9 |   1772 | row62/_110_/D
    1413* |       0 |     473 |        0 |      0 |   469 |    +0.4% |   -0.797 |     -711.8 |   1772 | row62/_110_/D
    1416* |       0 |     474 |        0 |      0 |   470 |    +0.4% |   -0.797 |     -711.8 |   1772 | row62/_110_/D
    1419* |       0 |     475 |        0 |      0 |   471 |    +0.4% |   -0.797 |     -711.0 |   1772 | row62/_110_/D
    1420* |       0 |     475 |        0 |      0 |   471 |    +0.4% |   -0.797 |     -711.0 |   1772 | row62/_110_/D
    1422* |       0 |     476 |        0 |      0 |   472 |    +0.4% |   -0.797 |     -710.9 |   1772 | row62/_112_/D
    1425* |       0 |     477 |        0 |      0 |   473 |    +0.4% |   -0.797 |     -710.9 |   1772 | row62/_116_/D
    1428* |       0 |     478 |        0 |      0 |   474 |    +0.4% |   -0.797 |     -710.8 |   1772 | row62/_116_/D
    1430* |       0 |     479 |        0 |      0 |   474 |    +0.4% |   -0.797 |     -710.8 |   1772 | row62/_118_/D
    1431* |       0 |     479 |        0 |      0 |   475 |    +0.4% |   -0.797 |     -710.8 |   1772 | row62/_118_/D
    1434* |       0 |     480 |        0 |      0 |   476 |    +0.4% |   -0.797 |     -710.7 |   1772 | row62/_120_/D
    1437* |       0 |     481 |        0 |      0 |   477 |    +0.4% |   -0.797 |     -710.6 |   1772 | row63/_108_/D
    1440* |       0 |     482 |        0 |      0 |   478 |    +0.4% |   -0.797 |     -710.6 |   1772 | row63/_108_/D
    1440* |       0 |     482 |        0 |      0 |   478 |    +0.4% |   -0.797 |     -710.6 |   1772 | row63/_108_/D
    1443* |       0 |     483 |        0 |      0 |   479 |    +0.4% |   -0.797 |     -710.5 |   1772 | row63/_122_/D
    1446* |       0 |     484 |        0 |      0 |   480 |    +0.4% |   -0.797 |     -710.5 |   1772 | row63/_122_/D
    1449* |       0 |     485 |        0 |      0 |   481 |    +0.4% |   -0.797 |     -709.7 |   1772 | row63/_122_/D
    1450* |       0 |     485 |        0 |      0 |   481 |    +0.4% |   -0.797 |     -709.7 |   1772 | row63/_122_/D
    1452* |       0 |     486 |        0 |      0 |   482 |    +0.4% |   -0.797 |     -709.7 |   1772 | row63/_122_/D
    1455* |       0 |     487 |        0 |      0 |   483 |    +0.4% |   -0.797 |     -709.6 |   1772 | row63/_122_/D
    1458* |       0 |     488 |        0 |      0 |   484 |    +0.4% |   -0.797 |     -709.6 |   1772 | row63/_122_/D
    1460* |       0 |     489 |        0 |      0 |   484 |    +0.4% |   -0.797 |     -709.6 |   1772 | row63/_122_/D
    1461* |       0 |     489 |        0 |      0 |   485 |    +0.4% |   -0.797 |     -709.5 |   1772 | row63/_122_/D
    1464* |       0 |     490 |        0 |      0 |   486 |    +0.4% |   -0.797 |     -709.5 |   1772 | row7/_108_/D
    1467* |       0 |     491 |        0 |      0 |   487 |    +0.4% |   -0.797 |     -709.4 |   1772 | row7/_114_/D
    1470* |       0 |     492 |        0 |      0 |   488 |    +0.4% |   -0.797 |     -709.4 |   1772 | row7/_114_/D
    1470* |       0 |     492 |        0 |      0 |   488 |    +0.4% |   -0.797 |     -709.4 |   1772 | row7/_114_/D
    1473* |       0 |     493 |        0 |      0 |   489 |    +0.4% |   -0.797 |     -709.3 |   1772 | row7/_114_/D
    1476* |       0 |     494 |        0 |      0 |   490 |    +0.4% |   -0.797 |     -709.2 |   1772 | row7/_122_/D
    1479* |       0 |     495 |        0 |      0 |   491 |    +0.4% |   -0.797 |     -709.2 |   1772 | row7/_122_/D
    1480* |       0 |     495 |        0 |      0 |   491 |    +0.4% |   -0.797 |     -709.2 |   1772 | row7/_122_/D
    1482* |       0 |     496 |        0 |      0 |   492 |    +0.4% |   -0.797 |     -709.2 |   1772 | row7/_122_/D
    1485* |       0 |     497 |        0 |      0 |   493 |    +0.4% |   -0.797 |     -709.1 |   1772 | row7/_122_/D
    1488* |       0 |     498 |        0 |      0 |   494 |    +0.4% |   -0.797 |     -709.1 |   1772 | row8/_110_/D
    1490* |       0 |     499 |        0 |      0 |   494 |    +0.4% |   -0.797 |     -709.1 |   1772 | row8/_110_/D
    1491* |       0 |     499 |        0 |      0 |   495 |    +0.4% |   -0.797 |     -709.0 |   1772 | row8/_110_/D
    1494* |       0 |     500 |        0 |      0 |   496 |    +0.4% |   -0.797 |     -709.0 |   1772 | row8/_112_/D
    1497* |       0 |     501 |        0 |      0 |   497 |    +0.4% |   -0.797 |     -708.9 |   1772 | row8/_114_/D
    1500* |       0 |     502 |        0 |      0 |   498 |    +0.4% |   -0.797 |     -708.8 |   1772 | row8/_118_/D
    1500* |       0 |     502 |        0 |      0 |   498 |    +0.4% |   -0.797 |     -708.8 |   1772 | row8/_118_/D
    1503* |       0 |     503 |        0 |      0 |   499 |    +0.4% |   -0.797 |     -708.8 |   1772 | row8/_118_/D
    1506* |       0 |     504 |        0 |      0 |   500 |    +0.4% |   -0.797 |     -708.7 |   1772 | row8/_120_/D
    1509* |       0 |     505 |        0 |      0 |   501 |    +0.4% |   -0.797 |     -708.7 |   1772 | row9/_108_/D
    1510* |       0 |     505 |        0 |      0 |   501 |    +0.4% |   -0.797 |     -708.7 |   1772 | row9/_108_/D
    1512* |       0 |     506 |        0 |      0 |   502 |    +0.4% |   -0.797 |     -708.6 |   1772 | row9/_108_/D
    1515* |       0 |     507 |        0 |      0 |   503 |    +0.4% |   -0.797 |     -708.6 |   1772 | row9/_112_/D
    1518* |       0 |     508 |        0 |      0 |   504 |    +0.4% |   -0.797 |     -708.5 |   1772 | row9/_112_/D
    1520* |       0 |     509 |        0 |      0 |   504 |    +0.4% |   -0.797 |     -708.5 |   1772 | row9/_114_/D
    1521* |       0 |     509 |        0 |      0 |   505 |    +0.4% |   -0.797 |     -708.4 |   1772 | row9/_114_/D
    1524* |       0 |     510 |        0 |      0 |   506 |    +0.4% |   -0.797 |     -708.4 |   1772 | row9/_116_/D
    1527* |       0 |     511 |        0 |      0 |   507 |    +0.4% |   -0.797 |     -708.3 |   1772 | row9/_122_/D
    1530* |       0 |     512 |        0 |      0 |   508 |    +0.4% |   -0.797 |     -708.3 |   1772 | row9/_122_/D
    1530* |       0 |     512 |        0 |      0 |   508 |    +0.4% |   -0.797 |     -708.3 |   1772 | row9/_122_/D
    1533* |       0 |     513 |        0 |      0 |   509 |    +0.4% |   -0.797 |     -708.2 |   1772 | row9/_122_/D
    1536* |       0 |     514 |        0 |      0 |   510 |    +0.4% |   -0.797 |     -708.1 |   1772 | row0/_108_/D
    1537* |       0 |     514 |        0 |      0 |   510 |    +0.4% |   -0.797 |     -708.1 |   1772 | row0/_108_/D
    1538* |       0 |     514 |        0 |      0 |   510 |    +0.4% |   -0.797 |     -708.1 |   1772 | row0/_108_/D
    1539* |       0 |     514 |        0 |      0 |   510 |    +0.4% |   -0.797 |     -708.1 |   1772 | row0/_108_/D
    1540* |       0 |     514 |        0 |      0 |   510 |    +0.4% |   -0.797 |     -708.1 |   1772 | row0/_108_/D
    1540* |       0 |     514 |        0 |      0 |   510 |    +0.4% |   -0.797 |     -708.1 |   1772 | row0/_108_/D
    1541* |       0 |     514 |        0 |      0 |   510 |    +0.4% |   -0.797 |     -708.1 |   1772 | row0/_108_/D
    1542* |       0 |     514 |        0 |      0 |   510 |    +0.4% |   -0.797 |     -708.1 |   1772 | row0/_108_/D
    1543* |       0 |     514 |        0 |      0 |   510 |    +0.4% |   -0.797 |     -708.1 |   1772 | row0/_108_/D
    1544* |       0 |     514 |        0 |      0 |   510 |    +0.4% |   -0.797 |     -708.1 |   1772 | row0/_108_/D
    1545* |       0 |     514 |        0 |      0 |   510 |    +0.4% |   -0.797 |     -708.1 |   1772 | row0/_108_/D
    1546* |       0 |     514 |        0 |      0 |   510 |    +0.4% |   -0.797 |     -708.1 |   1772 | row0/_108_/D
    1547* |       0 |     514 |        0 |      0 |   510 |    +0.4% |   -0.797 |     -708.1 |   1772 | row0/_108_/D
    1548* |       0 |     514 |        0 |      0 |   510 |    +0.4% |   -0.797 |     -708.1 |   1772 | row0/_108_/D
    1549* |       0 |     514 |        0 |      0 |   510 |    +0.4% |   -0.797 |     -708.1 |   1772 | row0/_108_/D
    1550* |       0 |     514 |        0 |      0 |   510 |    +0.4% |   -0.797 |     -708.1 |   1772 | row0/_108_/D
    1550* |       0 |     514 |        0 |      0 |   510 |    +0.4% |   -0.797 |     -708.1 |   1772 | row0/_108_/D
    1551* |       0 |     514 |        0 |      0 |   510 |    +0.4% |   -0.797 |     -708.1 |   1772 | row0/_108_/D
    1552* |       0 |     514 |        0 |      0 |   510 |    +0.4% |   -0.797 |     -708.1 |   1772 | row0/_108_/D
    1553* |       0 |     514 |        0 |      0 |   510 |    +0.4% |   -0.797 |     -708.1 |   1772 | row0/_108_/D
    1554* |       0 |     514 |        0 |      0 |   510 |    +0.4% |   -0.797 |     -708.1 |   1772 | row0/_108_/D
    1555* |       0 |     514 |        0 |      0 |   510 |    +0.4% |   -0.797 |     -708.1 |   1772 | row0/_108_/D
    1556* |       0 |     514 |        0 |      0 |   510 |    +0.4% |   -0.797 |     -708.1 |   1772 | row0/_108_/D
    1557* |       0 |     514 |        0 |      0 |   510 |    +0.4% |   -0.797 |     -708.1 |   1772 | row0/_108_/D
    1558* |       0 |     514 |        0 |      0 |   510 |    +0.4% |   -0.797 |     -708.1 |   1772 | row0/_108_/D
    1559* |       0 |     514 |        0 |      0 |   510 |    +0.4% |   -0.797 |     -708.1 |   1772 | row0/_108_/D
    1560* |       0 |     514 |        0 |      0 |   510 |    +0.4% |   -0.797 |     -708.1 |   1772 | row0/_108_/D
    1560* |       0 |     514 |        0 |      0 |   510 |    +0.4% |   -0.797 |     -708.1 |   1772 | row0/_108_/D
    1561* |       0 |     514 |        0 |      0 |   510 |    +0.4% |   -0.797 |     -708.1 |   1772 | row0/_108_/D
    1562* |       0 |     514 |        0 |      0 |   510 |    +0.4% |   -0.797 |     -708.1 |   1772 | row0/_108_/D
    1563* |       0 |     514 |        0 |      0 |   510 |    +0.4% |   -0.797 |     -708.1 |   1772 | row0/_108_/D
    1564* |       0 |     514 |        0 |      0 |   510 |    +0.4% |   -0.797 |     -708.1 |   1772 | row0/_108_/D
    1565* |       0 |     514 |        0 |      0 |   510 |    +0.4% |   -0.797 |     -708.1 |   1772 | row0/_108_/D
    1566* |       0 |     514 |        0 |      0 |   510 |    +0.4% |   -0.797 |     -708.1 |   1772 | row0/_108_/D
    1567* |       0 |     514 |        0 |      0 |   510 |    +0.4% |   -0.797 |     -708.1 |   1772 | row0/_108_/D
    1568* |       0 |     514 |        0 |      0 |   510 |    +0.4% |   -0.797 |     -708.1 |   1772 | row0/_108_/D
    1569* |       0 |     514 |        0 |      0 |   510 |    +0.4% |   -0.797 |     -708.1 |   1772 | row0/_108_/D
    1570* |       0 |     514 |        0 |      0 |   510 |    +0.4% |   -0.797 |     -708.1 |   1772 | row0/_108_/D
    1570* |       0 |     514 |        0 |      0 |   510 |    +0.4% |   -0.797 |     -708.1 |   1772 | row0/_108_/D
    1571* |       0 |     514 |        0 |      0 |   510 |    +0.4% |   -0.797 |     -708.1 |   1772 | row0/_108_/D
    1572* |       0 |     514 |        0 |      0 |   510 |    +0.4% |   -0.797 |     -708.1 |   1772 | row0/_108_/D
    1573* |       0 |     514 |        0 |      0 |   510 |    +0.4% |   -0.797 |     -708.1 |   1772 | row0/_108_/D
    1574* |       0 |     514 |        0 |      0 |   510 |    +0.4% |   -0.797 |     -708.1 |   1772 | row0/_108_/D
    1575* |       0 |     514 |        0 |      0 |   510 |    +0.4% |   -0.797 |     -708.1 |   1772 | row0/_108_/D
    1576* |       0 |     514 |        0 |      0 |   510 |    +0.4% |   -0.797 |     -708.1 |   1772 | row0/_108_/D
    1577* |       0 |     514 |        0 |      0 |   510 |    +0.4% |   -0.797 |     -708.1 |   1772 | row0/_108_/D
    1578* |       0 |     514 |        0 |      0 |   510 |    +0.4% |   -0.797 |     -708.1 |   1772 | row0/_108_/D
    1579* |       0 |     514 |        0 |      0 |   510 |    +0.4% |   -0.797 |     -708.1 |   1772 | row0/_108_/D
    1580* |       0 |     514 |        0 |      0 |   510 |    +0.4% |   -0.797 |     -708.1 |   1772 | row0/_108_/D
    1580* |       0 |     514 |        0 |      0 |   510 |    +0.4% |   -0.797 |     -708.1 |   1772 | row0/_108_/D
    1581* |       0 |     514 |        0 |      0 |   510 |    +0.4% |   -0.797 |     -708.1 |   1772 | row0/_108_/D
    1582* |       0 |     514 |        0 |      0 |   510 |    +0.4% |   -0.797 |     -708.1 |   1772 | row0/_108_/D
    1583* |       0 |     514 |        0 |      0 |   510 |    +0.4% |   -0.797 |     -708.1 |   1772 | row0/_108_/D
    1584* |       0 |     514 |        0 |      0 |   510 |    +0.4% |   -0.797 |     -708.1 |   1772 | row0/_108_/D
    1585* |       0 |     514 |        0 |      0 |   510 |    +0.4% |   -0.797 |     -708.1 |   1772 | row0/_108_/D
    1586* |       0 |     514 |        0 |      0 |   510 |    +0.4% |   -0.797 |     -708.1 |   1772 | row0/_108_/D
    1587* |       0 |     514 |        0 |      0 |   510 |    +0.4% |   -0.797 |     -708.1 |   1772 | row0/_108_/D
    1588* |       0 |     514 |        0 |      0 |   510 |    +0.4% |   -0.797 |     -708.1 |   1772 | row0/_108_/D
    1589* |       0 |     514 |        0 |      0 |   510 |    +0.4% |   -0.797 |     -708.1 |   1772 | row0/_108_/D
    1590* |       0 |     514 |        0 |      0 |   510 |    +0.4% |   -0.797 |     -708.1 |   1772 | row0/_108_/D
    1590* |       0 |     514 |        0 |      0 |   510 |    +0.4% |   -0.797 |     -708.1 |   1772 | row0/_108_/D
    1591* |       0 |     514 |        0 |      0 |   510 |    +0.4% |   -0.797 |     -708.1 |   1772 | row0/_108_/D
    1592* |       0 |     514 |        0 |      0 |   510 |    +0.4% |   -0.797 |     -708.1 |   1772 | row0/_108_/D
    1593* |       0 |     514 |        0 |      0 |   510 |    +0.4% |   -0.797 |     -708.1 |   1772 | row0/_108_/D
    1594* |       0 |     514 |        0 |      0 |   510 |    +0.4% |   -0.797 |     -708.1 |   1772 | row0/_108_/D
    1595* |       0 |     514 |        0 |      0 |   510 |    +0.4% |   -0.797 |     -708.1 |   1772 | row0/_108_/D
    1596* |       0 |     514 |        0 |      0 |   510 |    +0.4% |   -0.797 |     -708.1 |   1772 | row0/_108_/D
    1597* |       0 |     514 |        0 |      0 |   510 |    +0.4% |   -0.797 |     -708.1 |   1772 | row0/_108_/D
    1598* |       0 |     514 |        0 |      0 |   510 |    +0.4% |   -0.797 |     -708.1 |   1772 | row0/_108_/D
    1599* |       0 |     514 |        0 |      0 |   510 |    +0.4% |   -0.797 |     -708.1 |   1772 | row0/_108_/D
    1600* |       0 |     514 |        0 |      0 |   510 |    +0.4% |   -0.797 |     -708.1 |   1772 | row0/_108_/D
    1600* |       0 |     514 |        0 |      0 |   510 |    +0.4% |   -0.797 |     -708.1 |   1772 | row0/_108_/D
    1602* |       0 |     514 |        0 |      0 |   510 |    +0.4% |   -0.797 |     -708.1 |   1772 | row0/_108_/D
    1604* |       0 |     514 |        0 |      0 |   510 |    +0.4% |   -0.797 |     -708.1 |   1772 | row0/_108_/D
    1606* |       0 |     514 |        0 |      0 |   510 |    +0.4% |   -0.797 |     -708.1 |   1772 | row0/_108_/D
    1608* |       0 |     514 |        0 |      0 |   510 |    +0.4% |   -0.797 |     -708.1 |   1772 | row0/_108_/D
    1610* |       0 |     514 |        0 |      0 |   511 |    +0.4% |   -0.797 |     -708.3 |   1772 | row0/_108_/D
    1610* |       0 |     514 |        0 |      0 |   510 |    +0.4% |   -0.797 |     -708.1 |   1772 | row0/_108_/D
    1612* |       0 |     514 |        0 |      0 |   510 |    +0.4% |   -0.797 |     -708.1 |   1772 | row0/_108_/D
    1614* |       0 |     514 |        0 |      0 |   510 |    +0.4% |   -0.797 |     -708.1 |   1772 | row0/_108_/D
    1616* |       0 |     514 |        0 |      0 |   510 |    +0.4% |   -0.797 |     -708.1 |   1772 | row0/_108_/D
    1618* |       0 |     514 |        0 |      0 |   510 |    +0.4% |   -0.797 |     -708.1 |   1772 | row0/_108_/D
    1620* |       0 |     514 |        0 |      0 |   511 |    +0.4% |   -0.797 |     -708.3 |   1772 | row0/_108_/D
    1620* |       0 |     514 |        0 |      0 |   510 |    +0.4% |   -0.797 |     -708.1 |   1772 | row0/_108_/D
    1622* |       0 |     514 |        0 |      0 |   510 |    +0.4% |   -0.797 |     -708.1 |   1772 | row0/_108_/D
    1624* |       0 |     514 |        0 |      0 |   510 |    +0.4% |   -0.797 |     -708.1 |   1772 | row0/_108_/D
    1626* |       0 |     514 |        0 |      0 |   510 |    +0.4% |   -0.797 |     -708.1 |   1772 | row0/_108_/D
    1628* |       0 |     514 |        0 |      0 |   510 |    +0.4% |   -0.797 |     -708.1 |   1772 | row0/_108_/D
    1630* |       0 |     514 |        0 |      0 |   511 |    +0.4% |   -0.797 |     -707.5 |   1772 | row0/_108_/D
    1630* |       0 |     514 |        0 |      0 |   511 |    +0.4% |   -0.797 |     -707.5 |   1772 | row0/_108_/D
    1632* |       0 |     514 |        0 |      0 |   511 |    +0.4% |   -0.797 |     -707.5 |   1772 | row0/_108_/D
    1634* |       0 |     514 |        0 |      0 |   511 |    +0.4% |   -0.797 |     -707.5 |   1772 | row0/_108_/D
    1636* |       0 |     514 |        0 |      0 |   511 |    +0.4% |   -0.797 |     -707.5 |   1772 | row0/_108_/D
    1638* |       0 |     514 |        0 |      0 |   511 |    +0.4% |   -0.797 |     -707.5 |   1772 | row0/_108_/D
    1640* |       0 |     514 |        0 |      0 |   512 |    +0.4% |   -0.797 |     -707.6 |   1772 | row0/_108_/D
    1640* |       0 |     514 |        0 |      0 |   511 |    +0.4% |   -0.797 |     -707.5 |   1772 | row0/_108_/D
    1642* |       0 |     514 |        0 |      0 |   511 |    +0.4% |   -0.797 |     -707.5 |   1772 | row0/_108_/D
    1644* |       0 |     514 |        0 |      0 |   511 |    +0.4% |   -0.797 |     -707.5 |   1772 | row0/_108_/D
    1646* |       0 |     514 |        0 |      0 |   511 |    +0.4% |   -0.797 |     -707.5 |   1772 | row0/_108_/D
    1648* |       0 |     514 |        0 |      0 |   511 |    +0.4% |   -0.797 |     -707.5 |   1772 | row0/_108_/D
    1650* |       0 |     514 |        0 |      0 |   512 |    +0.4% |   -0.853 |     -707.8 |   1772 | row11/_107_/D
    1650* |       0 |     514 |        0 |      0 |   511 |    +0.4% |   -0.797 |     -707.5 |   1772 | row0/_108_/D
    1652* |       0 |     514 |        0 |      0 |   511 |    +0.4% |   -0.797 |     -707.5 |   1772 | row0/_108_/D
    1654* |       0 |     514 |        0 |      0 |   511 |    +0.4% |   -0.797 |     -707.5 |   1772 | row0/_108_/D
    1656* |       0 |     514 |        0 |      0 |   511 |    +0.4% |   -0.797 |     -707.5 |   1772 | row0/_108_/D
    1658* |       0 |     514 |        0 |      0 |   511 |    +0.4% |   -0.797 |     -707.5 |   1772 | row0/_108_/D
    1660* |       0 |     514 |        0 |      0 |   512 |    +0.4% |   -0.797 |     -707.6 |   1772 | row0/_108_/D
    1660* |       0 |     514 |        0 |      0 |   511 |    +0.4% |   -0.797 |     -707.5 |   1772 | row0/_108_/D
    1662* |       0 |     514 |        0 |      0 |   511 |    +0.4% |   -0.797 |     -707.5 |   1772 | row0/_108_/D
    1664* |       0 |     514 |        0 |      0 |   511 |    +0.4% |   -0.797 |     -707.5 |   1772 | row0/_108_/D
    1666* |       0 |     514 |        0 |      0 |   511 |    +0.4% |   -0.797 |     -707.5 |   1772 | row0/_108_/D
    1668* |       0 |     514 |        0 |      0 |   511 |    +0.4% |   -0.797 |     -707.5 |   1772 | row0/_108_/D
    1670* |       0 |     514 |        0 |      0 |   512 |    +0.4% |   -0.797 |     -707.6 |   1772 | row0/_108_/D
    1670* |       0 |     514 |        0 |      0 |   511 |    +0.4% |   -0.797 |     -707.5 |   1772 | row0/_108_/D
    1672* |       0 |     514 |        0 |      0 |   511 |    +0.4% |   -0.797 |     -707.5 |   1772 | row0/_108_/D
    1674* |       0 |     514 |        0 |      0 |   511 |    +0.4% |   -0.797 |     -707.5 |   1772 | row0/_108_/D
    1676* |       0 |     514 |        0 |      0 |   511 |    +0.4% |   -0.797 |     -707.5 |   1772 | row0/_108_/D
    1678* |       0 |     514 |        0 |      0 |   511 |    +0.4% |   -0.797 |     -707.5 |   1772 | row0/_108_/D
    1680* |       0 |     514 |        0 |      0 |   512 |    +0.4% |   -0.844 |     -707.8 |   1772 | row12/_121_/D
    1680* |       0 |     514 |        0 |      0 |   511 |    +0.4% |   -0.797 |     -707.5 |   1772 | row0/_108_/D
    1682* |       0 |     514 |        0 |      0 |   511 |    +0.4% |   -0.797 |     -707.5 |   1772 | row0/_108_/D
    1684* |       0 |     514 |        0 |      0 |   511 |    +0.4% |   -0.797 |     -707.5 |   1772 | row0/_108_/D
    1686* |       0 |     514 |        0 |      0 |   511 |    +0.4% |   -0.797 |     -707.5 |   1772 | row0/_108_/D
    1688* |       0 |     514 |        0 |      0 |   511 |    +0.4% |   -0.797 |     -707.5 |   1772 | row0/_108_/D
    1690* |       0 |     514 |        0 |      0 |   512 |    +0.4% |   -0.844 |     -707.8 |   1772 | row13/_115_/D
    1690* |       0 |     514 |        0 |      0 |   511 |    +0.4% |   -0.797 |     -707.5 |   1772 | row0/_108_/D
    1692* |       0 |     514 |        0 |      0 |   511 |    +0.4% |   -0.797 |     -707.5 |   1772 | row0/_108_/D
    1694* |       0 |     514 |        0 |      0 |   511 |    +0.4% |   -0.797 |     -707.5 |   1772 | row0/_108_/D
    1696* |       0 |     514 |        0 |      0 |   511 |    +0.4% |   -0.797 |     -707.5 |   1772 | row0/_108_/D
    1698* |       0 |     514 |        0 |      0 |   511 |    +0.4% |   -0.797 |     -707.5 |   1772 | row0/_108_/D
    1700* |       0 |     514 |        0 |      0 |   512 |    +0.4% |   -0.844 |     -707.8 |   1772 | row14/_109_/D
    1700* |       0 |     514 |        0 |      0 |   511 |    +0.4% |   -0.797 |     -707.5 |   1772 | row0/_108_/D
    1700* |       0 |     514 |        0 |      0 |   511 |    +0.4% |   -0.797 |     -707.5 |   1772 | row0/_108_/D
    final |       0 |     514 |        0 |      0 |   511 |    +0.4% |   -0.797 |     -707.5 |   1070 | row0/_108_/D
------------------------------------------------------------------------------------------------------------------------------
[INFO RSZ-0051] Resized 514 instances: 514 up, 0 up match, 0 down, 0 VT
[INFO RSZ-0043] Swapped pins on 511 instances.
[WARNING RSZ-0062] Unable to repair all setup violations.
[INFO RSZ-0505] Runtime: 9.76s
Took 10 seconds: repair_timing -setup_margin 0 -hold_margin 0 -repair_tns 100 -match_cell_footprint -setup -skip_last_gasp -sequence unbuffer,sizeup,swap,vt_swap -verbose
Default units for flow
 time 1ns
 capacitance 1pF
 resistance 1kohm
 voltage 1v
 current 1mA
 power 1nW
 distance 1um
   Layer   | Unit Resistance | Unit Capacitance 
           |       (kohm/um) |          (pF/um)
------------------------------------------------
       li1 |        7.18e-02 |         1.50e-04
      met1 |        1.21e-03 |         1.72e-04
      met2 |        1.22e-03 |         1.36e-04
      met3 |        1.66e-04 |         2.15e-04
      met4 |        1.68e-04 |         1.48e-04
      met5 |        1.84e-05 |         1.54e-04
------------------------------------------------

   Layer   | Via Resistance 
           |         (kohm) 
----------------------------
      mcon |       9.25e-03 
       via |       4.50e-03 
      via2 |       3.37e-03 
      via3 |       3.77e-04 
      via4 |       5.80e-06 
----------------------------
Report metrics stage 2, floorplan final...

==========================================================================
floorplan final report_design_area
--------------------------------------------------------------------------
Design area 155428 um^2 61% utilization.
write_db /work/orfs/results/sky130hd/s_ubp4_n64_u60/base/2_1_floorplan.odb
write_sdc -no_timestamp /work/orfs/results/sky130hd/s_ubp4_n64_u60/base/2_1_floorplan.sdc
Elapsed time: 0:11.73[h:]min:sec. CPU time: user 10.74 sys 0.23 (93%). Peak memory: 180584KB.
Log                       Ext     Elapsed/s Peak Memory/MB sha1sum result [0:20)
2_1_floorplan             .odb           11            176 2b33f63c84db92198bc1
2_1_floorplan             .sdc                             c9b52a36521419161edd
/OpenROAD-flow-scripts/flow/scripts/flow.sh 2_2_floorplan_macro macro_place
Running macro_place.tcl, stage 2_2_floorplan_macro
read_liberty /OpenROAD-flow-scripts/flow/platforms/sky130hd/lib/sky130_fd_sc_hd__tt_025C_1v80.lib
read_db /work/orfs/results/sky130hd/s_ubp4_n64_u60/base/2_1_floorplan.odb
read_sdc /work/orfs/results/sky130hd/s_ubp4_n64_u60/base/2_1_floorplan.sdc
source /OpenROAD-flow-scripts/flow/platforms/sky130hd/setRC.tcl
No macros found: Skipping macro_placement
Design area 155428 um^2 61% utilization.
write_db /work/orfs/results/sky130hd/s_ubp4_n64_u60/base/2_2_floorplan_macro.odb
Elapsed time: 0:00.58[h:]min:sec. CPU time: user 0.43 sys 0.08 (86%). Peak memory: 119584KB.
Log                       Ext     Elapsed/s Peak Memory/MB sha1sum result [0:20)
2_2_floorplan_macro       .odb            0            116 2b33f63c84db92198bc1
/OpenROAD-flow-scripts/flow/scripts/flow.sh 2_3_floorplan_tapcell tapcell
Running tapcell.tcl, stage 2_3_floorplan_tapcell
read_liberty /OpenROAD-flow-scripts/flow/platforms/sky130hd/lib/sky130_fd_sc_hd__tt_025C_1v80.lib
read_db /work/orfs/results/sky130hd/s_ubp4_n64_u60/base/2_2_floorplan_macro.odb
read_sdc /work/orfs/results/sky130hd/s_ubp4_n64_u60/base/2_1_floorplan.sdc
source /OpenROAD-flow-scripts/flow/platforms/sky130hd/setRC.tcl
[INFO TAP-0005] Inserted 3384 tapcells.
Design area 159662 um^2 62% utilization.
write_db /work/orfs/results/sky130hd/s_ubp4_n64_u60/base/2_3_floorplan_tapcell.odb
Elapsed time: 0:00.74[h:]min:sec. CPU time: user 0.48 sys 0.06 (73%). Peak memory: 119416KB.
Log                       Ext     Elapsed/s Peak Memory/MB sha1sum result [0:20)
2_3_floorplan_tapcell     .odb            0            116 11d874dc16f2df61e09d
/OpenROAD-flow-scripts/flow/scripts/flow.sh 2_4_floorplan_pdn pdn
Running pdn.tcl, stage 2_4_floorplan_pdn
read_liberty /OpenROAD-flow-scripts/flow/platforms/sky130hd/lib/sky130_fd_sc_hd__tt_025C_1v80.lib
read_db /work/orfs/results/sky130hd/s_ubp4_n64_u60/base/2_3_floorplan_tapcell.odb
read_sdc /work/orfs/results/sky130hd/s_ubp4_n64_u60/base/2_1_floorplan.sdc
source /OpenROAD-flow-scripts/flow/platforms/sky130hd/setRC.tcl
[WARNING PDN-1051] No instances found for grid (CORE_macro_grid_1).
[WARNING PDN-1051] No instances found for grid (CORE_macro_grid_2).
[INFO PDN-0001] Inserting grid: grid
[INFO PDN-0500] Runtime: 0.22s
Design area 159662 um^2 62% utilization.
write_db /work/orfs/results/sky130hd/s_ubp4_n64_u60/base/2_4_floorplan_pdn.odb
Elapsed time: 0:01.51[h:]min:sec. CPU time: user 0.83 sys 0.06 (59%). Peak memory: 127144KB.
Log                       Ext     Elapsed/s Peak Memory/MB sha1sum result [0:20)
2_4_floorplan_pdn         .odb            1            124 a508f9a6b89820f7838b
cp /work/orfs/results/sky130hd/s_ubp4_n64_u60/base/2_4_floorplan_pdn.odb /work/orfs/results/sky130hd/s_ubp4_n64_u60/base/2_floorplan.odb
cp /work/orfs/results/sky130hd/s_ubp4_n64_u60/base/2_1_floorplan.sdc /work/orfs/results/sky130hd/s_ubp4_n64_u60/base/2_floorplan.sdc
/OpenROAD-flow-scripts/flow/scripts/flow.sh 3_1_place_gp_skip_io global_place_skip_io
Running global_place_skip_io.tcl, stage 3_1_place_gp_skip_io
read_liberty /OpenROAD-flow-scripts/flow/platforms/sky130hd/lib/sky130_fd_sc_hd__tt_025C_1v80.lib
read_db /work/orfs/results/sky130hd/s_ubp4_n64_u60/base/2_floorplan.odb
read_sdc /work/orfs/results/sky130hd/s_ubp4_n64_u60/base/2_floorplan.sdc
source /OpenROAD-flow-scripts/flow/platforms/sky130hd/setRC.tcl
global_placement -skip_io -density 0.6 -pad_left 0 -pad_right 0
[INFO GPL-0001] ---- Initialize GPL Main Data Structures
[INFO GPL-0002] DBU: 1000
[INFO GPL-0003] SiteSize: (  0.460  2.720 ) um
[INFO GPL-0004] CoreBBox: (  2.300  2.720 ) ( 509.680 508.640 ) um
[INFO GPL-0016] Core area:                  256693.690 um^2
[INFO GPL-0036] Movable instances area:     155427.818 um^2
[INFO GPL-0037] Total instances area:       159661.878 um^2
[INFO GPL-0035] Pin density area adjust:      4710.553 um^2
[INFO GPL-0032] ---- Initialize Region: Top-level
[INFO GPL-0006] Number of instances:             14210
[INFO GPL-0007] Movable instances:               10826
[INFO GPL-0008] Fixed instances:                  3384
[INFO GPL-0009] Dummy instances:                     0
[INFO GPL-0010] Number of nets:                  10892
[INFO GPL-0011] Number of pins:                  34791
[INFO GPL-0012] Die BBox:       (  0.000  0.000 ) ( 511.705 511.705 ) um
[INFO GPL-0013] Placement BBox: (  2.300  2.720 ) ( 509.680 508.640 ) um
[INFO GPL-0014] Region name: top-level.
[INFO GPL-0015] Region area:                256693.690 um^2
[INFO GPL-0017] Fixed instances area:         4234.061 um^2
[INFO GPL-0018] Movable instances area:     160138.371 um^2
[INFO GPL-0019] Utilization:                    63.431 %
[INFO GPL-0020] Standard cells area:        160138.371 um^2
[INFO GPL-0021] Large instances area:            0.000 um^2
[INFO GPL-0005] ---- Execute Conjugate Gradient Initial Placement.
[INFO GPL-0051] Source of initial instance position counters:
	Odb location = 0	Core center = 10826	Region center = 0
[INFO GPL-0033] ---- Initialize Nesterov Region: Top-level
[WARNING GPL-0302] Target density 0.6000 is too low for the available free area.
Automatically adjusting to uniform density 0.6400.
[INFO GPL-0023] Placement target density:       0.6400
[INFO GPL-0024] Movable insts average area:     14.792 um^2
[INFO GPL-0025] Ideal bin area:                 23.113 um^2
[INFO GPL-0026] Ideal bin count:                 11106
[INFO GPL-0027] Total bin area:             256693.690 um^2
[INFO GPL-0028] Bin count (X, Y):          64 ,     64
[INFO GPL-0029] Bin size (W * H):       7.928 *  7.905 um
[INFO GPL-0030] Number of bins:                   4096
[INFO GPL-0084] ---- Execute Nesterov Global Placement.
[INFO GPL-0031] HPWL: Half-Perimeter Wirelength
Iteration | Overflow |     HPWL (um) |  HPWL(%) |   Penalty | Group
---------------------------------------------------------------
        0 |   0.9987 |  3.642168e+04 |   +0.00% |  2.83e-15 |      
       10 |   0.9978 |  2.970719e+04 |  -18.44% |  4.60e-15 |      
       20 |   0.9973 |  2.637963e+04 |  -11.20% |  7.50e-15 |      
       30 |   0.9973 |  2.428103e+04 |   -7.96% |  1.22e-14 |      
       40 |   0.9963 |  2.391677e+04 |   -1.50% |  1.99e-14 |      
       50 |   0.9963 |  2.418904e+04 |   +1.14% |  3.24e-14 |      
       60 |   0.9963 |  2.425782e+04 |   +0.28% |  5.28e-14 |      
       70 |   0.9963 |  2.425819e+04 |   +0.00% |  8.60e-14 |      
       80 |   0.9963 |  2.456530e+04 |   +1.27% |  1.40e-13 |      
       90 |   0.9963 |  2.556494e+04 |   +4.07% |  2.28e-13 |      
      100 |   0.9953 |  2.770775e+04 |   +8.38% |  3.72e-13 |      
      110 |   0.9932 |  3.175686e+04 |  +14.61% |  6.05e-13 |      
      120 |   0.9882 |  3.835250e+04 |  +20.77% |  9.85e-13 |      
      130 |   0.9788 |  5.004320e+04 |  +30.48% |  1.60e-12 |      
      140 |   0.9592 |  6.393246e+04 |  +27.75% |  2.61e-12 |      
      150 |   0.9364 |  7.524956e+04 |  +17.70% |  4.24e-12 |      
      160 |   0.9128 |  8.522118e+04 |  +13.25% |  6.90e-12 |      
      170 |   0.8878 |  9.704719e+04 |  +13.88% |  1.12e-11 |      
      180 |   0.8507 |  1.114825e+05 |  +14.87% |  1.82e-11 |      
      190 |   0.8035 |  1.252434e+05 |  +12.34% |  2.97e-11 |      
      200 |   0.7571 |  1.362717e+05 |   +8.81% |  4.83e-11 |      
      210 |   0.7199 |  1.465008e+05 |   +7.51% |  7.86e-11 |      
      220 |   0.6705 |  1.595423e+05 |   +8.90% |  1.28e-10 |      
      230 |   0.6131 |  1.738504e+05 |   +8.97% |  2.08e-10 |      
      240 |   0.5615 |  1.847355e+05 |   +6.26% |  3.38e-10 |      
      250 |   0.5213 |  1.915588e+05 |   +3.69% |  5.50e-10 |      
      260 |   0.4717 |  1.965167e+05 |   +2.59% |  8.96e-10 |      
      270 |   0.4197 |  1.986402e+05 |   +1.08% |  1.46e-09 |      
      280 |   0.3694 |  2.020937e+05 |   +1.74% |  2.38e-09 |      
      290 |   0.3252 |  2.072245e+05 |   +2.54% |  3.68e-09 |      
      300 |   0.2956 |  2.079352e+05 |   +0.34% |  5.42e-09 |      
      310 |   0.2748 |  2.068961e+05 |   -0.50% |  7.98e-09 |      
      320 |   0.2490 |  2.075560e+05 |   +0.32% |  1.18e-08 |      
      330 |   0.2298 |  2.071247e+05 |   -0.21% |  1.73e-08 |      
      340 |   0.2092 |  2.056807e+05 |   -0.70% |  2.55e-08 |      
      350 |   0.1892 |  2.050877e+05 |   -0.29% |  3.76e-08 |      
      360 |   0.1667 |  2.042934e+05 |   -0.39% |  5.54e-08 |      
      370 |   0.1504 |  2.041190e+05 |   -0.09% |  8.16e-08 |      
      380 |   0.1294 |  2.039659e+05 |   -0.07% |  1.20e-07 |      
      390 |   0.1138 |  2.039559e+05 |   -0.00% |  1.77e-07 |      
      399 |   0.0991 |  2.038895e+05 |          |  2.61e-07 |      
---------------------------------------------------------------
[INFO GPL-1001] Global placement finished at iteration 399
[INFO GPL-1002] Placed Cell Area            160138.3707
[INFO GPL-1003] Available Free Area         252459.6288
[INFO GPL-1004] Minimum Feasible Density        0.6400 (cell_area / free_area)
[INFO GPL-1006]   Suggested Target Densities:
[INFO GPL-1007]     - For 90% usage of free space: 0.7048
[INFO GPL-1008]     - For 80% usage of free space: 0.7929
[INFO GPL-1014] Final placement area: 160138.37 (+0.00%)
[INFO GPL-1018] Final HPWL (um): 204486.52
Design area 159662 um^2 62% utilization.
write_db /work/orfs/results/sky130hd/s_ubp4_n64_u60/base/3_1_place_gp_skip_io.odb
Elapsed time: 0:04.41[h:]min:sec. CPU time: user 2.79 sys 0.19 (67%). Peak memory: 140736KB.
Log                       Ext     Elapsed/s Peak Memory/MB sha1sum result [0:20)
3_1_place_gp_skip_io      .odb            4            137 4128c16ac7802d4c3585
/OpenROAD-flow-scripts/flow/scripts/flow.sh 3_2_place_iop io_placement
Running io_placement.tcl, stage 3_2_place_iop
read_liberty /OpenROAD-flow-scripts/flow/platforms/sky130hd/lib/sky130_fd_sc_hd__tt_025C_1v80.lib
read_db /work/orfs/results/sky130hd/s_ubp4_n64_u60/base/3_1_place_gp_skip_io.odb
read_sdc /work/orfs/results/sky130hd/s_ubp4_n64_u60/base/2_floorplan.sdc
source /OpenROAD-flow-scripts/flow/platforms/sky130hd/setRC.tcl
place_pins -hor_layers met3 -ver_layers met2
Found 0 macro blocks.
Using 2 tracks default min distance between IO pins.
[INFO PPL-0001] Number of available slots 1852
[INFO PPL-0002] Number of I/O             130
[INFO PPL-0003] Number of I/O w/sink      130
[INFO PPL-0004] Number of I/O w/o sink    0
[INFO PPL-0005] Slots per section         200
[INFO PPL-0008] Successfully assigned pins to sections.
[INFO PPL-0012] I/O nets HPWL: 17453.15 um.
Design area 159662 um^2 62% utilization.
write_db /work/orfs/results/sky130hd/s_ubp4_n64_u60/base/3_2_place_iop.odb
Elapsed time: 0:00.86[h:]min:sec. CPU time: user 0.68 sys 0.08 (88%). Peak memory: 123828KB.
Log                       Ext     Elapsed/s Peak Memory/MB sha1sum result [0:20)
3_2_place_iop             .odb            0            120 f931080758e8b78dd748
/OpenROAD-flow-scripts/flow/scripts/flow.sh 3_3_place_gp global_place
Running global_place.tcl, stage 3_3_place_gp
read_liberty /OpenROAD-flow-scripts/flow/platforms/sky130hd/lib/sky130_fd_sc_hd__tt_025C_1v80.lib
read_db /work/orfs/results/sky130hd/s_ubp4_n64_u60/base/3_2_place_iop.odb
read_sdc /work/orfs/results/sky130hd/s_ubp4_n64_u60/base/2_floorplan.sdc
source /OpenROAD-flow-scripts/flow/platforms/sky130hd/setRC.tcl
[INFO RSZ-0026] Removed 0 buffers.
Perform port buffering...
[INFO RSZ-0027] Inserted 65 sky130_fd_sc_hd__clkdlybuf4s50_1 input buffers.
[INFO RSZ-0028] Inserted 64 sky130_fd_sc_hd__clkdlybuf4s50_1 output buffers.
global_placement -density 0.6 -pad_left 0 -pad_right 0 -routability_driven -timing_driven -force_center_initial_place -min_phi_coef 0.95 -max_phi_coef 1.05
[INFO GPL-0001] ---- Initialize GPL Main Data Structures
[INFO GPL-0002] DBU: 1000
[INFO GPL-0003] SiteSize: (  0.460  2.720 ) um
[INFO GPL-0004] CoreBBox: (  2.300  2.720 ) ( 509.680 508.640 ) um
[INFO GPL-0016] Core area:                  256693.690 um^2
[INFO GPL-0036] Movable instances area:     156719.056 um^2
[INFO GPL-0037] Total instances area:       160953.117 um^2
[INFO GPL-0035] Pin density area adjust:      4710.553 um^2
[INFO GPL-0032] ---- Initialize Region: Top-level
[INFO GPL-0006] Number of instances:             14339
[INFO GPL-0007] Movable instances:               10955
[INFO GPL-0008] Fixed instances:                  3384
[INFO GPL-0009] Dummy instances:                     0
[INFO GPL-0010] Number of nets:                  11021
[INFO GPL-0011] Number of pins:                  35179
[INFO GPL-0012] Die BBox:       (  0.000  0.000 ) ( 511.705 511.705 ) um
[INFO GPL-0013] Placement BBox: (  2.300  2.720 ) ( 509.680 508.640 ) um
[INFO GPL-0014] Region name: top-level.
[INFO GPL-0015] Region area:                256693.690 um^2
[INFO GPL-0017] Fixed instances area:         4234.061 um^2
[INFO GPL-0018] Movable instances area:     161429.609 um^2
[INFO GPL-0019] Utilization:                    63.943 %
[INFO GPL-0020] Standard cells area:        161429.609 um^2
[INFO GPL-0021] Large instances area:            0.000 um^2
[INFO GPL-0005] ---- Execute Conjugate Gradient Initial Placement.
[INFO GPL-0051] Source of initial instance position counters:
	Odb location = 0	Core center = 10955	Region center = 0
[InitialPlace]  Iter: 1 conjugate gradient residual: 0.00004000 HPWL: 309940535
[InitialPlace]  Iter: 2 conjugate gradient residual: 0.00000557 HPWL: 165205207
[InitialPlace]  Iter: 3 conjugate gradient residual: 0.00000395 HPWL: 166131132
[InitialPlace]  Iter: 4 conjugate gradient residual: 0.00000381 HPWL: 166474028
[InitialPlace]  Iter: 5 conjugate gradient residual: 0.00000606 HPWL: 166707713
[INFO GPL-0033] ---- Initialize Nesterov Region: Top-level
[WARNING GPL-0302] Target density 0.6000 is too low for the available free area.
Automatically adjusting to uniform density 0.6400.
[INFO GPL-0023] Placement target density:       0.6400
[INFO GPL-0024] Movable insts average area:     14.736 um^2
[INFO GPL-0025] Ideal bin area:                 23.025 um^2
[INFO GPL-0026] Ideal bin count:                 11148
[INFO GPL-0027] Total bin area:             256693.690 um^2
[INFO GPL-0028] Bin count (X, Y):          64 ,     64
[INFO GPL-0029] Bin size (W * H):       7.928 *  7.905 um
[INFO GPL-0030] Number of bins:                   4096
[INFO GPL-0084] ---- Execute Nesterov Global Placement.
[INFO GPL-0031] HPWL: Half-Perimeter Wirelength
Iteration | Overflow |     HPWL (um) |  HPWL(%) |   Penalty | Group
---------------------------------------------------------------
        0 |   0.9862 |  6.846169e+04 |   +0.00% |  4.19e-16 |      
       10 |   0.9490 |  8.849977e+04 |  +29.27% |  6.82e-16 |      
       20 |   0.9179 |  1.042581e+05 |  +17.81% |  1.11e-15 |      
       30 |   0.8977 |  1.147853e+05 |  +10.10% |  1.80e-15 |      
       40 |   0.8844 |  1.196691e+05 |   +4.25% |  2.94e-15 |      
       50 |   0.8763 |  1.215015e+05 |   +1.53% |  4.78e-15 |      
       60 |   0.8725 |  1.222828e+05 |   +0.64% |  7.79e-15 |      
       70 |   0.8714 |  1.227296e+05 |   +0.37% |  1.27e-14 |      
       80 |   0.8721 |  1.228424e+05 |   +0.09% |  2.07e-14 |      
       90 |   0.8734 |  1.226014e+05 |   -0.20% |  3.37e-14 |      
      100 |   0.8753 |  1.221800e+05 |   -0.34% |  5.48e-14 |      
      110 |   0.8760 |  1.217880e+05 |   -0.32% |  8.93e-14 |      
      120 |   0.8757 |  1.215686e+05 |   -0.18% |  1.45e-13 |      
      130 |   0.8750 |  1.216036e+05 |   +0.03% |  2.37e-13 |      
      140 |   0.8739 |  1.220224e+05 |   +0.34% |  3.86e-13 |      
      150 |   0.8721 |  1.229321e+05 |   +0.75% |  6.29e-13 |      
      160 |   0.8683 |  1.244375e+05 |   +1.22% |  1.02e-12 |      
      170 |   0.8624 |  1.266292e+05 |   +1.76% |  1.67e-12 |      
      180 |   0.8556 |  1.296129e+05 |   +2.36% |  2.71e-12 |      
      190 |   0.8440 |  1.335768e+05 |   +3.06% |  4.42e-12 |      
      200 |   0.8269 |  1.387077e+05 |   +3.84% |  7.20e-12 |      
      210 |   0.8056 |  1.450817e+05 |   +4.60% |  1.17e-11 |      
      220 |   0.7773 |  1.525888e+05 |   +5.17% |  1.91e-11 |      
      230 |   0.7439 |  1.608612e+05 |   +5.42% |  3.10e-11 |      
      240 |   0.7076 |  1.696039e+05 |   +5.43% |  5.05e-11 |      
      250 |   0.6691 |  1.786604e+05 |   +5.34% |  8.22e-11 |      
[INFO GPL-0100] Timing-driven iteration 1/2, virtual: false.
[INFO GPL-0101]    Iter: 260, overflow: 0.631, keep resizer changes at: 1, HPWL: 186965469
Iteration |   Area    | Resized | Buffers | Nets repaired | Remaining
---------------------------------------------------------------------
        0 |     +0.0% |       0 |       0 |             0 |     11055
    final |     +0.1% |      21 |      25 |             3 |         0
---------------------------------------------------------------------
[INFO RSZ-0034] Found 3 slew violations.
[INFO RSZ-0035] Found 3 fanout violations.
[INFO RSZ-0039] Resized 21 instances.
[INFO RSZ-0038] Inserted 25 buffers in 3 nets.
   Iter   |    Area   | Removed | Inserted |   Pins
          |           | Buffers | Buffers  | Remaining
-------------------------------------------------------
        0 |     +0.0% |       0 |        0 |     10921
     1000 |     +0.0% |       0 |        0 |      9921
     2000 |     +0.0% |       0 |        0 |      8921
     3000 |     +0.0% |       0 |        0 |      7921
     4000 |     +0.0% |       0 |        0 |      6921
     5000 |     +0.1% |       0 |       29 |      5921
     6000 |     +0.3% |      21 |       61 |      4921
     7000 |     +0.3% |      21 |       61 |      3921
     8000 |     +0.3% |      21 |       61 |      2921
     9000 |     +0.3% |      21 |       61 |      1921
    10000 |     +0.3% |      21 |       61 |       921
    final |     +0.3% |      25 |       67 |         0
-------------------------------------------------------
[INFO GPL-0106] Timing-driven: worst slack 1.1852294e-09
[INFO GPL-0107] Timing-driven: repair_design delta area: 678.150 um^2 (+0.42%)
[INFO GPL-0108] Timing-driven: repair_design, gpl delta gcells: 67 (+0.61%)
[INFO GPL-0109] Timing-driven: repair_design, gcells created: 92, deleted: 25
[INFO GPL-0110] Timing-driven: new target density: 0.6426861
Iteration | Overflow |     HPWL (um) |  HPWL(%) |   Penalty | Group
---------------------------------------------------------------
      260 |   0.6265 |  1.918319e+05 |   +7.37% |  1.34e-10 |      
      270 |   0.6020 |  2.020924e+05 |   +5.35% |  2.17e-10 |      
[INFO GPL-0038] Routability snapshot saved at iter = 273
      272 |   0.5996 |  2.030905e+05 |          |           |      
      280 |   0.5804 |  2.093162e+05 |   +3.57% |  3.54e-10 |      
      290 |   0.5319 |  2.180352e+05 |   +4.17% |  5.76e-10 |      
      300 |   0.4682 |  2.239705e+05 |   +2.72% |  9.37e-10 |      
      310 |   0.4077 |  2.258600e+05 |   +0.84% |  1.53e-09 |      
      320 |   0.3711 |  2.279124e+05 |   +0.91% |  2.49e-09 |      
      330 |   0.3299 |  2.303066e+05 |   +1.05% |  3.89e-09 |      
[INFO GPL-0040] Routability iteration: 1
[WARNING GRT-0281] Net clk has a large fanout of 4773 terminals.
[INFO GPL-0088] Tiles the placer can act on: 3430 of 5476 (62.64%)
[INFO GPL-0041] Total routing overflow: 1.0942
[INFO GPL-0042] Number of overflowed tiles: 11 (0.32%)
[INFO GPL-0043] Average top 0.5% routing congestion: 1.0388
[INFO GPL-0044] Average top 1.0% routing congestion: 0.9552
[INFO GPL-0045] Average top 2.0% routing congestion: 0.8647
[INFO GPL-0046] Average top 5.0% routing congestion: 0.7488
[INFO GPL-0047] Routability iteration weighted routing congestion: 0.9970
[INFO GPL-0050] Weighted routing congestion is lower than target routing congestion(1.0100), end routability optimization.
[INFO GPL-0090] Routability finished. Target routing congestion achieved succesfully.
Iteration | Overflow |     HPWL (um) |  HPWL(%) |   Penalty | Group
---------------------------------------------------------------
      340 |   0.2960 |  2.314945e+05 |   +0.52% |  5.73e-09 |      
      350 |   0.2720 |  2.305346e+05 |   -0.41% |  8.44e-09 |      
      360 |   0.2519 |  2.280549e+05 |   -1.08% |  1.24e-08 |      
      370 |   0.2317 |  2.285235e+05 |   +0.21% |  1.83e-08 |      
      380 |   0.2085 |  2.291780e+05 |   +0.29% |  2.70e-08 |      
[INFO GPL-0100] Timing-driven iteration 2/2, virtual: false.
[INFO GPL-0101]    Iter: 389, overflow: 0.195, keep resizer changes at: 1, HPWL: 227938960
Iteration |   Area    | Resized | Buffers | Nets repaired | Remaining
---------------------------------------------------------------------
        0 |     +0.0% |       0 |       0 |             0 |     11122
    final |     +0.0% |       0 |       0 |             0 |         0
---------------------------------------------------------------------
   Iter   |    Area   | Removed | Inserted |   Pins
          |           | Buffers | Buffers  | Remaining
-------------------------------------------------------
        0 |     +0.0% |       0 |        0 |     10921
     1000 |     +0.0% |       0 |        0 |      9921
     2000 |     +0.0% |       0 |        0 |      8921
     3000 |     +0.0% |       0 |        1 |      7921
     4000 |     +0.0% |       0 |        1 |      6921
     5000 |     -0.1% |      29 |        1 |      5921
     6000 |     -0.1% |      61 |       47 |      4921
     7000 |     -0.0% |      61 |       51 |      3921
     8000 |     -0.0% |      61 |       57 |      2921
     9000 |     -0.0% |      61 |       58 |      1921
    10000 |     -0.0% |      61 |       59 |       921
    final |     +0.0% |      67 |       70 |         0
-------------------------------------------------------
[INFO GPL-0106] Timing-driven: worst slack 1.0621313e-09
[INFO GPL-0107] Timing-driven: repair_design delta area: 22.522 um^2 (+0.01%)
[INFO GPL-0108] Timing-driven: repair_design, gpl delta gcells: 3 (+0.03%)
[INFO GPL-0109] Timing-driven: repair_design, gcells created: 70, deleted: 67
[INFO GPL-0110] Timing-driven: new target density: 0.64277536
Iteration | Overflow |     HPWL (um) |  HPWL(%) |   Penalty | Group
---------------------------------------------------------------
      390 |   0.1924 |  2.322169e+05 |   +1.33% |  3.97e-08 |      
      400 |   0.1788 |  2.370494e+05 |   +2.08% |  5.85e-08 |      
      410 |   0.1579 |  2.365087e+05 |   -0.23% |  8.61e-08 |      
      420 |   0.1384 |  2.341180e+05 |   -1.01% |  1.27e-07 |      
      430 |   0.1237 |  2.320530e+05 |   -0.88% |  1.87e-07 |      
      440 |   0.1051 |  2.313536e+05 |   -0.30% |  2.75e-07 |      
      443 |   0.0995 |  2.311195e+05 |          |  3.21e-07 |      
---------------------------------------------------------------
[INFO GPL-1001] Global placement finished at iteration 443
[INFO GPL-1017] Routability mode iteration count: 66
[INFO GPL-1005] Routability final weighted congestion: 0.8282
[INFO GPL-1002] Placed Cell Area            162130.2811
[INFO GPL-1003] Available Free Area         252459.6288
[INFO GPL-1004] Minimum Feasible Density        0.6400 (cell_area / free_area)
[INFO GPL-1006]   Suggested Target Densities:
[INFO GPL-1007]     - For 90% usage of free space: 0.7136
[INFO GPL-1008]     - For 80% usage of free space: 0.8028
[INFO GPL-1011] Original area (um^2): 161429.61
[INFO GPL-1012] Total routability artificial inflation: 0.00 (+0.00%)
[INFO GPL-1013] Total timing-driven delta area: 700.67 (+0.43%)
[INFO GPL-1014] Final placement area: 162130.28 (+0.43%)
[INFO GPL-1018] Final HPWL (um): 231733.52
Took 12 seconds: global_placement -density 0.6 -pad_left 0 -pad_right 0 -routability_driven -timing_driven -force_center_initial_place -min_phi_coef 0.95 -max_phi_coef 1.05
estimate_parasitics -placement
Report metrics stage 3, global place...

==========================================================================
global place report_design_area
--------------------------------------------------------------------------
Design area 161654 um^2 63% utilization.
write_db /work/orfs/results/sky130hd/s_ubp4_n64_u60/base/3_3_place_gp.odb
Elapsed time: 0:14.59[h:]min:sec. CPU time: user 10.25 sys 0.34 (72%). Peak memory: 341124KB.
Log                       Ext     Elapsed/s Peak Memory/MB sha1sum result [0:20)
3_3_place_gp              .odb           14            333 97f44e444527fff756be
/OpenROAD-flow-scripts/flow/scripts/flow.sh 3_4_place_resized resize
Running resize.tcl, stage 3_4_place_resized
read_liberty /OpenROAD-flow-scripts/flow/platforms/sky130hd/lib/sky130_fd_sc_hd__tt_025C_1v80.lib
read_db /work/orfs/results/sky130hd/s_ubp4_n64_u60/base/3_3_place_gp.odb
read_sdc /work/orfs/results/sky130hd/s_ubp4_n64_u60/base/2_floorplan.sdc
source /OpenROAD-flow-scripts/flow/platforms/sky130hd/setRC.tcl
estimate_parasitics -placement
Perform buffer insertion and gate resizing...
repair_design -verbose -match_cell_footprint
Iteration |   Area    | Resized | Buffers | Nets repaired | Remaining
---------------------------------------------------------------------
        0 |     +0.0% |       0 |       0 |             0 |     11125
     1000 |     +0.0% |       0 |       0 |             0 |     10125
     2000 |     +0.0% |       0 |       0 |             0 |      9125
     3000 |     +0.0% |       0 |       0 |             0 |      8125
     4000 |     +0.0% |       0 |       0 |             0 |      7125
     5000 |     +0.0% |       0 |       0 |             0 |      6125
     6000 |     +0.0% |       0 |       0 |             0 |      5125
     7000 |     +0.0% |       0 |       0 |             0 |      4125
     8000 |     +0.0% |       0 |       0 |             0 |      3125
     9000 |     +0.0% |       0 |       0 |             0 |      2125
    10000 |     +0.0% |       0 |       0 |             0 |      1125
    11000 |     +0.0% |       0 |       0 |             0 |       125
    final |     +0.0% |       0 |       0 |             0 |         0
---------------------------------------------------------------------
[INFO RSZ-0504] Runtime: 1.20s
Floating nets: 
Report metrics stage 3, resizer...

==========================================================================
resizer report_design_area
--------------------------------------------------------------------------
Design area 161654 um^2 63% utilization.
Instance count before 14409, after 14409
Pin count before 35223, after 35223
write_db /work/orfs/results/sky130hd/s_ubp4_n64_u60/base/3_4_place_resized.odb
Elapsed time: 0:06.00[h:]min:sec. CPU time: user 4.47 sys 0.15 (77%). Peak memory: 182468KB.
Log                       Ext     Elapsed/s Peak Memory/MB sha1sum result [0:20)
3_4_place_resized         .odb            6            178 97f44e444527fff756be
/OpenROAD-flow-scripts/flow/scripts/flow.sh 3_5_place_dp detail_place
Running detail_place.tcl, stage 3_5_place_dp
read_liberty /OpenROAD-flow-scripts/flow/platforms/sky130hd/lib/sky130_fd_sc_hd__tt_025C_1v80.lib
read_db /work/orfs/results/sky130hd/s_ubp4_n64_u60/base/3_4_place_resized.odb
read_sdc /work/orfs/results/sky130hd/s_ubp4_n64_u60/base/2_floorplan.sdc
source /OpenROAD-flow-scripts/flow/platforms/sky130hd/setRC.tcl
detailed_placement
[INFO DPL-0006] Core area: 256693.69 um^2
[INFO DPL-0007] Movable instances area: 157419.73 um^2
[INFO DPL-0008] Fixed instances area within core: 4234.06 um^2
[INFO DPL-0009] Utilization: 63.0%
[INFO DPL-0005] Diamond search max displacement: +/- 500 sites horizontally, +/- 100 rows vertically.
[INFO DPL-1102] Legalizing using negotiation legalizer.
[INFO DPL-1103] Negotiation base search window: +/-20 sites horizontally, +/-5 rows vertically 
	Automatic search window extension enabled.
	Search window extendable up to the max displacement cap of +/-500 sites, +/-100 rows near walls.
[INFO DPL-1104] NegotiationLegalizer DRC penalty: 5.
[INFO DPL-0392] Negotiation cell height distribution (1 unique row-count(s)):
[INFO DPL-0393]   height 1 row(s): 14409 cells
          |      Total |  Illegal |  Illegal
Iteration | Violations |    Cells |    Sites
---------------------------------------------
        0 |       7349 |      1577 |      5742
        1 |         32 |        12 |        20
        2 |          0 |         0 |         0
Negotiation phase 1 converged at iteration 2.
[INFO DPL-0500] Runtime: 0.21s
Detailed Placement Analysis
---------------------------------
legalizer            negotiation
total moves               11846
total displacement      38228.0 u
average displacement        2.7 u
max displacement           14.9 u
original HPWL          231733.5 u
legalized HPWL         263599.3 u
delta HPWL                   14 %

improve_placement -max_displacement "5 1"
Detailed placement improvement.
[INFO DPL-0401] Setting random seed to 1.
[INFO DPL-0402] Setting maximum displacement 5 1 to 13600 2720 units.
[INFO DPL-0320] Collected 3514 fixed cells.
[INFO DPL-0318] Collected 11025 single height cells.
[INFO DPL-0321] Collected 0 wide cells.
[INFO DPL-0322] Image (2300, 2720) - (509680, 508640)
[INFO DPL-0310] Assigned 11025 cells into segments.  Movement in X-direction is 0.000000, movement in Y-direction is 0.000000.
[INFO DPL-0313] Found 0 cells in wrong regions.
[INFO DPL-0315] Found 0 row alignment problems.
[INFO DPL-0314] Found 0 site alignment problems.
[INFO DPL-0311] Found 0 overlaps between adjacent cells.
[INFO DPL-0312] Found 0 edge spacing violations and 0 padding violations.
[INFO DPL-0303] Running algorithm for independent set matching.
[INFO DPL-0300] Set matching objective is wirelength.
[INFO DPL-0301] Pass   1 of matching; objective is 2.636599e+08.
[INFO DPL-0302] End of matching; objective is 2.631809e+08, improvement is 0.18 percent.
[INFO DPL-0303] Running algorithm for global swaps.
[INFO DPL-0306] Pass   1 of global swaps; hpwl is 2.587005e+08.
[INFO DPL-0306] Pass   2 of global swaps; hpwl is 2.581073e+08.
[INFO DPL-0307] End of global swaps; objective is 2.581073e+08, improvement is 1.93 percent.
[INFO DPL-0303] Running algorithm for vertical swaps.
[INFO DPL-0308] Pass   1 of vertical swaps; hpwl is 2.572519e+08.
[INFO DPL-0309] End of vertical swaps; objective is 2.572519e+08, improvement is 0.33 percent.
[INFO DPL-0303] Running algorithm for reordering.
[INFO DPL-0304] Pass   1 of reordering; objective is 2.570237e+08.
[INFO DPL-0305] End of reordering; objective is 2.570237e+08, improvement is 0.09 percent.
[INFO DPL-0303] Running algorithm for random improvement.
[INFO DPL-0324] Random improver is using random generator.
[INFO DPL-0325] Random improver is using hpwl objective.
[INFO DPL-0326] Random improver cost string is (a).
[INFO DPL-0332] End of pass, Generator random called 220500 times.
[INFO DPL-0335] Generator random, Cumulative attempts 220500, swaps 35783, moves 42430 since last reset.
[INFO DPL-0333] End of pass, Objective hpwl, Initial cost 2.560182e+08, Scratch cost 2.528503e+08, Incremental cost 2.528503e+08, Mismatch? N
[INFO DPL-0338] End of pass, Total cost is 2.528503e+08.
[INFO DPL-0327] Pass   1 of random improver; improvement in cost is 1.24 percent.
[INFO DPL-0332] End of pass, Generator random called 220500 times.
[INFO DPL-0335] Generator random, Cumulative attempts 441000, swaps 69823, moves 85408 since last reset.
[INFO DPL-0333] End of pass, Objective hpwl, Initial cost 2.528503e+08, Scratch cost 2.519731e+08, Incremental cost 2.519731e+08, Mismatch? N
[INFO DPL-0338] End of pass, Total cost is 2.519731e+08.
[INFO DPL-0327] Pass   2 of random improver; improvement in cost is 0.35 percent.
[INFO DPL-0328] End of random improver; improvement is 1.579975 percent.
[INFO DPL-0380] Cell flipping.
[INFO DPL-0382] Changed 0 cell orientations for row compatibility.
[INFO DPL-0383] Performed 3294 cell flips.
[INFO DPL-0384] End of flipping; objective is 2.397564e+08, improvement is 5.23 percent.
[INFO DPL-0313] Found 0 cells in wrong regions.
[INFO DPL-0315] Found 0 row alignment problems.
[INFO DPL-0314] Found 0 site alignment problems.
[INFO DPL-0311] Found 0 overlaps between adjacent cells.
[INFO DPL-0312] Found 0 edge spacing violations and 0 padding violations.
Place Optimization Analysis
---------------------------------
total attempts           661500
relocated cells            5538
total displacement      28033.9 u
average displacement        5.1 u
max displacement           16.1 u
original HPWL          263599.3 u
improved HPWL          239551.5 u
delta HPWL                   -9 %

optimize_mirroring
[INFO DPL-0020] Mirrored 263 instances
[INFO DPL-0021] HPWL before          239551.5 u
[INFO DPL-0022] HPWL after           239286.1 u
[INFO DPL-0023] HPWL delta               -0.1 %
[INFO FLW-0012] Placement violations .
estimate_parasitics -placement
Report metrics stage 3, detailed place...

==========================================================================
detailed place report_design_area
--------------------------------------------------------------------------
Design area 161654 um^2 63% utilization.
write_db /work/orfs/results/sky130hd/s_ubp4_n64_u60/base/3_5_place_dp.odb
write_sdc -no_timestamp /work/orfs/results/sky130hd/s_ubp4_n64_u60/base/3_place.sdc
Elapsed time: 0:07.43[h:]min:sec. CPU time: user 6.90 sys 0.12 (94%). Peak memory: 193432KB.
Log                       Ext     Elapsed/s Peak Memory/MB sha1sum result [0:20)
3_5_place_dp              .odb            7            188 5a0b365b6c956d56642e
cp /work/orfs/results/sky130hd/s_ubp4_n64_u60/base/3_5_place_dp.odb /work/orfs/results/sky130hd/s_ubp4_n64_u60/base/3_place.odb
/OpenROAD-flow-scripts/flow/scripts/flow.sh 4_1_cts cts
Running cts.tcl, stage 4_1_cts
read_liberty /OpenROAD-flow-scripts/flow/platforms/sky130hd/lib/sky130_fd_sc_hd__tt_025C_1v80.lib
read_db /work/orfs/results/sky130hd/s_ubp4_n64_u60/base/3_place.odb
read_sdc /work/orfs/results/sky130hd/s_ubp4_n64_u60/base/3_place.sdc
source /OpenROAD-flow-scripts/flow/platforms/sky130hd/setRC.tcl
clock_tree_synthesis -sink_clustering_enable -repair_clock_nets
[INFO CTS-0050] Root buffer is sky130_fd_sc_hd__clkbuf_16.
[INFO CTS-0051] Sink buffer is sky130_fd_sc_hd__clkbuf_16.
[INFO CTS-0052] The following clock buffers will be used for CTS:
                    sky130_fd_sc_hd__clkbuf_16
[INFO CTS-0049] Characterization buffer is sky130_fd_sc_hd__clkbuf_16.
[INFO CTS-0007] Net "clk" found for clock "clk".
[INFO CTS-0010]  Clock net "clk" has 4772 sinks.
[INFO CTS-0008] TritonCTS found 1 clock nets.
[INFO CTS-0097] Characterization used 1 buffer(s) types.
[INFO CTS-0201] 0 blockages from hard placement blockages and placed macros will be used.
[INFO CTS-0027] Generating H-Tree topology for net clk.
[INFO CTS-0028]  Total number of sinks: 4772.
[INFO CTS-0090]  Sinks will be clustered based on buffer max cap.
[INFO CTS-0030]  Number of static layers: 0.
[INFO CTS-0020]  Wire segment unit: 13600  dbu (13 um).
[INFO CTS-0206] Best clustering solution was found from max clustering size of 16 and max clustering diameter of 61.
[INFO CTS-0019]  Total number of sinks after clustering: 417.
[INFO CTS-0024]  Normalized sink region: [(0.323897, 0.717781), (36.8247, 36.6422)].
[INFO CTS-0025]     Width:  36.5008.
[INFO CTS-0026]     Height: 35.9245.
 Level 1
    Direction: Horizontal
    Sinks per sub-region: 209
    Sub-region size: 18.2504 X 35.9245
[INFO CTS-0034]     Segment length (rounded): 10.
 Level 2
    Direction: Vertical
    Sinks per sub-region: 105
    Sub-region size: 18.2504 X 17.9622
[INFO CTS-0034]     Segment length (rounded): 8.
 Level 3
    Direction: Horizontal
    Sinks per sub-region: 53
    Sub-region size: 9.1252 X 17.9622
[INFO CTS-0034]     Segment length (rounded): 4.
 Level 4
    Direction: Vertical
    Sinks per sub-region: 27
    Sub-region size: 9.1252 X 8.9811
[INFO CTS-0034]     Segment length (rounded): 4.
 Level 5
    Direction: Horizontal
    Sinks per sub-region: 14
    Sub-region size: 4.5626 X 8.9811
[INFO CTS-0034]     Segment length (rounded): 2.
[INFO CTS-0038]  Stop criterion found. Sink region hpwl is smaller than max wirelength (1911.535 um) and max number of sinks is 15.
[INFO CTS-0035]  Number of sinks covered: 417.
[INFO CTS-0018]     Created 458 clock buffers.
[INFO CTS-0012]     Minimum number of buffers in the clock path: 4.
[INFO CTS-0013]     Maximum number of buffers in the clock path: 4.
[INFO CTS-0015]     Created 458 clock nets.
[INFO CTS-0016]     Fanout distribution for the current clock = 2:1, 8:4, 9:17, 10:81, 11:112, 12:133, 13:64, 14:27, 15:6, 16:4..
[INFO CTS-0017]     Max level of the clock tree: 5.
[INFO CTS-0098] Clock net "clk"
[INFO CTS-0099]  Sinks 5154
[INFO CTS-0100]  Leaf buffers 417
[INFO CTS-0101]  Average sink wire length 881.03 um
[INFO CTS-0102]  Path depth 3 - 4
[INFO CTS-0207]  Dummy loads inserted 382
[INFO CTS-0500] Runtime: 1.58s
estimate_parasitics -placement
detailed_placement
[INFO DPL-0006] Core area: 256693.69 um^2
[INFO DPL-0007] Movable instances area: 173317.48 um^2
[INFO DPL-0008] Fixed instances area within core: 4234.06 um^2
[INFO DPL-0009] Utilization: 69.2%
[INFO DPL-0005] Diamond search max displacement: +/- 500 sites horizontally, +/- 100 rows vertically.
[INFO DPL-1102] Legalizing using negotiation legalizer.
[INFO DPL-1103] Negotiation base search window: +/-20 sites horizontally, +/-5 rows vertically 
	Automatic search window extension enabled.
	Search window extendable up to the max displacement cap of +/-500 sites, +/-100 rows near walls.
[INFO DPL-1104] NegotiationLegalizer DRC penalty: 5.
[INFO DPL-0392] Negotiation cell height distribution (1 unique row-count(s)):
[INFO DPL-0393]   height 1 row(s): 15249 cells
          |      Total |  Illegal |  Illegal
Iteration | Violations |    Cells |    Sites
---------------------------------------------
        0 |       4589 |       645 |      3932
        1 |        761 |        93 |       668
        2 |        157 |        19 |       138
        3 |         44 |         8 |        36
        4 |         43 |         5 |        38
        5 |         28 |         4 |        24
        6 |          0 |         0 |         0
Negotiation phase 1 converged at iteration 6.
[INFO DPL-0500] Runtime: 0.27s
Detailed Placement Analysis
---------------------------------
legalizer            negotiation
total moves               11985
total displacement      21807.0 u
average displacement        1.4 u
max displacement           25.2 u
original HPWL          265807.7 u
legalized HPWL         283425.0 u
delta HPWL                    7 %

estimate_parasitics -placement
Warning: master sky130_ef_sc_hd__decap_12 has signal pins but no liberty cell
repair_timing -setup_margin 0 -hold_margin 0 -repair_tns 100 -match_cell_footprint -verbose
[INFO RSZ-0100] Repair move sequence: UnbufferMove SizeUpMove SwapPinsMove BufferMove CloneMove SplitLoadMove 
[INFO RSZ-0098] No setup violations found
[INFO RSZ-0505] Runtime: 0.87s
[INFO RSZ-0046] Found 133 endpoints with hold violations.
Iteration | Resized | Buffers | Cloned Gates |   Area   |   WNS   |   TNS   | Endpoint
--------------------------------------------------------------------------------------
        0 |       0 |       0 |            0 |    +0.0% |  -0.250 |  -9.860 | gen10/_362_/D
       10 |       0 |       9 |            0 |    +0.1% |  -0.177 |  -6.924 | gen5/_363_/D
       20 |       0 |      19 |            0 |    +0.1% |  -0.152 |  -4.631 | gen15/_409_/D
       30 |       0 |      29 |            0 |    +0.2% |  -0.123 |  -2.789 | gen10/_363_/D
       40 |       0 |      39 |            0 |    +0.2% |  -0.103 |  -1.344 | gen5/_406_/D
       50 |       0 |      44 |            0 |    +0.2% |  -0.082 |  -0.818 | gen3/_362_/D
       60 |       0 |      51 |            0 |    +0.3% |  -0.064 |  -0.290 | gen8/_362_/D
       70 |       0 |      55 |            0 |    +0.3% |  -0.047 |  -0.110 | gen13/_406_/D
       80 |       0 |      57 |            0 |    +0.3% |  -0.034 |  -0.046 | gen8/_409_/D
       90 |       0 |      59 |            0 |    +0.3% |  -0.006 |  -0.006 | gen0/_406_/D
      100 |       0 |      60 |            0 |    +0.3% |   0.011 |   0.000 | gen6/_409_/D
      110 |       0 |      60 |            0 |    +0.3% |   0.011 |   0.000 | gen6/_409_/D
      120 |       0 |      60 |            0 |    +0.3% |   0.011 |   0.000 | gen6/_409_/D
      130 |       0 |      60 |            0 |    +0.3% |   0.011 |   0.000 | gen6/_409_/D
    final |       0 |      60 |            0 |    +0.3% |   0.011 |   0.000 | gen6/_409_/D
--------------------------------------------------------------------------------------
[INFO RSZ-0032] Inserted 60 hold buffers.
[INFO RSZ-0506] Runtime: 0.37s
Warning: master sky130_ef_sc_hd__decap_12 has signal pins but no liberty cell
Repair timing output passed lec test
detailed_placement
[INFO DPL-0006] Core area: 256693.69 um^2
[INFO DPL-0007] Movable instances area: 173918.05 um^2
[INFO DPL-0008] Fixed instances area within core: 4234.06 um^2
[INFO DPL-0009] Utilization: 69.4%
[INFO DPL-0005] Diamond search max displacement: +/- 500 sites horizontally, +/- 100 rows vertically.
[INFO DPL-1102] Legalizing using negotiation legalizer.
[INFO DPL-1103] Negotiation base search window: +/-20 sites horizontally, +/-5 rows vertically 
	Automatic search window extension enabled.
	Search window extendable up to the max displacement cap of +/-500 sites, +/-100 rows near walls.
[INFO DPL-1104] NegotiationLegalizer DRC penalty: 5.
[INFO DPL-0392] Negotiation cell height distribution (1 unique row-count(s)):
[INFO DPL-0393]   height 1 row(s): 15309 cells
          |      Total |  Illegal |  Illegal
Iteration | Violations |    Cells |    Sites
---------------------------------------------
        0 |        146 |        26 |       120
        1 |         34 |         6 |        28
        2 |          8 |         2 |         6
        3 |          0 |         0 |         0
Negotiation phase 1 converged at iteration 3.
[INFO DPL-0500] Runtime: 0.18s
Detailed Placement Analysis
---------------------------------
legalizer            negotiation
total moves                 689
total displacement        332.7 u
average displacement        0.0 u
max displacement           12.7 u
original HPWL          283629.0 u
legalized HPWL         283757.9 u
delta HPWL                    0 %

estimate_parasitics -placement
Report metrics stage 4, cts final...

==========================================================================
cts final report_design_area
--------------------------------------------------------------------------
Design area 178152 um^2 69% utilization.
write_db /work/orfs/results/sky130hd/s_ubp4_n64_u60/base/4_1_cts.odb
write_sdc -no_timestamp /work/orfs/results/sky130hd/s_ubp4_n64_u60/base/4_cts.sdc
Elapsed time: 0:13.32[h:]min:sec. CPU time: user 9.78 sys 0.18 (74%). Peak memory: 222220KB.
Log                       Ext     Elapsed/s Peak Memory/MB sha1sum result [0:20)
4_1_cts                   .odb           13            217 08d8122cc678a34f73ca
cp /work/orfs/results/sky130hd/s_ubp4_n64_u60/base/4_1_cts.odb /work/orfs/results/sky130hd/s_ubp4_n64_u60/base/4_cts.odb
/OpenROAD-flow-scripts/flow/scripts/flow.sh 5_1_grt global_route
Running global_route.tcl, stage 5_1_grt
read_liberty /OpenROAD-flow-scripts/flow/platforms/sky130hd/lib/sky130_fd_sc_hd__tt_025C_1v80.lib
read_db /work/orfs/results/sky130hd/s_ubp4_n64_u60/base/4_cts.odb
read_sdc /work/orfs/results/sky130hd/s_ubp4_n64_u60/base/4_cts.sdc
source /OpenROAD-flow-scripts/flow/platforms/sky130hd/setRC.tcl
pin_access
[INFO DRT-0149] Reading tech and libs.
[WARNING DRT-0349] LEF58_ENCLOSURE with no CUTCLASS is not supported. Skipping for layer mcon
[WARNING DRT-0349] LEF58_ENCLOSURE with no CUTCLASS is not supported. Skipping for layer mcon
[WARNING DRT-0349] LEF58_ENCLOSURE with no CUTCLASS is not supported. Skipping for layer via
[WARNING DRT-0349] LEF58_ENCLOSURE with no CUTCLASS is not supported. Skipping for layer via
[WARNING DRT-0349] LEF58_ENCLOSURE with no CUTCLASS is not supported. Skipping for layer via2
[WARNING DRT-0349] LEF58_ENCLOSURE with no CUTCLASS is not supported. Skipping for layer via2
[WARNING DRT-0349] LEF58_ENCLOSURE with no CUTCLASS is not supported. Skipping for layer via3
[WARNING DRT-0349] LEF58_ENCLOSURE with no CUTCLASS is not supported. Skipping for layer via3
[WARNING DRT-0349] LEF58_ENCLOSURE with no CUTCLASS is not supported. Skipping for layer via4
[WARNING DRT-0349] LEF58_ENCLOSURE with no CUTCLASS is not supported. Skipping for layer via4

Units:                1000
Number of layers:     13
Number of macros:     441
Number of vias:       29
Number of viarulegen: 25

[INFO DRT-0150] Reading design.

Design:                   top
Die area:                 ( 0 0 ) ( 511705 511705 )
Number of track patterns: 12
Number of DEF vias:       0
Number of components:     15309
Number of terminals:      132
Number of snets:          2
Number of nets:           11609

[INFO DRT-0167] List of default vias:
  Layer via
    default via: M1M2_PR
  Layer via2
    default via: M2M3_PR
  Layer via3
    default via: M3M4_PR
  Layer via4
    default via: M4M5_PR
[INFO DRT-0162] Library cell analysis.
[INFO DRT-0163] Instance analysis.
[INFO DRT-0164] Number of unique instances = 55.
[INFO DRT-0168] Init region query.
[INFO DRT-0024]   Complete FR_MASTERSLICE.
[INFO DRT-0024]   Complete Fr_VIA.
[INFO DRT-0024]   Complete li1.
[INFO DRT-0024]   Complete mcon.
[INFO DRT-0024]   Complete met1.
[INFO DRT-0024]   Complete via.
[INFO DRT-0024]   Complete met2.
[INFO DRT-0024]   Complete via2.
[INFO DRT-0024]   Complete met3.
[INFO DRT-0024]   Complete via3.
[INFO DRT-0024]   Complete met4.
[INFO DRT-0024]   Complete via4.
[INFO DRT-0024]   Complete met5.
[INFO DRT-0033] FR_MASTERSLICE shape region query size = 0.
[INFO DRT-0033] FR_VIA shape region query size = 0.
[INFO DRT-0033] li1 shape region query size = 530807.
[INFO DRT-0033] mcon shape region query size = 320130.
[INFO DRT-0033] met1 shape region query size = 82051.
[INFO DRT-0033] via shape region query size = 17300.
[INFO DRT-0033] met2 shape region query size = 10451.
[INFO DRT-0033] via2 shape region query size = 13840.
[INFO DRT-0033] met3 shape region query size = 10439.
[INFO DRT-0033] via3 shape region query size = 13840.
[INFO DRT-0033] met4 shape region query size = 4182.
[INFO DRT-0033] via4 shape region query size = 685.
[INFO DRT-0033] met5 shape region query size = 759.
[INFO DRT-0165] Start pin access.
[INFO DRT-0078]   Complete 351 pins.
[INFO DRT-0081]   Complete 55 unique inst patterns.
[INFO DRT-0084]   Complete 7603 groups.
#scanned instances     = 15309
#unique  instances     = 55
#stdCellGenAp          = 922
#stdCellValidPlanarAp  = 38
#stdCellValidViaAp     = 695
#stdCellPinNoAp        = 0
#stdCellPinCnt         = 36607
#instTermValidViaApCnt = 0
#macroGenAp            = 0
#macroValidPlanarAp    = 0
#macroValidViaAp       = 0
#macroNoAp             = 0
[INFO DRT-0166] Complete pin access.
[INFO DRT-0267] cpu time = 00:03:55, elapsed time = 00:04:03, memory = 220.64 (MB), peak = 223.98 (MB)
Took 244 seconds: pin_access
global_route -congestion_report_file /work/orfs/reports/sky130hd/s_ubp4_n64_u60/base/congestion.rpt -congestion_iterations 30 -congestion_report_iter_step 5 -verbose
[INFO GRT-0020] Min routing layer: met1
[INFO GRT-0021] Max routing layer: met5
[INFO GRT-0022] Global adjustment: 0%
[INFO GRT-0023] Grid origin: (0, 0)
[INFO GRT-0088] Layer li1     Track-Pitch = 0.4600  line-2-Via Pitch: 0.3400
[INFO GRT-0088] Layer met1    Track-Pitch = 0.3400  line-2-Via Pitch: 0.3400
[INFO GRT-0088] Layer met2    Track-Pitch = 0.4600  line-2-Via Pitch: 0.3500
[INFO GRT-0088] Layer met3    Track-Pitch = 0.6800  line-2-Via Pitch: 0.6150
[INFO GRT-0088] Layer met4    Track-Pitch = 0.9200  line-2-Via Pitch: 1.0400
[INFO GRT-0088] Layer met5    Track-Pitch = 3.4000  line-2-Via Pitch: 3.1100
[INFO GRT-0003] Macros: 0
[INFO GRT-0004] Blockages: 83128
[INFO GRT-0019] Found 459 clock nets.
[INFO GRT-0001] Minimum degree: 2
[INFO GRT-0002] Maximum degree: 51

[INFO GRT-0053] Routing resources analysis:
          Routing      Original      Derated      Resource
Layer     Direction    Resources     Resources    Reduction (%)
---------------------------------------------------------------
li1        Vertical            0             0          0.00%
met1       Horizontal      78149         60907          22.06%
met2       Vertical        70007         53801          23.15%
met3       Horizontal      52158         40922          21.54%
met4       Vertical        34675         24528          29.26%
met5       Horizontal       7665          5475          28.57%
---------------------------------------------------------------

[INFO GRT-0197] Via related to pin nodes: 56883
[INFO GRT-0198] Via related Steiner nodes: 932
[INFO GRT-0199] Via filling finished.
[INFO GRT-0111] Final number of vias: 70305
[INFO GRT-0112] Final usage 3D: 257622

[INFO GRT-0096] Final congestion report:
Layer         Resource        Demand        Usage (%)    Max H / Max V / Total Congestion
---------------------------------------------------------------------------------------
li1                  0             0            0.00%             0 /  0 /  0
met1             60907         22929           37.65%             0 /  0 /  0
met2             53801         20498           38.10%             0 /  0 /  0
met3             40922          1415            3.46%             0 /  0 /  0
met4             24528          1865            7.60%             0 /  0 /  0
met5              5475             0            0.00%             0 /  0 /  0
---------------------------------------------------------------------------------------
Total           185633         46707           25.16%             0 /  0 /  0

[INFO GRT-0018] Total wirelength: 480012 um
[INFO GRT-0014] Routed nets: 11609
[INFO GRT-0303] Global routing runtime = 00:00:00
estimate_parasitics -global_routing
Perform buffer insertion and gate resizing...
repair_design -verbose
Iteration |   Area    | Resized | Buffers | Nets repaired | Remaining
---------------------------------------------------------------------
        0 |     +0.0% |       0 |       0 |             0 |     12025
     1000 |     +0.0% |       0 |       0 |             0 |     11025
     2000 |     +0.0% |       0 |       0 |             0 |     10025
     3000 |     +0.0% |       0 |       0 |             0 |      9025
     4000 |     +0.0% |       0 |       0 |             0 |      8025
     5000 |     +0.0% |       0 |       0 |             0 |      7025
     6000 |     +0.0% |       0 |       0 |             0 |      6025
     7000 |     +0.0% |       0 |       0 |             0 |      5025
     8000 |     +0.0% |       0 |       0 |             0 |      4025
     9000 |     +0.0% |       0 |       0 |             0 |      3025
    10000 |     +0.0% |       0 |       0 |             0 |      2025
    11000 |     +0.0% |       0 |       0 |             0 |      1025
    12000 |     +0.0% |       0 |       0 |             0 |        25
    final |     +0.0% |       0 |       0 |             0 |         0
---------------------------------------------------------------------
[INFO RSZ-0504] Runtime: 1.07s
global_route -start_incremental
detailed_placement
[INFO DPL-0006] Core area: 256693.69 um^2
[INFO DPL-0007] Movable instances area: 173918.05 um^2
[INFO DPL-0008] Fixed instances area within core: 4234.06 um^2
[INFO DPL-0009] Utilization: 69.4%
[INFO DPL-0005] Diamond search max displacement: +/- 500 sites horizontally, +/- 100 rows vertically.
[INFO DPL-1102] Legalizing using negotiation legalizer.
[INFO DPL-1103] Negotiation base search window: +/-20 sites horizontally, +/-5 rows vertically 
	Automatic search window extension enabled.
	Search window extendable up to the max displacement cap of +/-500 sites, +/-100 rows near walls.
[INFO DPL-1104] NegotiationLegalizer DRC penalty: 5.
[INFO DPL-0392] Negotiation cell height distribution (1 unique row-count(s)):
[INFO DPL-0393]   height 1 row(s): 15309 cells
[INFO DPL-0500] Runtime: 0.08s
Detailed Placement Analysis
---------------------------------
legalizer            negotiation
total moves                   0
total displacement          0.0 u
average displacement        0.0 u
max displacement            0.0 u
original HPWL          283757.9 u
legalized HPWL         283757.9 u
delta HPWL                    0 %

global_route -end_incremental -congestion_report_file /work/orfs/reports/sky130hd/s_ubp4_n64_u60/base/congestion_post_repair_design.rpt
Repair setup and hold violations...
estimate_parasitics -global_routing
repair_timing -setup_margin 0 -hold_margin 0 -repair_tns 100 -verbose
[INFO RSZ-0100] Repair move sequence: UnbufferMove SizeUpMove SwapPinsMove BufferMove CloneMove SplitLoadMove 
[INFO RSZ-0098] No setup violations found
[INFO RSZ-0505] Runtime: 0.61s
[INFO RSZ-0033] No hold violations found.
[INFO RSZ-0506] Runtime: 0.20s
global_route -start_incremental
detailed_placement
[INFO DPL-0006] Core area: 256693.69 um^2
[INFO DPL-0007] Movable instances area: 173918.05 um^2
[INFO DPL-0008] Fixed instances area within core: 4234.06 um^2
[INFO DPL-0009] Utilization: 69.4%
[INFO DPL-0005] Diamond search max displacement: +/- 500 sites horizontally, +/- 100 rows vertically.
[INFO DPL-1102] Legalizing using negotiation legalizer.
[INFO DPL-1103] Negotiation base search window: +/-20 sites horizontally, +/-5 rows vertically 
	Automatic search window extension enabled.
	Search window extendable up to the max displacement cap of +/-500 sites, +/-100 rows near walls.
[INFO DPL-1104] NegotiationLegalizer DRC penalty: 5.
[INFO DPL-0392] Negotiation cell height distribution (1 unique row-count(s)):
[INFO DPL-0393]   height 1 row(s): 15309 cells
[INFO DPL-0500] Runtime: 0.08s
Detailed Placement Analysis
---------------------------------
legalizer            negotiation
total moves                   0
total displacement          0.0 u
average displacement        0.0 u
max displacement            0.0 u
original HPWL          283757.9 u
legalized HPWL         283757.9 u
delta HPWL                    0 %

check_placement -verbose
global_route -end_incremental -congestion_report_file /work/orfs/reports/sky130hd/s_ubp4_n64_u60/base/congestion_post_repair_timing.rpt
estimate_parasitics -global_routing
global_route -start_incremental
global_route -end_incremental -congestion_report_file /work/orfs/reports/sky130hd/s_ubp4_n64_u60/base/congestion_post_recover_power.rpt
Repair antennas...
[INFO GRT-0012] Found 39 antenna violations.
[INFO GRT-0302] Inserted 41 jumpers for 36 nets.
[INFO GRT-0012] Found 3 antenna violations.
[INFO DPL-0501] Legalized with 151 moves: displacement total 60.7 u, max 12.3 u; HPWL 283770.3 -> 283834.3 u (+0.0 %).
[INFO DPL-0500] Runtime: 0.12s
[INFO GRT-0015] Inserted 7 diodes.
[INFO GRT-0012] Found 0 antenna violations.
[INFO ANT-0002] Found 0 net violations.
[INFO ANT-0001] Found 0 pin violations.
Estimate parasitics...
estimate_parasitics -global_routing
Report metrics stage 5, global route...

==========================================================================
global route report_design_area
--------------------------------------------------------------------------
Design area 178170 um^2 69% utilization.
[INFO FLW-0007] clock clk period 3.000000
[INFO FLW-0008] Clock clk period 2.061
[INFO FLW-0009] Clock clk slack 0.830
write_sdc -no_timestamp /work/orfs/results/sky130hd/s_ubp4_n64_u60/base/updated_clks.sdc
[INFO FLW-0011] Path endpoint path count 5225
write_db /work/orfs/results/sky130hd/s_ubp4_n64_u60/base/5_1_grt.odb
write_sdc -no_timestamp /work/orfs/results/sky130hd/s_ubp4_n64_u60/base/5_1_grt.sdc
Elapsed time: 4:41.89[h:]min:sec. CPU time: user 271.88 sys 0.40 (96%). Peak memory: 460040KB.
Log                       Ext     Elapsed/s Peak Memory/MB sha1sum result [0:20)
5_1_grt                   .odb          281            449 0fbf35cb33dcff78760c
5_1_grt                   .sdc                             9fd7445c262a15275321
/OpenROAD-flow-scripts/flow/scripts/flow.sh 5_2_route detail_route
Running detail_route.tcl, stage 5_2_route
read_liberty /OpenROAD-flow-scripts/flow/platforms/sky130hd/lib/sky130_fd_sc_hd__tt_025C_1v80.lib
read_db /work/orfs/results/sky130hd/s_ubp4_n64_u60/base/5_1_grt.odb
read_sdc /work/orfs/results/sky130hd/s_ubp4_n64_u60/base/5_1_grt.sdc
source /OpenROAD-flow-scripts/flow/platforms/sky130hd/setRC.tcl
detailed_route -output_drc /work/orfs/reports/sky130hd/s_ubp4_n64_u60/base/5_route_drc.rpt -output_maze /work/orfs/results/sky130hd/s_ubp4_n64_u60/base/maze.log -droute_end_iter 64 -verbose 1 -drc_report_iter_step 5
[INFO DRT-0149] Reading tech and libs.
[WARNING DRT-0349] LEF58_ENCLOSURE with no CUTCLASS is not supported. Skipping for layer mcon
[WARNING DRT-0349] LEF58_ENCLOSURE with no CUTCLASS is not supported. Skipping for layer mcon
[WARNING DRT-0349] LEF58_ENCLOSURE with no CUTCLASS is not supported. Skipping for layer via
[WARNING DRT-0349] LEF58_ENCLOSURE with no CUTCLASS is not supported. Skipping for layer via
[WARNING DRT-0349] LEF58_ENCLOSURE with no CUTCLASS is not supported. Skipping for layer via2
[WARNING DRT-0349] LEF58_ENCLOSURE with no CUTCLASS is not supported. Skipping for layer via2
[WARNING DRT-0349] LEF58_ENCLOSURE with no CUTCLASS is not supported. Skipping for layer via3
[WARNING DRT-0349] LEF58_ENCLOSURE with no CUTCLASS is not supported. Skipping for layer via3
[WARNING DRT-0349] LEF58_ENCLOSURE with no CUTCLASS is not supported. Skipping for layer via4
[WARNING DRT-0349] LEF58_ENCLOSURE with no CUTCLASS is not supported. Skipping for layer via4

Units:                1000
Number of layers:     13
Number of macros:     441
Number of vias:       29
Number of viarulegen: 25

[INFO DRT-0150] Reading design.

Design:                   top
Die area:                 ( 0 0 ) ( 511705 511705 )
Number of track patterns: 12
Number of DEF vias:       0
Number of components:     15316
Number of terminals:      132
Number of snets:          2
Number of nets:           11609

[INFO DRT-0167] List of default vias:
  Layer via
    default via: M1M2_PR
  Layer via2
    default via: M2M3_PR
  Layer via3
    default via: M3M4_PR
  Layer via4
    default via: M4M5_PR
[INFO DRT-0162] Library cell analysis.
[INFO DRT-0163] Instance analysis.
[INFO DRT-0164] Number of unique instances = 57.
[INFO DRT-0168] Init region query.
[INFO DRT-0024]   Complete FR_MASTERSLICE.
[INFO DRT-0024]   Complete Fr_VIA.
[INFO DRT-0024]   Complete li1.
[INFO DRT-0024]   Complete mcon.
[INFO DRT-0024]   Complete met1.
[INFO DRT-0024]   Complete via.
[INFO DRT-0024]   Complete met2.
[INFO DRT-0024]   Complete via2.
[INFO DRT-0024]   Complete met3.
[INFO DRT-0024]   Complete via3.
[INFO DRT-0024]   Complete met4.
[INFO DRT-0024]   Complete via4.
[INFO DRT-0024]   Complete met5.
[INFO DRT-0033] FR_MASTERSLICE shape region query size = 0.
[INFO DRT-0033] FR_VIA shape region query size = 0.
[INFO DRT-0033] li1 shape region query size = 530828.
[INFO DRT-0033] mcon shape region query size = 320158.
[INFO DRT-0033] met1 shape region query size = 82065.
[INFO DRT-0033] via shape region query size = 17300.
[INFO DRT-0033] met2 shape region query size = 10451.
[INFO DRT-0033] via2 shape region query size = 13840.
[INFO DRT-0033] met3 shape region query size = 10439.
[INFO DRT-0033] via3 shape region query size = 13840.
[INFO DRT-0033] met4 shape region query size = 4182.
[INFO DRT-0033] via4 shape region query size = 685.
[INFO DRT-0033] met5 shape region query size = 759.
[INFO DRT-0165] Start pin access.
[INFO DRT-0078]   Complete 361 pins.
[INFO DRT-0081]   Complete 57 unique inst patterns.
[INFO DRT-0084]   Complete 7605 groups.
#scanned instances     = 15316
#unique  instances     = 57
#stdCellGenAp          = 946
#stdCellValidPlanarAp  = 38
#stdCellValidViaAp     = 719
#stdCellPinNoAp        = 0
#stdCellPinCnt         = 36607
#instTermValidViaApCnt = 0
#macroGenAp            = 0
#macroValidPlanarAp    = 0
#macroValidViaAp       = 0
#macroNoAp             = 0
[INFO DRT-0166] Complete pin access.
[INFO DRT-0267] cpu time = 00:03:52, elapsed time = 00:03:56, memory = 337.31 (MB), peak = 345.66 (MB)

[INFO DRT-0157] Number of guides:     76350

[INFO DRT-0169] Post process guides.
[INFO DRT-0176] GCELLGRID X 0 DO 74 STEP 6900 ;
[INFO DRT-0177] GCELLGRID Y 0 DO 74 STEP 6900 ;
[INFO DRT-0028]   Complete FR_MASTERSLICE.
[INFO DRT-0028]   Complete Fr_VIA.
[INFO DRT-0028]   Complete li1.
[INFO DRT-0028]   Complete mcon.
[INFO DRT-0028]   Complete met1.
[INFO DRT-0028]   Complete via.
[INFO DRT-0028]   Complete met2.
[INFO DRT-0028]   Complete via2.
[INFO DRT-0028]   Complete met3.
[INFO DRT-0028]   Complete via3.
[INFO DRT-0028]   Complete met4.
[INFO DRT-0028]   Complete via4.
[INFO DRT-0028]   Complete met5.
[INFO DRT-0178] Init guide query.
[INFO DRT-0035]   Complete FR_MASTERSLICE (guide).
[INFO DRT-0035]   Complete Fr_VIA (guide).
[INFO DRT-0035]   Complete li1 (guide).
[INFO DRT-0035]   Complete mcon (guide).
[INFO DRT-0035]   Complete met1 (guide).
[INFO DRT-0035]   Complete via (guide).
[INFO DRT-0035]   Complete met2 (guide).
[INFO DRT-0035]   Complete via2 (guide).
[INFO DRT-0035]   Complete met3 (guide).
[INFO DRT-0035]   Complete via3 (guide).
[INFO DRT-0035]   Complete met4 (guide).
[INFO DRT-0035]   Complete via4 (guide).
[INFO DRT-0035]   Complete met5 (guide).
[INFO DRT-0036] FR_MASTERSLICE guide region query size = 0.
[INFO DRT-0036] FR_VIA guide region query size = 0.
[INFO DRT-0036] li1 guide region query size = 29052.
[INFO DRT-0036] mcon guide region query size = 0.
[INFO DRT-0036] met1 guide region query size = 22992.
[INFO DRT-0036] via guide region query size = 0.
[INFO DRT-0036] met2 guide region query size = 10113.
[INFO DRT-0036] via2 guide region query size = 0.
[INFO DRT-0036] met3 guide region query size = 722.
[INFO DRT-0036] via3 guide region query size = 0.
[INFO DRT-0036] met4 guide region query size = 396.
[INFO DRT-0036] via4 guide region query size = 0.
[INFO DRT-0036] met5 guide region query size = 5.
[INFO DRT-0179] Init gr pin query.
[INFO DRT-0267] cpu time = 00:00:00, elapsed time = 00:00:00, memory = 358.52 (MB), peak = 358.31 (MB)
[INFO DRT-0245] skipped writing guide updates to database.
[INFO DRT-0181] Start track assignment.
[INFO DRT-0184] Done with 39561 vertical wires in 2 frboxes and 23719 horizontal wires in 2 frboxes.
[INFO DRT-0186] Done with 2688 vertical wires in 2 frboxes and 6030 horizontal wires in 2 frboxes.
[INFO DRT-0182] Complete track assignment.
[INFO DRT-0267] cpu time = 00:00:05, elapsed time = 00:00:05, memory = 464.34 (MB), peak = 483.81 (MB)
[INFO DRT-0187] Start routing data preparation.
[INFO DRT-0267] cpu time = 00:00:00, elapsed time = 00:00:00, memory = 464.40 (MB), peak = 483.81 (MB)
[INFO DRT-0194] Start detail routing.
[INFO DRT-0195] Start 0th optimization iteration.
    Completing 10% with 0 violations.
    elapsed time = 00:00:18, memory = 628.39 (MB).
    Completing 20% with 0 violations.
    elapsed time = 00:00:35, memory = 812.72 (MB).
    Completing 30% with 944 violations.
    elapsed time = 00:00:45, memory = 887.40 (MB).
    Completing 40% with 944 violations.
    elapsed time = 00:01:07, memory = 844.97 (MB).
    Completing 50% with 944 violations.
    elapsed time = 00:01:25, memory = 846.55 (MB).
    Completing 60% with 1907 violations.
    elapsed time = 00:01:41, memory = 897.98 (MB).
    Completing 70% with 1907 violations.
    elapsed time = 00:02:02, memory = 894.64 (MB).
    Completing 80% with 2808 violations.
    elapsed time = 00:02:20, memory = 922.18 (MB).
    Completing 90% with 2808 violations.
    elapsed time = 00:02:43, memory = 924.04 (MB).
    Completing 100% with 3652 violations.
    elapsed time = 00:03:07, memory = 898.25 (MB).
[INFO DRT-0199]   Number of violations = 4822.
Viol/Layer         li1   mcon   met1    via   met2   met3   met4
Cut Spacing          0     19      0      0      0      0      0
Metal Spacing        0      0    823      0    129      5      6
Recheck             23      0    807      0    290      9     41
Short                0      0   2425      5    232      0      8
[INFO DRT-0267] cpu time = 00:03:04, elapsed time = 00:03:08, memory = 888.88 (MB), peak = 952.74 (MB)
Total wire length = 335246 um.
Total wire length on LAYER li1 = 0 um.
Total wire length on LAYER met1 = 170313 um.
Total wire length on LAYER met2 = 144430 um.
Total wire length on LAYER met3 = 9790 um.
Total wire length on LAYER met4 = 10663 um.
Total wire length on LAYER met5 = 48 um.
Total number of vias = 74645.
Up-via summary (total 74645):

------------------------
 FR_MASTERSLICE        0
            li1    37157
           met1    36054
           met2      919
           met3      507
           met4        8
------------------------
               74645


[INFO DRT-0195] Start 1st optimization iteration.
    Completing 10% with 4822 violations.
    elapsed time = 00:00:14, memory = 913.73 (MB).
    Completing 20% with 4822 violations.
    elapsed time = 00:00:30, memory = 906.46 (MB).
    Completing 30% with 3996 violations.
    elapsed time = 00:00:43, memory = 968.94 (MB).
    Completing 40% with 3996 violations.
    elapsed time = 00:00:58, memory = 968.88 (MB).
    Completing 50% with 3996 violations.
    elapsed time = 00:01:16, memory = 968.61 (MB).
    Completing 60% with 3234 violations.
    elapsed time = 00:01:33, memory = 959.32 (MB).
    Completing 70% with 3234 violations.
    elapsed time = 00:01:51, memory = 959.80 (MB).
    Completing 80% with 2198 violations.
    elapsed time = 00:02:06, memory = 963.83 (MB).
    Completing 90% with 2198 violations.
    elapsed time = 00:02:23, memory = 956.05 (MB).
    Completing 100% with 1361 violations.
    elapsed time = 00:02:43, memory = 938.28 (MB).
[INFO DRT-0199]   Number of violations = 1361.
Viol/Layer        mcon   met1   met2   met3   met4
Cut Spacing          4      0      0      0      0
Metal Spacing        0    290     50      5      1
Short                0    924     87      0      0
[INFO DRT-0267] cpu time = 00:02:42, elapsed time = 00:02:44, memory = 936.29 (MB), peak = 992.57 (MB)
Total wire length = 332849 um.
Total wire length on LAYER li1 = 0 um.
Total wire length on LAYER met1 = 169434 um.
Total wire length on LAYER met2 = 143368 um.
Total wire length on LAYER met3 = 9698 um.
Total wire length on LAYER met4 = 10298 um.
Total wire length on LAYER met5 = 50 um.
Total number of vias = 73924.
Up-via summary (total 73924):

------------------------
 FR_MASTERSLICE        0
            li1    37156
           met1    35414
           met2      898
           met3      448
           met4        8
------------------------
               73924


[INFO DRT-0195] Start 2nd optimization iteration.
    Completing 10% with 1361 violations.
    elapsed time = 00:00:12, memory = 959.70 (MB).
    Completing 20% with 1361 violations.
    elapsed time = 00:00:29, memory = 960.10 (MB).
    Completing 30% with 1353 violations.
    elapsed time = 00:00:39, memory = 956.69 (MB).
    Completing 40% with 1353 violations.
    elapsed time = 00:00:59, memory = 969.77 (MB).
    Completing 50% with 1353 violations.
    elapsed time = 00:01:14, memory = 946.65 (MB).
    Completing 60% with 1316 violations.
    elapsed time = 00:01:35, memory = 958.45 (MB).
    Completing 70% with 1316 violations.
    elapsed time = 00:01:46, memory = 958.20 (MB).
    Completing 80% with 1175 violations.
    elapsed time = 00:02:07, memory = 959.44 (MB).
    Completing 90% with 1175 violations.
    elapsed time = 00:02:23, memory = 964.23 (MB).
    Completing 100% with 1159 violations.
    elapsed time = 00:02:33, memory = 937.43 (MB).
[INFO DRT-0199]   Number of violations = 1159.
Viol/Layer        mcon   met1   met2   met3   met4
Cut Spacing          3      0      0      0      0
Metal Spacing        0    248     30      3      1
Short                0    814     60      0      0
[INFO DRT-0267] cpu time = 00:02:31, elapsed time = 00:02:34, memory = 944.26 (MB), peak = 992.57 (MB)
Total wire length = 332343 um.
Total wire length on LAYER li1 = 0 um.
Total wire length on LAYER met1 = 169203 um.
Total wire length on LAYER met2 = 143164 um.
Total wire length on LAYER met3 = 9676 um.
Total wire length on LAYER met4 = 10251 um.
Total wire length on LAYER met5 = 46 um.
Total number of vias = 73810.
Up-via summary (total 73810):

------------------------
 FR_MASTERSLICE        0
            li1    37161
           met1    35289
           met2      907
           met3      445
           met4        8
------------------------
               73810


[INFO DRT-0195] Start 3rd optimization iteration.
    Completing 10% with 1159 violations.
    elapsed time = 00:00:10, memory = 969.14 (MB).
    Completing 20% with 1159 violations.
    elapsed time = 00:00:19, memory = 972.48 (MB).
    Completing 30% with 855 violations.
    elapsed time = 00:00:26, memory = 962.66 (MB).
    Completing 40% with 855 violations.
    elapsed time = 00:00:38, memory = 967.75 (MB).
    Completing 50% with 855 violations.
    elapsed time = 00:00:48, memory = 964.07 (MB).
    Completing 60% with 588 violations.
    elapsed time = 00:00:54, memory = 965.67 (MB).
    Completing 70% with 588 violations.
    elapsed time = 00:01:03, memory = 960.70 (MB).
    Completing 80% with 314 violations.
    elapsed time = 00:01:13, memory = 960.48 (MB).
    Completing 90% with 314 violations.
    elapsed time = 00:01:20, memory = 964.72 (MB).
    Completing 100% with 30 violations.
    elapsed time = 00:01:31, memory = 931.73 (MB).
[INFO DRT-0199]   Number of violations = 30.
Viol/Layer        met1   met2
Metal Spacing       10      2
Short               18      0
[INFO DRT-0267] cpu time = 00:01:30, elapsed time = 00:01:32, memory = 954.97 (MB), peak = 1012.07 (MB)
Total wire length = 331927 um.
Total wire length on LAYER li1 = 0 um.
Total wire length on LAYER met1 = 163334 um.
Total wire length on LAYER met2 = 143432 um.
Total wire length on LAYER met3 = 14827 um.
Total wire length on LAYER met4 = 10286 um.
Total wire length on LAYER met5 = 46 um.
Total number of vias = 74552.
Up-via summary (total 74552):

------------------------
 FR_MASTERSLICE        0
            li1    37166
           met1    35557
           met2     1376
           met3      445
           met4        8
------------------------
               74552


[INFO DRT-0195] Start 4th guides tiles iteration.
    Completing 10% with 30 violations.
    elapsed time = 00:00:00, memory = 954.97 (MB).
    Completing 20% with 30 violations.
    elapsed time = 00:00:00, memory = 955.51 (MB).
    Completing 30% with 30 violations.
    elapsed time = 00:00:00, memory = 955.51 (MB).
    Completing 40% with 30 violations.
    elapsed time = 00:00:00, memory = 956.81 (MB).
    Completing 50% with 30 violations.
    elapsed time = 00:00:00, memory = 956.81 (MB).
    Completing 60% with 3 violations.
    elapsed time = 00:00:00, memory = 956.81 (MB).
    Completing 70% with 3 violations.
    elapsed time = 00:00:00, memory = 956.81 (MB).
    Completing 80% with 3 violations.
    elapsed time = 00:00:00, memory = 956.81 (MB).
    Completing 90% with 3 violations.
    elapsed time = 00:00:00, memory = 956.81 (MB).
    Completing 100% with 3 violations.
    elapsed time = 00:00:00, memory = 956.81 (MB).
[INFO DRT-0199]   Number of violations = 3.
Viol/Layer        met1
Short                3
[INFO DRT-0267] cpu time = 00:00:01, elapsed time = 00:00:01, memory = 956.81 (MB), peak = 1012.07 (MB)
Total wire length = 331912 um.
Total wire length on LAYER li1 = 0 um.
Total wire length on LAYER met1 = 163295 um.
Total wire length on LAYER met2 = 143429 um.
Total wire length on LAYER met3 = 14849 um.
Total wire length on LAYER met4 = 10291 um.
Total wire length on LAYER met5 = 46 um.
Total number of vias = 74559.
Up-via summary (total 74559):

------------------------
 FR_MASTERSLICE        0
            li1    37166
           met1    35557
           met2     1380
           met3      448
           met4        8
------------------------
               74559


[INFO DRT-0195] Start 5th guides tiles iteration.
    Completing 100% with 2 violations.
    elapsed time = 00:00:00, memory = 956.81 (MB).
[INFO DRT-0199]   Number of violations = 2.
Viol/Layer        met1
Metal Spacing        2
[INFO DRT-0267] cpu time = 00:00:00, elapsed time = 00:00:00, memory = 957.12 (MB), peak = 1012.07 (MB)
Total wire length = 331914 um.
Total wire length on LAYER li1 = 0 um.
Total wire length on LAYER met1 = 163297 um.
Total wire length on LAYER met2 = 143429 um.
Total wire length on LAYER met3 = 14849 um.
Total wire length on LAYER met4 = 10291 um.
Total wire length on LAYER met5 = 46 um.
Total number of vias = 74559.
Up-via summary (total 74559):

------------------------
 FR_MASTERSLICE        0
            li1    37166
           met1    35557
           met2     1380
           met3      448
           met4        8
------------------------
               74559


[INFO DRT-0195] Start 6th guides tiles iteration.
    Completing 100% with 2 violations.
    elapsed time = 00:00:00, memory = 957.12 (MB).
[INFO DRT-0199]   Number of violations = 2.
Viol/Layer        met1
Short                2
[INFO DRT-0267] cpu time = 00:00:00, elapsed time = 00:00:00, memory = 957.12 (MB), peak = 1012.07 (MB)
Total wire length = 331914 um.
Total wire length on LAYER li1 = 0 um.
Total wire length on LAYER met1 = 163297 um.
Total wire length on LAYER met2 = 143429 um.
Total wire length on LAYER met3 = 14849 um.
Total wire length on LAYER met4 = 10291 um.
Total wire length on LAYER met5 = 46 um.
Total number of vias = 74559.
Up-via summary (total 74559):

------------------------
 FR_MASTERSLICE        0
            li1    37166
           met1    35557
           met2     1380
           met3      448
           met4        8
------------------------
               74559


[INFO DRT-0195] Start 7th stubborn tiles iteration.
    Completing 10% with 2 violations.
    elapsed time = 00:00:02, memory = 973.78 (MB).
    Completing 20% with 2 violations.
    elapsed time = 00:00:04, memory = 960.24 (MB).
    Completing 30% with 2 violations.
    elapsed time = 00:00:07, memory = 952.24 (MB).
    Completing 40% with 2 violations.
    elapsed time = 00:00:09, memory = 951.24 (MB).
    Completing 50% with 2 violations.
    elapsed time = 00:00:11, memory = 949.42 (MB).
    Completing 60% with 2 violations.
    elapsed time = 00:00:14, memory = 948.92 (MB).
    Completing 70% with 2 violations.
    elapsed time = 00:00:16, memory = 961.06 (MB).
    Completing 80% with 2 violations.
    elapsed time = 00:00:18, memory = 1007.54 (MB).
    Completing 90% with 2 violations.
    elapsed time = 00:00:21, memory = 1076.49 (MB).
    Completing 100% with 0 violations.
    elapsed time = 00:00:23, memory = 1089.04 (MB).
[INFO DRT-0199]   Number of violations = 0.
[INFO DRT-0267] cpu time = 00:00:23, elapsed time = 00:00:23, memory = 1108.25 (MB), peak = 1114.32 (MB)
Total wire length = 331910 um.
Total wire length on LAYER li1 = 0 um.
Total wire length on LAYER met1 = 163279 um.
Total wire length on LAYER met2 = 143430 um.
Total wire length on LAYER met3 = 14862 um.
Total wire length on LAYER met4 = 10291 um.
Total wire length on LAYER met5 = 46 um.
Total number of vias = 74562.
Up-via summary (total 74562):

------------------------
 FR_MASTERSLICE        0
            li1    37165
           met1    35559
           met2     1382
           met3      448
           met4        8
------------------------
               74562


[INFO DRT-0198] Complete detail routing.
Total wire length = 331910 um.
Total wire length on LAYER li1 = 0 um.
Total wire length on LAYER met1 = 163279 um.
Total wire length on LAYER met2 = 143430 um.
Total wire length on LAYER met3 = 14862 um.
Total wire length on LAYER met4 = 10291 um.
Total wire length on LAYER met5 = 46 um.
Total number of vias = 74562.
Up-via summary (total 74562):

------------------------
 FR_MASTERSLICE        0
            li1    37165
           met1    35559
           met2     1382
           met3      448
           met4        8
------------------------
               74562


[INFO DRT-0267] cpu time = 00:10:14, elapsed time = 00:10:24, memory = 1108.25 (MB), peak = 1114.32 (MB)

[INFO DRT-0180] Post processing.
[INFO DRT-0501] Runtime: 867.52s
Took 868 seconds: detailed_route -output_drc /work/orfs/reports/sky130hd/s_ubp4_n64_u60/base/5_route_drc.rpt -output_maze /work/orfs/results/sky130hd/s_ubp4_n64_u60/base/maze.log -droute_end_iter 64 -verbose 1 -drc_report_iter_step 5
[INFO GRT-0012] Found 20 antenna violations.
[INFO DPL-0501] Legalized with 0 moves: displacement total 1.8 u, max 1.8 u; HPWL 283886.8 -> 283888.6 u (+0.0 %).
[INFO DPL-0500] Runtime: 0.11s
[INFO GRT-0015] Inserted 24 diodes.
[INFO DRT-0024]   Complete FR_MASTERSLICE.
[INFO DRT-0024]   Complete Fr_VIA.
[INFO DRT-0024]   Complete li1.
[INFO DRT-0024]   Complete mcon.
[INFO DRT-0024]   Complete met1.
[INFO DRT-0024]   Complete via.
[INFO DRT-0024]   Complete met2.
[INFO DRT-0024]   Complete via2.
[INFO DRT-0024]   Complete met3.
[INFO DRT-0024]   Complete via3.
[INFO DRT-0024]   Complete met4.
[INFO DRT-0024]   Complete via4.
[INFO DRT-0024]   Complete met5.
[INFO DRT-0165] Start pin access.
[INFO DRT-0078]   Complete 361 pins.
[INFO DRT-0081]   Complete 57 unique inst patterns.
[INFO DRT-0084]   Complete 7609 groups.
#scanned instances     = 15340
#unique  instances     = 57
#stdCellGenAp          = 946
#stdCellValidPlanarAp  = 38
#stdCellValidViaAp     = 719
#stdCellPinNoAp        = 0
#stdCellPinCnt         = 36607
#instTermValidViaApCnt = 0
#macroGenAp            = 0
#macroValidPlanarAp    = 0
#macroValidViaAp       = 0
#macroNoAp             = 0
[INFO DRT-0166] Complete pin access.
[INFO DRT-0267] cpu time = 00:03:57, elapsed time = 00:04:00, memory = 1076.60 (MB), peak = 1138.23 (MB)

[INFO DRT-0157] Number of guides:     76350

[INFO DRT-0169] Post process guides.
[INFO DRT-0176] GCELLGRID X 0 DO 74 STEP 6900 ;
[INFO DRT-0177] GCELLGRID Y 0 DO 74 STEP 6900 ;
[INFO DRT-0028]   Complete FR_MASTERSLICE.
[INFO DRT-0028]   Complete Fr_VIA.
[INFO DRT-0028]   Complete li1.
[INFO DRT-0028]   Complete mcon.
[INFO DRT-0028]   Complete met1.
[INFO DRT-0028]   Complete via.
[INFO DRT-0028]   Complete met2.
[INFO DRT-0028]   Complete via2.
[INFO DRT-0028]   Complete met3.
[INFO DRT-0028]   Complete via3.
[INFO DRT-0028]   Complete met4.
[INFO DRT-0028]   Complete via4.
[INFO DRT-0028]   Complete met5.
[INFO DRT-0178] Init guide query.
[INFO DRT-0035]   Complete FR_MASTERSLICE (guide).
[INFO DRT-0035]   Complete Fr_VIA (guide).
[INFO DRT-0035]   Complete li1 (guide).
[INFO DRT-0035]   Complete mcon (guide).
[INFO DRT-0035]   Complete met1 (guide).
[INFO DRT-0035]   Complete via (guide).
[INFO DRT-0035]   Complete met2 (guide).
[INFO DRT-0035]   Complete via2 (guide).
[INFO DRT-0035]   Complete met3 (guide).
[INFO DRT-0035]   Complete via3 (guide).
[INFO DRT-0035]   Complete met4 (guide).
[INFO DRT-0035]   Complete via4 (guide).
[INFO DRT-0035]   Complete met5 (guide).
[INFO DRT-0036] FR_MASTERSLICE guide region query size = 0.
[INFO DRT-0036] FR_VIA guide region query size = 0.
[INFO DRT-0036] li1 guide region query size = 29063.
[INFO DRT-0036] mcon guide region query size = 0.
[INFO DRT-0036] met1 guide region query size = 22995.
[INFO DRT-0036] via guide region query size = 0.
[INFO DRT-0036] met2 guide region query size = 10113.
[INFO DRT-0036] via2 guide region query size = 0.
[INFO DRT-0036] met3 guide region query size = 719.
[INFO DRT-0036] via3 guide region query size = 0.
[INFO DRT-0036] met4 guide region query size = 393.
[INFO DRT-0036] via4 guide region query size = 0.
[INFO DRT-0036] met5 guide region query size = 4.
[INFO DRT-0179] Init gr pin query.
[INFO DRT-0267] cpu time = 00:00:00, elapsed time = 00:00:00, memory = 1076.61 (MB), peak = 1138.23 (MB)
[INFO DRT-0245] skipped writing guide updates to database.
[INFO DRT-0181] Start track assignment.
[INFO DRT-0184] Done with 39569 vertical wires in 2 frboxes and 23718 horizontal wires in 2 frboxes.
[INFO DRT-0186] Done with 2654 vertical wires in 2 frboxes and 5935 horizontal wires in 2 frboxes.
[INFO DRT-0182] Complete track assignment.
[INFO DRT-0267] cpu time = 00:00:05, elapsed time = 00:00:05, memory = 1102.68 (MB), peak = 1138.23 (MB)
[INFO DRT-0187] Start routing data preparation.
[INFO DRT-0267] cpu time = 00:00:00, elapsed time = 00:00:00, memory = 1102.68 (MB), peak = 1138.23 (MB)
[INFO DRT-0194] Start detail routing.
[INFO DRT-0195] Start 0th optimization iteration.
    Completing 10% with 0 violations.
    elapsed time = 00:00:05, memory = 1107.70 (MB).
    Completing 20% with 0 violations.
    elapsed time = 00:00:11, memory = 1099.39 (MB).
    Completing 30% with 63 violations.
    elapsed time = 00:00:16, memory = 1095.80 (MB).
    Completing 40% with 63 violations.
    elapsed time = 00:00:23, memory = 1099.59 (MB).
    Completing 50% with 63 violations.
    elapsed time = 00:00:31, memory = 1096.38 (MB).
    Completing 60% with 131 violations.
    elapsed time = 00:00:36, memory = 1093.49 (MB).
    Completing 70% with 131 violations.
    elapsed time = 00:00:42, memory = 1093.95 (MB).
    Completing 80% with 198 violations.
    elapsed time = 00:00:49, memory = 1096.18 (MB).
    Completing 90% with 198 violations.
    elapsed time = 00:00:58, memory = 1091.18 (MB).
    Completing 100% with 253 violations.
    elapsed time = 00:01:07, memory = 1075.40 (MB).
[INFO DRT-0199]   Number of violations = 320.
Viol/Layer        met1    via   met2   met3
Metal Spacing       38      0      4      0
Recheck             44      0     22      1
Short              162      1     46      2
[INFO DRT-0267] cpu time = 00:01:06, elapsed time = 00:01:07, memory = 1075.40 (MB), peak = 1141.95 (MB)
Total wire length = 332143 um.
Total wire length on LAYER li1 = 0 um.
Total wire length on LAYER met1 = 163695 um.
Total wire length on LAYER met2 = 143732 um.
Total wire length on LAYER met3 = 14615 um.
Total wire length on LAYER met4 = 10053 um.
Total wire length on LAYER met5 = 46 um.
Total number of vias = 74662.
Up-via summary (total 74662):

------------------------
 FR_MASTERSLICE        0
            li1    37199
           met1    35642
           met2     1360
           met3      453
           met4        8
------------------------
               74662


[INFO DRT-0195] Start 1st optimization iteration.
    Completing 10% with 320 violations.
    elapsed time = 00:00:05, memory = 1090.09 (MB).
    Completing 20% with 320 violations.
    elapsed time = 00:00:11, memory = 1096.93 (MB).
    Completing 30% with 264 violations.
    elapsed time = 00:00:18, memory = 1092.07 (MB).
    Completing 40% with 264 violations.
    elapsed time = 00:00:25, memory = 1091.42 (MB).
    Completing 50% with 264 violations.
    elapsed time = 00:00:32, memory = 1090.48 (MB).
    Completing 60% with 177 violations.
    elapsed time = 00:00:39, memory = 1093.97 (MB).
    Completing 70% with 177 violations.
    elapsed time = 00:00:45, memory = 1095.04 (MB).
    Completing 80% with 140 violations.
    elapsed time = 00:00:53, memory = 1092.64 (MB).
    Completing 90% with 140 violations.
    elapsed time = 00:01:00, memory = 1105.47 (MB).
    Completing 100% with 60 violations.
    elapsed time = 00:01:08, memory = 1066.25 (MB).
[INFO DRT-0199]   Number of violations = 60.
Viol/Layer        met1   met2
Metal Spacing        0     13
Short               22     25
[INFO DRT-0267] cpu time = 00:01:07, elapsed time = 00:01:08, memory = 1072.67 (MB), peak = 1141.95 (MB)
Total wire length = 332055 um.
Total wire length on LAYER li1 = 0 um.
Total wire length on LAYER met1 = 163639 um.
Total wire length on LAYER met2 = 143736 um.
Total wire length on LAYER met3 = 14606 um.
Total wire length on LAYER met4 = 10025 um.
Total wire length on LAYER met5 = 46 um.
Total number of vias = 74648.
Up-via summary (total 74648):

------------------------
 FR_MASTERSLICE        0
            li1    37204
           met1    35623
           met2     1365
           met3      448
           met4        8
------------------------
               74648


[INFO DRT-0195] Start 2nd optimization iteration.
    Completing 10% with 60 violations.
    elapsed time = 00:00:01, memory = 1114.54 (MB).
    Completing 20% with 60 violations.
    elapsed time = 00:00:03, memory = 1090.99 (MB).
    Completing 30% with 63 violations.
    elapsed time = 00:00:04, memory = 1073.66 (MB).
    Completing 40% with 63 violations.
    elapsed time = 00:00:06, memory = 1100.21 (MB).
    Completing 50% with 63 violations.
    elapsed time = 00:00:09, memory = 1076.64 (MB).
    Completing 60% with 57 violations.
    elapsed time = 00:00:09, memory = 1076.64 (MB).
    Completing 70% with 57 violations.
    elapsed time = 00:00:11, memory = 1094.29 (MB).
    Completing 80% with 47 violations.
    elapsed time = 00:00:13, memory = 1072.38 (MB).
    Completing 90% with 47 violations.
    elapsed time = 00:00:15, memory = 1094.32 (MB).
    Completing 100% with 45 violations.
    elapsed time = 00:00:15, memory = 1094.32 (MB).
[INFO DRT-0199]   Number of violations = 45.
Viol/Layer        met1   met2
Metal Spacing        0      7
Short               16     22
[INFO DRT-0267] cpu time = 00:00:15, elapsed time = 00:00:15, memory = 1097.32 (MB), peak = 1141.95 (MB)
Total wire length = 332027 um.
Total wire length on LAYER li1 = 0 um.
Total wire length on LAYER met1 = 163631 um.
Total wire length on LAYER met2 = 143721 um.
Total wire length on LAYER met3 = 14604 um.
Total wire length on LAYER met4 = 10023 um.
Total wire length on LAYER met5 = 46 um.
Total number of vias = 74630.
Up-via summary (total 74630):

------------------------
 FR_MASTERSLICE        0
            li1    37204
           met1    35604
           met2     1366
           met3      448
           met4        8
------------------------
               74630


[INFO DRT-0195] Start 3rd guides tiles iteration.
    Completing 10% with 45 violations.
    elapsed time = 00:00:01, memory = 1127.89 (MB).
    Completing 20% with 45 violations.
    elapsed time = 00:00:01, memory = 1127.89 (MB).
    Completing 30% with 45 violations.
    elapsed time = 00:00:02, memory = 1113.89 (MB).
    Completing 40% with 45 violations.
    elapsed time = 00:00:03, memory = 1113.89 (MB).
    Completing 50% with 45 violations.
    elapsed time = 00:00:03, memory = 1113.89 (MB).
    Completing 60% with 45 violations.
    elapsed time = 00:00:04, memory = 1085.09 (MB).
    Completing 70% with 9 violations.
    elapsed time = 00:00:05, memory = 1162.38 (MB).
    Completing 80% with 9 violations.
    elapsed time = 00:00:10, memory = 1160.49 (MB).
    Completing 90% with 9 violations.
    elapsed time = 00:00:10, memory = 1160.49 (MB).
    Completing 100% with 0 violations.
    elapsed time = 00:00:10, memory = 1082.85 (MB).
[INFO DRT-0199]   Number of violations = 0.
[INFO DRT-0267] cpu time = 00:00:11, elapsed time = 00:00:11, memory = 1091.85 (MB), peak = 1233.36 (MB)
Total wire length = 331900 um.
Total wire length on LAYER li1 = 0 um.
Total wire length on LAYER met1 = 162031 um.
Total wire length on LAYER met2 = 143098 um.
Total wire length on LAYER met3 = 16171 um.
Total wire length on LAYER met4 = 10552 um.
Total wire length on LAYER met5 = 46 um.
Total number of vias = 74598.
Up-via summary (total 74598):

------------------------
 FR_MASTERSLICE        0
            li1    37203
           met1    35535
           met2     1396
           met3      456
           met4        8
------------------------
               74598


[INFO DRT-0198] Complete detail routing.
Total wire length = 331900 um.
Total wire length on LAYER li1 = 0 um.
Total wire length on LAYER met1 = 162031 um.
Total wire length on LAYER met2 = 143098 um.
Total wire length on LAYER met3 = 16171 um.
Total wire length on LAYER met4 = 10552 um.
Total wire length on LAYER met5 = 46 um.
Total number of vias = 74598.
Up-via summary (total 74598):

------------------------
 FR_MASTERSLICE        0
            li1    37203
           met1    35535
           met2     1396
           met3      456
           met4        8
------------------------
               74598


[INFO DRT-0267] cpu time = 00:02:40, elapsed time = 00:02:43, memory = 1091.91 (MB), peak = 1233.36 (MB)

[INFO DRT-0180] Post processing.
[INFO DRT-0501] Runtime: 410.35s
[INFO ANT-0002] Found 2 net violations.
[INFO ANT-0001] Found 2 pin violations.
[INFO GRT-0012] Found 2 antenna violations.
[INFO DPL-0501] Legalized with 0 moves: displacement total 0.0 u, max 0.0 u; HPWL 283892.6 -> 283892.6 u (+0.0 %).
[INFO DPL-0500] Runtime: 0.19s
[INFO GRT-0015] Inserted 2 diodes.
[INFO DRT-0024]   Complete FR_MASTERSLICE.
[INFO DRT-0024]   Complete Fr_VIA.
[INFO DRT-0024]   Complete li1.
[INFO DRT-0024]   Complete mcon.
[INFO DRT-0024]   Complete met1.
[INFO DRT-0024]   Complete via.
[INFO DRT-0024]   Complete met2.
[INFO DRT-0024]   Complete via2.
[INFO DRT-0024]   Complete met3.
[INFO DRT-0024]   Complete via3.
[INFO DRT-0024]   Complete met4.
[INFO DRT-0024]   Complete via4.
[INFO DRT-0024]   Complete met5.
[INFO DRT-0165] Start pin access.
[INFO DRT-0078]   Complete 361 pins.
[INFO DRT-0081]   Complete 57 unique inst patterns.
[INFO DRT-0084]   Complete 7608 groups.
#scanned instances     = 15342
#unique  instances     = 57
#stdCellGenAp          = 946
#stdCellValidPlanarAp  = 38
#stdCellValidViaAp     = 719
#stdCellPinNoAp        = 0
#stdCellPinCnt         = 36607
#instTermValidViaApCnt = 0
#macroGenAp            = 0
#macroValidPlanarAp    = 0
#macroValidViaAp       = 0
#macroNoAp             = 0
[INFO DRT-0166] Complete pin access.
[INFO DRT-0267] cpu time = 00:04:02, elapsed time = 00:04:11, memory = 1055.85 (MB), peak = 1233.36 (MB)

[INFO DRT-0157] Number of guides:     76353

[INFO DRT-0169] Post process guides.
[INFO DRT-0176] GCELLGRID X 0 DO 74 STEP 6900 ;
[INFO DRT-0177] GCELLGRID Y 0 DO 74 STEP 6900 ;
[INFO DRT-0028]   Complete FR_MASTERSLICE.
[INFO DRT-0028]   Complete Fr_VIA.
[INFO DRT-0028]   Complete li1.
[INFO DRT-0028]   Complete mcon.
[INFO DRT-0028]   Complete met1.
[INFO DRT-0028]   Complete via.
[INFO DRT-0028]   Complete met2.
[INFO DRT-0028]   Complete via2.
[INFO DRT-0028]   Complete met3.
[INFO DRT-0028]   Complete via3.
[INFO DRT-0028]   Complete met4.
[INFO DRT-0028]   Complete via4.
[INFO DRT-0028]   Complete met5.
[INFO DRT-0178] Init guide query.
[INFO DRT-0035]   Complete FR_MASTERSLICE (guide).
[INFO DRT-0035]   Complete Fr_VIA (guide).
[INFO DRT-0035]   Complete li1 (guide).
[INFO DRT-0035]   Complete mcon (guide).
[INFO DRT-0035]   Complete met1 (guide).
[INFO DRT-0035]   Complete via (guide).
[INFO DRT-0035]   Complete met2 (guide).
[INFO DRT-0035]   Complete via2 (guide).
[INFO DRT-0035]   Complete met3 (guide).
[INFO DRT-0035]   Complete via3 (guide).
[INFO DRT-0035]   Complete met4 (guide).
[INFO DRT-0035]   Complete via4 (guide).
[INFO DRT-0035]   Complete met5 (guide).
[INFO DRT-0036] FR_MASTERSLICE guide region query size = 0.
[INFO DRT-0036] FR_VIA guide region query size = 0.
[INFO DRT-0036] li1 guide region query size = 29064.
[INFO DRT-0036] mcon guide region query size = 0.
[INFO DRT-0036] met1 guide region query size = 22996.
[INFO DRT-0036] via guide region query size = 0.
[INFO DRT-0036] met2 guide region query size = 10114.
[INFO DRT-0036] via2 guide region query size = 0.
[INFO DRT-0036] met3 guide region query size = 719.
[INFO DRT-0036] via3 guide region query size = 0.
[INFO DRT-0036] met4 guide region query size = 393.
[INFO DRT-0036] via4 guide region query size = 0.
[INFO DRT-0036] met5 guide region query size = 4.
[INFO DRT-0179] Init gr pin query.
[INFO DRT-0267] cpu time = 00:00:00, elapsed time = 00:00:00, memory = 1055.85 (MB), peak = 1233.36 (MB)
[INFO DRT-0245] skipped writing guide updates to database.
[INFO DRT-0181] Start track assignment.
[INFO DRT-0184] Done with 39571 vertical wires in 2 frboxes and 23719 horizontal wires in 2 frboxes.
[INFO DRT-0186] Done with 2690 vertical wires in 2 frboxes and 5998 horizontal wires in 2 frboxes.
[INFO DRT-0182] Complete track assignment.
[INFO DRT-0267] cpu time = 00:00:06, elapsed time = 00:00:07, memory = 1090.21 (MB), peak = 1233.36 (MB)
[INFO DRT-0187] Start routing data preparation.
[INFO DRT-0267] cpu time = 00:00:00, elapsed time = 00:00:00, memory = 1090.21 (MB), peak = 1233.36 (MB)
[INFO DRT-0194] Start detail routing.
[INFO DRT-0195] Start 0th optimization iteration.
    Completing 10% with 0 violations.
    elapsed time = 00:00:07, memory = 1105.85 (MB).
    Completing 20% with 0 violations.
    elapsed time = 00:00:15, memory = 1097.05 (MB).
    Completing 30% with 2 violations.
    elapsed time = 00:00:21, memory = 1106.02 (MB).
    Completing 40% with 2 violations.
    elapsed time = 00:00:30, memory = 1107.96 (MB).
    Completing 50% with 2 violations.
    elapsed time = 00:00:37, memory = 1117.44 (MB).
    Completing 60% with 8 violations.
    elapsed time = 00:00:45, memory = 1114.13 (MB).
    Completing 70% with 8 violations.
    elapsed time = 00:00:53, memory = 1102.36 (MB).
    Completing 80% with 16 violations.
    elapsed time = 00:01:01, memory = 1102.84 (MB).
    Completing 90% with 16 violations.
    elapsed time = 00:01:11, memory = 1103.39 (MB).
    Completing 100% with 23 violations.
    elapsed time = 00:01:20, memory = 1083.88 (MB).
[INFO DRT-0199]   Number of violations = 26.
Viol/Layer        met1   met2
Metal Spacing        0      5
Recheck              3      0
Short                9      9
[INFO DRT-0267] cpu time = 00:01:07, elapsed time = 00:01:20, memory = 1084.88 (MB), peak = 1233.36 (MB)
Total wire length = 331925 um.
Total wire length on LAYER li1 = 0 um.
Total wire length on LAYER met1 = 162248 um.
Total wire length on LAYER met2 = 143135 um.
Total wire length on LAYER met3 = 15942 um.
Total wire length on LAYER met4 = 10552 um.
Total wire length on LAYER met5 = 46 um.
Total number of vias = 74620.
Up-via summary (total 74620):

------------------------
 FR_MASTERSLICE        0
            li1    37206
           met1    35556
           met2     1394
           met3      456
           met4        8
------------------------
               74620


[INFO DRT-0195] Start 1st optimization iteration.
    Completing 10% with 26 violations.
    elapsed time = 00:00:06, memory = 1112.25 (MB).
    Completing 20% with 26 violations.
    elapsed time = 00:00:12, memory = 1099.57 (MB).
    Completing 30% with 17 violations.
    elapsed time = 00:00:19, memory = 1103.64 (MB).
    Completing 40% with 17 violations.
    elapsed time = 00:00:26, memory = 1102.39 (MB).
    Completing 50% with 17 violations.
    elapsed time = 00:00:36, memory = 1098.68 (MB).
    Completing 60% with 13 violations.
    elapsed time = 00:00:44, memory = 1103.37 (MB).
    Completing 70% with 13 violations.
    elapsed time = 00:00:53, memory = 1111.16 (MB).
    Completing 80% with 8 violations.
    elapsed time = 00:01:03, memory = 1103.86 (MB).
    Completing 90% with 8 violations.
    elapsed time = 00:01:12, memory = 1100.15 (MB).
    Completing 100% with 4 violations.
    elapsed time = 00:01:23, memory = 1082.49 (MB).
[INFO DRT-0199]   Number of violations = 4.
Viol/Layer        met1
Short                4
[INFO DRT-0267] cpu time = 00:01:08, elapsed time = 00:01:23, memory = 1079.88 (MB), peak = 1233.36 (MB)
Total wire length = 331916 um.
Total wire length on LAYER li1 = 0 um.
Total wire length on LAYER met1 = 162259 um.
Total wire length on LAYER met2 = 143114 um.
Total wire length on LAYER met3 = 15942 um.
Total wire length on LAYER met4 = 10552 um.
Total wire length on LAYER met5 = 46 um.
Total number of vias = 74611.
Up-via summary (total 74611):

------------------------
 FR_MASTERSLICE        0
            li1    37205
           met1    35548
           met2     1394
           met3      456
           met4        8
------------------------
               74611


[INFO DRT-0195] Start 2nd optimization iteration.
    Completing 10% with 4 violations.
    elapsed time = 00:00:00, memory = 1079.88 (MB).
    Completing 20% with 4 violations.
    elapsed time = 00:00:00, memory = 1079.88 (MB).
    Completing 30% with 4 violations.
    elapsed time = 00:00:00, memory = 1079.88 (MB).
    Completing 40% with 4 violations.
    elapsed time = 00:00:00, memory = 1079.88 (MB).
    Completing 50% with 4 violations.
    elapsed time = 00:00:00, memory = 1082.45 (MB).
    Completing 60% with 4 violations.
    elapsed time = 00:00:00, memory = 1082.45 (MB).
    Completing 70% with 4 violations.
    elapsed time = 00:00:00, memory = 1082.45 (MB).
    Completing 80% with 1 violations.
    elapsed time = 00:00:02, memory = 1083.62 (MB).
    Completing 90% with 1 violations.
    elapsed time = 00:00:02, memory = 1083.62 (MB).
    Completing 100% with 1 violations.
    elapsed time = 00:00:02, memory = 1083.62 (MB).
[INFO DRT-0199]   Number of violations = 1.
Viol/Layer        met1
Short                1
[INFO DRT-0267] cpu time = 00:00:01, elapsed time = 00:00:02, memory = 1084.06 (MB), peak = 1233.36 (MB)
Total wire length = 331920 um.
Total wire length on LAYER li1 = 0 um.
Total wire length on LAYER met1 = 162263 um.
Total wire length on LAYER met2 = 143114 um.
Total wire length on LAYER met3 = 15942 um.
Total wire length on LAYER met4 = 10552 um.
Total wire length on LAYER met5 = 46 um.
Total number of vias = 74611.
Up-via summary (total 74611):

------------------------
 FR_MASTERSLICE        0
            li1    37205
           met1    35548
           met2     1394
           met3      456
           met4        8
------------------------
               74611


[INFO DRT-0195] Start 3rd guides tiles iteration.
    Completing 100% with 0 violations.
    elapsed time = 00:00:00, memory = 1084.06 (MB).
[INFO DRT-0199]   Number of violations = 0.
[INFO DRT-0267] cpu time = 00:00:00, elapsed time = 00:00:00, memory = 1102.06 (MB), peak = 1233.36 (MB)
Total wire length = 331921 um.
Total wire length on LAYER li1 = 0 um.
Total wire length on LAYER met1 = 162261 um.
Total wire length on LAYER met2 = 143117 um.
Total wire length on LAYER met3 = 15942 um.
Total wire length on LAYER met4 = 10552 um.
Total wire length on LAYER met5 = 46 um.
Total number of vias = 74614.
Up-via summary (total 74614):

------------------------
 FR_MASTERSLICE        0
            li1    37204
           met1    35552
           met2     1394
           met3      456
           met4        8
------------------------
               74614


[INFO DRT-0198] Complete detail routing.
Total wire length = 331921 um.
Total wire length on LAYER li1 = 0 um.
Total wire length on LAYER met1 = 162261 um.
Total wire length on LAYER met2 = 143117 um.
Total wire length on LAYER met3 = 15942 um.
Total wire length on LAYER met4 = 10552 um.
Total wire length on LAYER met5 = 46 um.
Total number of vias = 74614.
Up-via summary (total 74614):

------------------------
 FR_MASTERSLICE        0
            li1    37204
           met1    35552
           met2     1394
           met3      456
           met4        8
------------------------
               74614


[INFO DRT-0267] cpu time = 00:02:17, elapsed time = 00:02:47, memory = 1102.06 (MB), peak = 1233.36 (MB)

[INFO DRT-0180] Post processing.
[INFO DRT-0501] Runtime: 427.99s
[INFO ANT-0002] Found 0 net violations.
[INFO ANT-0001] Found 0 pin violations.
[INFO ANT-0002] Found 0 net violations.
[INFO ANT-0001] Found 0 pin violations.
Design area 178235 um^2 69% utilization.
write_db /work/orfs/results/sky130hd/s_ubp4_n64_u60/base/5_2_route.odb
Elapsed time: 29:05.50[h:]min:sec. CPU time: user 1672.74 sys 7.96 (96%). Peak memory: 1262956KB.
Log                       Ext     Elapsed/s Peak Memory/MB sha1sum result [0:20)
5_2_route                 .odb         1745           1233 d647e2c6aa90341349da
/OpenROAD-flow-scripts/flow/scripts/flow.sh 5_3_fillcell fillcell
Running fillcell.tcl, stage 5_3_fillcell
read_liberty /OpenROAD-flow-scripts/flow/platforms/sky130hd/lib/sky130_fd_sc_hd__tt_025C_1v80.lib
read_db /work/orfs/results/sky130hd/s_ubp4_n64_u60/base/5_2_route.odb
read_sdc /work/orfs/results/sky130hd/s_ubp4_n64_u60/base/5_1_grt.sdc
source /OpenROAD-flow-scripts/flow/platforms/sky130hd/setRC.tcl
filler_placement "sky130_fd_sc_hd__fill_1 sky130_fd_sc_hd__fill_2 sky130_fd_sc_hd__fill_4 sky130_fd_sc_hd__fill_8"
[INFO DPL-0001] Placed 16853 filler instances.
Design area 178235 um^2 69% utilization.
write_db /work/orfs/results/sky130hd/s_ubp4_n64_u60/base/5_3_fillcell.odb
Elapsed time: 0:01.56[h:]min:sec. CPU time: user 0.94 sys 0.15 (69%). Peak memory: 168868KB.
Log                       Ext     Elapsed/s Peak Memory/MB sha1sum result [0:20)
5_3_fillcell              .odb            1            164 37aaee4eceb3a76eacee
cp /work/orfs/results/sky130hd/s_ubp4_n64_u60/base/5_3_fillcell.odb /work/orfs/results/sky130hd/s_ubp4_n64_u60/base/5_route.odb
cp /work/orfs/results/sky130hd/s_ubp4_n64_u60/base/5_1_grt.sdc /work/orfs/results/sky130hd/s_ubp4_n64_u60/base/5_route.sdc
/OpenROAD-flow-scripts/flow/scripts/flow.sh 6_1_fill density_fill
Running density_fill.tcl, stage 6_1_fill
read_liberty /OpenROAD-flow-scripts/flow/platforms/sky130hd/lib/sky130_fd_sc_hd__tt_025C_1v80.lib
read_db /work/orfs/results/sky130hd/s_ubp4_n64_u60/base/5_route.odb
read_sdc /work/orfs/results/sky130hd/s_ubp4_n64_u60/base/5_route.sdc
source /OpenROAD-flow-scripts/flow/platforms/sky130hd/setRC.tcl
exec cp /work/orfs/results/sky130hd/s_ubp4_n64_u60/base/5_route.odb /work/orfs/results/sky130hd/s_ubp4_n64_u60/base/6_1_fill.odb
Elapsed time: 0:01.07[h:]min:sec. CPU time: user 0.64 sys 0.12 (70%). Peak memory: 142552KB.
Log                       Ext     Elapsed/s Peak Memory/MB sha1sum result [0:20)
6_1_fill                  .odb            1            139 37aaee4eceb3a76eacee
cp /work/orfs/results/sky130hd/s_ubp4_n64_u60/base/5_route.sdc /work/orfs/results/sky130hd/s_ubp4_n64_u60/base/6_1_fill.sdc
/OpenROAD-flow-scripts/flow/scripts/flow.sh 6_report final_report
Running final_report.tcl, stage 6_report
read_liberty /OpenROAD-flow-scripts/flow/platforms/sky130hd/lib/sky130_fd_sc_hd__tt_025C_1v80.lib
read_db /work/orfs/results/sky130hd/s_ubp4_n64_u60/base/6_1_fill.odb
read_sdc /work/orfs/results/sky130hd/s_ubp4_n64_u60/base/6_1_fill.sdc
source /OpenROAD-flow-scripts/flow/platforms/sky130hd/setRC.tcl
write_db /work/orfs/results/sky130hd/s_ubp4_n64_u60/base/6_final.odb
write_sdc -no_timestamp /work/orfs/results/sky130hd/s_ubp4_n64_u60/base/6_final.sdc
Deleted 0 routing obstructions
Warning: master sky130_ef_sc_hd__decap_12 has signal pins but no liberty cell
Warning: master sky130_ef_sc_hd__decap_12 has signal pins but no liberty cell
Global output passed lec test
[INFO RCX-0431] Defined process_corner X with ext_model_index 0
[INFO RCX-0029] Defined extraction corner X
[INFO RCX-0435] Reading extraction model file /OpenROAD-flow-scripts/flow/platforms/sky130hd/rcx_patterns.rules ...
[INFO RCX-0436] RC segment generation top (max_merge_res 50.0) ...
[INFO RCX-0040] Final 42333 rc segments
[INFO RCX-0439] Coupling Cap extraction top ...
[INFO RCX-0440] Coupling threshhold is 0.1000 fF, coupling capacitance less than 0.1000 fF will be grounded.
[INFO RCX-0442] 55% of 83329 wires extracted
[INFO RCX-0442] 100% of 83329 wires extracted
[INFO RCX-0045] Extract 11609 nets, 53942 rsegs, 53942 caps, 76828 ccs
[INFO RCX-0443] 11609 nets finished
[INFO PSM-0040] All shapes on net VDD are connected.
########## IR report #################
Net              : VDD
Corner           : default
Total power      : 2.13e-01 W
Supply voltage   : 1.80e+00 V
Worstcase voltage: 1.80e+00 V
Average voltage  : 1.80e+00 V
Average IR drop  : 1.69e-04 V
Worstcase IR drop: 7.25e-04 V
Percentage drop  : 0.04 %
######################################
[INFO PSM-0040] All shapes on net VSS are connected.
########## IR report #################
Net              : VSS
Corner           : default
Total power      : 2.13e-01 W
Supply voltage   : 0.00e+00 V
Worstcase voltage: 7.26e-04 V
Average voltage  : 1.53e-04 V
Average IR drop  : 1.53e-04 V
Worstcase IR drop: 7.26e-04 V
Percentage drop  : 0.04 %
######################################
Cell type report:                       Count        Area
  Fill cell                             16853    78459.00
  Tap cell                               3384     4234.06
  Antenna cell                             33       82.58
  Clock buffer                            631    13205.16
  Timing Repair Buffer                    259     2592.49
  Clock inverter                          209     2692.58
  Sequential cell                        4772    95539.13
  Multi-Input combinational cell         6054    59888.69
  Total                                 32195   256693.69
Report metrics stage 6, finish...

==========================================================================
finish report_design_area
--------------------------------------------------------------------------
Design area 178235 um^2 69% utilization.
[WARNING GUI-0010] File path does not end with a valid extension, new path is: /work/orfs/reports/sky130hd/s_ubp4_n64_u60/base/final_all.webp.png
[WARNING GUI-0010] File path does not end with a valid extension, new path is: /work/orfs/reports/sky130hd/s_ubp4_n64_u60/base/final_routing.webp.png
[WARNING GUI-0010] File path does not end with a valid extension, new path is: /work/orfs/reports/sky130hd/s_ubp4_n64_u60/base/final_placement.webp.png
[WARNING GUI-0010] File path does not end with a valid extension, new path is: /work/orfs/reports/sky130hd/s_ubp4_n64_u60/base/final_ir_drop.webp.png
[WARNING GUI-0010] File path does not end with a valid extension, new path is: /work/orfs/reports/sky130hd/s_ubp4_n64_u60/base/final_clocks.webp.png
[WARNING GUI-0010] File path does not end with a valid extension, new path is: /work/orfs/reports/sky130hd/s_ubp4_n64_u60/base/cts_default_clk.webp.png
[WARNING GUI-0010] File path does not end with a valid extension, new path is: /work/orfs/reports/sky130hd/s_ubp4_n64_u60/base/cts_default_clk_layout.webp.png
[WARNING GUI-0010] File path does not end with a valid extension, new path is: /work/orfs/reports/sky130hd/s_ubp4_n64_u60/base/final_resizer.webp.png
[WARNING GUI-0010] File path does not end with a valid extension, new path is: /work/orfs/reports/sky130hd/s_ubp4_n64_u60/base/final_congestion.webp.png
[WARNING GUI-0010] File path does not end with a valid extension, new path is: /work/orfs/reports/sky130hd/s_ubp4_n64_u60/base/final_worst_path.webp.png
Elapsed time: 0:28.44[h:]min:sec. CPU time: user 20.00 sys 0.98 (73%). Peak memory: 419660KB.
Log                       Ext     Elapsed/s Peak Memory/MB sha1sum result [0:20)
6_report                                 28            409                  N/A
cp /OpenROAD-flow-scripts/flow/platforms/sky130hd/lef/sky130_fd_sc_hd.tlef /work/orfs/objects/sky130hd/s_ubp4_n64_u60/base/klayout_tech.lef
/usr/bin/python3 /OpenROAD-flow-scripts/flow/util/generate_klayout_tech.py \
	--template /OpenROAD-flow-scripts/flow/platforms/sky130hd/sky130hd.lyt \
	--output /work/orfs/objects/sky130hd/s_ubp4_n64_u60/base/klayout.lyt \
	--lef-files /work/orfs/objects/sky130hd/s_ubp4_n64_u60/base/klayout_tech.lef /OpenROAD-flow-scripts/flow/platforms/sky130hd/lef/sky130_fd_sc_hd_merged.lef   \
	--map-files 
/usr/bin/python3 /OpenROAD-flow-scripts/flow/scripts/run_command.py --log /work/orfs/logs/sky130hd/s_ubp4_n64_u60/base/6_1_merge.log --tee -- \
        /OpenROAD-flow-scripts/flow/scripts/klayout.sh -zz -rd design_name=top \
        -rd in_def=/work/orfs/results/sky130hd/s_ubp4_n64_u60/base/6_final.def \
        -rd in_files="/OpenROAD-flow-scripts/flow/platforms/sky130hd/gds/sky130_fd_sc_hd.gds  " \
        -rd seal_file="" \
        -rd out_file=/work/orfs/results/sky130hd/s_ubp4_n64_u60/base/6_1_merged.gds \
        -rd tech_file=/work/orfs/objects/sky130hd/s_ubp4_n64_u60/base/klayout.lyt \
        -rd layer_map= \
        -r /OpenROAD-flow-scripts/flow/util/def2stream.py
KLayout 0.30.12
[INFO] Reporting cells prior to loading DEF ...
	/OpenROAD-flow-scripts/flow/platforms/sky130hd/gds/sky130_fd_sc_hd.gds
[INFO] All LEF cells have matching GDS/OAS cells
[INFO] No orphan cells in the final layout
Elapsed time: 0:04.85[h:]min:sec. CPU time: user 3.41 sys 0.30 (76%). Peak memory: 495300KB.
cp /work/orfs/results/sky130hd/s_ubp4_n64_u60/base/6_1_merged.gds /work/orfs/results/sky130hd/s_ubp4_n64_u60/base/6_final.gds
No elapsed time found in /work/orfs/logs/sky130hd/s_ubp4_n64_u60/base/6_final_lec_check.log
/work/orfs/logs/sky130hd/s_ubp4_n64_u60/base
Log                       Ext     Elapsed/s Peak Memory/MB sha1sum result [0:20)
1_1_yosys_canonicalize                    0             26                  N/A
1_2_yosys                 .v              0             26 39caca9ae0e14b55ad8e
1_2_yosys                 .sdc                             80bc503da5d44b49e9f5
1_synth                   .odb            1            132 b8d59605ad2bd3a76fb8
1_synth                   .sdc                             c9b52a36521419161edd
2_1_floorplan             .odb           11            176 2b33f63c84db92198bc1
2_1_floorplan             .sdc                             c9b52a36521419161edd
2_2_floorplan_macro       .odb            0            116 2b33f63c84db92198bc1
2_3_floorplan_tapcell     .odb            0            116 11d874dc16f2df61e09d
2_4_floorplan_pdn         .odb            1            124 a508f9a6b89820f7838b
3_1_place_gp_skip_io      .odb            4            137 4128c16ac7802d4c3585
3_2_place_iop             .odb            0            120 f931080758e8b78dd748
3_3_place_gp              .odb           14            333 97f44e444527fff756be
3_4_place_resized         .odb            6            178 97f44e444527fff756be
3_5_place_dp              .odb            7            188 5a0b365b6c956d56642e
4_1_cts                   .odb           13            217 08d8122cc678a34f73ca
5_1_grt                   .odb          281            449 0fbf35cb33dcff78760c
5_1_grt                   .sdc                             9fd7445c262a15275321
5_2_route                 .odb         1745           1233 d647e2c6aa90341349da
5_3_fillcell              .odb            1            164 37aaee4eceb3a76eacee
6_1_fill                  .odb            1            139 37aaee4eceb3a76eacee
6_1_fill                  .sdc                             9fd7445c262a15275321
6_1_merge                                 4            483                  N/A
6_report                                 28            409                  N/A
Total                                  2117           1233                     
