mkdir -p /work/orfs/results/sky130hd/s_ubp3_n64_u60/base/
echo 3.0 > /work/orfs/results/sky130hd/s_ubp3_n64_u60/base/clock_period.txt
/OpenROAD-flow-scripts/flow/scripts/synth.sh /OpenROAD-flow-scripts/flow/scripts/synth_canonicalize.tcl /work/orfs/logs/sky130hd/s_ubp3_n64_u60/base/1_1_yosys_canonicalize.log
exec cp /work/ubp3_n64/netlist.v /work/orfs/results/sky130hd/s_ubp3_n64_u60/base/1_2_yosys.v
exec touch -r /work/ubp3_n64/netlist.v /work/orfs/results/sky130hd/s_ubp3_n64_u60/base/1_2_yosys.v
Elapsed time: 0:00.06[h:]min:sec. CPU time: user 0.04 sys 0.01 (63%). Peak memory: 27228KB.
Log                       Ext     Elapsed/s Peak Memory/MB sha1sum result [0:20)
1_1_yosys_canonicalize                    0             26                  N/A
/OpenROAD-flow-scripts/flow/scripts/synth.sh /OpenROAD-flow-scripts/flow/scripts/synth.tcl /work/orfs/logs/sky130hd/s_ubp3_n64_u60/base/1_2_yosys.log
exec cp /work/ubp3_n64/netlist.v /work/orfs/results/sky130hd/s_ubp3_n64_u60/base/1_2_yosys.v
exec touch -r /work/ubp3_n64/netlist.v /work/orfs/results/sky130hd/s_ubp3_n64_u60/base/1_2_yosys.v
Elapsed time: 0:00.07[h:]min:sec. CPU time: user 0.05 sys 0.01 (92%). Peak memory: 27340KB.
Log                       Ext     Elapsed/s Peak Memory/MB sha1sum result [0:20)
1_2_yosys                 .v              0             26 04edec48c6b71160790c
cp /work/ubp3_n64/constraint.sdc /work/orfs/results/sky130hd/s_ubp3_n64_u60/base/1_2_yosys.sdc
touch -r /work/ubp3_n64/constraint.sdc /work/orfs/results/sky130hd/s_ubp3_n64_u60/base/1_2_yosys.sdc
OpenROAD unknown 
Features included (+) or not (-): -GPU +GUI -Python
This program is licensed under the BSD-3 license. See the LICENSE file for details.
Components of this program may be licensed under more restrictive licenses which must be honored.
[INFO ORD-0030] Using 2 thread(s).
mkdir -p /work/orfs/objects/sky130hd/s_ubp3_n64_u60/base
/OpenROAD-flow-scripts/flow/scripts/flow.sh 1_synth synth_odb
Running synth_odb.tcl, stage 1_synth
read_liberty /OpenROAD-flow-scripts/flow/platforms/sky130hd/lib/sky130_fd_sc_hd__tt_025C_1v80.lib
[INFO ODB-0227] LEF file: /OpenROAD-flow-scripts/flow/platforms/sky130hd/lef/sky130_fd_sc_hd.tlef, created 13 layers, 25 vias
[INFO ODB-0227] LEF file: /OpenROAD-flow-scripts/flow/platforms/sky130hd/lef/sky130_fd_sc_hd_merged.lef, created 441 library cells
link_design top
read_sdc /work/orfs/results/sky130hd/s_ubp3_n64_u60/base/1_2_yosys.sdc
source /OpenROAD-flow-scripts/flow/platforms/sky130hd/setRC.tcl
Design area 156941 um^2 100% utilization.
write_db /work/orfs/results/sky130hd/s_ubp3_n64_u60/base/1_synth.odb
write_sdc -no_timestamp /work/orfs/results/sky130hd/s_ubp3_n64_u60/base/1_synth.sdc
Warning: master sky130_ef_sc_hd__decap_12 has signal pins but no liberty cell
Elapsed time: 0:01.05[h:]min:sec. CPU time: user 0.61 sys 0.07 (63%). Peak memory: 130684KB.
Log                       Ext     Elapsed/s Peak Memory/MB sha1sum result [0:20)
1_synth                   .odb            1            127 297c323bb89ea04f5138
1_synth                   .sdc                             c9b52a36521419161edd
/OpenROAD-flow-scripts/flow/scripts/flow.sh 2_1_floorplan floorplan
Running floorplan.tcl, stage 2_1_floorplan
read_liberty /OpenROAD-flow-scripts/flow/platforms/sky130hd/lib/sky130_fd_sc_hd__tt_025C_1v80.lib
read_db /work/orfs/results/sky130hd/s_ubp3_n64_u60/base/1_synth.odb
read_sdc /work/orfs/results/sky130hd/s_ubp3_n64_u60/base/1_synth.sdc
source /OpenROAD-flow-scripts/flow/platforms/sky130hd/setRC.tcl
Master sky130_ef_sc_hd__decap_12 is loaded but not used in the design

==========================================================================
Floorplan check_setup
--------------------------------------------------------------------------
number instances in verilog is 10394
initialize_floorplan -utilization 60 -aspect_ratio 1 -core_space 2 -site unithd
[INFO IFP-0107] Defining die area using utilization: 60.00% and aspect ratio: 1.
[WARNING IFP-0028] Core area lower left (2.000, 2.000) snapped to (2.300, 2.720).
[INFO IFP-0001] Added 187 rows of 1111 site unithd.
[INFO IFP-0100] Die BBox:  (  0.000  0.000 ) ( 515.435 515.435 ) um
[INFO IFP-0101] Core BBox: (  2.300  2.720 ) ( 513.360 511.360 ) um
[INFO IFP-0102] Core area:                       259945.558 um^2
[INFO IFP-0103] Total instances area:            156940.518 um^2
[INFO IFP-0104] Effective utilization:                0.604
[INFO IFP-0105] Number of instances:                  10394
source /OpenROAD-flow-scripts/flow/platforms/sky130hd/make_tracks.tcl
source /OpenROAD-flow-scripts/flow/platforms/sky130hd/fastroute.tcl
set_dont_use "sky130_fd_sc_hd__probe_p_8 sky130_fd_sc_hd__probec_p_8 sky130_fd_sc_hd__lpflow_bleeder_1 sky130_fd_sc_hd__lpflow_clkbufkapwr_1 sky130_fd_sc_hd__lpflow_clkbufkapwr_16 sky130_fd_sc_hd__lpflow_clkbufkapwr_2 sky130_fd_sc_hd__lpflow_clkbufkapwr_4 sky130_fd_sc_hd__lpflow_clkbufkapwr_8 sky130_fd_sc_hd__lpflow_clkinvkapwr_1 sky130_fd_sc_hd__lpflow_clkinvkapwr_16 sky130_fd_sc_hd__lpflow_clkinvkapwr_2 sky130_fd_sc_hd__lpflow_clkinvkapwr_4 sky130_fd_sc_hd__lpflow_clkinvkapwr_8 sky130_fd_sc_hd__lpflow_decapkapwr_12 sky130_fd_sc_hd__lpflow_decapkapwr_3 sky130_fd_sc_hd__lpflow_decapkapwr_4 sky130_fd_sc_hd__lpflow_decapkapwr_6 sky130_fd_sc_hd__lpflow_decapkapwr_8 sky130_fd_sc_hd__lpflow_inputiso0n_1 sky130_fd_sc_hd__lpflow_inputiso0p_1 sky130_fd_sc_hd__lpflow_inputiso1n_1 sky130_fd_sc_hd__lpflow_inputiso1p_1 sky130_fd_sc_hd__lpflow_inputisolatch_1 sky130_fd_sc_hd__lpflow_isobufsrc_1 sky130_fd_sc_hd__lpflow_isobufsrc_16 sky130_fd_sc_hd__lpflow_isobufsrc_2 sky130_fd_sc_hd__lpflow_isobufsrc_4 sky130_fd_sc_hd__lpflow_isobufsrc_8 sky130_fd_sc_hd__lpflow_isobufsrckapwr_16 sky130_fd_sc_hd__lpflow_lsbuf_lh_hl_isowell_tap_1 sky130_fd_sc_hd__lpflow_lsbuf_lh_hl_isowell_tap_2 sky130_fd_sc_hd__lpflow_lsbuf_lh_hl_isowell_tap_4 sky130_fd_sc_hd__lpflow_lsbuf_lh_isowell_4 sky130_fd_sc_hd__lpflow_lsbuf_lh_isowell_tap_1 sky130_fd_sc_hd__lpflow_lsbuf_lh_isowell_tap_2 sky130_fd_sc_hd__lpflow_lsbuf_lh_isowell_tap_4"
repair_tie_fanout -separation 0 sky130_fd_sc_hd__tt_025C_1v80/sky130_fd_sc_hd__conb_1/LO
[INFO RSZ-0042] Inserted 198 tie sky130_fd_sc_hd__conb_1 instances.
repair_tie_fanout -separation 0 sky130_fd_sc_hd__tt_025C_1v80/sky130_fd_sc_hd__conb_1/HI
repair_timing -setup_margin 0 -hold_margin 0 -repair_tns 100 -match_cell_footprint -setup -skip_last_gasp -sequence unbuffer,sizeup,swap,vt_swap -verbose
[WARNING EST-0027] no estimated parasitics. Using wire load models.
[INFO RSZ-0100] Repair move sequence: UnbufferMove SizeUpMove SwapPinsMove 
[INFO RSZ-0094] Found 2018 endpoints with setup violations.
[INFO RSZ-0099] Repairing 2018 out of 2018 (100.00%) violating endpoints...
   Iter   | Removed | Resized | Inserted | Cloned |  Pin  |   Area   |    WNS   |    TNS     |  Viol  |  Worst
          | Buffers |  Gates  | Buffers  |  Gates | Swaps |          |          |            | Endpts | Endpoint
------------------------------------------------------------------------------------------------------------------------------
       0* |       0 |       0 |        0 |      0 |     0 |    +0.0% |  -10.809 |   -16898.0 |   2018 | row0/_153_/D
      10* |       0 |       9 |        0 |      0 |     0 |    +0.0% |   -1.800 |    -2557.8 |   2018 | row14/_159_/D
      20* |       0 |      19 |        0 |      0 |     0 |    +0.0% |   -1.800 |    -2557.8 |   2018 | row24/_157_/D
      30* |       0 |      29 |        0 |      0 |     0 |    +0.0% |   -1.800 |    -2557.9 |   2018 | row33/_163_/D
      40* |       0 |      39 |        0 |      0 |     0 |    +0.0% |   -1.800 |    -2557.9 |   2018 | row41/_155_/D
      50* |       0 |      49 |        0 |      0 |     0 |    +0.0% |   -1.800 |    -2557.9 |   2018 | row49/_155_/D
      54* |       0 |       3 |        0 |      0 |     0 |    +0.0% |   -1.800 |    -2557.8 |   2018 | row51/_165_/D
      57* |       0 |       4 |        0 |      0 |     1 |    +0.0% |   -1.800 |    -2557.7 |   2018 | row51/_165_/D
      60* |       0 |       5 |        0 |      0 |     2 |    +0.0% |   -1.800 |    -2557.7 |   2018 | row51/_165_/D
      60* |       0 |       5 |        0 |      0 |     2 |    +0.0% |   -1.800 |    -2557.7 |   2018 | row51/_165_/D
      63* |       0 |       6 |        0 |      0 |     3 |    +0.0% |   -1.800 |    -2557.6 |   2018 | row51/_165_/D
      66* |       0 |       7 |        0 |      0 |     4 |    +0.0% |   -1.800 |    -2557.6 |   2018 | row51/_165_/D
      69* |       0 |       8 |        0 |      0 |     5 |    +0.0% |   -1.800 |    -2557.5 |   2018 | row51/_165_/D
      70* |       0 |       8 |        0 |      0 |     5 |    +0.0% |   -1.800 |    -2557.5 |   2018 | row51/_165_/D
      72* |       0 |       9 |        0 |      0 |     6 |    +0.0% |   -1.800 |    -2557.5 |   2018 | row51/_165_/D
      75* |       0 |      10 |        0 |      0 |     7 |    +0.0% |   -1.800 |    -2557.4 |   2018 | row51/_165_/D
      78* |       0 |      11 |        0 |      0 |     8 |    +0.0% |   -1.800 |    -2557.4 |   2018 | row51/_165_/D
      80* |       0 |      12 |        0 |      0 |     8 |    +0.0% |   -1.800 |    -2557.4 |   2018 | row51/_165_/D
      81* |       0 |      12 |        0 |      0 |     9 |    +0.0% |   -1.800 |    -2557.4 |   2018 | row51/_165_/D
      84* |       0 |      13 |        0 |      0 |    10 |    +0.0% |   -1.800 |    -2557.3 |   2018 | row51/_165_/D
      87* |       0 |      14 |        0 |      0 |    11 |    +0.0% |   -1.800 |    -2557.2 |   2018 | row51/_165_/D
      90* |       0 |      15 |        0 |      0 |    12 |    +0.0% |   -1.800 |    -2557.2 |   2018 | row51/_165_/D
      90* |       0 |      15 |        0 |      0 |    12 |    +0.0% |   -1.800 |    -2557.2 |   2018 | row51/_165_/D
      93* |       0 |      16 |        0 |      0 |    13 |    +0.0% |   -1.800 |    -2557.2 |   2018 | row51/_165_/D
      96* |       0 |      17 |        0 |      0 |    14 |    +0.0% |   -1.800 |    -2557.1 |   2018 | row51/_165_/D
      99* |       0 |      18 |        0 |      0 |    15 |    +0.0% |   -1.800 |    -2557.0 |   2018 | row51/_165_/D
     100* |       0 |      18 |        0 |      0 |    15 |    +0.0% |   -1.800 |    -2557.0 |   2018 | row51/_165_/D
     102* |       0 |      19 |        0 |      0 |    16 |    +0.0% |   -1.800 |    -2557.0 |   2018 | row51/_165_/D
     105* |       0 |      20 |        0 |      0 |    17 |    +0.0% |   -1.800 |    -2556.9 |   2018 | row51/_165_/D
     108* |       0 |      21 |        0 |      0 |    18 |    +0.0% |   -1.800 |    -2555.1 |   2018 | row51/_165_/D
     110* |       0 |      22 |        0 |      0 |    18 |    +0.0% |   -1.800 |    -2555.1 |   2018 | row51/_165_/D
     111* |       0 |      22 |        0 |      0 |    19 |    +0.0% |   -1.800 |    -2553.3 |   2018 | row51/_165_/D
     114* |       0 |      23 |        0 |      0 |    20 |    +0.0% |   -1.800 |    -2553.3 |   2018 | row51/_165_/D
     117* |       0 |      24 |        0 |      0 |    21 |    +0.0% |   -1.800 |    -2553.2 |   2018 | row51/_165_/D
     120* |       0 |      25 |        0 |      0 |    22 |    +0.0% |   -1.800 |    -2551.4 |   2018 | row51/_165_/D
     120* |       0 |      25 |        0 |      0 |    22 |    +0.0% |   -1.800 |    -2551.4 |   2018 | row51/_165_/D
     123* |       0 |      26 |        0 |      0 |    23 |    +0.0% |   -1.800 |    -2549.6 |   2018 | row51/_165_/D
     126* |       0 |      27 |        0 |      0 |    24 |    +0.0% |   -1.800 |    -2549.5 |   2018 | row51/_165_/D
     129* |       0 |      28 |        0 |      0 |    25 |    +0.0% |   -1.800 |    -2549.5 |   2018 | row51/_165_/D
     130* |       0 |      28 |        0 |      0 |    25 |    +0.0% |   -1.800 |    -2549.5 |   2018 | row51/_165_/D
     132* |       0 |      29 |        0 |      0 |    26 |    +0.0% |   -1.800 |    -2549.5 |   2018 | row51/_165_/D
     135* |       0 |      30 |        0 |      0 |    27 |    +0.0% |   -1.800 |    -2549.4 |   2018 | row51/_165_/D
     138* |       0 |      31 |        0 |      0 |    28 |    +0.0% |   -1.800 |    -2549.4 |   2018 | row51/_165_/D
     140* |       0 |      32 |        0 |      0 |    28 |    +0.0% |   -1.800 |    -2549.4 |   2018 | row51/_165_/D
     141* |       0 |      32 |        0 |      0 |    29 |    +0.0% |   -1.800 |    -2549.3 |   2018 | row51/_165_/D
     144* |       0 |      33 |        0 |      0 |    30 |    +0.0% |   -1.800 |    -2549.3 |   2018 | row51/_165_/D
     147* |       0 |      34 |        0 |      0 |    31 |    +0.0% |   -1.800 |    -2549.2 |   2018 | row51/_165_/D
     150* |       0 |      35 |        0 |      0 |    32 |    +0.0% |   -1.800 |    -2549.2 |   2018 | row51/_165_/D
     150* |       0 |      35 |        0 |      0 |    32 |    +0.0% |   -1.800 |    -2549.2 |   2018 | row51/_165_/D
     153* |       0 |      36 |        0 |      0 |    33 |    +0.0% |   -1.800 |    -2549.1 |   2018 | row51/_165_/D
     156* |       0 |      37 |        0 |      0 |    34 |    +0.0% |   -1.800 |    -2549.0 |   2018 | row51/_165_/D
     159* |       0 |      38 |        0 |      0 |    35 |    +0.0% |   -1.800 |    -2549.0 |   2018 | row51/_165_/D
     160* |       0 |      38 |        0 |      0 |    35 |    +0.0% |   -1.800 |    -2549.0 |   2018 | row51/_165_/D
     162* |       0 |      39 |        0 |      0 |    36 |    +0.0% |   -1.800 |    -2548.9 |   2018 | row51/_165_/D
     165* |       0 |      40 |        0 |      0 |    37 |    +0.0% |   -1.800 |    -2548.9 |   2018 | row51/_165_/D
     168* |       0 |      41 |        0 |      0 |    38 |    +0.0% |   -1.800 |    -2548.8 |   2018 | row51/_165_/D
     170* |       0 |      42 |        0 |      0 |    38 |    +0.0% |   -1.800 |    -2548.8 |   2018 | row51/_165_/D
     171* |       0 |      42 |        0 |      0 |    39 |    +0.0% |   -1.800 |    -2547.0 |   2018 | row51/_165_/D
     174* |       0 |      43 |        0 |      0 |    40 |    +0.0% |   -1.800 |    -2547.0 |   2018 | row51/_165_/D
     177* |       0 |      44 |        0 |      0 |    41 |    +0.0% |   -1.800 |    -2546.9 |   2018 | row51/_165_/D
     180* |       0 |      45 |        0 |      0 |    42 |    +0.0% |   -1.800 |    -2546.9 |   2018 | row51/_165_/D
     180* |       0 |      45 |        0 |      0 |    42 |    +0.0% |   -1.800 |    -2546.9 |   2018 | row51/_165_/D
     183* |       0 |      46 |        0 |      0 |    43 |    +0.0% |   -1.800 |    -2546.8 |   2018 | row51/_165_/D
     186* |       0 |      47 |        0 |      0 |    44 |    +0.0% |   -1.800 |    -2546.8 |   2018 | row51/_165_/D
     189* |       0 |      48 |        0 |      0 |    45 |    +0.0% |   -1.800 |    -2546.7 |   2018 | row51/_165_/D
     190* |       0 |      48 |        0 |      0 |    45 |    +0.0% |   -1.800 |    -2546.7 |   2018 | row51/_165_/D
     192* |       0 |      49 |        0 |      0 |    46 |    +0.0% |   -1.800 |    -2546.7 |   2018 | row51/_165_/D
     195* |       0 |      50 |        0 |      0 |    47 |    +0.0% |   -1.800 |    -2546.6 |   2018 | row51/_165_/D
     198* |       0 |      51 |        0 |      0 |    48 |    +0.0% |   -1.800 |    -2546.6 |   2018 | row51/_165_/D
     200* |       0 |      52 |        0 |      0 |    48 |    +0.0% |   -1.800 |    -2546.6 |   2018 | row51/_165_/D
     201* |       0 |      52 |        0 |      0 |    49 |    +0.0% |   -1.800 |    -2546.6 |   2018 | row51/_165_/D
     204* |       0 |      53 |        0 |      0 |    50 |    +0.0% |   -1.800 |    -2546.5 |   2018 | row51/_165_/D
     207* |       0 |      54 |        0 |      0 |    51 |    +0.0% |   -1.800 |    -2546.5 |   2018 | row51/_165_/D
     210* |       0 |      55 |        0 |      0 |    52 |    +0.0% |   -1.800 |    -2546.4 |   2018 | row51/_165_/D
     210* |       0 |      55 |        0 |      0 |    52 |    +0.0% |   -1.800 |    -2546.4 |   2018 | row51/_165_/D
     213* |       0 |      56 |        0 |      0 |    53 |    +0.0% |   -1.800 |    -2546.4 |   2018 | row51/_165_/D
     216* |       0 |      57 |        0 |      0 |    54 |    +0.0% |   -1.800 |    -2546.3 |   2018 | row51/_165_/D
     219* |       0 |      58 |        0 |      0 |    55 |    +0.0% |   -1.800 |    -2546.2 |   2018 | row51/_165_/D
     220* |       0 |      58 |        0 |      0 |    55 |    +0.0% |   -1.800 |    -2546.2 |   2018 | row51/_165_/D
     222* |       0 |      59 |        0 |      0 |    56 |    +0.0% |   -1.800 |    -2546.2 |   2018 | row51/_165_/D
     225* |       0 |      60 |        0 |      0 |    57 |    +0.0% |   -1.800 |    -2546.1 |   2018 | row51/_165_/D
     228* |       0 |      61 |        0 |      0 |    58 |    +0.0% |   -1.800 |    -2546.1 |   2018 | row51/_165_/D
     230* |       0 |      62 |        0 |      0 |    58 |    +0.0% |   -1.800 |    -2546.1 |   2018 | row51/_165_/D
     231* |       0 |      62 |        0 |      0 |    59 |    +0.0% |   -1.800 |    -2546.0 |   2018 | row51/_165_/D
     234* |       0 |      63 |        0 |      0 |    60 |    +0.1% |   -1.800 |    -2546.0 |   2018 | row51/_165_/D
     237* |       0 |      64 |        0 |      0 |    61 |    +0.1% |   -1.800 |    -2546.0 |   2018 | row51/_165_/D
     240* |       0 |      65 |        0 |      0 |    62 |    +0.1% |   -1.800 |    -2545.9 |   2018 | row51/_165_/D
     240* |       0 |      65 |        0 |      0 |    62 |    +0.1% |   -1.800 |    -2545.9 |   2018 | row51/_165_/D
     243* |       0 |      66 |        0 |      0 |    63 |    +0.1% |   -1.800 |    -2545.9 |   2018 | row51/_165_/D
     246* |       0 |      67 |        0 |      0 |    64 |    +0.1% |   -1.800 |    -2545.8 |   2018 | row51/_165_/D
     249* |       0 |      68 |        0 |      0 |    65 |    +0.1% |   -1.800 |    -2545.8 |   2018 | row51/_165_/D
     250* |       0 |      68 |        0 |      0 |    65 |    +0.1% |   -1.800 |    -2545.8 |   2018 | row51/_165_/D
     252* |       0 |      69 |        0 |      0 |    66 |    +0.1% |   -1.800 |    -2545.7 |   2018 | row51/_165_/D
     255* |       0 |      70 |        0 |      0 |    67 |    +0.1% |   -1.800 |    -2545.7 |   2018 | row51/_165_/D
     258* |       0 |      71 |        0 |      0 |    68 |    +0.1% |   -1.800 |    -2545.6 |   2018 | row51/_165_/D
     260* |       0 |      72 |        0 |      0 |    68 |    +0.1% |   -1.800 |    -2545.6 |   2018 | row51/_165_/D
     261* |       0 |      72 |        0 |      0 |    69 |    +0.1% |   -1.800 |    -2543.8 |   2018 | row51/_165_/D
     264* |       0 |      73 |        0 |      0 |    70 |    +0.1% |   -1.800 |    -2543.8 |   2018 | row51/_165_/D
     267* |       0 |      74 |        0 |      0 |    71 |    +0.1% |   -1.800 |    -2543.7 |   2018 | row51/_165_/D
     270* |       0 |      75 |        0 |      0 |    72 |    +0.1% |   -1.800 |    -2543.7 |   2018 | row51/_165_/D
     270* |       0 |      75 |        0 |      0 |    72 |    +0.1% |   -1.800 |    -2543.7 |   2018 | row51/_165_/D
     273* |       0 |      76 |        0 |      0 |    73 |    +0.1% |   -1.800 |    -2543.6 |   2018 | row51/_165_/D
     276* |       0 |      77 |        0 |      0 |    74 |    +0.1% |   -1.800 |    -2543.6 |   2018 | row51/_165_/D
     279* |       0 |      78 |        0 |      0 |    75 |    +0.1% |   -1.800 |    -2543.6 |   2018 | row51/_165_/D
     280* |       0 |      78 |        0 |      0 |    75 |    +0.1% |   -1.800 |    -2543.6 |   2018 | row51/_165_/D
     282* |       0 |      79 |        0 |      0 |    76 |    +0.1% |   -1.800 |    -2543.5 |   2018 | row51/_165_/D
     285* |       0 |      80 |        0 |      0 |    77 |    +0.1% |   -1.800 |    -2543.4 |   2018 | row51/_165_/D
     288* |       0 |      81 |        0 |      0 |    78 |    +0.1% |   -1.800 |    -2543.4 |   2018 | row51/_165_/D
     290* |       0 |      82 |        0 |      0 |    78 |    +0.1% |   -1.800 |    -2543.4 |   2018 | row51/_165_/D
     291* |       0 |      82 |        0 |      0 |    79 |    +0.1% |   -1.800 |    -2541.6 |   2018 | row51/_165_/D
     294* |       0 |      83 |        0 |      0 |    80 |    +0.1% |   -1.800 |    -2541.5 |   2018 | row51/_165_/D
     297* |       0 |      84 |        0 |      0 |    81 |    +0.1% |   -1.800 |    -2541.5 |   2018 | row51/_165_/D
     300* |       0 |      85 |        0 |      0 |    82 |    +0.1% |   -1.800 |    -2539.7 |   2018 | row51/_165_/D
     300* |       0 |      85 |        0 |      0 |    82 |    +0.1% |   -1.800 |    -2539.7 |   2018 | row51/_165_/D
     303* |       0 |      86 |        0 |      0 |    83 |    +0.1% |   -1.800 |    -2537.9 |   2018 | row51/_165_/D
     306* |       0 |      87 |        0 |      0 |    84 |    +0.1% |   -1.800 |    -2537.8 |   2018 | row51/_165_/D
     309* |       0 |      88 |        0 |      0 |    85 |    +0.1% |   -1.800 |    -2537.8 |   2018 | row51/_165_/D
     310* |       0 |      88 |        0 |      0 |    85 |    +0.1% |   -1.800 |    -2537.8 |   2018 | row51/_165_/D
     312* |       0 |      89 |        0 |      0 |    86 |    +0.1% |   -1.800 |    -2537.8 |   2018 | row51/_165_/D
     315* |       0 |      90 |        0 |      0 |    87 |    +0.1% |   -1.800 |    -2537.7 |   2018 | row51/_165_/D
     318* |       0 |      91 |        0 |      0 |    88 |    +0.1% |   -1.800 |    -2535.9 |   2018 | row51/_165_/D
     320* |       0 |      92 |        0 |      0 |    88 |    +0.1% |   -1.800 |    -2535.9 |   2018 | row51/_165_/D
     321* |       0 |      92 |        0 |      0 |    89 |    +0.1% |   -1.800 |    -2535.9 |   2018 | row51/_165_/D
     324* |       0 |      93 |        0 |      0 |    90 |    +0.1% |   -1.800 |    -2535.8 |   2018 | row51/_165_/D
     327* |       0 |      94 |        0 |      0 |    91 |    +0.1% |   -1.800 |    -2535.7 |   2018 | row51/_165_/D
     330* |       0 |      95 |        0 |      0 |    92 |    +0.1% |   -1.800 |    -2535.7 |   2018 | row51/_165_/D
     330* |       0 |      95 |        0 |      0 |    92 |    +0.1% |   -1.800 |    -2535.7 |   2018 | row51/_165_/D
     333* |       0 |      96 |        0 |      0 |    93 |    +0.1% |   -1.800 |    -2533.9 |   2018 | row51/_165_/D
     336* |       0 |      97 |        0 |      0 |    94 |    +0.1% |   -1.800 |    -2533.9 |   2018 | row51/_165_/D
     339* |       0 |      98 |        0 |      0 |    95 |    +0.1% |   -1.800 |    -2533.8 |   2018 | row51/_165_/D
     340* |       0 |      98 |        0 |      0 |    95 |    +0.1% |   -1.800 |    -2533.8 |   2018 | row51/_165_/D
     342* |       0 |      99 |        0 |      0 |    96 |    +0.1% |   -1.800 |    -2532.0 |   2018 | row51/_165_/D
     345* |       0 |     100 |        0 |      0 |    97 |    +0.1% |   -1.800 |    -2532.0 |   2018 | row51/_165_/D
     348* |       0 |     101 |        0 |      0 |    98 |    +0.1% |   -1.800 |    -2531.9 |   2018 | row51/_165_/D
     350* |       0 |     102 |        0 |      0 |    98 |    +0.1% |   -1.800 |    -2531.9 |   2018 | row51/_165_/D
     351* |       0 |     102 |        0 |      0 |    99 |    +0.1% |   -1.800 |    -2530.1 |   2018 | row51/_165_/D
     354* |       0 |     103 |        0 |      0 |   100 |    +0.1% |   -1.800 |    -2530.1 |   2018 | row51/_165_/D
     357* |       0 |     104 |        0 |      0 |   101 |    +0.1% |   -1.800 |    -2530.0 |   2018 | row51/_165_/D
     360* |       0 |     105 |        0 |      0 |   102 |    +0.1% |   -1.800 |    -2530.0 |   2018 | row51/_165_/D
     360* |       0 |     105 |        0 |      0 |   102 |    +0.1% |   -1.800 |    -2530.0 |   2018 | row51/_165_/D
     363* |       0 |     106 |        0 |      0 |   103 |    +0.1% |   -1.800 |    -2530.0 |   2018 | row51/_165_/D
     366* |       0 |     107 |        0 |      0 |   104 |    +0.1% |   -1.800 |    -2529.9 |   2018 | row51/_165_/D
     369* |       0 |     108 |        0 |      0 |   105 |    +0.1% |   -1.800 |    -2529.9 |   2018 | row51/_165_/D
     370* |       0 |     108 |        0 |      0 |   105 |    +0.1% |   -1.800 |    -2529.9 |   2018 | row51/_165_/D
     372* |       0 |     109 |        0 |      0 |   106 |    +0.1% |   -1.800 |    -2529.8 |   2018 | row51/_165_/D
     375* |       0 |     110 |        0 |      0 |   107 |    +0.1% |   -1.800 |    -2529.7 |   2018 | row51/_165_/D
     378* |       0 |     111 |        0 |      0 |   108 |    +0.1% |   -1.800 |    -2529.7 |   2018 | row51/_165_/D
     380* |       0 |     112 |        0 |      0 |   108 |    +0.1% |   -1.800 |    -2529.7 |   2018 | row51/_165_/D
     381* |       0 |     112 |        0 |      0 |   109 |    +0.1% |   -1.800 |    -2529.6 |   2018 | row51/_165_/D
     384* |       0 |     113 |        0 |      0 |   110 |    +0.1% |   -1.800 |    -2529.6 |   2018 | row51/_165_/D
     387* |       0 |     114 |        0 |      0 |   111 |    +0.1% |   -1.800 |    -2529.5 |   2018 | row51/_165_/D
     390* |       0 |     115 |        0 |      0 |   112 |    +0.1% |   -1.800 |    -2529.5 |   2018 | row51/_165_/D
     390* |       0 |     115 |        0 |      0 |   112 |    +0.1% |   -1.800 |    -2529.5 |   2018 | row51/_165_/D
     393* |       0 |     116 |        0 |      0 |   113 |    +0.1% |   -1.800 |    -2529.4 |   2018 | row51/_165_/D
     396* |       0 |     117 |        0 |      0 |   114 |    +0.1% |   -1.800 |    -2529.3 |   2018 | row51/_165_/D
     399* |       0 |     118 |        0 |      0 |   115 |    +0.1% |   -1.800 |    -2529.3 |   2018 | row51/_165_/D
     400* |       0 |     118 |        0 |      0 |   115 |    +0.1% |   -1.800 |    -2529.3 |   2018 | row51/_165_/D
     402* |       0 |     119 |        0 |      0 |   116 |    +0.1% |   -1.800 |    -2529.2 |   2018 | row51/_165_/D
     405* |       0 |     120 |        0 |      0 |   117 |    +0.1% |   -1.800 |    -2529.2 |   2018 | row51/_165_/D
     408* |       0 |     121 |        0 |      0 |   118 |    +0.1% |   -1.800 |    -2529.1 |   2018 | row51/_165_/D
     410* |       0 |     122 |        0 |      0 |   118 |    +0.1% |   -1.800 |    -2529.1 |   2018 | row51/_165_/D
     411* |       0 |     122 |        0 |      0 |   119 |    +0.1% |   -1.800 |    -2529.1 |   2018 | row51/_165_/D
     414* |       0 |     123 |        0 |      0 |   120 |    +0.1% |   -1.800 |    -2529.0 |   2018 | row51/_165_/D
     417* |       0 |     124 |        0 |      0 |   121 |    +0.1% |   -1.800 |    -2527.2 |   2018 | row51/_165_/D
     420* |       0 |     125 |        0 |      0 |   122 |    +0.1% |   -1.800 |    -2527.1 |   2018 | row51/_165_/D
     420* |       0 |     125 |        0 |      0 |   122 |    +0.1% |   -1.800 |    -2527.1 |   2018 | row51/_165_/D
     423* |       0 |     126 |        0 |      0 |   123 |    +0.1% |   -1.800 |    -2525.3 |   2018 | row51/_165_/D
     426* |       0 |     127 |        0 |      0 |   124 |    +0.1% |   -1.800 |    -2525.3 |   2018 | row51/_165_/D
     429* |       0 |     128 |        0 |      0 |   125 |    +0.1% |   -1.800 |    -2525.2 |   2018 | row51/_165_/D
     430* |       0 |     128 |        0 |      0 |   125 |    +0.1% |   -1.800 |    -2525.2 |   2018 | row51/_165_/D
     432* |       0 |     129 |        0 |      0 |   126 |    +0.1% |   -1.800 |    -2525.1 |   2018 | row51/_165_/D
     435* |       0 |     130 |        0 |      0 |   127 |    +0.1% |   -1.800 |    -2525.1 |   2018 | row51/_165_/D
     438* |       0 |     131 |        0 |      0 |   128 |    +0.1% |   -1.800 |    -2525.1 |   2018 | row51/_165_/D
     440* |       0 |     132 |        0 |      0 |   128 |    +0.1% |   -1.800 |    -2525.1 |   2018 | row51/_165_/D
     441* |       0 |     132 |        0 |      0 |   129 |    +0.1% |   -1.800 |    -2525.0 |   2018 | row51/_165_/D
     444* |       0 |     133 |        0 |      0 |   130 |    +0.1% |   -1.800 |    -2525.0 |   2018 | row51/_165_/D
     447* |       0 |     134 |        0 |      0 |   131 |    +0.1% |   -1.800 |    -2524.9 |   2018 | row51/_165_/D
     450* |       0 |     135 |        0 |      0 |   132 |    +0.1% |   -1.800 |    -2523.1 |   2018 | row51/_165_/D
     450* |       0 |     135 |        0 |      0 |   132 |    +0.1% |   -1.800 |    -2523.1 |   2018 | row51/_165_/D
     453* |       0 |     136 |        0 |      0 |   133 |    +0.1% |   -1.800 |    -2523.1 |   2018 | row51/_165_/D
     456* |       0 |     137 |        0 |      0 |   134 |    +0.1% |   -1.800 |    -2523.0 |   2018 | row51/_165_/D
     459* |       0 |     138 |        0 |      0 |   135 |    +0.1% |   -1.800 |    -2523.0 |   2018 | row51/_165_/D
     460* |       0 |     138 |        0 |      0 |   135 |    +0.1% |   -1.800 |    -2523.0 |   2018 | row51/_165_/D
     462* |       0 |     139 |        0 |      0 |   136 |    +0.1% |   -1.800 |    -2522.9 |   2018 | row51/_165_/D
     465* |       0 |     140 |        0 |      0 |   137 |    +0.1% |   -1.800 |    -2522.9 |   2018 | row51/_165_/D
     468* |       0 |     141 |        0 |      0 |   138 |    +0.1% |   -1.800 |    -2522.8 |   2018 | row51/_165_/D
     470* |       0 |     142 |        0 |      0 |   138 |    +0.1% |   -1.800 |    -2522.8 |   2018 | row51/_165_/D
     471* |       0 |     142 |        0 |      0 |   139 |    +0.1% |   -1.800 |    -2522.8 |   2018 | row51/_165_/D
     474* |       0 |     143 |        0 |      0 |   140 |    +0.1% |   -1.800 |    -2522.7 |   2018 | row51/_165_/D
     477* |       0 |     144 |        0 |      0 |   141 |    +0.1% |   -1.800 |    -2522.7 |   2018 | row51/_165_/D
     480* |       0 |     145 |        0 |      0 |   142 |    +0.1% |   -1.800 |    -2522.6 |   2018 | row51/_165_/D
     480* |       0 |     145 |        0 |      0 |   142 |    +0.1% |   -1.800 |    -2522.6 |   2018 | row51/_165_/D
     483* |       0 |     146 |        0 |      0 |   143 |    +0.1% |   -1.800 |    -2522.6 |   2018 | row51/_165_/D
     486* |       0 |     147 |        0 |      0 |   144 |    +0.1% |   -1.800 |    -2522.5 |   2018 | row51/_165_/D
     489* |       0 |     148 |        0 |      0 |   145 |    +0.1% |   -1.800 |    -2522.5 |   2018 | row51/_165_/D
     490* |       0 |     148 |        0 |      0 |   145 |    +0.1% |   -1.800 |    -2522.5 |   2018 | row51/_165_/D
     492* |       0 |     149 |        0 |      0 |   146 |    +0.1% |   -1.800 |    -2522.4 |   2018 | row51/_165_/D
     495* |       0 |     150 |        0 |      0 |   147 |    +0.1% |   -1.800 |    -2520.6 |   2018 | row51/_165_/D
     498* |       0 |     151 |        0 |      0 |   148 |    +0.1% |   -1.800 |    -2520.6 |   2018 | row51/_165_/D
     500* |       0 |     152 |        0 |      0 |   148 |    +0.1% |   -1.800 |    -2520.6 |   2018 | row51/_165_/D
     501* |       0 |     152 |        0 |      0 |   149 |    +0.1% |   -1.800 |    -2520.5 |   2018 | row51/_165_/D
     504* |       0 |     153 |        0 |      0 |   150 |    +0.1% |   -1.800 |    -2520.5 |   2018 | row51/_165_/D
     507* |       0 |     154 |        0 |      0 |   151 |    +0.1% |   -1.800 |    -2518.7 |   2018 | row51/_165_/D
     510* |       0 |     155 |        0 |      0 |   152 |    +0.1% |   -1.800 |    -2518.6 |   2018 | row51/_165_/D
     510* |       0 |     155 |        0 |      0 |   152 |    +0.1% |   -1.800 |    -2518.6 |   2018 | row51/_165_/D
     513* |       0 |     156 |        0 |      0 |   153 |    +0.1% |   -1.800 |    -2518.6 |   2018 | row51/_165_/D
     516* |       0 |     157 |        0 |      0 |   154 |    +0.1% |   -1.800 |    -2518.5 |   2018 | row51/_165_/D
     519* |       0 |     158 |        0 |      0 |   155 |    +0.1% |   -1.800 |    -2518.5 |   2018 | row51/_165_/D
     520* |       0 |     158 |        0 |      0 |   155 |    +0.1% |   -1.800 |    -2518.5 |   2018 | row51/_165_/D
     522* |       0 |     159 |        0 |      0 |   156 |    +0.1% |   -1.800 |    -2518.4 |   2018 | row51/_165_/D
     525* |       0 |     160 |        0 |      0 |   157 |    +0.1% |   -1.800 |    -2518.4 |   2018 | row51/_165_/D
     528* |       0 |     161 |        0 |      0 |   158 |    +0.1% |   -1.800 |    -2518.3 |   2018 | row51/_165_/D
     530* |       0 |     162 |        0 |      0 |   158 |    +0.1% |   -1.800 |    -2518.3 |   2018 | row51/_165_/D
     531* |       0 |     162 |        0 |      0 |   159 |    +0.1% |   -1.800 |    -2518.3 |   2018 | row51/_165_/D
     534* |       0 |     163 |        0 |      0 |   160 |    +0.1% |   -1.800 |    -2516.5 |   2018 | row51/_165_/D
     537* |       0 |     164 |        0 |      0 |   161 |    +0.1% |   -1.800 |    -2516.4 |   2018 | row51/_165_/D
     540* |       0 |     165 |        0 |      0 |   162 |    +0.1% |   -1.800 |    -2516.4 |   2018 | row51/_165_/D
     540* |       0 |     165 |        0 |      0 |   162 |    +0.1% |   -1.800 |    -2516.4 |   2018 | row51/_165_/D
     543* |       0 |     166 |        0 |      0 |   163 |    +0.1% |   -1.800 |    -2516.3 |   2018 | row51/_165_/D
     546* |       0 |     167 |        0 |      0 |   164 |    +0.1% |   -1.800 |    -2516.3 |   2018 | row51/_165_/D
     549* |       0 |     168 |        0 |      0 |   165 |    +0.1% |   -1.800 |    -2516.2 |   2018 | row51/_165_/D
     550* |       0 |     168 |        0 |      0 |   165 |    +0.1% |   -1.800 |    -2516.2 |   2018 | row51/_165_/D
     552* |       0 |     169 |        0 |      0 |   166 |    +0.1% |   -1.800 |    -2516.2 |   2018 | row51/_165_/D
     555* |       0 |     170 |        0 |      0 |   167 |    +0.1% |   -1.800 |    -2516.1 |   2018 | row51/_165_/D
     558* |       0 |     171 |        0 |      0 |   168 |    +0.1% |   -1.800 |    -2514.3 |   2018 | row51/_165_/D
     560* |       0 |     172 |        0 |      0 |   168 |    +0.1% |   -1.800 |    -2514.3 |   2018 | row51/_165_/D
     561* |       0 |     172 |        0 |      0 |   169 |    +0.1% |   -1.800 |    -2514.3 |   2018 | row51/_165_/D
     564* |       0 |     173 |        0 |      0 |   170 |    +0.1% |   -1.800 |    -2514.2 |   2018 | row51/_165_/D
     567* |       0 |     174 |        0 |      0 |   171 |    +0.1% |   -1.800 |    -2514.2 |   2018 | row51/_165_/D
     570* |       0 |     175 |        0 |      0 |   172 |    +0.1% |   -1.800 |    -2514.1 |   2018 | row51/_165_/D
     570* |       0 |     175 |        0 |      0 |   172 |    +0.1% |   -1.800 |    -2514.1 |   2018 | row51/_165_/D
     573* |       0 |     176 |        0 |      0 |   173 |    +0.1% |   -1.800 |    -2514.1 |   2018 | row51/_165_/D
     576* |       0 |     177 |        0 |      0 |   174 |    +0.1% |   -1.800 |    -2514.0 |   2018 | row51/_165_/D
     579* |       0 |     178 |        0 |      0 |   175 |    +0.1% |   -1.800 |    -2513.9 |   2018 | row51/_165_/D
     580* |       0 |     178 |        0 |      0 |   175 |    +0.1% |   -1.800 |    -2513.9 |   2018 | row51/_165_/D
     582* |       0 |     179 |        0 |      0 |   176 |    +0.1% |   -1.800 |    -2513.9 |   2018 | row51/_165_/D
     585* |       0 |     180 |        0 |      0 |   177 |    +0.1% |   -1.800 |    -2513.8 |   2018 | row51/_165_/D
     588* |       0 |     181 |        0 |      0 |   178 |    +0.1% |   -1.800 |    -2513.8 |   2018 | row51/_165_/D
     590* |       0 |     182 |        0 |      0 |   178 |    +0.1% |   -1.800 |    -2513.8 |   2018 | row51/_165_/D
     591* |       0 |     182 |        0 |      0 |   179 |    +0.1% |   -1.800 |    -2513.7 |   2018 | row51/_165_/D
     594* |       0 |     183 |        0 |      0 |   180 |    +0.1% |   -1.800 |    -2513.7 |   2018 | row51/_165_/D
     597* |       0 |     184 |        0 |      0 |   181 |    +0.1% |   -1.800 |    -2513.6 |   2018 | row51/_165_/D
     600* |       0 |     185 |        0 |      0 |   182 |    +0.1% |   -1.800 |    -2511.8 |   2018 | row51/_165_/D
     600* |       0 |     185 |        0 |      0 |   182 |    +0.1% |   -1.800 |    -2511.8 |   2018 | row51/_165_/D
     603* |       0 |     186 |        0 |      0 |   183 |    +0.1% |   -1.800 |    -2511.8 |   2018 | row51/_165_/D
     606* |       0 |     187 |        0 |      0 |   184 |    +0.1% |   -1.800 |    -2510.0 |   2018 | row51/_165_/D
     609* |       0 |     188 |        0 |      0 |   185 |    +0.1% |   -1.800 |    -2509.9 |   2018 | row51/_165_/D
     610* |       0 |     188 |        0 |      0 |   185 |    +0.1% |   -1.800 |    -2509.9 |   2018 | row51/_165_/D
     612* |       0 |     189 |        0 |      0 |   186 |    +0.2% |   -1.800 |    -2509.9 |   2018 | row51/_165_/D
     615* |       0 |     190 |        0 |      0 |   187 |    +0.2% |   -1.800 |    -2508.1 |   2018 | row51/_165_/D
     618* |       0 |     191 |        0 |      0 |   188 |    +0.2% |   -1.800 |    -2508.0 |   2018 | row51/_165_/D
     620* |       0 |     192 |        0 |      0 |   188 |    +0.2% |   -1.800 |    -2508.0 |   2018 | row51/_165_/D
     621* |       0 |     192 |        0 |      0 |   189 |    +0.2% |   -1.800 |    -2508.0 |   2018 | row51/_165_/D
     624* |       0 |     193 |        0 |      0 |   190 |    +0.2% |   -1.800 |    -2506.2 |   2018 | row51/_165_/D
     627* |       0 |     194 |        0 |      0 |   191 |    +0.2% |   -1.800 |    -2506.1 |   2018 | row51/_165_/D
     630* |       0 |     195 |        0 |      0 |   192 |    +0.2% |   -1.800 |    -2506.1 |   2018 | row51/_165_/D
     630* |       0 |     195 |        0 |      0 |   192 |    +0.2% |   -1.800 |    -2506.1 |   2018 | row51/_165_/D
     633* |       0 |     196 |        0 |      0 |   193 |    +0.2% |   -1.800 |    -2506.0 |   2018 | row51/_165_/D
     636* |       0 |     197 |        0 |      0 |   194 |    +0.2% |   -1.800 |    -2505.9 |   2018 | row51/_165_/D
     639* |       0 |     198 |        0 |      0 |   195 |    +0.2% |   -1.800 |    -2504.2 |   2018 | row51/_165_/D
     640* |       0 |     198 |        0 |      0 |   195 |    +0.2% |   -1.800 |    -2504.2 |   2018 | row51/_165_/D
     642* |       0 |     199 |        0 |      0 |   196 |    +0.2% |   -1.800 |    -2504.1 |   2018 | row51/_165_/D
     645* |       0 |     200 |        0 |      0 |   197 |    +0.2% |   -1.800 |    -2504.1 |   2018 | row51/_165_/D
     648* |       0 |     201 |        0 |      0 |   198 |    +0.2% |   -1.800 |    -2502.3 |   2018 | row51/_165_/D
     650* |       0 |     202 |        0 |      0 |   198 |    +0.2% |   -1.800 |    -2502.3 |   2018 | row51/_165_/D
     651* |       0 |     202 |        0 |      0 |   199 |    +0.2% |   -1.800 |    -2502.2 |   2018 | row51/_165_/D
     654* |       0 |     203 |        0 |      0 |   200 |    +0.2% |   -1.800 |    -2502.2 |   2018 | row51/_165_/D
     657* |       0 |     204 |        0 |      0 |   201 |    +0.2% |   -1.800 |    -2500.4 |   2018 | row51/_165_/D
     660* |       0 |     205 |        0 |      0 |   202 |    +0.2% |   -1.800 |    -2500.3 |   2018 | row51/_165_/D
     660* |       0 |     205 |        0 |      0 |   202 |    +0.2% |   -1.800 |    -2500.3 |   2018 | row51/_165_/D
     663* |       0 |     206 |        0 |      0 |   203 |    +0.2% |   -1.800 |    -2500.3 |   2018 | row51/_165_/D
     666* |       0 |     207 |        0 |      0 |   204 |    +0.2% |   -1.800 |    -2500.2 |   2018 | row51/_165_/D
     669* |       0 |     208 |        0 |      0 |   205 |    +0.2% |   -1.800 |    -2500.1 |   2018 | row51/_165_/D
     670* |       0 |     208 |        0 |      0 |   205 |    +0.2% |   -1.800 |    -2500.1 |   2018 | row51/_165_/D
     672* |       0 |     209 |        0 |      0 |   206 |    +0.2% |   -1.800 |    -2500.1 |   2018 | row51/_165_/D
     675* |       0 |     210 |        0 |      0 |   207 |    +0.2% |   -1.800 |    -2500.0 |   2018 | row51/_165_/D
     678* |       0 |     211 |        0 |      0 |   208 |    +0.2% |   -1.800 |    -2498.2 |   2018 | row51/_165_/D
     680* |       0 |     212 |        0 |      0 |   208 |    +0.2% |   -1.800 |    -2498.2 |   2018 | row51/_165_/D
     681* |       0 |     212 |        0 |      0 |   209 |    +0.2% |   -1.800 |    -2498.1 |   2018 | row51/_165_/D
     684* |       0 |     213 |        0 |      0 |   210 |    +0.2% |   -1.800 |    -2498.1 |   2018 | row51/_165_/D
     687* |       0 |     214 |        0 |      0 |   211 |    +0.2% |   -1.800 |    -2498.0 |   2018 | row51/_165_/D
     690* |       0 |     215 |        0 |      0 |   212 |    +0.2% |   -1.800 |    -2498.0 |   2018 | row51/_165_/D
     690* |       0 |     215 |        0 |      0 |   212 |    +0.2% |   -1.800 |    -2498.0 |   2018 | row51/_165_/D
     693* |       0 |     216 |        0 |      0 |   213 |    +0.2% |   -1.800 |    -2496.2 |   2018 | row51/_165_/D
     696* |       0 |     217 |        0 |      0 |   214 |    +0.2% |   -1.800 |    -2496.1 |   2018 | row51/_165_/D
     699* |       0 |     218 |        0 |      0 |   215 |    +0.2% |   -1.800 |    -2494.3 |   2018 | row51/_165_/D
     700* |       0 |     218 |        0 |      0 |   215 |    +0.2% |   -1.800 |    -2494.3 |   2018 | row51/_165_/D
     702* |       0 |     219 |        0 |      0 |   216 |    +0.2% |   -1.800 |    -2494.3 |   2018 | row51/_165_/D
     705* |       0 |     220 |        0 |      0 |   217 |    +0.2% |   -1.800 |    -2494.2 |   2018 | row51/_165_/D
     708* |       0 |     221 |        0 |      0 |   218 |    +0.2% |   -1.800 |    -2494.2 |   2018 | row51/_165_/D
     710* |       0 |     222 |        0 |      0 |   218 |    +0.2% |   -1.800 |    -2494.2 |   2018 | row51/_165_/D
     711* |       0 |     222 |        0 |      0 |   219 |    +0.2% |   -1.800 |    -2492.4 |   2018 | row51/_165_/D
     714* |       0 |     223 |        0 |      0 |   220 |    +0.2% |   -1.800 |    -2492.3 |   2018 | row51/_165_/D
     717* |       0 |     224 |        0 |      0 |   221 |    +0.2% |   -1.800 |    -2492.3 |   2018 | row51/_165_/D
     720* |       0 |     225 |        0 |      0 |   222 |    +0.2% |   -1.800 |    -2492.2 |   2018 | row51/_165_/D
     720* |       0 |     225 |        0 |      0 |   222 |    +0.2% |   -1.800 |    -2492.2 |   2018 | row51/_165_/D
     723* |       0 |     226 |        0 |      0 |   223 |    +0.2% |   -1.800 |    -2490.4 |   2018 | row51/_165_/D
     726* |       0 |     227 |        0 |      0 |   224 |    +0.2% |   -1.800 |    -2490.4 |   2018 | row51/_165_/D
     729* |       0 |     228 |        0 |      0 |   225 |    +0.2% |   -1.800 |    -2490.3 |   2018 | row51/_165_/D
     730* |       0 |     228 |        0 |      0 |   225 |    +0.2% |   -1.800 |    -2490.3 |   2018 | row51/_165_/D
     732* |       0 |     229 |        0 |      0 |   226 |    +0.2% |   -1.800 |    -2490.2 |   2018 | row51/_165_/D
     735* |       0 |     230 |        0 |      0 |   227 |    +0.2% |   -1.800 |    -2490.2 |   2018 | row51/_165_/D
     738* |       0 |     231 |        0 |      0 |   228 |    +0.2% |   -1.800 |    -2490.1 |   2018 | row51/_165_/D
     740* |       0 |     232 |        0 |      0 |   228 |    +0.2% |   -1.800 |    -2490.1 |   2018 | row51/_165_/D
     741* |       0 |     232 |        0 |      0 |   229 |    +0.2% |   -1.800 |    -2490.1 |   2018 | row51/_165_/D
     744* |       0 |     233 |        0 |      0 |   230 |    +0.2% |   -1.800 |    -2490.0 |   2018 | row51/_165_/D
     747* |       0 |     234 |        0 |      0 |   231 |    +0.2% |   -1.800 |    -2490.0 |   2018 | row51/_165_/D
     750* |       0 |     235 |        0 |      0 |   232 |    +0.2% |   -1.800 |    -2489.9 |   2018 | row51/_165_/D
     750* |       0 |     235 |        0 |      0 |   232 |    +0.2% |   -1.800 |    -2489.9 |   2018 | row51/_165_/D
     753* |       0 |     236 |        0 |      0 |   233 |    +0.2% |   -1.800 |    -2489.8 |   2018 | row51/_165_/D
     756* |       0 |     237 |        0 |      0 |   234 |    +0.2% |   -1.800 |    -2489.8 |   2018 | row51/_165_/D
     759* |       0 |     238 |        0 |      0 |   235 |    +0.2% |   -1.800 |    -2489.8 |   2018 | row51/_165_/D
     760* |       0 |     238 |        0 |      0 |   235 |    +0.2% |   -1.800 |    -2489.8 |   2018 | row51/_165_/D
     762* |       0 |     239 |        0 |      0 |   236 |    +0.2% |   -1.800 |    -2489.7 |   2018 | row51/_165_/D
     765* |       0 |     240 |        0 |      0 |   237 |    +0.2% |   -1.800 |    -2489.7 |   2018 | row51/_165_/D
     768* |       0 |     241 |        0 |      0 |   238 |    +0.2% |   -1.800 |    -2489.6 |   2018 | row51/_165_/D
     770* |       0 |     242 |        0 |      0 |   238 |    +0.2% |   -1.800 |    -2489.6 |   2018 | row51/_165_/D
     771* |       0 |     242 |        0 |      0 |   239 |    +0.2% |   -1.800 |    -2489.6 |   2018 | row51/_165_/D
     774* |       0 |     243 |        0 |      0 |   240 |    +0.2% |   -1.800 |    -2489.5 |   2018 | row51/_165_/D
     777* |       0 |     244 |        0 |      0 |   241 |    +0.2% |   -1.800 |    -2487.7 |   2018 | row51/_165_/D
     780* |       0 |     245 |        0 |      0 |   242 |    +0.2% |   -1.800 |    -2487.7 |   2018 | row51/_165_/D
     780* |       0 |     245 |        0 |      0 |   242 |    +0.2% |   -1.800 |    -2487.7 |   2018 | row51/_165_/D
     783* |       0 |     246 |        0 |      0 |   243 |    +0.2% |   -1.800 |    -2485.9 |   2018 | row51/_165_/D
     786* |       0 |     247 |        0 |      0 |   244 |    +0.2% |   -1.800 |    -2485.8 |   2018 | row51/_165_/D
     789* |       0 |     248 |        0 |      0 |   245 |    +0.2% |   -1.800 |    -2485.8 |   2018 | row51/_165_/D
     790* |       0 |     248 |        0 |      0 |   245 |    +0.2% |   -1.800 |    -2485.8 |   2018 | row51/_165_/D
     792* |       0 |     249 |        0 |      0 |   246 |    +0.2% |   -1.800 |    -2485.7 |   2018 | row51/_165_/D
     795* |       0 |     250 |        0 |      0 |   247 |    +0.2% |   -1.800 |    -2485.7 |   2018 | row51/_165_/D
     798* |       0 |     251 |        0 |      0 |   248 |    +0.2% |   -1.800 |    -2485.7 |   2018 | row51/_165_/D
     800* |       0 |     252 |        0 |      0 |   248 |    +0.2% |   -1.800 |    -2485.7 |   2018 | row51/_165_/D
     801* |       0 |     252 |        0 |      0 |   249 |    +0.2% |   -1.800 |    -2485.6 |   2018 | row51/_165_/D
     804* |       0 |     253 |        0 |      0 |   250 |    +0.2% |   -1.800 |    -2485.6 |   2018 | row51/_165_/D
     807* |       0 |     254 |        0 |      0 |   251 |    +0.2% |   -1.800 |    -2485.5 |   2018 | row51/_165_/D
     810* |       0 |     255 |        0 |      0 |   252 |    +0.2% |   -1.800 |    -2485.5 |   2018 | row51/_165_/D
     810* |       0 |     255 |        0 |      0 |   252 |    +0.2% |   -1.800 |    -2485.5 |   2018 | row51/_165_/D
     813* |       0 |     256 |        0 |      0 |   253 |    +0.2% |   -1.800 |    -2483.7 |   2018 | row51/_165_/D
     816* |       0 |     257 |        0 |      0 |   254 |    +0.2% |   -1.800 |    -2481.9 |   2018 | row51/_165_/D
     819* |       0 |     258 |        0 |      0 |   255 |    +0.2% |   -1.800 |    -2481.9 |   2018 | row51/_165_/D
     820* |       0 |     258 |        0 |      0 |   255 |    +0.2% |   -1.800 |    -2481.9 |   2018 | row51/_165_/D
     822* |       0 |     259 |        0 |      0 |   256 |    +0.2% |   -1.800 |    -2481.8 |   2018 | row51/_165_/D
     825* |       0 |     260 |        0 |      0 |   257 |    +0.2% |   -1.800 |    -2481.8 |   2018 | row51/_165_/D
     828* |       0 |     261 |        0 |      0 |   258 |    +0.2% |   -1.800 |    -2480.0 |   2018 | row51/_165_/D
     830* |       0 |     262 |        0 |      0 |   258 |    +0.2% |   -1.800 |    -2480.0 |   2018 | row51/_165_/D
     831* |       0 |     262 |        0 |      0 |   259 |    +0.2% |   -1.800 |    -2479.9 |   2018 | row51/_165_/D
     834* |       0 |     263 |        0 |      0 |   260 |    +0.2% |   -1.800 |    -2479.9 |   2018 | row51/_165_/D
     837* |       0 |     264 |        0 |      0 |   261 |    +0.2% |   -1.800 |    -2479.8 |   2018 | row51/_165_/D
     840* |       0 |     265 |        0 |      0 |   262 |    +0.2% |   -1.800 |    -2479.7 |   2018 | row51/_165_/D
     840* |       0 |     265 |        0 |      0 |   262 |    +0.2% |   -1.800 |    -2479.7 |   2018 | row51/_165_/D
     843* |       0 |     266 |        0 |      0 |   263 |    +0.2% |   -1.800 |    -2479.7 |   2018 | row51/_165_/D
     846* |       0 |     267 |        0 |      0 |   264 |    +0.2% |   -1.800 |    -2479.6 |   2018 | row51/_165_/D
     849* |       0 |     268 |        0 |      0 |   265 |    +0.2% |   -1.800 |    -2479.6 |   2018 | row51/_165_/D
     850* |       0 |     268 |        0 |      0 |   265 |    +0.2% |   -1.800 |    -2479.6 |   2018 | row51/_165_/D
     852* |       0 |     269 |        0 |      0 |   266 |    +0.2% |   -1.800 |    -2479.5 |   2018 | row51/_165_/D
     855* |       0 |     270 |        0 |      0 |   267 |    +0.2% |   -1.800 |    -2479.5 |   2018 | row51/_165_/D
     858* |       0 |     271 |        0 |      0 |   268 |    +0.2% |   -1.800 |    -2479.4 |   2018 | row51/_165_/D
     860* |       0 |     272 |        0 |      0 |   268 |    +0.2% |   -1.800 |    -2479.4 |   2018 | row51/_165_/D
     861* |       0 |     272 |        0 |      0 |   269 |    +0.2% |   -1.800 |    -2479.4 |   2018 | row51/_165_/D
     864* |       0 |     273 |        0 |      0 |   270 |    +0.2% |   -1.800 |    -2479.4 |   2018 | row51/_165_/D
     867* |       0 |     274 |        0 |      0 |   271 |    +0.2% |   -1.800 |    -2479.3 |   2018 | row51/_165_/D
     870* |       0 |     275 |        0 |      0 |   272 |    +0.2% |   -1.800 |    -2479.3 |   2018 | row51/_165_/D
     870* |       0 |     275 |        0 |      0 |   272 |    +0.2% |   -1.800 |    -2479.3 |   2018 | row51/_165_/D
     873* |       0 |     276 |        0 |      0 |   273 |    +0.2% |   -1.800 |    -2479.2 |   2018 | row51/_165_/D
     876* |       0 |     277 |        0 |      0 |   274 |    +0.2% |   -1.800 |    -2479.2 |   2018 | row51/_165_/D
     879* |       0 |     278 |        0 |      0 |   275 |    +0.2% |   -1.800 |    -2479.1 |   2018 | row51/_165_/D
     880* |       0 |     278 |        0 |      0 |   275 |    +0.2% |   -1.800 |    -2479.1 |   2018 | row51/_165_/D
     882* |       0 |     279 |        0 |      0 |   276 |    +0.2% |   -1.800 |    -2479.1 |   2018 | row51/_165_/D
     885* |       0 |     280 |        0 |      0 |   277 |    +0.2% |   -1.800 |    -2479.0 |   2018 | row51/_165_/D
     888* |       0 |     281 |        0 |      0 |   278 |    +0.2% |   -1.800 |    -2479.0 |   2018 | row51/_165_/D
     890* |       0 |     282 |        0 |      0 |   278 |    +0.2% |   -1.800 |    -2479.0 |   2018 | row51/_165_/D
     891* |       0 |     282 |        0 |      0 |   279 |    +0.2% |   -1.800 |    -2477.2 |   2018 | row51/_165_/D
     894* |       0 |     283 |        0 |      0 |   280 |    +0.2% |   -1.800 |    -2477.1 |   2018 | row51/_165_/D
     897* |       0 |     284 |        0 |      0 |   281 |    +0.2% |   -1.800 |    -2477.1 |   2018 | row51/_165_/D
     900* |       0 |     285 |        0 |      0 |   282 |    +0.2% |   -1.800 |    -2477.0 |   2018 | row51/_165_/D
     900* |       0 |     285 |        0 |      0 |   282 |    +0.2% |   -1.800 |    -2477.0 |   2018 | row51/_165_/D
     903* |       0 |     286 |        0 |      0 |   283 |    +0.2% |   -1.800 |    -2476.9 |   2018 | row51/_165_/D
     906* |       0 |     287 |        0 |      0 |   284 |    +0.2% |   -1.800 |    -2476.9 |   2018 | row51/_165_/D
     909* |       0 |     288 |        0 |      0 |   285 |    +0.2% |   -1.800 |    -2476.8 |   2018 | row51/_165_/D
     910* |       0 |     288 |        0 |      0 |   285 |    +0.2% |   -1.800 |    -2476.8 |   2018 | row51/_165_/D
     912* |       0 |     289 |        0 |      0 |   286 |    +0.2% |   -1.800 |    -2476.8 |   2018 | row51/_165_/D
     915* |       0 |     290 |        0 |      0 |   287 |    +0.2% |   -1.800 |    -2476.7 |   2018 | row51/_165_/D
     918* |       0 |     291 |        0 |      0 |   288 |    +0.2% |   -1.800 |    -2476.7 |   2018 | row51/_165_/D
     920* |       0 |     292 |        0 |      0 |   288 |    +0.2% |   -1.800 |    -2476.7 |   2018 | row51/_165_/D
     921* |       0 |     292 |        0 |      0 |   289 |    +0.2% |   -1.800 |    -2476.6 |   2018 | row51/_165_/D
     924* |       0 |     293 |        0 |      0 |   290 |    +0.2% |   -1.800 |    -2476.6 |   2018 | row51/_165_/D
     927* |       0 |     294 |        0 |      0 |   291 |    +0.2% |   -1.800 |    -2476.5 |   2018 | row51/_165_/D
     930* |       0 |     295 |        0 |      0 |   292 |    +0.2% |   -1.800 |    -2476.5 |   2018 | row51/_165_/D
     930* |       0 |     295 |        0 |      0 |   292 |    +0.2% |   -1.800 |    -2476.5 |   2018 | row51/_165_/D
     933* |       0 |     296 |        0 |      0 |   293 |    +0.2% |   -1.800 |    -2476.5 |   2018 | row51/_165_/D
     936* |       0 |     297 |        0 |      0 |   294 |    +0.2% |   -1.800 |    -2476.4 |   2018 | row51/_165_/D
     939* |       0 |     298 |        0 |      0 |   295 |    +0.2% |   -1.800 |    -2476.4 |   2018 | row51/_165_/D
     940* |       0 |     298 |        0 |      0 |   295 |    +0.2% |   -1.800 |    -2476.4 |   2018 | row51/_165_/D
     942* |       0 |     299 |        0 |      0 |   296 |    +0.2% |   -1.800 |    -2476.3 |   2018 | row51/_165_/D
     945* |       0 |     300 |        0 |      0 |   297 |    +0.2% |   -1.800 |    -2476.2 |   2018 | row51/_165_/D
     948* |       0 |     301 |        0 |      0 |   298 |    +0.2% |   -1.800 |    -2476.2 |   2018 | row51/_165_/D
     950* |       0 |     302 |        0 |      0 |   298 |    +0.2% |   -1.800 |    -2476.2 |   2018 | row51/_165_/D
     951* |       0 |     302 |        0 |      0 |   299 |    +0.2% |   -1.800 |    -2476.2 |   2018 | row51/_165_/D
     954* |       0 |     303 |        0 |      0 |   300 |    +0.2% |   -1.800 |    -2476.1 |   2018 | row51/_165_/D
     957* |       0 |     304 |        0 |      0 |   301 |    +0.2% |   -1.800 |    -2476.1 |   2018 | row51/_165_/D
     960* |       0 |     305 |        0 |      0 |   302 |    +0.2% |   -1.800 |    -2476.0 |   2018 | row51/_165_/D
     960* |       0 |     305 |        0 |      0 |   302 |    +0.2% |   -1.800 |    -2476.0 |   2018 | row51/_165_/D
     963* |       0 |     306 |        0 |      0 |   303 |    +0.2% |   -1.800 |    -2476.0 |   2018 | row51/_165_/D
     966* |       0 |     307 |        0 |      0 |   304 |    +0.2% |   -1.800 |    -2475.9 |   2018 | row51/_165_/D
     969* |       0 |     308 |        0 |      0 |   305 |    +0.2% |   -1.800 |    -2475.9 |   2018 | row51/_165_/D
     970* |       0 |     308 |        0 |      0 |   305 |    +0.2% |   -1.800 |    -2475.9 |   2018 | row51/_165_/D
     972* |       0 |     309 |        0 |      0 |   306 |    +0.2% |   -1.800 |    -2475.8 |   2018 | row51/_165_/D
     975* |       0 |     310 |        0 |      0 |   307 |    +0.2% |   -1.800 |    -2475.8 |   2018 | row51/_165_/D
     978* |       0 |     311 |        0 |      0 |   308 |    +0.2% |   -1.800 |    -2474.0 |   2018 | row51/_165_/D
     980* |       0 |     312 |        0 |      0 |   308 |    +0.2% |   -1.800 |    -2474.0 |   2018 | row51/_165_/D
     981* |       0 |     312 |        0 |      0 |   309 |    +0.2% |   -1.800 |    -2473.9 |   2018 | row51/_165_/D
     984* |       0 |     313 |        0 |      0 |   310 |    +0.2% |   -1.800 |    -2473.9 |   2018 | row51/_165_/D
     987* |       0 |     314 |        0 |      0 |   311 |    +0.2% |   -1.800 |    -2473.9 |   2018 | row51/_165_/D
     990* |       0 |     315 |        0 |      0 |   312 |    +0.3% |   -1.800 |    -2473.8 |   2018 | row51/_165_/D
     990* |       0 |     315 |        0 |      0 |   312 |    +0.3% |   -1.800 |    -2473.8 |   2018 | row51/_165_/D
     993* |       0 |     316 |        0 |      0 |   313 |    +0.3% |   -1.800 |    -2473.8 |   2018 | row51/_165_/D
     996* |       0 |     317 |        0 |      0 |   314 |    +0.3% |   -1.800 |    -2473.7 |   2018 | row51/_165_/D
     999* |       0 |     318 |        0 |      0 |   315 |    +0.3% |   -1.800 |    -2471.9 |   2018 | row51/_165_/D
    1000* |       0 |     318 |        0 |      0 |   315 |    +0.3% |   -1.800 |    -2471.9 |   2018 | row51/_165_/D
    1002* |       0 |     319 |        0 |      0 |   316 |    +0.3% |   -1.800 |    -2471.9 |   2018 | row51/_165_/D
    1005* |       0 |     320 |        0 |      0 |   317 |    +0.3% |   -1.800 |    -2471.8 |   2018 | row51/_165_/D
    1008* |       0 |     321 |        0 |      0 |   318 |    +0.3% |   -1.800 |    -2471.7 |   2018 | row51/_165_/D
    1010* |       0 |     322 |        0 |      0 |   318 |    +0.3% |   -1.800 |    -2471.7 |   2018 | row51/_165_/D
    1011* |       0 |     322 |        0 |      0 |   319 |    +0.3% |   -1.800 |    -2470.0 |   2018 | row51/_165_/D
    1014* |       0 |     323 |        0 |      0 |   320 |    +0.3% |   -1.800 |    -2469.9 |   2018 | row51/_165_/D
    1017* |       0 |     324 |        0 |      0 |   321 |    +0.3% |   -1.800 |    -2468.1 |   2018 | row51/_165_/D
    1020* |       0 |     325 |        0 |      0 |   322 |    +0.3% |   -1.800 |    -2466.3 |   2018 | row51/_165_/D
    1020* |       0 |     325 |        0 |      0 |   322 |    +0.3% |   -1.800 |    -2466.3 |   2018 | row51/_165_/D
    1023* |       0 |     326 |        0 |      0 |   323 |    +0.3% |   -1.800 |    -2466.3 |   2018 | row51/_165_/D
    1026* |       0 |     327 |        0 |      0 |   324 |    +0.3% |   -1.800 |    -2466.2 |   2018 | row51/_165_/D
    1029* |       0 |     328 |        0 |      0 |   325 |    +0.3% |   -1.800 |    -2466.1 |   2018 | row51/_165_/D
    1030* |       0 |     328 |        0 |      0 |   325 |    +0.3% |   -1.800 |    -2466.1 |   2018 | row51/_165_/D
    1032* |       0 |     329 |        0 |      0 |   326 |    +0.3% |   -1.800 |    -2466.1 |   2018 | row51/_165_/D
    1035* |       0 |     330 |        0 |      0 |   327 |    +0.3% |   -1.800 |    -2466.1 |   2018 | row51/_165_/D
    1038* |       0 |     331 |        0 |      0 |   328 |    +0.3% |   -1.800 |    -2464.3 |   2018 | row51/_165_/D
    1040* |       0 |     332 |        0 |      0 |   328 |    +0.3% |   -1.800 |    -2464.3 |   2018 | row51/_165_/D
    1041* |       0 |     332 |        0 |      0 |   329 |    +0.3% |   -1.800 |    -2464.2 |   2018 | row51/_165_/D
    1044* |       0 |     333 |        0 |      0 |   330 |    +0.3% |   -1.800 |    -2462.4 |   2018 | row51/_165_/D
    1047* |       0 |     334 |        0 |      0 |   331 |    +0.3% |   -1.800 |    -2462.4 |   2018 | row51/_165_/D
    1050* |       0 |     335 |        0 |      0 |   332 |    +0.3% |   -1.800 |    -2462.3 |   2018 | row51/_165_/D
    1050* |       0 |     335 |        0 |      0 |   332 |    +0.3% |   -1.800 |    -2462.3 |   2018 | row51/_165_/D
    1053* |       0 |     336 |        0 |      0 |   333 |    +0.3% |   -1.800 |    -2460.5 |   2018 | row51/_165_/D
    1056* |       0 |     337 |        0 |      0 |   334 |    +0.3% |   -1.800 |    -2460.4 |   2018 | row51/_165_/D
    1059* |       0 |     338 |        0 |      0 |   335 |    +0.3% |   -1.800 |    -2460.3 |   2018 | row51/_165_/D
    1060* |       0 |     338 |        0 |      0 |   335 |    +0.3% |   -1.800 |    -2460.3 |   2018 | row51/_165_/D
    1062* |       0 |     339 |        0 |      0 |   336 |    +0.3% |   -1.800 |    -2460.3 |   2018 | row51/_165_/D
    1065* |       0 |     340 |        0 |      0 |   337 |    +0.3% |   -1.800 |    -2460.3 |   2018 | row51/_165_/D
    1068* |       0 |     341 |        0 |      0 |   338 |    +0.3% |   -1.800 |    -2460.2 |   2018 | row51/_165_/D
    1070* |       0 |     342 |        0 |      0 |   338 |    +0.3% |   -1.800 |    -2460.2 |   2018 | row51/_165_/D
    1071* |       0 |     342 |        0 |      0 |   339 |    +0.3% |   -1.800 |    -2460.2 |   2018 | row51/_165_/D
    1074* |       0 |     343 |        0 |      0 |   340 |    +0.3% |   -1.800 |    -2460.1 |   2018 | row51/_165_/D
    1077* |       0 |     344 |        0 |      0 |   341 |    +0.3% |   -1.800 |    -2458.3 |   2018 | row51/_165_/D
    1080* |       0 |     345 |        0 |      0 |   342 |    +0.3% |   -1.800 |    -2458.2 |   2018 | row51/_165_/D
    1080* |       0 |     345 |        0 |      0 |   342 |    +0.3% |   -1.800 |    -2458.2 |   2018 | row51/_165_/D
    1083* |       0 |     346 |        0 |      0 |   343 |    +0.3% |   -1.800 |    -2458.2 |   2018 | row51/_165_/D
    1086* |       0 |     347 |        0 |      0 |   344 |    +0.3% |   -1.800 |    -2458.1 |   2018 | row51/_165_/D
    1089* |       0 |     348 |        0 |      0 |   345 |    +0.3% |   -1.800 |    -2458.1 |   2018 | row51/_165_/D
    1090* |       0 |     348 |        0 |      0 |   345 |    +0.3% |   -1.800 |    -2458.1 |   2018 | row51/_165_/D
    1092* |       0 |     349 |        0 |      0 |   346 |    +0.3% |   -1.800 |    -2458.0 |   2018 | row51/_165_/D
    1095* |       0 |     350 |        0 |      0 |   347 |    +0.3% |   -1.800 |    -2458.0 |   2018 | row51/_165_/D
    1098* |       0 |     351 |        0 |      0 |   348 |    +0.3% |   -1.800 |    -2457.9 |   2018 | row51/_165_/D
    1100* |       0 |     352 |        0 |      0 |   348 |    +0.3% |   -1.800 |    -2457.9 |   2018 | row51/_165_/D
    1101* |       0 |     352 |        0 |      0 |   349 |    +0.3% |   -1.800 |    -2456.1 |   2018 | row51/_165_/D
    1104* |       0 |     353 |        0 |      0 |   350 |    +0.3% |   -1.800 |    -2456.1 |   2018 | row51/_165_/D
    1107* |       0 |     354 |        0 |      0 |   351 |    +0.3% |   -1.800 |    -2456.0 |   2018 | row51/_165_/D
    1110* |       0 |     355 |        0 |      0 |   352 |    +0.3% |   -1.800 |    -2454.2 |   2018 | row51/_165_/D
    1110* |       0 |     355 |        0 |      0 |   352 |    +0.3% |   -1.800 |    -2454.2 |   2018 | row51/_165_/D
    1113* |       0 |     356 |        0 |      0 |   353 |    +0.3% |   -1.800 |    -2454.2 |   2018 | row51/_165_/D
    1116* |       0 |     357 |        0 |      0 |   354 |    +0.3% |   -1.800 |    -2454.1 |   2018 | row51/_165_/D
    1119* |       0 |     358 |        0 |      0 |   355 |    +0.3% |   -1.800 |    -2454.0 |   2018 | row51/_165_/D
    1120* |       0 |     358 |        0 |      0 |   355 |    +0.3% |   -1.800 |    -2454.0 |   2018 | row51/_165_/D
    1122* |       0 |     359 |        0 |      0 |   356 |    +0.3% |   -1.800 |    -2452.3 |   2018 | row51/_165_/D
    1125* |       0 |     360 |        0 |      0 |   357 |    +0.3% |   -1.800 |    -2452.2 |   2018 | row51/_165_/D
    1128* |       0 |     361 |        0 |      0 |   358 |    +0.3% |   -1.800 |    -2452.2 |   2018 | row51/_165_/D
    1130* |       0 |     362 |        0 |      0 |   358 |    +0.3% |   -1.800 |    -2452.2 |   2018 | row51/_165_/D
    1131* |       0 |     362 |        0 |      0 |   359 |    +0.3% |   -1.800 |    -2452.1 |   2018 | row51/_165_/D
    1134* |       0 |     363 |        0 |      0 |   360 |    +0.3% |   -1.800 |    -2452.1 |   2018 | row51/_165_/D
    1137* |       0 |     364 |        0 |      0 |   361 |    +0.3% |   -1.800 |    -2452.0 |   2018 | row51/_165_/D
    1140* |       0 |     365 |        0 |      0 |   362 |    +0.3% |   -1.800 |    -2452.0 |   2018 | row51/_165_/D
    1140* |       0 |     365 |        0 |      0 |   362 |    +0.3% |   -1.800 |    -2452.0 |   2018 | row51/_165_/D
    1143* |       0 |     366 |        0 |      0 |   363 |    +0.3% |   -1.800 |    -2451.9 |   2018 | row51/_165_/D
    1146* |       0 |     367 |        0 |      0 |   364 |    +0.3% |   -1.800 |    -2451.9 |   2018 | row51/_165_/D
    1149* |       0 |     368 |        0 |      0 |   365 |    +0.3% |   -1.800 |    -2451.8 |   2018 | row51/_165_/D
    1150* |       0 |     368 |        0 |      0 |   365 |    +0.3% |   -1.800 |    -2451.8 |   2018 | row51/_165_/D
    1152* |       0 |     369 |        0 |      0 |   366 |    +0.3% |   -1.800 |    -2451.8 |   2018 | row51/_165_/D
    1155* |       0 |     370 |        0 |      0 |   367 |    +0.3% |   -1.800 |    -2451.7 |   2018 | row51/_165_/D
    1158* |       0 |     371 |        0 |      0 |   368 |    +0.3% |   -1.800 |    -2451.7 |   2018 | row51/_165_/D
    1160* |       0 |     372 |        0 |      0 |   368 |    +0.3% |   -1.800 |    -2451.7 |   2018 | row51/_165_/D
    1161* |       0 |     372 |        0 |      0 |   369 |    +0.3% |   -1.800 |    -2451.6 |   2018 | row51/_165_/D
    1164* |       0 |     373 |        0 |      0 |   370 |    +0.3% |   -1.800 |    -2451.6 |   2018 | row51/_165_/D
    1167* |       0 |     374 |        0 |      0 |   371 |    +0.3% |   -1.800 |    -2451.5 |   2018 | row51/_165_/D
    1170* |       0 |     375 |        0 |      0 |   372 |    +0.3% |   -1.800 |    -2451.5 |   2018 | row51/_165_/D
    1170* |       0 |     375 |        0 |      0 |   372 |    +0.3% |   -1.800 |    -2451.5 |   2018 | row51/_165_/D
    1173* |       0 |     376 |        0 |      0 |   373 |    +0.3% |   -1.800 |    -2451.4 |   2018 | row51/_165_/D
    1176* |       0 |     377 |        0 |      0 |   374 |    +0.3% |   -1.800 |    -2449.6 |   2018 | row51/_165_/D
    1179* |       0 |     378 |        0 |      0 |   375 |    +0.3% |   -1.800 |    -2449.5 |   2018 | row51/_165_/D
    1180* |       0 |     378 |        0 |      0 |   375 |    +0.3% |   -1.800 |    -2449.5 |   2018 | row51/_165_/D
    1182* |       0 |     379 |        0 |      0 |   376 |    +0.3% |   -1.800 |    -2449.5 |   2018 | row51/_165_/D
    1185* |       0 |     380 |        0 |      0 |   377 |    +0.3% |   -1.800 |    -2449.5 |   2018 | row51/_165_/D
    1188* |       0 |     381 |        0 |      0 |   378 |    +0.3% |   -1.800 |    -2449.4 |   2018 | row51/_165_/D
    1190* |       0 |     382 |        0 |      0 |   378 |    +0.3% |   -1.800 |    -2449.4 |   2018 | row51/_165_/D
    1191* |       0 |     382 |        0 |      0 |   379 |    +0.3% |   -1.800 |    -2449.4 |   2018 | row51/_165_/D
    1194* |       0 |     383 |        0 |      0 |   380 |    +0.3% |   -1.800 |    -2449.3 |   2018 | row51/_165_/D
    1197* |       0 |     384 |        0 |      0 |   381 |    +0.3% |   -1.800 |    -2449.3 |   2018 | row51/_165_/D
    1200* |       0 |     385 |        0 |      0 |   382 |    +0.3% |   -1.800 |    -2449.2 |   2018 | row51/_165_/D
    1200* |       0 |     385 |        0 |      0 |   382 |    +0.3% |   -1.800 |    -2449.2 |   2018 | row51/_165_/D
    1203* |       0 |     386 |        0 |      0 |   383 |    +0.3% |   -1.800 |    -2449.1 |   2018 | row51/_165_/D
    1206* |       0 |     387 |        0 |      0 |   384 |    +0.3% |   -1.800 |    -2449.1 |   2018 | row51/_165_/D
    1209* |       0 |     388 |        0 |      0 |   385 |    +0.3% |   -1.800 |    -2449.0 |   2018 | row51/_165_/D
    1210* |       0 |     388 |        0 |      0 |   385 |    +0.3% |   -1.800 |    -2449.0 |   2018 | row51/_165_/D
    1212* |       0 |     389 |        0 |      0 |   386 |    +0.3% |   -1.800 |    -2449.0 |   2018 | row51/_165_/D
    1215* |       0 |     390 |        0 |      0 |   387 |    +0.3% |   -1.800 |    -2448.9 |   2018 | row51/_165_/D
    1218* |       0 |     391 |        0 |      0 |   388 |    +0.3% |   -1.800 |    -2448.8 |   2018 | row51/_165_/D
    1220* |       0 |     392 |        0 |      0 |   388 |    +0.3% |   -1.800 |    -2448.8 |   2018 | row51/_165_/D
    1221* |       0 |     392 |        0 |      0 |   389 |    +0.3% |   -1.800 |    -2448.8 |   2018 | row51/_165_/D
    1224* |       0 |     393 |        0 |      0 |   390 |    +0.3% |   -1.800 |    -2448.7 |   2018 | row51/_165_/D
    1227* |       0 |     394 |        0 |      0 |   391 |    +0.3% |   -1.800 |    -2448.7 |   2018 | row51/_165_/D
    1230* |       0 |     395 |        0 |      0 |   392 |    +0.3% |   -1.800 |    -2448.7 |   2018 | row51/_165_/D
    1230* |       0 |     395 |        0 |      0 |   392 |    +0.3% |   -1.800 |    -2448.7 |   2018 | row51/_165_/D
    1233* |       0 |     396 |        0 |      0 |   393 |    +0.3% |   -1.800 |    -2448.6 |   2018 | row51/_165_/D
    1236* |       0 |     397 |        0 |      0 |   394 |    +0.3% |   -1.800 |    -2448.5 |   2018 | row51/_165_/D
    1239* |       0 |     398 |        0 |      0 |   395 |    +0.3% |   -1.800 |    -2448.5 |   2018 | row51/_165_/D
    1240* |       0 |     398 |        0 |      0 |   395 |    +0.3% |   -1.800 |    -2448.5 |   2018 | row51/_165_/D
    1242* |       0 |     399 |        0 |      0 |   396 |    +0.3% |   -1.800 |    -2446.7 |   2018 | row51/_165_/D
    1245* |       0 |     400 |        0 |      0 |   397 |    +0.3% |   -1.800 |    -2446.6 |   2018 | row51/_165_/D
    1248* |       0 |     401 |        0 |      0 |   398 |    +0.3% |   -1.800 |    -2446.6 |   2018 | row51/_165_/D
    1250* |       0 |     402 |        0 |      0 |   398 |    +0.3% |   -1.800 |    -2446.6 |   2018 | row51/_165_/D
    1251* |       0 |     402 |        0 |      0 |   399 |    +0.3% |   -1.800 |    -2446.5 |   2018 | row51/_165_/D
    1254* |       0 |     403 |        0 |      0 |   400 |    +0.3% |   -1.800 |    -2446.5 |   2018 | row51/_165_/D
    1257* |       0 |     404 |        0 |      0 |   401 |    +0.3% |   -1.800 |    -2446.4 |   2018 | row51/_165_/D
    1260* |       0 |     405 |        0 |      0 |   402 |    +0.3% |   -1.800 |    -2446.3 |   2018 | row51/_165_/D
    1260* |       0 |     405 |        0 |      0 |   402 |    +0.3% |   -1.800 |    -2446.3 |   2018 | row51/_165_/D
    1263* |       0 |     406 |        0 |      0 |   403 |    +0.3% |   -1.800 |    -2446.3 |   2018 | row51/_165_/D
    1266* |       0 |     407 |        0 |      0 |   404 |    +0.3% |   -1.800 |    -2446.2 |   2018 | row51/_165_/D
    1269* |       0 |     408 |        0 |      0 |   405 |    +0.3% |   -1.800 |    -2446.2 |   2018 | row51/_165_/D
    1270* |       0 |     408 |        0 |      0 |   405 |    +0.3% |   -1.800 |    -2446.2 |   2018 | row51/_165_/D
    1272* |       0 |     409 |        0 |      0 |   406 |    +0.3% |   -1.800 |    -2446.2 |   2018 | row51/_165_/D
    1275* |       0 |     410 |        0 |      0 |   407 |    +0.3% |   -1.800 |    -2444.4 |   2018 | row51/_165_/D
    1278* |       0 |     411 |        0 |      0 |   408 |    +0.3% |   -1.800 |    -2444.3 |   2018 | row51/_165_/D
    1280* |       0 |     412 |        0 |      0 |   408 |    +0.3% |   -1.800 |    -2444.3 |   2018 | row51/_165_/D
    1281* |       0 |     412 |        0 |      0 |   409 |    +0.3% |   -1.800 |    -2444.3 |   2018 | row51/_165_/D
    1284* |       0 |     413 |        0 |      0 |   410 |    +0.3% |   -1.800 |    -2444.2 |   2018 | row51/_165_/D
    1287* |       0 |     414 |        0 |      0 |   411 |    +0.3% |   -1.800 |    -2444.2 |   2018 | row51/_165_/D
    1290* |       0 |     415 |        0 |      0 |   412 |    +0.3% |   -1.800 |    -2444.1 |   2018 | row51/_165_/D
    1290* |       0 |     415 |        0 |      0 |   412 |    +0.3% |   -1.800 |    -2444.1 |   2018 | row51/_165_/D
    1293* |       0 |     416 |        0 |      0 |   413 |    +0.3% |   -1.800 |    -2444.0 |   2018 | row51/_165_/D
    1296* |       0 |     417 |        0 |      0 |   414 |    +0.3% |   -1.800 |    -2444.0 |   2018 | row51/_165_/D
    1299* |       0 |     418 |        0 |      0 |   415 |    +0.3% |   -1.800 |    -2443.9 |   2018 | row51/_165_/D
    1300* |       0 |     418 |        0 |      0 |   415 |    +0.3% |   -1.800 |    -2443.9 |   2018 | row51/_165_/D
    1302* |       0 |     419 |        0 |      0 |   416 |    +0.3% |   -1.800 |    -2442.1 |   2018 | row51/_165_/D
    1305* |       0 |     420 |        0 |      0 |   417 |    +0.3% |   -1.800 |    -2442.1 |   2018 | row51/_165_/D
    1308* |       0 |     421 |        0 |      0 |   418 |    +0.3% |   -1.800 |    -2440.3 |   2018 | row51/_165_/D
    1310* |       0 |     422 |        0 |      0 |   418 |    +0.3% |   -1.800 |    -2440.3 |   2018 | row51/_165_/D
    1311* |       0 |     422 |        0 |      0 |   419 |    +0.3% |   -1.800 |    -2440.2 |   2018 | row51/_165_/D
    1314* |       0 |     423 |        0 |      0 |   420 |    +0.3% |   -1.800 |    -2438.4 |   2018 | row51/_165_/D
    1317* |       0 |     424 |        0 |      0 |   421 |    +0.3% |   -1.800 |    -2438.4 |   2018 | row51/_165_/D
    1320* |       0 |     425 |        0 |      0 |   422 |    +0.3% |   -1.800 |    -2438.3 |   2018 | row51/_165_/D
    1320* |       0 |     425 |        0 |      0 |   422 |    +0.3% |   -1.800 |    -2438.3 |   2018 | row51/_165_/D
    1323* |       0 |     426 |        0 |      0 |   423 |    +0.3% |   -1.800 |    -2438.3 |   2018 | row51/_165_/D
    1326* |       0 |     427 |        0 |      0 |   424 |    +0.3% |   -1.800 |    -2438.2 |   2018 | row51/_165_/D
    1329* |       0 |     428 |        0 |      0 |   425 |    +0.3% |   -1.800 |    -2438.2 |   2018 | row51/_165_/D
    1330* |       0 |     428 |        0 |      0 |   425 |    +0.3% |   -1.800 |    -2438.2 |   2018 | row51/_165_/D
    1332* |       0 |     429 |        0 |      0 |   426 |    +0.3% |   -1.800 |    -2438.1 |   2018 | row51/_165_/D
    1335* |       0 |     430 |        0 |      0 |   427 |    +0.3% |   -1.800 |    -2438.0 |   2018 | row51/_165_/D
    1338* |       0 |     431 |        0 |      0 |   428 |    +0.3% |   -1.800 |    -2438.0 |   2018 | row51/_165_/D
    1340* |       0 |     432 |        0 |      0 |   428 |    +0.3% |   -1.800 |    -2438.0 |   2018 | row51/_165_/D
    1341* |       0 |     432 |        0 |      0 |   429 |    +0.3% |   -1.800 |    -2437.9 |   2018 | row51/_165_/D
    1344* |       0 |     433 |        0 |      0 |   430 |    +0.3% |   -1.800 |    -2437.9 |   2018 | row51/_165_/D
    1347* |       0 |     434 |        0 |      0 |   431 |    +0.3% |   -1.800 |    -2437.9 |   2018 | row51/_165_/D
    1350* |       0 |     435 |        0 |      0 |   432 |    +0.3% |   -1.800 |    -2437.8 |   2018 | row51/_165_/D
    1350* |       0 |     435 |        0 |      0 |   432 |    +0.3% |   -1.800 |    -2437.8 |   2018 | row51/_165_/D
    1353* |       0 |     436 |        0 |      0 |   433 |    +0.3% |   -1.800 |    -2437.8 |   2018 | row51/_165_/D
    1356* |       0 |     437 |        0 |      0 |   434 |    +0.3% |   -1.800 |    -2437.7 |   2018 | row51/_165_/D
    1359* |       0 |     438 |        0 |      0 |   435 |    +0.3% |   -1.800 |    -2437.7 |   2018 | row51/_165_/D
    1360* |       0 |     438 |        0 |      0 |   435 |    +0.3% |   -1.800 |    -2437.7 |   2018 | row51/_165_/D
    1362* |       0 |     439 |        0 |      0 |   436 |    +0.3% |   -1.800 |    -2437.7 |   2018 | row51/_165_/D
    1365* |       0 |     440 |        0 |      0 |   437 |    +0.3% |   -1.800 |    -2437.6 |   2018 | row51/_165_/D
    1368* |       0 |     441 |        0 |      0 |   438 |    +0.4% |   -1.800 |    -2437.6 |   2018 | row51/_165_/D
    1370* |       0 |     442 |        0 |      0 |   438 |    +0.4% |   -1.800 |    -2437.6 |   2018 | row51/_165_/D
    1371* |       0 |     442 |        0 |      0 |   439 |    +0.4% |   -1.800 |    -2437.5 |   2018 | row51/_165_/D
    1374* |       0 |     443 |        0 |      0 |   440 |    +0.4% |   -1.800 |    -2437.5 |   2018 | row51/_165_/D
    1377* |       0 |     444 |        0 |      0 |   441 |    +0.4% |   -1.800 |    -2437.4 |   2018 | row51/_165_/D
    1380* |       0 |     445 |        0 |      0 |   442 |    +0.4% |   -1.800 |    -2437.4 |   2018 | row51/_165_/D
    1380* |       0 |     445 |        0 |      0 |   442 |    +0.4% |   -1.800 |    -2437.4 |   2018 | row51/_165_/D
    1383* |       0 |     446 |        0 |      0 |   443 |    +0.4% |   -1.800 |    -2437.3 |   2018 | row51/_165_/D
    1386* |       0 |     447 |        0 |      0 |   444 |    +0.4% |   -1.800 |    -2437.3 |   2018 | row51/_165_/D
    1389* |       0 |     448 |        0 |      0 |   445 |    +0.4% |   -1.800 |    -2435.5 |   2018 | row51/_165_/D
    1390* |       0 |     448 |        0 |      0 |   445 |    +0.4% |   -1.800 |    -2435.5 |   2018 | row51/_165_/D
    1392* |       0 |     449 |        0 |      0 |   446 |    +0.4% |   -1.800 |    -2435.4 |   2018 | row51/_165_/D
    1395* |       0 |     450 |        0 |      0 |   447 |    +0.4% |   -1.800 |    -2435.4 |   2018 | row51/_165_/D
    1398* |       0 |     451 |        0 |      0 |   448 |    +0.4% |   -1.800 |    -2435.4 |   2018 | row51/_165_/D
    1400* |       0 |     452 |        0 |      0 |   448 |    +0.4% |   -1.800 |    -2435.4 |   2018 | row51/_165_/D
    1401* |       0 |     452 |        0 |      0 |   449 |    +0.4% |   -1.800 |    -2435.3 |   2018 | row51/_165_/D
    1404* |       0 |     453 |        0 |      0 |   450 |    +0.4% |   -1.800 |    -2435.2 |   2018 | row51/_165_/D
    1407* |       0 |     454 |        0 |      0 |   451 |    +0.4% |   -1.800 |    -2435.2 |   2018 | row51/_165_/D
    1410* |       0 |     455 |        0 |      0 |   452 |    +0.4% |   -1.800 |    -2435.1 |   2018 | row51/_165_/D
    1410* |       0 |     455 |        0 |      0 |   452 |    +0.4% |   -1.800 |    -2435.1 |   2018 | row51/_165_/D
    1413* |       0 |     456 |        0 |      0 |   453 |    +0.4% |   -1.800 |    -2435.1 |   2018 | row51/_165_/D
    1416* |       0 |     457 |        0 |      0 |   454 |    +0.4% |   -1.800 |    -2435.0 |   2018 | row51/_165_/D
    1419* |       0 |     458 |        0 |      0 |   455 |    +0.4% |   -1.800 |    -2435.0 |   2018 | row51/_165_/D
    1420* |       0 |     458 |        0 |      0 |   455 |    +0.4% |   -1.800 |    -2435.0 |   2018 | row51/_165_/D
    1422* |       0 |     459 |        0 |      0 |   456 |    +0.4% |   -1.800 |    -2434.9 |   2018 | row51/_165_/D
    1425* |       0 |     460 |        0 |      0 |   457 |    +0.4% |   -1.800 |    -2433.1 |   2018 | row51/_165_/D
    1428* |       0 |     461 |        0 |      0 |   458 |    +0.4% |   -1.800 |    -2433.1 |   2018 | row51/_165_/D
    1430* |       0 |     462 |        0 |      0 |   458 |    +0.4% |   -1.800 |    -2433.1 |   2018 | row51/_165_/D
    1431* |       0 |     462 |        0 |      0 |   459 |    +0.4% |   -1.800 |    -2433.0 |   2018 | row51/_165_/D
    1434* |       0 |     463 |        0 |      0 |   460 |    +0.4% |   -1.800 |    -2433.0 |   2018 | row51/_165_/D
    1437* |       0 |     464 |        0 |      0 |   461 |    +0.4% |   -1.800 |    -2432.9 |   2018 | row51/_165_/D
    1440* |       0 |     465 |        0 |      0 |   462 |    +0.4% |   -1.800 |    -2432.9 |   2018 | row51/_165_/D
    1440* |       0 |     465 |        0 |      0 |   462 |    +0.4% |   -1.800 |    -2432.9 |   2018 | row51/_165_/D
    1443* |       0 |     466 |        0 |      0 |   463 |    +0.4% |   -1.800 |    -2431.0 |   2018 | row51/_165_/D
    1446* |       0 |     467 |        0 |      0 |   464 |    +0.4% |   -1.800 |    -2431.0 |   2018 | row51/_165_/D
    1449* |       0 |     468 |        0 |      0 |   465 |    +0.4% |   -1.800 |    -2430.9 |   2018 | row51/_165_/D
    1450* |       0 |     468 |        0 |      0 |   465 |    +0.4% |   -1.800 |    -2430.9 |   2018 | row51/_165_/D
    1452* |       0 |     469 |        0 |      0 |   466 |    +0.4% |   -1.800 |    -2430.9 |   2018 | row51/_165_/D
    1455* |       0 |     470 |        0 |      0 |   467 |    +0.4% |   -1.800 |    -2430.8 |   2018 | row51/_165_/D
    1458* |       0 |     471 |        0 |      0 |   468 |    +0.4% |   -1.800 |    -2430.8 |   2018 | row51/_165_/D
    1460* |       0 |     472 |        0 |      0 |   468 |    +0.4% |   -1.800 |    -2430.8 |   2018 | row51/_165_/D
    1461* |       0 |     472 |        0 |      0 |   469 |    +0.4% |   -1.800 |    -2430.7 |   2018 | row51/_165_/D
    1464* |       0 |     473 |        0 |      0 |   470 |    +0.4% |   -1.800 |    -2430.7 |   2018 | row51/_165_/D
    1467* |       0 |     474 |        0 |      0 |   471 |    +0.4% |   -1.800 |    -2430.6 |   2018 | row51/_165_/D
    1470* |       0 |     475 |        0 |      0 |   472 |    +0.4% |   -1.800 |    -2430.6 |   2018 | row51/_165_/D
    1470* |       0 |     475 |        0 |      0 |   472 |    +0.4% |   -1.800 |    -2430.6 |   2018 | row51/_165_/D
    1473* |       0 |     476 |        0 |      0 |   473 |    +0.4% |   -1.800 |    -2430.5 |   2018 | row51/_165_/D
    1476* |       0 |     477 |        0 |      0 |   474 |    +0.4% |   -1.800 |    -2428.7 |   2018 | row51/_165_/D
    1479* |       0 |     478 |        0 |      0 |   475 |    +0.4% |   -1.800 |    -2428.6 |   2018 | row51/_165_/D
    1480* |       0 |     478 |        0 |      0 |   475 |    +0.4% |   -1.800 |    -2428.6 |   2018 | row51/_165_/D
    1482* |       0 |     479 |        0 |      0 |   476 |    +0.4% |   -1.800 |    -2428.6 |   2018 | row51/_165_/D
    1485* |       0 |     480 |        0 |      0 |   477 |    +0.4% |   -1.800 |    -2428.5 |   2018 | row51/_165_/D
    1488* |       0 |     481 |        0 |      0 |   478 |    +0.4% |   -1.800 |    -2428.5 |   2018 | row51/_165_/D
    1490* |       0 |     482 |        0 |      0 |   478 |    +0.4% |   -1.800 |    -2428.5 |   2018 | row51/_165_/D
    1491* |       0 |     482 |        0 |      0 |   479 |    +0.4% |   -1.800 |    -2428.5 |   2018 | row51/_165_/D
    1494* |       0 |     483 |        0 |      0 |   480 |    +0.4% |   -1.800 |    -2428.4 |   2018 | row51/_165_/D
    1497* |       0 |     484 |        0 |      0 |   481 |    +0.4% |   -1.800 |    -2428.4 |   2018 | row51/_165_/D
    1500* |       0 |     485 |        0 |      0 |   482 |    +0.4% |   -1.800 |    -2428.3 |   2018 | row51/_165_/D
    1500* |       0 |     485 |        0 |      0 |   482 |    +0.4% |   -1.800 |    -2428.3 |   2018 | row51/_165_/D
    1503* |       0 |     486 |        0 |      0 |   483 |    +0.4% |   -1.800 |    -2428.2 |   2018 | row51/_165_/D
    1506* |       0 |     487 |        0 |      0 |   484 |    +0.4% |   -1.800 |    -2426.4 |   2018 | row51/_165_/D
    1509* |       0 |     488 |        0 |      0 |   485 |    +0.4% |   -1.800 |    -2426.4 |   2018 | row51/_165_/D
    1510* |       0 |     488 |        0 |      0 |   485 |    +0.4% |   -1.800 |    -2426.4 |   2018 | row51/_165_/D
    1512* |       0 |     489 |        0 |      0 |   486 |    +0.4% |   -1.800 |    -2426.3 |   2018 | row51/_165_/D
    1515* |       0 |     490 |        0 |      0 |   487 |    +0.4% |   -1.800 |    -2426.3 |   2018 | row51/_165_/D
    1518* |       0 |     491 |        0 |      0 |   488 |    +0.4% |   -1.800 |    -2426.2 |   2018 | row51/_165_/D
    1520* |       0 |     492 |        0 |      0 |   488 |    +0.4% |   -1.800 |    -2426.2 |   2018 | row51/_165_/D
    1521* |       0 |     492 |        0 |      0 |   489 |    +0.4% |   -1.800 |    -2426.2 |   2018 | row51/_165_/D
    1524* |       0 |     493 |        0 |      0 |   490 |    +0.4% |   -1.800 |    -2426.1 |   2018 | row51/_165_/D
    1527* |       0 |     494 |        0 |      0 |   491 |    +0.4% |   -1.800 |    -2426.1 |   2018 | row51/_165_/D
    1530* |       0 |     495 |        0 |      0 |   492 |    +0.4% |   -1.800 |    -2426.0 |   2018 | row51/_165_/D
    1530* |       0 |     495 |        0 |      0 |   492 |    +0.4% |   -1.800 |    -2426.0 |   2018 | row51/_165_/D
    1533* |       0 |     496 |        0 |      0 |   493 |    +0.4% |   -1.800 |    -2424.2 |   2018 | row51/_165_/D
    1536* |       0 |     497 |        0 |      0 |   494 |    +0.4% |   -1.800 |    -2424.2 |   2018 | row51/_165_/D
    1539* |       0 |     498 |        0 |      0 |   495 |    +0.4% |   -1.800 |    -2422.4 |   2018 | row51/_165_/D
    1540* |       0 |     498 |        0 |      0 |   495 |    +0.4% |   -1.800 |    -2422.4 |   2018 | row51/_165_/D
    1542* |       0 |     499 |        0 |      0 |   496 |    +0.4% |   -1.800 |    -2422.4 |   2018 | row51/_165_/D
    1545* |       0 |     500 |        0 |      0 |   497 |    +0.4% |   -1.800 |    -2422.3 |   2018 | row51/_165_/D
    1548* |       0 |     501 |        0 |      0 |   498 |    +0.4% |   -1.800 |    -2420.5 |   2018 | row51/_165_/D
    1550* |       0 |     502 |        0 |      0 |   498 |    +0.4% |   -1.800 |    -2420.5 |   2018 | row51/_165_/D
    1551* |       0 |     502 |        0 |      0 |   499 |    +0.4% |   -1.800 |    -2420.4 |   2018 | row51/_165_/D
    1554* |       0 |     503 |        0 |      0 |   500 |    +0.4% |   -1.800 |    -2418.6 |   2018 | row51/_165_/D
    1557* |       0 |     504 |        0 |      0 |   501 |    +0.4% |   -1.800 |    -2416.8 |   2018 | row51/_165_/D
    1560* |       0 |     505 |        0 |      0 |   502 |    +0.4% |   -1.800 |    -2416.8 |   2018 | row51/_165_/D
    1560* |       0 |     505 |        0 |      0 |   502 |    +0.4% |   -1.800 |    -2416.8 |   2018 | row51/_165_/D
    1563* |       0 |     506 |        0 |      0 |   503 |    +0.4% |   -1.800 |    -2416.7 |   2018 | row51/_165_/D
    1566* |       0 |     507 |        0 |      0 |   504 |    +0.4% |   -1.800 |    -2416.7 |   2018 | row51/_165_/D
    1569* |       0 |     508 |        0 |      0 |   505 |    +0.4% |   -1.800 |    -2416.6 |   2018 | row51/_165_/D
    1570* |       0 |     508 |        0 |      0 |   505 |    +0.4% |   -1.800 |    -2416.6 |   2018 | row51/_165_/D
    1572* |       0 |     509 |        0 |      0 |   506 |    +0.4% |   -1.800 |    -2416.6 |   2018 | row51/_165_/D
    1575* |       0 |     510 |        0 |      0 |   507 |    +0.4% |   -1.800 |    -2416.5 |   2018 | row51/_165_/D
    1578* |       0 |     511 |        0 |      0 |   508 |    +0.4% |   -1.800 |    -2416.5 |   2018 | row51/_165_/D
    1580* |       0 |     512 |        0 |      0 |   508 |    +0.4% |   -1.800 |    -2416.5 |   2018 | row51/_165_/D
    1581* |       0 |     512 |        0 |      0 |   509 |    +0.4% |   -1.800 |    -2416.4 |   2018 | row51/_165_/D
    1584* |       0 |     513 |        0 |      0 |   510 |    +0.4% |   -1.800 |    -2416.4 |   2018 | row51/_165_/D
    1587* |       0 |     514 |        0 |      0 |   511 |    +0.4% |   -1.800 |    -2416.3 |   2018 | row51/_165_/D
    1590* |       0 |     515 |        0 |      0 |   512 |    +0.4% |   -1.800 |    -2416.3 |   2018 | row51/_165_/D
    1590* |       0 |     515 |        0 |      0 |   512 |    +0.4% |   -1.800 |    -2416.3 |   2018 | row51/_165_/D
    1593* |       0 |     516 |        0 |      0 |   513 |    +0.4% |   -1.800 |    -2416.2 |   2018 | row51/_165_/D
    1596* |       0 |     517 |        0 |      0 |   514 |    +0.4% |   -1.800 |    -2416.2 |   2018 | row51/_165_/D
    1599* |       0 |     518 |        0 |      0 |   515 |    +0.4% |   -1.800 |    -2416.1 |   2018 | row51/_165_/D
    1600* |       0 |     518 |        0 |      0 |   515 |    +0.4% |   -1.800 |    -2416.1 |   2018 | row51/_165_/D
    1602* |       0 |     519 |        0 |      0 |   516 |    +0.4% |   -1.800 |    -2416.0 |   2018 | row51/_165_/D
    1605* |       0 |     520 |        0 |      0 |   517 |    +0.4% |   -1.800 |    -2416.0 |   2018 | row51/_165_/D
    1608* |       0 |     521 |        0 |      0 |   518 |    +0.4% |   -1.800 |    -2415.9 |   2018 | row51/_165_/D
    1610* |       0 |     522 |        0 |      0 |   518 |    +0.4% |   -1.800 |    -2415.9 |   2018 | row51/_165_/D
    1611* |       0 |     522 |        0 |      0 |   519 |    +0.4% |   -1.800 |    -2415.8 |   2018 | row51/_165_/D
    1614* |       0 |     523 |        0 |      0 |   520 |    +0.4% |   -1.800 |    -2415.8 |   2018 | row51/_165_/D
    1617* |       0 |     524 |        0 |      0 |   521 |    +0.4% |   -1.800 |    -2415.8 |   2018 | row51/_165_/D
    1620* |       0 |     525 |        0 |      0 |   522 |    +0.4% |   -1.800 |    -2415.7 |   2018 | row51/_165_/D
    1620* |       0 |     525 |        0 |      0 |   522 |    +0.4% |   -1.800 |    -2415.7 |   2018 | row51/_165_/D
    1623* |       0 |     526 |        0 |      0 |   523 |    +0.4% |   -1.800 |    -2415.7 |   2018 | row51/_171_/D
    1626* |       0 |     527 |        0 |      0 |   524 |    +0.4% |   -1.800 |    -2415.6 |   2018 | row51/_171_/D
    1629* |       0 |     528 |        0 |      0 |   525 |    +0.4% |   -1.800 |    -2415.6 |   2018 | row51/_171_/D
    1630* |       0 |     528 |        0 |      0 |   525 |    +0.4% |   -1.800 |    -2415.6 |   2018 | row51/_171_/D
    1632* |       0 |     529 |        0 |      0 |   526 |    +0.4% |   -1.800 |    -2415.5 |   2018 | row52/_169_/D
    1635* |       0 |     530 |        0 |      0 |   527 |    +0.4% |   -1.800 |    -2415.5 |   2018 | row52/_169_/D
    1638* |       0 |     531 |        0 |      0 |   528 |    +0.4% |   -1.800 |    -2415.4 |   2018 | row52/_169_/D
    1640* |       0 |     532 |        0 |      0 |   528 |    +0.4% |   -1.800 |    -2415.4 |   2018 | row52/_169_/D
    1641* |       0 |     532 |        0 |      0 |   529 |    +0.4% |   -1.800 |    -2415.4 |   2018 | row52/_169_/D
    1644* |       0 |     533 |        0 |      0 |   530 |    +0.4% |   -1.800 |    -2415.3 |   2018 | row52/_169_/D
    1647* |       0 |     534 |        0 |      0 |   531 |    +0.4% |   -1.800 |    -2415.3 |   2018 | row52/_169_/D
    1650* |       0 |     535 |        0 |      0 |   532 |    +0.4% |   -1.800 |    -2415.2 |   2018 | row52/_169_/D
    1650* |       0 |     535 |        0 |      0 |   532 |    +0.4% |   -1.800 |    -2415.2 |   2018 | row52/_169_/D
    1653* |       0 |     536 |        0 |      0 |   533 |    +0.4% |   -1.800 |    -2415.2 |   2018 | row52/_169_/D
    1656* |       0 |     537 |        0 |      0 |   534 |    +0.4% |   -1.800 |    -2415.2 |   2018 | row52/_169_/D
    1659* |       0 |     538 |        0 |      0 |   535 |    +0.4% |   -1.800 |    -2415.1 |   2018 | row52/_169_/D
    1660* |       0 |     538 |        0 |      0 |   535 |    +0.4% |   -1.800 |    -2415.1 |   2018 | row52/_169_/D
    1662* |       0 |     539 |        0 |      0 |   536 |    +0.4% |   -1.800 |    -2415.0 |   2018 | row55/_157_/D
    1665* |       0 |     540 |        0 |      0 |   537 |    +0.4% |   -1.800 |    -2415.0 |   2018 | row55/_157_/D
    1668* |       0 |     541 |        0 |      0 |   538 |    +0.4% |   -1.800 |    -2415.0 |   2018 | row55/_157_/D
    1670* |       0 |     542 |        0 |      0 |   538 |    +0.4% |   -1.800 |    -2415.0 |   2018 | row55/_157_/D
    1671* |       0 |     542 |        0 |      0 |   539 |    +0.4% |   -1.800 |    -2414.9 |   2018 | row55/_157_/D
    1674* |       0 |     543 |        0 |      0 |   540 |    +0.4% |   -1.800 |    -2414.9 |   2018 | row55/_157_/D
    1677* |       0 |     544 |        0 |      0 |   541 |    +0.4% |   -1.800 |    -2414.8 |   2018 | row55/_157_/D
    1680* |       0 |     545 |        0 |      0 |   542 |    +0.4% |   -1.800 |    -2413.0 |   2018 | row55/_157_/D
    1680* |       0 |     545 |        0 |      0 |   542 |    +0.4% |   -1.800 |    -2413.0 |   2018 | row55/_157_/D
    1683* |       0 |     546 |        0 |      0 |   543 |    +0.4% |   -1.800 |    -2412.9 |   2018 | row55/_157_/D
    1686* |       0 |     547 |        0 |      0 |   544 |    +0.4% |   -1.800 |    -2412.9 |   2018 | row55/_157_/D
    1689* |       0 |     548 |        0 |      0 |   545 |    +0.4% |   -1.800 |    -2412.8 |   2018 | row55/_157_/D
    1690* |       0 |     548 |        0 |      0 |   545 |    +0.4% |   -1.800 |    -2412.8 |   2018 | row55/_157_/D
    1692* |       0 |     549 |        0 |      0 |   546 |    +0.4% |   -1.800 |    -2412.8 |   2018 | row55/_157_/D
    1695* |       0 |     550 |        0 |      0 |   547 |    +0.4% |   -1.800 |    -2412.7 |   2018 | row55/_157_/D
    1698* |       0 |     551 |        0 |      0 |   548 |    +0.4% |   -1.800 |    -2412.7 |   2018 | row55/_157_/D
    1700* |       0 |     552 |        0 |      0 |   548 |    +0.4% |   -1.800 |    -2412.7 |   2018 | row55/_157_/D
    1701* |       0 |     552 |        0 |      0 |   549 |    +0.4% |   -1.800 |    -2412.6 |   2018 | row55/_157_/D
    1704* |       0 |     553 |        0 |      0 |   550 |    +0.4% |   -1.800 |    -2412.6 |   2018 | row55/_157_/D
    1707* |       0 |     554 |        0 |      0 |   551 |    +0.4% |   -1.800 |    -2412.5 |   2018 | row55/_157_/D
    1710* |       0 |     555 |        0 |      0 |   552 |    +0.4% |   -1.800 |    -2412.5 |   2018 | row55/_157_/D
    1710* |       0 |     555 |        0 |      0 |   552 |    +0.4% |   -1.800 |    -2412.5 |   2018 | row55/_157_/D
    1713* |       0 |     556 |        0 |      0 |   553 |    +0.4% |   -1.800 |    -2412.5 |   2018 | row55/_157_/D
    1716* |       0 |     557 |        0 |      0 |   554 |    +0.4% |   -1.800 |    -2412.4 |   2018 | row55/_157_/D
    1719* |       0 |     558 |        0 |      0 |   555 |    +0.4% |   -1.800 |    -2410.6 |   2018 | row55/_157_/D
    1720* |       0 |     558 |        0 |      0 |   555 |    +0.4% |   -1.800 |    -2410.6 |   2018 | row55/_157_/D
    1722* |       0 |     559 |        0 |      0 |   556 |    +0.4% |   -1.800 |    -2410.6 |   2018 | row55/_157_/D
    1725* |       0 |     560 |        0 |      0 |   557 |    +0.4% |   -1.800 |    -2410.5 |   2018 | row55/_157_/D
    1728* |       0 |     561 |        0 |      0 |   558 |    +0.4% |   -1.800 |    -2410.5 |   2018 | row55/_157_/D
    1730* |       0 |     562 |        0 |      0 |   558 |    +0.4% |   -1.800 |    -2410.5 |   2018 | row55/_157_/D
    1731* |       0 |     562 |        0 |      0 |   559 |    +0.4% |   -1.800 |    -2410.5 |   2018 | row55/_157_/D
    1734* |       0 |     563 |        0 |      0 |   560 |    +0.4% |   -1.800 |    -2408.7 |   2018 | row55/_157_/D
    1737* |       0 |     564 |        0 |      0 |   561 |    +0.4% |   -1.800 |    -2408.6 |   2018 | row55/_157_/D
    1740* |       0 |     565 |        0 |      0 |   562 |    +0.4% |   -1.800 |    -2408.6 |   2018 | row56/_155_/D
    1740* |       0 |     565 |        0 |      0 |   562 |    +0.4% |   -1.800 |    -2408.6 |   2018 | row56/_155_/D
    1743* |       0 |     566 |        0 |      0 |   563 |    +0.4% |   -1.800 |    -2406.8 |   2018 | row56/_155_/D
    1746* |       0 |     567 |        0 |      0 |   564 |    +0.5% |   -1.800 |    -2406.7 |   2018 | row56/_155_/D
    1749* |       0 |     568 |        0 |      0 |   565 |    +0.5% |   -1.800 |    -2406.7 |   2018 | row56/_155_/D
    1750* |       0 |     568 |        0 |      0 |   565 |    +0.5% |   -1.800 |    -2406.7 |   2018 | row56/_155_/D
    1752* |       0 |     569 |        0 |      0 |   566 |    +0.5% |   -1.800 |    -2406.6 |   2018 | row56/_155_/D
    1755* |       0 |     570 |        0 |      0 |   567 |    +0.5% |   -1.800 |    -2406.5 |   2018 | row56/_155_/D
    1758* |       0 |     571 |        0 |      0 |   568 |    +0.5% |   -1.800 |    -2404.7 |   2018 | row56/_155_/D
    1760* |       0 |     572 |        0 |      0 |   568 |    +0.5% |   -1.800 |    -2404.7 |   2018 | row56/_155_/D
    1761* |       0 |     572 |        0 |      0 |   569 |    +0.5% |   -1.800 |    -2404.7 |   2018 | row56/_155_/D
    1764* |       0 |     573 |        0 |      0 |   570 |    +0.5% |   -1.800 |    -2404.6 |   2018 | row56/_155_/D
    1767* |       0 |     574 |        0 |      0 |   571 |    +0.5% |   -1.800 |    -2404.6 |   2018 | row56/_155_/D
    1770* |       0 |     575 |        0 |      0 |   572 |    +0.5% |   -1.800 |    -2404.5 |   2018 | row56/_159_/D
    1770* |       0 |     575 |        0 |      0 |   572 |    +0.5% |   -1.800 |    -2404.5 |   2018 | row56/_159_/D
    1773* |       0 |     576 |        0 |      0 |   573 |    +0.5% |   -1.800 |    -2404.4 |   2018 | row56/_159_/D
    1776* |       0 |     577 |        0 |      0 |   574 |    +0.5% |   -1.800 |    -2404.4 |   2018 | row57/_171_/D
    1779* |       0 |     578 |        0 |      0 |   575 |    +0.5% |   -1.800 |    -2404.3 |   2018 | row57/_171_/D
    1780* |       0 |     578 |        0 |      0 |   575 |    +0.5% |   -1.800 |    -2404.3 |   2018 | row57/_171_/D
    1782* |       0 |     579 |        0 |      0 |   576 |    +0.5% |   -1.800 |    -2402.5 |   2018 | row57/_171_/D
    1785* |       0 |     580 |        0 |      0 |   577 |    +0.5% |   -1.800 |    -2402.5 |   2018 | row57/_171_/D
    1788* |       0 |     581 |        0 |      0 |   578 |    +0.5% |   -1.800 |    -2402.4 |   2018 | row57/_171_/D
    1790* |       0 |     582 |        0 |      0 |   578 |    +0.5% |   -1.800 |    -2402.4 |   2018 | row57/_171_/D
    1791* |       0 |     582 |        0 |      0 |   579 |    +0.5% |   -1.800 |    -2400.6 |   2018 | row57/_171_/D
    1794* |       0 |     583 |        0 |      0 |   580 |    +0.5% |   -1.800 |    -2400.6 |   2018 | row57/_171_/D
    1797* |       0 |     584 |        0 |      0 |   581 |    +0.5% |   -1.800 |    -2400.5 |   2018 | row57/_171_/D
    1800* |       0 |     585 |        0 |      0 |   582 |    +0.5% |   -1.800 |    -2398.7 |   2018 | row57/_171_/D
    1800* |       0 |     585 |        0 |      0 |   582 |    +0.5% |   -1.800 |    -2398.7 |   2018 | row57/_171_/D
    1803* |       0 |     586 |        0 |      0 |   583 |    +0.5% |   -1.800 |    -2398.6 |   2018 | row57/_171_/D
    1806* |       0 |     587 |        0 |      0 |   584 |    +0.5% |   -1.800 |    -2398.6 |   2018 | row57/_171_/D
    1809* |       0 |     588 |        0 |      0 |   585 |    +0.5% |   -1.800 |    -2398.6 |   2018 | row57/_171_/D
    1810* |       0 |     588 |        0 |      0 |   585 |    +0.5% |   -1.800 |    -2398.6 |   2018 | row57/_171_/D
    1812* |       0 |     589 |        0 |      0 |   586 |    +0.5% |   -1.800 |    -2398.5 |   2018 | row57/_171_/D
    1815* |       0 |     590 |        0 |      0 |   587 |    +0.5% |   -1.800 |    -2396.7 |   2018 | row57/_171_/D
    1818* |       0 |     591 |        0 |      0 |   588 |    +0.5% |   -1.800 |    -2396.7 |   2018 | row57/_171_/D
    1820* |       0 |     592 |        0 |      0 |   588 |    +0.5% |   -1.800 |    -2396.7 |   2018 | row57/_171_/D
    1821* |       0 |     592 |        0 |      0 |   589 |    +0.5% |   -1.800 |    -2396.6 |   2018 | row57/_171_/D
    1824* |       0 |     593 |        0 |      0 |   590 |    +0.5% |   -1.800 |    -2396.6 |   2018 | row57/_171_/D
    1827* |       0 |     594 |        0 |      0 |   591 |    +0.5% |   -1.800 |    -2396.5 |   2018 | row58/_167_/D
    1830* |       0 |     595 |        0 |      0 |   592 |    +0.5% |   -1.800 |    -2396.5 |   2018 | row58/_167_/D
    1830* |       0 |     595 |        0 |      0 |   592 |    +0.5% |   -1.800 |    -2396.5 |   2018 | row58/_167_/D
    1833* |       0 |     596 |        0 |      0 |   593 |    +0.5% |   -1.800 |    -2394.7 |   2018 | row58/_167_/D
    1836* |       0 |     597 |        0 |      0 |   594 |    +0.5% |   -1.800 |    -2394.6 |   2018 | row58/_167_/D
    1839* |       0 |     598 |        0 |      0 |   595 |    +0.5% |   -1.800 |    -2392.8 |   2018 | row58/_167_/D
    1840* |       0 |     598 |        0 |      0 |   595 |    +0.5% |   -1.800 |    -2392.8 |   2018 | row58/_167_/D
    1842* |       0 |     599 |        0 |      0 |   596 |    +0.5% |   -1.800 |    -2392.8 |   2018 | row58/_167_/D
    1845* |       0 |     600 |        0 |      0 |   597 |    +0.5% |   -1.800 |    -2391.0 |   2018 | row58/_167_/D
    1848* |       0 |     601 |        0 |      0 |   598 |    +0.5% |   -1.800 |    -2391.0 |   2018 | row58/_167_/D
    1850* |       0 |     602 |        0 |      0 |   598 |    +0.5% |   -1.800 |    -2391.0 |   2018 | row58/_167_/D
    1851* |       0 |     602 |        0 |      0 |   599 |    +0.5% |   -1.800 |    -2390.9 |   2018 | row58/_167_/D
    1854* |       0 |     603 |        0 |      0 |   600 |    +0.5% |   -1.800 |    -2390.8 |   2018 | row59/_163_/D
    1857* |       0 |     604 |        0 |      0 |   601 |    +0.5% |   -1.800 |    -2389.0 |   2018 | row59/_163_/D
    1860* |       0 |     605 |        0 |      0 |   602 |    +0.5% |   -1.800 |    -2387.2 |   2018 | row59/_163_/D
    1860* |       0 |     605 |        0 |      0 |   602 |    +0.5% |   -1.800 |    -2387.2 |   2018 | row59/_163_/D
    1863* |       0 |     606 |        0 |      0 |   603 |    +0.5% |   -1.800 |    -2387.2 |   2018 | row59/_163_/D
    1866* |       0 |     607 |        0 |      0 |   604 |    +0.5% |   -1.800 |    -2387.1 |   2018 | row59/_163_/D
    1869* |       0 |     608 |        0 |      0 |   605 |    +0.5% |   -1.800 |    -2387.1 |   2018 | row59/_163_/D
    1870* |       0 |     608 |        0 |      0 |   605 |    +0.5% |   -1.800 |    -2387.1 |   2018 | row59/_163_/D
    1872* |       0 |     609 |        0 |      0 |   606 |    +0.5% |   -1.800 |    -2385.3 |   2018 | row59/_163_/D
    1875* |       0 |     610 |        0 |      0 |   607 |    +0.5% |   -1.800 |    -2385.2 |   2018 | row59/_163_/D
    1878* |       0 |     611 |        0 |      0 |   608 |    +0.5% |   -1.800 |    -2385.2 |   2018 | row59/_163_/D
    1880* |       0 |     612 |        0 |      0 |   608 |    +0.5% |   -1.800 |    -2385.2 |   2018 | row6/_161_/D
    1881* |       0 |     612 |        0 |      0 |   609 |    +0.5% |   -1.800 |    -2385.1 |   2018 | row6/_161_/D
    1884* |       0 |     613 |        0 |      0 |   610 |    +0.5% |   -1.800 |    -2385.1 |   2018 | row6/_161_/D
    1887* |       0 |     614 |        0 |      0 |   611 |    +0.5% |   -1.800 |    -2383.3 |   2018 | row6/_161_/D
    1890* |       0 |     615 |        0 |      0 |   612 |    +0.5% |   -1.800 |    -2381.5 |   2018 | row6/_161_/D
    1890* |       0 |     615 |        0 |      0 |   612 |    +0.5% |   -1.800 |    -2381.5 |   2018 | row6/_161_/D
    1893* |       0 |     616 |        0 |      0 |   613 |    +0.5% |   -1.800 |    -2381.5 |   2018 | row6/_161_/D
    1896* |       0 |     617 |        0 |      0 |   614 |    +0.5% |   -1.800 |    -2381.4 |   2018 | row6/_161_/D
    1899* |       0 |     618 |        0 |      0 |   615 |    +0.5% |   -1.800 |    -2379.6 |   2018 | row6/_161_/D
    1900* |       0 |     618 |        0 |      0 |   615 |    +0.5% |   -1.800 |    -2379.6 |   2018 | row6/_161_/D
    1902* |       0 |     619 |        0 |      0 |   616 |    +0.5% |   -1.800 |    -2379.6 |   2018 | row6/_161_/D
    1905* |       0 |     620 |        0 |      0 |   617 |    +0.5% |   -1.800 |    -2379.6 |   2018 | row6/_161_/D
    1908* |       0 |     621 |        0 |      0 |   618 |    +0.5% |   -1.800 |    -2379.5 |   2018 | row6/_161_/D
    1910* |       0 |     622 |        0 |      0 |   618 |    +0.5% |   -1.800 |    -2379.5 |   2018 | row6/_167_/D
    1911* |       0 |     622 |        0 |      0 |   619 |    +0.5% |   -1.800 |    -2379.4 |   2018 | row6/_167_/D
    1914* |       0 |     623 |        0 |      0 |   620 |    +0.5% |   -1.800 |    -2379.4 |   2018 | row6/_167_/D
    1917* |       0 |     624 |        0 |      0 |   621 |    +0.5% |   -1.800 |    -2377.6 |   2018 | row6/_167_/D
    1920* |       0 |     625 |        0 |      0 |   622 |    +0.5% |   -1.800 |    -2377.5 |   2018 | row62/_157_/D
    1920* |       0 |     625 |        0 |      0 |   622 |    +0.5% |   -1.800 |    -2377.5 |   2018 | row62/_157_/D
    1923* |       0 |     626 |        0 |      0 |   623 |    +0.5% |   -1.800 |    -2377.5 |   2018 | row62/_157_/D
    1926* |       0 |     627 |        0 |      0 |   624 |    +0.5% |   -1.800 |    -2377.4 |   2018 | row62/_157_/D
    1929* |       0 |     628 |        0 |      0 |   625 |    +0.5% |   -1.800 |    -2377.4 |   2018 | row62/_157_/D
    1930* |       0 |     628 |        0 |      0 |   625 |    +0.5% |   -1.800 |    -2377.4 |   2018 | row62/_157_/D
    1932* |       0 |     629 |        0 |      0 |   626 |    +0.5% |   -1.800 |    -2375.6 |   2018 | row62/_157_/D
    1935* |       0 |     630 |        0 |      0 |   627 |    +0.5% |   -1.800 |    -2375.5 |   2018 | row62/_157_/D
    1938* |       0 |     631 |        0 |      0 |   628 |    +0.5% |   -1.800 |    -2375.5 |   2018 | row62/_157_/D
    1940* |       0 |     632 |        0 |      0 |   628 |    +0.5% |   -1.800 |    -2375.5 |   2018 | row62/_157_/D
    1941* |       0 |     632 |        0 |      0 |   629 |    +0.5% |   -1.800 |    -2373.7 |   2018 | row62/_157_/D
    1944* |       0 |     633 |        0 |      0 |   630 |    +0.5% |   -1.800 |    -2373.6 |   2018 | row62/_157_/D
    1947* |       0 |     634 |        0 |      0 |   631 |    +0.5% |   -1.800 |    -2373.6 |   2018 | row62/_157_/D
    1950* |       0 |     635 |        0 |      0 |   632 |    +0.5% |   -1.800 |    -2373.5 |   2018 | row62/_157_/D
    1950* |       0 |     635 |        0 |      0 |   632 |    +0.5% |   -1.800 |    -2373.5 |   2018 | row62/_157_/D
    1953* |       0 |     636 |        0 |      0 |   633 |    +0.5% |   -1.800 |    -2373.5 |   2018 | row62/_157_/D
    1956* |       0 |     637 |        0 |      0 |   634 |    +0.5% |   -1.800 |    -2373.4 |   2018 | row62/_157_/D
    1959* |       0 |     638 |        0 |      0 |   635 |    +0.5% |   -1.800 |    -2373.4 |   2018 | row62/_157_/D
    1960* |       0 |     638 |        0 |      0 |   635 |    +0.5% |   -1.800 |    -2373.4 |   2018 | row62/_157_/D
    1962* |       0 |     639 |        0 |      0 |   636 |    +0.5% |   -1.800 |    -2373.3 |   2018 | row62/_157_/D
    1965* |       0 |     640 |        0 |      0 |   637 |    +0.5% |   -1.800 |    -2373.2 |   2018 | row62/_157_/D
    1968* |       0 |     641 |        0 |      0 |   638 |    +0.5% |   -1.800 |    -2373.2 |   2018 | row62/_157_/D
    1970* |       0 |     642 |        0 |      0 |   638 |    +0.5% |   -1.800 |    -2373.2 |   2018 | row62/_157_/D
    1971* |       0 |     642 |        0 |      0 |   639 |    +0.5% |   -1.800 |    -2373.1 |   2018 | row62/_157_/D
    1974* |       0 |     643 |        0 |      0 |   640 |    +0.5% |   -1.800 |    -2373.1 |   2018 | row62/_157_/D
    1977* |       0 |     644 |        0 |      0 |   641 |    +0.5% |   -1.800 |    -2373.0 |   2018 | row62/_157_/D
    1980* |       0 |     645 |        0 |      0 |   642 |    +0.5% |   -1.800 |    -2373.0 |   2018 | row62/_157_/D
    1980* |       0 |     645 |        0 |      0 |   642 |    +0.5% |   -1.800 |    -2373.0 |   2018 | row62/_157_/D
    1983* |       0 |     646 |        0 |      0 |   643 |    +0.5% |   -1.800 |    -2372.9 |   2018 | row62/_157_/D
    1986* |       0 |     647 |        0 |      0 |   644 |    +0.5% |   -1.800 |    -2372.9 |   2018 | row62/_157_/D
    1989* |       0 |     648 |        0 |      0 |   645 |    +0.5% |   -1.800 |    -2372.8 |   2018 | row62/_157_/D
    1990* |       0 |     648 |        0 |      0 |   645 |    +0.5% |   -1.800 |    -2372.8 |   2018 | row62/_157_/D
    1992* |       0 |     649 |        0 |      0 |   646 |    +0.5% |   -1.800 |    -2372.8 |   2018 | row62/_157_/D
    1995* |       0 |     650 |        0 |      0 |   647 |    +0.5% |   -1.800 |    -2372.8 |   2018 | row62/_157_/D
    1998* |       0 |     651 |        0 |      0 |   648 |    +0.5% |   -1.800 |    -2372.7 |   2018 | row62/_157_/D
    2000* |       0 |     652 |        0 |      0 |   648 |    +0.5% |   -1.800 |    -2372.7 |   2018 | row62/_157_/D
    2001* |       0 |     652 |        0 |      0 |   649 |    +0.5% |   -1.800 |    -2370.9 |   2018 | row62/_157_/D
    2004* |       0 |     653 |        0 |      0 |   650 |    +0.5% |   -1.800 |    -2370.8 |   2018 | row62/_165_/D
    2007* |       0 |     654 |        0 |      0 |   651 |    +0.5% |   -1.800 |    -2370.8 |   2018 | row62/_165_/D
    2010* |       0 |     655 |        0 |      0 |   652 |    +0.5% |   -1.800 |    -2369.0 |   2018 | row62/_165_/D
    2010* |       0 |     655 |        0 |      0 |   652 |    +0.5% |   -1.800 |    -2369.0 |   2018 | row62/_165_/D
    2013* |       0 |     656 |        0 |      0 |   653 |    +0.5% |   -1.800 |    -2367.2 |   2018 | row62/_165_/D
    2016* |       0 |     657 |        0 |      0 |   654 |    +0.5% |   -1.800 |    -2367.1 |   2018 | row62/_167_/D
    2019* |       0 |     658 |        0 |      0 |   655 |    +0.5% |   -1.800 |    -2367.0 |   2018 | row62/_169_/D
    2020* |       0 |     658 |        0 |      0 |   655 |    +0.5% |   -1.800 |    -2367.0 |   2018 | row62/_169_/D
    2022* |       0 |     659 |        0 |      0 |   656 |    +0.5% |   -1.800 |    -2367.0 |   2018 | row63/_163_/D
    2025* |       0 |     660 |        0 |      0 |   657 |    +0.5% |   -1.800 |    -2366.9 |   2018 | row63/_163_/D
    2028* |       0 |     661 |        0 |      0 |   658 |    +0.5% |   -1.800 |    -2366.9 |   2018 | row63/_163_/D
    2030* |       0 |     662 |        0 |      0 |   658 |    +0.5% |   -1.800 |    -2366.9 |   2018 | row63/_163_/D
    2031* |       0 |     662 |        0 |      0 |   659 |    +0.5% |   -1.800 |    -2365.1 |   2018 | row63/_163_/D
    2034* |       0 |     663 |        0 |      0 |   660 |    +0.5% |   -1.800 |    -2365.1 |   2018 | row63/_163_/D
    2037* |       0 |     664 |        0 |      0 |   661 |    +0.5% |   -1.800 |    -2365.0 |   2018 | row63/_163_/D
    2040* |       0 |     665 |        0 |      0 |   662 |    +0.5% |   -1.800 |    -2365.0 |   2018 | row63/_163_/D
    2040* |       0 |     665 |        0 |      0 |   662 |    +0.5% |   -1.800 |    -2365.0 |   2018 | row63/_163_/D
    2043* |       0 |     666 |        0 |      0 |   663 |    +0.5% |   -1.800 |    -2364.9 |   2018 | row7/_163_/D
    2046* |       0 |     667 |        0 |      0 |   664 |    +0.5% |   -1.800 |    -2364.9 |   2018 | row7/_163_/D
    2049* |       0 |     668 |        0 |      0 |   665 |    +0.5% |   -1.800 |    -2364.8 |   2018 | row7/_163_/D
    2050* |       0 |     668 |        0 |      0 |   665 |    +0.5% |   -1.800 |    -2364.8 |   2018 | row7/_163_/D
    2052* |       0 |     669 |        0 |      0 |   666 |    +0.5% |   -1.800 |    -2364.8 |   2018 | row7/_163_/D
    2055* |       0 |     670 |        0 |      0 |   667 |    +0.5% |   -1.800 |    -2364.7 |   2018 | row7/_163_/D
    2058* |       0 |     671 |        0 |      0 |   668 |    +0.5% |   -1.800 |    -2364.7 |   2018 | row7/_163_/D
    2060* |       0 |     672 |        0 |      0 |   668 |    +0.5% |   -1.800 |    -2364.7 |   2018 | row7/_163_/D
    2061* |       0 |     672 |        0 |      0 |   669 |    +0.5% |   -1.800 |    -2362.9 |   2018 | row7/_163_/D
    2064* |       0 |     673 |        0 |      0 |   670 |    +0.5% |   -1.800 |    -2362.8 |   2018 | row7/_163_/D
    2067* |       0 |     674 |        0 |      0 |   671 |    +0.5% |   -1.800 |    -2362.8 |   2018 | row7/_163_/D
    2070* |       0 |     675 |        0 |      0 |   672 |    +0.5% |   -1.800 |    -2362.7 |   2018 | row7/_163_/D
    2070* |       0 |     675 |        0 |      0 |   672 |    +0.5% |   -1.800 |    -2362.7 |   2018 | row7/_163_/D
    2073* |       0 |     676 |        0 |      0 |   673 |    +0.5% |   -1.800 |    -2362.7 |   2018 | row7/_163_/D
    2076* |       0 |     677 |        0 |      0 |   674 |    +0.5% |   -1.800 |    -2362.6 |   2018 | row7/_169_/D
    2079* |       0 |     678 |        0 |      0 |   675 |    +0.5% |   -1.800 |    -2362.6 |   2018 | row7/_169_/D
    2080* |       0 |     678 |        0 |      0 |   675 |    +0.5% |   -1.800 |    -2362.6 |   2018 | row7/_169_/D
    2082* |       0 |     679 |        0 |      0 |   676 |    +0.5% |   -1.800 |    -2362.5 |   2018 | row7/_169_/D
    2085* |       0 |     680 |        0 |      0 |   677 |    +0.5% |   -1.800 |    -2362.4 |   2018 | row8/_167_/D
    2088* |       0 |     681 |        0 |      0 |   678 |    +0.5% |   -1.800 |    -2360.6 |   2018 | row8/_167_/D
    2090* |       0 |     682 |        0 |      0 |   678 |    +0.5% |   -1.800 |    -2360.6 |   2018 | row8/_167_/D
    2091* |       0 |     682 |        0 |      0 |   679 |    +0.5% |   -1.800 |    -2360.6 |   2018 | row8/_167_/D
    2094* |       0 |     683 |        0 |      0 |   680 |    +0.5% |   -1.800 |    -2358.8 |   2018 | row8/_167_/D
    2097* |       0 |     684 |        0 |      0 |   681 |    +0.5% |   -1.800 |    -2358.7 |   2018 | row8/_167_/D
    2100* |       0 |     685 |        0 |      0 |   682 |    +0.5% |   -1.800 |    -2358.7 |   2018 | row8/_167_/D
    2100* |       0 |     685 |        0 |      0 |   682 |    +0.5% |   -1.800 |    -2358.7 |   2018 | row8/_167_/D
    2103* |       0 |     686 |        0 |      0 |   683 |    +0.5% |   -1.800 |    -2358.6 |   2018 | row8/_167_/D
    2106* |       0 |     687 |        0 |      0 |   684 |    +0.5% |   -1.800 |    -2358.5 |   2018 | row8/_167_/D
    2109* |       0 |     688 |        0 |      0 |   685 |    +0.5% |   -1.800 |    -2358.5 |   2018 | row8/_167_/D
    2110* |       0 |     688 |        0 |      0 |   685 |    +0.5% |   -1.800 |    -2358.5 |   2018 | row8/_167_/D
    2112* |       0 |     689 |        0 |      0 |   686 |    +0.5% |   -1.800 |    -2358.4 |   2018 | row8/_167_/D
    2115* |       0 |     690 |        0 |      0 |   687 |    +0.5% |   -1.800 |    -2358.4 |   2018 | row9/_161_/D
    2118* |       0 |     691 |        0 |      0 |   688 |    +0.5% |   -1.800 |    -2358.3 |   2018 | row9/_161_/D
    2120* |       0 |     692 |        0 |      0 |   688 |    +0.5% |   -1.800 |    -2358.3 |   2018 | row9/_161_/D
    2121* |       0 |     692 |        0 |      0 |   689 |    +0.5% |   -1.800 |    -2358.3 |   2018 | row9/_161_/D
    2124* |       0 |     693 |        0 |      0 |   690 |    +0.6% |   -1.800 |    -2358.2 |   2018 | row9/_161_/D
    2127* |       0 |     694 |        0 |      0 |   691 |    +0.6% |   -1.800 |    -2356.5 |   2018 | row9/_161_/D
    2130* |       0 |     695 |        0 |      0 |   692 |    +0.6% |   -1.800 |    -2356.4 |   2018 | row9/_161_/D
    2130* |       0 |     695 |        0 |      0 |   692 |    +0.6% |   -1.800 |    -2356.4 |   2018 | row9/_161_/D
    2133* |       0 |     696 |        0 |      0 |   693 |    +0.6% |   -1.800 |    -2356.4 |   2018 | row9/_161_/D
    2136* |       0 |     697 |        0 |      0 |   694 |    +0.6% |   -1.800 |    -2356.3 |   2018 | row9/_161_/D
    2139* |       0 |     698 |        0 |      0 |   695 |    +0.6% |   -1.800 |    -2356.3 |   2018 | row9/_173_/D
    2140* |       0 |     698 |        0 |      0 |   695 |    +0.6% |   -1.800 |    -2356.3 |   2018 | row9/_173_/D
    2142* |       0 |     699 |        0 |      0 |   696 |    +0.6% |   -1.800 |    -2356.2 |   2018 | row9/_173_/D
    2145* |       0 |     700 |        0 |      0 |   697 |    +0.6% |   -1.800 |    -2356.2 |   2018 | row9/_173_/D
    2148* |       0 |     701 |        0 |      0 |   698 |    +0.6% |   -1.800 |    -2356.1 |   2018 | row9/_173_/D
    2150* |       0 |     702 |        0 |      0 |   698 |    +0.6% |   -1.800 |    -2356.1 |   2018 | row9/_173_/D
    2151* |       0 |     702 |        0 |      0 |   699 |    +0.6% |   -1.800 |    -2356.1 |   2018 | row9/_173_/D
    2154* |       0 |     703 |        0 |      0 |   700 |    +0.6% |   -1.800 |    -2356.1 |   2018 | row9/_173_/D
    2157* |       0 |     704 |        0 |      0 |   701 |    +0.6% |   -1.800 |    -2356.0 |   2018 | row0/_153_/D
    2158* |       0 |     704 |        0 |      0 |   701 |    +0.6% |   -1.800 |    -2356.0 |   2018 | row0/_153_/D
    2159* |       0 |     704 |        0 |      0 |   701 |    +0.6% |   -1.800 |    -2356.0 |   2018 | row0/_153_/D
    2160* |       0 |     704 |        0 |      0 |   701 |    +0.6% |   -1.800 |    -2356.0 |   2018 | row0/_153_/D
    2160* |       0 |     704 |        0 |      0 |   701 |    +0.6% |   -1.800 |    -2356.0 |   2018 | row0/_153_/D
    2161* |       0 |     704 |        0 |      0 |   701 |    +0.6% |   -1.800 |    -2356.0 |   2018 | row0/_153_/D
    2162* |       0 |     704 |        0 |      0 |   701 |    +0.6% |   -1.800 |    -2356.0 |   2018 | row0/_153_/D
    2163* |       0 |     704 |        0 |      0 |   701 |    +0.6% |   -1.800 |    -2356.0 |   2018 | row0/_153_/D
    2164* |       0 |     704 |        0 |      0 |   701 |    +0.6% |   -1.800 |    -2356.0 |   2018 | row0/_153_/D
    2165* |       0 |     704 |        0 |      0 |   701 |    +0.6% |   -1.800 |    -2356.0 |   2018 | row0/_153_/D
    2166* |       0 |     704 |        0 |      0 |   701 |    +0.6% |   -1.800 |    -2356.0 |   2018 | row0/_153_/D
    2167* |       0 |     704 |        0 |      0 |   701 |    +0.6% |   -1.800 |    -2356.0 |   2018 | row0/_153_/D
    2168* |       0 |     704 |        0 |      0 |   701 |    +0.6% |   -1.800 |    -2356.0 |   2018 | row0/_153_/D
    2169* |       0 |     704 |        0 |      0 |   701 |    +0.6% |   -1.800 |    -2356.0 |   2018 | row0/_153_/D
    2170* |       0 |     704 |        0 |      0 |   701 |    +0.6% |   -1.800 |    -2356.0 |   2018 | row0/_153_/D
    2170* |       0 |     704 |        0 |      0 |   701 |    +0.6% |   -1.800 |    -2356.0 |   2018 | row0/_153_/D
    2171* |       0 |     704 |        0 |      0 |   701 |    +0.6% |   -1.800 |    -2356.0 |   2018 | row0/_153_/D
    2172* |       0 |     704 |        0 |      0 |   701 |    +0.6% |   -1.800 |    -2356.0 |   2018 | row0/_153_/D
    2173* |       0 |     704 |        0 |      0 |   701 |    +0.6% |   -1.800 |    -2356.0 |   2018 | row0/_153_/D
    2174* |       0 |     704 |        0 |      0 |   701 |    +0.6% |   -1.800 |    -2356.0 |   2018 | row0/_153_/D
    2175* |       0 |     704 |        0 |      0 |   701 |    +0.6% |   -1.800 |    -2356.0 |   2018 | row0/_153_/D
    2176* |       0 |     704 |        0 |      0 |   701 |    +0.6% |   -1.800 |    -2356.0 |   2018 | row0/_153_/D
    2177* |       0 |     704 |        0 |      0 |   701 |    +0.6% |   -1.800 |    -2356.0 |   2018 | row0/_153_/D
    2178* |       0 |     704 |        0 |      0 |   701 |    +0.6% |   -1.800 |    -2356.0 |   2018 | row0/_153_/D
    2179* |       0 |     704 |        0 |      0 |   701 |    +0.6% |   -1.800 |    -2356.0 |   2018 | row0/_153_/D
    2180* |       0 |     704 |        0 |      0 |   701 |    +0.6% |   -1.800 |    -2356.0 |   2018 | row0/_153_/D
    2180* |       0 |     704 |        0 |      0 |   701 |    +0.6% |   -1.800 |    -2356.0 |   2018 | row0/_153_/D
    2181* |       0 |     704 |        0 |      0 |   701 |    +0.6% |   -1.800 |    -2356.0 |   2018 | row0/_153_/D
    2182* |       0 |     704 |        0 |      0 |   701 |    +0.6% |   -1.800 |    -2356.0 |   2018 | row0/_153_/D
    2183* |       0 |     704 |        0 |      0 |   701 |    +0.6% |   -1.800 |    -2356.0 |   2018 | row0/_153_/D
    2184* |       0 |     704 |        0 |      0 |   701 |    +0.6% |   -1.800 |    -2356.0 |   2018 | row0/_153_/D
    2185* |       0 |     704 |        0 |      0 |   701 |    +0.6% |   -1.800 |    -2356.0 |   2018 | row0/_153_/D
    2186* |       0 |     704 |        0 |      0 |   701 |    +0.6% |   -1.800 |    -2356.0 |   2018 | row0/_153_/D
    2187* |       0 |     704 |        0 |      0 |   701 |    +0.6% |   -1.800 |    -2356.0 |   2018 | row0/_153_/D
    2188* |       0 |     704 |        0 |      0 |   701 |    +0.6% |   -1.800 |    -2356.0 |   2018 | row0/_153_/D
    2189* |       0 |     704 |        0 |      0 |   701 |    +0.6% |   -1.800 |    -2356.0 |   2018 | row0/_153_/D
    2190* |       0 |     704 |        0 |      0 |   701 |    +0.6% |   -1.800 |    -2356.0 |   2018 | row0/_153_/D
    2190* |       0 |     704 |        0 |      0 |   701 |    +0.6% |   -1.800 |    -2356.0 |   2018 | row0/_153_/D
    2191* |       0 |     704 |        0 |      0 |   701 |    +0.6% |   -1.800 |    -2356.0 |   2018 | row0/_153_/D
    2192* |       0 |     704 |        0 |      0 |   701 |    +0.6% |   -1.800 |    -2356.0 |   2018 | row0/_153_/D
    2193* |       0 |     704 |        0 |      0 |   701 |    +0.6% |   -1.800 |    -2356.0 |   2018 | row0/_153_/D
    2194* |       0 |     704 |        0 |      0 |   701 |    +0.6% |   -1.800 |    -2356.0 |   2018 | row0/_153_/D
    2195* |       0 |     704 |        0 |      0 |   701 |    +0.6% |   -1.800 |    -2356.0 |   2018 | row0/_153_/D
    2196* |       0 |     704 |        0 |      0 |   701 |    +0.6% |   -1.800 |    -2356.0 |   2018 | row0/_153_/D
    2197* |       0 |     704 |        0 |      0 |   701 |    +0.6% |   -1.800 |    -2356.0 |   2018 | row0/_153_/D
    2198* |       0 |     704 |        0 |      0 |   701 |    +0.6% |   -1.800 |    -2356.0 |   2018 | row0/_153_/D
    2199* |       0 |     704 |        0 |      0 |   701 |    +0.6% |   -1.800 |    -2356.0 |   2018 | row0/_153_/D
    2200* |       0 |     704 |        0 |      0 |   701 |    +0.6% |   -1.800 |    -2356.0 |   2018 | row0/_153_/D
    2200* |       0 |     704 |        0 |      0 |   701 |    +0.6% |   -1.800 |    -2356.0 |   2018 | row0/_153_/D
    2201* |       0 |     704 |        0 |      0 |   701 |    +0.6% |   -1.800 |    -2356.0 |   2018 | row0/_153_/D
    2202* |       0 |     704 |        0 |      0 |   701 |    +0.6% |   -1.800 |    -2356.0 |   2018 | row0/_153_/D
    2203* |       0 |     704 |        0 |      0 |   701 |    +0.6% |   -1.800 |    -2356.0 |   2018 | row0/_153_/D
    2204* |       0 |     704 |        0 |      0 |   701 |    +0.6% |   -1.800 |    -2356.0 |   2018 | row0/_153_/D
    2205* |       0 |     704 |        0 |      0 |   701 |    +0.6% |   -1.800 |    -2356.0 |   2018 | row0/_153_/D
    2206* |       0 |     704 |        0 |      0 |   701 |    +0.6% |   -1.800 |    -2356.0 |   2018 | row0/_153_/D
    2207* |       0 |     704 |        0 |      0 |   701 |    +0.6% |   -1.800 |    -2356.0 |   2018 | row0/_153_/D
    2208* |       0 |     704 |        0 |      0 |   701 |    +0.6% |   -1.800 |    -2356.0 |   2018 | row0/_153_/D
    2209* |       0 |     704 |        0 |      0 |   701 |    +0.6% |   -1.800 |    -2356.0 |   2018 | row0/_153_/D
    2210* |       0 |     704 |        0 |      0 |   701 |    +0.6% |   -1.800 |    -2356.0 |   2018 | row0/_153_/D
    2210* |       0 |     704 |        0 |      0 |   701 |    +0.6% |   -1.800 |    -2356.0 |   2018 | row0/_153_/D
    2211* |       0 |     704 |        0 |      0 |   701 |    +0.6% |   -1.800 |    -2356.0 |   2018 | row0/_153_/D
    2212* |       0 |     704 |        0 |      0 |   701 |    +0.6% |   -1.800 |    -2356.0 |   2018 | row0/_153_/D
    2213* |       0 |     704 |        0 |      0 |   701 |    +0.6% |   -1.800 |    -2356.0 |   2018 | row0/_153_/D
    2214* |       0 |     704 |        0 |      0 |   701 |    +0.6% |   -1.800 |    -2356.0 |   2018 | row0/_153_/D
    2215* |       0 |     704 |        0 |      0 |   701 |    +0.6% |   -1.800 |    -2356.0 |   2018 | row0/_153_/D
    2216* |       0 |     704 |        0 |      0 |   701 |    +0.6% |   -1.800 |    -2356.0 |   2018 | row0/_153_/D
    2217* |       0 |     704 |        0 |      0 |   701 |    +0.6% |   -1.800 |    -2356.0 |   2018 | row0/_153_/D
    2218* |       0 |     704 |        0 |      0 |   701 |    +0.6% |   -1.800 |    -2356.0 |   2018 | row0/_153_/D
    2219* |       0 |     704 |        0 |      0 |   701 |    +0.6% |   -1.800 |    -2356.0 |   2018 | row0/_153_/D
    2220* |       0 |     704 |        0 |      0 |   701 |    +0.6% |   -1.800 |    -2356.0 |   2018 | row0/_153_/D
    2220* |       0 |     704 |        0 |      0 |   701 |    +0.6% |   -1.800 |    -2356.0 |   2018 | row0/_153_/D
    2221* |       0 |     704 |        0 |      0 |   701 |    +0.6% |   -1.800 |    -2356.0 |   2018 | row0/_153_/D
    2223* |       0 |     704 |        0 |      0 |   701 |    +0.6% |   -1.800 |    -2356.0 |   2018 | row0/_153_/D
    2225* |       0 |     704 |        0 |      0 |   701 |    +0.6% |   -1.800 |    -2356.0 |   2018 | row0/_153_/D
    2227* |       0 |     704 |        0 |      0 |   701 |    +0.6% |   -1.800 |    -2356.0 |   2018 | row0/_153_/D
    2229* |       0 |     704 |        0 |      0 |   701 |    +0.6% |   -1.800 |    -2356.0 |   2018 | row0/_153_/D
    2230* |       0 |     704 |        0 |      0 |   701 |    +0.6% |   -1.800 |    -2356.0 |   2018 | row0/_153_/D
    2231* |       0 |     704 |        0 |      0 |   701 |    +0.6% |   -1.800 |    -2356.0 |   2018 | row0/_153_/D
    2233* |       0 |     704 |        0 |      0 |   701 |    +0.6% |   -1.800 |    -2356.0 |   2018 | row0/_153_/D
    2235* |       0 |     704 |        0 |      0 |   701 |    +0.6% |   -1.800 |    -2356.0 |   2018 | row0/_153_/D
    2237* |       0 |     704 |        0 |      0 |   701 |    +0.6% |   -1.800 |    -2356.0 |   2018 | row0/_153_/D
    2239* |       0 |     704 |        0 |      0 |   701 |    +0.6% |   -1.800 |    -2356.0 |   2018 | row0/_153_/D
    2240* |       0 |     704 |        0 |      0 |   701 |    +0.6% |   -1.800 |    -2356.0 |   2018 | row0/_153_/D
    2241* |       0 |     704 |        0 |      0 |   701 |    +0.6% |   -1.800 |    -2356.0 |   2018 | row0/_153_/D
    2243* |       0 |     704 |        0 |      0 |   701 |    +0.6% |   -1.800 |    -2356.0 |   2018 | row0/_153_/D
    2245* |       0 |     704 |        0 |      0 |   701 |    +0.6% |   -1.800 |    -2356.0 |   2018 | row0/_153_/D
    2247* |       0 |     704 |        0 |      0 |   701 |    +0.6% |   -1.800 |    -2356.0 |   2018 | row0/_153_/D
    2249* |       0 |     704 |        0 |      0 |   701 |    +0.6% |   -1.800 |    -2356.0 |   2018 | row0/_153_/D
    2250* |       0 |     704 |        0 |      0 |   701 |    +0.6% |   -1.800 |    -2356.0 |   2018 | row0/_153_/D
    2251* |       0 |     704 |        0 |      0 |   701 |    +0.6% |   -1.800 |    -2356.0 |   2018 | row0/_153_/D
    2253* |       0 |     704 |        0 |      0 |   701 |    +0.6% |   -1.800 |    -2356.0 |   2018 | row0/_153_/D
    2255* |       0 |     704 |        0 |      0 |   701 |    +0.6% |   -1.800 |    -2356.0 |   2018 | row0/_153_/D
    2257* |       0 |     704 |        0 |      0 |   701 |    +0.6% |   -1.800 |    -2356.0 |   2018 | row0/_153_/D
    2259* |       0 |     704 |        0 |      0 |   702 |    +0.6% |   -1.800 |    -2354.4 |   2018 | row0/_153_/D
    2260* |       0 |     704 |        0 |      0 |   702 |    +0.6% |   -1.800 |    -2354.4 |   2018 | row0/_153_/D
    2261* |       0 |     704 |        0 |      0 |   703 |    +0.6% |   -1.800 |    -2352.8 |   2018 | row0/_153_/D
    2263* |       0 |     704 |        0 |      0 |   703 |    +0.6% |   -1.800 |    -2352.8 |   2018 | row0/_153_/D
    2265* |       0 |     704 |        0 |      0 |   703 |    +0.6% |   -1.800 |    -2352.8 |   2018 | row0/_153_/D
    2267* |       0 |     704 |        0 |      0 |   704 |    +0.6% |   -1.800 |    -2351.2 |   2018 | row0/_153_/D
    2269* |       0 |     704 |        0 |      0 |   705 |    +0.6% |   -1.800 |    -2349.6 |   2018 | row0/_153_/D
    2270* |       0 |     704 |        0 |      0 |   705 |    +0.6% |   -1.800 |    -2349.6 |   2018 | row0/_153_/D
    2271* |       0 |     704 |        0 |      0 |   705 |    +0.6% |   -1.800 |    -2349.6 |   2018 | row0/_153_/D
    2273* |       0 |     704 |        0 |      0 |   705 |    +0.6% |   -1.800 |    -2349.6 |   2018 | row0/_153_/D
    2275* |       0 |     704 |        0 |      0 |   705 |    +0.6% |   -1.800 |    -2349.6 |   2018 | row0/_153_/D
    2277* |       0 |     704 |        0 |      0 |   705 |    +0.6% |   -1.800 |    -2349.6 |   2018 | row0/_153_/D
    2279* |       0 |     704 |        0 |      0 |   705 |    +0.6% |   -1.800 |    -2349.6 |   2018 | row0/_153_/D
    2280* |       0 |     704 |        0 |      0 |   705 |    +0.6% |   -1.800 |    -2349.6 |   2018 | row0/_153_/D
    2281* |       0 |     704 |        0 |      0 |   705 |    +0.6% |   -1.800 |    -2349.6 |   2018 | row0/_153_/D
    2283* |       0 |     704 |        0 |      0 |   705 |    +0.6% |   -1.800 |    -2349.6 |   2018 | row0/_153_/D
    2285* |       0 |     704 |        0 |      0 |   705 |    +0.6% |   -1.800 |    -2349.6 |   2018 | row0/_153_/D
    2287* |       0 |     704 |        0 |      0 |   705 |    +0.6% |   -1.800 |    -2349.6 |   2018 | row0/_153_/D
    2289* |       0 |     704 |        0 |      0 |   705 |    +0.6% |   -1.800 |    -2349.6 |   2018 | row0/_153_/D
    2290* |       0 |     704 |        0 |      0 |   705 |    +0.6% |   -1.800 |    -2349.6 |   2018 | row0/_153_/D
    2291* |       0 |     704 |        0 |      0 |   705 |    +0.6% |   -1.800 |    -2349.6 |   2018 | row0/_153_/D
    2293* |       0 |     704 |        0 |      0 |   705 |    +0.6% |   -1.800 |    -2349.6 |   2018 | row0/_153_/D
    2295* |       0 |     704 |        0 |      0 |   705 |    +0.6% |   -1.800 |    -2349.6 |   2018 | row0/_153_/D
    2297* |       0 |     704 |        0 |      0 |   705 |    +0.6% |   -1.800 |    -2349.6 |   2018 | row0/_153_/D
    2299* |       0 |     704 |        0 |      0 |   705 |    +0.6% |   -1.800 |    -2349.6 |   2018 | row0/_153_/D
    2300* |       0 |     704 |        0 |      0 |   705 |    +0.6% |   -1.800 |    -2349.6 |   2018 | row0/_153_/D
    2300* |       0 |     704 |        0 |      0 |   705 |    +0.6% |   -1.800 |    -2349.6 |   2018 | row0/_153_/D
    2300* |       0 |     704 |        0 |      0 |   705 |    +0.6% |   -1.800 |    -2349.6 |   2018 | row0/_153_/D
    final |       0 |     704 |        0 |      0 |   705 |    +0.6% |   -1.800 |    -2349.6 |   1919 | row0/_153_/D
------------------------------------------------------------------------------------------------------------------------------
[INFO RSZ-0051] Resized 704 instances: 704 up, 0 up match, 0 down, 0 VT
[INFO RSZ-0043] Swapped pins on 705 instances.
[WARNING RSZ-0062] Unable to repair all setup violations.
[INFO RSZ-0505] Runtime: 16.72s
Took 17 seconds: repair_timing -setup_margin 0 -hold_margin 0 -repair_tns 100 -match_cell_footprint -setup -skip_last_gasp -sequence unbuffer,sizeup,swap,vt_swap -verbose
Default units for flow
 time 1ns
 capacitance 1pF
 resistance 1kohm
 voltage 1v
 current 1mA
 power 1nW
 distance 1um
   Layer   | Unit Resistance | Unit Capacitance 
           |       (kohm/um) |          (pF/um)
------------------------------------------------
       li1 |        7.18e-02 |         1.50e-04
      met1 |        1.21e-03 |         1.72e-04
      met2 |        1.22e-03 |         1.36e-04
      met3 |        1.66e-04 |         2.15e-04
      met4 |        1.68e-04 |         1.48e-04
      met5 |        1.84e-05 |         1.54e-04
------------------------------------------------

   Layer   | Via Resistance 
           |         (kohm) 
----------------------------
      mcon |       9.25e-03 
       via |       4.50e-03 
      via2 |       3.37e-03 
      via3 |       3.77e-04 
      via4 |       5.80e-06 
----------------------------
Report metrics stage 2, floorplan final...

==========================================================================
floorplan final report_design_area
--------------------------------------------------------------------------
Design area 158562 um^2 61% utilization.
write_db /work/orfs/results/sky130hd/s_ubp3_n64_u60/base/2_1_floorplan.odb
write_sdc -no_timestamp /work/orfs/results/sky130hd/s_ubp3_n64_u60/base/2_1_floorplan.sdc
Elapsed time: 0:19.08[h:]min:sec. CPU time: user 13.76 sys 0.31 (73%). Peak memory: 178556KB.
Log                       Ext     Elapsed/s Peak Memory/MB sha1sum result [0:20)
2_1_floorplan             .odb           19            174 84fdb11fb87295f187e9
2_1_floorplan             .sdc                             c9b52a36521419161edd
/OpenROAD-flow-scripts/flow/scripts/flow.sh 2_2_floorplan_macro macro_place
Running macro_place.tcl, stage 2_2_floorplan_macro
read_liberty /OpenROAD-flow-scripts/flow/platforms/sky130hd/lib/sky130_fd_sc_hd__tt_025C_1v80.lib
read_db /work/orfs/results/sky130hd/s_ubp3_n64_u60/base/2_1_floorplan.odb
read_sdc /work/orfs/results/sky130hd/s_ubp3_n64_u60/base/2_1_floorplan.sdc
source /OpenROAD-flow-scripts/flow/platforms/sky130hd/setRC.tcl
No macros found: Skipping macro_placement
Design area 158562 um^2 61% utilization.
write_db /work/orfs/results/sky130hd/s_ubp3_n64_u60/base/2_2_floorplan_macro.odb
Elapsed time: 0:01.22[h:]min:sec. CPU time: user 0.59 sys 0.10 (56%). Peak memory: 117740KB.
Log                       Ext     Elapsed/s Peak Memory/MB sha1sum result [0:20)
2_2_floorplan_macro       .odb            1            114 84fdb11fb87295f187e9
/OpenROAD-flow-scripts/flow/scripts/flow.sh 2_3_floorplan_tapcell tapcell
Running tapcell.tcl, stage 2_3_floorplan_tapcell
read_liberty /OpenROAD-flow-scripts/flow/platforms/sky130hd/lib/sky130_fd_sc_hd__tt_025C_1v80.lib
read_db /work/orfs/results/sky130hd/s_ubp3_n64_u60/base/2_2_floorplan_macro.odb
read_sdc /work/orfs/results/sky130hd/s_ubp3_n64_u60/base/2_1_floorplan.sdc
source /OpenROAD-flow-scripts/flow/platforms/sky130hd/setRC.tcl
[INFO TAP-0005] Inserted 3496 tapcells.
Design area 162936 um^2 63% utilization.
write_db /work/orfs/results/sky130hd/s_ubp3_n64_u60/base/2_3_floorplan_tapcell.odb
Elapsed time: 0:00.57[h:]min:sec. CPU time: user 0.44 sys 0.06 (87%). Peak memory: 118612KB.
Log                       Ext     Elapsed/s Peak Memory/MB sha1sum result [0:20)
2_3_floorplan_tapcell     .odb            0            115 68ac5baa20fff877dd95
/OpenROAD-flow-scripts/flow/scripts/flow.sh 2_4_floorplan_pdn pdn
Running pdn.tcl, stage 2_4_floorplan_pdn
read_liberty /OpenROAD-flow-scripts/flow/platforms/sky130hd/lib/sky130_fd_sc_hd__tt_025C_1v80.lib
read_db /work/orfs/results/sky130hd/s_ubp3_n64_u60/base/2_3_floorplan_tapcell.odb
read_sdc /work/orfs/results/sky130hd/s_ubp3_n64_u60/base/2_1_floorplan.sdc
source /OpenROAD-flow-scripts/flow/platforms/sky130hd/setRC.tcl
[WARNING PDN-1051] No instances found for grid (CORE_macro_grid_1).
[WARNING PDN-1051] No instances found for grid (CORE_macro_grid_2).
[INFO PDN-0001] Inserting grid: grid
[INFO PDN-0500] Runtime: 0.13s
Design area 162936 um^2 63% utilization.
write_db /work/orfs/results/sky130hd/s_ubp3_n64_u60/base/2_4_floorplan_pdn.odb
Elapsed time: 0:01.01[h:]min:sec. CPU time: user 0.75 sys 0.07 (81%). Peak memory: 126300KB.
Log                       Ext     Elapsed/s Peak Memory/MB sha1sum result [0:20)
2_4_floorplan_pdn         .odb            1            123 5880acab9b0bb06fb0bb
cp /work/orfs/results/sky130hd/s_ubp3_n64_u60/base/2_4_floorplan_pdn.odb /work/orfs/results/sky130hd/s_ubp3_n64_u60/base/2_floorplan.odb
cp /work/orfs/results/sky130hd/s_ubp3_n64_u60/base/2_1_floorplan.sdc /work/orfs/results/sky130hd/s_ubp3_n64_u60/base/2_floorplan.sdc
/OpenROAD-flow-scripts/flow/scripts/flow.sh 3_1_place_gp_skip_io global_place_skip_io
Running global_place_skip_io.tcl, stage 3_1_place_gp_skip_io
read_liberty /OpenROAD-flow-scripts/flow/platforms/sky130hd/lib/sky130_fd_sc_hd__tt_025C_1v80.lib
read_db /work/orfs/results/sky130hd/s_ubp3_n64_u60/base/2_floorplan.odb
read_sdc /work/orfs/results/sky130hd/s_ubp3_n64_u60/base/2_floorplan.sdc
source /OpenROAD-flow-scripts/flow/platforms/sky130hd/setRC.tcl
global_placement -skip_io -density 0.6 -pad_left 0 -pad_right 0
[INFO GPL-0001] ---- Initialize GPL Main Data Structures
[INFO GPL-0002] DBU: 1000
[INFO GPL-0003] SiteSize: (  0.460  2.720 ) um
[INFO GPL-0004] CoreBBox: (  2.300  2.720 ) ( 513.360 511.360 ) um
[INFO GPL-0016] Core area:                  259945.558 um^2
[INFO GPL-0036] Movable instances area:     158562.074 um^2
[INFO GPL-0037] Total instances area:       162936.269 um^2
[INFO GPL-0035] Pin density area adjust:      2827.750 um^2
[INFO GPL-0032] ---- Initialize Region: Top-level
[INFO GPL-0006] Number of instances:             14087
[INFO GPL-0007] Movable instances:               10591
[INFO GPL-0008] Fixed instances:                  3496
[INFO GPL-0009] Dummy instances:                     0
[INFO GPL-0010] Number of nets:                  10657
[INFO GPL-0011] Number of pins:                  34275
[INFO GPL-0012] Die BBox:       (  0.000  0.000 ) ( 515.435 515.435 ) um
[INFO GPL-0013] Placement BBox: (  2.300  2.720 ) ( 513.360 511.360 ) um
[INFO GPL-0014] Region name: top-level.
[INFO GPL-0015] Region area:                259945.558 um^2
[INFO GPL-0017] Fixed instances area:         4374.195 um^2
[INFO GPL-0018] Movable instances area:     161389.823 um^2
[INFO GPL-0019] Utilization:                    63.149 %
[INFO GPL-0020] Standard cells area:        161389.823 um^2
[INFO GPL-0021] Large instances area:            0.000 um^2
[INFO GPL-0005] ---- Execute Conjugate Gradient Initial Placement.
[INFO GPL-0051] Source of initial instance position counters:
	Odb location = 0	Core center = 10591	Region center = 0
[INFO GPL-0033] ---- Initialize Nesterov Region: Top-level
[WARNING GPL-0302] Target density 0.6000 is too low for the available free area.
Automatically adjusting to uniform density 0.6400.
[INFO GPL-0023] Placement target density:       0.6400
[INFO GPL-0024] Movable insts average area:     15.238 um^2
[INFO GPL-0025] Ideal bin area:                 23.810 um^2
[INFO GPL-0026] Ideal bin count:                 10917
[INFO GPL-0027] Total bin area:             259945.558 um^2
[INFO GPL-0028] Bin count (X, Y):          64 ,     64
[INFO GPL-0029] Bin size (W * H):       7.985 *  7.947 um
[INFO GPL-0030] Number of bins:                   4096
[INFO GPL-0084] ---- Execute Nesterov Global Placement.
[INFO GPL-0031] HPWL: Half-Perimeter Wirelength
Iteration | Overflow |     HPWL (um) |  HPWL(%) |   Penalty | Group
---------------------------------------------------------------
        0 |   0.9988 |  3.565799e+04 |   +0.00% |  2.96e-15 |      
       10 |   0.9978 |  2.942038e+04 |  -17.49% |  4.82e-15 |      
       20 |   0.9973 |  2.764424e+04 |   -6.04% |  7.86e-15 |      
       30 |   0.9973 |  2.660279e+04 |   -3.77% |  1.28e-14 |      
       40 |   0.9965 |  2.641302e+04 |   -0.71% |  2.08e-14 |      
       50 |   0.9963 |  2.658984e+04 |   +0.67% |  3.40e-14 |      
       60 |   0.9963 |  2.669713e+04 |   +0.40% |  5.53e-14 |      
       70 |   0.9963 |  2.682753e+04 |   +0.49% |  9.01e-14 |      
       80 |   0.9963 |  2.724648e+04 |   +1.56% |  1.47e-13 |      
       90 |   0.9961 |  2.830031e+04 |   +3.87% |  2.39e-13 |      
      100 |   0.9948 |  3.076808e+04 |   +8.72% |  3.89e-13 |      
      110 |   0.9908 |  3.568227e+04 |  +15.97% |  6.34e-13 |      
      120 |   0.9865 |  4.474500e+04 |  +25.40% |  1.03e-12 |      
      130 |   0.9740 |  5.745596e+04 |  +28.41% |  1.68e-12 |      
      140 |   0.9574 |  6.912098e+04 |  +20.30% |  2.73e-12 |      
      150 |   0.9392 |  7.923022e+04 |  +14.63% |  4.44e-12 |      
      160 |   0.9187 |  9.088679e+04 |  +14.71% |  7.22e-12 |      
      170 |   0.8867 |  1.052149e+05 |  +15.76% |  1.17e-11 |      
      180 |   0.8512 |  1.202740e+05 |  +14.31% |  1.91e-11 |      
      190 |   0.8160 |  1.345001e+05 |  +11.83% |  3.11e-11 |      
      200 |   0.7785 |  1.487577e+05 |  +10.60% |  5.05e-11 |      
      210 |   0.7308 |  1.642525e+05 |  +10.42% |  8.22e-11 |      
      220 |   0.6785 |  1.797018e+05 |   +9.41% |  1.34e-10 |      
      230 |   0.6306 |  1.937672e+05 |   +7.83% |  2.17e-10 |      
      240 |   0.5784 |  2.065027e+05 |   +6.57% |  3.53e-10 |      
      250 |   0.5220 |  2.157240e+05 |   +4.47% |  5.75e-10 |      
      260 |   0.4662 |  2.226423e+05 |   +3.21% |  9.36e-10 |      
      270 |   0.4073 |  2.317147e+05 |   +4.07% |  1.52e-09 |      
      280 |   0.3555 |  2.371229e+05 |   +2.33% |  2.48e-09 |      
      290 |   0.3074 |  2.384748e+05 |   +0.57% |  3.76e-09 |      
      300 |   0.2853 |  2.357798e+05 |   -1.13% |  5.55e-09 |      
      310 |   0.2629 |  2.347527e+05 |   -0.44% |  8.17e-09 |      
      320 |   0.2366 |  2.367487e+05 |   +0.85% |  1.20e-08 |      
      330 |   0.2191 |  2.355422e+05 |   -0.51% |  1.77e-08 |      
      340 |   0.1981 |  2.344471e+05 |   -0.46% |  2.61e-08 |      
      350 |   0.1760 |  2.339389e+05 |   -0.22% |  3.85e-08 |      
      360 |   0.1568 |  2.328305e+05 |   -0.47% |  5.67e-08 |      
      370 |   0.1383 |  2.323141e+05 |   -0.22% |  8.35e-08 |      
      380 |   0.1219 |  2.318736e+05 |   -0.19% |  1.23e-07 |      
      390 |   0.1066 |  2.315085e+05 |   -0.16% |  1.81e-07 |      
      395 |   0.0991 |  2.314490e+05 |          |  2.29e-07 |      
---------------------------------------------------------------
[INFO GPL-1001] Global placement finished at iteration 395
[INFO GPL-1002] Placed Cell Area            161389.8234
[INFO GPL-1003] Available Free Area         255571.3632
[INFO GPL-1004] Minimum Feasible Density        0.6400 (cell_area / free_area)
[INFO GPL-1006]   Suggested Target Densities:
[INFO GPL-1007]     - For 90% usage of free space: 0.7017
[INFO GPL-1008]     - For 80% usage of free space: 0.7894
[INFO GPL-1014] Final placement area: 161389.82 (+0.00%)
[INFO GPL-1018] Final HPWL (um): 232202.37
Design area 162936 um^2 63% utilization.
write_db /work/orfs/results/sky130hd/s_ubp3_n64_u60/base/3_1_place_gp_skip_io.odb
Elapsed time: 0:03.50[h:]min:sec. CPU time: user 2.29 sys 0.13 (69%). Peak memory: 139348KB.
Log                       Ext     Elapsed/s Peak Memory/MB sha1sum result [0:20)
3_1_place_gp_skip_io      .odb            3            136 8ff5ee2d3802701dc9d2
/OpenROAD-flow-scripts/flow/scripts/flow.sh 3_2_place_iop io_placement
Running io_placement.tcl, stage 3_2_place_iop
read_liberty /OpenROAD-flow-scripts/flow/platforms/sky130hd/lib/sky130_fd_sc_hd__tt_025C_1v80.lib
read_db /work/orfs/results/sky130hd/s_ubp3_n64_u60/base/3_1_place_gp_skip_io.odb
read_sdc /work/orfs/results/sky130hd/s_ubp3_n64_u60/base/2_floorplan.sdc
source /OpenROAD-flow-scripts/flow/platforms/sky130hd/setRC.tcl
place_pins -hor_layers met3 -ver_layers met2
Found 0 macro blocks.
Using 2 tracks default min distance between IO pins.
[INFO PPL-0001] Number of available slots 1866
[INFO PPL-0002] Number of I/O             130
[INFO PPL-0003] Number of I/O w/sink      130
[INFO PPL-0004] Number of I/O w/o sink    0
[INFO PPL-0005] Slots per section         200
[INFO PPL-0008] Successfully assigned pins to sections.
[INFO PPL-0012] I/O nets HPWL: 14223.33 um.
Design area 162936 um^2 63% utilization.
write_db /work/orfs/results/sky130hd/s_ubp3_n64_u60/base/3_2_place_iop.odb
Elapsed time: 0:01.02[h:]min:sec. CPU time: user 0.50 sys 0.04 (52%). Peak memory: 122536KB.
Log                       Ext     Elapsed/s Peak Memory/MB sha1sum result [0:20)
3_2_place_iop             .odb            1            119 e796a6cac1b6ff0ab3ac
/OpenROAD-flow-scripts/flow/scripts/flow.sh 3_3_place_gp global_place
Running global_place.tcl, stage 3_3_place_gp
read_liberty /OpenROAD-flow-scripts/flow/platforms/sky130hd/lib/sky130_fd_sc_hd__tt_025C_1v80.lib
read_db /work/orfs/results/sky130hd/s_ubp3_n64_u60/base/3_2_place_iop.odb
read_sdc /work/orfs/results/sky130hd/s_ubp3_n64_u60/base/2_floorplan.sdc
source /OpenROAD-flow-scripts/flow/platforms/sky130hd/setRC.tcl
[INFO RSZ-0026] Removed 0 buffers.
Perform port buffering...
[INFO RSZ-0027] Inserted 65 sky130_fd_sc_hd__clkdlybuf4s50_1 input buffers.
[INFO RSZ-0028] Inserted 64 sky130_fd_sc_hd__clkdlybuf4s50_1 output buffers.
global_placement -density 0.6 -pad_left 0 -pad_right 0 -routability_driven -timing_driven -force_center_initial_place -min_phi_coef 0.95 -max_phi_coef 1.05
[INFO GPL-0001] ---- Initialize GPL Main Data Structures
[INFO GPL-0002] DBU: 1000
[INFO GPL-0003] SiteSize: (  0.460  2.720 ) um
[INFO GPL-0004] CoreBBox: (  2.300  2.720 ) ( 513.360 511.360 ) um
[INFO GPL-0016] Core area:                  259945.558 um^2
[INFO GPL-0036] Movable instances area:     159853.312 um^2
[INFO GPL-0037] Total instances area:       164227.507 um^2
[INFO GPL-0035] Pin density area adjust:      2827.750 um^2
[INFO GPL-0032] ---- Initialize Region: Top-level
[INFO GPL-0006] Number of instances:             14216
[INFO GPL-0007] Movable instances:               10720
[INFO GPL-0008] Fixed instances:                  3496
[INFO GPL-0009] Dummy instances:                     0
[INFO GPL-0010] Number of nets:                  10786
[INFO GPL-0011] Number of pins:                  34663
[INFO GPL-0012] Die BBox:       (  0.000  0.000 ) ( 515.435 515.435 ) um
[INFO GPL-0013] Placement BBox: (  2.300  2.720 ) ( 513.360 511.360 ) um
[INFO GPL-0014] Region name: top-level.
[INFO GPL-0015] Region area:                259945.558 um^2
[INFO GPL-0017] Fixed instances area:         4374.195 um^2
[INFO GPL-0018] Movable instances area:     162681.062 um^2
[INFO GPL-0019] Utilization:                    63.654 %
[INFO GPL-0020] Standard cells area:        162681.062 um^2
[INFO GPL-0021] Large instances area:            0.000 um^2
[INFO GPL-0005] ---- Execute Conjugate Gradient Initial Placement.
[INFO GPL-0051] Source of initial instance position counters:
	Odb location = 0	Core center = 10720	Region center = 0
[InitialPlace]  Iter: 1 conjugate gradient residual: 0.00015525 HPWL: 334315301
[InitialPlace]  Iter: 2 conjugate gradient residual: 0.00005952 HPWL: 166694057
[InitialPlace]  Iter: 3 conjugate gradient residual: 0.00000768 HPWL: 167670916
[InitialPlace]  Iter: 4 conjugate gradient residual: 0.00000290 HPWL: 168032586
[InitialPlace]  Iter: 5 conjugate gradient residual: 0.00000459 HPWL: 168195104
[INFO GPL-0033] ---- Initialize Nesterov Region: Top-level
[WARNING GPL-0302] Target density 0.6000 is too low for the available free area.
Automatically adjusting to uniform density 0.6400.
[INFO GPL-0023] Placement target density:       0.6400
[INFO GPL-0024] Movable insts average area:     15.175 um^2
[INFO GPL-0025] Ideal bin area:                 23.712 um^2
[INFO GPL-0026] Ideal bin count:                 10962
[INFO GPL-0027] Total bin area:             259945.558 um^2
[INFO GPL-0028] Bin count (X, Y):          64 ,     64
[INFO GPL-0029] Bin size (W * H):       7.985 *  7.947 um
[INFO GPL-0030] Number of bins:                   4096
[INFO GPL-0084] ---- Execute Nesterov Global Placement.
[INFO GPL-0031] HPWL: Half-Perimeter Wirelength
Iteration | Overflow |     HPWL (um) |  HPWL(%) |   Penalty | Group
---------------------------------------------------------------
        0 |   0.9872 |  7.267564e+04 |   +0.00% |  4.05e-16 |      
       10 |   0.9408 |  9.400660e+04 |  +29.35% |  6.59e-16 |      
       20 |   0.9014 |  1.087287e+05 |  +15.66% |  1.07e-15 |      
       30 |   0.8784 |  1.195669e+05 |   +9.97% |  1.74e-15 |      
       40 |   0.8645 |  1.250620e+05 |   +4.60% |  2.84e-15 |      
       50 |   0.8580 |  1.275834e+05 |   +2.02% |  4.62e-15 |      
       60 |   0.8556 |  1.285534e+05 |   +0.76% |  7.52e-15 |      
       70 |   0.8562 |  1.285095e+05 |   -0.03% |  1.23e-14 |      
       80 |   0.8586 |  1.277739e+05 |   -0.57% |  2.00e-14 |      
       90 |   0.8606 |  1.267730e+05 |   -0.78% |  3.25e-14 |      
      100 |   0.8621 |  1.260317e+05 |   -0.58% |  5.29e-14 |      
      110 |   0.8627 |  1.258590e+05 |   -0.14% |  8.62e-14 |      
      120 |   0.8619 |  1.261983e+05 |   +0.27% |  1.40e-13 |      
      130 |   0.8604 |  1.268353e+05 |   +0.50% |  2.29e-13 |      
      140 |   0.8583 |  1.276394e+05 |   +0.63% |  3.73e-13 |      
      150 |   0.8557 |  1.286449e+05 |   +0.79% |  6.07e-13 |      
      160 |   0.8529 |  1.299944e+05 |   +1.05% |  9.89e-13 |      
      170 |   0.8489 |  1.318985e+05 |   +1.46% |  1.61e-12 |      
      180 |   0.8435 |  1.346489e+05 |   +2.09% |  2.62e-12 |      
      190 |   0.8340 |  1.386104e+05 |   +2.94% |  4.27e-12 |      
      200 |   0.8197 |  1.440819e+05 |   +3.95% |  6.95e-12 |      
      210 |   0.8007 |  1.511256e+05 |   +4.89% |  1.13e-11 |      
      220 |   0.7777 |  1.595627e+05 |   +5.58% |  1.84e-11 |      
      230 |   0.7493 |  1.691862e+05 |   +6.03% |  3.00e-11 |      
      240 |   0.7176 |  1.796832e+05 |   +6.20% |  4.87e-11 |      
      250 |   0.6817 |  1.908066e+05 |   +6.19% |  7.93e-11 |      
      260 |   0.6412 |  2.022706e+05 |   +6.01% |  1.29e-10 |      
[INFO GPL-0100] Timing-driven iteration 1/2, virtual: false.
[INFO GPL-0101]    Iter: 263, overflow: 0.632, keep resizer changes at: 1, HPWL: 204552053
Iteration |   Area    | Resized | Buffers | Nets repaired | Remaining
---------------------------------------------------------------------
        0 |     +0.0% |       0 |       0 |             0 |     10984
    final |     +0.1% |      21 |      28 |             5 |         0
---------------------------------------------------------------------
[INFO RSZ-0034] Found 5 slew violations.
[INFO RSZ-0035] Found 3 fanout violations.
[INFO RSZ-0039] Resized 21 instances.
[INFO RSZ-0038] Inserted 28 buffers in 5 nets.
   Iter   |    Area   | Removed | Inserted |   Pins
          |           | Buffers | Buffers  | Remaining
-------------------------------------------------------
        0 |     +0.0% |       0 |        0 |     10520
     1000 |     +0.0% |       0 |        0 |      9520
     2000 |     +0.0% |       0 |        0 |      8520
     3000 |     +0.0% |       0 |        0 |      7520
     4000 |     +0.0% |       0 |        0 |      6520
     5000 |     +0.0% |       0 |        1 |      5520
     6000 |     +0.4% |      24 |       89 |      4520
     7000 |     +0.4% |      24 |       89 |      3520
     8000 |     +0.4% |      24 |       89 |      2520
     9000 |     +0.4% |      24 |       89 |      1520
    10000 |     +0.4% |      25 |       91 |       520
    final |     +0.4% |      28 |       96 |         0
-------------------------------------------------------
[INFO GPL-0106] Timing-driven: worst slack 1.2150871e-09
[INFO GPL-0107] Timing-driven: repair_design delta area: 834.701 um^2 (+0.51%)
[INFO GPL-0108] Timing-driven: repair_design, gpl delta gcells: 96 (+0.90%)
[INFO GPL-0109] Timing-driven: repair_design, gcells created: 124, deleted: 28
[INFO GPL-0110] Timing-driven: new target density: 0.64326596
Iteration | Overflow |     HPWL (um) |  HPWL(%) |   Penalty | Group
---------------------------------------------------------------
      270 |   0.6023 |  2.192122e+05 |   +8.38% |  2.10e-10 |      
[INFO GPL-0038] Routability snapshot saved at iter = 272
      271 |   0.5998 |  2.195643e+05 |          |           |      
      280 |   0.5745 |  2.263732e+05 |   +3.27% |  3.41e-10 |      
      290 |   0.5298 |  2.352701e+05 |   +3.93% |  5.55e-10 |      
      300 |   0.4737 |  2.419265e+05 |   +2.83% |  9.04e-10 |      
      310 |   0.4182 |  2.479987e+05 |   +2.51% |  1.47e-09 |      
      320 |   0.3719 |  2.544905e+05 |   +2.62% |  2.40e-09 |      
      330 |   0.3288 |  2.604475e+05 |   +2.34% |  3.78e-09 |      
[INFO GPL-0040] Routability iteration: 1
[WARNING GRT-0281] Net clk has a large fanout of 4595 terminals.
[INFO GPL-0088] Tiles the placer can act on: 3512 of 5476 (64.13%)
[INFO GPL-0041] Total routing overflow: 1.1413
[INFO GPL-0042] Number of overflowed tiles: 10 (0.28%)
[INFO GPL-0043] Average top 0.5% routing congestion: 1.0459
[INFO GPL-0044] Average top 1.0% routing congestion: 0.9655
[INFO GPL-0045] Average top 2.0% routing congestion: 0.8855
[INFO GPL-0046] Average top 5.0% routing congestion: 0.7788
[INFO GPL-0047] Routability iteration weighted routing congestion: 1.0057
[INFO GPL-0050] Weighted routing congestion is lower than target routing congestion(1.0100), end routability optimization.
[INFO GPL-0090] Routability finished. Target routing congestion achieved succesfully.
Iteration | Overflow |     HPWL (um) |  HPWL(%) |   Penalty | Group
---------------------------------------------------------------
      340 |   0.2868 |  2.621672e+05 |   +0.66% |  5.57e-09 |      
      350 |   0.2639 |  2.585169e+05 |   -1.39% |  8.21e-09 |      
      360 |   0.2506 |  2.531773e+05 |   -2.07% |  1.21e-08 |      
      370 |   0.2255 |  2.560324e+05 |   +1.13% |  1.78e-08 |      
      380 |   0.1986 |  2.587869e+05 |   +1.08% |  2.62e-08 |      
[INFO GPL-0100] Timing-driven iteration 2/2, virtual: false.
[INFO GPL-0101]    Iter: 383, overflow: 0.195, keep resizer changes at: 1, HPWL: 258669703
Iteration |   Area    | Resized | Buffers | Nets repaired | Remaining
---------------------------------------------------------------------
        0 |     +0.0% |       0 |       0 |             0 |     11080
    final |     +0.0% |       9 |       1 |             9 |         0
---------------------------------------------------------------------
[INFO RSZ-0034] Found 9 slew violations.
[INFO RSZ-0039] Resized 9 instances.
[INFO RSZ-0038] Inserted 1 buffers in 9 nets.
   Iter   |    Area   | Removed | Inserted |   Pins
          |           | Buffers | Buffers  | Remaining
-------------------------------------------------------
        0 |     +0.0% |       0 |        0 |     10520
     1000 |     +0.0% |       0 |        3 |      9520
     2000 |     +0.0% |       0 |        7 |      8520
     3000 |     +0.1% |       0 |       11 |      7520
     4000 |     +0.1% |       0 |       11 |      6520
     5000 |     +0.0% |       1 |       11 |      5520
     6000 |     -0.0% |      89 |       59 |      4520
     7000 |     +0.1% |      89 |       83 |      3520
     8000 |     +0.2% |      89 |      100 |      2520
     9000 |     +0.3% |      90 |      119 |      1520
    10000 |     +0.4% |      92 |      139 |       520
    final |     +0.4% |      97 |      143 |         0
-------------------------------------------------------
[INFO GPL-0106] Timing-driven: worst slack 1.0605082e-09
[INFO GPL-0107] Timing-driven: repair_design delta area: 644.418 um^2 (+0.39%)
[INFO GPL-0108] Timing-driven: repair_design, gpl delta gcells: 47 (+0.43%)
[INFO GPL-0109] Timing-driven: repair_design, gcells created: 144, deleted: 97
[INFO GPL-0110] Timing-driven: new target density: 0.6457875
Iteration | Overflow |     HPWL (um) |  HPWL(%) |   Penalty | Group
---------------------------------------------------------------
      390 |   0.1817 |  2.730011e+05 |   +5.49% |  3.86e-08 |      
      400 |   0.1607 |  2.742043e+05 |   +0.44% |  5.68e-08 |      
      410 |   0.1475 |  2.700554e+05 |   -1.51% |  8.37e-08 |      
      420 |   0.1310 |  2.683937e+05 |   -0.62% |  1.23e-07 |      
      430 |   0.1118 |  2.667077e+05 |   -0.63% |  1.82e-07 |      
      439 |   0.0999 |  2.656887e+05 |          |  2.68e-07 |      
---------------------------------------------------------------
[INFO GPL-1001] Global placement finished at iteration 439
[INFO GPL-1017] Routability mode iteration count: 65
[INFO GPL-1005] Routability final weighted congestion: 0.7822
[INFO GPL-1002] Placed Cell Area            164160.1804
[INFO GPL-1003] Available Free Area         255571.3632
[INFO GPL-1004] Minimum Feasible Density        0.6400 (cell_area / free_area)
[INFO GPL-1006]   Suggested Target Densities:
[INFO GPL-1007]     - For 90% usage of free space: 0.7137
[INFO GPL-1008]     - For 80% usage of free space: 0.8029
[INFO GPL-1011] Original area (um^2): 162681.06
[INFO GPL-1012] Total routability artificial inflation: 0.00 (+0.00%)
[INFO GPL-1013] Total timing-driven delta area: 1479.12 (+0.91%)
[INFO GPL-1014] Final placement area: 164160.18 (+0.91%)
[INFO GPL-1018] Final HPWL (um): 266442.75
Took 13 seconds: global_placement -density 0.6 -pad_left 0 -pad_right 0 -routability_driven -timing_driven -force_center_initial_place -min_phi_coef 0.95 -max_phi_coef 1.05
estimate_parasitics -placement
Report metrics stage 3, global place...

==========================================================================
global place report_design_area
--------------------------------------------------------------------------
Design area 165685 um^2 64% utilization.
write_db /work/orfs/results/sky130hd/s_ubp3_n64_u60/base/3_3_place_gp.odb
Elapsed time: 0:16.61[h:]min:sec. CPU time: user 9.84 sys 0.35 (61%). Peak memory: 338724KB.
Log                       Ext     Elapsed/s Peak Memory/MB sha1sum result [0:20)
3_3_place_gp              .odb           16            330 77191f63344d8a2312ff
/OpenROAD-flow-scripts/flow/scripts/flow.sh 3_4_place_resized resize
Running resize.tcl, stage 3_4_place_resized
read_liberty /OpenROAD-flow-scripts/flow/platforms/sky130hd/lib/sky130_fd_sc_hd__tt_025C_1v80.lib
read_db /work/orfs/results/sky130hd/s_ubp3_n64_u60/base/3_3_place_gp.odb
read_sdc /work/orfs/results/sky130hd/s_ubp3_n64_u60/base/2_floorplan.sdc
source /OpenROAD-flow-scripts/flow/platforms/sky130hd/setRC.tcl
estimate_parasitics -placement
Perform buffer insertion and gate resizing...
repair_design -verbose -match_cell_footprint
Iteration |   Area    | Resized | Buffers | Nets repaired | Remaining
---------------------------------------------------------------------
        0 |     +0.0% |       0 |       0 |             0 |     11127
     1000 |     +0.0% |       0 |       0 |             0 |     10127
     2000 |     +0.0% |       0 |       0 |             0 |      9127
     3000 |     +0.0% |       0 |       0 |             0 |      8127
     4000 |     +0.0% |       0 |       0 |             0 |      7127
     5000 |     +0.0% |       0 |       0 |             0 |      6127
     6000 |     +0.0% |       0 |       0 |             0 |      5127
     7000 |     +0.0% |       0 |       0 |             0 |      4127
     8000 |     +0.0% |       0 |       0 |             0 |      3127
     9000 |     +0.0% |       0 |       0 |             0 |      2127
    10000 |     +0.0% |       0 |       0 |             0 |      1127
    11000 |     +0.0% |       0 |       0 |             0 |       127
    final |     +0.0% |       0 |       0 |             0 |         0
---------------------------------------------------------------------
[INFO RSZ-0504] Runtime: 0.93s
Floating nets: 
Report metrics stage 3, resizer...

==========================================================================
resizer report_design_area
--------------------------------------------------------------------------
Design area 165685 um^2 64% utilization.
Instance count before 14359, after 14359
Pin count before 35017, after 35017
write_db /work/orfs/results/sky130hd/s_ubp3_n64_u60/base/3_4_place_resized.odb
Elapsed time: 0:05.23[h:]min:sec. CPU time: user 3.94 sys 0.17 (78%). Peak memory: 183156KB.
Log                       Ext     Elapsed/s Peak Memory/MB sha1sum result [0:20)
3_4_place_resized         .odb            5            178 77191f63344d8a2312ff
/OpenROAD-flow-scripts/flow/scripts/flow.sh 3_5_place_dp detail_place
Running detail_place.tcl, stage 3_5_place_dp
read_liberty /OpenROAD-flow-scripts/flow/platforms/sky130hd/lib/sky130_fd_sc_hd__tt_025C_1v80.lib
read_db /work/orfs/results/sky130hd/s_ubp3_n64_u60/base/3_4_place_resized.odb
read_sdc /work/orfs/results/sky130hd/s_ubp3_n64_u60/base/2_floorplan.sdc
source /OpenROAD-flow-scripts/flow/platforms/sky130hd/setRC.tcl
detailed_placement
[INFO DPL-0006] Core area: 259945.56 um^2
[INFO DPL-0007] Movable instances area: 161310.96 um^2
[INFO DPL-0008] Fixed instances area within core: 4374.20 um^2
[INFO DPL-0009] Utilization: 63.7%
[INFO DPL-0005] Diamond search max displacement: +/- 500 sites horizontally, +/- 100 rows vertically.
[INFO DPL-1102] Legalizing using negotiation legalizer.
[INFO DPL-1103] Negotiation base search window: +/-20 sites horizontally, +/-5 rows vertically 
	Automatic search window extension enabled.
	Search window extendable up to the max displacement cap of +/-500 sites, +/-100 rows near walls.
[INFO DPL-1104] NegotiationLegalizer DRC penalty: 5.
[INFO DPL-0392] Negotiation cell height distribution (1 unique row-count(s)):
[INFO DPL-0393]   height 1 row(s): 14359 cells
          |      Total |  Illegal |  Illegal
Iteration | Violations |    Cells |    Sites
---------------------------------------------
        0 |       7623 |      1591 |      6011
        1 |        133 |        29 |       104
        2 |         12 |         2 |        10
        3 |          0 |         0 |         0
Negotiation phase 1 converged at iteration 3.
[INFO DPL-0500] Runtime: 0.38s
Detailed Placement Analysis
---------------------------------
legalizer            negotiation
total moves               11708
total displacement      37589.1 u
average displacement        2.6 u
max displacement           15.0 u
original HPWL          266442.8 u
legalized HPWL         297164.7 u
delta HPWL                   12 %

improve_placement -max_displacement "5 1"
Detailed placement improvement.
[INFO DPL-0401] Setting random seed to 1.
[INFO DPL-0402] Setting maximum displacement 5 1 to 13600 2720 units.
[INFO DPL-0320] Collected 3626 fixed cells.
[INFO DPL-0318] Collected 10863 single height cells.
[INFO DPL-0321] Collected 0 wide cells.
[INFO DPL-0322] Image (2300, 2720) - (513360, 511360)
[INFO DPL-0310] Assigned 10863 cells into segments.  Movement in X-direction is 0.000000, movement in Y-direction is 0.000000.
[INFO DPL-0313] Found 0 cells in wrong regions.
[INFO DPL-0315] Found 0 row alignment problems.
[INFO DPL-0314] Found 0 site alignment problems.
[INFO DPL-0311] Found 0 overlaps between adjacent cells.
[INFO DPL-0312] Found 0 edge spacing violations and 0 padding violations.
[INFO DPL-0303] Running algorithm for independent set matching.
[INFO DPL-0300] Set matching objective is wirelength.
[INFO DPL-0301] Pass   1 of matching; objective is 2.972197e+08.
[INFO DPL-0302] End of matching; objective is 2.969186e+08, improvement is 0.10 percent.
[INFO DPL-0303] Running algorithm for global swaps.
[INFO DPL-0306] Pass   1 of global swaps; hpwl is 2.930951e+08.
[INFO DPL-0306] Pass   2 of global swaps; hpwl is 2.925433e+08.
[INFO DPL-0307] End of global swaps; objective is 2.925433e+08, improvement is 1.47 percent.
[INFO DPL-0303] Running algorithm for vertical swaps.
[INFO DPL-0308] Pass   1 of vertical swaps; hpwl is 2.915544e+08.
[INFO DPL-0309] End of vertical swaps; objective is 2.915544e+08, improvement is 0.34 percent.
[INFO DPL-0303] Running algorithm for reordering.
[INFO DPL-0304] Pass   1 of reordering; objective is 2.913452e+08.
[INFO DPL-0305] End of reordering; objective is 2.913452e+08, improvement is 0.07 percent.
[INFO DPL-0303] Running algorithm for random improvement.
[INFO DPL-0324] Random improver is using random generator.
[INFO DPL-0325] Random improver is using hpwl objective.
[INFO DPL-0326] Random improver cost string is (a).
[INFO DPL-0332] End of pass, Generator random called 217260 times.
[INFO DPL-0335] Generator random, Cumulative attempts 217260, swaps 36313, moves 39725 since last reset.
[INFO DPL-0333] End of pass, Objective hpwl, Initial cost 2.903339e+08, Scratch cost 2.874338e+08, Incremental cost 2.874338e+08, Mismatch? N
[INFO DPL-0338] End of pass, Total cost is 2.874338e+08.
[INFO DPL-0327] Pass   1 of random improver; improvement in cost is 1.00 percent.
[INFO DPL-0328] End of random improver; improvement is 0.998882 percent.
[INFO DPL-0380] Cell flipping.
[INFO DPL-0382] Changed 0 cell orientations for row compatibility.
[INFO DPL-0383] Performed 3491 cell flips.
[INFO DPL-0384] End of flipping; objective is 2.744387e+08, improvement is 4.86 percent.
[INFO DPL-0313] Found 0 cells in wrong regions.
[INFO DPL-0315] Found 0 row alignment problems.
[INFO DPL-0314] Found 0 site alignment problems.
[INFO DPL-0311] Found 0 overlaps between adjacent cells.
[INFO DPL-0312] Found 0 edge spacing violations and 0 padding violations.
Place Optimization Analysis
---------------------------------
total attempts           217260
relocated cells            4808
total displacement      24319.0 u
average displacement        5.1 u
max displacement           16.1 u
original HPWL          297164.7 u
improved HPWL          274202.2 u
delta HPWL                   -8 %

optimize_mirroring
[INFO DPL-0020] Mirrored 286 instances
[INFO DPL-0021] HPWL before          274202.2 u
[INFO DPL-0022] HPWL after           273890.6 u
[INFO DPL-0023] HPWL delta               -0.1 %
[INFO FLW-0012] Placement violations .
estimate_parasitics -placement
Report metrics stage 3, detailed place...

==========================================================================
detailed place report_design_area
--------------------------------------------------------------------------
Design area 165685 um^2 64% utilization.
write_db /work/orfs/results/sky130hd/s_ubp3_n64_u60/base/3_5_place_dp.odb
write_sdc -no_timestamp /work/orfs/results/sky130hd/s_ubp3_n64_u60/base/3_place.sdc
Elapsed time: 0:10.04[h:]min:sec. CPU time: user 5.91 sys 0.09 (59%). Peak memory: 192800KB.
Log                       Ext     Elapsed/s Peak Memory/MB sha1sum result [0:20)
3_5_place_dp              .odb           10            188 6773eea7e4280ebcc3ed
cp /work/orfs/results/sky130hd/s_ubp3_n64_u60/base/3_5_place_dp.odb /work/orfs/results/sky130hd/s_ubp3_n64_u60/base/3_place.odb
/OpenROAD-flow-scripts/flow/scripts/flow.sh 4_1_cts cts
Running cts.tcl, stage 4_1_cts
read_liberty /OpenROAD-flow-scripts/flow/platforms/sky130hd/lib/sky130_fd_sc_hd__tt_025C_1v80.lib
read_db /work/orfs/results/sky130hd/s_ubp3_n64_u60/base/3_place.odb
read_sdc /work/orfs/results/sky130hd/s_ubp3_n64_u60/base/3_place.sdc
source /OpenROAD-flow-scripts/flow/platforms/sky130hd/setRC.tcl
clock_tree_synthesis -sink_clustering_enable -repair_clock_nets
[INFO CTS-0050] Root buffer is sky130_fd_sc_hd__clkbuf_16.
[INFO CTS-0051] Sink buffer is sky130_fd_sc_hd__clkbuf_16.
[INFO CTS-0052] The following clock buffers will be used for CTS:
                    sky130_fd_sc_hd__clkbuf_16
[INFO CTS-0049] Characterization buffer is sky130_fd_sc_hd__clkbuf_16.
[INFO CTS-0007] Net "clk" found for clock "clk".
[INFO CTS-0010]  Clock net "clk" has 4594 sinks.
[INFO CTS-0008] TritonCTS found 1 clock nets.
[INFO CTS-0097] Characterization used 1 buffer(s) types.
[INFO CTS-0201] 0 blockages from hard placement blockages and placed macros will be used.
[INFO CTS-0027] Generating H-Tree topology for net clk.
[INFO CTS-0028]  Total number of sinks: 4594.
[INFO CTS-0090]  Sinks will be clustered based on buffer max cap.
[INFO CTS-0030]  Number of static layers: 0.
[INFO CTS-0020]  Wire segment unit: 13600  dbu (13 um).
[INFO CTS-0206] Best clustering solution was found from max clustering size of 14 and max clustering diameter of 62.
[INFO CTS-0019]  Total number of sinks after clustering: 405.
[INFO CTS-0024]  Normalized sink region: [(0.526838, 0.882219), (37.1586, 36.9009)].
[INFO CTS-0025]     Width:  36.6318.
[INFO CTS-0026]     Height: 36.0187.
 Level 1
    Direction: Horizontal
    Sinks per sub-region: 203
    Sub-region size: 18.3159 X 36.0187
[INFO CTS-0034]     Segment length (rounded): 10.
 Level 2
    Direction: Vertical
    Sinks per sub-region: 102
    Sub-region size: 18.3159 X 18.0093
[INFO CTS-0034]     Segment length (rounded): 10.
 Level 3
    Direction: Horizontal
    Sinks per sub-region: 51
    Sub-region size: 9.1579 X 18.0093
[INFO CTS-0034]     Segment length (rounded): 4.
 Level 4
    Direction: Vertical
    Sinks per sub-region: 26
    Sub-region size: 9.1579 X 9.0047
[INFO CTS-0034]     Segment length (rounded): 4.
 Level 5
    Direction: Horizontal
    Sinks per sub-region: 13
    Sub-region size: 4.5790 X 9.0047
[INFO CTS-0034]     Segment length (rounded): 2.
[INFO CTS-0038]  Stop criterion found. Sink region hpwl is smaller than max wirelength (1911.535 um) and max number of sinks is 15.
[INFO CTS-0035]  Number of sinks covered: 405.
[INFO CTS-0018]     Created 442 clock buffers.
[INFO CTS-0012]     Minimum number of buffers in the clock path: 4.
[INFO CTS-0013]     Maximum number of buffers in the clock path: 4.
[INFO CTS-0015]     Created 442 clock nets.
[INFO CTS-0016]     Fanout distribution for the current clock = 8:5, 9:25, 10:75, 11:118, 12:122, 13:68, 14:22, 15:2..
[INFO CTS-0017]     Max level of the clock tree: 5.
[INFO CTS-0098] Clock net "clk"
[INFO CTS-0099]  Sinks 4957
[INFO CTS-0100]  Leaf buffers 405
[INFO CTS-0101]  Average sink wire length 944.24 um
[INFO CTS-0102]  Path depth 3 - 4
[INFO CTS-0207]  Dummy loads inserted 363
[INFO CTS-0500] Runtime: 2.48s
estimate_parasitics -placement
detailed_placement
[INFO DPL-0006] Core area: 259945.56 um^2
[INFO DPL-0007] Movable instances area: 176256.54 um^2
[INFO DPL-0008] Fixed instances area within core: 4374.20 um^2
[INFO DPL-0009] Utilization: 69.5%
[INFO DPL-0005] Diamond search max displacement: +/- 500 sites horizontally, +/- 100 rows vertically.
[INFO DPL-1102] Legalizing using negotiation legalizer.
[INFO DPL-1103] Negotiation base search window: +/-20 sites horizontally, +/-5 rows vertically 
	Automatic search window extension enabled.
	Search window extendable up to the max displacement cap of +/-500 sites, +/-100 rows near walls.
[INFO DPL-1104] NegotiationLegalizer DRC penalty: 5.
[INFO DPL-0392] Negotiation cell height distribution (1 unique row-count(s)):
[INFO DPL-0393]   height 1 row(s): 15164 cells
          |      Total |  Illegal |  Illegal
Iteration | Violations |    Cells |    Sites
---------------------------------------------
        0 |       5341 |       711 |      4627
        1 |        867 |       109 |       758
        2 |        272 |        30 |       242
        3 |         10 |         4 |         6
        4 |          0 |         0 |         0
Negotiation phase 1 converged at iteration 4.
[INFO DPL-0500] Runtime: 0.38s
Detailed Placement Analysis
---------------------------------
legalizer            negotiation
total moves               11926
total displacement      22907.4 u
average displacement        1.5 u
max displacement           25.1 u
original HPWL          299949.1 u
legalized HPWL         318582.0 u
delta HPWL                    6 %

estimate_parasitics -placement
Warning: master sky130_ef_sc_hd__decap_12 has signal pins but no liberty cell
repair_timing -setup_margin 0 -hold_margin 0 -repair_tns 100 -match_cell_footprint -verbose
[INFO RSZ-0100] Repair move sequence: UnbufferMove SizeUpMove SwapPinsMove BufferMove CloneMove SplitLoadMove 
[INFO RSZ-0098] No setup violations found
[INFO RSZ-0505] Runtime: 0.99s
[INFO RSZ-0046] Found 322 endpoints with hold violations.
Iteration | Resized | Buffers | Cloned Gates |   Area   |   WNS   |   TNS   | Endpoint
--------------------------------------------------------------------------------------
        0 |       0 |       0 |            0 |    +0.0% |  -0.625 | -59.238 | gen13/_121_/D
       10 |       0 |       3 |            0 |    +0.0% |  -0.343 | -32.686 | gen8/_122_/D
       20 |       0 |      10 |            0 |    +0.1% |  -0.343 | -29.981 | gen8/_122_/D
       30 |       0 |      12 |            0 |    +0.1% |  -0.324 | -28.241 | gen14/_122_/D
       40 |       0 |      20 |            0 |    +0.1% |  -0.305 | -24.105 | gen2/_099_/D
       50 |       0 |      25 |            0 |    +0.1% |  -0.301 | -21.327 | gen5/_099_/D
       60 |       0 |      31 |            0 |    +0.2% |  -0.294 | -19.234 | gen19/_097_/D
       70 |       0 |      34 |            0 |    +0.2% |  -0.291 | -17.462 | gen5/_097_/D
       80 |       0 |      39 |            0 |    +0.2% |  -0.283 | -14.749 | gen3/_099_/D
       90 |       0 |      43 |            0 |    +0.2% |  -0.281 | -12.118 | gen3/_097_/D
      100 |       0 |      49 |            0 |    +0.3% |  -0.266 |  -8.462 | gen11/_122_/D
      110 |       0 |      49 |            0 |    +0.3% |  -0.266 |  -8.462 | gen11/_122_/D
      120 |       0 |      56 |            0 |    +0.3% |  -0.253 |  -4.856 | gen8/_097_/D
      130 |       0 |      60 |            0 |    +0.3% |  -0.239 |  -2.363 | gen17/_097_/D
      140 |       0 |      64 |            0 |    +0.4% |  -0.191 |  -0.581 | gen15/_122_/D
      150 |       0 |      66 |            0 |    +0.4% |  -0.109 |  -0.209 | gen20/_099_/D
      160 |       0 |      66 |            0 |    +0.4% |  -0.109 |  -0.209 | gen20/_099_/D
      170 |       0 |      66 |            0 |    +0.4% |  -0.109 |  -0.209 | gen20/_099_/D
      180 |       0 |      66 |            0 |    +0.4% |  -0.109 |  -0.209 | gen20/_099_/D
      190 |       0 |      66 |            0 |    +0.4% |  -0.109 |  -0.209 | gen20/_099_/D
      200 |       0 |      66 |            0 |    +0.4% |  -0.109 |  -0.209 | gen20/_099_/D
      210 |       0 |      66 |            0 |    +0.4% |  -0.109 |  -0.209 | gen20/_099_/D
      220 |       0 |      67 |            0 |    +0.4% |  -0.071 |  -0.082 | gen16/_097_/D
      230 |       0 |      67 |            0 |    +0.4% |  -0.071 |  -0.082 | gen16/_097_/D
      240 |       0 |      67 |            0 |    +0.4% |  -0.071 |  -0.082 | gen16/_097_/D
      250 |       0 |      68 |            0 |    +0.4% |  -0.011 |  -0.011 | gen20/_122_/D
      260 |       0 |      69 |            0 |    +0.4% |   0.023 |   0.000 | ba21_0_0_ff/D
      270 |       0 |      69 |            0 |    +0.4% |   0.023 |   0.000 | ba21_0_0_ff/D
      280 |       0 |      69 |            0 |    +0.4% |   0.023 |   0.000 | ba21_0_0_ff/D
      290 |       0 |      69 |            0 |    +0.4% |   0.023 |   0.000 | ba21_0_0_ff/D
      300 |       0 |      69 |            0 |    +0.4% |   0.023 |   0.000 | ba21_0_0_ff/D
      310 |       0 |      69 |            0 |    +0.4% |   0.023 |   0.000 | ba21_0_0_ff/D
      320 |       0 |      69 |            0 |    +0.4% |   0.023 |   0.000 | ba21_0_0_ff/D
    final |       0 |      69 |            0 |    +0.4% |   0.023 |   0.000 | ba21_0_0_ff/D
--------------------------------------------------------------------------------------
[INFO RSZ-0032] Inserted 69 hold buffers.
[INFO RSZ-0506] Runtime: 0.67s
Warning: master sky130_ef_sc_hd__decap_12 has signal pins but no liberty cell
Repair timing output passed lec test
detailed_placement
[INFO DPL-0006] Core area: 259945.56 um^2
[INFO DPL-0007] Movable instances area: 176947.21 um^2
[INFO DPL-0008] Fixed instances area within core: 4374.20 um^2
[INFO DPL-0009] Utilization: 69.8%
[INFO DPL-0005] Diamond search max displacement: +/- 500 sites horizontally, +/- 100 rows vertically.
[INFO DPL-1102] Legalizing using negotiation legalizer.
[INFO DPL-1103] Negotiation base search window: +/-20 sites horizontally, +/-5 rows vertically 
	Automatic search window extension enabled.
	Search window extendable up to the max displacement cap of +/-500 sites, +/-100 rows near walls.
[INFO DPL-1104] NegotiationLegalizer DRC penalty: 5.
[INFO DPL-0392] Negotiation cell height distribution (1 unique row-count(s)):
[INFO DPL-0393]   height 1 row(s): 15233 cells
          |      Total |  Illegal |  Illegal
Iteration | Violations |    Cells |    Sites
---------------------------------------------
        0 |        251 |        41 |       210
        1 |         36 |         6 |        30
        2 |          0 |         0 |         0
Negotiation phase 1 converged at iteration 2.
[INFO DPL-0500] Runtime: 0.22s
Detailed Placement Analysis
---------------------------------
legalizer            negotiation
total moves                 790
total displacement        308.5 u
average displacement        0.0 u
max displacement           11.2 u
original HPWL          318778.2 u
legalized HPWL         319052.9 u
delta HPWL                    0 %

estimate_parasitics -placement
Report metrics stage 4, cts final...

==========================================================================
cts final report_design_area
--------------------------------------------------------------------------
Design area 181321 um^2 70% utilization.
write_db /work/orfs/results/sky130hd/s_ubp3_n64_u60/base/4_1_cts.odb
write_sdc -no_timestamp /work/orfs/results/sky130hd/s_ubp3_n64_u60/base/4_cts.sdc
Elapsed time: 0:16.25[h:]min:sec. CPU time: user 9.27 sys 0.19 (58%). Peak memory: 216136KB.
Log                       Ext     Elapsed/s Peak Memory/MB sha1sum result [0:20)
4_1_cts                   .odb           16            211 24625a7b981a82886645
cp /work/orfs/results/sky130hd/s_ubp3_n64_u60/base/4_1_cts.odb /work/orfs/results/sky130hd/s_ubp3_n64_u60/base/4_cts.odb
/OpenROAD-flow-scripts/flow/scripts/flow.sh 5_1_grt global_route
Running global_route.tcl, stage 5_1_grt
read_liberty /OpenROAD-flow-scripts/flow/platforms/sky130hd/lib/sky130_fd_sc_hd__tt_025C_1v80.lib
read_db /work/orfs/results/sky130hd/s_ubp3_n64_u60/base/4_cts.odb
read_sdc /work/orfs/results/sky130hd/s_ubp3_n64_u60/base/4_cts.sdc
source /OpenROAD-flow-scripts/flow/platforms/sky130hd/setRC.tcl
pin_access
[INFO DRT-0149] Reading tech and libs.
[WARNING DRT-0349] LEF58_ENCLOSURE with no CUTCLASS is not supported. Skipping for layer mcon
[WARNING DRT-0349] LEF58_ENCLOSURE with no CUTCLASS is not supported. Skipping for layer mcon
[WARNING DRT-0349] LEF58_ENCLOSURE with no CUTCLASS is not supported. Skipping for layer via
[WARNING DRT-0349] LEF58_ENCLOSURE with no CUTCLASS is not supported. Skipping for layer via
[WARNING DRT-0349] LEF58_ENCLOSURE with no CUTCLASS is not supported. Skipping for layer via2
[WARNING DRT-0349] LEF58_ENCLOSURE with no CUTCLASS is not supported. Skipping for layer via2
[WARNING DRT-0349] LEF58_ENCLOSURE with no CUTCLASS is not supported. Skipping for layer via3
[WARNING DRT-0349] LEF58_ENCLOSURE with no CUTCLASS is not supported. Skipping for layer via3
[WARNING DRT-0349] LEF58_ENCLOSURE with no CUTCLASS is not supported. Skipping for layer via4
[WARNING DRT-0349] LEF58_ENCLOSURE with no CUTCLASS is not supported. Skipping for layer via4

Units:                1000
Number of layers:     13
Number of macros:     441
Number of vias:       29
Number of viarulegen: 25

[INFO DRT-0150] Reading design.

Design:                   top
Die area:                 ( 0 0 ) ( 515435 515435 )
Number of track patterns: 12
Number of DEF vias:       0
Number of components:     15233
Number of terminals:      132
Number of snets:          2
Number of nets:           11440

[INFO DRT-0167] List of default vias:
  Layer via
    default via: M1M2_PR
  Layer via2
    default via: M2M3_PR
  Layer via3
    default via: M3M4_PR
  Layer via4
    default via: M4M5_PR
[INFO DRT-0162] Library cell analysis.
[INFO DRT-0163] Instance analysis.
[INFO DRT-0164] Number of unique instances = 53.
[INFO DRT-0168] Init region query.
[INFO DRT-0024]   Complete FR_MASTERSLICE.
[INFO DRT-0024]   Complete Fr_VIA.
[INFO DRT-0024]   Complete li1.
[INFO DRT-0024]   Complete mcon.
[INFO DRT-0024]   Complete met1.
[INFO DRT-0024]   Complete via.
[INFO DRT-0024]   Complete met2.
[INFO DRT-0024]   Complete via2.
[INFO DRT-0024]   Complete met3.
[INFO DRT-0024]   Complete via3.
[INFO DRT-0024]   Complete met4.
[INFO DRT-0024]   Complete via4.
[INFO DRT-0024]   Complete met5.
[INFO DRT-0033] FR_MASTERSLICE shape region query size = 0.
[INFO DRT-0033] FR_VIA shape region query size = 0.
[INFO DRT-0033] li1 shape region query size = 538531.
[INFO DRT-0033] mcon shape region query size = 326808.
[INFO DRT-0033] met1 shape region query size = 84324.
[INFO DRT-0033] via shape region query size = 17390.
[INFO DRT-0033] met2 shape region query size = 10495.
[INFO DRT-0033] via2 shape region query size = 13912.
[INFO DRT-0033] met3 shape region query size = 10503.
[INFO DRT-0033] via3 shape region query size = 13912.
[INFO DRT-0033] met4 shape region query size = 4200.
[INFO DRT-0033] via4 shape region query size = 685.
[INFO DRT-0033] met5 shape region query size = 759.
[INFO DRT-0165] Start pin access.
[INFO DRT-0078]   Complete 341 pins.
[INFO DRT-0081]   Complete 53 unique inst patterns.
[INFO DRT-0084]   Complete 7695 groups.
#scanned instances     = 15233
#unique  instances     = 53
#stdCellGenAp          = 915
#stdCellValidPlanarAp  = 0
#stdCellValidViaAp     = 659
#stdCellPinNoAp        = 0
#stdCellPinCnt         = 36204
#instTermValidViaApCnt = 0
#macroGenAp            = 0
#macroValidPlanarAp    = 0
#macroValidViaAp       = 0
#macroNoAp             = 0
[INFO DRT-0166] Complete pin access.
[INFO DRT-0267] cpu time = 00:03:47, elapsed time = 00:05:57, memory = 215.22 (MB), peak = 220.10 (MB)
Took 358 seconds: pin_access
global_route -congestion_report_file /work/orfs/reports/sky130hd/s_ubp3_n64_u60/base/congestion.rpt -congestion_iterations 30 -congestion_report_iter_step 5 -verbose
[INFO GRT-0020] Min routing layer: met1
[INFO GRT-0021] Max routing layer: met5
[INFO GRT-0022] Global adjustment: 0%
[INFO GRT-0023] Grid origin: (0, 0)
[INFO GRT-0088] Layer li1     Track-Pitch = 0.4600  line-2-Via Pitch: 0.3400
[INFO GRT-0088] Layer met1    Track-Pitch = 0.3400  line-2-Via Pitch: 0.3400
[INFO GRT-0088] Layer met2    Track-Pitch = 0.4600  line-2-Via Pitch: 0.3500
[INFO GRT-0088] Layer met3    Track-Pitch = 0.6800  line-2-Via Pitch: 0.6150
[INFO GRT-0088] Layer met4    Track-Pitch = 0.9200  line-2-Via Pitch: 1.0400
[INFO GRT-0088] Layer met5    Track-Pitch = 3.4000  line-2-Via Pitch: 3.1100
[INFO GRT-0003] Macros: 0
[INFO GRT-0004] Blockages: 87164
[INFO GRT-0019] Found 443 clock nets.
[INFO GRT-0001] Minimum degree: 2
[INFO GRT-0002] Maximum degree: 50

[INFO GRT-0053] Routing resources analysis:
          Routing      Original      Derated      Resource
Layer     Direction    Resources     Resources    Reduction (%)
---------------------------------------------------------------
li1        Vertical            0             0          0.00%
met1       Horizontal      78477         61156          22.07%
met2       Vertical        70591         54239          23.16%
met3       Horizontal      52596         41250          21.57%
met4       Vertical        34967         24747          29.23%
met5       Horizontal       7738          5475          29.25%
---------------------------------------------------------------

[INFO GRT-0197] Via related to pin nodes: 58009
[INFO GRT-0198] Via related Steiner nodes: 1009
[INFO GRT-0199] Via filling finished.
[INFO GRT-0111] Final number of vias: 71996
[INFO GRT-0112] Final usage 3D: 268524

[INFO GRT-0096] Final congestion report:
Layer         Resource        Demand        Usage (%)    Max H / Max V / Total Congestion
---------------------------------------------------------------------------------------
li1                  0             0            0.00%             0 /  0 /  0
met1             61156         25692           42.01%             0 /  0 /  0
met2             54239         23201           42.78%             0 /  0 /  0
met3             41250          1826            4.43%             0 /  0 /  0
met4             24747          1817            7.34%             0 /  0 /  0
met5              5475             0            0.00%             0 /  0 /  0
---------------------------------------------------------------------------------------
Total           186867         52536           28.11%             0 /  0 /  0

[INFO GRT-0018] Total wirelength: 526815 um
[INFO GRT-0014] Routed nets: 11383
[INFO GRT-0303] Global routing runtime = 00:00:01
estimate_parasitics -global_routing
Perform buffer insertion and gate resizing...
repair_design -verbose
Iteration |   Area    | Resized | Buffers | Nets repaired | Remaining
---------------------------------------------------------------------
        0 |     +0.0% |       0 |       0 |             0 |     12001
     1000 |     +0.0% |       0 |       0 |             0 |     11001
     2000 |     +0.0% |       0 |       0 |             0 |     10001
     3000 |     +0.0% |       0 |       0 |             0 |      9001
     4000 |     +0.0% |       0 |       0 |             0 |      8001
     5000 |     +0.0% |       0 |       0 |             0 |      7001
     6000 |     +0.0% |       0 |       0 |             0 |      6001
     7000 |     +0.0% |       0 |       0 |             0 |      5001
     8000 |     +0.0% |       0 |       0 |             0 |      4001
[WARNING RSZ-0104] Net pp9_12 only has one pin. Check if it is intended to be dangling.
[WARNING RSZ-0104] Net pn8_9 only has one pin. Check if it is intended to be dangling.
[WARNING RSZ-0104] Net pp8_8 only has one pin. Check if it is intended to be dangling.
[WARNING RSZ-0104] Net pn8_12 only has one pin. Check if it is intended to be dangling.
[WARNING RSZ-0104] Net pn8_1 only has one pin. Check if it is intended to be dangling.
[WARNING RSZ-0104] Net pn7_6 only has one pin. Check if it is intended to be dangling.
     9000 |     +0.0% |       0 |       0 |             0 |      3001
[WARNING RSZ-0104] Net pn7_1 only has one pin. Check if it is intended to be dangling.
[WARNING RSZ-0104] Net pp6_10 only has one pin. Check if it is intended to be dangling.
[WARNING RSZ-0104] Net pn5_9 only has one pin. Check if it is intended to be dangling.
[WARNING RSZ-0104] Net pp5_2 only has one pin. Check if it is intended to be dangling.
[WARNING RSZ-0104] Net pp4_5 only has one pin. Check if it is intended to be dangling.
[WARNING RSZ-0104] Net pp4_11 only has one pin. Check if it is intended to be dangling.
[WARNING RSZ-0104] Net pp4_10 only has one pin. Check if it is intended to be dangling.
[WARNING RSZ-0104] Net pn3_10 only has one pin. Check if it is intended to be dangling.
[WARNING RSZ-0104] Net pn2_4 only has one pin. Check if it is intended to be dangling.
[WARNING RSZ-0104] Net pn2_11 only has one pin. Check if it is intended to be dangling.
[WARNING RSZ-0104] Net pp20_9 only has one pin. Check if it is intended to be dangling.
[WARNING RSZ-0104] Net pp20_7 only has one pin. Check if it is intended to be dangling.
[WARNING RSZ-0104] Net pn20_5 only has one pin. Check if it is intended to be dangling.
[WARNING RSZ-0104] Net pn20_11 only has one pin. Check if it is intended to be dangling.
[WARNING RSZ-0104] Net pn20_10 only has one pin. Check if it is intended to be dangling.
[WARNING RSZ-0104] Net pn20_1 only has one pin. Check if it is intended to be dangling.
[WARNING RSZ-0104] Net pn1_5 only has one pin. Check if it is intended to be dangling.
[WARNING RSZ-0104] Net pn1_12 only has one pin. Check if it is intended to be dangling.
[WARNING RSZ-0104] Net pn1_11 only has one pin. Check if it is intended to be dangling.
[WARNING RSZ-0104] Net pn19_8 only has one pin. Check if it is intended to be dangling.
[WARNING RSZ-0104] Net pp19_10 only has one pin. Check if it is intended to be dangling.
[WARNING RSZ-0104] Net pp18_9 only has one pin. Check if it is intended to be dangling.
[WARNING RSZ-0104] Net pn18_12 only has one pin. Check if it is intended to be dangling.
[WARNING RSZ-0104] Net pp17_3 only has one pin. Check if it is intended to be dangling.
[WARNING RSZ-0104] Net pn17_11 only has one pin. Check if it is intended to be dangling.
[WARNING RSZ-0104] Net pn17_10 only has one pin. Check if it is intended to be dangling.
[WARNING RSZ-0104] Net pp16_9 only has one pin. Check if it is intended to be dangling.
[WARNING RSZ-0104] Net pn16_10 only has one pin. Check if it is intended to be dangling.
[WARNING RSZ-0104] Net pn15_9 only has one pin. Check if it is intended to be dangling.
[WARNING RSZ-0104] Net pp15_6 only has one pin. Check if it is intended to be dangling.
[WARNING RSZ-0104] Net pn15_12 only has one pin. Check if it is intended to be dangling.
[WARNING RSZ-0104] Net pp15_10 only has one pin. Check if it is intended to be dangling.
[WARNING RSZ-0104] Net pn14_12 only has one pin. Check if it is intended to be dangling.
[WARNING RSZ-0104] Net pn14_11 only has one pin. Check if it is intended to be dangling.
[WARNING RSZ-0104] Net pp14_11 only has one pin. Check if it is intended to be dangling.
[WARNING RSZ-0104] Net pn13_8 only has one pin. Check if it is intended to be dangling.
[WARNING RSZ-0104] Net pp13_11 only has one pin. Check if it is intended to be dangling.
[WARNING RSZ-0104] Net pp13_10 only has one pin. Check if it is intended to be dangling.
[WARNING RSZ-0104] Net pn12_6 only has one pin. Check if it is intended to be dangling.
[WARNING RSZ-0104] Net pp12_2 only has one pin. Check if it is intended to be dangling.
[WARNING RSZ-0104] Net pn12_11 only has one pin. Check if it is intended to be dangling.
[WARNING RSZ-0104] Net pp11_9 only has one pin. Check if it is intended to be dangling.
[WARNING RSZ-0104] Net pp11_7 only has one pin. Check if it is intended to be dangling.
[WARNING RSZ-0104] Net pn11_6 only has one pin. Check if it is intended to be dangling.
[WARNING RSZ-0104] Net pn10_11 only has one pin. Check if it is intended to be dangling.
[WARNING RSZ-0104] Net pp10_10 only has one pin. Check if it is intended to be dangling.
[WARNING RSZ-0104] Net pn0_9 only has one pin. Check if it is intended to be dangling.
[WARNING RSZ-0104] Net pn0_12 only has one pin. Check if it is intended to be dangling.
[WARNING RSZ-0104] Net pp0_10 only has one pin. Check if it is intended to be dangling.
[WARNING RSZ-0104] Net pp0_1 only has one pin. Check if it is intended to be dangling.
[WARNING RSZ-0104] Net pn0_0 only has one pin. Check if it is intended to be dangling.
    10000 |     +0.0% |       0 |       0 |             0 |      2001
    11000 |     +0.0% |       0 |       0 |             0 |      1001
    12000 |     +0.0% |       0 |       0 |             0 |         1
    final |     +0.0% |       0 |       0 |             0 |         0
---------------------------------------------------------------------
[INFO RSZ-0504] Runtime: 2.01s
global_route -start_incremental
detailed_placement
[INFO DPL-0006] Core area: 259945.56 um^2
[INFO DPL-0007] Movable instances area: 176947.21 um^2
[INFO DPL-0008] Fixed instances area within core: 4374.20 um^2
[INFO DPL-0009] Utilization: 69.8%
[INFO DPL-0005] Diamond search max displacement: +/- 500 sites horizontally, +/- 100 rows vertically.
[INFO DPL-1102] Legalizing using negotiation legalizer.
[INFO DPL-1103] Negotiation base search window: +/-20 sites horizontally, +/-5 rows vertically 
	Automatic search window extension enabled.
	Search window extendable up to the max displacement cap of +/-500 sites, +/-100 rows near walls.
[INFO DPL-1104] NegotiationLegalizer DRC penalty: 5.
[INFO DPL-0392] Negotiation cell height distribution (1 unique row-count(s)):
[INFO DPL-0393]   height 1 row(s): 15233 cells
[INFO DPL-0500] Runtime: 0.17s
Detailed Placement Analysis
---------------------------------
legalizer            negotiation
total moves                   0
total displacement          0.0 u
average displacement        0.0 u
max displacement            0.0 u
original HPWL          319052.9 u
legalized HPWL         319052.9 u
delta HPWL                    0 %

global_route -end_incremental -congestion_report_file /work/orfs/reports/sky130hd/s_ubp3_n64_u60/base/congestion_post_repair_design.rpt
Repair setup and hold violations...
estimate_parasitics -global_routing
repair_timing -setup_margin 0 -hold_margin 0 -repair_tns 100 -verbose
[INFO RSZ-0100] Repair move sequence: UnbufferMove SizeUpMove SwapPinsMove BufferMove CloneMove SplitLoadMove 
[INFO RSZ-0098] No setup violations found
[INFO RSZ-0505] Runtime: 1.25s
[INFO RSZ-0033] No hold violations found.
[INFO RSZ-0506] Runtime: 0.33s
global_route -start_incremental
detailed_placement
[INFO DPL-0006] Core area: 259945.56 um^2
[INFO DPL-0007] Movable instances area: 176947.21 um^2
[INFO DPL-0008] Fixed instances area within core: 4374.20 um^2
[INFO DPL-0009] Utilization: 69.8%
[INFO DPL-0005] Diamond search max displacement: +/- 500 sites horizontally, +/- 100 rows vertically.
[INFO DPL-1102] Legalizing using negotiation legalizer.
[INFO DPL-1103] Negotiation base search window: +/-20 sites horizontally, +/-5 rows vertically 
	Automatic search window extension enabled.
	Search window extendable up to the max displacement cap of +/-500 sites, +/-100 rows near walls.
[INFO DPL-1104] NegotiationLegalizer DRC penalty: 5.
[INFO DPL-0392] Negotiation cell height distribution (1 unique row-count(s)):
[INFO DPL-0393]   height 1 row(s): 15233 cells
[INFO DPL-0500] Runtime: 0.13s
Detailed Placement Analysis
---------------------------------
legalizer            negotiation
total moves                   0
total displacement          0.0 u
average displacement        0.0 u
max displacement            0.0 u
original HPWL          319052.9 u
legalized HPWL         319052.9 u
delta HPWL                    0 %

check_placement -verbose
global_route -end_incremental -congestion_report_file /work/orfs/reports/sky130hd/s_ubp3_n64_u60/base/congestion_post_repair_timing.rpt
estimate_parasitics -global_routing
global_route -start_incremental
global_route -end_incremental -congestion_report_file /work/orfs/reports/sky130hd/s_ubp3_n64_u60/base/congestion_post_recover_power.rpt
Repair antennas...
[INFO GRT-0012] Found 62 antenna violations.
[INFO GRT-0302] Inserted 60 jumpers for 55 nets.
[INFO GRT-0012] Found 7 antenna violations.
[INFO DPL-0501] Legalized with 363 moves: displacement total 148.5 u, max 17.2 u; HPWL 319090.3 -> 319195.8 u (+0.0 %).
[INFO DPL-0500] Runtime: 0.30s
[INFO GRT-0015] Inserted 27 diodes.
[INFO GRT-0012] Found 2 antenna violations.
[INFO GRT-0302] Inserted 0 jumpers for 0 nets.
[INFO GRT-0012] Found 2 antenna violations.
[INFO DPL-0501] Legalized with 50 moves: displacement total 6.4 u, max 5.4 u; HPWL 319195.8 -> 319202.8 u (+0.0 %).
[INFO DPL-0500] Runtime: 0.16s
[INFO GRT-0015] Inserted 2 diodes.
[INFO GRT-0012] Found 0 antenna violations.
[INFO ANT-0002] Found 0 net violations.
[INFO ANT-0001] Found 0 pin violations.
Estimate parasitics...
estimate_parasitics -global_routing
Report metrics stage 5, global route...

==========================================================================
global route report_design_area
--------------------------------------------------------------------------
Design area 181394 um^2 70% utilization.
[INFO FLW-0007] clock clk period 3.000000
[INFO FLW-0008] Clock clk period 1.881
[INFO FLW-0009] Clock clk slack 1.020
write_sdc -no_timestamp /work/orfs/results/sky130hd/s_ubp3_n64_u60/base/updated_clks.sdc
[INFO FLW-0011] Path endpoint path count 5107
write_db /work/orfs/results/sky130hd/s_ubp3_n64_u60/base/5_1_grt.odb
write_sdc -no_timestamp /work/orfs/results/sky130hd/s_ubp3_n64_u60/base/5_1_grt.sdc
Elapsed time: 6:54.70[h:]min:sec. CPU time: user 263.77 sys 0.72 (63%). Peak memory: 460184KB.
Log                       Ext     Elapsed/s Peak Memory/MB sha1sum result [0:20)
5_1_grt                   .odb          414            449 6679338edcdca5c4f56e
5_1_grt                   .sdc                             9fd7445c262a15275321
/OpenROAD-flow-scripts/flow/scripts/flow.sh 5_2_route detail_route
Running detail_route.tcl, stage 5_2_route
read_liberty /OpenROAD-flow-scripts/flow/platforms/sky130hd/lib/sky130_fd_sc_hd__tt_025C_1v80.lib
read_db /work/orfs/results/sky130hd/s_ubp3_n64_u60/base/5_1_grt.odb
read_sdc /work/orfs/results/sky130hd/s_ubp3_n64_u60/base/5_1_grt.sdc
source /OpenROAD-flow-scripts/flow/platforms/sky130hd/setRC.tcl
detailed_route -output_drc /work/orfs/reports/sky130hd/s_ubp3_n64_u60/base/5_route_drc.rpt -output_maze /work/orfs/results/sky130hd/s_ubp3_n64_u60/base/maze.log -droute_end_iter 64 -verbose 1 -drc_report_iter_step 5
[INFO DRT-0149] Reading tech and libs.
[WARNING DRT-0349] LEF58_ENCLOSURE with no CUTCLASS is not supported. Skipping for layer mcon
[WARNING DRT-0349] LEF58_ENCLOSURE with no CUTCLASS is not supported. Skipping for layer mcon
[WARNING DRT-0349] LEF58_ENCLOSURE with no CUTCLASS is not supported. Skipping for layer via
[WARNING DRT-0349] LEF58_ENCLOSURE with no CUTCLASS is not supported. Skipping for layer via
[WARNING DRT-0349] LEF58_ENCLOSURE with no CUTCLASS is not supported. Skipping for layer via2
[WARNING DRT-0349] LEF58_ENCLOSURE with no CUTCLASS is not supported. Skipping for layer via2
[WARNING DRT-0349] LEF58_ENCLOSURE with no CUTCLASS is not supported. Skipping for layer via3
[WARNING DRT-0349] LEF58_ENCLOSURE with no CUTCLASS is not supported. Skipping for layer via3
[WARNING DRT-0349] LEF58_ENCLOSURE with no CUTCLASS is not supported. Skipping for layer via4
[WARNING DRT-0349] LEF58_ENCLOSURE with no CUTCLASS is not supported. Skipping for layer via4

Units:                1000
Number of layers:     13
Number of macros:     441
Number of vias:       29
Number of viarulegen: 25

[INFO DRT-0150] Reading design.

Design:                   top
Die area:                 ( 0 0 ) ( 515435 515435 )
Number of track patterns: 12
Number of DEF vias:       0
Number of components:     15262
Number of terminals:      132
Number of snets:          2
Number of nets:           11440

[INFO DRT-0167] List of default vias:
  Layer via
    default via: M1M2_PR
  Layer via2
    default via: M2M3_PR
  Layer via3
    default via: M3M4_PR
  Layer via4
    default via: M4M5_PR
[INFO DRT-0162] Library cell analysis.
[INFO DRT-0163] Instance analysis.
[INFO DRT-0164] Number of unique instances = 55.
[INFO DRT-0168] Init region query.
[INFO DRT-0024]   Complete FR_MASTERSLICE.
[INFO DRT-0024]   Complete Fr_VIA.
[INFO DRT-0024]   Complete li1.
[INFO DRT-0024]   Complete mcon.
[INFO DRT-0024]   Complete met1.
[INFO DRT-0024]   Complete via.
[INFO DRT-0024]   Complete met2.
[INFO DRT-0024]   Complete via2.
[INFO DRT-0024]   Complete met3.
[INFO DRT-0024]   Complete via3.
[INFO DRT-0024]   Complete met4.
[INFO DRT-0024]   Complete via4.
[INFO DRT-0024]   Complete met5.
[INFO DRT-0033] FR_MASTERSLICE shape region query size = 0.
[INFO DRT-0033] FR_VIA shape region query size = 0.
[INFO DRT-0033] li1 shape region query size = 538618.
[INFO DRT-0033] mcon shape region query size = 326924.
[INFO DRT-0033] met1 shape region query size = 84382.
[INFO DRT-0033] via shape region query size = 17390.
[INFO DRT-0033] met2 shape region query size = 10495.
[INFO DRT-0033] via2 shape region query size = 13912.
[INFO DRT-0033] met3 shape region query size = 10503.
[INFO DRT-0033] via3 shape region query size = 13912.
[INFO DRT-0033] met4 shape region query size = 4200.
[INFO DRT-0033] via4 shape region query size = 685.
[INFO DRT-0033] met5 shape region query size = 759.
[INFO DRT-0165] Start pin access.
[INFO DRT-0078]   Complete 351 pins.
[INFO DRT-0081]   Complete 55 unique inst patterns.
[INFO DRT-0084]   Complete 7704 groups.
#scanned instances     = 15262
#unique  instances     = 55
#stdCellGenAp          = 939
#stdCellValidPlanarAp  = 0
#stdCellValidViaAp     = 683
#stdCellPinNoAp        = 0
#stdCellPinCnt         = 36204
#instTermValidViaApCnt = 0
#macroGenAp            = 0
#macroValidPlanarAp    = 0
#macroValidViaAp       = 0
#macroNoAp             = 0
[INFO DRT-0166] Complete pin access.
[INFO DRT-0267] cpu time = 00:03:56, elapsed time = 00:05:58, memory = 340.41 (MB), peak = 346.59 (MB)

[INFO DRT-0157] Number of guides:     78216

[INFO DRT-0169] Post process guides.
[INFO DRT-0176] GCELLGRID X 0 DO 74 STEP 6900 ;
[INFO DRT-0177] GCELLGRID Y 0 DO 74 STEP 6900 ;
[INFO DRT-0028]   Complete FR_MASTERSLICE.
[INFO DRT-0028]   Complete Fr_VIA.
[INFO DRT-0028]   Complete li1.
[INFO DRT-0028]   Complete mcon.
[INFO DRT-0028]   Complete met1.
[INFO DRT-0028]   Complete via.
[INFO DRT-0028]   Complete met2.
[INFO DRT-0028]   Complete via2.
[INFO DRT-0028]   Complete met3.
[INFO DRT-0028]   Complete via3.
[INFO DRT-0028]   Complete met4.
[INFO DRT-0028]   Complete via4.
[INFO DRT-0028]   Complete met5.
[INFO DRT-0178] Init guide query.
[INFO DRT-0035]   Complete FR_MASTERSLICE (guide).
[INFO DRT-0035]   Complete Fr_VIA (guide).
[INFO DRT-0035]   Complete li1 (guide).
[INFO DRT-0035]   Complete mcon (guide).
[INFO DRT-0035]   Complete met1 (guide).
[INFO DRT-0035]   Complete via (guide).
[INFO DRT-0035]   Complete met2 (guide).
[INFO DRT-0035]   Complete via2 (guide).
[INFO DRT-0035]   Complete met3 (guide).
[INFO DRT-0035]   Complete via3 (guide).
[INFO DRT-0035]   Complete met4 (guide).
[INFO DRT-0035]   Complete via4 (guide).
[INFO DRT-0035]   Complete met5 (guide).
[INFO DRT-0036] FR_MASTERSLICE guide region query size = 0.
[INFO DRT-0036] FR_VIA guide region query size = 0.
[INFO DRT-0036] li1 guide region query size = 29371.
[INFO DRT-0036] mcon guide region query size = 0.
[INFO DRT-0036] met1 guide region query size = 23729.
[INFO DRT-0036] via guide region query size = 0.
[INFO DRT-0036] met2 guide region query size = 10647.
[INFO DRT-0036] via2 guide region query size = 0.
[INFO DRT-0036] met3 guide region query size = 738.
[INFO DRT-0036] via3 guide region query size = 0.
[INFO DRT-0036] met4 guide region query size = 381.
[INFO DRT-0036] via4 guide region query size = 0.
[INFO DRT-0036] met5 guide region query size = 9.
[INFO DRT-0179] Init gr pin query.
[INFO DRT-0267] cpu time = 00:00:00, elapsed time = 00:00:00, memory = 359.25 (MB), peak = 358.88 (MB)
[INFO DRT-0245] skipped writing guide updates to database.
[INFO DRT-0181] Start track assignment.
[INFO DRT-0184] Done with 40399 vertical wires in 2 frboxes and 24476 horizontal wires in 2 frboxes.
[INFO DRT-0186] Done with 3047 vertical wires in 2 frboxes and 6829 horizontal wires in 2 frboxes.
[INFO DRT-0182] Complete track assignment.
[INFO DRT-0267] cpu time = 00:00:06, elapsed time = 00:00:09, memory = 423.39 (MB), peak = 487.29 (MB)
[INFO DRT-0187] Start routing data preparation.
[INFO DRT-0267] cpu time = 00:00:00, elapsed time = 00:00:00, memory = 424.96 (MB), peak = 487.29 (MB)
[INFO DRT-0194] Start detail routing.
[INFO DRT-0195] Start 0th optimization iteration.
    Completing 10% with 0 violations.
    elapsed time = 00:00:30, memory = 639.71 (MB).
    Completing 20% with 0 violations.
    elapsed time = 00:00:54, memory = 818.16 (MB).
    Completing 30% with 1273 violations.
    elapsed time = 00:01:13, memory = 838.04 (MB).
    Completing 40% with 1273 violations.
    elapsed time = 00:01:45, memory = 829.98 (MB).
    Completing 50% with 1273 violations.
    elapsed time = 00:02:13, memory = 858.09 (MB).
    Completing 60% with 2395 violations.
    elapsed time = 00:02:44, memory = 905.33 (MB).
    Completing 70% with 2395 violations.
    elapsed time = 00:03:19, memory = 897.31 (MB).
    Completing 80% with 3477 violations.
    elapsed time = 00:03:48, memory = 939.12 (MB).
    Completing 90% with 3477 violations.
    elapsed time = 00:04:30, memory = 940.49 (MB).
    Completing 100% with 4708 violations.
    elapsed time = 00:05:09, memory = 905.49 (MB).
[INFO DRT-0199]   Number of violations = 5812.
Viol/Layer         li1   mcon   met1    via   met2   met3   via3   met4   via4   met5
Cut Spacing          0     17      0      0      0      0      0      0      0      0
Metal Spacing        0      0    771      0    220      3      0      2      0      0
Min Hole             0      0      1      0      0      0      0      0      0      0
Recheck             15      0    751      0    260     19      0     57      0      2
Short                0      0   3357     11    323      0      1      0      1      1
[INFO DRT-0267] cpu time = 00:03:24, elapsed time = 00:05:10, memory = 926.49 (MB), peak = 967.19 (MB)
Total wire length = 378110 um.
Total wire length on LAYER li1 = 0 um.
Total wire length on LAYER met1 = 188899 um.
Total wire length on LAYER met2 = 165557 um.
Total wire length on LAYER met3 = 13177 um.
Total wire length on LAYER met4 = 10361 um.
Total wire length on LAYER met5 = 114 um.
Total number of vias = 76667.
Up-via summary (total 76667):

------------------------
 FR_MASTERSLICE        0
            li1    36741
           met1    38318
           met2     1083
           met3      509
           met4       16
------------------------
               76667


[INFO DRT-0195] Start 1st optimization iteration.
    Completing 10% with 5812 violations.
    elapsed time = 00:00:20, memory = 923.01 (MB).
    Completing 20% with 5812 violations.
    elapsed time = 00:00:46, memory = 925.28 (MB).
    Completing 30% with 4862 violations.
    elapsed time = 00:01:06, memory = 990.91 (MB).
    Completing 40% with 4862 violations.
    elapsed time = 00:01:32, memory = 985.58 (MB).
    Completing 50% with 4862 violations.
    elapsed time = 00:02:07, memory = 992.93 (MB).
    Completing 60% with 4105 violations.
    elapsed time = 00:02:29, memory = 971.96 (MB).
    Completing 70% with 4105 violations.
    elapsed time = 00:02:57, memory = 972.53 (MB).
    Completing 80% with 3014 violations.
    elapsed time = 00:03:21, memory = 976.96 (MB).
    Completing 90% with 3014 violations.
    elapsed time = 00:03:54, memory = 976.29 (MB).
    Completing 100% with 2019 violations.
    elapsed time = 00:04:30, memory = 954.66 (MB).
[INFO DRT-0199]   Number of violations = 2019.
Viol/Layer        mcon   met1   met2   met3
Cut Spacing          1      0      0      0
Metal Spacing        0    374     51      3
Short                0   1474    116      0
[INFO DRT-0267] cpu time = 00:02:58, elapsed time = 00:04:31, memory = 950.96 (MB), peak = 1012.56 (MB)
Total wire length = 375403 um.
Total wire length on LAYER li1 = 0 um.
Total wire length on LAYER met1 = 187595 um.
Total wire length on LAYER met2 = 164357 um.
Total wire length on LAYER met3 = 13256 um.
Total wire length on LAYER met4 = 10091 um.
Total wire length on LAYER met5 = 103 um.
Total number of vias = 75822.
Up-via summary (total 75822):

------------------------
 FR_MASTERSLICE        0
            li1    36724
           met1    37606
           met2     1033
           met3      443
           met4       16
------------------------
               75822


[INFO DRT-0195] Start 2nd optimization iteration.
    Completing 10% with 2019 violations.
    elapsed time = 00:00:20, memory = 972.57 (MB).
    Completing 20% with 2019 violations.
    elapsed time = 00:00:53, memory = 974.37 (MB).
    Completing 30% with 1943 violations.
    elapsed time = 00:01:06, memory = 970.02 (MB).
    Completing 40% with 1943 violations.
    elapsed time = 00:01:39, memory = 979.15 (MB).
    Completing 50% with 1943 violations.
    elapsed time = 00:02:05, memory = 954.95 (MB).
    Completing 60% with 1840 violations.
    elapsed time = 00:02:31, memory = 954.33 (MB).
    Completing 70% with 1840 violations.
    elapsed time = 00:02:52, memory = 976.02 (MB).
    Completing 80% with 1901 violations.
    elapsed time = 00:03:23, memory = 972.26 (MB).
    Completing 90% with 1901 violations.
    elapsed time = 00:03:51, memory = 970.97 (MB).
    Completing 100% with 1784 violations.
    elapsed time = 00:04:08, memory = 947.73 (MB).
[INFO DRT-0199]   Number of violations = 1790.
Viol/Layer        met1    via   met2
Metal Spacing      294      0     53
Recheck              6      0      0
Short             1328      1    108
[INFO DRT-0267] cpu time = 00:02:43, elapsed time = 00:04:09, memory = 942.80 (MB), peak = 1012.56 (MB)
Total wire length = 374830 um.
Total wire length on LAYER li1 = 0 um.
Total wire length on LAYER met1 = 187267 um.
Total wire length on LAYER met2 = 164149 um.
Total wire length on LAYER met3 = 13420 um.
Total wire length on LAYER met4 = 9883 um.
Total wire length on LAYER met5 = 110 um.
Total number of vias = 75527.
Up-via summary (total 75527):

------------------------
 FR_MASTERSLICE        0
            li1    36745
           met1    37262
           met2     1070
           met3      434
           met4       16
------------------------
               75527


[INFO DRT-0195] Start 3rd optimization iteration.
    Completing 10% with 1790 violations.
    elapsed time = 00:00:15, memory = 971.49 (MB).
    Completing 20% with 1790 violations.
    elapsed time = 00:00:32, memory = 969.86 (MB).
    Completing 30% with 1370 violations.
    elapsed time = 00:00:46, memory = 966.06 (MB).
    Completing 40% with 1370 violations.
    elapsed time = 00:01:03, memory = 979.62 (MB).
    Completing 50% with 1370 violations.
    elapsed time = 00:01:23, memory = 978.83 (MB).
    Completing 60% with 911 violations.
    elapsed time = 00:01:31, memory = 973.84 (MB).
    Completing 70% with 911 violations.
    elapsed time = 00:01:47, memory = 976.56 (MB).
    Completing 80% with 525 violations.
    elapsed time = 00:02:02, memory = 969.68 (MB).
    Completing 90% with 525 violations.
    elapsed time = 00:02:22, memory = 974.55 (MB).
    Completing 100% with 55 violations.
    elapsed time = 00:02:41, memory = 949.16 (MB).
[INFO DRT-0199]   Number of violations = 55.
Viol/Layer        met1   met2
Metal Spacing       22      3
Short               30      0
[INFO DRT-0267] cpu time = 00:01:46, elapsed time = 00:02:41, memory = 970.16 (MB), peak = 1012.56 (MB)
Total wire length = 374285 um.
Total wire length on LAYER li1 = 0 um.
Total wire length on LAYER met1 = 178085 um.
Total wire length on LAYER met2 = 164521 um.
Total wire length on LAYER met3 = 21590 um.
Total wire length on LAYER met4 = 9978 um.
Total wire length on LAYER met5 = 110 um.
Total number of vias = 76769.
Up-via summary (total 76769):

------------------------
 FR_MASTERSLICE        0
            li1    36750
           met1    37773
           met2     1790
           met3      440
           met4       16
------------------------
               76769


[INFO DRT-0195] Start 4th guides tiles iteration.
    Completing 10% with 55 violations.
    elapsed time = 00:00:00, memory = 971.16 (MB).
    Completing 20% with 55 violations.
    elapsed time = 00:00:00, memory = 971.16 (MB).
    Completing 30% with 55 violations.
    elapsed time = 00:00:01, memory = 971.16 (MB).
    Completing 40% with 55 violations.
    elapsed time = 00:00:01, memory = 971.16 (MB).
    Completing 50% with 55 violations.
    elapsed time = 00:00:02, memory = 971.16 (MB).
    Completing 60% with 8 violations.
    elapsed time = 00:00:02, memory = 971.16 (MB).
    Completing 70% with 8 violations.
    elapsed time = 00:00:02, memory = 971.16 (MB).
    Completing 80% with 8 violations.
    elapsed time = 00:00:03, memory = 1003.95 (MB).
    Completing 90% with 8 violations.
    elapsed time = 00:00:04, memory = 1003.95 (MB).
    Completing 100% with 0 violations.
    elapsed time = 00:00:04, memory = 961.64 (MB).
[INFO DRT-0199]   Number of violations = 0.
[INFO DRT-0267] cpu time = 00:00:03, elapsed time = 00:00:04, memory = 973.64 (MB), peak = 1016.79 (MB)
Total wire length = 374253 um.
Total wire length on LAYER li1 = 0 um.
Total wire length on LAYER met1 = 177586 um.
Total wire length on LAYER met2 = 164509 um.
Total wire length on LAYER met3 = 22069 um.
Total wire length on LAYER met4 = 9978 um.
Total wire length on LAYER met5 = 110 um.
Total number of vias = 76756.
Up-via summary (total 76756):

------------------------
 FR_MASTERSLICE        0
            li1    36750
           met1    37750
           met2     1800
           met3      440
           met4       16
------------------------
               76756


[INFO DRT-0198] Complete detail routing.
Total wire length = 374253 um.
Total wire length on LAYER li1 = 0 um.
Total wire length on LAYER met1 = 177586 um.
Total wire length on LAYER met2 = 164509 um.
Total wire length on LAYER met3 = 22069 um.
Total wire length on LAYER met4 = 9978 um.
Total wire length on LAYER met5 = 110 um.
Total number of vias = 76756.
Up-via summary (total 76756):

------------------------
 FR_MASTERSLICE        0
            li1    36750
           met1    37750
           met2     1800
           met3      440
           met4       16
------------------------
               76756


[INFO DRT-0267] cpu time = 00:10:55, elapsed time = 00:16:38, memory = 973.77 (MB), peak = 1016.79 (MB)

[INFO DRT-0180] Post processing.
[INFO DRT-0501] Runtime: 1368.52s
Took 1369 seconds: detailed_route -output_drc /work/orfs/reports/sky130hd/s_ubp3_n64_u60/base/5_route_drc.rpt -output_maze /work/orfs/results/sky130hd/s_ubp3_n64_u60/base/maze.log -droute_end_iter 64 -verbose 1 -drc_report_iter_step 5
[INFO GRT-0012] Found 20 antenna violations.
[INFO DPL-0501] Legalized with 0 moves: displacement total 0.0 u, max 0.0 u; HPWL 319262.6 -> 319262.6 u (+0.0 %).
[INFO DPL-0500] Runtime: 0.26s
[INFO GRT-0015] Inserted 22 diodes.
[INFO DRT-0024]   Complete FR_MASTERSLICE.
[INFO DRT-0024]   Complete Fr_VIA.
[INFO DRT-0024]   Complete li1.
[INFO DRT-0024]   Complete mcon.
[INFO DRT-0024]   Complete met1.
[INFO DRT-0024]   Complete via.
[INFO DRT-0024]   Complete met2.
[INFO DRT-0024]   Complete via2.
[INFO DRT-0024]   Complete met3.
[INFO DRT-0024]   Complete via3.
[INFO DRT-0024]   Complete met4.
[INFO DRT-0024]   Complete via4.
[INFO DRT-0024]   Complete met5.
[INFO DRT-0165] Start pin access.
[INFO DRT-0078]   Complete 351 pins.
[INFO DRT-0081]   Complete 55 unique inst patterns.
[INFO DRT-0084]   Complete 7713 groups.
#scanned instances     = 15284
#unique  instances     = 55
#stdCellGenAp          = 939
#stdCellValidPlanarAp  = 0
#stdCellValidViaAp     = 683
#stdCellPinNoAp        = 0
#stdCellPinCnt         = 36204
#instTermValidViaApCnt = 0
#macroGenAp            = 0
#macroValidPlanarAp    = 0
#macroValidViaAp       = 0
#macroNoAp             = 0
[INFO DRT-0166] Complete pin access.
[INFO DRT-0267] cpu time = 00:03:53, elapsed time = 00:05:55, memory = 948.65 (MB), peak = 1016.79 (MB)

[INFO DRT-0157] Number of guides:     78222

[INFO DRT-0169] Post process guides.
[INFO DRT-0176] GCELLGRID X 0 DO 74 STEP 6900 ;
[INFO DRT-0177] GCELLGRID Y 0 DO 74 STEP 6900 ;
[INFO DRT-0028]   Complete FR_MASTERSLICE.
[INFO DRT-0028]   Complete Fr_VIA.
[INFO DRT-0028]   Complete li1.
[INFO DRT-0028]   Complete mcon.
[INFO DRT-0028]   Complete met1.
[INFO DRT-0028]   Complete via.
[INFO DRT-0028]   Complete met2.
[INFO DRT-0028]   Complete via2.
[INFO DRT-0028]   Complete met3.
[INFO DRT-0028]   Complete via3.
[INFO DRT-0028]   Complete met4.
[INFO DRT-0028]   Complete via4.
[INFO DRT-0028]   Complete met5.
[INFO DRT-0178] Init guide query.
[INFO DRT-0035]   Complete FR_MASTERSLICE (guide).
[INFO DRT-0035]   Complete Fr_VIA (guide).
[INFO DRT-0035]   Complete li1 (guide).
[INFO DRT-0035]   Complete mcon (guide).
[INFO DRT-0035]   Complete met1 (guide).
[INFO DRT-0035]   Complete via (guide).
[INFO DRT-0035]   Complete met2 (guide).
[INFO DRT-0035]   Complete via2 (guide).
[INFO DRT-0035]   Complete met3 (guide).
[INFO DRT-0035]   Complete via3 (guide).
[INFO DRT-0035]   Complete met4 (guide).
[INFO DRT-0035]   Complete via4 (guide).
[INFO DRT-0035]   Complete met5 (guide).
[INFO DRT-0036] FR_MASTERSLICE guide region query size = 0.
[INFO DRT-0036] FR_VIA guide region query size = 0.
[INFO DRT-0036] li1 guide region query size = 29385.
[INFO DRT-0036] mcon guide region query size = 0.
[INFO DRT-0036] met1 guide region query size = 23736.
[INFO DRT-0036] via guide region query size = 0.
[INFO DRT-0036] met2 guide region query size = 10646.
[INFO DRT-0036] via2 guide region query size = 0.
[INFO DRT-0036] met3 guide region query size = 729.
[INFO DRT-0036] via3 guide region query size = 0.
[INFO DRT-0036] met4 guide region query size = 376.
[INFO DRT-0036] via4 guide region query size = 0.
[INFO DRT-0036] met5 guide region query size = 8.
[INFO DRT-0179] Init gr pin query.
[INFO DRT-0267] cpu time = 00:00:00, elapsed time = 00:00:00, memory = 948.67 (MB), peak = 1016.79 (MB)
[INFO DRT-0245] skipped writing guide updates to database.
[INFO DRT-0181] Start track assignment.
[INFO DRT-0184] Done with 40407 vertical wires in 2 frboxes and 24473 horizontal wires in 2 frboxes.
[INFO DRT-0186] Done with 3029 vertical wires in 2 frboxes and 6857 horizontal wires in 2 frboxes.
[INFO DRT-0182] Complete track assignment.
[INFO DRT-0267] cpu time = 00:00:05, elapsed time = 00:00:08, memory = 969.79 (MB), peak = 1016.79 (MB)
[INFO DRT-0187] Start routing data preparation.
[INFO DRT-0267] cpu time = 00:00:00, elapsed time = 00:00:00, memory = 969.79 (MB), peak = 1016.79 (MB)
[INFO DRT-0194] Start detail routing.
[INFO DRT-0195] Start 0th optimization iteration.
    Completing 10% with 0 violations.
    elapsed time = 00:00:10, memory = 973.16 (MB).
    Completing 20% with 0 violations.
    elapsed time = 00:00:20, memory = 986.12 (MB).
    Completing 30% with 141 violations.
    elapsed time = 00:00:29, memory = 1042.20 (MB).
    Completing 40% with 141 violations.
    elapsed time = 00:00:40, memory = 1038.49 (MB).
    Completing 50% with 141 violations.
    elapsed time = 00:00:49, memory = 1030.52 (MB).
    Completing 60% with 274 violations.
    elapsed time = 00:01:00, memory = 1039.85 (MB).
    Completing 70% with 274 violations.
    elapsed time = 00:01:10, memory = 1026.03 (MB).
    Completing 80% with 339 violations.
    elapsed time = 00:01:22, memory = 1024.36 (MB).
    Completing 90% with 339 violations.
    elapsed time = 00:01:34, memory = 1024.15 (MB).
    Completing 100% with 454 violations.
    elapsed time = 00:01:47, memory = 1003.27 (MB).
[INFO DRT-0199]   Number of violations = 522.
Viol/Layer        mcon   met1   met2
Cut Spacing          1      0      0
Metal Spacing        0     52     16
Min Hole             0      1      0
Recheck              0     40     28
Short                0    263    121
[INFO DRT-0267] cpu time = 00:01:10, elapsed time = 00:01:47, memory = 1007.53 (MB), peak = 1070.95 (MB)
Total wire length = 374618 um.
Total wire length on LAYER li1 = 0 um.
Total wire length on LAYER met1 = 178828 um.
Total wire length on LAYER met2 = 165336 um.
Total wire length on LAYER met3 = 20941 um.
Total wire length on LAYER met4 = 9401 um.
Total wire length on LAYER met5 = 110 um.
Total number of vias = 76886.
Up-via summary (total 76886):

------------------------
 FR_MASTERSLICE        0
            li1    36774
           met1    37892
           met2     1770
           met3      434
           met4       16
------------------------
               76886


[INFO DRT-0195] Start 1st optimization iteration.
    Completing 10% with 522 violations.
    elapsed time = 00:00:09, memory = 1027.35 (MB).
    Completing 20% with 522 violations.
    elapsed time = 00:00:20, memory = 1024.09 (MB).
    Completing 30% with 379 violations.
    elapsed time = 00:00:29, memory = 1033.03 (MB).
    Completing 40% with 379 violations.
    elapsed time = 00:00:39, memory = 1036.89 (MB).
    Completing 50% with 379 violations.
    elapsed time = 00:00:49, memory = 1035.92 (MB).
    Completing 60% with 313 violations.
    elapsed time = 00:00:59, memory = 1026.54 (MB).
    Completing 70% with 313 violations.
    elapsed time = 00:01:09, memory = 1032.74 (MB).
    Completing 80% with 241 violations.
    elapsed time = 00:01:21, memory = 1030.41 (MB).
    Completing 90% with 241 violations.
    elapsed time = 00:01:31, memory = 1035.48 (MB).
    Completing 100% with 176 violations.
    elapsed time = 00:01:43, memory = 1011.63 (MB).
[INFO DRT-0199]   Number of violations = 176.
Viol/Layer        met1   met2
Metal Spacing       10     12
Short              115     39
[INFO DRT-0267] cpu time = 00:01:08, elapsed time = 00:01:44, memory = 1012.63 (MB), peak = 1070.95 (MB)
Total wire length = 374493 um.
Total wire length on LAYER li1 = 0 um.
Total wire length on LAYER met1 = 178826 um.
Total wire length on LAYER met2 = 165209 um.
Total wire length on LAYER met3 = 20946 um.
Total wire length on LAYER met4 = 9401 um.
Total wire length on LAYER met5 = 110 um.
Total number of vias = 76833.
Up-via summary (total 76833):

------------------------
 FR_MASTERSLICE        0
            li1    36778
           met1    37833
           met2     1772
           met3      434
           met4       16
------------------------
               76833


[INFO DRT-0195] Start 2nd optimization iteration.
    Completing 10% with 176 violations.
    elapsed time = 00:00:01, memory = 1034.88 (MB).
    Completing 20% with 176 violations.
    elapsed time = 00:00:05, memory = 1035.71 (MB).
    Completing 30% with 163 violations.
    elapsed time = 00:00:05, memory = 1032.52 (MB).
    Completing 40% with 163 violations.
    elapsed time = 00:00:05, memory = 1032.52 (MB).
    Completing 50% with 163 violations.
    elapsed time = 00:00:08, memory = 1032.64 (MB).
    Completing 60% with 161 violations.
    elapsed time = 00:00:12, memory = 1030.64 (MB).
    Completing 70% with 161 violations.
    elapsed time = 00:00:14, memory = 1032.99 (MB).
    Completing 80% with 139 violations.
    elapsed time = 00:00:19, memory = 1022.44 (MB).
    Completing 90% with 139 violations.
    elapsed time = 00:00:22, memory = 1036.65 (MB).
    Completing 100% with 132 violations.
    elapsed time = 00:00:25, memory = 1002.76 (MB).
[INFO DRT-0199]   Number of violations = 132.
Viol/Layer        met1   met2
Metal Spacing        2      4
Short               92     34
[INFO DRT-0267] cpu time = 00:00:16, elapsed time = 00:00:25, memory = 1024.65 (MB), peak = 1070.95 (MB)
Total wire length = 374446 um.
Total wire length on LAYER li1 = 0 um.
Total wire length on LAYER met1 = 178770 um.
Total wire length on LAYER met2 = 165176 um.
Total wire length on LAYER met3 = 20976 um.
Total wire length on LAYER met4 = 9414 um.
Total wire length on LAYER met5 = 110 um.
Total number of vias = 76826.
Up-via summary (total 76826):

------------------------
 FR_MASTERSLICE        0
            li1    36778
           met1    37820
           met2     1776
           met3      436
           met4       16
------------------------
               76826


[INFO DRT-0195] Start 3rd optimization iteration.
    Completing 10% with 132 violations.
    elapsed time = 00:00:01, memory = 1051.59 (MB).
    Completing 20% with 132 violations.
    elapsed time = 00:00:01, memory = 1051.59 (MB).
    Completing 30% with 118 violations.
    elapsed time = 00:00:06, memory = 1007.02 (MB).
    Completing 40% with 118 violations.
    elapsed time = 00:00:11, memory = 1048.47 (MB).
    Completing 50% with 118 violations.
    elapsed time = 00:00:13, memory = 1048.47 (MB).
    Completing 60% with 56 violations.
    elapsed time = 00:00:17, memory = 1010.19 (MB).
    Completing 70% with 56 violations.
    elapsed time = 00:00:19, memory = 1032.21 (MB).
    Completing 80% with 44 violations.
    elapsed time = 00:00:21, memory = 1008.65 (MB).
    Completing 90% with 44 violations.
    elapsed time = 00:00:21, memory = 1008.65 (MB).
    Completing 100% with 25 violations.
    elapsed time = 00:00:33, memory = 1015.90 (MB).
[INFO DRT-0199]   Number of violations = 25.
Viol/Layer        met1   met2
Metal Spacing        5      0
Short               17      3
[INFO DRT-0267] cpu time = 00:00:22, elapsed time = 00:00:33, memory = 1013.90 (MB), peak = 1070.95 (MB)
Total wire length = 374430 um.
Total wire length on LAYER li1 = 0 um.
Total wire length on LAYER met1 = 178070 um.
Total wire length on LAYER met2 = 165106 um.
Total wire length on LAYER met3 = 21656 um.
Total wire length on LAYER met4 = 9486 um.
Total wire length on LAYER met5 = 110 um.
Total number of vias = 76944.
Up-via summary (total 76944):

------------------------
 FR_MASTERSLICE        0
            li1    36779
           met1    37867
           met2     1841
           met3      441
           met4       16
------------------------
               76944


[INFO DRT-0195] Start 4th guides tiles iteration.
    Completing 50% with 25 violations.
    elapsed time = 00:00:01, memory = 1014.84 (MB).
    Completing 100% with 0 violations.
    elapsed time = 00:00:01, memory = 1014.84 (MB).
[INFO DRT-0199]   Number of violations = 0.
[INFO DRT-0267] cpu time = 00:00:00, elapsed time = 00:00:01, memory = 1013.65 (MB), peak = 1070.95 (MB)
Total wire length = 374416 um.
Total wire length on LAYER li1 = 0 um.
Total wire length on LAYER met1 = 178020 um.
Total wire length on LAYER met2 = 165098 um.
Total wire length on LAYER met3 = 21700 um.
Total wire length on LAYER met4 = 9486 um.
Total wire length on LAYER met5 = 110 um.
Total number of vias = 76925.
Up-via summary (total 76925):

------------------------
 FR_MASTERSLICE        0
            li1    36779
           met1    37854
           met2     1835
           met3      441
           met4       16
------------------------
               76925


[INFO DRT-0198] Complete detail routing.
Total wire length = 374416 um.
Total wire length on LAYER li1 = 0 um.
Total wire length on LAYER met1 = 178020 um.
Total wire length on LAYER met2 = 165098 um.
Total wire length on LAYER met3 = 21700 um.
Total wire length on LAYER met4 = 9486 um.
Total wire length on LAYER met5 = 110 um.
Total number of vias = 76925.
Up-via summary (total 76925):

------------------------
 FR_MASTERSLICE        0
            li1    36779
           met1    37854
           met2     1835
           met3      441
           met4       16
------------------------
               76925


[INFO DRT-0267] cpu time = 00:02:58, elapsed time = 00:04:32, memory = 1013.71 (MB), peak = 1070.95 (MB)

[INFO DRT-0180] Post processing.
[INFO DRT-0501] Runtime: 637.67s
[INFO ANT-0002] Found 1 net violations.
[INFO ANT-0001] Found 1 pin violations.
[INFO GRT-0012] Found 1 antenna violations.
[INFO DPL-0501] Legalized with 0 moves: displacement total 0.0 u, max 0.0 u; HPWL 319263.6 -> 319263.6 u (+0.0 %).
[INFO DPL-0500] Runtime: 0.20s
[INFO GRT-0015] Inserted 1 diodes.
[INFO DRT-0024]   Complete FR_MASTERSLICE.
[INFO DRT-0024]   Complete Fr_VIA.
[INFO DRT-0024]   Complete li1.
[INFO DRT-0024]   Complete mcon.
[INFO DRT-0024]   Complete met1.
[INFO DRT-0024]   Complete via.
[INFO DRT-0024]   Complete met2.
[INFO DRT-0024]   Complete via2.
[INFO DRT-0024]   Complete met3.
[INFO DRT-0024]   Complete via3.
[INFO DRT-0024]   Complete met4.
[INFO DRT-0024]   Complete via4.
[INFO DRT-0024]   Complete met5.
[INFO DRT-0165] Start pin access.
[INFO DRT-0078]   Complete 351 pins.
[INFO DRT-0081]   Complete 55 unique inst patterns.
[INFO DRT-0084]   Complete 7713 groups.
#scanned instances     = 15285
#unique  instances     = 55
#stdCellGenAp          = 939
#stdCellValidPlanarAp  = 0
#stdCellValidViaAp     = 683
#stdCellPinNoAp        = 0
#stdCellPinCnt         = 36204
#instTermValidViaApCnt = 0
#macroGenAp            = 0
#macroValidPlanarAp    = 0
#macroValidViaAp       = 0
#macroNoAp             = 0
[INFO DRT-0166] Complete pin access.
[INFO DRT-0267] cpu time = 00:03:58, elapsed time = 00:06:02, memory = 1005.79 (MB), peak = 1070.95 (MB)

[INFO DRT-0157] Number of guides:     78222

[INFO DRT-0169] Post process guides.
[INFO DRT-0176] GCELLGRID X 0 DO 74 STEP 6900 ;
[INFO DRT-0177] GCELLGRID Y 0 DO 74 STEP 6900 ;
[INFO DRT-0028]   Complete FR_MASTERSLICE.
[INFO DRT-0028]   Complete Fr_VIA.
[INFO DRT-0028]   Complete li1.
[INFO DRT-0028]   Complete mcon.
[INFO DRT-0028]   Complete met1.
[INFO DRT-0028]   Complete via.
[INFO DRT-0028]   Complete met2.
[INFO DRT-0028]   Complete via2.
[INFO DRT-0028]   Complete met3.
[INFO DRT-0028]   Complete via3.
[INFO DRT-0028]   Complete met4.
[INFO DRT-0028]   Complete via4.
[INFO DRT-0028]   Complete met5.
[INFO DRT-0178] Init guide query.
[INFO DRT-0035]   Complete FR_MASTERSLICE (guide).
[INFO DRT-0035]   Complete Fr_VIA (guide).
[INFO DRT-0035]   Complete li1 (guide).
[INFO DRT-0035]   Complete mcon (guide).
[INFO DRT-0035]   Complete met1 (guide).
[INFO DRT-0035]   Complete via (guide).
[INFO DRT-0035]   Complete met2 (guide).
[INFO DRT-0035]   Complete via2 (guide).
[INFO DRT-0035]   Complete met3 (guide).
[INFO DRT-0035]   Complete via3 (guide).
[INFO DRT-0035]   Complete met4 (guide).
[INFO DRT-0035]   Complete via4 (guide).
[INFO DRT-0035]   Complete met5 (guide).
[INFO DRT-0036] FR_MASTERSLICE guide region query size = 0.
[INFO DRT-0036] FR_VIA guide region query size = 0.
[INFO DRT-0036] li1 guide region query size = 29385.
[INFO DRT-0036] mcon guide region query size = 0.
[INFO DRT-0036] met1 guide region query size = 23736.
[INFO DRT-0036] via guide region query size = 0.
[INFO DRT-0036] met2 guide region query size = 10646.
[INFO DRT-0036] via2 guide region query size = 0.
[INFO DRT-0036] met3 guide region query size = 729.
[INFO DRT-0036] via3 guide region query size = 0.
[INFO DRT-0036] met4 guide region query size = 376.
[INFO DRT-0036] via4 guide region query size = 0.
[INFO DRT-0036] met5 guide region query size = 8.
[INFO DRT-0179] Init gr pin query.
[INFO DRT-0267] cpu time = 00:00:00, elapsed time = 00:00:00, memory = 1005.79 (MB), peak = 1070.95 (MB)
[INFO DRT-0245] skipped writing guide updates to database.
[INFO DRT-0181] Start track assignment.
[INFO DRT-0184] Done with 40407 vertical wires in 2 frboxes and 24473 horizontal wires in 2 frboxes.
[INFO DRT-0186] Done with 3034 vertical wires in 2 frboxes and 6882 horizontal wires in 2 frboxes.
[INFO DRT-0182] Complete track assignment.
[INFO DRT-0267] cpu time = 00:00:05, elapsed time = 00:00:09, memory = 1037.23 (MB), peak = 1082.10 (MB)
[INFO DRT-0187] Start routing data preparation.
[INFO DRT-0267] cpu time = 00:00:00, elapsed time = 00:00:00, memory = 1037.23 (MB), peak = 1082.10 (MB)
[INFO DRT-0194] Start detail routing.
[INFO DRT-0195] Start 0th optimization iteration.
    Completing 10% with 0 violations.
    elapsed time = 00:00:09, memory = 1062.27 (MB).
    Completing 20% with 0 violations.
    elapsed time = 00:00:19, memory = 1063.68 (MB).
    Completing 30% with 7 violations.
    elapsed time = 00:00:27, memory = 1073.07 (MB).
    Completing 40% with 7 violations.
    elapsed time = 00:00:38, memory = 1077.02 (MB).
    Completing 50% with 7 violations.
    elapsed time = 00:00:47, memory = 1066.56 (MB).
    Completing 60% with 25 violations.
    elapsed time = 00:00:57, memory = 1076.38 (MB).
    Completing 70% with 25 violations.
    elapsed time = 00:01:07, memory = 1083.23 (MB).
    Completing 80% with 27 violations.
    elapsed time = 00:01:17, memory = 1074.94 (MB).
    Completing 90% with 27 violations.
    elapsed time = 00:01:29, memory = 1074.96 (MB).
    Completing 100% with 31 violations.
    elapsed time = 00:01:41, memory = 1051.83 (MB).
[INFO DRT-0199]   Number of violations = 46.
Viol/Layer        met1   met2
Metal Spacing        6      2
Recheck              9      6
Short               20      3
[INFO DRT-0267] cpu time = 00:01:04, elapsed time = 00:01:42, memory = 1051.93 (MB), peak = 1101.65 (MB)
Total wire length = 374439 um.
Total wire length on LAYER li1 = 0 um.
Total wire length on LAYER met1 = 178026 um.
Total wire length on LAYER met2 = 165133 um.
Total wire length on LAYER met3 = 21682 um.
Total wire length on LAYER met4 = 9486 um.
Total wire length on LAYER met5 = 110 um.
Total number of vias = 76955.
Up-via summary (total 76955):

------------------------
 FR_MASTERSLICE        0
            li1    36780
           met1    37883
           met2     1835
           met3      441
           met4       16
------------------------
               76955


[INFO DRT-0195] Start 1st optimization iteration.
    Completing 10% with 46 violations.
    elapsed time = 00:00:10, memory = 1073.03 (MB).
    Completing 20% with 46 violations.
    elapsed time = 00:00:21, memory = 1081.95 (MB).
    Completing 30% with 17 violations.
    elapsed time = 00:00:31, memory = 1069.00 (MB).
    Completing 40% with 17 violations.
    elapsed time = 00:00:40, memory = 1073.40 (MB).
    Completing 50% with 17 violations.
    elapsed time = 00:00:51, memory = 1071.77 (MB).
    Completing 60% with 7 violations.
    elapsed time = 00:01:00, memory = 1067.41 (MB).
    Completing 70% with 7 violations.
    elapsed time = 00:01:09, memory = 1071.08 (MB).
    Completing 80% with 5 violations.
    elapsed time = 00:01:20, memory = 1068.77 (MB).
    Completing 90% with 5 violations.
    elapsed time = 00:01:30, memory = 1066.97 (MB).
    Completing 100% with 3 violations.
    elapsed time = 00:01:41, memory = 1047.97 (MB).
[INFO DRT-0199]   Number of violations = 3.
Viol/Layer        met1
Metal Spacing        1
Short                2
[INFO DRT-0267] cpu time = 00:01:03, elapsed time = 00:01:41, memory = 1045.93 (MB), peak = 1101.65 (MB)
Total wire length = 374413 um.
Total wire length on LAYER li1 = 0 um.
Total wire length on LAYER met1 = 178016 um.
Total wire length on LAYER met2 = 165099 um.
Total wire length on LAYER met3 = 21700 um.
Total wire length on LAYER met4 = 9486 um.
Total wire length on LAYER met5 = 110 um.
Total number of vias = 76933.
Up-via summary (total 76933):

------------------------
 FR_MASTERSLICE        0
            li1    36780
           met1    37861
           met2     1835
           met3      441
           met4       16
------------------------
               76933


[INFO DRT-0195] Start 2nd optimization iteration.
    Completing 10% with 3 violations.
    elapsed time = 00:00:00, memory = 1045.93 (MB).
    Completing 20% with 3 violations.
    elapsed time = 00:00:00, memory = 1045.93 (MB).
    Completing 30% with 2 violations.
    elapsed time = 00:00:00, memory = 1045.93 (MB).
    Completing 40% with 2 violations.
    elapsed time = 00:00:00, memory = 1045.93 (MB).
    Completing 50% with 2 violations.
    elapsed time = 00:00:01, memory = 1045.93 (MB).
    Completing 60% with 0 violations.
    elapsed time = 00:00:01, memory = 1045.93 (MB).
    Completing 70% with 0 violations.
    elapsed time = 00:00:01, memory = 1045.93 (MB).
    Completing 80% with 0 violations.
    elapsed time = 00:00:01, memory = 1045.93 (MB).
    Completing 90% with 0 violations.
    elapsed time = 00:00:01, memory = 1045.93 (MB).
    Completing 100% with 0 violations.
    elapsed time = 00:00:01, memory = 1045.93 (MB).
[INFO DRT-0199]   Number of violations = 0.
[INFO DRT-0267] cpu time = 00:00:00, elapsed time = 00:00:01, memory = 1063.93 (MB), peak = 1101.65 (MB)
Total wire length = 374411 um.
Total wire length on LAYER li1 = 0 um.
Total wire length on LAYER met1 = 178017 um.
Total wire length on LAYER met2 = 165096 um.
Total wire length on LAYER met3 = 21700 um.
Total wire length on LAYER met4 = 9486 um.
Total wire length on LAYER met5 = 110 um.
Total number of vias = 76931.
Up-via summary (total 76931):

------------------------
 FR_MASTERSLICE        0
            li1    36780
           met1    37859
           met2     1835
           met3      441
           met4       16
------------------------
               76931


[INFO DRT-0198] Complete detail routing.
Total wire length = 374411 um.
Total wire length on LAYER li1 = 0 um.
Total wire length on LAYER met1 = 178017 um.
Total wire length on LAYER met2 = 165096 um.
Total wire length on LAYER met3 = 21700 um.
Total wire length on LAYER met4 = 9486 um.
Total wire length on LAYER met5 = 110 um.
Total number of vias = 76931.
Up-via summary (total 76931):

------------------------
 FR_MASTERSLICE        0
            li1    36780
           met1    37859
           met2     1835
           met3      441
           met4       16
------------------------
               76931


[INFO DRT-0267] cpu time = 00:02:09, elapsed time = 00:03:25, memory = 1063.93 (MB), peak = 1101.65 (MB)

[INFO DRT-0180] Post processing.
[INFO DRT-0501] Runtime: 577.95s
[INFO ANT-0002] Found 0 net violations.
[INFO ANT-0001] Found 0 pin violations.
[INFO ANT-0002] Found 0 net violations.
[INFO ANT-0001] Found 0 pin violations.
Design area 181452 um^2 70% utilization.
write_db /work/orfs/results/sky130hd/s_ubp3_n64_u60/base/5_2_route.odb
Elapsed time: 43:57.74[h:]min:sec. CPU time: user 1720.03 sys 7.69 (65%). Peak memory: 1128088KB.
Log                       Ext     Elapsed/s Peak Memory/MB sha1sum result [0:20)
5_2_route                 .odb         2637           1101 b35107807853e92d2443
/OpenROAD-flow-scripts/flow/scripts/flow.sh 5_3_fillcell fillcell
Running fillcell.tcl, stage 5_3_fillcell
read_liberty /OpenROAD-flow-scripts/flow/platforms/sky130hd/lib/sky130_fd_sc_hd__tt_025C_1v80.lib
read_db /work/orfs/results/sky130hd/s_ubp3_n64_u60/base/5_2_route.odb
read_sdc /work/orfs/results/sky130hd/s_ubp3_n64_u60/base/5_1_grt.sdc
source /OpenROAD-flow-scripts/flow/platforms/sky130hd/setRC.tcl
filler_placement "sky130_fd_sc_hd__fill_1 sky130_fd_sc_hd__fill_2 sky130_fd_sc_hd__fill_4 sky130_fd_sc_hd__fill_8"
[INFO DPL-0001] Placed 17030 filler instances.
Design area 181452 um^2 70% utilization.
write_db /work/orfs/results/sky130hd/s_ubp3_n64_u60/base/5_3_fillcell.odb
Elapsed time: 0:01.41[h:]min:sec. CPU time: user 0.76 sys 0.13 (63%). Peak memory: 169792KB.
Log                       Ext     Elapsed/s Peak Memory/MB sha1sum result [0:20)
5_3_fillcell              .odb            1            165 13cab0334d7ff4b9458f
cp /work/orfs/results/sky130hd/s_ubp3_n64_u60/base/5_3_fillcell.odb /work/orfs/results/sky130hd/s_ubp3_n64_u60/base/5_route.odb
cp /work/orfs/results/sky130hd/s_ubp3_n64_u60/base/5_1_grt.sdc /work/orfs/results/sky130hd/s_ubp3_n64_u60/base/5_route.sdc
/OpenROAD-flow-scripts/flow/scripts/flow.sh 6_1_fill density_fill
Running density_fill.tcl, stage 6_1_fill
read_liberty /OpenROAD-flow-scripts/flow/platforms/sky130hd/lib/sky130_fd_sc_hd__tt_025C_1v80.lib
read_db /work/orfs/results/sky130hd/s_ubp3_n64_u60/base/5_route.odb
read_sdc /work/orfs/results/sky130hd/s_ubp3_n64_u60/base/5_route.sdc
source /OpenROAD-flow-scripts/flow/platforms/sky130hd/setRC.tcl
exec cp /work/orfs/results/sky130hd/s_ubp3_n64_u60/base/5_route.odb /work/orfs/results/sky130hd/s_ubp3_n64_u60/base/6_1_fill.odb
Elapsed time: 0:01.10[h:]min:sec. CPU time: user 0.53 sys 0.11 (58%). Peak memory: 141976KB.
Log                       Ext     Elapsed/s Peak Memory/MB sha1sum result [0:20)
6_1_fill                  .odb            1            138 13cab0334d7ff4b9458f
cp /work/orfs/results/sky130hd/s_ubp3_n64_u60/base/5_route.sdc /work/orfs/results/sky130hd/s_ubp3_n64_u60/base/6_1_fill.sdc
/OpenROAD-flow-scripts/flow/scripts/flow.sh 6_report final_report
Running final_report.tcl, stage 6_report
read_liberty /OpenROAD-flow-scripts/flow/platforms/sky130hd/lib/sky130_fd_sc_hd__tt_025C_1v80.lib
read_db /work/orfs/results/sky130hd/s_ubp3_n64_u60/base/6_1_fill.odb
read_sdc /work/orfs/results/sky130hd/s_ubp3_n64_u60/base/6_1_fill.sdc
source /OpenROAD-flow-scripts/flow/platforms/sky130hd/setRC.tcl
write_db /work/orfs/results/sky130hd/s_ubp3_n64_u60/base/6_final.odb
write_sdc -no_timestamp /work/orfs/results/sky130hd/s_ubp3_n64_u60/base/6_final.sdc
Deleted 0 routing obstructions
Warning: master sky130_ef_sc_hd__decap_12 has signal pins but no liberty cell
Warning: master sky130_ef_sc_hd__decap_12 has signal pins but no liberty cell
Global output passed lec test
[INFO RCX-0431] Defined process_corner X with ext_model_index 0
[INFO RCX-0029] Defined extraction corner X
[INFO RCX-0435] Reading extraction model file /OpenROAD-flow-scripts/flow/platforms/sky130hd/rcx_patterns.rules ...
[INFO RCX-0436] RC segment generation top (max_merge_res 50.0) ...
[INFO RCX-0040] Final 42963 rc segments
[INFO RCX-0439] Coupling Cap extraction top ...
[INFO RCX-0440] Coupling threshhold is 0.1000 fF, coupling capacitance less than 0.1000 fF will be grounded.
[INFO RCX-0442] 55% of 87453 wires extracted
[INFO RCX-0442] 100% of 87453 wires extracted
[INFO RCX-0045] Extract 11440 nets, 54346 rsegs, 54346 caps, 85912 ccs
[INFO RCX-0443] 11440 nets finished
[INFO PSM-0040] All shapes on net VDD are connected.
########## IR report #################
Net              : VDD
Corner           : default
Total power      : 2.13e-01 W
Supply voltage   : 1.80e+00 V
Worstcase voltage: 1.80e+00 V
Average voltage  : 1.80e+00 V
Average IR drop  : 1.70e-04 V
Worstcase IR drop: 9.64e-04 V
Percentage drop  : 0.05 %
######################################
[INFO PSM-0040] All shapes on net VSS are connected.
########## IR report #################
Net              : VSS
Corner           : default
Total power      : 2.13e-01 W
Supply voltage   : 0.00e+00 V
Worstcase voltage: 7.22e-04 V
Average voltage  : 1.53e-04 V
Average IR drop  : 1.53e-04 V
Worstcase IR drop: 7.22e-04 V
Percentage drop  : 0.04 %
######################################
Cell type report:                       Count        Area
  Fill cell                             17030    78494.03
  Tap cell                               3496     4374.20
  Antenna cell                             52      130.12
  Clock buffer                            659    13190.15
  Timing Repair Buffer                    341     3425.79
  Clock inverter                          146     1755.43
  Sequential cell                        4594    91986.97
  Multi-Input combinational cell         5997    66588.86
  Total                                 32315   259945.56
Report metrics stage 6, finish...

==========================================================================
finish report_design_area
--------------------------------------------------------------------------
Design area 181452 um^2 70% utilization.
[WARNING GUI-0010] File path does not end with a valid extension, new path is: /work/orfs/reports/sky130hd/s_ubp3_n64_u60/base/final_all.webp.png
[WARNING GUI-0010] File path does not end with a valid extension, new path is: /work/orfs/reports/sky130hd/s_ubp3_n64_u60/base/final_routing.webp.png
[WARNING GUI-0010] File path does not end with a valid extension, new path is: /work/orfs/reports/sky130hd/s_ubp3_n64_u60/base/final_placement.webp.png
[WARNING GUI-0010] File path does not end with a valid extension, new path is: /work/orfs/reports/sky130hd/s_ubp3_n64_u60/base/final_ir_drop.webp.png
[WARNING GUI-0010] File path does not end with a valid extension, new path is: /work/orfs/reports/sky130hd/s_ubp3_n64_u60/base/final_clocks.webp.png
[WARNING GUI-0010] File path does not end with a valid extension, new path is: /work/orfs/reports/sky130hd/s_ubp3_n64_u60/base/cts_default_clk.webp.png
[WARNING GUI-0010] File path does not end with a valid extension, new path is: /work/orfs/reports/sky130hd/s_ubp3_n64_u60/base/cts_default_clk_layout.webp.png
[WARNING GUI-0010] File path does not end with a valid extension, new path is: /work/orfs/reports/sky130hd/s_ubp3_n64_u60/base/final_resizer.webp.png
[WARNING GUI-0010] File path does not end with a valid extension, new path is: /work/orfs/reports/sky130hd/s_ubp3_n64_u60/base/final_congestion.webp.png
[WARNING GUI-0010] File path does not end with a valid extension, new path is: /work/orfs/reports/sky130hd/s_ubp3_n64_u60/base/final_worst_path.webp.png
Elapsed time: 0:31.06[h:]min:sec. CPU time: user 18.90 sys 0.72 (63%). Peak memory: 413900KB.
Log                       Ext     Elapsed/s Peak Memory/MB sha1sum result [0:20)
6_report                                 31            404                  N/A
cp /OpenROAD-flow-scripts/flow/platforms/sky130hd/lef/sky130_fd_sc_hd.tlef /work/orfs/objects/sky130hd/s_ubp3_n64_u60/base/klayout_tech.lef
/usr/bin/python3 /OpenROAD-flow-scripts/flow/util/generate_klayout_tech.py \
	--template /OpenROAD-flow-scripts/flow/platforms/sky130hd/sky130hd.lyt \
	--output /work/orfs/objects/sky130hd/s_ubp3_n64_u60/base/klayout.lyt \
	--lef-files /work/orfs/objects/sky130hd/s_ubp3_n64_u60/base/klayout_tech.lef /OpenROAD-flow-scripts/flow/platforms/sky130hd/lef/sky130_fd_sc_hd_merged.lef   \
	--map-files 
/usr/bin/python3 /OpenROAD-flow-scripts/flow/scripts/run_command.py --log /work/orfs/logs/sky130hd/s_ubp3_n64_u60/base/6_1_merge.log --tee -- \
        /OpenROAD-flow-scripts/flow/scripts/klayout.sh -zz -rd design_name=top \
        -rd in_def=/work/orfs/results/sky130hd/s_ubp3_n64_u60/base/6_final.def \
        -rd in_files="/OpenROAD-flow-scripts/flow/platforms/sky130hd/gds/sky130_fd_sc_hd.gds  " \
        -rd seal_file="" \
        -rd out_file=/work/orfs/results/sky130hd/s_ubp3_n64_u60/base/6_1_merged.gds \
        -rd tech_file=/work/orfs/objects/sky130hd/s_ubp3_n64_u60/base/klayout.lyt \
        -rd layer_map= \
        -r /OpenROAD-flow-scripts/flow/util/def2stream.py
KLayout 0.30.12
[INFO] Reporting cells prior to loading DEF ...
	/OpenROAD-flow-scripts/flow/platforms/sky130hd/gds/sky130_fd_sc_hd.gds
[INFO] All LEF cells have matching GDS/OAS cells
[INFO] No orphan cells in the final layout
Elapsed time: 0:05.39[h:]min:sec. CPU time: user 3.19 sys 0.26 (63%). Peak memory: 496500KB.
cp /work/orfs/results/sky130hd/s_ubp3_n64_u60/base/6_1_merged.gds /work/orfs/results/sky130hd/s_ubp3_n64_u60/base/6_final.gds
No elapsed time found in /work/orfs/logs/sky130hd/s_ubp3_n64_u60/base/6_final_lec_check.log
/work/orfs/logs/sky130hd/s_ubp3_n64_u60/base
Log                       Ext     Elapsed/s Peak Memory/MB sha1sum result [0:20)
1_1_yosys_canonicalize                    0             26                  N/A
1_2_yosys                 .v              0             26 04edec48c6b71160790c
1_2_yosys                 .sdc                             80bc503da5d44b49e9f5
1_synth                   .odb            1            127 297c323bb89ea04f5138
1_synth                   .sdc                             c9b52a36521419161edd
2_1_floorplan             .odb           19            174 84fdb11fb87295f187e9
2_1_floorplan             .sdc                             c9b52a36521419161edd
2_2_floorplan_macro       .odb            1            114 84fdb11fb87295f187e9
2_3_floorplan_tapcell     .odb            0            115 68ac5baa20fff877dd95
2_4_floorplan_pdn         .odb            1            123 5880acab9b0bb06fb0bb
3_1_place_gp_skip_io      .odb            3            136 8ff5ee2d3802701dc9d2
3_2_place_iop             .odb            1            119 e796a6cac1b6ff0ab3ac
3_3_place_gp              .odb           16            330 77191f63344d8a2312ff
3_4_place_resized         .odb            5            178 77191f63344d8a2312ff
3_5_place_dp              .odb           10            188 6773eea7e4280ebcc3ed
4_1_cts                   .odb           16            211 24625a7b981a82886645
5_1_grt                   .odb          414            449 6679338edcdca5c4f56e
5_1_grt                   .sdc                             9fd7445c262a15275321
5_2_route                 .odb         2637           1101 b35107807853e92d2443
5_3_fillcell              .odb            1            165 13cab0334d7ff4b9458f
6_1_fill                  .odb            1            138 13cab0334d7ff4b9458f
6_1_fill                  .sdc                             9fd7445c262a15275321
6_1_merge                                 5            484                  N/A
6_report                                 31            404                  N/A
Total                                  3162           1101                     
