
 /----------------------------------------------------------------------------\
 |  yosys -- Yosys Open SYnthesis Suite                                       |
 |  Copyright (C) 2012 - 2026  Claire Xenia Wolf <claire@yosyshq.com>         |
 |  Distributed under an ISC-like license, type "license" to see terms        |
 \----------------------------------------------------------------------------/
 Yosys 0.69+ (git sha1 e8db64c60, Release, Clang /usr/bin/clang++ 18.1.3)

-- Running command `read_verilog -sv research/pilot_two/seed-17999570691447884947/generated.v; proc; memory; flatten top; rename top gold_top; hierarchy -top gold_top; read_verilog -sv research/pilot_two/seed-17999570691447884947/yosys-0.8-synth.v; proc; memory; flatten top; rename top cand_top; equiv_make gold_top cand_top miter; prep -top miter; equiv_simple -seq 1; equiv_status -assert' --

1. Executing Verilog-2005 frontend: research/pilot_two/seed-17999570691447884947/generated.v
Parsing SystemVerilog input from `research/pilot_two/seed-17999570691447884947/generated.v' to AST representation.
Generating RTLIL representation for module `\top'.
Generating RTLIL representation for module `\module9'.
Generating RTLIL representation for module `\module95'.
Generating RTLIL representation for module `\module15'.
Successfully finished Verilog frontend.

2. Executing PROC pass (convert processes to netlists).

2.1. Executing PROC_CLEAN pass (remove empty switches from decision trees).
Found and cleaned up 2 empty switches in `\module95.$proc$research/pilot_two/seed-17999570691447884947/generated.v:310$271'.
Cleaned up 2 empty switches.

2.2. Executing PROC_RMDEAD pass (remove dead branches from decision trees).
Marked 5 switch rules as full_case in process $proc$research/pilot_two/seed-17999570691447884947/generated.v:734$793 in module module15.
Marked 6 switch rules as full_case in process $proc$research/pilot_two/seed-17999570691447884947/generated.v:605$609 in module module15.
Marked 4 switch rules as full_case in process $proc$research/pilot_two/seed-17999570691447884947/generated.v:561$535 in module module15.
Marked 1 switch rules as full_case in process $proc$research/pilot_two/seed-17999570691447884947/generated.v:523$458 in module module15.
Marked 4 switch rules as full_case in process $proc$research/pilot_two/seed-17999570691447884947/generated.v:109$43 in module module9.
Removed a total of 0 dead cases.

2.3. Executing PROC_PRUNE pass (remove redundant assignments in processes).
Removed 57 redundant assignments.
Promoted 149 assignments to connections.

2.4. Executing PROC_INIT pass (extract init attributes).
Found init rule in `\module15.$proc$research/pilot_two/seed-17999570691447884947/generated.v:446$1027'.
  Set init value: \reg21 = 14'00000000000000
Found init rule in `\module15.$proc$research/pilot_two/seed-17999570691447884947/generated.v:445$1026'.
  Set init value: \reg22 = 20'00000000000000000000
Found init rule in `\module15.$proc$research/pilot_two/seed-17999570691447884947/generated.v:444$1025'.
  Set init value: \reg23 = 20'00000000000000000000
Found init rule in `\module15.$proc$research/pilot_two/seed-17999570691447884947/generated.v:443$1024'.
  Set init value: \reg24 = 5'00000
Found init rule in `\module15.$proc$research/pilot_two/seed-17999570691447884947/generated.v:442$1023'.
  Set init value: \reg25 = 6'000000
Found init rule in `\module15.$proc$research/pilot_two/seed-17999570691447884947/generated.v:433$1022'.
  Set init value: \forvar34 = 20'00000000000000000000
Found init rule in `\module15.$proc$research/pilot_two/seed-17999570691447884947/generated.v:432$1021'.
  Set init value: \reg35 = 19'0000000000000000000
Found init rule in `\module15.$proc$research/pilot_two/seed-17999570691447884947/generated.v:431$1020'.
  Set init value: \reg36 = 14'00000000000000
Found init rule in `\module15.$proc$research/pilot_two/seed-17999570691447884947/generated.v:430$1019'.
  Set init value: \forvar37 = 8'00000000
Found init rule in `\module15.$proc$research/pilot_two/seed-17999570691447884947/generated.v:428$1017'.
  Set init value: \reg39 = 14'00000000000000
Found init rule in `\module15.$proc$research/pilot_two/seed-17999570691447884947/generated.v:427$1016'.
  Set init value: \reg40 = 11'00000000000
Found init rule in `\module15.$proc$research/pilot_two/seed-17999570691447884947/generated.v:426$1015'.
  Set init value: \forvar41 = 21'000000000000000000000
Found init rule in `\module15.$proc$research/pilot_two/seed-17999570691447884947/generated.v:425$1014'.
  Set init value: \reg42 = 12'000000000000
Found init rule in `\module15.$proc$research/pilot_two/seed-17999570691447884947/generated.v:424$1013'.
  Set init value: \reg43 = 14'00000000000000
Found init rule in `\module15.$proc$research/pilot_two/seed-17999570691447884947/generated.v:423$1012'.
  Set init value: \reg44 = 17'00000000000000000
Found init rule in `\module15.$proc$research/pilot_two/seed-17999570691447884947/generated.v:422$1011'.
  Set init value: \reg45 = 20'00000000000000000000
Found init rule in `\module15.$proc$research/pilot_two/seed-17999570691447884947/generated.v:418$1010'.
  Set init value: \reg49 = 5'00000
Found init rule in `\module15.$proc$research/pilot_two/seed-17999570691447884947/generated.v:417$1009'.
  Set init value: \reg50 = 17'00000000000000000
Found init rule in `\module15.$proc$research/pilot_two/seed-17999570691447884947/generated.v:416$1008'.
  Set init value: \reg51 = 13'0000000000000
Found init rule in `\module15.$proc$research/pilot_two/seed-17999570691447884947/generated.v:415$1007'.
  Set init value: \reg52 = 11'00000000000
Found init rule in `\module15.$proc$research/pilot_two/seed-17999570691447884947/generated.v:414$1006'.
  Set init value: \reg53 = 11'00000000000
Found init rule in `\module15.$proc$research/pilot_two/seed-17999570691447884947/generated.v:413$1005'.
  Set init value: \reg54 = 5'00000
Found init rule in `\module15.$proc$research/pilot_two/seed-17999570691447884947/generated.v:412$1004'.
  Set init value: \reg55 = 10'0000000000
Found init rule in `\module15.$proc$research/pilot_two/seed-17999570691447884947/generated.v:411$1003'.
  Set init value: \reg56 = 5'00000
Found init rule in `\module15.$proc$research/pilot_two/seed-17999570691447884947/generated.v:410$1002'.
  Set init value: \reg57 = 22'0000000000000000000000
Found init rule in `\module15.$proc$research/pilot_two/seed-17999570691447884947/generated.v:409$1001'.
  Set init value: \forvar58 = 18'000000000000000000
Found init rule in `\module15.$proc$research/pilot_two/seed-17999570691447884947/generated.v:408$1000'.
  Set init value: \reg59 = 11'00000000000
Found init rule in `\module15.$proc$research/pilot_two/seed-17999570691447884947/generated.v:407$999'.
  Set init value: \reg60 = 7'0000000
Found init rule in `\module15.$proc$research/pilot_two/seed-17999570691447884947/generated.v:406$998'.
  Set init value: \reg61 = 7'0000000
Found init rule in `\module15.$proc$research/pilot_two/seed-17999570691447884947/generated.v:405$997'.
  Set init value: \reg62 = 10'0000000000
Found init rule in `\module15.$proc$research/pilot_two/seed-17999570691447884947/generated.v:404$996'.
  Set init value: \forvar56 = 5'00000
Found init rule in `\module15.$proc$research/pilot_two/seed-17999570691447884947/generated.v:403$995'.
  Set init value: \reg58 = 8'00000000
Found init rule in `\module15.$proc$research/pilot_two/seed-17999570691447884947/generated.v:402$994'.
  Set init value: \reg63 = 17'00000000000000000
Found init rule in `\module15.$proc$research/pilot_two/seed-17999570691447884947/generated.v:401$993'.
  Set init value: \reg64 = 9'000000000
Found init rule in `\module15.$proc$research/pilot_two/seed-17999570691447884947/generated.v:400$992'.
  Set init value: \reg65 = 20'00000000000000000000
Found init rule in `\module15.$proc$research/pilot_two/seed-17999570691447884947/generated.v:399$991'.
  Set init value: \reg66 = 13'0000000000000
Found init rule in `\module15.$proc$research/pilot_two/seed-17999570691447884947/generated.v:398$990'.
  Set init value: \reg67 = 17'00000000000000000
Found init rule in `\module15.$proc$research/pilot_two/seed-17999570691447884947/generated.v:397$989'.
  Set init value: \reg68 = 6'000000
Found init rule in `\module15.$proc$research/pilot_two/seed-17999570691447884947/generated.v:396$988'.
  Set init value: \reg69 = 13'0000000000000
Found init rule in `\module15.$proc$research/pilot_two/seed-17999570691447884947/generated.v:395$987'.
  Set init value: \reg70 = 20'00000000000000000000
Found init rule in `\module15.$proc$research/pilot_two/seed-17999570691447884947/generated.v:394$986'.
  Set init value: \forvar66 = 16'0000000000000000
Found init rule in `\module15.$proc$research/pilot_two/seed-17999570691447884947/generated.v:393$985'.
  Set init value: \reg71 = 15'000000000000000
Found init rule in `\module15.$proc$research/pilot_two/seed-17999570691447884947/generated.v:392$984'.
  Set init value: \reg72 = 14'00000000000000
Found init rule in `\module15.$proc$research/pilot_two/seed-17999570691447884947/generated.v:391$983'.
  Set init value: \forvar73 = 12'000000000000
Found init rule in `\module15.$proc$research/pilot_two/seed-17999570691447884947/generated.v:390$982'.
  Set init value: \reg74 = 14'00000000000000
Found init rule in `\module15.$proc$research/pilot_two/seed-17999570691447884947/generated.v:389$981'.
  Set init value: \reg75 = 15'000000000000000
Found init rule in `\module15.$proc$research/pilot_two/seed-17999570691447884947/generated.v:388$980'.
  Set init value: \reg76 = 15'000000000000000
Found init rule in `\module15.$proc$research/pilot_two/seed-17999570691447884947/generated.v:387$979'.
  Set init value: \reg77 = 8'00000000
Found init rule in `\module15.$proc$research/pilot_two/seed-17999570691447884947/generated.v:386$978'.
  Set init value: \reg78 = 20'00000000000000000000
Found init rule in `\module15.$proc$research/pilot_two/seed-17999570691447884947/generated.v:385$977'.
  Set init value: \reg79 = 16'0000000000000000
Found init rule in `\module15.$proc$research/pilot_two/seed-17999570691447884947/generated.v:384$976'.
  Set init value: \reg80 = 16'0000000000000000
Found init rule in `\module15.$proc$research/pilot_two/seed-17999570691447884947/generated.v:383$975'.
  Set init value: \reg81 = 10'0000000000
Found init rule in `\module15.$proc$research/pilot_two/seed-17999570691447884947/generated.v:382$974'.
  Set init value: \reg82 = 18'000000000000000000
Found init rule in `\module15.$proc$research/pilot_two/seed-17999570691447884947/generated.v:381$973'.
  Set init value: \reg83 = 16'0000000000000000
Found init rule in `\module15.$proc$research/pilot_two/seed-17999570691447884947/generated.v:380$972'.
  Set init value: \reg84 = 16'0000000000000000
Found init rule in `\module15.$proc$research/pilot_two/seed-17999570691447884947/generated.v:379$971'.
  Set init value: \reg85 = 10'0000000000
Found init rule in `\module95.$proc$research/pilot_two/seed-17999570691447884947/generated.v:250$456'.
  Set init value: \reg106 = 3'000
Found init rule in `\module95.$proc$research/pilot_two/seed-17999570691447884947/generated.v:249$455'.
  Set init value: \reg107 = 22'0000000000000000000000
Found init rule in `\module95.$proc$research/pilot_two/seed-17999570691447884947/generated.v:248$454'.
  Set init value: \reg108 = 14'00000000000000
Found init rule in `\module95.$proc$research/pilot_two/seed-17999570691447884947/generated.v:247$453'.
  Set init value: \reg109 = 8'00000000
Found init rule in `\module95.$proc$research/pilot_two/seed-17999570691447884947/generated.v:246$452'.
  Set init value: \reg110 = 7'0000000
Found init rule in `\module95.$proc$research/pilot_two/seed-17999570691447884947/generated.v:244$451'.
  Set init value: \forvar112 = 10'0000000000
Found init rule in `\module95.$proc$research/pilot_two/seed-17999570691447884947/generated.v:243$450'.
  Set init value: \reg113 = 5'00000
Found init rule in `\module95.$proc$research/pilot_two/seed-17999570691447884947/generated.v:242$449'.
  Set init value: \reg114 = 19'0000000000000000000
Found init rule in `\module95.$proc$research/pilot_two/seed-17999570691447884947/generated.v:241$448'.
  Set init value: \reg115 = 19'0000000000000000000
Found init rule in `\module95.$proc$research/pilot_two/seed-17999570691447884947/generated.v:240$447'.
  Set init value: \reg116 = 9'000000000
Found init rule in `\module95.$proc$research/pilot_two/seed-17999570691447884947/generated.v:239$446'.
  Set init value: \reg117 = 3'000
Found init rule in `\module95.$proc$research/pilot_two/seed-17999570691447884947/generated.v:238$445'.
  Set init value: \reg118 = 20'00000000000000000000
Found init rule in `\module95.$proc$research/pilot_two/seed-17999570691447884947/generated.v:237$444'.
  Set init value: \forvar119 = 9'000000000
Found init rule in `\module95.$proc$research/pilot_two/seed-17999570691447884947/generated.v:236$443'.
  Set init value: \forvar120 = 17'00000000000000000
Found init rule in `\module95.$proc$research/pilot_two/seed-17999570691447884947/generated.v:235$442'.
  Set init value: \reg121 = 12'000000000000
Found init rule in `\module95.$proc$research/pilot_two/seed-17999570691447884947/generated.v:234$441'.
  Set init value: \reg122 = 4'0000
Found init rule in `\module95.$proc$research/pilot_two/seed-17999570691447884947/generated.v:233$440'.
  Set init value: \reg123 = 21'000000000000000000000
Found init rule in `\module95.$proc$research/pilot_two/seed-17999570691447884947/generated.v:232$439'.
  Set init value: \reg124 = 22'0000000000000000000000
Found init rule in `\module95.$proc$research/pilot_two/seed-17999570691447884947/generated.v:231$438'.
  Set init value: \reg125 = 21'000000000000000000000
Found init rule in `\module95.$proc$research/pilot_two/seed-17999570691447884947/generated.v:230$437'.
  Set init value: \reg126 = 19'0000000000000000000
Found init rule in `\module95.$proc$research/pilot_two/seed-17999570691447884947/generated.v:229$436'.
  Set init value: \reg127 = 3'000
Found init rule in `\module9.$proc$research/pilot_two/seed-17999570691447884947/generated.v:69$247'.
  Set init value: \forvar137 = 20'00000000000000000000
Found init rule in `\module9.$proc$research/pilot_two/seed-17999570691447884947/generated.v:68$246'.
  Set init value: \reg138 = 4'0000
Found init rule in `\module9.$proc$research/pilot_two/seed-17999570691447884947/generated.v:67$245'.
  Set init value: \reg139 = 3'000
Found init rule in `\module9.$proc$research/pilot_two/seed-17999570691447884947/generated.v:66$244'.
  Set init value: \reg140 = 8'00000000
Found init rule in `\module9.$proc$research/pilot_two/seed-17999570691447884947/generated.v:65$243'.
  Set init value: \reg141 = 6'000000
Found init rule in `\module9.$proc$research/pilot_two/seed-17999570691447884947/generated.v:64$242'.
  Set init value: \reg142 = 21'000000000000000000000
Found init rule in `\module9.$proc$research/pilot_two/seed-17999570691447884947/generated.v:63$241'.
  Set init value: \reg143 = 16'0000000000000000
Found init rule in `\module9.$proc$research/pilot_two/seed-17999570691447884947/generated.v:62$240'.
  Set init value: \reg137 = 4'0000
Found init rule in `\module9.$proc$research/pilot_two/seed-17999570691447884947/generated.v:61$239'.
  Set init value: \reg144 = 12'000000000000
Found init rule in `\module9.$proc$research/pilot_two/seed-17999570691447884947/generated.v:60$238'.
  Set init value: \forvar145 = 8'00000000
Found init rule in `\module9.$proc$research/pilot_two/seed-17999570691447884947/generated.v:59$237'.
  Set init value: \reg146 = 11'00000000000
Found init rule in `\module9.$proc$research/pilot_two/seed-17999570691447884947/generated.v:58$236'.
  Set init value: \reg147 = 6'000000
Found init rule in `\module9.$proc$research/pilot_two/seed-17999570691447884947/generated.v:57$235'.
  Set init value: \reg148 = 13'0000000000000
Found init rule in `\module9.$proc$research/pilot_two/seed-17999570691447884947/generated.v:56$234'.
  Set init value: \reg149 = 15'000000000000000
Found init rule in `\module9.$proc$research/pilot_two/seed-17999570691447884947/generated.v:55$233'.
  Set init value: \reg145 = 15'000000000000000
Found init rule in `\module9.$proc$research/pilot_two/seed-17999570691447884947/generated.v:54$232'.
  Set init value: \forvar148 = 3'000
Found init rule in `\module9.$proc$research/pilot_two/seed-17999570691447884947/generated.v:53$231'.
  Set init value: \reg150 = 6'000000
Found init rule in `\module9.$proc$research/pilot_two/seed-17999570691447884947/generated.v:52$230'.
  Set init value: \reg151 = 6'000000
Found init rule in `\module9.$proc$research/pilot_two/seed-17999570691447884947/generated.v:51$229'.
  Set init value: \reg152 = 5'00000
Found init rule in `\module9.$proc$research/pilot_two/seed-17999570691447884947/generated.v:50$228'.
  Set init value: \reg153 = 3'000
Found init rule in `\module9.$proc$research/pilot_two/seed-17999570691447884947/generated.v:49$227'.
  Set init value: \reg154 = 17'00000000000000000
Found init rule in `\top.$proc$research/pilot_two/seed-17999570691447884947/generated.v:13$42'.
  Set init value: \reg8 = 22'0000000000000000000000
Found init rule in `\top.$proc$research/pilot_two/seed-17999570691447884947/generated.v:12$41'.
  Set init value: \reg7 = 4'0000

2.5. Executing PROC_ARST pass (detect async resets in processes).

2.6. Executing PROC_ROM pass (convert switches to ROMs).
Converted 0 switches.
<suppressed ~20 debug messages>

2.7. Executing PROC_MUX pass (convert decision trees to multiplexers).
Creating decoders for process `\module15.$proc$research/pilot_two/seed-17999570691447884947/generated.v:446$1027'.
Creating decoders for process `\module15.$proc$research/pilot_two/seed-17999570691447884947/generated.v:445$1026'.
Creating decoders for process `\module15.$proc$research/pilot_two/seed-17999570691447884947/generated.v:444$1025'.
Creating decoders for process `\module15.$proc$research/pilot_two/seed-17999570691447884947/generated.v:443$1024'.
Creating decoders for process `\module15.$proc$research/pilot_two/seed-17999570691447884947/generated.v:442$1023'.
Creating decoders for process `\module15.$proc$research/pilot_two/seed-17999570691447884947/generated.v:433$1022'.
Creating decoders for process `\module15.$proc$research/pilot_two/seed-17999570691447884947/generated.v:432$1021'.
Creating decoders for process `\module15.$proc$research/pilot_two/seed-17999570691447884947/generated.v:431$1020'.
Creating decoders for process `\module15.$proc$research/pilot_two/seed-17999570691447884947/generated.v:430$1019'.
Creating decoders for process `\module15.$proc$research/pilot_two/seed-17999570691447884947/generated.v:429$1018'.
Creating decoders for process `\module15.$proc$research/pilot_two/seed-17999570691447884947/generated.v:428$1017'.
Creating decoders for process `\module15.$proc$research/pilot_two/seed-17999570691447884947/generated.v:427$1016'.
Creating decoders for process `\module15.$proc$research/pilot_two/seed-17999570691447884947/generated.v:426$1015'.
Creating decoders for process `\module15.$proc$research/pilot_two/seed-17999570691447884947/generated.v:425$1014'.
Creating decoders for process `\module15.$proc$research/pilot_two/seed-17999570691447884947/generated.v:424$1013'.
Creating decoders for process `\module15.$proc$research/pilot_two/seed-17999570691447884947/generated.v:423$1012'.
Creating decoders for process `\module15.$proc$research/pilot_two/seed-17999570691447884947/generated.v:422$1011'.
Creating decoders for process `\module15.$proc$research/pilot_two/seed-17999570691447884947/generated.v:418$1010'.
Creating decoders for process `\module15.$proc$research/pilot_two/seed-17999570691447884947/generated.v:417$1009'.
Creating decoders for process `\module15.$proc$research/pilot_two/seed-17999570691447884947/generated.v:416$1008'.
Creating decoders for process `\module15.$proc$research/pilot_two/seed-17999570691447884947/generated.v:415$1007'.
Creating decoders for process `\module15.$proc$research/pilot_two/seed-17999570691447884947/generated.v:414$1006'.
Creating decoders for process `\module15.$proc$research/pilot_two/seed-17999570691447884947/generated.v:413$1005'.
Creating decoders for process `\module15.$proc$research/pilot_two/seed-17999570691447884947/generated.v:412$1004'.
Creating decoders for process `\module15.$proc$research/pilot_two/seed-17999570691447884947/generated.v:411$1003'.
Creating decoders for process `\module15.$proc$research/pilot_two/seed-17999570691447884947/generated.v:410$1002'.
Creating decoders for process `\module15.$proc$research/pilot_two/seed-17999570691447884947/generated.v:409$1001'.
Creating decoders for process `\module15.$proc$research/pilot_two/seed-17999570691447884947/generated.v:408$1000'.
Creating decoders for process `\module15.$proc$research/pilot_two/seed-17999570691447884947/generated.v:407$999'.
Creating decoders for process `\module15.$proc$research/pilot_two/seed-17999570691447884947/generated.v:406$998'.
Creating decoders for process `\module15.$proc$research/pilot_two/seed-17999570691447884947/generated.v:405$997'.
Creating decoders for process `\module15.$proc$research/pilot_two/seed-17999570691447884947/generated.v:404$996'.
Creating decoders for process `\module15.$proc$research/pilot_two/seed-17999570691447884947/generated.v:403$995'.
Creating decoders for process `\module15.$proc$research/pilot_two/seed-17999570691447884947/generated.v:402$994'.
Creating decoders for process `\module15.$proc$research/pilot_two/seed-17999570691447884947/generated.v:401$993'.
Creating decoders for process `\module15.$proc$research/pilot_two/seed-17999570691447884947/generated.v:400$992'.
Creating decoders for process `\module15.$proc$research/pilot_two/seed-17999570691447884947/generated.v:399$991'.
Creating decoders for process `\module15.$proc$research/pilot_two/seed-17999570691447884947/generated.v:398$990'.
Creating decoders for process `\module15.$proc$research/pilot_two/seed-17999570691447884947/generated.v:397$989'.
Creating decoders for process `\module15.$proc$research/pilot_two/seed-17999570691447884947/generated.v:396$988'.
Creating decoders for process `\module15.$proc$research/pilot_two/seed-17999570691447884947/generated.v:395$987'.
Creating decoders for process `\module15.$proc$research/pilot_two/seed-17999570691447884947/generated.v:394$986'.
Creating decoders for process `\module15.$proc$research/pilot_two/seed-17999570691447884947/generated.v:393$985'.
Creating decoders for process `\module15.$proc$research/pilot_two/seed-17999570691447884947/generated.v:392$984'.
Creating decoders for process `\module15.$proc$research/pilot_two/seed-17999570691447884947/generated.v:391$983'.
Creating decoders for process `\module15.$proc$research/pilot_two/seed-17999570691447884947/generated.v:390$982'.
Creating decoders for process `\module15.$proc$research/pilot_two/seed-17999570691447884947/generated.v:389$981'.
Creating decoders for process `\module15.$proc$research/pilot_two/seed-17999570691447884947/generated.v:388$980'.
Creating decoders for process `\module15.$proc$research/pilot_two/seed-17999570691447884947/generated.v:387$979'.
Creating decoders for process `\module15.$proc$research/pilot_two/seed-17999570691447884947/generated.v:386$978'.
Creating decoders for process `\module15.$proc$research/pilot_two/seed-17999570691447884947/generated.v:385$977'.
Creating decoders for process `\module15.$proc$research/pilot_two/seed-17999570691447884947/generated.v:384$976'.
Creating decoders for process `\module15.$proc$research/pilot_two/seed-17999570691447884947/generated.v:383$975'.
Creating decoders for process `\module15.$proc$research/pilot_two/seed-17999570691447884947/generated.v:382$974'.
Creating decoders for process `\module15.$proc$research/pilot_two/seed-17999570691447884947/generated.v:381$973'.
Creating decoders for process `\module15.$proc$research/pilot_two/seed-17999570691447884947/generated.v:380$972'.
Creating decoders for process `\module15.$proc$research/pilot_two/seed-17999570691447884947/generated.v:379$971'.
Creating decoders for process `\module15.$proc$research/pilot_two/seed-17999570691447884947/generated.v:734$793'.
     1/8: $0\reg83[15:0]
     2/8: $0\reg78[19:0]
     3/8: $0\reg77[7:0]
     4/8: $0\reg76[14:0]
     5/8: $0\reg75[14:0]
     6/8: $0\reg79[15:0]
     7/8: $0\reg84[15:0]
     8/8: $0\reg85[9:0]
Creating decoders for process `\module15.$proc$research/pilot_two/seed-17999570691447884947/generated.v:605$609'.
     1/24: $0\reg65[19:0]
     2/24: $0\reg64[8:0]
     3/24: $1\forvar66[15:0]
     4/24: $0\reg62[9:0]
     5/24: $1\forvar58[17:0]
     6/24: $0\reg57[21:0]
     7/24: $0\reg55[9:0]
     8/24: $1\forvar56[4:0]
     9/24: $0\reg50[16:0]
    10/24: $0\reg49[4:0]
    11/24: $0\reg51[12:0]
    12/24: $0\reg52[10:0]
    13/24: $0\reg53[10:0]
    14/24: $0\reg54[4:0]
    15/24: $0\reg56[4:0]
    16/24: $0\reg59[10:0]
    17/24: $0\reg60[6:0]
    18/24: $0\reg61[6:0]
    19/24: $0\reg58[7:0]
    20/24: $0\reg66[12:0]
    21/24: $0\reg67[16:0]
    22/24: $0\reg68[5:0]
    23/24: $0\reg69[12:0]
    24/24: $0\reg70[19:0]
Creating decoders for process `\module15.$proc$research/pilot_two/seed-17999570691447884947/generated.v:596$597'.
Creating decoders for process `\module15.$proc$research/pilot_two/seed-17999570691447884947/generated.v:584$584'.
Creating decoders for process `\module15.$proc$research/pilot_two/seed-17999570691447884947/generated.v:561$535'.
     1/2: $0\reg39[13:0]
     2/2: $0\reg40[10:0]
Creating decoders for process `\module15.$proc$research/pilot_two/seed-17999570691447884947/generated.v:523$458'.
     1/4: $0\reg22[19:0]
     2/4: $0\reg23[19:0]
     3/4: $0\reg24[4:0]
     4/4: $0\reg25[5:0]
Creating decoders for process `\module95.$proc$research/pilot_two/seed-17999570691447884947/generated.v:250$456'.
Creating decoders for process `\module95.$proc$research/pilot_two/seed-17999570691447884947/generated.v:249$455'.
Creating decoders for process `\module95.$proc$research/pilot_two/seed-17999570691447884947/generated.v:248$454'.
Creating decoders for process `\module95.$proc$research/pilot_two/seed-17999570691447884947/generated.v:247$453'.
Creating decoders for process `\module95.$proc$research/pilot_two/seed-17999570691447884947/generated.v:246$452'.
Creating decoders for process `\module95.$proc$research/pilot_two/seed-17999570691447884947/generated.v:244$451'.
Creating decoders for process `\module95.$proc$research/pilot_two/seed-17999570691447884947/generated.v:243$450'.
Creating decoders for process `\module95.$proc$research/pilot_two/seed-17999570691447884947/generated.v:242$449'.
Creating decoders for process `\module95.$proc$research/pilot_two/seed-17999570691447884947/generated.v:241$448'.
Creating decoders for process `\module95.$proc$research/pilot_two/seed-17999570691447884947/generated.v:240$447'.
Creating decoders for process `\module95.$proc$research/pilot_two/seed-17999570691447884947/generated.v:239$446'.
Creating decoders for process `\module95.$proc$research/pilot_two/seed-17999570691447884947/generated.v:238$445'.
Creating decoders for process `\module95.$proc$research/pilot_two/seed-17999570691447884947/generated.v:237$444'.
Creating decoders for process `\module95.$proc$research/pilot_two/seed-17999570691447884947/generated.v:236$443'.
Creating decoders for process `\module95.$proc$research/pilot_two/seed-17999570691447884947/generated.v:235$442'.
Creating decoders for process `\module95.$proc$research/pilot_two/seed-17999570691447884947/generated.v:234$441'.
Creating decoders for process `\module95.$proc$research/pilot_two/seed-17999570691447884947/generated.v:233$440'.
Creating decoders for process `\module95.$proc$research/pilot_two/seed-17999570691447884947/generated.v:232$439'.
Creating decoders for process `\module95.$proc$research/pilot_two/seed-17999570691447884947/generated.v:231$438'.
Creating decoders for process `\module95.$proc$research/pilot_two/seed-17999570691447884947/generated.v:230$437'.
Creating decoders for process `\module95.$proc$research/pilot_two/seed-17999570691447884947/generated.v:229$436'.
Creating decoders for process `\module95.$proc$research/pilot_two/seed-17999570691447884947/generated.v:310$271'.
Creating decoders for process `\module95.$proc$research/pilot_two/seed-17999570691447884947/generated.v:296$253'.
Creating decoders for process `\module9.$proc$research/pilot_two/seed-17999570691447884947/generated.v:69$247'.
Creating decoders for process `\module9.$proc$research/pilot_two/seed-17999570691447884947/generated.v:68$246'.
Creating decoders for process `\module9.$proc$research/pilot_two/seed-17999570691447884947/generated.v:67$245'.
Creating decoders for process `\module9.$proc$research/pilot_two/seed-17999570691447884947/generated.v:66$244'.
Creating decoders for process `\module9.$proc$research/pilot_two/seed-17999570691447884947/generated.v:65$243'.
Creating decoders for process `\module9.$proc$research/pilot_two/seed-17999570691447884947/generated.v:64$242'.
Creating decoders for process `\module9.$proc$research/pilot_two/seed-17999570691447884947/generated.v:63$241'.
Creating decoders for process `\module9.$proc$research/pilot_two/seed-17999570691447884947/generated.v:62$240'.
Creating decoders for process `\module9.$proc$research/pilot_two/seed-17999570691447884947/generated.v:61$239'.
Creating decoders for process `\module9.$proc$research/pilot_two/seed-17999570691447884947/generated.v:60$238'.
Creating decoders for process `\module9.$proc$research/pilot_two/seed-17999570691447884947/generated.v:59$237'.
Creating decoders for process `\module9.$proc$research/pilot_two/seed-17999570691447884947/generated.v:58$236'.
Creating decoders for process `\module9.$proc$research/pilot_two/seed-17999570691447884947/generated.v:57$235'.
Creating decoders for process `\module9.$proc$research/pilot_two/seed-17999570691447884947/generated.v:56$234'.
Creating decoders for process `\module9.$proc$research/pilot_two/seed-17999570691447884947/generated.v:55$233'.
Creating decoders for process `\module9.$proc$research/pilot_two/seed-17999570691447884947/generated.v:54$232'.
Creating decoders for process `\module9.$proc$research/pilot_two/seed-17999570691447884947/generated.v:53$231'.
Creating decoders for process `\module9.$proc$research/pilot_two/seed-17999570691447884947/generated.v:52$230'.
Creating decoders for process `\module9.$proc$research/pilot_two/seed-17999570691447884947/generated.v:51$229'.
Creating decoders for process `\module9.$proc$research/pilot_two/seed-17999570691447884947/generated.v:50$228'.
Creating decoders for process `\module9.$proc$research/pilot_two/seed-17999570691447884947/generated.v:49$227'.
Creating decoders for process `\module9.$proc$research/pilot_two/seed-17999570691447884947/generated.v:109$43'.
     1/20: $0\reg149[14:0]
     2/20: $1\forvar145[7:0]
     3/20: $0\reg147[5:0]
     4/20: $0\reg146[10:0]
     5/20: $1\forvar148[2:0]
     6/20: $1\forvar137[19:0]
     7/20: $0\reg141[5:0]
     8/20: $0\reg138[3:0]
     9/20: $0\reg139[2:0]
    10/20: $0\reg140[7:0]
    11/20: $0\reg142[20:0]
    12/20: $0\reg143[15:0]
    13/20: $0\reg137[3:0]
    14/20: $0\reg148[12:0]
    15/20: $0\reg145[14:0]
    16/20: $0\reg150[5:0]
    17/20: $0\reg151[5:0]
    18/20: $0\reg152[4:0]
    19/20: $0\reg153[2:0]
    20/20: $0\reg154[16:0]
Creating decoders for process `\top.$proc$research/pilot_two/seed-17999570691447884947/generated.v:13$42'.
Creating decoders for process `\top.$proc$research/pilot_two/seed-17999570691447884947/generated.v:12$41'.
Creating decoders for process `\top.$proc$research/pilot_two/seed-17999570691447884947/generated.v:22$27'.

2.8. Executing PROC_DLATCH pass (convert process syncs to latches).
No latch inferred for signal `\module15.\reg38' from process `\module15.$proc$research/pilot_two/seed-17999570691447884947/generated.v:429$1018'.

2.9. Executing PROC_DFF pass (convert process syncs to FFs).
Creating register for signal `\module15.\reg85' using process `\module15.$proc$research/pilot_two/seed-17999570691447884947/generated.v:734$793'.
  created $dff cell `$procdff$1265' with positive edge clock.
Creating register for signal `\module15.\reg84' using process `\module15.$proc$research/pilot_two/seed-17999570691447884947/generated.v:734$793'.
  created $dff cell `$procdff$1266' with positive edge clock.
Creating register for signal `\module15.\reg83' using process `\module15.$proc$research/pilot_two/seed-17999570691447884947/generated.v:734$793'.
  created $dff cell `$procdff$1267' with positive edge clock.
Creating register for signal `\module15.\reg82' using process `\module15.$proc$research/pilot_two/seed-17999570691447884947/generated.v:734$793'.
  created $dff cell `$procdff$1268' with positive edge clock.
Creating register for signal `\module15.\reg81' using process `\module15.$proc$research/pilot_two/seed-17999570691447884947/generated.v:734$793'.
  created $dff cell `$procdff$1269' with positive edge clock.
Creating register for signal `\module15.\reg80' using process `\module15.$proc$research/pilot_two/seed-17999570691447884947/generated.v:734$793'.
  created $dff cell `$procdff$1270' with positive edge clock.
Creating register for signal `\module15.\reg79' using process `\module15.$proc$research/pilot_two/seed-17999570691447884947/generated.v:734$793'.
  created $dff cell `$procdff$1271' with positive edge clock.
Creating register for signal `\module15.\reg78' using process `\module15.$proc$research/pilot_two/seed-17999570691447884947/generated.v:734$793'.
  created $dff cell `$procdff$1272' with positive edge clock.
Creating register for signal `\module15.\reg77' using process `\module15.$proc$research/pilot_two/seed-17999570691447884947/generated.v:734$793'.
  created $dff cell `$procdff$1273' with positive edge clock.
Creating register for signal `\module15.\reg76' using process `\module15.$proc$research/pilot_two/seed-17999570691447884947/generated.v:734$793'.
  created $dff cell `$procdff$1274' with positive edge clock.
Creating register for signal `\module15.\reg75' using process `\module15.$proc$research/pilot_two/seed-17999570691447884947/generated.v:734$793'.
  created $dff cell `$procdff$1275' with positive edge clock.
Creating register for signal `\module15.\reg74' using process `\module15.$proc$research/pilot_two/seed-17999570691447884947/generated.v:734$793'.
  created $dff cell `$procdff$1276' with positive edge clock.
Creating register for signal `\module15.\forvar73' using process `\module15.$proc$research/pilot_two/seed-17999570691447884947/generated.v:734$793'.
  created $dff cell `$procdff$1277' with positive edge clock.
Creating register for signal `\module15.\reg72' using process `\module15.$proc$research/pilot_two/seed-17999570691447884947/generated.v:734$793'.
  created $dff cell `$procdff$1278' with positive edge clock.
Creating register for signal `\module15.\reg71' using process `\module15.$proc$research/pilot_two/seed-17999570691447884947/generated.v:734$793'.
  created $dff cell `$procdff$1279' with positive edge clock.
Creating register for signal `\module15.\forvar66' using process `\module15.$proc$research/pilot_two/seed-17999570691447884947/generated.v:605$609'.
  created $dff cell `$procdff$1280' with positive edge clock.
Creating register for signal `\module15.\reg70' using process `\module15.$proc$research/pilot_two/seed-17999570691447884947/generated.v:605$609'.
  created $dff cell `$procdff$1281' with positive edge clock.
Creating register for signal `\module15.\reg69' using process `\module15.$proc$research/pilot_two/seed-17999570691447884947/generated.v:605$609'.
  created $dff cell `$procdff$1282' with positive edge clock.
Creating register for signal `\module15.\reg68' using process `\module15.$proc$research/pilot_two/seed-17999570691447884947/generated.v:605$609'.
  created $dff cell `$procdff$1283' with positive edge clock.
Creating register for signal `\module15.\reg67' using process `\module15.$proc$research/pilot_two/seed-17999570691447884947/generated.v:605$609'.
  created $dff cell `$procdff$1284' with positive edge clock.
Creating register for signal `\module15.\reg66' using process `\module15.$proc$research/pilot_two/seed-17999570691447884947/generated.v:605$609'.
  created $dff cell `$procdff$1285' with positive edge clock.
Creating register for signal `\module15.\reg65' using process `\module15.$proc$research/pilot_two/seed-17999570691447884947/generated.v:605$609'.
  created $dff cell `$procdff$1286' with positive edge clock.
Creating register for signal `\module15.\reg64' using process `\module15.$proc$research/pilot_two/seed-17999570691447884947/generated.v:605$609'.
  created $dff cell `$procdff$1287' with positive edge clock.
Creating register for signal `\module15.\reg63' using process `\module15.$proc$research/pilot_two/seed-17999570691447884947/generated.v:605$609'.
  created $dff cell `$procdff$1288' with positive edge clock.
Creating register for signal `\module15.\reg58' using process `\module15.$proc$research/pilot_two/seed-17999570691447884947/generated.v:605$609'.
  created $dff cell `$procdff$1289' with positive edge clock.
Creating register for signal `\module15.\forvar56' using process `\module15.$proc$research/pilot_two/seed-17999570691447884947/generated.v:605$609'.
  created $dff cell `$procdff$1290' with positive edge clock.
Creating register for signal `\module15.\reg62' using process `\module15.$proc$research/pilot_two/seed-17999570691447884947/generated.v:605$609'.
  created $dff cell `$procdff$1291' with positive edge clock.
Creating register for signal `\module15.\reg61' using process `\module15.$proc$research/pilot_two/seed-17999570691447884947/generated.v:605$609'.
  created $dff cell `$procdff$1292' with positive edge clock.
Creating register for signal `\module15.\reg60' using process `\module15.$proc$research/pilot_two/seed-17999570691447884947/generated.v:605$609'.
  created $dff cell `$procdff$1293' with positive edge clock.
Creating register for signal `\module15.\reg59' using process `\module15.$proc$research/pilot_two/seed-17999570691447884947/generated.v:605$609'.
  created $dff cell `$procdff$1294' with positive edge clock.
Creating register for signal `\module15.\forvar58' using process `\module15.$proc$research/pilot_two/seed-17999570691447884947/generated.v:605$609'.
  created $dff cell `$procdff$1295' with positive edge clock.
Creating register for signal `\module15.\reg57' using process `\module15.$proc$research/pilot_two/seed-17999570691447884947/generated.v:605$609'.
  created $dff cell `$procdff$1296' with positive edge clock.
Creating register for signal `\module15.\reg56' using process `\module15.$proc$research/pilot_two/seed-17999570691447884947/generated.v:605$609'.
  created $dff cell `$procdff$1297' with positive edge clock.
Creating register for signal `\module15.\reg55' using process `\module15.$proc$research/pilot_two/seed-17999570691447884947/generated.v:605$609'.
  created $dff cell `$procdff$1298' with positive edge clock.
Creating register for signal `\module15.\reg54' using process `\module15.$proc$research/pilot_two/seed-17999570691447884947/generated.v:605$609'.
  created $dff cell `$procdff$1299' with positive edge clock.
Creating register for signal `\module15.\reg53' using process `\module15.$proc$research/pilot_two/seed-17999570691447884947/generated.v:605$609'.
  created $dff cell `$procdff$1300' with positive edge clock.
Creating register for signal `\module15.\reg52' using process `\module15.$proc$research/pilot_two/seed-17999570691447884947/generated.v:605$609'.
  created $dff cell `$procdff$1301' with positive edge clock.
Creating register for signal `\module15.\reg51' using process `\module15.$proc$research/pilot_two/seed-17999570691447884947/generated.v:605$609'.
  created $dff cell `$procdff$1302' with positive edge clock.
Creating register for signal `\module15.\reg50' using process `\module15.$proc$research/pilot_two/seed-17999570691447884947/generated.v:605$609'.
  created $dff cell `$procdff$1303' with positive edge clock.
Creating register for signal `\module15.\reg49' using process `\module15.$proc$research/pilot_two/seed-17999570691447884947/generated.v:605$609'.
  created $dff cell `$procdff$1304' with positive edge clock.
Creating register for signal `\module15.\reg45' using process `\module15.$proc$research/pilot_two/seed-17999570691447884947/generated.v:596$597'.
  created $dff cell `$procdff$1305' with positive edge clock.
Creating register for signal `\module15.\reg44' using process `\module15.$proc$research/pilot_two/seed-17999570691447884947/generated.v:584$584'.
  created $dff cell `$procdff$1306' with positive edge clock.
Creating register for signal `\module15.\reg43' using process `\module15.$proc$research/pilot_two/seed-17999570691447884947/generated.v:584$584'.
  created $dff cell `$procdff$1307' with positive edge clock.
Creating register for signal `\module15.\reg42' using process `\module15.$proc$research/pilot_two/seed-17999570691447884947/generated.v:584$584'.
  created $dff cell `$procdff$1308' with positive edge clock.
Creating register for signal `\module15.\forvar41' using process `\module15.$proc$research/pilot_two/seed-17999570691447884947/generated.v:584$584'.
  created $dff cell `$procdff$1309' with positive edge clock.
Creating register for signal `\module15.\reg40' using process `\module15.$proc$research/pilot_two/seed-17999570691447884947/generated.v:561$535'.
  created $dff cell `$procdff$1310' with positive edge clock.
Creating register for signal `\module15.\reg39' using process `\module15.$proc$research/pilot_two/seed-17999570691447884947/generated.v:561$535'.
  created $dff cell `$procdff$1311' with positive edge clock.
Creating register for signal `\module15.\forvar37' using process `\module15.$proc$research/pilot_two/seed-17999570691447884947/generated.v:561$535'.
  created $dff cell `$procdff$1312' with positive edge clock.
Creating register for signal `\module15.\reg36' using process `\module15.$proc$research/pilot_two/seed-17999570691447884947/generated.v:561$535'.
  created $dff cell `$procdff$1313' with positive edge clock.
Creating register for signal `\module15.\reg35' using process `\module15.$proc$research/pilot_two/seed-17999570691447884947/generated.v:561$535'.
  created $dff cell `$procdff$1314' with positive edge clock.
Creating register for signal `\module15.\forvar34' using process `\module15.$proc$research/pilot_two/seed-17999570691447884947/generated.v:561$535'.
  created $dff cell `$procdff$1315' with positive edge clock.
Creating register for signal `\module15.\reg25' using process `\module15.$proc$research/pilot_two/seed-17999570691447884947/generated.v:523$458'.
  created $dff cell `$procdff$1316' with positive edge clock.
Creating register for signal `\module15.\reg24' using process `\module15.$proc$research/pilot_two/seed-17999570691447884947/generated.v:523$458'.
  created $dff cell `$procdff$1317' with positive edge clock.
Creating register for signal `\module15.\reg23' using process `\module15.$proc$research/pilot_two/seed-17999570691447884947/generated.v:523$458'.
  created $dff cell `$procdff$1318' with positive edge clock.
Creating register for signal `\module15.\reg22' using process `\module15.$proc$research/pilot_two/seed-17999570691447884947/generated.v:523$458'.
  created $dff cell `$procdff$1319' with positive edge clock.
Creating register for signal `\module15.\reg21' using process `\module15.$proc$research/pilot_two/seed-17999570691447884947/generated.v:523$458'.
  created $dff cell `$procdff$1320' with positive edge clock.
Creating register for signal `\module95.\reg127' using process `\module95.$proc$research/pilot_two/seed-17999570691447884947/generated.v:310$271'.
  created $dff cell `$procdff$1321' with positive edge clock.
Creating register for signal `\module95.\reg126' using process `\module95.$proc$research/pilot_two/seed-17999570691447884947/generated.v:310$271'.
  created $dff cell `$procdff$1322' with positive edge clock.
Creating register for signal `\module95.\reg125' using process `\module95.$proc$research/pilot_two/seed-17999570691447884947/generated.v:310$271'.
  created $dff cell `$procdff$1323' with positive edge clock.
Creating register for signal `\module95.\reg124' using process `\module95.$proc$research/pilot_two/seed-17999570691447884947/generated.v:310$271'.
  created $dff cell `$procdff$1324' with positive edge clock.
Creating register for signal `\module95.\reg123' using process `\module95.$proc$research/pilot_two/seed-17999570691447884947/generated.v:310$271'.
  created $dff cell `$procdff$1325' with positive edge clock.
Creating register for signal `\module95.\reg122' using process `\module95.$proc$research/pilot_two/seed-17999570691447884947/generated.v:310$271'.
  created $dff cell `$procdff$1326' with positive edge clock.
Creating register for signal `\module95.\reg121' using process `\module95.$proc$research/pilot_two/seed-17999570691447884947/generated.v:310$271'.
  created $dff cell `$procdff$1327' with positive edge clock.
Creating register for signal `\module95.\forvar120' using process `\module95.$proc$research/pilot_two/seed-17999570691447884947/generated.v:310$271'.
  created $dff cell `$procdff$1328' with positive edge clock.
Creating register for signal `\module95.\forvar119' using process `\module95.$proc$research/pilot_two/seed-17999570691447884947/generated.v:310$271'.
  created $dff cell `$procdff$1329' with positive edge clock.
Creating register for signal `\module95.\reg118' using process `\module95.$proc$research/pilot_two/seed-17999570691447884947/generated.v:310$271'.
  created $dff cell `$procdff$1330' with positive edge clock.
Creating register for signal `\module95.\reg117' using process `\module95.$proc$research/pilot_two/seed-17999570691447884947/generated.v:310$271'.
  created $dff cell `$procdff$1331' with positive edge clock.
Creating register for signal `\module95.\reg116' using process `\module95.$proc$research/pilot_two/seed-17999570691447884947/generated.v:310$271'.
  created $dff cell `$procdff$1332' with positive edge clock.
Creating register for signal `\module95.\reg115' using process `\module95.$proc$research/pilot_two/seed-17999570691447884947/generated.v:310$271'.
  created $dff cell `$procdff$1333' with positive edge clock.
Creating register for signal `\module95.\reg114' using process `\module95.$proc$research/pilot_two/seed-17999570691447884947/generated.v:310$271'.
  created $dff cell `$procdff$1334' with positive edge clock.
Creating register for signal `\module95.\reg113' using process `\module95.$proc$research/pilot_two/seed-17999570691447884947/generated.v:310$271'.
  created $dff cell `$procdff$1335' with positive edge clock.
Creating register for signal `\module95.\forvar112' using process `\module95.$proc$research/pilot_two/seed-17999570691447884947/generated.v:310$271'.
  created $dff cell `$procdff$1336' with positive edge clock.
Creating register for signal `\module95.\reg110' using process `\module95.$proc$research/pilot_two/seed-17999570691447884947/generated.v:296$253'.
  created $dff cell `$procdff$1337' with positive edge clock.
Creating register for signal `\module95.\reg109' using process `\module95.$proc$research/pilot_two/seed-17999570691447884947/generated.v:296$253'.
  created $dff cell `$procdff$1338' with positive edge clock.
Creating register for signal `\module95.\reg108' using process `\module95.$proc$research/pilot_two/seed-17999570691447884947/generated.v:296$253'.
  created $dff cell `$procdff$1339' with positive edge clock.
Creating register for signal `\module95.\reg107' using process `\module95.$proc$research/pilot_two/seed-17999570691447884947/generated.v:296$253'.
  created $dff cell `$procdff$1340' with positive edge clock.
Creating register for signal `\module95.\reg106' using process `\module95.$proc$research/pilot_two/seed-17999570691447884947/generated.v:296$253'.
  created $dff cell `$procdff$1341' with positive edge clock.
Creating register for signal `\module9.\reg154' using process `\module9.$proc$research/pilot_two/seed-17999570691447884947/generated.v:109$43'.
  created $dff cell `$procdff$1342' with positive edge clock.
Creating register for signal `\module9.\reg153' using process `\module9.$proc$research/pilot_two/seed-17999570691447884947/generated.v:109$43'.
  created $dff cell `$procdff$1343' with positive edge clock.
Creating register for signal `\module9.\reg152' using process `\module9.$proc$research/pilot_two/seed-17999570691447884947/generated.v:109$43'.
  created $dff cell `$procdff$1344' with positive edge clock.
Creating register for signal `\module9.\reg151' using process `\module9.$proc$research/pilot_two/seed-17999570691447884947/generated.v:109$43'.
  created $dff cell `$procdff$1345' with positive edge clock.
Creating register for signal `\module9.\reg150' using process `\module9.$proc$research/pilot_two/seed-17999570691447884947/generated.v:109$43'.
  created $dff cell `$procdff$1346' with positive edge clock.
Creating register for signal `\module9.\forvar148' using process `\module9.$proc$research/pilot_two/seed-17999570691447884947/generated.v:109$43'.
  created $dff cell `$procdff$1347' with positive edge clock.
Creating register for signal `\module9.\reg145' using process `\module9.$proc$research/pilot_two/seed-17999570691447884947/generated.v:109$43'.
  created $dff cell `$procdff$1348' with positive edge clock.
Creating register for signal `\module9.\reg149' using process `\module9.$proc$research/pilot_two/seed-17999570691447884947/generated.v:109$43'.
  created $dff cell `$procdff$1349' with positive edge clock.
Creating register for signal `\module9.\reg148' using process `\module9.$proc$research/pilot_two/seed-17999570691447884947/generated.v:109$43'.
  created $dff cell `$procdff$1350' with positive edge clock.
Creating register for signal `\module9.\reg147' using process `\module9.$proc$research/pilot_two/seed-17999570691447884947/generated.v:109$43'.
  created $dff cell `$procdff$1351' with positive edge clock.
Creating register for signal `\module9.\reg146' using process `\module9.$proc$research/pilot_two/seed-17999570691447884947/generated.v:109$43'.
  created $dff cell `$procdff$1352' with positive edge clock.
Creating register for signal `\module9.\forvar145' using process `\module9.$proc$research/pilot_two/seed-17999570691447884947/generated.v:109$43'.
  created $dff cell `$procdff$1353' with positive edge clock.
Creating register for signal `\module9.\reg144' using process `\module9.$proc$research/pilot_two/seed-17999570691447884947/generated.v:109$43'.
  created $dff cell `$procdff$1354' with positive edge clock.
Creating register for signal `\module9.\reg137' using process `\module9.$proc$research/pilot_two/seed-17999570691447884947/generated.v:109$43'.
  created $dff cell `$procdff$1355' with positive edge clock.
Creating register for signal `\module9.\reg143' using process `\module9.$proc$research/pilot_two/seed-17999570691447884947/generated.v:109$43'.
  created $dff cell `$procdff$1356' with positive edge clock.
Creating register for signal `\module9.\reg142' using process `\module9.$proc$research/pilot_two/seed-17999570691447884947/generated.v:109$43'.
  created $dff cell `$procdff$1357' with positive edge clock.
Creating register for signal `\module9.\reg141' using process `\module9.$proc$research/pilot_two/seed-17999570691447884947/generated.v:109$43'.
  created $dff cell `$procdff$1358' with positive edge clock.
Creating register for signal `\module9.\reg140' using process `\module9.$proc$research/pilot_two/seed-17999570691447884947/generated.v:109$43'.
  created $dff cell `$procdff$1359' with positive edge clock.
Creating register for signal `\module9.\reg139' using process `\module9.$proc$research/pilot_two/seed-17999570691447884947/generated.v:109$43'.
  created $dff cell `$procdff$1360' with positive edge clock.
Creating register for signal `\module9.\reg138' using process `\module9.$proc$research/pilot_two/seed-17999570691447884947/generated.v:109$43'.
  created $dff cell `$procdff$1361' with positive edge clock.
Creating register for signal `\module9.\forvar137' using process `\module9.$proc$research/pilot_two/seed-17999570691447884947/generated.v:109$43'.
  created $dff cell `$procdff$1362' with positive edge clock.
Creating register for signal `\top.\reg7' using process `\top.$proc$research/pilot_two/seed-17999570691447884947/generated.v:22$27'.
  created $dff cell `$procdff$1363' with positive edge clock.
Creating register for signal `\top.\reg8' using process `\top.$proc$research/pilot_two/seed-17999570691447884947/generated.v:22$27'.
  created $dff cell `$procdff$1364' with positive edge clock.

2.10. Executing PROC_MEMWR pass (convert process memory writes to cells).

2.11. Executing PROC_CLEAN pass (remove empty switches from decision trees).
Removing empty process `module15.$proc$research/pilot_two/seed-17999570691447884947/generated.v:446$1027'.
Removing empty process `module15.$proc$research/pilot_two/seed-17999570691447884947/generated.v:445$1026'.
Removing empty process `module15.$proc$research/pilot_two/seed-17999570691447884947/generated.v:444$1025'.
Removing empty process `module15.$proc$research/pilot_two/seed-17999570691447884947/generated.v:443$1024'.
Removing empty process `module15.$proc$research/pilot_two/seed-17999570691447884947/generated.v:442$1023'.
Removing empty process `module15.$proc$research/pilot_two/seed-17999570691447884947/generated.v:433$1022'.
Removing empty process `module15.$proc$research/pilot_two/seed-17999570691447884947/generated.v:432$1021'.
Removing empty process `module15.$proc$research/pilot_two/seed-17999570691447884947/generated.v:431$1020'.
Removing empty process `module15.$proc$research/pilot_two/seed-17999570691447884947/generated.v:430$1019'.
Removing empty process `module15.$proc$research/pilot_two/seed-17999570691447884947/generated.v:429$1018'.
Removing empty process `module15.$proc$research/pilot_two/seed-17999570691447884947/generated.v:428$1017'.
Removing empty process `module15.$proc$research/pilot_two/seed-17999570691447884947/generated.v:427$1016'.
Removing empty process `module15.$proc$research/pilot_two/seed-17999570691447884947/generated.v:426$1015'.
Removing empty process `module15.$proc$research/pilot_two/seed-17999570691447884947/generated.v:425$1014'.
Removing empty process `module15.$proc$research/pilot_two/seed-17999570691447884947/generated.v:424$1013'.
Removing empty process `module15.$proc$research/pilot_two/seed-17999570691447884947/generated.v:423$1012'.
Removing empty process `module15.$proc$research/pilot_two/seed-17999570691447884947/generated.v:422$1011'.
Removing empty process `module15.$proc$research/pilot_two/seed-17999570691447884947/generated.v:418$1010'.
Removing empty process `module15.$proc$research/pilot_two/seed-17999570691447884947/generated.v:417$1009'.
Removing empty process `module15.$proc$research/pilot_two/seed-17999570691447884947/generated.v:416$1008'.
Removing empty process `module15.$proc$research/pilot_two/seed-17999570691447884947/generated.v:415$1007'.
Removing empty process `module15.$proc$research/pilot_two/seed-17999570691447884947/generated.v:414$1006'.
Removing empty process `module15.$proc$research/pilot_two/seed-17999570691447884947/generated.v:413$1005'.
Removing empty process `module15.$proc$research/pilot_two/seed-17999570691447884947/generated.v:412$1004'.
Removing empty process `module15.$proc$research/pilot_two/seed-17999570691447884947/generated.v:411$1003'.
Removing empty process `module15.$proc$research/pilot_two/seed-17999570691447884947/generated.v:410$1002'.
Removing empty process `module15.$proc$research/pilot_two/seed-17999570691447884947/generated.v:409$1001'.
Removing empty process `module15.$proc$research/pilot_two/seed-17999570691447884947/generated.v:408$1000'.
Removing empty process `module15.$proc$research/pilot_two/seed-17999570691447884947/generated.v:407$999'.
Removing empty process `module15.$proc$research/pilot_two/seed-17999570691447884947/generated.v:406$998'.
Removing empty process `module15.$proc$research/pilot_two/seed-17999570691447884947/generated.v:405$997'.
Removing empty process `module15.$proc$research/pilot_two/seed-17999570691447884947/generated.v:404$996'.
Removing empty process `module15.$proc$research/pilot_two/seed-17999570691447884947/generated.v:403$995'.
Removing empty process `module15.$proc$research/pilot_two/seed-17999570691447884947/generated.v:402$994'.
Removing empty process `module15.$proc$research/pilot_two/seed-17999570691447884947/generated.v:401$993'.
Removing empty process `module15.$proc$research/pilot_two/seed-17999570691447884947/generated.v:400$992'.
Removing empty process `module15.$proc$research/pilot_two/seed-17999570691447884947/generated.v:399$991'.
Removing empty process `module15.$proc$research/pilot_two/seed-17999570691447884947/generated.v:398$990'.
Removing empty process `module15.$proc$research/pilot_two/seed-17999570691447884947/generated.v:397$989'.
Removing empty process `module15.$proc$research/pilot_two/seed-17999570691447884947/generated.v:396$988'.
Removing empty process `module15.$proc$research/pilot_two/seed-17999570691447884947/generated.v:395$987'.
Removing empty process `module15.$proc$research/pilot_two/seed-17999570691447884947/generated.v:394$986'.
Removing empty process `module15.$proc$research/pilot_two/seed-17999570691447884947/generated.v:393$985'.
Removing empty process `module15.$proc$research/pilot_two/seed-17999570691447884947/generated.v:392$984'.
Removing empty process `module15.$proc$research/pilot_two/seed-17999570691447884947/generated.v:391$983'.
Removing empty process `module15.$proc$research/pilot_two/seed-17999570691447884947/generated.v:390$982'.
Removing empty process `module15.$proc$research/pilot_two/seed-17999570691447884947/generated.v:389$981'.
Removing empty process `module15.$proc$research/pilot_two/seed-17999570691447884947/generated.v:388$980'.
Removing empty process `module15.$proc$research/pilot_two/seed-17999570691447884947/generated.v:387$979'.
Removing empty process `module15.$proc$research/pilot_two/seed-17999570691447884947/generated.v:386$978'.
Removing empty process `module15.$proc$research/pilot_two/seed-17999570691447884947/generated.v:385$977'.
Removing empty process `module15.$proc$research/pilot_two/seed-17999570691447884947/generated.v:384$976'.
Removing empty process `module15.$proc$research/pilot_two/seed-17999570691447884947/generated.v:383$975'.
Removing empty process `module15.$proc$research/pilot_two/seed-17999570691447884947/generated.v:382$974'.
Removing empty process `module15.$proc$research/pilot_two/seed-17999570691447884947/generated.v:381$973'.
Removing empty process `module15.$proc$research/pilot_two/seed-17999570691447884947/generated.v:380$972'.
Removing empty process `module15.$proc$research/pilot_two/seed-17999570691447884947/generated.v:379$971'.
Found and cleaned up 5 empty switches in `\module15.$proc$research/pilot_two/seed-17999570691447884947/generated.v:734$793'.
Removing empty process `module15.$proc$research/pilot_two/seed-17999570691447884947/generated.v:734$793'.
Found and cleaned up 6 empty switches in `\module15.$proc$research/pilot_two/seed-17999570691447884947/generated.v:605$609'.
Removing empty process `module15.$proc$research/pilot_two/seed-17999570691447884947/generated.v:605$609'.
Removing empty process `module15.$proc$research/pilot_two/seed-17999570691447884947/generated.v:596$597'.
Removing empty process `module15.$proc$research/pilot_two/seed-17999570691447884947/generated.v:584$584'.
Found and cleaned up 4 empty switches in `\module15.$proc$research/pilot_two/seed-17999570691447884947/generated.v:561$535'.
Removing empty process `module15.$proc$research/pilot_two/seed-17999570691447884947/generated.v:561$535'.
Found and cleaned up 1 empty switch in `\module15.$proc$research/pilot_two/seed-17999570691447884947/generated.v:523$458'.
Removing empty process `module15.$proc$research/pilot_two/seed-17999570691447884947/generated.v:523$458'.
Removing empty process `module95.$proc$research/pilot_two/seed-17999570691447884947/generated.v:250$456'.
Removing empty process `module95.$proc$research/pilot_two/seed-17999570691447884947/generated.v:249$455'.
Removing empty process `module95.$proc$research/pilot_two/seed-17999570691447884947/generated.v:248$454'.
Removing empty process `module95.$proc$research/pilot_two/seed-17999570691447884947/generated.v:247$453'.
Removing empty process `module95.$proc$research/pilot_two/seed-17999570691447884947/generated.v:246$452'.
Removing empty process `module95.$proc$research/pilot_two/seed-17999570691447884947/generated.v:244$451'.
Removing empty process `module95.$proc$research/pilot_two/seed-17999570691447884947/generated.v:243$450'.
Removing empty process `module95.$proc$research/pilot_two/seed-17999570691447884947/generated.v:242$449'.
Removing empty process `module95.$proc$research/pilot_two/seed-17999570691447884947/generated.v:241$448'.
Removing empty process `module95.$proc$research/pilot_two/seed-17999570691447884947/generated.v:240$447'.
Removing empty process `module95.$proc$research/pilot_two/seed-17999570691447884947/generated.v:239$446'.
Removing empty process `module95.$proc$research/pilot_two/seed-17999570691447884947/generated.v:238$445'.
Removing empty process `module95.$proc$research/pilot_two/seed-17999570691447884947/generated.v:237$444'.
Removing empty process `module95.$proc$research/pilot_two/seed-17999570691447884947/generated.v:236$443'.
Removing empty process `module95.$proc$research/pilot_two/seed-17999570691447884947/generated.v:235$442'.
Removing empty process `module95.$proc$research/pilot_two/seed-17999570691447884947/generated.v:234$441'.
Removing empty process `module95.$proc$research/pilot_two/seed-17999570691447884947/generated.v:233$440'.
Removing empty process `module95.$proc$research/pilot_two/seed-17999570691447884947/generated.v:232$439'.
Removing empty process `module95.$proc$research/pilot_two/seed-17999570691447884947/generated.v:231$438'.
Removing empty process `module95.$proc$research/pilot_two/seed-17999570691447884947/generated.v:230$437'.
Removing empty process `module95.$proc$research/pilot_two/seed-17999570691447884947/generated.v:229$436'.
Removing empty process `module95.$proc$research/pilot_two/seed-17999570691447884947/generated.v:310$271'.
Removing empty process `module95.$proc$research/pilot_two/seed-17999570691447884947/generated.v:296$253'.
Removing empty process `module9.$proc$research/pilot_two/seed-17999570691447884947/generated.v:69$247'.
Removing empty process `module9.$proc$research/pilot_two/seed-17999570691447884947/generated.v:68$246'.
Removing empty process `module9.$proc$research/pilot_two/seed-17999570691447884947/generated.v:67$245'.
Removing empty process `module9.$proc$research/pilot_two/seed-17999570691447884947/generated.v:66$244'.
Removing empty process `module9.$proc$research/pilot_two/seed-17999570691447884947/generated.v:65$243'.
Removing empty process `module9.$proc$research/pilot_two/seed-17999570691447884947/generated.v:64$242'.
Removing empty process `module9.$proc$research/pilot_two/seed-17999570691447884947/generated.v:63$241'.
Removing empty process `module9.$proc$research/pilot_two/seed-17999570691447884947/generated.v:62$240'.
Removing empty process `module9.$proc$research/pilot_two/seed-17999570691447884947/generated.v:61$239'.
Removing empty process `module9.$proc$research/pilot_two/seed-17999570691447884947/generated.v:60$238'.
Removing empty process `module9.$proc$research/pilot_two/seed-17999570691447884947/generated.v:59$237'.
Removing empty process `module9.$proc$research/pilot_two/seed-17999570691447884947/generated.v:58$236'.
Removing empty process `module9.$proc$research/pilot_two/seed-17999570691447884947/generated.v:57$235'.
Removing empty process `module9.$proc$research/pilot_two/seed-17999570691447884947/generated.v:56$234'.
Removing empty process `module9.$proc$research/pilot_two/seed-17999570691447884947/generated.v:55$233'.
Removing empty process `module9.$proc$research/pilot_two/seed-17999570691447884947/generated.v:54$232'.
Removing empty process `module9.$proc$research/pilot_two/seed-17999570691447884947/generated.v:53$231'.
Removing empty process `module9.$proc$research/pilot_two/seed-17999570691447884947/generated.v:52$230'.
Removing empty process `module9.$proc$research/pilot_two/seed-17999570691447884947/generated.v:51$229'.
Removing empty process `module9.$proc$research/pilot_two/seed-17999570691447884947/generated.v:50$228'.
Removing empty process `module9.$proc$research/pilot_two/seed-17999570691447884947/generated.v:49$227'.
Found and cleaned up 4 empty switches in `\module9.$proc$research/pilot_two/seed-17999570691447884947/generated.v:109$43'.
Removing empty process `module9.$proc$research/pilot_two/seed-17999570691447884947/generated.v:109$43'.
Removing empty process `top.$proc$research/pilot_two/seed-17999570691447884947/generated.v:13$42'.
Removing empty process `top.$proc$research/pilot_two/seed-17999570691447884947/generated.v:12$41'.
Removing empty process `top.$proc$research/pilot_two/seed-17999570691447884947/generated.v:22$27'.
Cleaned up 20 empty switches.

2.12. Executing OPT_EXPR pass (perform const folding).
Optimizing module module15.
<suppressed ~75 debug messages>
Optimizing module module95.
<suppressed ~24 debug messages>
Optimizing module module9.
<suppressed ~52 debug messages>
Optimizing module top.
<suppressed ~4 debug messages>

3. Executing MEMORY pass.

3.1. Executing OPT_MEM pass (optimize memories).
Performed a total of 0 transformations.

3.2. Executing OPT_MEM_PRIORITY pass (removing unnecessary memory write priority relations).
Performed a total of 0 transformations.

3.3. Executing OPT_MEM_FEEDBACK pass (finding memory read-to-write feedback paths).

3.4. Executing MEMORY_BMUX2ROM pass (converting muxes to ROMs).

3.5. Executing MEMORY_DFF pass (merging $dff cells to $memrd).

3.6. Executing OPT_CLEAN pass (remove unused cells and wires).
Finding unused cells or wires in module \module15..
Finding unused cells or wires in module \module95..
Finding unused cells or wires in module \module9..
Finding unused cells or wires in module \top..
Removed 302 unused cells and 798 unused wires.
<suppressed ~386 debug messages>

3.7. Executing MEMORY_SHARE pass (consolidating $memrd/$memwr cells).

3.8. Executing OPT_MEM_WIDEN pass (optimize memories where all ports are wide).
Performed a total of 0 transformations.

3.9. Executing OPT_CLEAN pass (remove unused cells and wires).
Finding unused cells or wires in module \module15..
Finding unused cells or wires in module \module95..
Finding unused cells or wires in module \module9..
Finding unused cells or wires in module \top..

3.10. Executing MEMORY_COLLECT pass (generating $mem cells).

3.11. Executing MEMORY_MAP pass (converting memories to logic and flip-flops).

4. Executing FLATTEN pass (flatten design).
<suppressed ~3 debug messages>
Renaming module \top to \gold_top.

5. Executing HIERARCHY pass (managing design hierarchy).

5.1. Analyzing design hierarchy..
Top module:  \gold_top

5.2. Analyzing design hierarchy..
Top module:  \gold_top
Removing unused module `\module95'.
Removing unused module `\module9'.
Removing unused module `\module15'.
Removed 3 unused modules.

6. Executing Verilog-2005 frontend: research/pilot_two/seed-17999570691447884947/yosys-0.8-synth.v
Parsing SystemVerilog input from `research/pilot_two/seed-17999570691447884947/yosys-0.8-synth.v' to AST representation.
Generating RTLIL representation for module `\module15'.
Generating RTLIL representation for module `\module9'.
Generating RTLIL representation for module `\module95'.
Generating RTLIL representation for module `\top'.
Successfully finished Verilog frontend.

7. Executing PROC pass (convert processes to netlists).

7.1. Executing PROC_CLEAN pass (remove empty switches from decision trees).
Cleaned up 0 empty switches.

7.2. Executing PROC_RMDEAD pass (remove dead branches from decision trees).
Removed a total of 0 dead cases.

7.3. Executing PROC_PRUNE pass (remove redundant assignments in processes).
Removed 0 redundant assignments.
Promoted 566 assignments to connections.

7.4. Executing PROC_INIT pass (extract init attributes).
Found init rule in `\top.$proc$research/pilot_two/seed-17999570691447884947/yosys-0.8-synth.v:4444$4460'.
  Set init value: \reg8_reg[6] = 1'0
Found init rule in `\top.$proc$research/pilot_two/seed-17999570691447884947/yosys-0.8-synth.v:4440$4459'.
  Set init value: \reg8_reg[5] = 1'0
Found init rule in `\top.$proc$research/pilot_two/seed-17999570691447884947/yosys-0.8-synth.v:4436$4458'.
  Set init value: \reg8_reg[4] = 1'0
Found init rule in `\top.$proc$research/pilot_two/seed-17999570691447884947/yosys-0.8-synth.v:4432$4457'.
  Set init value: \reg8_reg[3] = 1'0
Found init rule in `\top.$proc$research/pilot_two/seed-17999570691447884947/yosys-0.8-synth.v:4428$4456'.
  Set init value: \reg8_reg[2] = 1'0
Found init rule in `\top.$proc$research/pilot_two/seed-17999570691447884947/yosys-0.8-synth.v:4424$4455'.
  Set init value: \reg8_reg[1] = 1'0
Found init rule in `\top.$proc$research/pilot_two/seed-17999570691447884947/yosys-0.8-synth.v:4420$4454'.
  Set init value: \reg8_reg[0] = 1'0
Found init rule in `\top.$proc$research/pilot_two/seed-17999570691447884947/yosys-0.8-synth.v:4286$4453'.
  Set init value: \reg7 = 4'0000
Found init rule in `\module95.$proc$research/pilot_two/seed-17999570691447884947/yosys-0.8-synth.v:4145$4283'.
  Set init value: \reg106_reg[1] = 1'0
Found init rule in `\module95.$proc$research/pilot_two/seed-17999570691447884947/yosys-0.8-synth.v:4141$4282'.
  Set init value: \reg106_reg[0] = 1'0
Found init rule in `\module95.$proc$research/pilot_two/seed-17999570691447884947/yosys-0.8-synth.v:4137$4281'.
  Set init value: \reg107_reg[8] = 1'0
Found init rule in `\module95.$proc$research/pilot_two/seed-17999570691447884947/yosys-0.8-synth.v:4133$4280'.
  Set init value: \reg107_reg[7] = 1'0
Found init rule in `\module95.$proc$research/pilot_two/seed-17999570691447884947/yosys-0.8-synth.v:4129$4279'.
  Set init value: \reg107_reg[6] = 1'0
Found init rule in `\module95.$proc$research/pilot_two/seed-17999570691447884947/yosys-0.8-synth.v:4125$4278'.
  Set init value: \reg107_reg[5] = 1'0
Found init rule in `\module95.$proc$research/pilot_two/seed-17999570691447884947/yosys-0.8-synth.v:4121$4277'.
  Set init value: \reg107_reg[4] = 1'0
Found init rule in `\module95.$proc$research/pilot_two/seed-17999570691447884947/yosys-0.8-synth.v:4117$4276'.
  Set init value: \reg107_reg[3] = 1'0
Found init rule in `\module95.$proc$research/pilot_two/seed-17999570691447884947/yosys-0.8-synth.v:4113$4275'.
  Set init value: \reg107_reg[2] = 1'0
Found init rule in `\module95.$proc$research/pilot_two/seed-17999570691447884947/yosys-0.8-synth.v:4109$4274'.
  Set init value: \reg107_reg[1] = 1'0
Found init rule in `\module95.$proc$research/pilot_two/seed-17999570691447884947/yosys-0.8-synth.v:4105$4273'.
  Set init value: \reg107_reg[0] = 1'0
Found init rule in `\module95.$proc$research/pilot_two/seed-17999570691447884947/yosys-0.8-synth.v:4101$4272'.
  Set init value: \reg108_reg[1] = 1'0
Found init rule in `\module95.$proc$research/pilot_two/seed-17999570691447884947/yosys-0.8-synth.v:4097$4271'.
  Set init value: \reg108_reg[0] = 1'0
Found init rule in `\module95.$proc$research/pilot_two/seed-17999570691447884947/yosys-0.8-synth.v:4093$4270'.
  Set init value: \reg109_reg[6] = 1'0
Found init rule in `\module95.$proc$research/pilot_two/seed-17999570691447884947/yosys-0.8-synth.v:4089$4269'.
  Set init value: \reg109_reg[5] = 1'0
Found init rule in `\module95.$proc$research/pilot_two/seed-17999570691447884947/yosys-0.8-synth.v:4085$4268'.
  Set init value: \reg109_reg[4] = 1'0
Found init rule in `\module95.$proc$research/pilot_two/seed-17999570691447884947/yosys-0.8-synth.v:4081$4267'.
  Set init value: \reg109_reg[3] = 1'0
Found init rule in `\module95.$proc$research/pilot_two/seed-17999570691447884947/yosys-0.8-synth.v:4077$4266'.
  Set init value: \reg109_reg[2] = 1'0
Found init rule in `\module95.$proc$research/pilot_two/seed-17999570691447884947/yosys-0.8-synth.v:4073$4265'.
  Set init value: \reg109_reg[1] = 1'0
Found init rule in `\module95.$proc$research/pilot_two/seed-17999570691447884947/yosys-0.8-synth.v:4069$4264'.
  Set init value: \reg109_reg[0] = 1'0
Found init rule in `\module95.$proc$research/pilot_two/seed-17999570691447884947/yosys-0.8-synth.v:4065$4263'.
  Set init value: \reg110_reg[4] = 1'0
Found init rule in `\module95.$proc$research/pilot_two/seed-17999570691447884947/yosys-0.8-synth.v:4061$4262'.
  Set init value: \reg110_reg[3] = 1'0
Found init rule in `\module95.$proc$research/pilot_two/seed-17999570691447884947/yosys-0.8-synth.v:4057$4261'.
  Set init value: \reg110_reg[2] = 1'0
Found init rule in `\module95.$proc$research/pilot_two/seed-17999570691447884947/yosys-0.8-synth.v:4053$4260'.
  Set init value: \reg110_reg[1] = 1'0
Found init rule in `\module95.$proc$research/pilot_two/seed-17999570691447884947/yosys-0.8-synth.v:4049$4259'.
  Set init value: \reg110_reg[0] = 1'0
Found init rule in `\module95.$proc$research/pilot_two/seed-17999570691447884947/yosys-0.8-synth.v:4045$4258'.
  Set init value: \reg113_reg[0] = 1'0
Found init rule in `\module95.$proc$research/pilot_two/seed-17999570691447884947/yosys-0.8-synth.v:4041$4257'.
  Set init value: \reg114_reg[17] = 1'0
Found init rule in `\module95.$proc$research/pilot_two/seed-17999570691447884947/yosys-0.8-synth.v:4037$4256'.
  Set init value: \reg114_reg[8] = 1'0
Found init rule in `\module95.$proc$research/pilot_two/seed-17999570691447884947/yosys-0.8-synth.v:4033$4255'.
  Set init value: \reg114_reg[2] = 1'0
Found init rule in `\module95.$proc$research/pilot_two/seed-17999570691447884947/yosys-0.8-synth.v:4029$4254'.
  Set init value: \reg114_reg[1] = 1'0
Found init rule in `\module95.$proc$research/pilot_two/seed-17999570691447884947/yosys-0.8-synth.v:4025$4253'.
  Set init value: \reg114_reg[0] = 1'0
Found init rule in `\module95.$proc$research/pilot_two/seed-17999570691447884947/yosys-0.8-synth.v:4021$4252'.
  Set init value: \reg116_reg[7] = 1'0
Found init rule in `\module95.$proc$research/pilot_two/seed-17999570691447884947/yosys-0.8-synth.v:4017$4251'.
  Set init value: \reg117_reg[1] = 1'0
Found init rule in `\module95.$proc$research/pilot_two/seed-17999570691447884947/yosys-0.8-synth.v:4013$4250'.
  Set init value: \reg118_reg[18] = 1'0
Found init rule in `\module95.$proc$research/pilot_two/seed-17999570691447884947/yosys-0.8-synth.v:4009$4249'.
  Set init value: \reg121_reg[3] = 1'0
Found init rule in `\module95.$proc$research/pilot_two/seed-17999570691447884947/yosys-0.8-synth.v:4005$4248'.
  Set init value: \reg121_reg[2] = 1'0
Found init rule in `\module95.$proc$research/pilot_two/seed-17999570691447884947/yosys-0.8-synth.v:4001$4247'.
  Set init value: \reg121_reg[1] = 1'0
Found init rule in `\module95.$proc$research/pilot_two/seed-17999570691447884947/yosys-0.8-synth.v:3997$4246'.
  Set init value: \reg121_reg[0] = 1'0
Found init rule in `\module95.$proc$research/pilot_two/seed-17999570691447884947/yosys-0.8-synth.v:3993$4245'.
  Set init value: \reg124_reg[21] = 1'0
Found init rule in `\module95.$proc$research/pilot_two/seed-17999570691447884947/yosys-0.8-synth.v:3989$4244'.
  Set init value: \reg124_reg[20] = 1'0
Found init rule in `\module95.$proc$research/pilot_two/seed-17999570691447884947/yosys-0.8-synth.v:3985$4243'.
  Set init value: \reg124_reg[19] = 1'0
Found init rule in `\module95.$proc$research/pilot_two/seed-17999570691447884947/yosys-0.8-synth.v:3981$4242'.
  Set init value: \reg124_reg[18] = 1'0
Found init rule in `\module95.$proc$research/pilot_two/seed-17999570691447884947/yosys-0.8-synth.v:3977$4241'.
  Set init value: \reg124_reg[17] = 1'0
Found init rule in `\module95.$proc$research/pilot_two/seed-17999570691447884947/yosys-0.8-synth.v:3973$4240'.
  Set init value: \reg124_reg[16] = 1'0
Found init rule in `\module95.$proc$research/pilot_two/seed-17999570691447884947/yosys-0.8-synth.v:3969$4239'.
  Set init value: \reg124_reg[15] = 1'0
Found init rule in `\module95.$proc$research/pilot_two/seed-17999570691447884947/yosys-0.8-synth.v:3965$4238'.
  Set init value: \reg124_reg[14] = 1'0
Found init rule in `\module95.$proc$research/pilot_two/seed-17999570691447884947/yosys-0.8-synth.v:3961$4237'.
  Set init value: \reg124_reg[13] = 1'0
Found init rule in `\module95.$proc$research/pilot_two/seed-17999570691447884947/yosys-0.8-synth.v:3957$4236'.
  Set init value: \reg124_reg[12] = 1'0
Found init rule in `\module95.$proc$research/pilot_two/seed-17999570691447884947/yosys-0.8-synth.v:3953$4235'.
  Set init value: \reg124_reg[11] = 1'0
Found init rule in `\module95.$proc$research/pilot_two/seed-17999570691447884947/yosys-0.8-synth.v:3949$4234'.
  Set init value: \reg124_reg[10] = 1'0
Found init rule in `\module95.$proc$research/pilot_two/seed-17999570691447884947/yosys-0.8-synth.v:3945$4233'.
  Set init value: \reg125_reg[19] = 1'0
Found init rule in `\module95.$proc$research/pilot_two/seed-17999570691447884947/yosys-0.8-synth.v:3941$4232'.
  Set init value: \reg125_reg[1] = 1'0
Found init rule in `\module95.$proc$research/pilot_two/seed-17999570691447884947/yosys-0.8-synth.v:3937$4231'.
  Set init value: \reg125_reg[0] = 1'0
Found init rule in `\module95.$proc$research/pilot_two/seed-17999570691447884947/yosys-0.8-synth.v:3933$4230'.
  Set init value: \reg126_reg[0] = 1'0
Found init rule in `\module95.$proc$research/pilot_two/seed-17999570691447884947/yosys-0.8-synth.v:3929$4229'.
  Set init value: \reg127_reg[0] = 1'0
Found init rule in `\module9.$proc$research/pilot_two/seed-17999570691447884947/yosys-0.8-synth.v:3335$3751'.
  Set init value: \reg138_reg[0] = 1'0
Found init rule in `\module9.$proc$research/pilot_two/seed-17999570691447884947/yosys-0.8-synth.v:3331$3750'.
  Set init value: \reg139_reg[0] = 1'0
Found init rule in `\module9.$proc$research/pilot_two/seed-17999570691447884947/yosys-0.8-synth.v:3299$3749'.
  Set init value: \reg142_reg[19] = 1'0
Found init rule in `\module9.$proc$research/pilot_two/seed-17999570691447884947/yosys-0.8-synth.v:3295$3748'.
  Set init value: \reg142_reg[9] = 1'0
Found init rule in `\module9.$proc$research/pilot_two/seed-17999570691447884947/yosys-0.8-synth.v:3291$3747'.
  Set init value: \reg142_reg[8] = 1'0
Found init rule in `\module9.$proc$research/pilot_two/seed-17999570691447884947/yosys-0.8-synth.v:3287$3746'.
  Set init value: \reg142_reg[7] = 1'0
Found init rule in `\module9.$proc$research/pilot_two/seed-17999570691447884947/yosys-0.8-synth.v:3283$3745'.
  Set init value: \reg142_reg[6] = 1'0
Found init rule in `\module9.$proc$research/pilot_two/seed-17999570691447884947/yosys-0.8-synth.v:3279$3744'.
  Set init value: \reg142_reg[5] = 1'0
Found init rule in `\module9.$proc$research/pilot_two/seed-17999570691447884947/yosys-0.8-synth.v:3275$3743'.
  Set init value: \reg142_reg[4] = 1'0
Found init rule in `\module9.$proc$research/pilot_two/seed-17999570691447884947/yosys-0.8-synth.v:3271$3742'.
  Set init value: \reg142_reg[3] = 1'0
Found init rule in `\module9.$proc$research/pilot_two/seed-17999570691447884947/yosys-0.8-synth.v:3267$3741'.
  Set init value: \reg142_reg[2] = 1'0
Found init rule in `\module9.$proc$research/pilot_two/seed-17999570691447884947/yosys-0.8-synth.v:3263$3740'.
  Set init value: \reg142_reg[1] = 1'0
Found init rule in `\module9.$proc$research/pilot_two/seed-17999570691447884947/yosys-0.8-synth.v:3259$3739'.
  Set init value: \reg142_reg[0] = 1'0
Found init rule in `\module9.$proc$research/pilot_two/seed-17999570691447884947/yosys-0.8-synth.v:3255$3738'.
  Set init value: \reg143_reg[0] = 1'0
Found init rule in `\module9.$proc$research/pilot_two/seed-17999570691447884947/yosys-0.8-synth.v:3227$3737'.
  Set init value: \reg146_reg[7] = 1'0
Found init rule in `\module9.$proc$research/pilot_two/seed-17999570691447884947/yosys-0.8-synth.v:3223$3736'.
  Set init value: \reg146_reg[6] = 1'0
Found init rule in `\module9.$proc$research/pilot_two/seed-17999570691447884947/yosys-0.8-synth.v:3219$3735'.
  Set init value: \reg146_reg[5] = 1'0
Found init rule in `\module9.$proc$research/pilot_two/seed-17999570691447884947/yosys-0.8-synth.v:3215$3734'.
  Set init value: \reg146_reg[4] = 1'0
Found init rule in `\module9.$proc$research/pilot_two/seed-17999570691447884947/yosys-0.8-synth.v:3211$3733'.
  Set init value: \reg146_reg[3] = 1'0
Found init rule in `\module9.$proc$research/pilot_two/seed-17999570691447884947/yosys-0.8-synth.v:3207$3732'.
  Set init value: \reg146_reg[2] = 1'0
Found init rule in `\module9.$proc$research/pilot_two/seed-17999570691447884947/yosys-0.8-synth.v:3203$3731'.
  Set init value: \reg146_reg[1] = 1'0
Found init rule in `\module9.$proc$research/pilot_two/seed-17999570691447884947/yosys-0.8-synth.v:3199$3730'.
  Set init value: \reg146_reg[0] = 1'0
Found init rule in `\module9.$proc$research/pilot_two/seed-17999570691447884947/yosys-0.8-synth.v:3195$3729'.
  Set init value: \reg147_reg[0] = 1'0
Found init rule in `\module9.$proc$research/pilot_two/seed-17999570691447884947/yosys-0.8-synth.v:3191$3728'.
  Set init value: \reg148_reg[8] = 1'0
Found init rule in `\module9.$proc$research/pilot_two/seed-17999570691447884947/yosys-0.8-synth.v:3187$3727'.
  Set init value: \reg148_reg[5] = 1'0
Found init rule in `\module9.$proc$research/pilot_two/seed-17999570691447884947/yosys-0.8-synth.v:3183$3726'.
  Set init value: \reg148_reg[4] = 1'0
Found init rule in `\module9.$proc$research/pilot_two/seed-17999570691447884947/yosys-0.8-synth.v:3179$3725'.
  Set init value: \reg148_reg[3] = 1'0
Found init rule in `\module9.$proc$research/pilot_two/seed-17999570691447884947/yosys-0.8-synth.v:3175$3724'.
  Set init value: \reg148_reg[2] = 1'0
Found init rule in `\module9.$proc$research/pilot_two/seed-17999570691447884947/yosys-0.8-synth.v:3171$3723'.
  Set init value: \reg148_reg[1] = 1'0
Found init rule in `\module9.$proc$research/pilot_two/seed-17999570691447884947/yosys-0.8-synth.v:3167$3722'.
  Set init value: \reg148_reg[0] = 1'0
Found init rule in `\module9.$proc$research/pilot_two/seed-17999570691447884947/yosys-0.8-synth.v:2851$3721'.
  Set init value: \reg144 = 12'000000000000
Found init rule in `\module9.$proc$research/pilot_two/seed-17999570691447884947/yosys-0.8-synth.v:2848$3720'.
  Set init value: \reg141 = 6'000000
Found init rule in `\module9.$proc$research/pilot_two/seed-17999570691447884947/yosys-0.8-synth.v:2847$3719'.
  Set init value: \reg140 = 8'00000000
Found init rule in `\module15.$proc$research/pilot_two/seed-17999570691447884947/yosys-0.8-synth.v:2523$3235'.
  Set init value: \reg21_reg[0] = 1'0
Found init rule in `\module15.$proc$research/pilot_two/seed-17999570691447884947/yosys-0.8-synth.v:2519$3234'.
  Set init value: \reg22_reg[13] = 1'0
Found init rule in `\module15.$proc$research/pilot_two/seed-17999570691447884947/yosys-0.8-synth.v:2515$3233'.
  Set init value: \reg22_reg[8] = 1'0
Found init rule in `\module15.$proc$research/pilot_two/seed-17999570691447884947/yosys-0.8-synth.v:2511$3232'.
  Set init value: \reg22_reg[7] = 1'0
Found init rule in `\module15.$proc$research/pilot_two/seed-17999570691447884947/yosys-0.8-synth.v:2507$3231'.
  Set init value: \reg22_reg[6] = 1'0
Found init rule in `\module15.$proc$research/pilot_two/seed-17999570691447884947/yosys-0.8-synth.v:2503$3230'.
  Set init value: \reg22_reg[5] = 1'0
Found init rule in `\module15.$proc$research/pilot_two/seed-17999570691447884947/yosys-0.8-synth.v:2499$3229'.
  Set init value: \reg22_reg[4] = 1'0
Found init rule in `\module15.$proc$research/pilot_two/seed-17999570691447884947/yosys-0.8-synth.v:2495$3228'.
  Set init value: \reg22_reg[3] = 1'0
Found init rule in `\module15.$proc$research/pilot_two/seed-17999570691447884947/yosys-0.8-synth.v:2491$3227'.
  Set init value: \reg22_reg[2] = 1'0
Found init rule in `\module15.$proc$research/pilot_two/seed-17999570691447884947/yosys-0.8-synth.v:2487$3226'.
  Set init value: \reg22_reg[1] = 1'0
Found init rule in `\module15.$proc$research/pilot_two/seed-17999570691447884947/yosys-0.8-synth.v:2483$3225'.
  Set init value: \reg22_reg[0] = 1'0
Found init rule in `\module15.$proc$research/pilot_two/seed-17999570691447884947/yosys-0.8-synth.v:2417$3224'.
  Set init value: \reg36_reg[2] = 1'0
Found init rule in `\module15.$proc$research/pilot_two/seed-17999570691447884947/yosys-0.8-synth.v:2413$3223'.
  Set init value: \reg36_reg[1] = 1'0
Found init rule in `\module15.$proc$research/pilot_two/seed-17999570691447884947/yosys-0.8-synth.v:2409$3222'.
  Set init value: \reg36_reg[0] = 1'0
Found init rule in `\module15.$proc$research/pilot_two/seed-17999570691447884947/yosys-0.8-synth.v:2405$3221'.
  Set init value: \reg39_reg[0] = 1'0
Found init rule in `\module15.$proc$research/pilot_two/seed-17999570691447884947/yosys-0.8-synth.v:2401$3220'.
  Set init value: \reg42_reg[0] = 1'0
Found init rule in `\module15.$proc$research/pilot_two/seed-17999570691447884947/yosys-0.8-synth.v:2397$3219'.
  Set init value: \reg43_reg[0] = 1'0
Found init rule in `\module15.$proc$research/pilot_two/seed-17999570691447884947/yosys-0.8-synth.v:2393$3218'.
  Set init value: \reg45_reg[7] = 1'0
Found init rule in `\module15.$proc$research/pilot_two/seed-17999570691447884947/yosys-0.8-synth.v:2379$3217'.
  Set init value: \reg50_reg[7] = 1'0
Found init rule in `\module15.$proc$research/pilot_two/seed-17999570691447884947/yosys-0.8-synth.v:2375$3216'.
  Set init value: \reg50_reg[1] = 1'0
Found init rule in `\module15.$proc$research/pilot_two/seed-17999570691447884947/yosys-0.8-synth.v:2371$3215'.
  Set init value: \reg50_reg[0] = 1'0
Found init rule in `\module15.$proc$research/pilot_two/seed-17999570691447884947/yosys-0.8-synth.v:2331$3214'.
  Set init value: \reg55_reg[0] = 1'0
Found init rule in `\module15.$proc$research/pilot_two/seed-17999570691447884947/yosys-0.8-synth.v:2327$3213'.
  Set init value: \reg57_reg[20] = 1'0
Found init rule in `\module15.$proc$research/pilot_two/seed-17999570691447884947/yosys-0.8-synth.v:2323$3212'.
  Set init value: \reg57_reg[1] = 1'0
Found init rule in `\module15.$proc$research/pilot_two/seed-17999570691447884947/yosys-0.8-synth.v:2319$3211'.
  Set init value: \reg57_reg[0] = 1'0
Found init rule in `\module15.$proc$research/pilot_two/seed-17999570691447884947/yosys-0.8-synth.v:2265$3210'.
  Set init value: \reg62_reg[3] = 1'0
Found init rule in `\module15.$proc$research/pilot_two/seed-17999570691447884947/yosys-0.8-synth.v:2261$3209'.
  Set init value: \reg62_reg[2] = 1'0
Found init rule in `\module15.$proc$research/pilot_two/seed-17999570691447884947/yosys-0.8-synth.v:2257$3208'.
  Set init value: \reg62_reg[1] = 1'0
Found init rule in `\module15.$proc$research/pilot_two/seed-17999570691447884947/yosys-0.8-synth.v:2253$3207'.
  Set init value: \reg62_reg[0] = 1'0
Found init rule in `\module15.$proc$research/pilot_two/seed-17999570691447884947/yosys-0.8-synth.v:2233$3206'.
  Set init value: \reg63_reg[2] = 1'0
Found init rule in `\module15.$proc$research/pilot_two/seed-17999570691447884947/yosys-0.8-synth.v:2229$3205'.
  Set init value: \reg63_reg[1] = 1'0
Found init rule in `\module15.$proc$research/pilot_two/seed-17999570691447884947/yosys-0.8-synth.v:2225$3204'.
  Set init value: \reg63_reg[0] = 1'0
Found init rule in `\module15.$proc$research/pilot_two/seed-17999570691447884947/yosys-0.8-synth.v:2221$3203'.
  Set init value: \reg64_reg[0] = 1'0
Found init rule in `\module15.$proc$research/pilot_two/seed-17999570691447884947/yosys-0.8-synth.v:2217$3202'.
  Set init value: \reg65_reg[4] = 1'0
Found init rule in `\module15.$proc$research/pilot_two/seed-17999570691447884947/yosys-0.8-synth.v:2213$3201'.
  Set init value: \reg65_reg[3] = 1'0
Found init rule in `\module15.$proc$research/pilot_two/seed-17999570691447884947/yosys-0.8-synth.v:2209$3200'.
  Set init value: \reg65_reg[2] = 1'0
Found init rule in `\module15.$proc$research/pilot_two/seed-17999570691447884947/yosys-0.8-synth.v:2205$3199'.
  Set init value: \reg65_reg[1] = 1'0
Found init rule in `\module15.$proc$research/pilot_two/seed-17999570691447884947/yosys-0.8-synth.v:2201$3198'.
  Set init value: \reg65_reg[0] = 1'0
Found init rule in `\module15.$proc$research/pilot_two/seed-17999570691447884947/yosys-0.8-synth.v:2059$3197'.
  Set init value: \reg71_reg[13] = 1'0
Found init rule in `\module15.$proc$research/pilot_two/seed-17999570691447884947/yosys-0.8-synth.v:2055$3196'.
  Set init value: \reg71_reg[0] = 1'0
Found init rule in `\module15.$proc$research/pilot_two/seed-17999570691447884947/yosys-0.8-synth.v:2051$3195'.
  Set init value: \reg72_reg[7] = 1'0
Found init rule in `\module15.$proc$research/pilot_two/seed-17999570691447884947/yosys-0.8-synth.v:2047$3194'.
  Set init value: \reg72_reg[6] = 1'0
Found init rule in `\module15.$proc$research/pilot_two/seed-17999570691447884947/yosys-0.8-synth.v:2043$3193'.
  Set init value: \reg72_reg[5] = 1'0
Found init rule in `\module15.$proc$research/pilot_two/seed-17999570691447884947/yosys-0.8-synth.v:2039$3192'.
  Set init value: \reg72_reg[4] = 1'0
Found init rule in `\module15.$proc$research/pilot_two/seed-17999570691447884947/yosys-0.8-synth.v:2035$3191'.
  Set init value: \reg72_reg[3] = 1'0
Found init rule in `\module15.$proc$research/pilot_two/seed-17999570691447884947/yosys-0.8-synth.v:2031$3190'.
  Set init value: \reg72_reg[2] = 1'0
Found init rule in `\module15.$proc$research/pilot_two/seed-17999570691447884947/yosys-0.8-synth.v:2027$3189'.
  Set init value: \reg72_reg[1] = 1'0
Found init rule in `\module15.$proc$research/pilot_two/seed-17999570691447884947/yosys-0.8-synth.v:2023$3188'.
  Set init value: \reg72_reg[0] = 1'0
Found init rule in `\module15.$proc$research/pilot_two/seed-17999570691447884947/yosys-0.8-synth.v:2019$3187'.
  Set init value: \reg74_reg[0] = 1'0
Found init rule in `\module15.$proc$research/pilot_two/seed-17999570691447884947/yosys-0.8-synth.v:2015$3186'.
  Set init value: \reg75_reg[0] = 1'0
Found init rule in `\module15.$proc$research/pilot_two/seed-17999570691447884947/yosys-0.8-synth.v:2011$3185'.
  Set init value: \reg76_reg[0] = 1'0
Found init rule in `\module15.$proc$research/pilot_two/seed-17999570691447884947/yosys-0.8-synth.v:1991$3184'.
  Set init value: \reg78_reg[2] = 1'0
Found init rule in `\module15.$proc$research/pilot_two/seed-17999570691447884947/yosys-0.8-synth.v:1987$3183'.
  Set init value: \reg78_reg[1] = 1'0
Found init rule in `\module15.$proc$research/pilot_two/seed-17999570691447884947/yosys-0.8-synth.v:1983$3182'.
  Set init value: \reg78_reg[0] = 1'0
Found init rule in `\module15.$proc$research/pilot_two/seed-17999570691447884947/yosys-0.8-synth.v:1947$3181'.
  Set init value: \reg81_reg[6] = 1'0
Found init rule in `\module15.$proc$research/pilot_two/seed-17999570691447884947/yosys-0.8-synth.v:1943$3180'.
  Set init value: \reg81_reg[5] = 1'0
Found init rule in `\module15.$proc$research/pilot_two/seed-17999570691447884947/yosys-0.8-synth.v:1939$3179'.
  Set init value: \reg81_reg[4] = 1'0
Found init rule in `\module15.$proc$research/pilot_two/seed-17999570691447884947/yosys-0.8-synth.v:1935$3178'.
  Set init value: \reg81_reg[3] = 1'0
Found init rule in `\module15.$proc$research/pilot_two/seed-17999570691447884947/yosys-0.8-synth.v:1931$3177'.
  Set init value: \reg81_reg[2] = 1'0
Found init rule in `\module15.$proc$research/pilot_two/seed-17999570691447884947/yosys-0.8-synth.v:1927$3176'.
  Set init value: \reg81_reg[1] = 1'0
Found init rule in `\module15.$proc$research/pilot_two/seed-17999570691447884947/yosys-0.8-synth.v:1923$3175'.
  Set init value: \reg81_reg[0] = 1'0
Found init rule in `\module15.$proc$research/pilot_two/seed-17999570691447884947/yosys-0.8-synth.v:1919$3174'.
  Set init value: \reg82_reg[0] = 1'0
Found init rule in `\module15.$proc$research/pilot_two/seed-17999570691447884947/yosys-0.8-synth.v:1883$3173'.
  Set init value: \reg84_reg[4] = 1'0
Found init rule in `\module15.$proc$research/pilot_two/seed-17999570691447884947/yosys-0.8-synth.v:1879$3172'.
  Set init value: \reg84_reg[3] = 1'0
Found init rule in `\module15.$proc$research/pilot_two/seed-17999570691447884947/yosys-0.8-synth.v:1875$3171'.
  Set init value: \reg84_reg[2] = 1'0
Found init rule in `\module15.$proc$research/pilot_two/seed-17999570691447884947/yosys-0.8-synth.v:1871$3170'.
  Set init value: \reg84_reg[1] = 1'0
Found init rule in `\module15.$proc$research/pilot_two/seed-17999570691447884947/yosys-0.8-synth.v:1867$3169'.
  Set init value: \reg84_reg[0] = 1'0
Found init rule in `\module15.$proc$research/pilot_two/seed-17999570691447884947/yosys-0.8-synth.v:833$3168'.
  Set init value: \reg83 = 16'0000000000000000
Found init rule in `\module15.$proc$research/pilot_two/seed-17999570691447884947/yosys-0.8-synth.v:830$3167'.
  Set init value: \reg79 = 16'0000000000000000
Found init rule in `\module15.$proc$research/pilot_two/seed-17999570691447884947/yosys-0.8-synth.v:828$3166'.
  Set init value: \reg77 = 8'00000000
Found init rule in `\module15.$proc$research/pilot_two/seed-17999570691447884947/yosys-0.8-synth.v:822$3165'.
  Set init value: \reg70 = 20'00000000000000000000
Found init rule in `\module15.$proc$research/pilot_two/seed-17999570691447884947/yosys-0.8-synth.v:821$3164'.
  Set init value: \reg69 = 13'0000000000000
Found init rule in `\module15.$proc$research/pilot_two/seed-17999570691447884947/yosys-0.8-synth.v:820$3163'.
  Set init value: \reg68 = 6'000000
Found init rule in `\module15.$proc$research/pilot_two/seed-17999570691447884947/yosys-0.8-synth.v:819$3162'.
  Set init value: \reg67 = 17'00000000000000000
Found init rule in `\module15.$proc$research/pilot_two/seed-17999570691447884947/yosys-0.8-synth.v:818$3161'.
  Set init value: \reg66 = 13'0000000000000
Found init rule in `\module15.$proc$research/pilot_two/seed-17999570691447884947/yosys-0.8-synth.v:813$3160'.
  Set init value: \reg61 = 7'0000000
Found init rule in `\module15.$proc$research/pilot_two/seed-17999570691447884947/yosys-0.8-synth.v:812$3159'.
  Set init value: \reg60 = 7'0000000
Found init rule in `\module15.$proc$research/pilot_two/seed-17999570691447884947/yosys-0.8-synth.v:811$3158'.
  Set init value: \reg59 = 11'00000000000
Found init rule in `\module15.$proc$research/pilot_two/seed-17999570691447884947/yosys-0.8-synth.v:810$3157'.
  Set init value: \reg58 = 8'00000000
Found init rule in `\module15.$proc$research/pilot_two/seed-17999570691447884947/yosys-0.8-synth.v:807$3156'.
  Set init value: \reg54 = 5'00000
Found init rule in `\module15.$proc$research/pilot_two/seed-17999570691447884947/yosys-0.8-synth.v:806$3155'.
  Set init value: \reg51 = 13'0000000000000
Found init rule in `\module15.$proc$research/pilot_two/seed-17999570691447884947/yosys-0.8-synth.v:804$3154'.
  Set init value: \reg49 = 5'00000
Found init rule in `\module15.$proc$research/pilot_two/seed-17999570691447884947/yosys-0.8-synth.v:797$3153'.
  Set init value: \reg25 = 6'000000
Found init rule in `\module15.$proc$research/pilot_two/seed-17999570691447884947/yosys-0.8-synth.v:796$3152'.
  Set init value: \reg24 = 5'00000
Found init rule in `\module15.$proc$research/pilot_two/seed-17999570691447884947/yosys-0.8-synth.v:795$3151'.
  Set init value: \reg23 = 20'00000000000000000000

7.5. Executing PROC_ARST pass (detect async resets in processes).

7.6. Executing PROC_ROM pass (convert switches to ROMs).
Converted 0 switches.

7.7. Executing PROC_MUX pass (convert decision trees to multiplexers).
Creating decoders for process `\top.$proc$research/pilot_two/seed-17999570691447884947/yosys-0.8-synth.v:4444$4460'.
Creating decoders for process `\top.$proc$research/pilot_two/seed-17999570691447884947/yosys-0.8-synth.v:4440$4459'.
Creating decoders for process `\top.$proc$research/pilot_two/seed-17999570691447884947/yosys-0.8-synth.v:4436$4458'.
Creating decoders for process `\top.$proc$research/pilot_two/seed-17999570691447884947/yosys-0.8-synth.v:4432$4457'.
Creating decoders for process `\top.$proc$research/pilot_two/seed-17999570691447884947/yosys-0.8-synth.v:4428$4456'.
Creating decoders for process `\top.$proc$research/pilot_two/seed-17999570691447884947/yosys-0.8-synth.v:4424$4455'.
Creating decoders for process `\top.$proc$research/pilot_two/seed-17999570691447884947/yosys-0.8-synth.v:4420$4454'.
Creating decoders for process `\top.$proc$research/pilot_two/seed-17999570691447884947/yosys-0.8-synth.v:4286$4453'.
Creating decoders for process `\top.$proc$research/pilot_two/seed-17999570691447884947/yosys-0.8-synth.v:4445$4452'.
Creating decoders for process `\top.$proc$research/pilot_two/seed-17999570691447884947/yosys-0.8-synth.v:4441$4451'.
Creating decoders for process `\top.$proc$research/pilot_two/seed-17999570691447884947/yosys-0.8-synth.v:4437$4450'.
Creating decoders for process `\top.$proc$research/pilot_two/seed-17999570691447884947/yosys-0.8-synth.v:4433$4449'.
Creating decoders for process `\top.$proc$research/pilot_two/seed-17999570691447884947/yosys-0.8-synth.v:4429$4448'.
Creating decoders for process `\top.$proc$research/pilot_two/seed-17999570691447884947/yosys-0.8-synth.v:4425$4447'.
Creating decoders for process `\top.$proc$research/pilot_two/seed-17999570691447884947/yosys-0.8-synth.v:4421$4446'.
Creating decoders for process `\top.$proc$research/pilot_two/seed-17999570691447884947/yosys-0.8-synth.v:4418$4445'.
Creating decoders for process `\top.$proc$research/pilot_two/seed-17999570691447884947/yosys-0.8-synth.v:4416$4444'.
Creating decoders for process `\top.$proc$research/pilot_two/seed-17999570691447884947/yosys-0.8-synth.v:4414$4443'.
Creating decoders for process `\top.$proc$research/pilot_two/seed-17999570691447884947/yosys-0.8-synth.v:4412$4442'.
Creating decoders for process `\module95.$proc$research/pilot_two/seed-17999570691447884947/yosys-0.8-synth.v:4145$4283'.
Creating decoders for process `\module95.$proc$research/pilot_two/seed-17999570691447884947/yosys-0.8-synth.v:4141$4282'.
Creating decoders for process `\module95.$proc$research/pilot_two/seed-17999570691447884947/yosys-0.8-synth.v:4137$4281'.
Creating decoders for process `\module95.$proc$research/pilot_two/seed-17999570691447884947/yosys-0.8-synth.v:4133$4280'.
Creating decoders for process `\module95.$proc$research/pilot_two/seed-17999570691447884947/yosys-0.8-synth.v:4129$4279'.
Creating decoders for process `\module95.$proc$research/pilot_two/seed-17999570691447884947/yosys-0.8-synth.v:4125$4278'.
Creating decoders for process `\module95.$proc$research/pilot_two/seed-17999570691447884947/yosys-0.8-synth.v:4121$4277'.
Creating decoders for process `\module95.$proc$research/pilot_two/seed-17999570691447884947/yosys-0.8-synth.v:4117$4276'.
Creating decoders for process `\module95.$proc$research/pilot_two/seed-17999570691447884947/yosys-0.8-synth.v:4113$4275'.
Creating decoders for process `\module95.$proc$research/pilot_two/seed-17999570691447884947/yosys-0.8-synth.v:4109$4274'.
Creating decoders for process `\module95.$proc$research/pilot_two/seed-17999570691447884947/yosys-0.8-synth.v:4105$4273'.
Creating decoders for process `\module95.$proc$research/pilot_two/seed-17999570691447884947/yosys-0.8-synth.v:4101$4272'.
Creating decoders for process `\module95.$proc$research/pilot_two/seed-17999570691447884947/yosys-0.8-synth.v:4097$4271'.
Creating decoders for process `\module95.$proc$research/pilot_two/seed-17999570691447884947/yosys-0.8-synth.v:4093$4270'.
Creating decoders for process `\module95.$proc$research/pilot_two/seed-17999570691447884947/yosys-0.8-synth.v:4089$4269'.
Creating decoders for process `\module95.$proc$research/pilot_two/seed-17999570691447884947/yosys-0.8-synth.v:4085$4268'.
Creating decoders for process `\module95.$proc$research/pilot_two/seed-17999570691447884947/yosys-0.8-synth.v:4081$4267'.
Creating decoders for process `\module95.$proc$research/pilot_two/seed-17999570691447884947/yosys-0.8-synth.v:4077$4266'.
Creating decoders for process `\module95.$proc$research/pilot_two/seed-17999570691447884947/yosys-0.8-synth.v:4073$4265'.
Creating decoders for process `\module95.$proc$research/pilot_two/seed-17999570691447884947/yosys-0.8-synth.v:4069$4264'.
Creating decoders for process `\module95.$proc$research/pilot_two/seed-17999570691447884947/yosys-0.8-synth.v:4065$4263'.
Creating decoders for process `\module95.$proc$research/pilot_two/seed-17999570691447884947/yosys-0.8-synth.v:4061$4262'.
Creating decoders for process `\module95.$proc$research/pilot_two/seed-17999570691447884947/yosys-0.8-synth.v:4057$4261'.
Creating decoders for process `\module95.$proc$research/pilot_two/seed-17999570691447884947/yosys-0.8-synth.v:4053$4260'.
Creating decoders for process `\module95.$proc$research/pilot_two/seed-17999570691447884947/yosys-0.8-synth.v:4049$4259'.
Creating decoders for process `\module95.$proc$research/pilot_two/seed-17999570691447884947/yosys-0.8-synth.v:4045$4258'.
Creating decoders for process `\module95.$proc$research/pilot_two/seed-17999570691447884947/yosys-0.8-synth.v:4041$4257'.
Creating decoders for process `\module95.$proc$research/pilot_two/seed-17999570691447884947/yosys-0.8-synth.v:4037$4256'.
Creating decoders for process `\module95.$proc$research/pilot_two/seed-17999570691447884947/yosys-0.8-synth.v:4033$4255'.
Creating decoders for process `\module95.$proc$research/pilot_two/seed-17999570691447884947/yosys-0.8-synth.v:4029$4254'.
Creating decoders for process `\module95.$proc$research/pilot_two/seed-17999570691447884947/yosys-0.8-synth.v:4025$4253'.
Creating decoders for process `\module95.$proc$research/pilot_two/seed-17999570691447884947/yosys-0.8-synth.v:4021$4252'.
Creating decoders for process `\module95.$proc$research/pilot_two/seed-17999570691447884947/yosys-0.8-synth.v:4017$4251'.
Creating decoders for process `\module95.$proc$research/pilot_two/seed-17999570691447884947/yosys-0.8-synth.v:4013$4250'.
Creating decoders for process `\module95.$proc$research/pilot_two/seed-17999570691447884947/yosys-0.8-synth.v:4009$4249'.
Creating decoders for process `\module95.$proc$research/pilot_two/seed-17999570691447884947/yosys-0.8-synth.v:4005$4248'.
Creating decoders for process `\module95.$proc$research/pilot_two/seed-17999570691447884947/yosys-0.8-synth.v:4001$4247'.
Creating decoders for process `\module95.$proc$research/pilot_two/seed-17999570691447884947/yosys-0.8-synth.v:3997$4246'.
Creating decoders for process `\module95.$proc$research/pilot_two/seed-17999570691447884947/yosys-0.8-synth.v:3993$4245'.
Creating decoders for process `\module95.$proc$research/pilot_two/seed-17999570691447884947/yosys-0.8-synth.v:3989$4244'.
Creating decoders for process `\module95.$proc$research/pilot_two/seed-17999570691447884947/yosys-0.8-synth.v:3985$4243'.
Creating decoders for process `\module95.$proc$research/pilot_two/seed-17999570691447884947/yosys-0.8-synth.v:3981$4242'.
Creating decoders for process `\module95.$proc$research/pilot_two/seed-17999570691447884947/yosys-0.8-synth.v:3977$4241'.
Creating decoders for process `\module95.$proc$research/pilot_two/seed-17999570691447884947/yosys-0.8-synth.v:3973$4240'.
Creating decoders for process `\module95.$proc$research/pilot_two/seed-17999570691447884947/yosys-0.8-synth.v:3969$4239'.
Creating decoders for process `\module95.$proc$research/pilot_two/seed-17999570691447884947/yosys-0.8-synth.v:3965$4238'.
Creating decoders for process `\module95.$proc$research/pilot_two/seed-17999570691447884947/yosys-0.8-synth.v:3961$4237'.
Creating decoders for process `\module95.$proc$research/pilot_two/seed-17999570691447884947/yosys-0.8-synth.v:3957$4236'.
Creating decoders for process `\module95.$proc$research/pilot_two/seed-17999570691447884947/yosys-0.8-synth.v:3953$4235'.
Creating decoders for process `\module95.$proc$research/pilot_two/seed-17999570691447884947/yosys-0.8-synth.v:3949$4234'.
Creating decoders for process `\module95.$proc$research/pilot_two/seed-17999570691447884947/yosys-0.8-synth.v:3945$4233'.
Creating decoders for process `\module95.$proc$research/pilot_two/seed-17999570691447884947/yosys-0.8-synth.v:3941$4232'.
Creating decoders for process `\module95.$proc$research/pilot_two/seed-17999570691447884947/yosys-0.8-synth.v:3937$4231'.
Creating decoders for process `\module95.$proc$research/pilot_two/seed-17999570691447884947/yosys-0.8-synth.v:3933$4230'.
Creating decoders for process `\module95.$proc$research/pilot_two/seed-17999570691447884947/yosys-0.8-synth.v:3929$4229'.
Creating decoders for process `\module95.$proc$research/pilot_two/seed-17999570691447884947/yosys-0.8-synth.v:4146$4228'.
Creating decoders for process `\module95.$proc$research/pilot_two/seed-17999570691447884947/yosys-0.8-synth.v:4142$4227'.
Creating decoders for process `\module95.$proc$research/pilot_two/seed-17999570691447884947/yosys-0.8-synth.v:4138$4226'.
Creating decoders for process `\module95.$proc$research/pilot_two/seed-17999570691447884947/yosys-0.8-synth.v:4134$4225'.
Creating decoders for process `\module95.$proc$research/pilot_two/seed-17999570691447884947/yosys-0.8-synth.v:4130$4224'.
Creating decoders for process `\module95.$proc$research/pilot_two/seed-17999570691447884947/yosys-0.8-synth.v:4126$4223'.
Creating decoders for process `\module95.$proc$research/pilot_two/seed-17999570691447884947/yosys-0.8-synth.v:4122$4222'.
Creating decoders for process `\module95.$proc$research/pilot_two/seed-17999570691447884947/yosys-0.8-synth.v:4118$4221'.
Creating decoders for process `\module95.$proc$research/pilot_two/seed-17999570691447884947/yosys-0.8-synth.v:4114$4220'.
Creating decoders for process `\module95.$proc$research/pilot_two/seed-17999570691447884947/yosys-0.8-synth.v:4110$4219'.
Creating decoders for process `\module95.$proc$research/pilot_two/seed-17999570691447884947/yosys-0.8-synth.v:4106$4218'.
Creating decoders for process `\module95.$proc$research/pilot_two/seed-17999570691447884947/yosys-0.8-synth.v:4102$4217'.
Creating decoders for process `\module95.$proc$research/pilot_two/seed-17999570691447884947/yosys-0.8-synth.v:4098$4216'.
Creating decoders for process `\module95.$proc$research/pilot_two/seed-17999570691447884947/yosys-0.8-synth.v:4094$4215'.
Creating decoders for process `\module95.$proc$research/pilot_two/seed-17999570691447884947/yosys-0.8-synth.v:4090$4214'.
Creating decoders for process `\module95.$proc$research/pilot_two/seed-17999570691447884947/yosys-0.8-synth.v:4086$4213'.
Creating decoders for process `\module95.$proc$research/pilot_two/seed-17999570691447884947/yosys-0.8-synth.v:4082$4212'.
Creating decoders for process `\module95.$proc$research/pilot_two/seed-17999570691447884947/yosys-0.8-synth.v:4078$4211'.
Creating decoders for process `\module95.$proc$research/pilot_two/seed-17999570691447884947/yosys-0.8-synth.v:4074$4210'.
Creating decoders for process `\module95.$proc$research/pilot_two/seed-17999570691447884947/yosys-0.8-synth.v:4070$4209'.
Creating decoders for process `\module95.$proc$research/pilot_two/seed-17999570691447884947/yosys-0.8-synth.v:4066$4208'.
Creating decoders for process `\module95.$proc$research/pilot_two/seed-17999570691447884947/yosys-0.8-synth.v:4062$4207'.
Creating decoders for process `\module95.$proc$research/pilot_two/seed-17999570691447884947/yosys-0.8-synth.v:4058$4206'.
Creating decoders for process `\module95.$proc$research/pilot_two/seed-17999570691447884947/yosys-0.8-synth.v:4054$4205'.
Creating decoders for process `\module95.$proc$research/pilot_two/seed-17999570691447884947/yosys-0.8-synth.v:4050$4204'.
Creating decoders for process `\module95.$proc$research/pilot_two/seed-17999570691447884947/yosys-0.8-synth.v:4046$4203'.
Creating decoders for process `\module95.$proc$research/pilot_two/seed-17999570691447884947/yosys-0.8-synth.v:4042$4202'.
Creating decoders for process `\module95.$proc$research/pilot_two/seed-17999570691447884947/yosys-0.8-synth.v:4038$4201'.
Creating decoders for process `\module95.$proc$research/pilot_two/seed-17999570691447884947/yosys-0.8-synth.v:4034$4200'.
Creating decoders for process `\module95.$proc$research/pilot_two/seed-17999570691447884947/yosys-0.8-synth.v:4030$4199'.
Creating decoders for process `\module95.$proc$research/pilot_two/seed-17999570691447884947/yosys-0.8-synth.v:4026$4198'.
Creating decoders for process `\module95.$proc$research/pilot_two/seed-17999570691447884947/yosys-0.8-synth.v:4022$4197'.
Creating decoders for process `\module95.$proc$research/pilot_two/seed-17999570691447884947/yosys-0.8-synth.v:4018$4196'.
Creating decoders for process `\module95.$proc$research/pilot_two/seed-17999570691447884947/yosys-0.8-synth.v:4014$4195'.
Creating decoders for process `\module95.$proc$research/pilot_two/seed-17999570691447884947/yosys-0.8-synth.v:4010$4194'.
Creating decoders for process `\module95.$proc$research/pilot_two/seed-17999570691447884947/yosys-0.8-synth.v:4006$4193'.
Creating decoders for process `\module95.$proc$research/pilot_two/seed-17999570691447884947/yosys-0.8-synth.v:4002$4192'.
Creating decoders for process `\module95.$proc$research/pilot_two/seed-17999570691447884947/yosys-0.8-synth.v:3998$4191'.
Creating decoders for process `\module95.$proc$research/pilot_two/seed-17999570691447884947/yosys-0.8-synth.v:3994$4190'.
Creating decoders for process `\module95.$proc$research/pilot_two/seed-17999570691447884947/yosys-0.8-synth.v:3990$4189'.
Creating decoders for process `\module95.$proc$research/pilot_two/seed-17999570691447884947/yosys-0.8-synth.v:3986$4188'.
Creating decoders for process `\module95.$proc$research/pilot_two/seed-17999570691447884947/yosys-0.8-synth.v:3982$4187'.
Creating decoders for process `\module95.$proc$research/pilot_two/seed-17999570691447884947/yosys-0.8-synth.v:3978$4186'.
Creating decoders for process `\module95.$proc$research/pilot_two/seed-17999570691447884947/yosys-0.8-synth.v:3974$4185'.
Creating decoders for process `\module95.$proc$research/pilot_two/seed-17999570691447884947/yosys-0.8-synth.v:3970$4184'.
Creating decoders for process `\module95.$proc$research/pilot_two/seed-17999570691447884947/yosys-0.8-synth.v:3966$4183'.
Creating decoders for process `\module95.$proc$research/pilot_two/seed-17999570691447884947/yosys-0.8-synth.v:3962$4182'.
Creating decoders for process `\module95.$proc$research/pilot_two/seed-17999570691447884947/yosys-0.8-synth.v:3958$4181'.
Creating decoders for process `\module95.$proc$research/pilot_two/seed-17999570691447884947/yosys-0.8-synth.v:3954$4180'.
Creating decoders for process `\module95.$proc$research/pilot_two/seed-17999570691447884947/yosys-0.8-synth.v:3950$4179'.
Creating decoders for process `\module95.$proc$research/pilot_two/seed-17999570691447884947/yosys-0.8-synth.v:3946$4178'.
Creating decoders for process `\module95.$proc$research/pilot_two/seed-17999570691447884947/yosys-0.8-synth.v:3942$4177'.
Creating decoders for process `\module95.$proc$research/pilot_two/seed-17999570691447884947/yosys-0.8-synth.v:3938$4176'.
Creating decoders for process `\module95.$proc$research/pilot_two/seed-17999570691447884947/yosys-0.8-synth.v:3934$4175'.
Creating decoders for process `\module95.$proc$research/pilot_two/seed-17999570691447884947/yosys-0.8-synth.v:3930$4174'.
Creating decoders for process `\module9.$proc$research/pilot_two/seed-17999570691447884947/yosys-0.8-synth.v:3335$3751'.
Creating decoders for process `\module9.$proc$research/pilot_two/seed-17999570691447884947/yosys-0.8-synth.v:3331$3750'.
Creating decoders for process `\module9.$proc$research/pilot_two/seed-17999570691447884947/yosys-0.8-synth.v:3299$3749'.
Creating decoders for process `\module9.$proc$research/pilot_two/seed-17999570691447884947/yosys-0.8-synth.v:3295$3748'.
Creating decoders for process `\module9.$proc$research/pilot_two/seed-17999570691447884947/yosys-0.8-synth.v:3291$3747'.
Creating decoders for process `\module9.$proc$research/pilot_two/seed-17999570691447884947/yosys-0.8-synth.v:3287$3746'.
Creating decoders for process `\module9.$proc$research/pilot_two/seed-17999570691447884947/yosys-0.8-synth.v:3283$3745'.
Creating decoders for process `\module9.$proc$research/pilot_two/seed-17999570691447884947/yosys-0.8-synth.v:3279$3744'.
Creating decoders for process `\module9.$proc$research/pilot_two/seed-17999570691447884947/yosys-0.8-synth.v:3275$3743'.
Creating decoders for process `\module9.$proc$research/pilot_two/seed-17999570691447884947/yosys-0.8-synth.v:3271$3742'.
Creating decoders for process `\module9.$proc$research/pilot_two/seed-17999570691447884947/yosys-0.8-synth.v:3267$3741'.
Creating decoders for process `\module9.$proc$research/pilot_two/seed-17999570691447884947/yosys-0.8-synth.v:3263$3740'.
Creating decoders for process `\module9.$proc$research/pilot_two/seed-17999570691447884947/yosys-0.8-synth.v:3259$3739'.
Creating decoders for process `\module9.$proc$research/pilot_two/seed-17999570691447884947/yosys-0.8-synth.v:3255$3738'.
Creating decoders for process `\module9.$proc$research/pilot_two/seed-17999570691447884947/yosys-0.8-synth.v:3227$3737'.
Creating decoders for process `\module9.$proc$research/pilot_two/seed-17999570691447884947/yosys-0.8-synth.v:3223$3736'.
Creating decoders for process `\module9.$proc$research/pilot_two/seed-17999570691447884947/yosys-0.8-synth.v:3219$3735'.
Creating decoders for process `\module9.$proc$research/pilot_two/seed-17999570691447884947/yosys-0.8-synth.v:3215$3734'.
Creating decoders for process `\module9.$proc$research/pilot_two/seed-17999570691447884947/yosys-0.8-synth.v:3211$3733'.
Creating decoders for process `\module9.$proc$research/pilot_two/seed-17999570691447884947/yosys-0.8-synth.v:3207$3732'.
Creating decoders for process `\module9.$proc$research/pilot_two/seed-17999570691447884947/yosys-0.8-synth.v:3203$3731'.
Creating decoders for process `\module9.$proc$research/pilot_two/seed-17999570691447884947/yosys-0.8-synth.v:3199$3730'.
Creating decoders for process `\module9.$proc$research/pilot_two/seed-17999570691447884947/yosys-0.8-synth.v:3195$3729'.
Creating decoders for process `\module9.$proc$research/pilot_two/seed-17999570691447884947/yosys-0.8-synth.v:3191$3728'.
Creating decoders for process `\module9.$proc$research/pilot_two/seed-17999570691447884947/yosys-0.8-synth.v:3187$3727'.
Creating decoders for process `\module9.$proc$research/pilot_two/seed-17999570691447884947/yosys-0.8-synth.v:3183$3726'.
Creating decoders for process `\module9.$proc$research/pilot_two/seed-17999570691447884947/yosys-0.8-synth.v:3179$3725'.
Creating decoders for process `\module9.$proc$research/pilot_two/seed-17999570691447884947/yosys-0.8-synth.v:3175$3724'.
Creating decoders for process `\module9.$proc$research/pilot_two/seed-17999570691447884947/yosys-0.8-synth.v:3171$3723'.
Creating decoders for process `\module9.$proc$research/pilot_two/seed-17999570691447884947/yosys-0.8-synth.v:3167$3722'.
Creating decoders for process `\module9.$proc$research/pilot_two/seed-17999570691447884947/yosys-0.8-synth.v:2851$3721'.
Creating decoders for process `\module9.$proc$research/pilot_two/seed-17999570691447884947/yosys-0.8-synth.v:2848$3720'.
Creating decoders for process `\module9.$proc$research/pilot_two/seed-17999570691447884947/yosys-0.8-synth.v:2847$3719'.
Creating decoders for process `\module9.$proc$research/pilot_two/seed-17999570691447884947/yosys-0.8-synth.v:3336$3718'.
Creating decoders for process `\module9.$proc$research/pilot_two/seed-17999570691447884947/yosys-0.8-synth.v:3332$3717'.
Creating decoders for process `\module9.$proc$research/pilot_two/seed-17999570691447884947/yosys-0.8-synth.v:3329$3716'.
Creating decoders for process `\module9.$proc$research/pilot_two/seed-17999570691447884947/yosys-0.8-synth.v:3327$3715'.
Creating decoders for process `\module9.$proc$research/pilot_two/seed-17999570691447884947/yosys-0.8-synth.v:3325$3714'.
Creating decoders for process `\module9.$proc$research/pilot_two/seed-17999570691447884947/yosys-0.8-synth.v:3323$3713'.
Creating decoders for process `\module9.$proc$research/pilot_two/seed-17999570691447884947/yosys-0.8-synth.v:3321$3712'.
Creating decoders for process `\module9.$proc$research/pilot_two/seed-17999570691447884947/yosys-0.8-synth.v:3319$3711'.
Creating decoders for process `\module9.$proc$research/pilot_two/seed-17999570691447884947/yosys-0.8-synth.v:3317$3710'.
Creating decoders for process `\module9.$proc$research/pilot_two/seed-17999570691447884947/yosys-0.8-synth.v:3315$3709'.
Creating decoders for process `\module9.$proc$research/pilot_two/seed-17999570691447884947/yosys-0.8-synth.v:3313$3708'.
Creating decoders for process `\module9.$proc$research/pilot_two/seed-17999570691447884947/yosys-0.8-synth.v:3311$3707'.
Creating decoders for process `\module9.$proc$research/pilot_two/seed-17999570691447884947/yosys-0.8-synth.v:3309$3706'.
Creating decoders for process `\module9.$proc$research/pilot_two/seed-17999570691447884947/yosys-0.8-synth.v:3307$3705'.
Creating decoders for process `\module9.$proc$research/pilot_two/seed-17999570691447884947/yosys-0.8-synth.v:3305$3704'.
Creating decoders for process `\module9.$proc$research/pilot_two/seed-17999570691447884947/yosys-0.8-synth.v:3303$3703'.
Creating decoders for process `\module9.$proc$research/pilot_two/seed-17999570691447884947/yosys-0.8-synth.v:3300$3702'.
Creating decoders for process `\module9.$proc$research/pilot_two/seed-17999570691447884947/yosys-0.8-synth.v:3296$3701'.
Creating decoders for process `\module9.$proc$research/pilot_two/seed-17999570691447884947/yosys-0.8-synth.v:3292$3700'.
Creating decoders for process `\module9.$proc$research/pilot_two/seed-17999570691447884947/yosys-0.8-synth.v:3288$3699'.
Creating decoders for process `\module9.$proc$research/pilot_two/seed-17999570691447884947/yosys-0.8-synth.v:3284$3698'.
Creating decoders for process `\module9.$proc$research/pilot_two/seed-17999570691447884947/yosys-0.8-synth.v:3280$3697'.
Creating decoders for process `\module9.$proc$research/pilot_two/seed-17999570691447884947/yosys-0.8-synth.v:3276$3696'.
Creating decoders for process `\module9.$proc$research/pilot_two/seed-17999570691447884947/yosys-0.8-synth.v:3272$3695'.
Creating decoders for process `\module9.$proc$research/pilot_two/seed-17999570691447884947/yosys-0.8-synth.v:3268$3694'.
Creating decoders for process `\module9.$proc$research/pilot_two/seed-17999570691447884947/yosys-0.8-synth.v:3264$3693'.
Creating decoders for process `\module9.$proc$research/pilot_two/seed-17999570691447884947/yosys-0.8-synth.v:3260$3692'.
Creating decoders for process `\module9.$proc$research/pilot_two/seed-17999570691447884947/yosys-0.8-synth.v:3256$3691'.
Creating decoders for process `\module9.$proc$research/pilot_two/seed-17999570691447884947/yosys-0.8-synth.v:3253$3690'.
Creating decoders for process `\module9.$proc$research/pilot_two/seed-17999570691447884947/yosys-0.8-synth.v:3251$3689'.
Creating decoders for process `\module9.$proc$research/pilot_two/seed-17999570691447884947/yosys-0.8-synth.v:3249$3688'.
Creating decoders for process `\module9.$proc$research/pilot_two/seed-17999570691447884947/yosys-0.8-synth.v:3247$3687'.
Creating decoders for process `\module9.$proc$research/pilot_two/seed-17999570691447884947/yosys-0.8-synth.v:3245$3686'.
Creating decoders for process `\module9.$proc$research/pilot_two/seed-17999570691447884947/yosys-0.8-synth.v:3243$3685'.
Creating decoders for process `\module9.$proc$research/pilot_two/seed-17999570691447884947/yosys-0.8-synth.v:3241$3684'.
Creating decoders for process `\module9.$proc$research/pilot_two/seed-17999570691447884947/yosys-0.8-synth.v:3239$3683'.
Creating decoders for process `\module9.$proc$research/pilot_two/seed-17999570691447884947/yosys-0.8-synth.v:3237$3682'.
Creating decoders for process `\module9.$proc$research/pilot_two/seed-17999570691447884947/yosys-0.8-synth.v:3235$3681'.
Creating decoders for process `\module9.$proc$research/pilot_two/seed-17999570691447884947/yosys-0.8-synth.v:3233$3680'.
Creating decoders for process `\module9.$proc$research/pilot_two/seed-17999570691447884947/yosys-0.8-synth.v:3231$3679'.
Creating decoders for process `\module9.$proc$research/pilot_two/seed-17999570691447884947/yosys-0.8-synth.v:3228$3678'.
Creating decoders for process `\module9.$proc$research/pilot_two/seed-17999570691447884947/yosys-0.8-synth.v:3224$3677'.
Creating decoders for process `\module9.$proc$research/pilot_two/seed-17999570691447884947/yosys-0.8-synth.v:3220$3676'.
Creating decoders for process `\module9.$proc$research/pilot_two/seed-17999570691447884947/yosys-0.8-synth.v:3216$3675'.
Creating decoders for process `\module9.$proc$research/pilot_two/seed-17999570691447884947/yosys-0.8-synth.v:3212$3674'.
Creating decoders for process `\module9.$proc$research/pilot_two/seed-17999570691447884947/yosys-0.8-synth.v:3208$3673'.
Creating decoders for process `\module9.$proc$research/pilot_two/seed-17999570691447884947/yosys-0.8-synth.v:3204$3672'.
Creating decoders for process `\module9.$proc$research/pilot_two/seed-17999570691447884947/yosys-0.8-synth.v:3200$3671'.
Creating decoders for process `\module9.$proc$research/pilot_two/seed-17999570691447884947/yosys-0.8-synth.v:3196$3670'.
Creating decoders for process `\module9.$proc$research/pilot_two/seed-17999570691447884947/yosys-0.8-synth.v:3192$3669'.
Creating decoders for process `\module9.$proc$research/pilot_two/seed-17999570691447884947/yosys-0.8-synth.v:3188$3668'.
Creating decoders for process `\module9.$proc$research/pilot_two/seed-17999570691447884947/yosys-0.8-synth.v:3184$3667'.
Creating decoders for process `\module9.$proc$research/pilot_two/seed-17999570691447884947/yosys-0.8-synth.v:3180$3666'.
Creating decoders for process `\module9.$proc$research/pilot_two/seed-17999570691447884947/yosys-0.8-synth.v:3176$3665'.
Creating decoders for process `\module9.$proc$research/pilot_two/seed-17999570691447884947/yosys-0.8-synth.v:3172$3664'.
Creating decoders for process `\module9.$proc$research/pilot_two/seed-17999570691447884947/yosys-0.8-synth.v:3168$3663'.
Creating decoders for process `\module15.$proc$research/pilot_two/seed-17999570691447884947/yosys-0.8-synth.v:2523$3235'.
Creating decoders for process `\module15.$proc$research/pilot_two/seed-17999570691447884947/yosys-0.8-synth.v:2519$3234'.
Creating decoders for process `\module15.$proc$research/pilot_two/seed-17999570691447884947/yosys-0.8-synth.v:2515$3233'.
Creating decoders for process `\module15.$proc$research/pilot_two/seed-17999570691447884947/yosys-0.8-synth.v:2511$3232'.
Creating decoders for process `\module15.$proc$research/pilot_two/seed-17999570691447884947/yosys-0.8-synth.v:2507$3231'.
Creating decoders for process `\module15.$proc$research/pilot_two/seed-17999570691447884947/yosys-0.8-synth.v:2503$3230'.
Creating decoders for process `\module15.$proc$research/pilot_two/seed-17999570691447884947/yosys-0.8-synth.v:2499$3229'.
Creating decoders for process `\module15.$proc$research/pilot_two/seed-17999570691447884947/yosys-0.8-synth.v:2495$3228'.
Creating decoders for process `\module15.$proc$research/pilot_two/seed-17999570691447884947/yosys-0.8-synth.v:2491$3227'.
Creating decoders for process `\module15.$proc$research/pilot_two/seed-17999570691447884947/yosys-0.8-synth.v:2487$3226'.
Creating decoders for process `\module15.$proc$research/pilot_two/seed-17999570691447884947/yosys-0.8-synth.v:2483$3225'.
Creating decoders for process `\module15.$proc$research/pilot_two/seed-17999570691447884947/yosys-0.8-synth.v:2417$3224'.
Creating decoders for process `\module15.$proc$research/pilot_two/seed-17999570691447884947/yosys-0.8-synth.v:2413$3223'.
Creating decoders for process `\module15.$proc$research/pilot_two/seed-17999570691447884947/yosys-0.8-synth.v:2409$3222'.
Creating decoders for process `\module15.$proc$research/pilot_two/seed-17999570691447884947/yosys-0.8-synth.v:2405$3221'.
Creating decoders for process `\module15.$proc$research/pilot_two/seed-17999570691447884947/yosys-0.8-synth.v:2401$3220'.
Creating decoders for process `\module15.$proc$research/pilot_two/seed-17999570691447884947/yosys-0.8-synth.v:2397$3219'.
Creating decoders for process `\module15.$proc$research/pilot_two/seed-17999570691447884947/yosys-0.8-synth.v:2393$3218'.
Creating decoders for process `\module15.$proc$research/pilot_two/seed-17999570691447884947/yosys-0.8-synth.v:2379$3217'.
Creating decoders for process `\module15.$proc$research/pilot_two/seed-17999570691447884947/yosys-0.8-synth.v:2375$3216'.
Creating decoders for process `\module15.$proc$research/pilot_two/seed-17999570691447884947/yosys-0.8-synth.v:2371$3215'.
Creating decoders for process `\module15.$proc$research/pilot_two/seed-17999570691447884947/yosys-0.8-synth.v:2331$3214'.
Creating decoders for process `\module15.$proc$research/pilot_two/seed-17999570691447884947/yosys-0.8-synth.v:2327$3213'.
Creating decoders for process `\module15.$proc$research/pilot_two/seed-17999570691447884947/yosys-0.8-synth.v:2323$3212'.
Creating decoders for process `\module15.$proc$research/pilot_two/seed-17999570691447884947/yosys-0.8-synth.v:2319$3211'.
Creating decoders for process `\module15.$proc$research/pilot_two/seed-17999570691447884947/yosys-0.8-synth.v:2265$3210'.
Creating decoders for process `\module15.$proc$research/pilot_two/seed-17999570691447884947/yosys-0.8-synth.v:2261$3209'.
Creating decoders for process `\module15.$proc$research/pilot_two/seed-17999570691447884947/yosys-0.8-synth.v:2257$3208'.
Creating decoders for process `\module15.$proc$research/pilot_two/seed-17999570691447884947/yosys-0.8-synth.v:2253$3207'.
Creating decoders for process `\module15.$proc$research/pilot_two/seed-17999570691447884947/yosys-0.8-synth.v:2233$3206'.
Creating decoders for process `\module15.$proc$research/pilot_two/seed-17999570691447884947/yosys-0.8-synth.v:2229$3205'.
Creating decoders for process `\module15.$proc$research/pilot_two/seed-17999570691447884947/yosys-0.8-synth.v:2225$3204'.
Creating decoders for process `\module15.$proc$research/pilot_two/seed-17999570691447884947/yosys-0.8-synth.v:2221$3203'.
Creating decoders for process `\module15.$proc$research/pilot_two/seed-17999570691447884947/yosys-0.8-synth.v:2217$3202'.
Creating decoders for process `\module15.$proc$research/pilot_two/seed-17999570691447884947/yosys-0.8-synth.v:2213$3201'.
Creating decoders for process `\module15.$proc$research/pilot_two/seed-17999570691447884947/yosys-0.8-synth.v:2209$3200'.
Creating decoders for process `\module15.$proc$research/pilot_two/seed-17999570691447884947/yosys-0.8-synth.v:2205$3199'.
Creating decoders for process `\module15.$proc$research/pilot_two/seed-17999570691447884947/yosys-0.8-synth.v:2201$3198'.
Creating decoders for process `\module15.$proc$research/pilot_two/seed-17999570691447884947/yosys-0.8-synth.v:2059$3197'.
Creating decoders for process `\module15.$proc$research/pilot_two/seed-17999570691447884947/yosys-0.8-synth.v:2055$3196'.
Creating decoders for process `\module15.$proc$research/pilot_two/seed-17999570691447884947/yosys-0.8-synth.v:2051$3195'.
Creating decoders for process `\module15.$proc$research/pilot_two/seed-17999570691447884947/yosys-0.8-synth.v:2047$3194'.
Creating decoders for process `\module15.$proc$research/pilot_two/seed-17999570691447884947/yosys-0.8-synth.v:2043$3193'.
Creating decoders for process `\module15.$proc$research/pilot_two/seed-17999570691447884947/yosys-0.8-synth.v:2039$3192'.
Creating decoders for process `\module15.$proc$research/pilot_two/seed-17999570691447884947/yosys-0.8-synth.v:2035$3191'.
Creating decoders for process `\module15.$proc$research/pilot_two/seed-17999570691447884947/yosys-0.8-synth.v:2031$3190'.
Creating decoders for process `\module15.$proc$research/pilot_two/seed-17999570691447884947/yosys-0.8-synth.v:2027$3189'.
Creating decoders for process `\module15.$proc$research/pilot_two/seed-17999570691447884947/yosys-0.8-synth.v:2023$3188'.
Creating decoders for process `\module15.$proc$research/pilot_two/seed-17999570691447884947/yosys-0.8-synth.v:2019$3187'.
Creating decoders for process `\module15.$proc$research/pilot_two/seed-17999570691447884947/yosys-0.8-synth.v:2015$3186'.
Creating decoders for process `\module15.$proc$research/pilot_two/seed-17999570691447884947/yosys-0.8-synth.v:2011$3185'.
Creating decoders for process `\module15.$proc$research/pilot_two/seed-17999570691447884947/yosys-0.8-synth.v:1991$3184'.
Creating decoders for process `\module15.$proc$research/pilot_two/seed-17999570691447884947/yosys-0.8-synth.v:1987$3183'.
Creating decoders for process `\module15.$proc$research/pilot_two/seed-17999570691447884947/yosys-0.8-synth.v:1983$3182'.
Creating decoders for process `\module15.$proc$research/pilot_two/seed-17999570691447884947/yosys-0.8-synth.v:1947$3181'.
Creating decoders for process `\module15.$proc$research/pilot_two/seed-17999570691447884947/yosys-0.8-synth.v:1943$3180'.
Creating decoders for process `\module15.$proc$research/pilot_two/seed-17999570691447884947/yosys-0.8-synth.v:1939$3179'.
Creating decoders for process `\module15.$proc$research/pilot_two/seed-17999570691447884947/yosys-0.8-synth.v:1935$3178'.
Creating decoders for process `\module15.$proc$research/pilot_two/seed-17999570691447884947/yosys-0.8-synth.v:1931$3177'.
Creating decoders for process `\module15.$proc$research/pilot_two/seed-17999570691447884947/yosys-0.8-synth.v:1927$3176'.
Creating decoders for process `\module15.$proc$research/pilot_two/seed-17999570691447884947/yosys-0.8-synth.v:1923$3175'.
Creating decoders for process `\module15.$proc$research/pilot_two/seed-17999570691447884947/yosys-0.8-synth.v:1919$3174'.
Creating decoders for process `\module15.$proc$research/pilot_two/seed-17999570691447884947/yosys-0.8-synth.v:1883$3173'.
Creating decoders for process `\module15.$proc$research/pilot_two/seed-17999570691447884947/yosys-0.8-synth.v:1879$3172'.
Creating decoders for process `\module15.$proc$research/pilot_two/seed-17999570691447884947/yosys-0.8-synth.v:1875$3171'.
Creating decoders for process `\module15.$proc$research/pilot_two/seed-17999570691447884947/yosys-0.8-synth.v:1871$3170'.
Creating decoders for process `\module15.$proc$research/pilot_two/seed-17999570691447884947/yosys-0.8-synth.v:1867$3169'.
Creating decoders for process `\module15.$proc$research/pilot_two/seed-17999570691447884947/yosys-0.8-synth.v:833$3168'.
Creating decoders for process `\module15.$proc$research/pilot_two/seed-17999570691447884947/yosys-0.8-synth.v:830$3167'.
Creating decoders for process `\module15.$proc$research/pilot_two/seed-17999570691447884947/yosys-0.8-synth.v:828$3166'.
Creating decoders for process `\module15.$proc$research/pilot_two/seed-17999570691447884947/yosys-0.8-synth.v:822$3165'.
Creating decoders for process `\module15.$proc$research/pilot_two/seed-17999570691447884947/yosys-0.8-synth.v:821$3164'.
Creating decoders for process `\module15.$proc$research/pilot_two/seed-17999570691447884947/yosys-0.8-synth.v:820$3163'.
Creating decoders for process `\module15.$proc$research/pilot_two/seed-17999570691447884947/yosys-0.8-synth.v:819$3162'.
Creating decoders for process `\module15.$proc$research/pilot_two/seed-17999570691447884947/yosys-0.8-synth.v:818$3161'.
Creating decoders for process `\module15.$proc$research/pilot_two/seed-17999570691447884947/yosys-0.8-synth.v:813$3160'.
Creating decoders for process `\module15.$proc$research/pilot_two/seed-17999570691447884947/yosys-0.8-synth.v:812$3159'.
Creating decoders for process `\module15.$proc$research/pilot_two/seed-17999570691447884947/yosys-0.8-synth.v:811$3158'.
Creating decoders for process `\module15.$proc$research/pilot_two/seed-17999570691447884947/yosys-0.8-synth.v:810$3157'.
Creating decoders for process `\module15.$proc$research/pilot_two/seed-17999570691447884947/yosys-0.8-synth.v:807$3156'.
Creating decoders for process `\module15.$proc$research/pilot_two/seed-17999570691447884947/yosys-0.8-synth.v:806$3155'.
Creating decoders for process `\module15.$proc$research/pilot_two/seed-17999570691447884947/yosys-0.8-synth.v:804$3154'.
Creating decoders for process `\module15.$proc$research/pilot_two/seed-17999570691447884947/yosys-0.8-synth.v:797$3153'.
Creating decoders for process `\module15.$proc$research/pilot_two/seed-17999570691447884947/yosys-0.8-synth.v:796$3152'.
Creating decoders for process `\module15.$proc$research/pilot_two/seed-17999570691447884947/yosys-0.8-synth.v:795$3151'.
Creating decoders for process `\module15.$proc$research/pilot_two/seed-17999570691447884947/yosys-0.8-synth.v:2524$3150'.
Creating decoders for process `\module15.$proc$research/pilot_two/seed-17999570691447884947/yosys-0.8-synth.v:2520$3149'.
Creating decoders for process `\module15.$proc$research/pilot_two/seed-17999570691447884947/yosys-0.8-synth.v:2516$3148'.
Creating decoders for process `\module15.$proc$research/pilot_two/seed-17999570691447884947/yosys-0.8-synth.v:2512$3147'.
Creating decoders for process `\module15.$proc$research/pilot_two/seed-17999570691447884947/yosys-0.8-synth.v:2508$3146'.
Creating decoders for process `\module15.$proc$research/pilot_two/seed-17999570691447884947/yosys-0.8-synth.v:2504$3145'.
Creating decoders for process `\module15.$proc$research/pilot_two/seed-17999570691447884947/yosys-0.8-synth.v:2500$3144'.
Creating decoders for process `\module15.$proc$research/pilot_two/seed-17999570691447884947/yosys-0.8-synth.v:2496$3143'.
Creating decoders for process `\module15.$proc$research/pilot_two/seed-17999570691447884947/yosys-0.8-synth.v:2492$3142'.
Creating decoders for process `\module15.$proc$research/pilot_two/seed-17999570691447884947/yosys-0.8-synth.v:2488$3141'.
Creating decoders for process `\module15.$proc$research/pilot_two/seed-17999570691447884947/yosys-0.8-synth.v:2484$3140'.
Creating decoders for process `\module15.$proc$research/pilot_two/seed-17999570691447884947/yosys-0.8-synth.v:2481$3139'.
Creating decoders for process `\module15.$proc$research/pilot_two/seed-17999570691447884947/yosys-0.8-synth.v:2479$3138'.
Creating decoders for process `\module15.$proc$research/pilot_two/seed-17999570691447884947/yosys-0.8-synth.v:2477$3137'.
Creating decoders for process `\module15.$proc$research/pilot_two/seed-17999570691447884947/yosys-0.8-synth.v:2475$3136'.
Creating decoders for process `\module15.$proc$research/pilot_two/seed-17999570691447884947/yosys-0.8-synth.v:2473$3135'.
Creating decoders for process `\module15.$proc$research/pilot_two/seed-17999570691447884947/yosys-0.8-synth.v:2471$3134'.
Creating decoders for process `\module15.$proc$research/pilot_two/seed-17999570691447884947/yosys-0.8-synth.v:2469$3133'.
Creating decoders for process `\module15.$proc$research/pilot_two/seed-17999570691447884947/yosys-0.8-synth.v:2467$3132'.
Creating decoders for process `\module15.$proc$research/pilot_two/seed-17999570691447884947/yosys-0.8-synth.v:2465$3131'.
Creating decoders for process `\module15.$proc$research/pilot_two/seed-17999570691447884947/yosys-0.8-synth.v:2463$3130'.
Creating decoders for process `\module15.$proc$research/pilot_two/seed-17999570691447884947/yosys-0.8-synth.v:2461$3129'.
Creating decoders for process `\module15.$proc$research/pilot_two/seed-17999570691447884947/yosys-0.8-synth.v:2459$3128'.
Creating decoders for process `\module15.$proc$research/pilot_two/seed-17999570691447884947/yosys-0.8-synth.v:2457$3127'.
Creating decoders for process `\module15.$proc$research/pilot_two/seed-17999570691447884947/yosys-0.8-synth.v:2455$3126'.
Creating decoders for process `\module15.$proc$research/pilot_two/seed-17999570691447884947/yosys-0.8-synth.v:2453$3125'.
Creating decoders for process `\module15.$proc$research/pilot_two/seed-17999570691447884947/yosys-0.8-synth.v:2451$3124'.
Creating decoders for process `\module15.$proc$research/pilot_two/seed-17999570691447884947/yosys-0.8-synth.v:2449$3123'.
Creating decoders for process `\module15.$proc$research/pilot_two/seed-17999570691447884947/yosys-0.8-synth.v:2447$3122'.
Creating decoders for process `\module15.$proc$research/pilot_two/seed-17999570691447884947/yosys-0.8-synth.v:2445$3121'.
Creating decoders for process `\module15.$proc$research/pilot_two/seed-17999570691447884947/yosys-0.8-synth.v:2443$3120'.
Creating decoders for process `\module15.$proc$research/pilot_two/seed-17999570691447884947/yosys-0.8-synth.v:2441$3119'.
Creating decoders for process `\module15.$proc$research/pilot_two/seed-17999570691447884947/yosys-0.8-synth.v:2439$3118'.
Creating decoders for process `\module15.$proc$research/pilot_two/seed-17999570691447884947/yosys-0.8-synth.v:2437$3117'.
Creating decoders for process `\module15.$proc$research/pilot_two/seed-17999570691447884947/yosys-0.8-synth.v:2435$3116'.
Creating decoders for process `\module15.$proc$research/pilot_two/seed-17999570691447884947/yosys-0.8-synth.v:2433$3115'.
Creating decoders for process `\module15.$proc$research/pilot_two/seed-17999570691447884947/yosys-0.8-synth.v:2431$3114'.
Creating decoders for process `\module15.$proc$research/pilot_two/seed-17999570691447884947/yosys-0.8-synth.v:2429$3113'.
Creating decoders for process `\module15.$proc$research/pilot_two/seed-17999570691447884947/yosys-0.8-synth.v:2427$3112'.
Creating decoders for process `\module15.$proc$research/pilot_two/seed-17999570691447884947/yosys-0.8-synth.v:2425$3111'.
Creating decoders for process `\module15.$proc$research/pilot_two/seed-17999570691447884947/yosys-0.8-synth.v:2423$3110'.
Creating decoders for process `\module15.$proc$research/pilot_two/seed-17999570691447884947/yosys-0.8-synth.v:2421$3109'.
Creating decoders for process `\module15.$proc$research/pilot_two/seed-17999570691447884947/yosys-0.8-synth.v:2418$3108'.
Creating decoders for process `\module15.$proc$research/pilot_two/seed-17999570691447884947/yosys-0.8-synth.v:2414$3107'.
Creating decoders for process `\module15.$proc$research/pilot_two/seed-17999570691447884947/yosys-0.8-synth.v:2410$3106'.
Creating decoders for process `\module15.$proc$research/pilot_two/seed-17999570691447884947/yosys-0.8-synth.v:2406$3105'.
Creating decoders for process `\module15.$proc$research/pilot_two/seed-17999570691447884947/yosys-0.8-synth.v:2402$3104'.
Creating decoders for process `\module15.$proc$research/pilot_two/seed-17999570691447884947/yosys-0.8-synth.v:2398$3103'.
Creating decoders for process `\module15.$proc$research/pilot_two/seed-17999570691447884947/yosys-0.8-synth.v:2394$3102'.
Creating decoders for process `\module15.$proc$research/pilot_two/seed-17999570691447884947/yosys-0.8-synth.v:2391$3101'.
Creating decoders for process `\module15.$proc$research/pilot_two/seed-17999570691447884947/yosys-0.8-synth.v:2389$3100'.
Creating decoders for process `\module15.$proc$research/pilot_two/seed-17999570691447884947/yosys-0.8-synth.v:2387$3099'.
Creating decoders for process `\module15.$proc$research/pilot_two/seed-17999570691447884947/yosys-0.8-synth.v:2385$3098'.
Creating decoders for process `\module15.$proc$research/pilot_two/seed-17999570691447884947/yosys-0.8-synth.v:2383$3097'.
Creating decoders for process `\module15.$proc$research/pilot_two/seed-17999570691447884947/yosys-0.8-synth.v:2380$3096'.
Creating decoders for process `\module15.$proc$research/pilot_two/seed-17999570691447884947/yosys-0.8-synth.v:2376$3095'.
Creating decoders for process `\module15.$proc$research/pilot_two/seed-17999570691447884947/yosys-0.8-synth.v:2372$3094'.
Creating decoders for process `\module15.$proc$research/pilot_two/seed-17999570691447884947/yosys-0.8-synth.v:2369$3093'.
Creating decoders for process `\module15.$proc$research/pilot_two/seed-17999570691447884947/yosys-0.8-synth.v:2367$3092'.
Creating decoders for process `\module15.$proc$research/pilot_two/seed-17999570691447884947/yosys-0.8-synth.v:2365$3091'.
Creating decoders for process `\module15.$proc$research/pilot_two/seed-17999570691447884947/yosys-0.8-synth.v:2363$3090'.
Creating decoders for process `\module15.$proc$research/pilot_two/seed-17999570691447884947/yosys-0.8-synth.v:2361$3089'.
Creating decoders for process `\module15.$proc$research/pilot_two/seed-17999570691447884947/yosys-0.8-synth.v:2359$3088'.
Creating decoders for process `\module15.$proc$research/pilot_two/seed-17999570691447884947/yosys-0.8-synth.v:2357$3087'.
Creating decoders for process `\module15.$proc$research/pilot_two/seed-17999570691447884947/yosys-0.8-synth.v:2355$3086'.
Creating decoders for process `\module15.$proc$research/pilot_two/seed-17999570691447884947/yosys-0.8-synth.v:2353$3085'.
Creating decoders for process `\module15.$proc$research/pilot_two/seed-17999570691447884947/yosys-0.8-synth.v:2351$3084'.
Creating decoders for process `\module15.$proc$research/pilot_two/seed-17999570691447884947/yosys-0.8-synth.v:2349$3083'.
Creating decoders for process `\module15.$proc$research/pilot_two/seed-17999570691447884947/yosys-0.8-synth.v:2347$3082'.
Creating decoders for process `\module15.$proc$research/pilot_two/seed-17999570691447884947/yosys-0.8-synth.v:2345$3081'.
Creating decoders for process `\module15.$proc$research/pilot_two/seed-17999570691447884947/yosys-0.8-synth.v:2343$3080'.
Creating decoders for process `\module15.$proc$research/pilot_two/seed-17999570691447884947/yosys-0.8-synth.v:2341$3079'.
Creating decoders for process `\module15.$proc$research/pilot_two/seed-17999570691447884947/yosys-0.8-synth.v:2339$3078'.
Creating decoders for process `\module15.$proc$research/pilot_two/seed-17999570691447884947/yosys-0.8-synth.v:2337$3077'.
Creating decoders for process `\module15.$proc$research/pilot_two/seed-17999570691447884947/yosys-0.8-synth.v:2335$3076'.
Creating decoders for process `\module15.$proc$research/pilot_two/seed-17999570691447884947/yosys-0.8-synth.v:2332$3075'.
Creating decoders for process `\module15.$proc$research/pilot_two/seed-17999570691447884947/yosys-0.8-synth.v:2328$3074'.
Creating decoders for process `\module15.$proc$research/pilot_two/seed-17999570691447884947/yosys-0.8-synth.v:2324$3073'.
Creating decoders for process `\module15.$proc$research/pilot_two/seed-17999570691447884947/yosys-0.8-synth.v:2320$3072'.
Creating decoders for process `\module15.$proc$research/pilot_two/seed-17999570691447884947/yosys-0.8-synth.v:2317$3071'.
Creating decoders for process `\module15.$proc$research/pilot_two/seed-17999570691447884947/yosys-0.8-synth.v:2315$3070'.
Creating decoders for process `\module15.$proc$research/pilot_two/seed-17999570691447884947/yosys-0.8-synth.v:2313$3069'.
Creating decoders for process `\module15.$proc$research/pilot_two/seed-17999570691447884947/yosys-0.8-synth.v:2311$3068'.
Creating decoders for process `\module15.$proc$research/pilot_two/seed-17999570691447884947/yosys-0.8-synth.v:2309$3067'.
Creating decoders for process `\module15.$proc$research/pilot_two/seed-17999570691447884947/yosys-0.8-synth.v:2307$3066'.
Creating decoders for process `\module15.$proc$research/pilot_two/seed-17999570691447884947/yosys-0.8-synth.v:2305$3065'.
Creating decoders for process `\module15.$proc$research/pilot_two/seed-17999570691447884947/yosys-0.8-synth.v:2303$3064'.
Creating decoders for process `\module15.$proc$research/pilot_two/seed-17999570691447884947/yosys-0.8-synth.v:2301$3063'.
Creating decoders for process `\module15.$proc$research/pilot_two/seed-17999570691447884947/yosys-0.8-synth.v:2299$3062'.
Creating decoders for process `\module15.$proc$research/pilot_two/seed-17999570691447884947/yosys-0.8-synth.v:2297$3061'.
Creating decoders for process `\module15.$proc$research/pilot_two/seed-17999570691447884947/yosys-0.8-synth.v:2295$3060'.
Creating decoders for process `\module15.$proc$research/pilot_two/seed-17999570691447884947/yosys-0.8-synth.v:2293$3059'.
Creating decoders for process `\module15.$proc$research/pilot_two/seed-17999570691447884947/yosys-0.8-synth.v:2291$3058'.
Creating decoders for process `\module15.$proc$research/pilot_two/seed-17999570691447884947/yosys-0.8-synth.v:2289$3057'.
Creating decoders for process `\module15.$proc$research/pilot_two/seed-17999570691447884947/yosys-0.8-synth.v:2287$3056'.
Creating decoders for process `\module15.$proc$research/pilot_two/seed-17999570691447884947/yosys-0.8-synth.v:2285$3055'.
Creating decoders for process `\module15.$proc$research/pilot_two/seed-17999570691447884947/yosys-0.8-synth.v:2283$3054'.
Creating decoders for process `\module15.$proc$research/pilot_two/seed-17999570691447884947/yosys-0.8-synth.v:2281$3053'.
Creating decoders for process `\module15.$proc$research/pilot_two/seed-17999570691447884947/yosys-0.8-synth.v:2279$3052'.
Creating decoders for process `\module15.$proc$research/pilot_two/seed-17999570691447884947/yosys-0.8-synth.v:2277$3051'.
Creating decoders for process `\module15.$proc$research/pilot_two/seed-17999570691447884947/yosys-0.8-synth.v:2275$3050'.
Creating decoders for process `\module15.$proc$research/pilot_two/seed-17999570691447884947/yosys-0.8-synth.v:2273$3049'.
Creating decoders for process `\module15.$proc$research/pilot_two/seed-17999570691447884947/yosys-0.8-synth.v:2271$3048'.
Creating decoders for process `\module15.$proc$research/pilot_two/seed-17999570691447884947/yosys-0.8-synth.v:2269$3047'.
Creating decoders for process `\module15.$proc$research/pilot_two/seed-17999570691447884947/yosys-0.8-synth.v:2266$3046'.
Creating decoders for process `\module15.$proc$research/pilot_two/seed-17999570691447884947/yosys-0.8-synth.v:2262$3045'.
Creating decoders for process `\module15.$proc$research/pilot_two/seed-17999570691447884947/yosys-0.8-synth.v:2258$3044'.
Creating decoders for process `\module15.$proc$research/pilot_two/seed-17999570691447884947/yosys-0.8-synth.v:2254$3043'.
Creating decoders for process `\module15.$proc$research/pilot_two/seed-17999570691447884947/yosys-0.8-synth.v:2251$3042'.
Creating decoders for process `\module15.$proc$research/pilot_two/seed-17999570691447884947/yosys-0.8-synth.v:2249$3041'.
Creating decoders for process `\module15.$proc$research/pilot_two/seed-17999570691447884947/yosys-0.8-synth.v:2247$3040'.
Creating decoders for process `\module15.$proc$research/pilot_two/seed-17999570691447884947/yosys-0.8-synth.v:2245$3039'.
Creating decoders for process `\module15.$proc$research/pilot_two/seed-17999570691447884947/yosys-0.8-synth.v:2243$3038'.
Creating decoders for process `\module15.$proc$research/pilot_two/seed-17999570691447884947/yosys-0.8-synth.v:2241$3037'.
Creating decoders for process `\module15.$proc$research/pilot_two/seed-17999570691447884947/yosys-0.8-synth.v:2239$3036'.
Creating decoders for process `\module15.$proc$research/pilot_two/seed-17999570691447884947/yosys-0.8-synth.v:2237$3035'.
Creating decoders for process `\module15.$proc$research/pilot_two/seed-17999570691447884947/yosys-0.8-synth.v:2234$3034'.
Creating decoders for process `\module15.$proc$research/pilot_two/seed-17999570691447884947/yosys-0.8-synth.v:2230$3033'.
Creating decoders for process `\module15.$proc$research/pilot_two/seed-17999570691447884947/yosys-0.8-synth.v:2226$3032'.
Creating decoders for process `\module15.$proc$research/pilot_two/seed-17999570691447884947/yosys-0.8-synth.v:2222$3031'.
Creating decoders for process `\module15.$proc$research/pilot_two/seed-17999570691447884947/yosys-0.8-synth.v:2218$3030'.
Creating decoders for process `\module15.$proc$research/pilot_two/seed-17999570691447884947/yosys-0.8-synth.v:2214$3029'.
Creating decoders for process `\module15.$proc$research/pilot_two/seed-17999570691447884947/yosys-0.8-synth.v:2210$3028'.
Creating decoders for process `\module15.$proc$research/pilot_two/seed-17999570691447884947/yosys-0.8-synth.v:2206$3027'.
Creating decoders for process `\module15.$proc$research/pilot_two/seed-17999570691447884947/yosys-0.8-synth.v:2202$3026'.
Creating decoders for process `\module15.$proc$research/pilot_two/seed-17999570691447884947/yosys-0.8-synth.v:2199$3025'.
Creating decoders for process `\module15.$proc$research/pilot_two/seed-17999570691447884947/yosys-0.8-synth.v:2197$3024'.
Creating decoders for process `\module15.$proc$research/pilot_two/seed-17999570691447884947/yosys-0.8-synth.v:2195$3023'.
Creating decoders for process `\module15.$proc$research/pilot_two/seed-17999570691447884947/yosys-0.8-synth.v:2193$3022'.
Creating decoders for process `\module15.$proc$research/pilot_two/seed-17999570691447884947/yosys-0.8-synth.v:2191$3021'.
Creating decoders for process `\module15.$proc$research/pilot_two/seed-17999570691447884947/yosys-0.8-synth.v:2189$3020'.
Creating decoders for process `\module15.$proc$research/pilot_two/seed-17999570691447884947/yosys-0.8-synth.v:2187$3019'.
Creating decoders for process `\module15.$proc$research/pilot_two/seed-17999570691447884947/yosys-0.8-synth.v:2185$3018'.
Creating decoders for process `\module15.$proc$research/pilot_two/seed-17999570691447884947/yosys-0.8-synth.v:2183$3017'.
Creating decoders for process `\module15.$proc$research/pilot_two/seed-17999570691447884947/yosys-0.8-synth.v:2181$3016'.
Creating decoders for process `\module15.$proc$research/pilot_two/seed-17999570691447884947/yosys-0.8-synth.v:2179$3015'.
Creating decoders for process `\module15.$proc$research/pilot_two/seed-17999570691447884947/yosys-0.8-synth.v:2177$3014'.
Creating decoders for process `\module15.$proc$research/pilot_two/seed-17999570691447884947/yosys-0.8-synth.v:2175$3013'.
Creating decoders for process `\module15.$proc$research/pilot_two/seed-17999570691447884947/yosys-0.8-synth.v:2173$3012'.
Creating decoders for process `\module15.$proc$research/pilot_two/seed-17999570691447884947/yosys-0.8-synth.v:2171$3011'.
Creating decoders for process `\module15.$proc$research/pilot_two/seed-17999570691447884947/yosys-0.8-synth.v:2169$3010'.
Creating decoders for process `\module15.$proc$research/pilot_two/seed-17999570691447884947/yosys-0.8-synth.v:2167$3009'.
Creating decoders for process `\module15.$proc$research/pilot_two/seed-17999570691447884947/yosys-0.8-synth.v:2165$3008'.
Creating decoders for process `\module15.$proc$research/pilot_two/seed-17999570691447884947/yosys-0.8-synth.v:2163$3007'.
Creating decoders for process `\module15.$proc$research/pilot_two/seed-17999570691447884947/yosys-0.8-synth.v:2161$3006'.
Creating decoders for process `\module15.$proc$research/pilot_two/seed-17999570691447884947/yosys-0.8-synth.v:2159$3005'.
Creating decoders for process `\module15.$proc$research/pilot_two/seed-17999570691447884947/yosys-0.8-synth.v:2157$3004'.
Creating decoders for process `\module15.$proc$research/pilot_two/seed-17999570691447884947/yosys-0.8-synth.v:2155$3003'.
Creating decoders for process `\module15.$proc$research/pilot_two/seed-17999570691447884947/yosys-0.8-synth.v:2153$3002'.
Creating decoders for process `\module15.$proc$research/pilot_two/seed-17999570691447884947/yosys-0.8-synth.v:2151$3001'.
Creating decoders for process `\module15.$proc$research/pilot_two/seed-17999570691447884947/yosys-0.8-synth.v:2149$3000'.
Creating decoders for process `\module15.$proc$research/pilot_two/seed-17999570691447884947/yosys-0.8-synth.v:2147$2999'.
Creating decoders for process `\module15.$proc$research/pilot_two/seed-17999570691447884947/yosys-0.8-synth.v:2145$2998'.
Creating decoders for process `\module15.$proc$research/pilot_two/seed-17999570691447884947/yosys-0.8-synth.v:2143$2997'.
Creating decoders for process `\module15.$proc$research/pilot_two/seed-17999570691447884947/yosys-0.8-synth.v:2141$2996'.
Creating decoders for process `\module15.$proc$research/pilot_two/seed-17999570691447884947/yosys-0.8-synth.v:2139$2995'.
Creating decoders for process `\module15.$proc$research/pilot_two/seed-17999570691447884947/yosys-0.8-synth.v:2137$2994'.
Creating decoders for process `\module15.$proc$research/pilot_two/seed-17999570691447884947/yosys-0.8-synth.v:2135$2993'.
Creating decoders for process `\module15.$proc$research/pilot_two/seed-17999570691447884947/yosys-0.8-synth.v:2133$2992'.
Creating decoders for process `\module15.$proc$research/pilot_two/seed-17999570691447884947/yosys-0.8-synth.v:2131$2991'.
Creating decoders for process `\module15.$proc$research/pilot_two/seed-17999570691447884947/yosys-0.8-synth.v:2129$2990'.
Creating decoders for process `\module15.$proc$research/pilot_two/seed-17999570691447884947/yosys-0.8-synth.v:2127$2989'.
Creating decoders for process `\module15.$proc$research/pilot_two/seed-17999570691447884947/yosys-0.8-synth.v:2125$2988'.
Creating decoders for process `\module15.$proc$research/pilot_two/seed-17999570691447884947/yosys-0.8-synth.v:2123$2987'.
Creating decoders for process `\module15.$proc$research/pilot_two/seed-17999570691447884947/yosys-0.8-synth.v:2121$2986'.
Creating decoders for process `\module15.$proc$research/pilot_two/seed-17999570691447884947/yosys-0.8-synth.v:2119$2985'.
Creating decoders for process `\module15.$proc$research/pilot_two/seed-17999570691447884947/yosys-0.8-synth.v:2117$2984'.
Creating decoders for process `\module15.$proc$research/pilot_two/seed-17999570691447884947/yosys-0.8-synth.v:2115$2983'.
Creating decoders for process `\module15.$proc$research/pilot_two/seed-17999570691447884947/yosys-0.8-synth.v:2113$2982'.
Creating decoders for process `\module15.$proc$research/pilot_two/seed-17999570691447884947/yosys-0.8-synth.v:2111$2981'.
Creating decoders for process `\module15.$proc$research/pilot_two/seed-17999570691447884947/yosys-0.8-synth.v:2109$2980'.
Creating decoders for process `\module15.$proc$research/pilot_two/seed-17999570691447884947/yosys-0.8-synth.v:2107$2979'.
Creating decoders for process `\module15.$proc$research/pilot_two/seed-17999570691447884947/yosys-0.8-synth.v:2105$2978'.
Creating decoders for process `\module15.$proc$research/pilot_two/seed-17999570691447884947/yosys-0.8-synth.v:2103$2977'.
Creating decoders for process `\module15.$proc$research/pilot_two/seed-17999570691447884947/yosys-0.8-synth.v:2101$2976'.
Creating decoders for process `\module15.$proc$research/pilot_two/seed-17999570691447884947/yosys-0.8-synth.v:2099$2975'.
Creating decoders for process `\module15.$proc$research/pilot_two/seed-17999570691447884947/yosys-0.8-synth.v:2097$2974'.
Creating decoders for process `\module15.$proc$research/pilot_two/seed-17999570691447884947/yosys-0.8-synth.v:2095$2973'.
Creating decoders for process `\module15.$proc$research/pilot_two/seed-17999570691447884947/yosys-0.8-synth.v:2093$2972'.
Creating decoders for process `\module15.$proc$research/pilot_two/seed-17999570691447884947/yosys-0.8-synth.v:2091$2971'.
Creating decoders for process `\module15.$proc$research/pilot_two/seed-17999570691447884947/yosys-0.8-synth.v:2089$2970'.
Creating decoders for process `\module15.$proc$research/pilot_two/seed-17999570691447884947/yosys-0.8-synth.v:2087$2969'.
Creating decoders for process `\module15.$proc$research/pilot_two/seed-17999570691447884947/yosys-0.8-synth.v:2085$2968'.
Creating decoders for process `\module15.$proc$research/pilot_two/seed-17999570691447884947/yosys-0.8-synth.v:2083$2967'.
Creating decoders for process `\module15.$proc$research/pilot_two/seed-17999570691447884947/yosys-0.8-synth.v:2081$2966'.
Creating decoders for process `\module15.$proc$research/pilot_two/seed-17999570691447884947/yosys-0.8-synth.v:2079$2965'.
Creating decoders for process `\module15.$proc$research/pilot_two/seed-17999570691447884947/yosys-0.8-synth.v:2077$2964'.
Creating decoders for process `\module15.$proc$research/pilot_two/seed-17999570691447884947/yosys-0.8-synth.v:2075$2963'.
Creating decoders for process `\module15.$proc$research/pilot_two/seed-17999570691447884947/yosys-0.8-synth.v:2073$2962'.
Creating decoders for process `\module15.$proc$research/pilot_two/seed-17999570691447884947/yosys-0.8-synth.v:2071$2961'.
Creating decoders for process `\module15.$proc$research/pilot_two/seed-17999570691447884947/yosys-0.8-synth.v:2069$2960'.
Creating decoders for process `\module15.$proc$research/pilot_two/seed-17999570691447884947/yosys-0.8-synth.v:2067$2959'.
Creating decoders for process `\module15.$proc$research/pilot_two/seed-17999570691447884947/yosys-0.8-synth.v:2065$2958'.
Creating decoders for process `\module15.$proc$research/pilot_two/seed-17999570691447884947/yosys-0.8-synth.v:2063$2957'.
Creating decoders for process `\module15.$proc$research/pilot_two/seed-17999570691447884947/yosys-0.8-synth.v:2060$2956'.
Creating decoders for process `\module15.$proc$research/pilot_two/seed-17999570691447884947/yosys-0.8-synth.v:2056$2955'.
Creating decoders for process `\module15.$proc$research/pilot_two/seed-17999570691447884947/yosys-0.8-synth.v:2052$2954'.
Creating decoders for process `\module15.$proc$research/pilot_two/seed-17999570691447884947/yosys-0.8-synth.v:2048$2953'.
Creating decoders for process `\module15.$proc$research/pilot_two/seed-17999570691447884947/yosys-0.8-synth.v:2044$2952'.
Creating decoders for process `\module15.$proc$research/pilot_two/seed-17999570691447884947/yosys-0.8-synth.v:2040$2951'.
Creating decoders for process `\module15.$proc$research/pilot_two/seed-17999570691447884947/yosys-0.8-synth.v:2036$2950'.
Creating decoders for process `\module15.$proc$research/pilot_two/seed-17999570691447884947/yosys-0.8-synth.v:2032$2949'.
Creating decoders for process `\module15.$proc$research/pilot_two/seed-17999570691447884947/yosys-0.8-synth.v:2028$2948'.
Creating decoders for process `\module15.$proc$research/pilot_two/seed-17999570691447884947/yosys-0.8-synth.v:2024$2947'.
Creating decoders for process `\module15.$proc$research/pilot_two/seed-17999570691447884947/yosys-0.8-synth.v:2020$2946'.
Creating decoders for process `\module15.$proc$research/pilot_two/seed-17999570691447884947/yosys-0.8-synth.v:2016$2945'.
Creating decoders for process `\module15.$proc$research/pilot_two/seed-17999570691447884947/yosys-0.8-synth.v:2012$2944'.
Creating decoders for process `\module15.$proc$research/pilot_two/seed-17999570691447884947/yosys-0.8-synth.v:2009$2943'.
Creating decoders for process `\module15.$proc$research/pilot_two/seed-17999570691447884947/yosys-0.8-synth.v:2007$2942'.
Creating decoders for process `\module15.$proc$research/pilot_two/seed-17999570691447884947/yosys-0.8-synth.v:2005$2941'.
Creating decoders for process `\module15.$proc$research/pilot_two/seed-17999570691447884947/yosys-0.8-synth.v:2003$2940'.
Creating decoders for process `\module15.$proc$research/pilot_two/seed-17999570691447884947/yosys-0.8-synth.v:2001$2939'.
Creating decoders for process `\module15.$proc$research/pilot_two/seed-17999570691447884947/yosys-0.8-synth.v:1999$2938'.
Creating decoders for process `\module15.$proc$research/pilot_two/seed-17999570691447884947/yosys-0.8-synth.v:1997$2937'.
Creating decoders for process `\module15.$proc$research/pilot_two/seed-17999570691447884947/yosys-0.8-synth.v:1995$2936'.
Creating decoders for process `\module15.$proc$research/pilot_two/seed-17999570691447884947/yosys-0.8-synth.v:1992$2935'.
Creating decoders for process `\module15.$proc$research/pilot_two/seed-17999570691447884947/yosys-0.8-synth.v:1988$2934'.
Creating decoders for process `\module15.$proc$research/pilot_two/seed-17999570691447884947/yosys-0.8-synth.v:1984$2933'.
Creating decoders for process `\module15.$proc$research/pilot_two/seed-17999570691447884947/yosys-0.8-synth.v:1981$2932'.
Creating decoders for process `\module15.$proc$research/pilot_two/seed-17999570691447884947/yosys-0.8-synth.v:1979$2931'.
Creating decoders for process `\module15.$proc$research/pilot_two/seed-17999570691447884947/yosys-0.8-synth.v:1977$2930'.
Creating decoders for process `\module15.$proc$research/pilot_two/seed-17999570691447884947/yosys-0.8-synth.v:1975$2929'.
Creating decoders for process `\module15.$proc$research/pilot_two/seed-17999570691447884947/yosys-0.8-synth.v:1973$2928'.
Creating decoders for process `\module15.$proc$research/pilot_two/seed-17999570691447884947/yosys-0.8-synth.v:1971$2927'.
Creating decoders for process `\module15.$proc$research/pilot_two/seed-17999570691447884947/yosys-0.8-synth.v:1969$2926'.
Creating decoders for process `\module15.$proc$research/pilot_two/seed-17999570691447884947/yosys-0.8-synth.v:1967$2925'.
Creating decoders for process `\module15.$proc$research/pilot_two/seed-17999570691447884947/yosys-0.8-synth.v:1965$2924'.
Creating decoders for process `\module15.$proc$research/pilot_two/seed-17999570691447884947/yosys-0.8-synth.v:1963$2923'.
Creating decoders for process `\module15.$proc$research/pilot_two/seed-17999570691447884947/yosys-0.8-synth.v:1961$2922'.
Creating decoders for process `\module15.$proc$research/pilot_two/seed-17999570691447884947/yosys-0.8-synth.v:1959$2921'.
Creating decoders for process `\module15.$proc$research/pilot_two/seed-17999570691447884947/yosys-0.8-synth.v:1957$2920'.
Creating decoders for process `\module15.$proc$research/pilot_two/seed-17999570691447884947/yosys-0.8-synth.v:1955$2919'.
Creating decoders for process `\module15.$proc$research/pilot_two/seed-17999570691447884947/yosys-0.8-synth.v:1953$2918'.
Creating decoders for process `\module15.$proc$research/pilot_two/seed-17999570691447884947/yosys-0.8-synth.v:1951$2917'.
Creating decoders for process `\module15.$proc$research/pilot_two/seed-17999570691447884947/yosys-0.8-synth.v:1948$2916'.
Creating decoders for process `\module15.$proc$research/pilot_two/seed-17999570691447884947/yosys-0.8-synth.v:1944$2915'.
Creating decoders for process `\module15.$proc$research/pilot_two/seed-17999570691447884947/yosys-0.8-synth.v:1940$2914'.
Creating decoders for process `\module15.$proc$research/pilot_two/seed-17999570691447884947/yosys-0.8-synth.v:1936$2913'.
Creating decoders for process `\module15.$proc$research/pilot_two/seed-17999570691447884947/yosys-0.8-synth.v:1932$2912'.
Creating decoders for process `\module15.$proc$research/pilot_two/seed-17999570691447884947/yosys-0.8-synth.v:1928$2911'.
Creating decoders for process `\module15.$proc$research/pilot_two/seed-17999570691447884947/yosys-0.8-synth.v:1924$2910'.
Creating decoders for process `\module15.$proc$research/pilot_two/seed-17999570691447884947/yosys-0.8-synth.v:1920$2909'.
Creating decoders for process `\module15.$proc$research/pilot_two/seed-17999570691447884947/yosys-0.8-synth.v:1917$2908'.
Creating decoders for process `\module15.$proc$research/pilot_two/seed-17999570691447884947/yosys-0.8-synth.v:1915$2907'.
Creating decoders for process `\module15.$proc$research/pilot_two/seed-17999570691447884947/yosys-0.8-synth.v:1913$2906'.
Creating decoders for process `\module15.$proc$research/pilot_two/seed-17999570691447884947/yosys-0.8-synth.v:1911$2905'.
Creating decoders for process `\module15.$proc$research/pilot_two/seed-17999570691447884947/yosys-0.8-synth.v:1909$2904'.
Creating decoders for process `\module15.$proc$research/pilot_two/seed-17999570691447884947/yosys-0.8-synth.v:1907$2903'.
Creating decoders for process `\module15.$proc$research/pilot_two/seed-17999570691447884947/yosys-0.8-synth.v:1905$2902'.
Creating decoders for process `\module15.$proc$research/pilot_two/seed-17999570691447884947/yosys-0.8-synth.v:1903$2901'.
Creating decoders for process `\module15.$proc$research/pilot_two/seed-17999570691447884947/yosys-0.8-synth.v:1901$2900'.
Creating decoders for process `\module15.$proc$research/pilot_two/seed-17999570691447884947/yosys-0.8-synth.v:1899$2899'.
Creating decoders for process `\module15.$proc$research/pilot_two/seed-17999570691447884947/yosys-0.8-synth.v:1897$2898'.
Creating decoders for process `\module15.$proc$research/pilot_two/seed-17999570691447884947/yosys-0.8-synth.v:1895$2897'.
Creating decoders for process `\module15.$proc$research/pilot_two/seed-17999570691447884947/yosys-0.8-synth.v:1893$2896'.
Creating decoders for process `\module15.$proc$research/pilot_two/seed-17999570691447884947/yosys-0.8-synth.v:1891$2895'.
Creating decoders for process `\module15.$proc$research/pilot_two/seed-17999570691447884947/yosys-0.8-synth.v:1889$2894'.
Creating decoders for process `\module15.$proc$research/pilot_two/seed-17999570691447884947/yosys-0.8-synth.v:1887$2893'.
Creating decoders for process `\module15.$proc$research/pilot_two/seed-17999570691447884947/yosys-0.8-synth.v:1884$2892'.
Creating decoders for process `\module15.$proc$research/pilot_two/seed-17999570691447884947/yosys-0.8-synth.v:1880$2891'.
Creating decoders for process `\module15.$proc$research/pilot_two/seed-17999570691447884947/yosys-0.8-synth.v:1876$2890'.
Creating decoders for process `\module15.$proc$research/pilot_two/seed-17999570691447884947/yosys-0.8-synth.v:1872$2889'.
Creating decoders for process `\module15.$proc$research/pilot_two/seed-17999570691447884947/yosys-0.8-synth.v:1868$2888'.

7.8. Executing PROC_DLATCH pass (convert process syncs to latches).

7.9. Executing PROC_DFF pass (convert process syncs to FFs).
Creating register for signal `\top.\reg8_reg[6]' using process `\top.$proc$research/pilot_two/seed-17999570691447884947/yosys-0.8-synth.v:4445$4452'.
  created $dff cell `$procdff$4461' with positive edge clock.
Creating register for signal `\top.\reg8_reg[5]' using process `\top.$proc$research/pilot_two/seed-17999570691447884947/yosys-0.8-synth.v:4441$4451'.
  created $dff cell `$procdff$4462' with positive edge clock.
Creating register for signal `\top.\reg8_reg[4]' using process `\top.$proc$research/pilot_two/seed-17999570691447884947/yosys-0.8-synth.v:4437$4450'.
  created $dff cell `$procdff$4463' with positive edge clock.
Creating register for signal `\top.\reg8_reg[3]' using process `\top.$proc$research/pilot_two/seed-17999570691447884947/yosys-0.8-synth.v:4433$4449'.
  created $dff cell `$procdff$4464' with positive edge clock.
Creating register for signal `\top.\reg8_reg[2]' using process `\top.$proc$research/pilot_two/seed-17999570691447884947/yosys-0.8-synth.v:4429$4448'.
  created $dff cell `$procdff$4465' with positive edge clock.
Creating register for signal `\top.\reg8_reg[1]' using process `\top.$proc$research/pilot_two/seed-17999570691447884947/yosys-0.8-synth.v:4425$4447'.
  created $dff cell `$procdff$4466' with positive edge clock.
Creating register for signal `\top.\reg8_reg[0]' using process `\top.$proc$research/pilot_two/seed-17999570691447884947/yosys-0.8-synth.v:4421$4446'.
  created $dff cell `$procdff$4467' with positive edge clock.
Creating register for signal `\top.\reg7 [3]' using process `\top.$proc$research/pilot_two/seed-17999570691447884947/yosys-0.8-synth.v:4418$4445'.
  created $dff cell `$procdff$4468' with positive edge clock.
Creating register for signal `\top.\reg7 [2]' using process `\top.$proc$research/pilot_two/seed-17999570691447884947/yosys-0.8-synth.v:4416$4444'.
  created $dff cell `$procdff$4469' with positive edge clock.
Creating register for signal `\top.\reg7 [1]' using process `\top.$proc$research/pilot_two/seed-17999570691447884947/yosys-0.8-synth.v:4414$4443'.
  created $dff cell `$procdff$4470' with positive edge clock.
Creating register for signal `\top.\reg7 [0]' using process `\top.$proc$research/pilot_two/seed-17999570691447884947/yosys-0.8-synth.v:4412$4442'.
  created $dff cell `$procdff$4471' with positive edge clock.
Creating register for signal `\module95.\reg106_reg[1]' using process `\module95.$proc$research/pilot_two/seed-17999570691447884947/yosys-0.8-synth.v:4146$4228'.
  created $dff cell `$procdff$4472' with positive edge clock.
Creating register for signal `\module95.\reg106_reg[0]' using process `\module95.$proc$research/pilot_two/seed-17999570691447884947/yosys-0.8-synth.v:4142$4227'.
  created $dff cell `$procdff$4473' with positive edge clock.
Creating register for signal `\module95.\reg107_reg[8]' using process `\module95.$proc$research/pilot_two/seed-17999570691447884947/yosys-0.8-synth.v:4138$4226'.
  created $dff cell `$procdff$4474' with positive edge clock.
Creating register for signal `\module95.\reg107_reg[7]' using process `\module95.$proc$research/pilot_two/seed-17999570691447884947/yosys-0.8-synth.v:4134$4225'.
  created $dff cell `$procdff$4475' with positive edge clock.
Creating register for signal `\module95.\reg107_reg[6]' using process `\module95.$proc$research/pilot_two/seed-17999570691447884947/yosys-0.8-synth.v:4130$4224'.
  created $dff cell `$procdff$4476' with positive edge clock.
Creating register for signal `\module95.\reg107_reg[5]' using process `\module95.$proc$research/pilot_two/seed-17999570691447884947/yosys-0.8-synth.v:4126$4223'.
  created $dff cell `$procdff$4477' with positive edge clock.
Creating register for signal `\module95.\reg107_reg[4]' using process `\module95.$proc$research/pilot_two/seed-17999570691447884947/yosys-0.8-synth.v:4122$4222'.
  created $dff cell `$procdff$4478' with positive edge clock.
Creating register for signal `\module95.\reg107_reg[3]' using process `\module95.$proc$research/pilot_two/seed-17999570691447884947/yosys-0.8-synth.v:4118$4221'.
  created $dff cell `$procdff$4479' with positive edge clock.
Creating register for signal `\module95.\reg107_reg[2]' using process `\module95.$proc$research/pilot_two/seed-17999570691447884947/yosys-0.8-synth.v:4114$4220'.
  created $dff cell `$procdff$4480' with positive edge clock.
Creating register for signal `\module95.\reg107_reg[1]' using process `\module95.$proc$research/pilot_two/seed-17999570691447884947/yosys-0.8-synth.v:4110$4219'.
  created $dff cell `$procdff$4481' with positive edge clock.
Creating register for signal `\module95.\reg107_reg[0]' using process `\module95.$proc$research/pilot_two/seed-17999570691447884947/yosys-0.8-synth.v:4106$4218'.
  created $dff cell `$procdff$4482' with positive edge clock.
Creating register for signal `\module95.\reg108_reg[1]' using process `\module95.$proc$research/pilot_two/seed-17999570691447884947/yosys-0.8-synth.v:4102$4217'.
  created $dff cell `$procdff$4483' with positive edge clock.
Creating register for signal `\module95.\reg108_reg[0]' using process `\module95.$proc$research/pilot_two/seed-17999570691447884947/yosys-0.8-synth.v:4098$4216'.
  created $dff cell `$procdff$4484' with positive edge clock.
Creating register for signal `\module95.\reg109_reg[6]' using process `\module95.$proc$research/pilot_two/seed-17999570691447884947/yosys-0.8-synth.v:4094$4215'.
  created $dff cell `$procdff$4485' with positive edge clock.
Creating register for signal `\module95.\reg109_reg[5]' using process `\module95.$proc$research/pilot_two/seed-17999570691447884947/yosys-0.8-synth.v:4090$4214'.
  created $dff cell `$procdff$4486' with positive edge clock.
Creating register for signal `\module95.\reg109_reg[4]' using process `\module95.$proc$research/pilot_two/seed-17999570691447884947/yosys-0.8-synth.v:4086$4213'.
  created $dff cell `$procdff$4487' with positive edge clock.
Creating register for signal `\module95.\reg109_reg[3]' using process `\module95.$proc$research/pilot_two/seed-17999570691447884947/yosys-0.8-synth.v:4082$4212'.
  created $dff cell `$procdff$4488' with positive edge clock.
Creating register for signal `\module95.\reg109_reg[2]' using process `\module95.$proc$research/pilot_two/seed-17999570691447884947/yosys-0.8-synth.v:4078$4211'.
  created $dff cell `$procdff$4489' with positive edge clock.
Creating register for signal `\module95.\reg109_reg[1]' using process `\module95.$proc$research/pilot_two/seed-17999570691447884947/yosys-0.8-synth.v:4074$4210'.
  created $dff cell `$procdff$4490' with positive edge clock.
Creating register for signal `\module95.\reg109_reg[0]' using process `\module95.$proc$research/pilot_two/seed-17999570691447884947/yosys-0.8-synth.v:4070$4209'.
  created $dff cell `$procdff$4491' with positive edge clock.
Creating register for signal `\module95.\reg110_reg[4]' using process `\module95.$proc$research/pilot_two/seed-17999570691447884947/yosys-0.8-synth.v:4066$4208'.
  created $dff cell `$procdff$4492' with positive edge clock.
Creating register for signal `\module95.\reg110_reg[3]' using process `\module95.$proc$research/pilot_two/seed-17999570691447884947/yosys-0.8-synth.v:4062$4207'.
  created $dff cell `$procdff$4493' with positive edge clock.
Creating register for signal `\module95.\reg110_reg[2]' using process `\module95.$proc$research/pilot_two/seed-17999570691447884947/yosys-0.8-synth.v:4058$4206'.
  created $dff cell `$procdff$4494' with positive edge clock.
Creating register for signal `\module95.\reg110_reg[1]' using process `\module95.$proc$research/pilot_two/seed-17999570691447884947/yosys-0.8-synth.v:4054$4205'.
  created $dff cell `$procdff$4495' with positive edge clock.
Creating register for signal `\module95.\reg110_reg[0]' using process `\module95.$proc$research/pilot_two/seed-17999570691447884947/yosys-0.8-synth.v:4050$4204'.
  created $dff cell `$procdff$4496' with positive edge clock.
Creating register for signal `\module95.\reg113_reg[0]' using process `\module95.$proc$research/pilot_two/seed-17999570691447884947/yosys-0.8-synth.v:4046$4203'.
  created $dff cell `$procdff$4497' with positive edge clock.
Creating register for signal `\module95.\reg114_reg[17]' using process `\module95.$proc$research/pilot_two/seed-17999570691447884947/yosys-0.8-synth.v:4042$4202'.
  created $dff cell `$procdff$4498' with positive edge clock.
Creating register for signal `\module95.\reg114_reg[8]' using process `\module95.$proc$research/pilot_two/seed-17999570691447884947/yosys-0.8-synth.v:4038$4201'.
  created $dff cell `$procdff$4499' with positive edge clock.
Creating register for signal `\module95.\reg114_reg[2]' using process `\module95.$proc$research/pilot_two/seed-17999570691447884947/yosys-0.8-synth.v:4034$4200'.
  created $dff cell `$procdff$4500' with positive edge clock.
Creating register for signal `\module95.\reg114_reg[1]' using process `\module95.$proc$research/pilot_two/seed-17999570691447884947/yosys-0.8-synth.v:4030$4199'.
  created $dff cell `$procdff$4501' with positive edge clock.
Creating register for signal `\module95.\reg114_reg[0]' using process `\module95.$proc$research/pilot_two/seed-17999570691447884947/yosys-0.8-synth.v:4026$4198'.
  created $dff cell `$procdff$4502' with positive edge clock.
Creating register for signal `\module95.\reg116_reg[7]' using process `\module95.$proc$research/pilot_two/seed-17999570691447884947/yosys-0.8-synth.v:4022$4197'.
  created $dff cell `$procdff$4503' with positive edge clock.
Creating register for signal `\module95.\reg117_reg[1]' using process `\module95.$proc$research/pilot_two/seed-17999570691447884947/yosys-0.8-synth.v:4018$4196'.
  created $dff cell `$procdff$4504' with positive edge clock.
Creating register for signal `\module95.\reg118_reg[18]' using process `\module95.$proc$research/pilot_two/seed-17999570691447884947/yosys-0.8-synth.v:4014$4195'.
  created $dff cell `$procdff$4505' with positive edge clock.
Creating register for signal `\module95.\reg121_reg[3]' using process `\module95.$proc$research/pilot_two/seed-17999570691447884947/yosys-0.8-synth.v:4010$4194'.
  created $dff cell `$procdff$4506' with positive edge clock.
Creating register for signal `\module95.\reg121_reg[2]' using process `\module95.$proc$research/pilot_two/seed-17999570691447884947/yosys-0.8-synth.v:4006$4193'.
  created $dff cell `$procdff$4507' with positive edge clock.
Creating register for signal `\module95.\reg121_reg[1]' using process `\module95.$proc$research/pilot_two/seed-17999570691447884947/yosys-0.8-synth.v:4002$4192'.
  created $dff cell `$procdff$4508' with positive edge clock.
Creating register for signal `\module95.\reg121_reg[0]' using process `\module95.$proc$research/pilot_two/seed-17999570691447884947/yosys-0.8-synth.v:3998$4191'.
  created $dff cell `$procdff$4509' with positive edge clock.
Creating register for signal `\module95.\reg124_reg[21]' using process `\module95.$proc$research/pilot_two/seed-17999570691447884947/yosys-0.8-synth.v:3994$4190'.
  created $dff cell `$procdff$4510' with positive edge clock.
Creating register for signal `\module95.\reg124_reg[20]' using process `\module95.$proc$research/pilot_two/seed-17999570691447884947/yosys-0.8-synth.v:3990$4189'.
  created $dff cell `$procdff$4511' with positive edge clock.
Creating register for signal `\module95.\reg124_reg[19]' using process `\module95.$proc$research/pilot_two/seed-17999570691447884947/yosys-0.8-synth.v:3986$4188'.
  created $dff cell `$procdff$4512' with positive edge clock.
Creating register for signal `\module95.\reg124_reg[18]' using process `\module95.$proc$research/pilot_two/seed-17999570691447884947/yosys-0.8-synth.v:3982$4187'.
  created $dff cell `$procdff$4513' with positive edge clock.
Creating register for signal `\module95.\reg124_reg[17]' using process `\module95.$proc$research/pilot_two/seed-17999570691447884947/yosys-0.8-synth.v:3978$4186'.
  created $dff cell `$procdff$4514' with positive edge clock.
Creating register for signal `\module95.\reg124_reg[16]' using process `\module95.$proc$research/pilot_two/seed-17999570691447884947/yosys-0.8-synth.v:3974$4185'.
  created $dff cell `$procdff$4515' with positive edge clock.
Creating register for signal `\module95.\reg124_reg[15]' using process `\module95.$proc$research/pilot_two/seed-17999570691447884947/yosys-0.8-synth.v:3970$4184'.
  created $dff cell `$procdff$4516' with positive edge clock.
Creating register for signal `\module95.\reg124_reg[14]' using process `\module95.$proc$research/pilot_two/seed-17999570691447884947/yosys-0.8-synth.v:3966$4183'.
  created $dff cell `$procdff$4517' with positive edge clock.
Creating register for signal `\module95.\reg124_reg[13]' using process `\module95.$proc$research/pilot_two/seed-17999570691447884947/yosys-0.8-synth.v:3962$4182'.
  created $dff cell `$procdff$4518' with positive edge clock.
Creating register for signal `\module95.\reg124_reg[12]' using process `\module95.$proc$research/pilot_two/seed-17999570691447884947/yosys-0.8-synth.v:3958$4181'.
  created $dff cell `$procdff$4519' with positive edge clock.
Creating register for signal `\module95.\reg124_reg[11]' using process `\module95.$proc$research/pilot_two/seed-17999570691447884947/yosys-0.8-synth.v:3954$4180'.
  created $dff cell `$procdff$4520' with positive edge clock.
Creating register for signal `\module95.\reg124_reg[10]' using process `\module95.$proc$research/pilot_two/seed-17999570691447884947/yosys-0.8-synth.v:3950$4179'.
  created $dff cell `$procdff$4521' with positive edge clock.
Creating register for signal `\module95.\reg125_reg[19]' using process `\module95.$proc$research/pilot_two/seed-17999570691447884947/yosys-0.8-synth.v:3946$4178'.
  created $dff cell `$procdff$4522' with positive edge clock.
Creating register for signal `\module95.\reg125_reg[1]' using process `\module95.$proc$research/pilot_two/seed-17999570691447884947/yosys-0.8-synth.v:3942$4177'.
  created $dff cell `$procdff$4523' with positive edge clock.
Creating register for signal `\module95.\reg125_reg[0]' using process `\module95.$proc$research/pilot_two/seed-17999570691447884947/yosys-0.8-synth.v:3938$4176'.
  created $dff cell `$procdff$4524' with positive edge clock.
Creating register for signal `\module95.\reg126_reg[0]' using process `\module95.$proc$research/pilot_two/seed-17999570691447884947/yosys-0.8-synth.v:3934$4175'.
  created $dff cell `$procdff$4525' with positive edge clock.
Creating register for signal `\module95.\reg127_reg[0]' using process `\module95.$proc$research/pilot_two/seed-17999570691447884947/yosys-0.8-synth.v:3930$4174'.
  created $dff cell `$procdff$4526' with positive edge clock.
Creating register for signal `\module9.\reg138_reg[0]' using process `\module9.$proc$research/pilot_two/seed-17999570691447884947/yosys-0.8-synth.v:3336$3718'.
  created $dff cell `$procdff$4527' with positive edge clock.
Creating register for signal `\module9.\reg139_reg[0]' using process `\module9.$proc$research/pilot_two/seed-17999570691447884947/yosys-0.8-synth.v:3332$3717'.
  created $dff cell `$procdff$4528' with positive edge clock.
Creating register for signal `\module9.\reg140 [7]' using process `\module9.$proc$research/pilot_two/seed-17999570691447884947/yosys-0.8-synth.v:3329$3716'.
  created $dff cell `$procdff$4529' with positive edge clock.
Creating register for signal `\module9.\reg140 [6]' using process `\module9.$proc$research/pilot_two/seed-17999570691447884947/yosys-0.8-synth.v:3327$3715'.
  created $dff cell `$procdff$4530' with positive edge clock.
Creating register for signal `\module9.\reg140 [5]' using process `\module9.$proc$research/pilot_two/seed-17999570691447884947/yosys-0.8-synth.v:3325$3714'.
  created $dff cell `$procdff$4531' with positive edge clock.
Creating register for signal `\module9.\reg140 [4]' using process `\module9.$proc$research/pilot_two/seed-17999570691447884947/yosys-0.8-synth.v:3323$3713'.
  created $dff cell `$procdff$4532' with positive edge clock.
Creating register for signal `\module9.\reg140 [3]' using process `\module9.$proc$research/pilot_two/seed-17999570691447884947/yosys-0.8-synth.v:3321$3712'.
  created $dff cell `$procdff$4533' with positive edge clock.
Creating register for signal `\module9.\reg140 [2]' using process `\module9.$proc$research/pilot_two/seed-17999570691447884947/yosys-0.8-synth.v:3319$3711'.
  created $dff cell `$procdff$4534' with positive edge clock.
Creating register for signal `\module9.\reg140 [1]' using process `\module9.$proc$research/pilot_two/seed-17999570691447884947/yosys-0.8-synth.v:3317$3710'.
  created $dff cell `$procdff$4535' with positive edge clock.
Creating register for signal `\module9.\reg140 [0]' using process `\module9.$proc$research/pilot_two/seed-17999570691447884947/yosys-0.8-synth.v:3315$3709'.
  created $dff cell `$procdff$4536' with positive edge clock.
Creating register for signal `\module9.\reg141 [5]' using process `\module9.$proc$research/pilot_two/seed-17999570691447884947/yosys-0.8-synth.v:3313$3708'.
  created $dff cell `$procdff$4537' with positive edge clock.
Creating register for signal `\module9.\reg141 [4]' using process `\module9.$proc$research/pilot_two/seed-17999570691447884947/yosys-0.8-synth.v:3311$3707'.
  created $dff cell `$procdff$4538' with positive edge clock.
Creating register for signal `\module9.\reg141 [3]' using process `\module9.$proc$research/pilot_two/seed-17999570691447884947/yosys-0.8-synth.v:3309$3706'.
  created $dff cell `$procdff$4539' with positive edge clock.
Creating register for signal `\module9.\reg141 [2]' using process `\module9.$proc$research/pilot_two/seed-17999570691447884947/yosys-0.8-synth.v:3307$3705'.
  created $dff cell `$procdff$4540' with positive edge clock.
Creating register for signal `\module9.\reg141 [1]' using process `\module9.$proc$research/pilot_two/seed-17999570691447884947/yosys-0.8-synth.v:3305$3704'.
  created $dff cell `$procdff$4541' with positive edge clock.
Creating register for signal `\module9.\reg141 [0]' using process `\module9.$proc$research/pilot_two/seed-17999570691447884947/yosys-0.8-synth.v:3303$3703'.
  created $dff cell `$procdff$4542' with positive edge clock.
Creating register for signal `\module9.\reg142_reg[19]' using process `\module9.$proc$research/pilot_two/seed-17999570691447884947/yosys-0.8-synth.v:3300$3702'.
  created $dff cell `$procdff$4543' with positive edge clock.
Creating register for signal `\module9.\reg142_reg[9]' using process `\module9.$proc$research/pilot_two/seed-17999570691447884947/yosys-0.8-synth.v:3296$3701'.
  created $dff cell `$procdff$4544' with positive edge clock.
Creating register for signal `\module9.\reg142_reg[8]' using process `\module9.$proc$research/pilot_two/seed-17999570691447884947/yosys-0.8-synth.v:3292$3700'.
  created $dff cell `$procdff$4545' with positive edge clock.
Creating register for signal `\module9.\reg142_reg[7]' using process `\module9.$proc$research/pilot_two/seed-17999570691447884947/yosys-0.8-synth.v:3288$3699'.
  created $dff cell `$procdff$4546' with positive edge clock.
Creating register for signal `\module9.\reg142_reg[6]' using process `\module9.$proc$research/pilot_two/seed-17999570691447884947/yosys-0.8-synth.v:3284$3698'.
  created $dff cell `$procdff$4547' with positive edge clock.
Creating register for signal `\module9.\reg142_reg[5]' using process `\module9.$proc$research/pilot_two/seed-17999570691447884947/yosys-0.8-synth.v:3280$3697'.
  created $dff cell `$procdff$4548' with positive edge clock.
Creating register for signal `\module9.\reg142_reg[4]' using process `\module9.$proc$research/pilot_two/seed-17999570691447884947/yosys-0.8-synth.v:3276$3696'.
  created $dff cell `$procdff$4549' with positive edge clock.
Creating register for signal `\module9.\reg142_reg[3]' using process `\module9.$proc$research/pilot_two/seed-17999570691447884947/yosys-0.8-synth.v:3272$3695'.
  created $dff cell `$procdff$4550' with positive edge clock.
Creating register for signal `\module9.\reg142_reg[2]' using process `\module9.$proc$research/pilot_two/seed-17999570691447884947/yosys-0.8-synth.v:3268$3694'.
  created $dff cell `$procdff$4551' with positive edge clock.
Creating register for signal `\module9.\reg142_reg[1]' using process `\module9.$proc$research/pilot_two/seed-17999570691447884947/yosys-0.8-synth.v:3264$3693'.
  created $dff cell `$procdff$4552' with positive edge clock.
Creating register for signal `\module9.\reg142_reg[0]' using process `\module9.$proc$research/pilot_two/seed-17999570691447884947/yosys-0.8-synth.v:3260$3692'.
  created $dff cell `$procdff$4553' with positive edge clock.
Creating register for signal `\module9.\reg143_reg[0]' using process `\module9.$proc$research/pilot_two/seed-17999570691447884947/yosys-0.8-synth.v:3256$3691'.
  created $dff cell `$procdff$4554' with positive edge clock.
Creating register for signal `\module9.\reg144 [11]' using process `\module9.$proc$research/pilot_two/seed-17999570691447884947/yosys-0.8-synth.v:3253$3690'.
  created $dff cell `$procdff$4555' with positive edge clock.
Creating register for signal `\module9.\reg144 [10]' using process `\module9.$proc$research/pilot_two/seed-17999570691447884947/yosys-0.8-synth.v:3251$3689'.
  created $dff cell `$procdff$4556' with positive edge clock.
Creating register for signal `\module9.\reg144 [9]' using process `\module9.$proc$research/pilot_two/seed-17999570691447884947/yosys-0.8-synth.v:3249$3688'.
  created $dff cell `$procdff$4557' with positive edge clock.
Creating register for signal `\module9.\reg144 [8]' using process `\module9.$proc$research/pilot_two/seed-17999570691447884947/yosys-0.8-synth.v:3247$3687'.
  created $dff cell `$procdff$4558' with positive edge clock.
Creating register for signal `\module9.\reg144 [7]' using process `\module9.$proc$research/pilot_two/seed-17999570691447884947/yosys-0.8-synth.v:3245$3686'.
  created $dff cell `$procdff$4559' with positive edge clock.
Creating register for signal `\module9.\reg144 [6]' using process `\module9.$proc$research/pilot_two/seed-17999570691447884947/yosys-0.8-synth.v:3243$3685'.
  created $dff cell `$procdff$4560' with positive edge clock.
Creating register for signal `\module9.\reg144 [5]' using process `\module9.$proc$research/pilot_two/seed-17999570691447884947/yosys-0.8-synth.v:3241$3684'.
  created $dff cell `$procdff$4561' with positive edge clock.
Creating register for signal `\module9.\reg144 [4]' using process `\module9.$proc$research/pilot_two/seed-17999570691447884947/yosys-0.8-synth.v:3239$3683'.
  created $dff cell `$procdff$4562' with positive edge clock.
Creating register for signal `\module9.\reg144 [3]' using process `\module9.$proc$research/pilot_two/seed-17999570691447884947/yosys-0.8-synth.v:3237$3682'.
  created $dff cell `$procdff$4563' with positive edge clock.
Creating register for signal `\module9.\reg144 [2]' using process `\module9.$proc$research/pilot_two/seed-17999570691447884947/yosys-0.8-synth.v:3235$3681'.
  created $dff cell `$procdff$4564' with positive edge clock.
Creating register for signal `\module9.\reg144 [1]' using process `\module9.$proc$research/pilot_two/seed-17999570691447884947/yosys-0.8-synth.v:3233$3680'.
  created $dff cell `$procdff$4565' with positive edge clock.
Creating register for signal `\module9.\reg144 [0]' using process `\module9.$proc$research/pilot_two/seed-17999570691447884947/yosys-0.8-synth.v:3231$3679'.
  created $dff cell `$procdff$4566' with positive edge clock.
Creating register for signal `\module9.\reg146_reg[7]' using process `\module9.$proc$research/pilot_two/seed-17999570691447884947/yosys-0.8-synth.v:3228$3678'.
  created $dff cell `$procdff$4567' with positive edge clock.
Creating register for signal `\module9.\reg146_reg[6]' using process `\module9.$proc$research/pilot_two/seed-17999570691447884947/yosys-0.8-synth.v:3224$3677'.
  created $dff cell `$procdff$4568' with positive edge clock.
Creating register for signal `\module9.\reg146_reg[5]' using process `\module9.$proc$research/pilot_two/seed-17999570691447884947/yosys-0.8-synth.v:3220$3676'.
  created $dff cell `$procdff$4569' with positive edge clock.
Creating register for signal `\module9.\reg146_reg[4]' using process `\module9.$proc$research/pilot_two/seed-17999570691447884947/yosys-0.8-synth.v:3216$3675'.
  created $dff cell `$procdff$4570' with positive edge clock.
Creating register for signal `\module9.\reg146_reg[3]' using process `\module9.$proc$research/pilot_two/seed-17999570691447884947/yosys-0.8-synth.v:3212$3674'.
  created $dff cell `$procdff$4571' with positive edge clock.
Creating register for signal `\module9.\reg146_reg[2]' using process `\module9.$proc$research/pilot_two/seed-17999570691447884947/yosys-0.8-synth.v:3208$3673'.
  created $dff cell `$procdff$4572' with positive edge clock.
Creating register for signal `\module9.\reg146_reg[1]' using process `\module9.$proc$research/pilot_two/seed-17999570691447884947/yosys-0.8-synth.v:3204$3672'.
  created $dff cell `$procdff$4573' with positive edge clock.
Creating register for signal `\module9.\reg146_reg[0]' using process `\module9.$proc$research/pilot_two/seed-17999570691447884947/yosys-0.8-synth.v:3200$3671'.
  created $dff cell `$procdff$4574' with positive edge clock.
Creating register for signal `\module9.\reg147_reg[0]' using process `\module9.$proc$research/pilot_two/seed-17999570691447884947/yosys-0.8-synth.v:3196$3670'.
  created $dff cell `$procdff$4575' with positive edge clock.
Creating register for signal `\module9.\reg148_reg[8]' using process `\module9.$proc$research/pilot_two/seed-17999570691447884947/yosys-0.8-synth.v:3192$3669'.
  created $dff cell `$procdff$4576' with positive edge clock.
Creating register for signal `\module9.\reg148_reg[5]' using process `\module9.$proc$research/pilot_two/seed-17999570691447884947/yosys-0.8-synth.v:3188$3668'.
  created $dff cell `$procdff$4577' with positive edge clock.
Creating register for signal `\module9.\reg148_reg[4]' using process `\module9.$proc$research/pilot_two/seed-17999570691447884947/yosys-0.8-synth.v:3184$3667'.
  created $dff cell `$procdff$4578' with positive edge clock.
Creating register for signal `\module9.\reg148_reg[3]' using process `\module9.$proc$research/pilot_two/seed-17999570691447884947/yosys-0.8-synth.v:3180$3666'.
  created $dff cell `$procdff$4579' with positive edge clock.
Creating register for signal `\module9.\reg148_reg[2]' using process `\module9.$proc$research/pilot_two/seed-17999570691447884947/yosys-0.8-synth.v:3176$3665'.
  created $dff cell `$procdff$4580' with positive edge clock.
Creating register for signal `\module9.\reg148_reg[1]' using process `\module9.$proc$research/pilot_two/seed-17999570691447884947/yosys-0.8-synth.v:3172$3664'.
  created $dff cell `$procdff$4581' with positive edge clock.
Creating register for signal `\module9.\reg148_reg[0]' using process `\module9.$proc$research/pilot_two/seed-17999570691447884947/yosys-0.8-synth.v:3168$3663'.
  created $dff cell `$procdff$4582' with positive edge clock.
Creating register for signal `\module15.\reg21_reg[0]' using process `\module15.$proc$research/pilot_two/seed-17999570691447884947/yosys-0.8-synth.v:2524$3150'.
  created $dff cell `$procdff$4583' with positive edge clock.
Creating register for signal `\module15.\reg22_reg[13]' using process `\module15.$proc$research/pilot_two/seed-17999570691447884947/yosys-0.8-synth.v:2520$3149'.
  created $dff cell `$procdff$4584' with positive edge clock.
Creating register for signal `\module15.\reg22_reg[8]' using process `\module15.$proc$research/pilot_two/seed-17999570691447884947/yosys-0.8-synth.v:2516$3148'.
  created $dff cell `$procdff$4585' with positive edge clock.
Creating register for signal `\module15.\reg22_reg[7]' using process `\module15.$proc$research/pilot_two/seed-17999570691447884947/yosys-0.8-synth.v:2512$3147'.
  created $dff cell `$procdff$4586' with positive edge clock.
Creating register for signal `\module15.\reg22_reg[6]' using process `\module15.$proc$research/pilot_two/seed-17999570691447884947/yosys-0.8-synth.v:2508$3146'.
  created $dff cell `$procdff$4587' with positive edge clock.
Creating register for signal `\module15.\reg22_reg[5]' using process `\module15.$proc$research/pilot_two/seed-17999570691447884947/yosys-0.8-synth.v:2504$3145'.
  created $dff cell `$procdff$4588' with positive edge clock.
Creating register for signal `\module15.\reg22_reg[4]' using process `\module15.$proc$research/pilot_two/seed-17999570691447884947/yosys-0.8-synth.v:2500$3144'.
  created $dff cell `$procdff$4589' with positive edge clock.
Creating register for signal `\module15.\reg22_reg[3]' using process `\module15.$proc$research/pilot_two/seed-17999570691447884947/yosys-0.8-synth.v:2496$3143'.
  created $dff cell `$procdff$4590' with positive edge clock.
Creating register for signal `\module15.\reg22_reg[2]' using process `\module15.$proc$research/pilot_two/seed-17999570691447884947/yosys-0.8-synth.v:2492$3142'.
  created $dff cell `$procdff$4591' with positive edge clock.
Creating register for signal `\module15.\reg22_reg[1]' using process `\module15.$proc$research/pilot_two/seed-17999570691447884947/yosys-0.8-synth.v:2488$3141'.
  created $dff cell `$procdff$4592' with positive edge clock.
Creating register for signal `\module15.\reg22_reg[0]' using process `\module15.$proc$research/pilot_two/seed-17999570691447884947/yosys-0.8-synth.v:2484$3140'.
  created $dff cell `$procdff$4593' with positive edge clock.
Creating register for signal `\module15.\reg23 [19]' using process `\module15.$proc$research/pilot_two/seed-17999570691447884947/yosys-0.8-synth.v:2481$3139'.
  created $dff cell `$procdff$4594' with positive edge clock.
Creating register for signal `\module15.\reg23 [18]' using process `\module15.$proc$research/pilot_two/seed-17999570691447884947/yosys-0.8-synth.v:2479$3138'.
  created $dff cell `$procdff$4595' with positive edge clock.
Creating register for signal `\module15.\reg23 [17]' using process `\module15.$proc$research/pilot_two/seed-17999570691447884947/yosys-0.8-synth.v:2477$3137'.
  created $dff cell `$procdff$4596' with positive edge clock.
Creating register for signal `\module15.\reg23 [16]' using process `\module15.$proc$research/pilot_two/seed-17999570691447884947/yosys-0.8-synth.v:2475$3136'.
  created $dff cell `$procdff$4597' with positive edge clock.
Creating register for signal `\module15.\reg23 [15]' using process `\module15.$proc$research/pilot_two/seed-17999570691447884947/yosys-0.8-synth.v:2473$3135'.
  created $dff cell `$procdff$4598' with positive edge clock.
Creating register for signal `\module15.\reg23 [14]' using process `\module15.$proc$research/pilot_two/seed-17999570691447884947/yosys-0.8-synth.v:2471$3134'.
  created $dff cell `$procdff$4599' with positive edge clock.
Creating register for signal `\module15.\reg23 [13]' using process `\module15.$proc$research/pilot_two/seed-17999570691447884947/yosys-0.8-synth.v:2469$3133'.
  created $dff cell `$procdff$4600' with positive edge clock.
Creating register for signal `\module15.\reg23 [12]' using process `\module15.$proc$research/pilot_two/seed-17999570691447884947/yosys-0.8-synth.v:2467$3132'.
  created $dff cell `$procdff$4601' with positive edge clock.
Creating register for signal `\module15.\reg23 [11]' using process `\module15.$proc$research/pilot_two/seed-17999570691447884947/yosys-0.8-synth.v:2465$3131'.
  created $dff cell `$procdff$4602' with positive edge clock.
Creating register for signal `\module15.\reg23 [10]' using process `\module15.$proc$research/pilot_two/seed-17999570691447884947/yosys-0.8-synth.v:2463$3130'.
  created $dff cell `$procdff$4603' with positive edge clock.
Creating register for signal `\module15.\reg23 [9]' using process `\module15.$proc$research/pilot_two/seed-17999570691447884947/yosys-0.8-synth.v:2461$3129'.
  created $dff cell `$procdff$4604' with positive edge clock.
Creating register for signal `\module15.\reg23 [8]' using process `\module15.$proc$research/pilot_two/seed-17999570691447884947/yosys-0.8-synth.v:2459$3128'.
  created $dff cell `$procdff$4605' with positive edge clock.
Creating register for signal `\module15.\reg23 [7]' using process `\module15.$proc$research/pilot_two/seed-17999570691447884947/yosys-0.8-synth.v:2457$3127'.
  created $dff cell `$procdff$4606' with positive edge clock.
Creating register for signal `\module15.\reg23 [6]' using process `\module15.$proc$research/pilot_two/seed-17999570691447884947/yosys-0.8-synth.v:2455$3126'.
  created $dff cell `$procdff$4607' with positive edge clock.
Creating register for signal `\module15.\reg23 [5]' using process `\module15.$proc$research/pilot_two/seed-17999570691447884947/yosys-0.8-synth.v:2453$3125'.
  created $dff cell `$procdff$4608' with positive edge clock.
Creating register for signal `\module15.\reg23 [4]' using process `\module15.$proc$research/pilot_two/seed-17999570691447884947/yosys-0.8-synth.v:2451$3124'.
  created $dff cell `$procdff$4609' with positive edge clock.
Creating register for signal `\module15.\reg23 [3]' using process `\module15.$proc$research/pilot_two/seed-17999570691447884947/yosys-0.8-synth.v:2449$3123'.
  created $dff cell `$procdff$4610' with positive edge clock.
Creating register for signal `\module15.\reg23 [2]' using process `\module15.$proc$research/pilot_two/seed-17999570691447884947/yosys-0.8-synth.v:2447$3122'.
  created $dff cell `$procdff$4611' with positive edge clock.
Creating register for signal `\module15.\reg23 [1]' using process `\module15.$proc$research/pilot_two/seed-17999570691447884947/yosys-0.8-synth.v:2445$3121'.
  created $dff cell `$procdff$4612' with positive edge clock.
Creating register for signal `\module15.\reg23 [0]' using process `\module15.$proc$research/pilot_two/seed-17999570691447884947/yosys-0.8-synth.v:2443$3120'.
  created $dff cell `$procdff$4613' with positive edge clock.
Creating register for signal `\module15.\reg24 [4]' using process `\module15.$proc$research/pilot_two/seed-17999570691447884947/yosys-0.8-synth.v:2441$3119'.
  created $dff cell `$procdff$4614' with positive edge clock.
Creating register for signal `\module15.\reg24 [3]' using process `\module15.$proc$research/pilot_two/seed-17999570691447884947/yosys-0.8-synth.v:2439$3118'.
  created $dff cell `$procdff$4615' with positive edge clock.
Creating register for signal `\module15.\reg24 [2]' using process `\module15.$proc$research/pilot_two/seed-17999570691447884947/yosys-0.8-synth.v:2437$3117'.
  created $dff cell `$procdff$4616' with positive edge clock.
Creating register for signal `\module15.\reg24 [1]' using process `\module15.$proc$research/pilot_two/seed-17999570691447884947/yosys-0.8-synth.v:2435$3116'.
  created $dff cell `$procdff$4617' with positive edge clock.
Creating register for signal `\module15.\reg24 [0]' using process `\module15.$proc$research/pilot_two/seed-17999570691447884947/yosys-0.8-synth.v:2433$3115'.
  created $dff cell `$procdff$4618' with positive edge clock.
Creating register for signal `\module15.\reg25 [5]' using process `\module15.$proc$research/pilot_two/seed-17999570691447884947/yosys-0.8-synth.v:2431$3114'.
  created $dff cell `$procdff$4619' with positive edge clock.
Creating register for signal `\module15.\reg25 [4]' using process `\module15.$proc$research/pilot_two/seed-17999570691447884947/yosys-0.8-synth.v:2429$3113'.
  created $dff cell `$procdff$4620' with positive edge clock.
Creating register for signal `\module15.\reg25 [3]' using process `\module15.$proc$research/pilot_two/seed-17999570691447884947/yosys-0.8-synth.v:2427$3112'.
  created $dff cell `$procdff$4621' with positive edge clock.
Creating register for signal `\module15.\reg25 [2]' using process `\module15.$proc$research/pilot_two/seed-17999570691447884947/yosys-0.8-synth.v:2425$3111'.
  created $dff cell `$procdff$4622' with positive edge clock.
Creating register for signal `\module15.\reg25 [1]' using process `\module15.$proc$research/pilot_two/seed-17999570691447884947/yosys-0.8-synth.v:2423$3110'.
  created $dff cell `$procdff$4623' with positive edge clock.
Creating register for signal `\module15.\reg25 [0]' using process `\module15.$proc$research/pilot_two/seed-17999570691447884947/yosys-0.8-synth.v:2421$3109'.
  created $dff cell `$procdff$4624' with positive edge clock.
Creating register for signal `\module15.\reg36_reg[2]' using process `\module15.$proc$research/pilot_two/seed-17999570691447884947/yosys-0.8-synth.v:2418$3108'.
  created $dff cell `$procdff$4625' with positive edge clock.
Creating register for signal `\module15.\reg36_reg[1]' using process `\module15.$proc$research/pilot_two/seed-17999570691447884947/yosys-0.8-synth.v:2414$3107'.
  created $dff cell `$procdff$4626' with positive edge clock.
Creating register for signal `\module15.\reg36_reg[0]' using process `\module15.$proc$research/pilot_two/seed-17999570691447884947/yosys-0.8-synth.v:2410$3106'.
  created $dff cell `$procdff$4627' with positive edge clock.
Creating register for signal `\module15.\reg39_reg[0]' using process `\module15.$proc$research/pilot_two/seed-17999570691447884947/yosys-0.8-synth.v:2406$3105'.
  created $dff cell `$procdff$4628' with positive edge clock.
Creating register for signal `\module15.\reg42_reg[0]' using process `\module15.$proc$research/pilot_two/seed-17999570691447884947/yosys-0.8-synth.v:2402$3104'.
  created $dff cell `$procdff$4629' with positive edge clock.
Creating register for signal `\module15.\reg43_reg[0]' using process `\module15.$proc$research/pilot_two/seed-17999570691447884947/yosys-0.8-synth.v:2398$3103'.
  created $dff cell `$procdff$4630' with positive edge clock.
Creating register for signal `\module15.\reg45_reg[7]' using process `\module15.$proc$research/pilot_two/seed-17999570691447884947/yosys-0.8-synth.v:2394$3102'.
  created $dff cell `$procdff$4631' with positive edge clock.
Creating register for signal `\module15.\reg49 [4]' using process `\module15.$proc$research/pilot_two/seed-17999570691447884947/yosys-0.8-synth.v:2391$3101'.
  created $dff cell `$procdff$4632' with positive edge clock.
Creating register for signal `\module15.\reg49 [3]' using process `\module15.$proc$research/pilot_two/seed-17999570691447884947/yosys-0.8-synth.v:2389$3100'.
  created $dff cell `$procdff$4633' with positive edge clock.
Creating register for signal `\module15.\reg49 [2]' using process `\module15.$proc$research/pilot_two/seed-17999570691447884947/yosys-0.8-synth.v:2387$3099'.
  created $dff cell `$procdff$4634' with positive edge clock.
Creating register for signal `\module15.\reg49 [1]' using process `\module15.$proc$research/pilot_two/seed-17999570691447884947/yosys-0.8-synth.v:2385$3098'.
  created $dff cell `$procdff$4635' with positive edge clock.
Creating register for signal `\module15.\reg49 [0]' using process `\module15.$proc$research/pilot_two/seed-17999570691447884947/yosys-0.8-synth.v:2383$3097'.
  created $dff cell `$procdff$4636' with positive edge clock.
Creating register for signal `\module15.\reg50_reg[7]' using process `\module15.$proc$research/pilot_two/seed-17999570691447884947/yosys-0.8-synth.v:2380$3096'.
  created $dff cell `$procdff$4637' with positive edge clock.
Creating register for signal `\module15.\reg50_reg[1]' using process `\module15.$proc$research/pilot_two/seed-17999570691447884947/yosys-0.8-synth.v:2376$3095'.
  created $dff cell `$procdff$4638' with positive edge clock.
Creating register for signal `\module15.\reg50_reg[0]' using process `\module15.$proc$research/pilot_two/seed-17999570691447884947/yosys-0.8-synth.v:2372$3094'.
  created $dff cell `$procdff$4639' with positive edge clock.
Creating register for signal `\module15.\reg51 [12]' using process `\module15.$proc$research/pilot_two/seed-17999570691447884947/yosys-0.8-synth.v:2369$3093'.
  created $dff cell `$procdff$4640' with positive edge clock.
Creating register for signal `\module15.\reg51 [11]' using process `\module15.$proc$research/pilot_two/seed-17999570691447884947/yosys-0.8-synth.v:2367$3092'.
  created $dff cell `$procdff$4641' with positive edge clock.
Creating register for signal `\module15.\reg51 [10]' using process `\module15.$proc$research/pilot_two/seed-17999570691447884947/yosys-0.8-synth.v:2365$3091'.
  created $dff cell `$procdff$4642' with positive edge clock.
Creating register for signal `\module15.\reg51 [9]' using process `\module15.$proc$research/pilot_two/seed-17999570691447884947/yosys-0.8-synth.v:2363$3090'.
  created $dff cell `$procdff$4643' with positive edge clock.
Creating register for signal `\module15.\reg51 [8]' using process `\module15.$proc$research/pilot_two/seed-17999570691447884947/yosys-0.8-synth.v:2361$3089'.
  created $dff cell `$procdff$4644' with positive edge clock.
Creating register for signal `\module15.\reg51 [7]' using process `\module15.$proc$research/pilot_two/seed-17999570691447884947/yosys-0.8-synth.v:2359$3088'.
  created $dff cell `$procdff$4645' with positive edge clock.
Creating register for signal `\module15.\reg51 [6]' using process `\module15.$proc$research/pilot_two/seed-17999570691447884947/yosys-0.8-synth.v:2357$3087'.
  created $dff cell `$procdff$4646' with positive edge clock.
Creating register for signal `\module15.\reg51 [5]' using process `\module15.$proc$research/pilot_two/seed-17999570691447884947/yosys-0.8-synth.v:2355$3086'.
  created $dff cell `$procdff$4647' with positive edge clock.
Creating register for signal `\module15.\reg51 [4]' using process `\module15.$proc$research/pilot_two/seed-17999570691447884947/yosys-0.8-synth.v:2353$3085'.
  created $dff cell `$procdff$4648' with positive edge clock.
Creating register for signal `\module15.\reg51 [3]' using process `\module15.$proc$research/pilot_two/seed-17999570691447884947/yosys-0.8-synth.v:2351$3084'.
  created $dff cell `$procdff$4649' with positive edge clock.
Creating register for signal `\module15.\reg51 [2]' using process `\module15.$proc$research/pilot_two/seed-17999570691447884947/yosys-0.8-synth.v:2349$3083'.
  created $dff cell `$procdff$4650' with positive edge clock.
Creating register for signal `\module15.\reg51 [1]' using process `\module15.$proc$research/pilot_two/seed-17999570691447884947/yosys-0.8-synth.v:2347$3082'.
  created $dff cell `$procdff$4651' with positive edge clock.
Creating register for signal `\module15.\reg51 [0]' using process `\module15.$proc$research/pilot_two/seed-17999570691447884947/yosys-0.8-synth.v:2345$3081'.
  created $dff cell `$procdff$4652' with positive edge clock.
Creating register for signal `\module15.\reg54 [4]' using process `\module15.$proc$research/pilot_two/seed-17999570691447884947/yosys-0.8-synth.v:2343$3080'.
  created $dff cell `$procdff$4653' with positive edge clock.
Creating register for signal `\module15.\reg54 [3]' using process `\module15.$proc$research/pilot_two/seed-17999570691447884947/yosys-0.8-synth.v:2341$3079'.
  created $dff cell `$procdff$4654' with positive edge clock.
Creating register for signal `\module15.\reg54 [2]' using process `\module15.$proc$research/pilot_two/seed-17999570691447884947/yosys-0.8-synth.v:2339$3078'.
  created $dff cell `$procdff$4655' with positive edge clock.
Creating register for signal `\module15.\reg54 [1]' using process `\module15.$proc$research/pilot_two/seed-17999570691447884947/yosys-0.8-synth.v:2337$3077'.
  created $dff cell `$procdff$4656' with positive edge clock.
Creating register for signal `\module15.\reg54 [0]' using process `\module15.$proc$research/pilot_two/seed-17999570691447884947/yosys-0.8-synth.v:2335$3076'.
  created $dff cell `$procdff$4657' with positive edge clock.
Creating register for signal `\module15.\reg55_reg[0]' using process `\module15.$proc$research/pilot_two/seed-17999570691447884947/yosys-0.8-synth.v:2332$3075'.
  created $dff cell `$procdff$4658' with positive edge clock.
Creating register for signal `\module15.\reg57_reg[20]' using process `\module15.$proc$research/pilot_two/seed-17999570691447884947/yosys-0.8-synth.v:2328$3074'.
  created $dff cell `$procdff$4659' with positive edge clock.
Creating register for signal `\module15.\reg57_reg[1]' using process `\module15.$proc$research/pilot_two/seed-17999570691447884947/yosys-0.8-synth.v:2324$3073'.
  created $dff cell `$procdff$4660' with positive edge clock.
Creating register for signal `\module15.\reg57_reg[0]' using process `\module15.$proc$research/pilot_two/seed-17999570691447884947/yosys-0.8-synth.v:2320$3072'.
  created $dff cell `$procdff$4661' with positive edge clock.
Creating register for signal `\module15.\reg59 [10]' using process `\module15.$proc$research/pilot_two/seed-17999570691447884947/yosys-0.8-synth.v:2317$3071'.
  created $dff cell `$procdff$4662' with positive edge clock.
Creating register for signal `\module15.\reg59 [9]' using process `\module15.$proc$research/pilot_two/seed-17999570691447884947/yosys-0.8-synth.v:2315$3070'.
  created $dff cell `$procdff$4663' with positive edge clock.
Creating register for signal `\module15.\reg59 [8]' using process `\module15.$proc$research/pilot_two/seed-17999570691447884947/yosys-0.8-synth.v:2313$3069'.
  created $dff cell `$procdff$4664' with positive edge clock.
Creating register for signal `\module15.\reg59 [7]' using process `\module15.$proc$research/pilot_two/seed-17999570691447884947/yosys-0.8-synth.v:2311$3068'.
  created $dff cell `$procdff$4665' with positive edge clock.
Creating register for signal `\module15.\reg59 [6]' using process `\module15.$proc$research/pilot_two/seed-17999570691447884947/yosys-0.8-synth.v:2309$3067'.
  created $dff cell `$procdff$4666' with positive edge clock.
Creating register for signal `\module15.\reg59 [5]' using process `\module15.$proc$research/pilot_two/seed-17999570691447884947/yosys-0.8-synth.v:2307$3066'.
  created $dff cell `$procdff$4667' with positive edge clock.
Creating register for signal `\module15.\reg59 [4]' using process `\module15.$proc$research/pilot_two/seed-17999570691447884947/yosys-0.8-synth.v:2305$3065'.
  created $dff cell `$procdff$4668' with positive edge clock.
Creating register for signal `\module15.\reg59 [3]' using process `\module15.$proc$research/pilot_two/seed-17999570691447884947/yosys-0.8-synth.v:2303$3064'.
  created $dff cell `$procdff$4669' with positive edge clock.
Creating register for signal `\module15.\reg59 [2]' using process `\module15.$proc$research/pilot_two/seed-17999570691447884947/yosys-0.8-synth.v:2301$3063'.
  created $dff cell `$procdff$4670' with positive edge clock.
Creating register for signal `\module15.\reg59 [1]' using process `\module15.$proc$research/pilot_two/seed-17999570691447884947/yosys-0.8-synth.v:2299$3062'.
  created $dff cell `$procdff$4671' with positive edge clock.
Creating register for signal `\module15.\reg59 [0]' using process `\module15.$proc$research/pilot_two/seed-17999570691447884947/yosys-0.8-synth.v:2297$3061'.
  created $dff cell `$procdff$4672' with positive edge clock.
Creating register for signal `\module15.\reg60 [6]' using process `\module15.$proc$research/pilot_two/seed-17999570691447884947/yosys-0.8-synth.v:2295$3060'.
  created $dff cell `$procdff$4673' with positive edge clock.
Creating register for signal `\module15.\reg60 [5]' using process `\module15.$proc$research/pilot_two/seed-17999570691447884947/yosys-0.8-synth.v:2293$3059'.
  created $dff cell `$procdff$4674' with positive edge clock.
Creating register for signal `\module15.\reg60 [4]' using process `\module15.$proc$research/pilot_two/seed-17999570691447884947/yosys-0.8-synth.v:2291$3058'.
  created $dff cell `$procdff$4675' with positive edge clock.
Creating register for signal `\module15.\reg60 [3]' using process `\module15.$proc$research/pilot_two/seed-17999570691447884947/yosys-0.8-synth.v:2289$3057'.
  created $dff cell `$procdff$4676' with positive edge clock.
Creating register for signal `\module15.\reg60 [2]' using process `\module15.$proc$research/pilot_two/seed-17999570691447884947/yosys-0.8-synth.v:2287$3056'.
  created $dff cell `$procdff$4677' with positive edge clock.
Creating register for signal `\module15.\reg60 [1]' using process `\module15.$proc$research/pilot_two/seed-17999570691447884947/yosys-0.8-synth.v:2285$3055'.
  created $dff cell `$procdff$4678' with positive edge clock.
Creating register for signal `\module15.\reg60 [0]' using process `\module15.$proc$research/pilot_two/seed-17999570691447884947/yosys-0.8-synth.v:2283$3054'.
  created $dff cell `$procdff$4679' with positive edge clock.
Creating register for signal `\module15.\reg61 [6]' using process `\module15.$proc$research/pilot_two/seed-17999570691447884947/yosys-0.8-synth.v:2281$3053'.
  created $dff cell `$procdff$4680' with positive edge clock.
Creating register for signal `\module15.\reg61 [5]' using process `\module15.$proc$research/pilot_two/seed-17999570691447884947/yosys-0.8-synth.v:2279$3052'.
  created $dff cell `$procdff$4681' with positive edge clock.
Creating register for signal `\module15.\reg61 [4]' using process `\module15.$proc$research/pilot_two/seed-17999570691447884947/yosys-0.8-synth.v:2277$3051'.
  created $dff cell `$procdff$4682' with positive edge clock.
Creating register for signal `\module15.\reg61 [3]' using process `\module15.$proc$research/pilot_two/seed-17999570691447884947/yosys-0.8-synth.v:2275$3050'.
  created $dff cell `$procdff$4683' with positive edge clock.
Creating register for signal `\module15.\reg61 [2]' using process `\module15.$proc$research/pilot_two/seed-17999570691447884947/yosys-0.8-synth.v:2273$3049'.
  created $dff cell `$procdff$4684' with positive edge clock.
Creating register for signal `\module15.\reg61 [1]' using process `\module15.$proc$research/pilot_two/seed-17999570691447884947/yosys-0.8-synth.v:2271$3048'.
  created $dff cell `$procdff$4685' with positive edge clock.
Creating register for signal `\module15.\reg61 [0]' using process `\module15.$proc$research/pilot_two/seed-17999570691447884947/yosys-0.8-synth.v:2269$3047'.
  created $dff cell `$procdff$4686' with positive edge clock.
Creating register for signal `\module15.\reg62_reg[3]' using process `\module15.$proc$research/pilot_two/seed-17999570691447884947/yosys-0.8-synth.v:2266$3046'.
  created $dff cell `$procdff$4687' with positive edge clock.
Creating register for signal `\module15.\reg62_reg[2]' using process `\module15.$proc$research/pilot_two/seed-17999570691447884947/yosys-0.8-synth.v:2262$3045'.
  created $dff cell `$procdff$4688' with positive edge clock.
Creating register for signal `\module15.\reg62_reg[1]' using process `\module15.$proc$research/pilot_two/seed-17999570691447884947/yosys-0.8-synth.v:2258$3044'.
  created $dff cell `$procdff$4689' with positive edge clock.
Creating register for signal `\module15.\reg62_reg[0]' using process `\module15.$proc$research/pilot_two/seed-17999570691447884947/yosys-0.8-synth.v:2254$3043'.
  created $dff cell `$procdff$4690' with positive edge clock.
Creating register for signal `\module15.\reg58 [7]' using process `\module15.$proc$research/pilot_two/seed-17999570691447884947/yosys-0.8-synth.v:2251$3042'.
  created $dff cell `$procdff$4691' with positive edge clock.
Creating register for signal `\module15.\reg58 [6]' using process `\module15.$proc$research/pilot_two/seed-17999570691447884947/yosys-0.8-synth.v:2249$3041'.
  created $dff cell `$procdff$4692' with positive edge clock.
Creating register for signal `\module15.\reg58 [5]' using process `\module15.$proc$research/pilot_two/seed-17999570691447884947/yosys-0.8-synth.v:2247$3040'.
  created $dff cell `$procdff$4693' with positive edge clock.
Creating register for signal `\module15.\reg58 [4]' using process `\module15.$proc$research/pilot_two/seed-17999570691447884947/yosys-0.8-synth.v:2245$3039'.
  created $dff cell `$procdff$4694' with positive edge clock.
Creating register for signal `\module15.\reg58 [3]' using process `\module15.$proc$research/pilot_two/seed-17999570691447884947/yosys-0.8-synth.v:2243$3038'.
  created $dff cell `$procdff$4695' with positive edge clock.
Creating register for signal `\module15.\reg58 [2]' using process `\module15.$proc$research/pilot_two/seed-17999570691447884947/yosys-0.8-synth.v:2241$3037'.
  created $dff cell `$procdff$4696' with positive edge clock.
Creating register for signal `\module15.\reg58 [1]' using process `\module15.$proc$research/pilot_two/seed-17999570691447884947/yosys-0.8-synth.v:2239$3036'.
  created $dff cell `$procdff$4697' with positive edge clock.
Creating register for signal `\module15.\reg58 [0]' using process `\module15.$proc$research/pilot_two/seed-17999570691447884947/yosys-0.8-synth.v:2237$3035'.
  created $dff cell `$procdff$4698' with positive edge clock.
Creating register for signal `\module15.\reg63_reg[2]' using process `\module15.$proc$research/pilot_two/seed-17999570691447884947/yosys-0.8-synth.v:2234$3034'.
  created $dff cell `$procdff$4699' with positive edge clock.
Creating register for signal `\module15.\reg63_reg[1]' using process `\module15.$proc$research/pilot_two/seed-17999570691447884947/yosys-0.8-synth.v:2230$3033'.
  created $dff cell `$procdff$4700' with positive edge clock.
Creating register for signal `\module15.\reg63_reg[0]' using process `\module15.$proc$research/pilot_two/seed-17999570691447884947/yosys-0.8-synth.v:2226$3032'.
  created $dff cell `$procdff$4701' with positive edge clock.
Creating register for signal `\module15.\reg64_reg[0]' using process `\module15.$proc$research/pilot_two/seed-17999570691447884947/yosys-0.8-synth.v:2222$3031'.
  created $dff cell `$procdff$4702' with positive edge clock.
Creating register for signal `\module15.\reg65_reg[4]' using process `\module15.$proc$research/pilot_two/seed-17999570691447884947/yosys-0.8-synth.v:2218$3030'.
  created $dff cell `$procdff$4703' with positive edge clock.
Creating register for signal `\module15.\reg65_reg[3]' using process `\module15.$proc$research/pilot_two/seed-17999570691447884947/yosys-0.8-synth.v:2214$3029'.
  created $dff cell `$procdff$4704' with positive edge clock.
Creating register for signal `\module15.\reg65_reg[2]' using process `\module15.$proc$research/pilot_two/seed-17999570691447884947/yosys-0.8-synth.v:2210$3028'.
  created $dff cell `$procdff$4705' with positive edge clock.
Creating register for signal `\module15.\reg65_reg[1]' using process `\module15.$proc$research/pilot_two/seed-17999570691447884947/yosys-0.8-synth.v:2206$3027'.
  created $dff cell `$procdff$4706' with positive edge clock.
Creating register for signal `\module15.\reg65_reg[0]' using process `\module15.$proc$research/pilot_two/seed-17999570691447884947/yosys-0.8-synth.v:2202$3026'.
  created $dff cell `$procdff$4707' with positive edge clock.
Creating register for signal `\module15.\reg66 [12]' using process `\module15.$proc$research/pilot_two/seed-17999570691447884947/yosys-0.8-synth.v:2199$3025'.
  created $dff cell `$procdff$4708' with positive edge clock.
Creating register for signal `\module15.\reg66 [11]' using process `\module15.$proc$research/pilot_two/seed-17999570691447884947/yosys-0.8-synth.v:2197$3024'.
  created $dff cell `$procdff$4709' with positive edge clock.
Creating register for signal `\module15.\reg66 [10]' using process `\module15.$proc$research/pilot_two/seed-17999570691447884947/yosys-0.8-synth.v:2195$3023'.
  created $dff cell `$procdff$4710' with positive edge clock.
Creating register for signal `\module15.\reg66 [9]' using process `\module15.$proc$research/pilot_two/seed-17999570691447884947/yosys-0.8-synth.v:2193$3022'.
  created $dff cell `$procdff$4711' with positive edge clock.
Creating register for signal `\module15.\reg66 [8]' using process `\module15.$proc$research/pilot_two/seed-17999570691447884947/yosys-0.8-synth.v:2191$3021'.
  created $dff cell `$procdff$4712' with positive edge clock.
Creating register for signal `\module15.\reg66 [7]' using process `\module15.$proc$research/pilot_two/seed-17999570691447884947/yosys-0.8-synth.v:2189$3020'.
  created $dff cell `$procdff$4713' with positive edge clock.
Creating register for signal `\module15.\reg66 [6]' using process `\module15.$proc$research/pilot_two/seed-17999570691447884947/yosys-0.8-synth.v:2187$3019'.
  created $dff cell `$procdff$4714' with positive edge clock.
Creating register for signal `\module15.\reg66 [5]' using process `\module15.$proc$research/pilot_two/seed-17999570691447884947/yosys-0.8-synth.v:2185$3018'.
  created $dff cell `$procdff$4715' with positive edge clock.
Creating register for signal `\module15.\reg66 [4]' using process `\module15.$proc$research/pilot_two/seed-17999570691447884947/yosys-0.8-synth.v:2183$3017'.
  created $dff cell `$procdff$4716' with positive edge clock.
Creating register for signal `\module15.\reg66 [3]' using process `\module15.$proc$research/pilot_two/seed-17999570691447884947/yosys-0.8-synth.v:2181$3016'.
  created $dff cell `$procdff$4717' with positive edge clock.
Creating register for signal `\module15.\reg66 [2]' using process `\module15.$proc$research/pilot_two/seed-17999570691447884947/yosys-0.8-synth.v:2179$3015'.
  created $dff cell `$procdff$4718' with positive edge clock.
Creating register for signal `\module15.\reg66 [1]' using process `\module15.$proc$research/pilot_two/seed-17999570691447884947/yosys-0.8-synth.v:2177$3014'.
  created $dff cell `$procdff$4719' with positive edge clock.
Creating register for signal `\module15.\reg66 [0]' using process `\module15.$proc$research/pilot_two/seed-17999570691447884947/yosys-0.8-synth.v:2175$3013'.
  created $dff cell `$procdff$4720' with positive edge clock.
Creating register for signal `\module15.\reg67 [16]' using process `\module15.$proc$research/pilot_two/seed-17999570691447884947/yosys-0.8-synth.v:2173$3012'.
  created $dff cell `$procdff$4721' with positive edge clock.
Creating register for signal `\module15.\reg67 [15]' using process `\module15.$proc$research/pilot_two/seed-17999570691447884947/yosys-0.8-synth.v:2171$3011'.
  created $dff cell `$procdff$4722' with positive edge clock.
Creating register for signal `\module15.\reg67 [14]' using process `\module15.$proc$research/pilot_two/seed-17999570691447884947/yosys-0.8-synth.v:2169$3010'.
  created $dff cell `$procdff$4723' with positive edge clock.
Creating register for signal `\module15.\reg67 [13]' using process `\module15.$proc$research/pilot_two/seed-17999570691447884947/yosys-0.8-synth.v:2167$3009'.
  created $dff cell `$procdff$4724' with positive edge clock.
Creating register for signal `\module15.\reg67 [12]' using process `\module15.$proc$research/pilot_two/seed-17999570691447884947/yosys-0.8-synth.v:2165$3008'.
  created $dff cell `$procdff$4725' with positive edge clock.
Creating register for signal `\module15.\reg67 [11]' using process `\module15.$proc$research/pilot_two/seed-17999570691447884947/yosys-0.8-synth.v:2163$3007'.
  created $dff cell `$procdff$4726' with positive edge clock.
Creating register for signal `\module15.\reg67 [10]' using process `\module15.$proc$research/pilot_two/seed-17999570691447884947/yosys-0.8-synth.v:2161$3006'.
  created $dff cell `$procdff$4727' with positive edge clock.
Creating register for signal `\module15.\reg67 [9]' using process `\module15.$proc$research/pilot_two/seed-17999570691447884947/yosys-0.8-synth.v:2159$3005'.
  created $dff cell `$procdff$4728' with positive edge clock.
Creating register for signal `\module15.\reg67 [8]' using process `\module15.$proc$research/pilot_two/seed-17999570691447884947/yosys-0.8-synth.v:2157$3004'.
  created $dff cell `$procdff$4729' with positive edge clock.
Creating register for signal `\module15.\reg67 [7]' using process `\module15.$proc$research/pilot_two/seed-17999570691447884947/yosys-0.8-synth.v:2155$3003'.
  created $dff cell `$procdff$4730' with positive edge clock.
Creating register for signal `\module15.\reg67 [6]' using process `\module15.$proc$research/pilot_two/seed-17999570691447884947/yosys-0.8-synth.v:2153$3002'.
  created $dff cell `$procdff$4731' with positive edge clock.
Creating register for signal `\module15.\reg67 [5]' using process `\module15.$proc$research/pilot_two/seed-17999570691447884947/yosys-0.8-synth.v:2151$3001'.
  created $dff cell `$procdff$4732' with positive edge clock.
Creating register for signal `\module15.\reg67 [4]' using process `\module15.$proc$research/pilot_two/seed-17999570691447884947/yosys-0.8-synth.v:2149$3000'.
  created $dff cell `$procdff$4733' with positive edge clock.
Creating register for signal `\module15.\reg67 [3]' using process `\module15.$proc$research/pilot_two/seed-17999570691447884947/yosys-0.8-synth.v:2147$2999'.
  created $dff cell `$procdff$4734' with positive edge clock.
Creating register for signal `\module15.\reg67 [2]' using process `\module15.$proc$research/pilot_two/seed-17999570691447884947/yosys-0.8-synth.v:2145$2998'.
  created $dff cell `$procdff$4735' with positive edge clock.
Creating register for signal `\module15.\reg67 [1]' using process `\module15.$proc$research/pilot_two/seed-17999570691447884947/yosys-0.8-synth.v:2143$2997'.
  created $dff cell `$procdff$4736' with positive edge clock.
Creating register for signal `\module15.\reg67 [0]' using process `\module15.$proc$research/pilot_two/seed-17999570691447884947/yosys-0.8-synth.v:2141$2996'.
  created $dff cell `$procdff$4737' with positive edge clock.
Creating register for signal `\module15.\reg68 [5]' using process `\module15.$proc$research/pilot_two/seed-17999570691447884947/yosys-0.8-synth.v:2139$2995'.
  created $dff cell `$procdff$4738' with positive edge clock.
Creating register for signal `\module15.\reg68 [4]' using process `\module15.$proc$research/pilot_two/seed-17999570691447884947/yosys-0.8-synth.v:2137$2994'.
  created $dff cell `$procdff$4739' with positive edge clock.
Creating register for signal `\module15.\reg68 [3]' using process `\module15.$proc$research/pilot_two/seed-17999570691447884947/yosys-0.8-synth.v:2135$2993'.
  created $dff cell `$procdff$4740' with positive edge clock.
Creating register for signal `\module15.\reg68 [2]' using process `\module15.$proc$research/pilot_two/seed-17999570691447884947/yosys-0.8-synth.v:2133$2992'.
  created $dff cell `$procdff$4741' with positive edge clock.
Creating register for signal `\module15.\reg68 [1]' using process `\module15.$proc$research/pilot_two/seed-17999570691447884947/yosys-0.8-synth.v:2131$2991'.
  created $dff cell `$procdff$4742' with positive edge clock.
Creating register for signal `\module15.\reg68 [0]' using process `\module15.$proc$research/pilot_two/seed-17999570691447884947/yosys-0.8-synth.v:2129$2990'.
  created $dff cell `$procdff$4743' with positive edge clock.
Creating register for signal `\module15.\reg69 [12]' using process `\module15.$proc$research/pilot_two/seed-17999570691447884947/yosys-0.8-synth.v:2127$2989'.
  created $dff cell `$procdff$4744' with positive edge clock.
Creating register for signal `\module15.\reg69 [11]' using process `\module15.$proc$research/pilot_two/seed-17999570691447884947/yosys-0.8-synth.v:2125$2988'.
  created $dff cell `$procdff$4745' with positive edge clock.
Creating register for signal `\module15.\reg69 [10]' using process `\module15.$proc$research/pilot_two/seed-17999570691447884947/yosys-0.8-synth.v:2123$2987'.
  created $dff cell `$procdff$4746' with positive edge clock.
Creating register for signal `\module15.\reg69 [9]' using process `\module15.$proc$research/pilot_two/seed-17999570691447884947/yosys-0.8-synth.v:2121$2986'.
  created $dff cell `$procdff$4747' with positive edge clock.
Creating register for signal `\module15.\reg69 [8]' using process `\module15.$proc$research/pilot_two/seed-17999570691447884947/yosys-0.8-synth.v:2119$2985'.
  created $dff cell `$procdff$4748' with positive edge clock.
Creating register for signal `\module15.\reg69 [7]' using process `\module15.$proc$research/pilot_two/seed-17999570691447884947/yosys-0.8-synth.v:2117$2984'.
  created $dff cell `$procdff$4749' with positive edge clock.
Creating register for signal `\module15.\reg69 [6]' using process `\module15.$proc$research/pilot_two/seed-17999570691447884947/yosys-0.8-synth.v:2115$2983'.
  created $dff cell `$procdff$4750' with positive edge clock.
Creating register for signal `\module15.\reg69 [5]' using process `\module15.$proc$research/pilot_two/seed-17999570691447884947/yosys-0.8-synth.v:2113$2982'.
  created $dff cell `$procdff$4751' with positive edge clock.
Creating register for signal `\module15.\reg69 [4]' using process `\module15.$proc$research/pilot_two/seed-17999570691447884947/yosys-0.8-synth.v:2111$2981'.
  created $dff cell `$procdff$4752' with positive edge clock.
Creating register for signal `\module15.\reg69 [3]' using process `\module15.$proc$research/pilot_two/seed-17999570691447884947/yosys-0.8-synth.v:2109$2980'.
  created $dff cell `$procdff$4753' with positive edge clock.
Creating register for signal `\module15.\reg69 [2]' using process `\module15.$proc$research/pilot_two/seed-17999570691447884947/yosys-0.8-synth.v:2107$2979'.
  created $dff cell `$procdff$4754' with positive edge clock.
Creating register for signal `\module15.\reg69 [1]' using process `\module15.$proc$research/pilot_two/seed-17999570691447884947/yosys-0.8-synth.v:2105$2978'.
  created $dff cell `$procdff$4755' with positive edge clock.
Creating register for signal `\module15.\reg69 [0]' using process `\module15.$proc$research/pilot_two/seed-17999570691447884947/yosys-0.8-synth.v:2103$2977'.
  created $dff cell `$procdff$4756' with positive edge clock.
Creating register for signal `\module15.\reg70 [19]' using process `\module15.$proc$research/pilot_two/seed-17999570691447884947/yosys-0.8-synth.v:2101$2976'.
  created $dff cell `$procdff$4757' with positive edge clock.
Creating register for signal `\module15.\reg70 [18]' using process `\module15.$proc$research/pilot_two/seed-17999570691447884947/yosys-0.8-synth.v:2099$2975'.
  created $dff cell `$procdff$4758' with positive edge clock.
Creating register for signal `\module15.\reg70 [17]' using process `\module15.$proc$research/pilot_two/seed-17999570691447884947/yosys-0.8-synth.v:2097$2974'.
  created $dff cell `$procdff$4759' with positive edge clock.
Creating register for signal `\module15.\reg70 [16]' using process `\module15.$proc$research/pilot_two/seed-17999570691447884947/yosys-0.8-synth.v:2095$2973'.
  created $dff cell `$procdff$4760' with positive edge clock.
Creating register for signal `\module15.\reg70 [15]' using process `\module15.$proc$research/pilot_two/seed-17999570691447884947/yosys-0.8-synth.v:2093$2972'.
  created $dff cell `$procdff$4761' with positive edge clock.
Creating register for signal `\module15.\reg70 [14]' using process `\module15.$proc$research/pilot_two/seed-17999570691447884947/yosys-0.8-synth.v:2091$2971'.
  created $dff cell `$procdff$4762' with positive edge clock.
Creating register for signal `\module15.\reg70 [13]' using process `\module15.$proc$research/pilot_two/seed-17999570691447884947/yosys-0.8-synth.v:2089$2970'.
  created $dff cell `$procdff$4763' with positive edge clock.
Creating register for signal `\module15.\reg70 [12]' using process `\module15.$proc$research/pilot_two/seed-17999570691447884947/yosys-0.8-synth.v:2087$2969'.
  created $dff cell `$procdff$4764' with positive edge clock.
Creating register for signal `\module15.\reg70 [11]' using process `\module15.$proc$research/pilot_two/seed-17999570691447884947/yosys-0.8-synth.v:2085$2968'.
  created $dff cell `$procdff$4765' with positive edge clock.
Creating register for signal `\module15.\reg70 [10]' using process `\module15.$proc$research/pilot_two/seed-17999570691447884947/yosys-0.8-synth.v:2083$2967'.
  created $dff cell `$procdff$4766' with positive edge clock.
Creating register for signal `\module15.\reg70 [9]' using process `\module15.$proc$research/pilot_two/seed-17999570691447884947/yosys-0.8-synth.v:2081$2966'.
  created $dff cell `$procdff$4767' with positive edge clock.
Creating register for signal `\module15.\reg70 [8]' using process `\module15.$proc$research/pilot_two/seed-17999570691447884947/yosys-0.8-synth.v:2079$2965'.
  created $dff cell `$procdff$4768' with positive edge clock.
Creating register for signal `\module15.\reg70 [7]' using process `\module15.$proc$research/pilot_two/seed-17999570691447884947/yosys-0.8-synth.v:2077$2964'.
  created $dff cell `$procdff$4769' with positive edge clock.
Creating register for signal `\module15.\reg70 [6]' using process `\module15.$proc$research/pilot_two/seed-17999570691447884947/yosys-0.8-synth.v:2075$2963'.
  created $dff cell `$procdff$4770' with positive edge clock.
Creating register for signal `\module15.\reg70 [5]' using process `\module15.$proc$research/pilot_two/seed-17999570691447884947/yosys-0.8-synth.v:2073$2962'.
  created $dff cell `$procdff$4771' with positive edge clock.
Creating register for signal `\module15.\reg70 [4]' using process `\module15.$proc$research/pilot_two/seed-17999570691447884947/yosys-0.8-synth.v:2071$2961'.
  created $dff cell `$procdff$4772' with positive edge clock.
Creating register for signal `\module15.\reg70 [3]' using process `\module15.$proc$research/pilot_two/seed-17999570691447884947/yosys-0.8-synth.v:2069$2960'.
  created $dff cell `$procdff$4773' with positive edge clock.
Creating register for signal `\module15.\reg70 [2]' using process `\module15.$proc$research/pilot_two/seed-17999570691447884947/yosys-0.8-synth.v:2067$2959'.
  created $dff cell `$procdff$4774' with positive edge clock.
Creating register for signal `\module15.\reg70 [1]' using process `\module15.$proc$research/pilot_two/seed-17999570691447884947/yosys-0.8-synth.v:2065$2958'.
  created $dff cell `$procdff$4775' with positive edge clock.
Creating register for signal `\module15.\reg70 [0]' using process `\module15.$proc$research/pilot_two/seed-17999570691447884947/yosys-0.8-synth.v:2063$2957'.
  created $dff cell `$procdff$4776' with positive edge clock.
Creating register for signal `\module15.\reg71_reg[13]' using process `\module15.$proc$research/pilot_two/seed-17999570691447884947/yosys-0.8-synth.v:2060$2956'.
  created $dff cell `$procdff$4777' with positive edge clock.
Creating register for signal `\module15.\reg71_reg[0]' using process `\module15.$proc$research/pilot_two/seed-17999570691447884947/yosys-0.8-synth.v:2056$2955'.
  created $dff cell `$procdff$4778' with positive edge clock.
Creating register for signal `\module15.\reg72_reg[7]' using process `\module15.$proc$research/pilot_two/seed-17999570691447884947/yosys-0.8-synth.v:2052$2954'.
  created $dff cell `$procdff$4779' with positive edge clock.
Creating register for signal `\module15.\reg72_reg[6]' using process `\module15.$proc$research/pilot_two/seed-17999570691447884947/yosys-0.8-synth.v:2048$2953'.
  created $dff cell `$procdff$4780' with positive edge clock.
Creating register for signal `\module15.\reg72_reg[5]' using process `\module15.$proc$research/pilot_two/seed-17999570691447884947/yosys-0.8-synth.v:2044$2952'.
  created $dff cell `$procdff$4781' with positive edge clock.
Creating register for signal `\module15.\reg72_reg[4]' using process `\module15.$proc$research/pilot_two/seed-17999570691447884947/yosys-0.8-synth.v:2040$2951'.
  created $dff cell `$procdff$4782' with positive edge clock.
Creating register for signal `\module15.\reg72_reg[3]' using process `\module15.$proc$research/pilot_two/seed-17999570691447884947/yosys-0.8-synth.v:2036$2950'.
  created $dff cell `$procdff$4783' with positive edge clock.
Creating register for signal `\module15.\reg72_reg[2]' using process `\module15.$proc$research/pilot_two/seed-17999570691447884947/yosys-0.8-synth.v:2032$2949'.
  created $dff cell `$procdff$4784' with positive edge clock.
Creating register for signal `\module15.\reg72_reg[1]' using process `\module15.$proc$research/pilot_two/seed-17999570691447884947/yosys-0.8-synth.v:2028$2948'.
  created $dff cell `$procdff$4785' with positive edge clock.
Creating register for signal `\module15.\reg72_reg[0]' using process `\module15.$proc$research/pilot_two/seed-17999570691447884947/yosys-0.8-synth.v:2024$2947'.
  created $dff cell `$procdff$4786' with positive edge clock.
Creating register for signal `\module15.\reg74_reg[0]' using process `\module15.$proc$research/pilot_two/seed-17999570691447884947/yosys-0.8-synth.v:2020$2946'.
  created $dff cell `$procdff$4787' with positive edge clock.
Creating register for signal `\module15.\reg75_reg[0]' using process `\module15.$proc$research/pilot_two/seed-17999570691447884947/yosys-0.8-synth.v:2016$2945'.
  created $dff cell `$procdff$4788' with positive edge clock.
Creating register for signal `\module15.\reg76_reg[0]' using process `\module15.$proc$research/pilot_two/seed-17999570691447884947/yosys-0.8-synth.v:2012$2944'.
  created $dff cell `$procdff$4789' with positive edge clock.
Creating register for signal `\module15.\reg77 [7]' using process `\module15.$proc$research/pilot_two/seed-17999570691447884947/yosys-0.8-synth.v:2009$2943'.
  created $dff cell `$procdff$4790' with positive edge clock.
Creating register for signal `\module15.\reg77 [6]' using process `\module15.$proc$research/pilot_two/seed-17999570691447884947/yosys-0.8-synth.v:2007$2942'.
  created $dff cell `$procdff$4791' with positive edge clock.
Creating register for signal `\module15.\reg77 [5]' using process `\module15.$proc$research/pilot_two/seed-17999570691447884947/yosys-0.8-synth.v:2005$2941'.
  created $dff cell `$procdff$4792' with positive edge clock.
Creating register for signal `\module15.\reg77 [4]' using process `\module15.$proc$research/pilot_two/seed-17999570691447884947/yosys-0.8-synth.v:2003$2940'.
  created $dff cell `$procdff$4793' with positive edge clock.
Creating register for signal `\module15.\reg77 [3]' using process `\module15.$proc$research/pilot_two/seed-17999570691447884947/yosys-0.8-synth.v:2001$2939'.
  created $dff cell `$procdff$4794' with positive edge clock.
Creating register for signal `\module15.\reg77 [2]' using process `\module15.$proc$research/pilot_two/seed-17999570691447884947/yosys-0.8-synth.v:1999$2938'.
  created $dff cell `$procdff$4795' with positive edge clock.
Creating register for signal `\module15.\reg77 [1]' using process `\module15.$proc$research/pilot_two/seed-17999570691447884947/yosys-0.8-synth.v:1997$2937'.
  created $dff cell `$procdff$4796' with positive edge clock.
Creating register for signal `\module15.\reg77 [0]' using process `\module15.$proc$research/pilot_two/seed-17999570691447884947/yosys-0.8-synth.v:1995$2936'.
  created $dff cell `$procdff$4797' with positive edge clock.
Creating register for signal `\module15.\reg78_reg[2]' using process `\module15.$proc$research/pilot_two/seed-17999570691447884947/yosys-0.8-synth.v:1992$2935'.
  created $dff cell `$procdff$4798' with positive edge clock.
Creating register for signal `\module15.\reg78_reg[1]' using process `\module15.$proc$research/pilot_two/seed-17999570691447884947/yosys-0.8-synth.v:1988$2934'.
  created $dff cell `$procdff$4799' with positive edge clock.
Creating register for signal `\module15.\reg78_reg[0]' using process `\module15.$proc$research/pilot_two/seed-17999570691447884947/yosys-0.8-synth.v:1984$2933'.
  created $dff cell `$procdff$4800' with positive edge clock.
Creating register for signal `\module15.\reg79 [15]' using process `\module15.$proc$research/pilot_two/seed-17999570691447884947/yosys-0.8-synth.v:1981$2932'.
  created $dff cell `$procdff$4801' with positive edge clock.
Creating register for signal `\module15.\reg79 [14]' using process `\module15.$proc$research/pilot_two/seed-17999570691447884947/yosys-0.8-synth.v:1979$2931'.
  created $dff cell `$procdff$4802' with positive edge clock.
Creating register for signal `\module15.\reg79 [13]' using process `\module15.$proc$research/pilot_two/seed-17999570691447884947/yosys-0.8-synth.v:1977$2930'.
  created $dff cell `$procdff$4803' with positive edge clock.
Creating register for signal `\module15.\reg79 [12]' using process `\module15.$proc$research/pilot_two/seed-17999570691447884947/yosys-0.8-synth.v:1975$2929'.
  created $dff cell `$procdff$4804' with positive edge clock.
Creating register for signal `\module15.\reg79 [11]' using process `\module15.$proc$research/pilot_two/seed-17999570691447884947/yosys-0.8-synth.v:1973$2928'.
  created $dff cell `$procdff$4805' with positive edge clock.
Creating register for signal `\module15.\reg79 [10]' using process `\module15.$proc$research/pilot_two/seed-17999570691447884947/yosys-0.8-synth.v:1971$2927'.
  created $dff cell `$procdff$4806' with positive edge clock.
Creating register for signal `\module15.\reg79 [9]' using process `\module15.$proc$research/pilot_two/seed-17999570691447884947/yosys-0.8-synth.v:1969$2926'.
  created $dff cell `$procdff$4807' with positive edge clock.
Creating register for signal `\module15.\reg79 [8]' using process `\module15.$proc$research/pilot_two/seed-17999570691447884947/yosys-0.8-synth.v:1967$2925'.
  created $dff cell `$procdff$4808' with positive edge clock.
Creating register for signal `\module15.\reg79 [7]' using process `\module15.$proc$research/pilot_two/seed-17999570691447884947/yosys-0.8-synth.v:1965$2924'.
  created $dff cell `$procdff$4809' with positive edge clock.
Creating register for signal `\module15.\reg79 [6]' using process `\module15.$proc$research/pilot_two/seed-17999570691447884947/yosys-0.8-synth.v:1963$2923'.
  created $dff cell `$procdff$4810' with positive edge clock.
Creating register for signal `\module15.\reg79 [5]' using process `\module15.$proc$research/pilot_two/seed-17999570691447884947/yosys-0.8-synth.v:1961$2922'.
  created $dff cell `$procdff$4811' with positive edge clock.
Creating register for signal `\module15.\reg79 [4]' using process `\module15.$proc$research/pilot_two/seed-17999570691447884947/yosys-0.8-synth.v:1959$2921'.
  created $dff cell `$procdff$4812' with positive edge clock.
Creating register for signal `\module15.\reg79 [3]' using process `\module15.$proc$research/pilot_two/seed-17999570691447884947/yosys-0.8-synth.v:1957$2920'.
  created $dff cell `$procdff$4813' with positive edge clock.
Creating register for signal `\module15.\reg79 [2]' using process `\module15.$proc$research/pilot_two/seed-17999570691447884947/yosys-0.8-synth.v:1955$2919'.
  created $dff cell `$procdff$4814' with positive edge clock.
Creating register for signal `\module15.\reg79 [1]' using process `\module15.$proc$research/pilot_two/seed-17999570691447884947/yosys-0.8-synth.v:1953$2918'.
  created $dff cell `$procdff$4815' with positive edge clock.
Creating register for signal `\module15.\reg79 [0]' using process `\module15.$proc$research/pilot_two/seed-17999570691447884947/yosys-0.8-synth.v:1951$2917'.
  created $dff cell `$procdff$4816' with positive edge clock.
Creating register for signal `\module15.\reg81_reg[6]' using process `\module15.$proc$research/pilot_two/seed-17999570691447884947/yosys-0.8-synth.v:1948$2916'.
  created $dff cell `$procdff$4817' with positive edge clock.
Creating register for signal `\module15.\reg81_reg[5]' using process `\module15.$proc$research/pilot_two/seed-17999570691447884947/yosys-0.8-synth.v:1944$2915'.
  created $dff cell `$procdff$4818' with positive edge clock.
Creating register for signal `\module15.\reg81_reg[4]' using process `\module15.$proc$research/pilot_two/seed-17999570691447884947/yosys-0.8-synth.v:1940$2914'.
  created $dff cell `$procdff$4819' with positive edge clock.
Creating register for signal `\module15.\reg81_reg[3]' using process `\module15.$proc$research/pilot_two/seed-17999570691447884947/yosys-0.8-synth.v:1936$2913'.
  created $dff cell `$procdff$4820' with positive edge clock.
Creating register for signal `\module15.\reg81_reg[2]' using process `\module15.$proc$research/pilot_two/seed-17999570691447884947/yosys-0.8-synth.v:1932$2912'.
  created $dff cell `$procdff$4821' with positive edge clock.
Creating register for signal `\module15.\reg81_reg[1]' using process `\module15.$proc$research/pilot_two/seed-17999570691447884947/yosys-0.8-synth.v:1928$2911'.
  created $dff cell `$procdff$4822' with positive edge clock.
Creating register for signal `\module15.\reg81_reg[0]' using process `\module15.$proc$research/pilot_two/seed-17999570691447884947/yosys-0.8-synth.v:1924$2910'.
  created $dff cell `$procdff$4823' with positive edge clock.
Creating register for signal `\module15.\reg82_reg[0]' using process `\module15.$proc$research/pilot_two/seed-17999570691447884947/yosys-0.8-synth.v:1920$2909'.
  created $dff cell `$procdff$4824' with positive edge clock.
Creating register for signal `\module15.\reg83 [15]' using process `\module15.$proc$research/pilot_two/seed-17999570691447884947/yosys-0.8-synth.v:1917$2908'.
  created $dff cell `$procdff$4825' with positive edge clock.
Creating register for signal `\module15.\reg83 [14]' using process `\module15.$proc$research/pilot_two/seed-17999570691447884947/yosys-0.8-synth.v:1915$2907'.
  created $dff cell `$procdff$4826' with positive edge clock.
Creating register for signal `\module15.\reg83 [13]' using process `\module15.$proc$research/pilot_two/seed-17999570691447884947/yosys-0.8-synth.v:1913$2906'.
  created $dff cell `$procdff$4827' with positive edge clock.
Creating register for signal `\module15.\reg83 [12]' using process `\module15.$proc$research/pilot_two/seed-17999570691447884947/yosys-0.8-synth.v:1911$2905'.
  created $dff cell `$procdff$4828' with positive edge clock.
Creating register for signal `\module15.\reg83 [11]' using process `\module15.$proc$research/pilot_two/seed-17999570691447884947/yosys-0.8-synth.v:1909$2904'.
  created $dff cell `$procdff$4829' with positive edge clock.
Creating register for signal `\module15.\reg83 [10]' using process `\module15.$proc$research/pilot_two/seed-17999570691447884947/yosys-0.8-synth.v:1907$2903'.
  created $dff cell `$procdff$4830' with positive edge clock.
Creating register for signal `\module15.\reg83 [9]' using process `\module15.$proc$research/pilot_two/seed-17999570691447884947/yosys-0.8-synth.v:1905$2902'.
  created $dff cell `$procdff$4831' with positive edge clock.
Creating register for signal `\module15.\reg83 [8]' using process `\module15.$proc$research/pilot_two/seed-17999570691447884947/yosys-0.8-synth.v:1903$2901'.
  created $dff cell `$procdff$4832' with positive edge clock.
Creating register for signal `\module15.\reg83 [7]' using process `\module15.$proc$research/pilot_two/seed-17999570691447884947/yosys-0.8-synth.v:1901$2900'.
  created $dff cell `$procdff$4833' with positive edge clock.
Creating register for signal `\module15.\reg83 [6]' using process `\module15.$proc$research/pilot_two/seed-17999570691447884947/yosys-0.8-synth.v:1899$2899'.
  created $dff cell `$procdff$4834' with positive edge clock.
Creating register for signal `\module15.\reg83 [5]' using process `\module15.$proc$research/pilot_two/seed-17999570691447884947/yosys-0.8-synth.v:1897$2898'.
  created $dff cell `$procdff$4835' with positive edge clock.
Creating register for signal `\module15.\reg83 [4]' using process `\module15.$proc$research/pilot_two/seed-17999570691447884947/yosys-0.8-synth.v:1895$2897'.
  created $dff cell `$procdff$4836' with positive edge clock.
Creating register for signal `\module15.\reg83 [3]' using process `\module15.$proc$research/pilot_two/seed-17999570691447884947/yosys-0.8-synth.v:1893$2896'.
  created $dff cell `$procdff$4837' with positive edge clock.
Creating register for signal `\module15.\reg83 [2]' using process `\module15.$proc$research/pilot_two/seed-17999570691447884947/yosys-0.8-synth.v:1891$2895'.
  created $dff cell `$procdff$4838' with positive edge clock.
Creating register for signal `\module15.\reg83 [1]' using process `\module15.$proc$research/pilot_two/seed-17999570691447884947/yosys-0.8-synth.v:1889$2894'.
  created $dff cell `$procdff$4839' with positive edge clock.
Creating register for signal `\module15.\reg83 [0]' using process `\module15.$proc$research/pilot_two/seed-17999570691447884947/yosys-0.8-synth.v:1887$2893'.
  created $dff cell `$procdff$4840' with positive edge clock.
Creating register for signal `\module15.\reg84_reg[4]' using process `\module15.$proc$research/pilot_two/seed-17999570691447884947/yosys-0.8-synth.v:1884$2892'.
  created $dff cell `$procdff$4841' with positive edge clock.
Creating register for signal `\module15.\reg84_reg[3]' using process `\module15.$proc$research/pilot_two/seed-17999570691447884947/yosys-0.8-synth.v:1880$2891'.
  created $dff cell `$procdff$4842' with positive edge clock.
Creating register for signal `\module15.\reg84_reg[2]' using process `\module15.$proc$research/pilot_two/seed-17999570691447884947/yosys-0.8-synth.v:1876$2890'.
  created $dff cell `$procdff$4843' with positive edge clock.
Creating register for signal `\module15.\reg84_reg[1]' using process `\module15.$proc$research/pilot_two/seed-17999570691447884947/yosys-0.8-synth.v:1872$2889'.
  created $dff cell `$procdff$4844' with positive edge clock.
Creating register for signal `\module15.\reg84_reg[0]' using process `\module15.$proc$research/pilot_two/seed-17999570691447884947/yosys-0.8-synth.v:1868$2888'.
  created $dff cell `$procdff$4845' with positive edge clock.

7.10. Executing PROC_MEMWR pass (convert process memory writes to cells).

7.11. Executing PROC_CLEAN pass (remove empty switches from decision trees).
Removing empty process `top.$proc$research/pilot_two/seed-17999570691447884947/yosys-0.8-synth.v:4444$4460'.
Removing empty process `top.$proc$research/pilot_two/seed-17999570691447884947/yosys-0.8-synth.v:4440$4459'.
Removing empty process `top.$proc$research/pilot_two/seed-17999570691447884947/yosys-0.8-synth.v:4436$4458'.
Removing empty process `top.$proc$research/pilot_two/seed-17999570691447884947/yosys-0.8-synth.v:4432$4457'.
Removing empty process `top.$proc$research/pilot_two/seed-17999570691447884947/yosys-0.8-synth.v:4428$4456'.
Removing empty process `top.$proc$research/pilot_two/seed-17999570691447884947/yosys-0.8-synth.v:4424$4455'.
Removing empty process `top.$proc$research/pilot_two/seed-17999570691447884947/yosys-0.8-synth.v:4420$4454'.
Removing empty process `top.$proc$research/pilot_two/seed-17999570691447884947/yosys-0.8-synth.v:4286$4453'.
Removing empty process `top.$proc$research/pilot_two/seed-17999570691447884947/yosys-0.8-synth.v:4445$4452'.
Removing empty process `top.$proc$research/pilot_two/seed-17999570691447884947/yosys-0.8-synth.v:4441$4451'.
Removing empty process `top.$proc$research/pilot_two/seed-17999570691447884947/yosys-0.8-synth.v:4437$4450'.
Removing empty process `top.$proc$research/pilot_two/seed-17999570691447884947/yosys-0.8-synth.v:4433$4449'.
Removing empty process `top.$proc$research/pilot_two/seed-17999570691447884947/yosys-0.8-synth.v:4429$4448'.
Removing empty process `top.$proc$research/pilot_two/seed-17999570691447884947/yosys-0.8-synth.v:4425$4447'.
Removing empty process `top.$proc$research/pilot_two/seed-17999570691447884947/yosys-0.8-synth.v:4421$4446'.
Removing empty process `top.$proc$research/pilot_two/seed-17999570691447884947/yosys-0.8-synth.v:4418$4445'.
Removing empty process `top.$proc$research/pilot_two/seed-17999570691447884947/yosys-0.8-synth.v:4416$4444'.
Removing empty process `top.$proc$research/pilot_two/seed-17999570691447884947/yosys-0.8-synth.v:4414$4443'.
Removing empty process `top.$proc$research/pilot_two/seed-17999570691447884947/yosys-0.8-synth.v:4412$4442'.
Removing empty process `module95.$proc$research/pilot_two/seed-17999570691447884947/yosys-0.8-synth.v:4145$4283'.
Removing empty process `module95.$proc$research/pilot_two/seed-17999570691447884947/yosys-0.8-synth.v:4141$4282'.
Removing empty process `module95.$proc$research/pilot_two/seed-17999570691447884947/yosys-0.8-synth.v:4137$4281'.
Removing empty process `module95.$proc$research/pilot_two/seed-17999570691447884947/yosys-0.8-synth.v:4133$4280'.
Removing empty process `module95.$proc$research/pilot_two/seed-17999570691447884947/yosys-0.8-synth.v:4129$4279'.
Removing empty process `module95.$proc$research/pilot_two/seed-17999570691447884947/yosys-0.8-synth.v:4125$4278'.
Removing empty process `module95.$proc$research/pilot_two/seed-17999570691447884947/yosys-0.8-synth.v:4121$4277'.
Removing empty process `module95.$proc$research/pilot_two/seed-17999570691447884947/yosys-0.8-synth.v:4117$4276'.
Removing empty process `module95.$proc$research/pilot_two/seed-17999570691447884947/yosys-0.8-synth.v:4113$4275'.
Removing empty process `module95.$proc$research/pilot_two/seed-17999570691447884947/yosys-0.8-synth.v:4109$4274'.
Removing empty process `module95.$proc$research/pilot_two/seed-17999570691447884947/yosys-0.8-synth.v:4105$4273'.
Removing empty process `module95.$proc$research/pilot_two/seed-17999570691447884947/yosys-0.8-synth.v:4101$4272'.
Removing empty process `module95.$proc$research/pilot_two/seed-17999570691447884947/yosys-0.8-synth.v:4097$4271'.
Removing empty process `module95.$proc$research/pilot_two/seed-17999570691447884947/yosys-0.8-synth.v:4093$4270'.
Removing empty process `module95.$proc$research/pilot_two/seed-17999570691447884947/yosys-0.8-synth.v:4089$4269'.
Removing empty process `module95.$proc$research/pilot_two/seed-17999570691447884947/yosys-0.8-synth.v:4085$4268'.
Removing empty process `module95.$proc$research/pilot_two/seed-17999570691447884947/yosys-0.8-synth.v:4081$4267'.
Removing empty process `module95.$proc$research/pilot_two/seed-17999570691447884947/yosys-0.8-synth.v:4077$4266'.
Removing empty process `module95.$proc$research/pilot_two/seed-17999570691447884947/yosys-0.8-synth.v:4073$4265'.
Removing empty process `module95.$proc$research/pilot_two/seed-17999570691447884947/yosys-0.8-synth.v:4069$4264'.
Removing empty process `module95.$proc$research/pilot_two/seed-17999570691447884947/yosys-0.8-synth.v:4065$4263'.
Removing empty process `module95.$proc$research/pilot_two/seed-17999570691447884947/yosys-0.8-synth.v:4061$4262'.
Removing empty process `module95.$proc$research/pilot_two/seed-17999570691447884947/yosys-0.8-synth.v:4057$4261'.
Removing empty process `module95.$proc$research/pilot_two/seed-17999570691447884947/yosys-0.8-synth.v:4053$4260'.
Removing empty process `module95.$proc$research/pilot_two/seed-17999570691447884947/yosys-0.8-synth.v:4049$4259'.
Removing empty process `module95.$proc$research/pilot_two/seed-17999570691447884947/yosys-0.8-synth.v:4045$4258'.
Removing empty process `module95.$proc$research/pilot_two/seed-17999570691447884947/yosys-0.8-synth.v:4041$4257'.
Removing empty process `module95.$proc$research/pilot_two/seed-17999570691447884947/yosys-0.8-synth.v:4037$4256'.
Removing empty process `module95.$proc$research/pilot_two/seed-17999570691447884947/yosys-0.8-synth.v:4033$4255'.
Removing empty process `module95.$proc$research/pilot_two/seed-17999570691447884947/yosys-0.8-synth.v:4029$4254'.
Removing empty process `module95.$proc$research/pilot_two/seed-17999570691447884947/yosys-0.8-synth.v:4025$4253'.
Removing empty process `module95.$proc$research/pilot_two/seed-17999570691447884947/yosys-0.8-synth.v:4021$4252'.
Removing empty process `module95.$proc$research/pilot_two/seed-17999570691447884947/yosys-0.8-synth.v:4017$4251'.
Removing empty process `module95.$proc$research/pilot_two/seed-17999570691447884947/yosys-0.8-synth.v:4013$4250'.
Removing empty process `module95.$proc$research/pilot_two/seed-17999570691447884947/yosys-0.8-synth.v:4009$4249'.
Removing empty process `module95.$proc$research/pilot_two/seed-17999570691447884947/yosys-0.8-synth.v:4005$4248'.
Removing empty process `module95.$proc$research/pilot_two/seed-17999570691447884947/yosys-0.8-synth.v:4001$4247'.
Removing empty process `module95.$proc$research/pilot_two/seed-17999570691447884947/yosys-0.8-synth.v:3997$4246'.
Removing empty process `module95.$proc$research/pilot_two/seed-17999570691447884947/yosys-0.8-synth.v:3993$4245'.
Removing empty process `module95.$proc$research/pilot_two/seed-17999570691447884947/yosys-0.8-synth.v:3989$4244'.
Removing empty process `module95.$proc$research/pilot_two/seed-17999570691447884947/yosys-0.8-synth.v:3985$4243'.
Removing empty process `module95.$proc$research/pilot_two/seed-17999570691447884947/yosys-0.8-synth.v:3981$4242'.
Removing empty process `module95.$proc$research/pilot_two/seed-17999570691447884947/yosys-0.8-synth.v:3977$4241'.
Removing empty process `module95.$proc$research/pilot_two/seed-17999570691447884947/yosys-0.8-synth.v:3973$4240'.
Removing empty process `module95.$proc$research/pilot_two/seed-17999570691447884947/yosys-0.8-synth.v:3969$4239'.
Removing empty process `module95.$proc$research/pilot_two/seed-17999570691447884947/yosys-0.8-synth.v:3965$4238'.
Removing empty process `module95.$proc$research/pilot_two/seed-17999570691447884947/yosys-0.8-synth.v:3961$4237'.
Removing empty process `module95.$proc$research/pilot_two/seed-17999570691447884947/yosys-0.8-synth.v:3957$4236'.
Removing empty process `module95.$proc$research/pilot_two/seed-17999570691447884947/yosys-0.8-synth.v:3953$4235'.
Removing empty process `module95.$proc$research/pilot_two/seed-17999570691447884947/yosys-0.8-synth.v:3949$4234'.
Removing empty process `module95.$proc$research/pilot_two/seed-17999570691447884947/yosys-0.8-synth.v:3945$4233'.
Removing empty process `module95.$proc$research/pilot_two/seed-17999570691447884947/yosys-0.8-synth.v:3941$4232'.
Removing empty process `module95.$proc$research/pilot_two/seed-17999570691447884947/yosys-0.8-synth.v:3937$4231'.
Removing empty process `module95.$proc$research/pilot_two/seed-17999570691447884947/yosys-0.8-synth.v:3933$4230'.
Removing empty process `module95.$proc$research/pilot_two/seed-17999570691447884947/yosys-0.8-synth.v:3929$4229'.
Removing empty process `module95.$proc$research/pilot_two/seed-17999570691447884947/yosys-0.8-synth.v:4146$4228'.
Removing empty process `module95.$proc$research/pilot_two/seed-17999570691447884947/yosys-0.8-synth.v:4142$4227'.
Removing empty process `module95.$proc$research/pilot_two/seed-17999570691447884947/yosys-0.8-synth.v:4138$4226'.
Removing empty process `module95.$proc$research/pilot_two/seed-17999570691447884947/yosys-0.8-synth.v:4134$4225'.
Removing empty process `module95.$proc$research/pilot_two/seed-17999570691447884947/yosys-0.8-synth.v:4130$4224'.
Removing empty process `module95.$proc$research/pilot_two/seed-17999570691447884947/yosys-0.8-synth.v:4126$4223'.
Removing empty process `module95.$proc$research/pilot_two/seed-17999570691447884947/yosys-0.8-synth.v:4122$4222'.
Removing empty process `module95.$proc$research/pilot_two/seed-17999570691447884947/yosys-0.8-synth.v:4118$4221'.
Removing empty process `module95.$proc$research/pilot_two/seed-17999570691447884947/yosys-0.8-synth.v:4114$4220'.
Removing empty process `module95.$proc$research/pilot_two/seed-17999570691447884947/yosys-0.8-synth.v:4110$4219'.
Removing empty process `module95.$proc$research/pilot_two/seed-17999570691447884947/yosys-0.8-synth.v:4106$4218'.
Removing empty process `module95.$proc$research/pilot_two/seed-17999570691447884947/yosys-0.8-synth.v:4102$4217'.
Removing empty process `module95.$proc$research/pilot_two/seed-17999570691447884947/yosys-0.8-synth.v:4098$4216'.
Removing empty process `module95.$proc$research/pilot_two/seed-17999570691447884947/yosys-0.8-synth.v:4094$4215'.
Removing empty process `module95.$proc$research/pilot_two/seed-17999570691447884947/yosys-0.8-synth.v:4090$4214'.
Removing empty process `module95.$proc$research/pilot_two/seed-17999570691447884947/yosys-0.8-synth.v:4086$4213'.
Removing empty process `module95.$proc$research/pilot_two/seed-17999570691447884947/yosys-0.8-synth.v:4082$4212'.
Removing empty process `module95.$proc$research/pilot_two/seed-17999570691447884947/yosys-0.8-synth.v:4078$4211'.
Removing empty process `module95.$proc$research/pilot_two/seed-17999570691447884947/yosys-0.8-synth.v:4074$4210'.
Removing empty process `module95.$proc$research/pilot_two/seed-17999570691447884947/yosys-0.8-synth.v:4070$4209'.
Removing empty process `module95.$proc$research/pilot_two/seed-17999570691447884947/yosys-0.8-synth.v:4066$4208'.
Removing empty process `module95.$proc$research/pilot_two/seed-17999570691447884947/yosys-0.8-synth.v:4062$4207'.
Removing empty process `module95.$proc$research/pilot_two/seed-17999570691447884947/yosys-0.8-synth.v:4058$4206'.
Removing empty process `module95.$proc$research/pilot_two/seed-17999570691447884947/yosys-0.8-synth.v:4054$4205'.
Removing empty process `module95.$proc$research/pilot_two/seed-17999570691447884947/yosys-0.8-synth.v:4050$4204'.
Removing empty process `module95.$proc$research/pilot_two/seed-17999570691447884947/yosys-0.8-synth.v:4046$4203'.
Removing empty process `module95.$proc$research/pilot_two/seed-17999570691447884947/yosys-0.8-synth.v:4042$4202'.
Removing empty process `module95.$proc$research/pilot_two/seed-17999570691447884947/yosys-0.8-synth.v:4038$4201'.
Removing empty process `module95.$proc$research/pilot_two/seed-17999570691447884947/yosys-0.8-synth.v:4034$4200'.
Removing empty process `module95.$proc$research/pilot_two/seed-17999570691447884947/yosys-0.8-synth.v:4030$4199'.
Removing empty process `module95.$proc$research/pilot_two/seed-17999570691447884947/yosys-0.8-synth.v:4026$4198'.
Removing empty process `module95.$proc$research/pilot_two/seed-17999570691447884947/yosys-0.8-synth.v:4022$4197'.
Removing empty process `module95.$proc$research/pilot_two/seed-17999570691447884947/yosys-0.8-synth.v:4018$4196'.
Removing empty process `module95.$proc$research/pilot_two/seed-17999570691447884947/yosys-0.8-synth.v:4014$4195'.
Removing empty process `module95.$proc$research/pilot_two/seed-17999570691447884947/yosys-0.8-synth.v:4010$4194'.
Removing empty process `module95.$proc$research/pilot_two/seed-17999570691447884947/yosys-0.8-synth.v:4006$4193'.
Removing empty process `module95.$proc$research/pilot_two/seed-17999570691447884947/yosys-0.8-synth.v:4002$4192'.
Removing empty process `module95.$proc$research/pilot_two/seed-17999570691447884947/yosys-0.8-synth.v:3998$4191'.
Removing empty process `module95.$proc$research/pilot_two/seed-17999570691447884947/yosys-0.8-synth.v:3994$4190'.
Removing empty process `module95.$proc$research/pilot_two/seed-17999570691447884947/yosys-0.8-synth.v:3990$4189'.
Removing empty process `module95.$proc$research/pilot_two/seed-17999570691447884947/yosys-0.8-synth.v:3986$4188'.
Removing empty process `module95.$proc$research/pilot_two/seed-17999570691447884947/yosys-0.8-synth.v:3982$4187'.
Removing empty process `module95.$proc$research/pilot_two/seed-17999570691447884947/yosys-0.8-synth.v:3978$4186'.
Removing empty process `module95.$proc$research/pilot_two/seed-17999570691447884947/yosys-0.8-synth.v:3974$4185'.
Removing empty process `module95.$proc$research/pilot_two/seed-17999570691447884947/yosys-0.8-synth.v:3970$4184'.
Removing empty process `module95.$proc$research/pilot_two/seed-17999570691447884947/yosys-0.8-synth.v:3966$4183'.
Removing empty process `module95.$proc$research/pilot_two/seed-17999570691447884947/yosys-0.8-synth.v:3962$4182'.
Removing empty process `module95.$proc$research/pilot_two/seed-17999570691447884947/yosys-0.8-synth.v:3958$4181'.
Removing empty process `module95.$proc$research/pilot_two/seed-17999570691447884947/yosys-0.8-synth.v:3954$4180'.
Removing empty process `module95.$proc$research/pilot_two/seed-17999570691447884947/yosys-0.8-synth.v:3950$4179'.
Removing empty process `module95.$proc$research/pilot_two/seed-17999570691447884947/yosys-0.8-synth.v:3946$4178'.
Removing empty process `module95.$proc$research/pilot_two/seed-17999570691447884947/yosys-0.8-synth.v:3942$4177'.
Removing empty process `module95.$proc$research/pilot_two/seed-17999570691447884947/yosys-0.8-synth.v:3938$4176'.
Removing empty process `module95.$proc$research/pilot_two/seed-17999570691447884947/yosys-0.8-synth.v:3934$4175'.
Removing empty process `module95.$proc$research/pilot_two/seed-17999570691447884947/yosys-0.8-synth.v:3930$4174'.
Removing empty process `module9.$proc$research/pilot_two/seed-17999570691447884947/yosys-0.8-synth.v:3335$3751'.
Removing empty process `module9.$proc$research/pilot_two/seed-17999570691447884947/yosys-0.8-synth.v:3331$3750'.
Removing empty process `module9.$proc$research/pilot_two/seed-17999570691447884947/yosys-0.8-synth.v:3299$3749'.
Removing empty process `module9.$proc$research/pilot_two/seed-17999570691447884947/yosys-0.8-synth.v:3295$3748'.
Removing empty process `module9.$proc$research/pilot_two/seed-17999570691447884947/yosys-0.8-synth.v:3291$3747'.
Removing empty process `module9.$proc$research/pilot_two/seed-17999570691447884947/yosys-0.8-synth.v:3287$3746'.
Removing empty process `module9.$proc$research/pilot_two/seed-17999570691447884947/yosys-0.8-synth.v:3283$3745'.
Removing empty process `module9.$proc$research/pilot_two/seed-17999570691447884947/yosys-0.8-synth.v:3279$3744'.
Removing empty process `module9.$proc$research/pilot_two/seed-17999570691447884947/yosys-0.8-synth.v:3275$3743'.
Removing empty process `module9.$proc$research/pilot_two/seed-17999570691447884947/yosys-0.8-synth.v:3271$3742'.
Removing empty process `module9.$proc$research/pilot_two/seed-17999570691447884947/yosys-0.8-synth.v:3267$3741'.
Removing empty process `module9.$proc$research/pilot_two/seed-17999570691447884947/yosys-0.8-synth.v:3263$3740'.
Removing empty process `module9.$proc$research/pilot_two/seed-17999570691447884947/yosys-0.8-synth.v:3259$3739'.
Removing empty process `module9.$proc$research/pilot_two/seed-17999570691447884947/yosys-0.8-synth.v:3255$3738'.
Removing empty process `module9.$proc$research/pilot_two/seed-17999570691447884947/yosys-0.8-synth.v:3227$3737'.
Removing empty process `module9.$proc$research/pilot_two/seed-17999570691447884947/yosys-0.8-synth.v:3223$3736'.
Removing empty process `module9.$proc$research/pilot_two/seed-17999570691447884947/yosys-0.8-synth.v:3219$3735'.
Removing empty process `module9.$proc$research/pilot_two/seed-17999570691447884947/yosys-0.8-synth.v:3215$3734'.
Removing empty process `module9.$proc$research/pilot_two/seed-17999570691447884947/yosys-0.8-synth.v:3211$3733'.
Removing empty process `module9.$proc$research/pilot_two/seed-17999570691447884947/yosys-0.8-synth.v:3207$3732'.
Removing empty process `module9.$proc$research/pilot_two/seed-17999570691447884947/yosys-0.8-synth.v:3203$3731'.
Removing empty process `module9.$proc$research/pilot_two/seed-17999570691447884947/yosys-0.8-synth.v:3199$3730'.
Removing empty process `module9.$proc$research/pilot_two/seed-17999570691447884947/yosys-0.8-synth.v:3195$3729'.
Removing empty process `module9.$proc$research/pilot_two/seed-17999570691447884947/yosys-0.8-synth.v:3191$3728'.
Removing empty process `module9.$proc$research/pilot_two/seed-17999570691447884947/yosys-0.8-synth.v:3187$3727'.
Removing empty process `module9.$proc$research/pilot_two/seed-17999570691447884947/yosys-0.8-synth.v:3183$3726'.
Removing empty process `module9.$proc$research/pilot_two/seed-17999570691447884947/yosys-0.8-synth.v:3179$3725'.
Removing empty process `module9.$proc$research/pilot_two/seed-17999570691447884947/yosys-0.8-synth.v:3175$3724'.
Removing empty process `module9.$proc$research/pilot_two/seed-17999570691447884947/yosys-0.8-synth.v:3171$3723'.
Removing empty process `module9.$proc$research/pilot_two/seed-17999570691447884947/yosys-0.8-synth.v:3167$3722'.
Removing empty process `module9.$proc$research/pilot_two/seed-17999570691447884947/yosys-0.8-synth.v:2851$3721'.
Removing empty process `module9.$proc$research/pilot_two/seed-17999570691447884947/yosys-0.8-synth.v:2848$3720'.
Removing empty process `module9.$proc$research/pilot_two/seed-17999570691447884947/yosys-0.8-synth.v:2847$3719'.
Removing empty process `module9.$proc$research/pilot_two/seed-17999570691447884947/yosys-0.8-synth.v:3336$3718'.
Removing empty process `module9.$proc$research/pilot_two/seed-17999570691447884947/yosys-0.8-synth.v:3332$3717'.
Removing empty process `module9.$proc$research/pilot_two/seed-17999570691447884947/yosys-0.8-synth.v:3329$3716'.
Removing empty process `module9.$proc$research/pilot_two/seed-17999570691447884947/yosys-0.8-synth.v:3327$3715'.
Removing empty process `module9.$proc$research/pilot_two/seed-17999570691447884947/yosys-0.8-synth.v:3325$3714'.
Removing empty process `module9.$proc$research/pilot_two/seed-17999570691447884947/yosys-0.8-synth.v:3323$3713'.
Removing empty process `module9.$proc$research/pilot_two/seed-17999570691447884947/yosys-0.8-synth.v:3321$3712'.
Removing empty process `module9.$proc$research/pilot_two/seed-17999570691447884947/yosys-0.8-synth.v:3319$3711'.
Removing empty process `module9.$proc$research/pilot_two/seed-17999570691447884947/yosys-0.8-synth.v:3317$3710'.
Removing empty process `module9.$proc$research/pilot_two/seed-17999570691447884947/yosys-0.8-synth.v:3315$3709'.
Removing empty process `module9.$proc$research/pilot_two/seed-17999570691447884947/yosys-0.8-synth.v:3313$3708'.
Removing empty process `module9.$proc$research/pilot_two/seed-17999570691447884947/yosys-0.8-synth.v:3311$3707'.
Removing empty process `module9.$proc$research/pilot_two/seed-17999570691447884947/yosys-0.8-synth.v:3309$3706'.
Removing empty process `module9.$proc$research/pilot_two/seed-17999570691447884947/yosys-0.8-synth.v:3307$3705'.
Removing empty process `module9.$proc$research/pilot_two/seed-17999570691447884947/yosys-0.8-synth.v:3305$3704'.
Removing empty process `module9.$proc$research/pilot_two/seed-17999570691447884947/yosys-0.8-synth.v:3303$3703'.
Removing empty process `module9.$proc$research/pilot_two/seed-17999570691447884947/yosys-0.8-synth.v:3300$3702'.
Removing empty process `module9.$proc$research/pilot_two/seed-17999570691447884947/yosys-0.8-synth.v:3296$3701'.
Removing empty process `module9.$proc$research/pilot_two/seed-17999570691447884947/yosys-0.8-synth.v:3292$3700'.
Removing empty process `module9.$proc$research/pilot_two/seed-17999570691447884947/yosys-0.8-synth.v:3288$3699'.
Removing empty process `module9.$proc$research/pilot_two/seed-17999570691447884947/yosys-0.8-synth.v:3284$3698'.
Removing empty process `module9.$proc$research/pilot_two/seed-17999570691447884947/yosys-0.8-synth.v:3280$3697'.
Removing empty process `module9.$proc$research/pilot_two/seed-17999570691447884947/yosys-0.8-synth.v:3276$3696'.
Removing empty process `module9.$proc$research/pilot_two/seed-17999570691447884947/yosys-0.8-synth.v:3272$3695'.
Removing empty process `module9.$proc$research/pilot_two/seed-17999570691447884947/yosys-0.8-synth.v:3268$3694'.
Removing empty process `module9.$proc$research/pilot_two/seed-17999570691447884947/yosys-0.8-synth.v:3264$3693'.
Removing empty process `module9.$proc$research/pilot_two/seed-17999570691447884947/yosys-0.8-synth.v:3260$3692'.
Removing empty process `module9.$proc$research/pilot_two/seed-17999570691447884947/yosys-0.8-synth.v:3256$3691'.
Removing empty process `module9.$proc$research/pilot_two/seed-17999570691447884947/yosys-0.8-synth.v:3253$3690'.
Removing empty process `module9.$proc$research/pilot_two/seed-17999570691447884947/yosys-0.8-synth.v:3251$3689'.
Removing empty process `module9.$proc$research/pilot_two/seed-17999570691447884947/yosys-0.8-synth.v:3249$3688'.
Removing empty process `module9.$proc$research/pilot_two/seed-17999570691447884947/yosys-0.8-synth.v:3247$3687'.
Removing empty process `module9.$proc$research/pilot_two/seed-17999570691447884947/yosys-0.8-synth.v:3245$3686'.
Removing empty process `module9.$proc$research/pilot_two/seed-17999570691447884947/yosys-0.8-synth.v:3243$3685'.
Removing empty process `module9.$proc$research/pilot_two/seed-17999570691447884947/yosys-0.8-synth.v:3241$3684'.
Removing empty process `module9.$proc$research/pilot_two/seed-17999570691447884947/yosys-0.8-synth.v:3239$3683'.
Removing empty process `module9.$proc$research/pilot_two/seed-17999570691447884947/yosys-0.8-synth.v:3237$3682'.
Removing empty process `module9.$proc$research/pilot_two/seed-17999570691447884947/yosys-0.8-synth.v:3235$3681'.
Removing empty process `module9.$proc$research/pilot_two/seed-17999570691447884947/yosys-0.8-synth.v:3233$3680'.
Removing empty process `module9.$proc$research/pilot_two/seed-17999570691447884947/yosys-0.8-synth.v:3231$3679'.
Removing empty process `module9.$proc$research/pilot_two/seed-17999570691447884947/yosys-0.8-synth.v:3228$3678'.
Removing empty process `module9.$proc$research/pilot_two/seed-17999570691447884947/yosys-0.8-synth.v:3224$3677'.
Removing empty process `module9.$proc$research/pilot_two/seed-17999570691447884947/yosys-0.8-synth.v:3220$3676'.
Removing empty process `module9.$proc$research/pilot_two/seed-17999570691447884947/yosys-0.8-synth.v:3216$3675'.
Removing empty process `module9.$proc$research/pilot_two/seed-17999570691447884947/yosys-0.8-synth.v:3212$3674'.
Removing empty process `module9.$proc$research/pilot_two/seed-17999570691447884947/yosys-0.8-synth.v:3208$3673'.
Removing empty process `module9.$proc$research/pilot_two/seed-17999570691447884947/yosys-0.8-synth.v:3204$3672'.
Removing empty process `module9.$proc$research/pilot_two/seed-17999570691447884947/yosys-0.8-synth.v:3200$3671'.
Removing empty process `module9.$proc$research/pilot_two/seed-17999570691447884947/yosys-0.8-synth.v:3196$3670'.
Removing empty process `module9.$proc$research/pilot_two/seed-17999570691447884947/yosys-0.8-synth.v:3192$3669'.
Removing empty process `module9.$proc$research/pilot_two/seed-17999570691447884947/yosys-0.8-synth.v:3188$3668'.
Removing empty process `module9.$proc$research/pilot_two/seed-17999570691447884947/yosys-0.8-synth.v:3184$3667'.
Removing empty process `module9.$proc$research/pilot_two/seed-17999570691447884947/yosys-0.8-synth.v:3180$3666'.
Removing empty process `module9.$proc$research/pilot_two/seed-17999570691447884947/yosys-0.8-synth.v:3176$3665'.
Removing empty process `module9.$proc$research/pilot_two/seed-17999570691447884947/yosys-0.8-synth.v:3172$3664'.
Removing empty process `module9.$proc$research/pilot_two/seed-17999570691447884947/yosys-0.8-synth.v:3168$3663'.
Removing empty process `module15.$proc$research/pilot_two/seed-17999570691447884947/yosys-0.8-synth.v:2523$3235'.
Removing empty process `module15.$proc$research/pilot_two/seed-17999570691447884947/yosys-0.8-synth.v:2519$3234'.
Removing empty process `module15.$proc$research/pilot_two/seed-17999570691447884947/yosys-0.8-synth.v:2515$3233'.
Removing empty process `module15.$proc$research/pilot_two/seed-17999570691447884947/yosys-0.8-synth.v:2511$3232'.
Removing empty process `module15.$proc$research/pilot_two/seed-17999570691447884947/yosys-0.8-synth.v:2507$3231'.
Removing empty process `module15.$proc$research/pilot_two/seed-17999570691447884947/yosys-0.8-synth.v:2503$3230'.
Removing empty process `module15.$proc$research/pilot_two/seed-17999570691447884947/yosys-0.8-synth.v:2499$3229'.
Removing empty process `module15.$proc$research/pilot_two/seed-17999570691447884947/yosys-0.8-synth.v:2495$3228'.
Removing empty process `module15.$proc$research/pilot_two/seed-17999570691447884947/yosys-0.8-synth.v:2491$3227'.
Removing empty process `module15.$proc$research/pilot_two/seed-17999570691447884947/yosys-0.8-synth.v:2487$3226'.
Removing empty process `module15.$proc$research/pilot_two/seed-17999570691447884947/yosys-0.8-synth.v:2483$3225'.
Removing empty process `module15.$proc$research/pilot_two/seed-17999570691447884947/yosys-0.8-synth.v:2417$3224'.
Removing empty process `module15.$proc$research/pilot_two/seed-17999570691447884947/yosys-0.8-synth.v:2413$3223'.
Removing empty process `module15.$proc$research/pilot_two/seed-17999570691447884947/yosys-0.8-synth.v:2409$3222'.
Removing empty process `module15.$proc$research/pilot_two/seed-17999570691447884947/yosys-0.8-synth.v:2405$3221'.
Removing empty process `module15.$proc$research/pilot_two/seed-17999570691447884947/yosys-0.8-synth.v:2401$3220'.
Removing empty process `module15.$proc$research/pilot_two/seed-17999570691447884947/yosys-0.8-synth.v:2397$3219'.
Removing empty process `module15.$proc$research/pilot_two/seed-17999570691447884947/yosys-0.8-synth.v:2393$3218'.
Removing empty process `module15.$proc$research/pilot_two/seed-17999570691447884947/yosys-0.8-synth.v:2379$3217'.
Removing empty process `module15.$proc$research/pilot_two/seed-17999570691447884947/yosys-0.8-synth.v:2375$3216'.
Removing empty process `module15.$proc$research/pilot_two/seed-17999570691447884947/yosys-0.8-synth.v:2371$3215'.
Removing empty process `module15.$proc$research/pilot_two/seed-17999570691447884947/yosys-0.8-synth.v:2331$3214'.
Removing empty process `module15.$proc$research/pilot_two/seed-17999570691447884947/yosys-0.8-synth.v:2327$3213'.
Removing empty process `module15.$proc$research/pilot_two/seed-17999570691447884947/yosys-0.8-synth.v:2323$3212'.
Removing empty process `module15.$proc$research/pilot_two/seed-17999570691447884947/yosys-0.8-synth.v:2319$3211'.
Removing empty process `module15.$proc$research/pilot_two/seed-17999570691447884947/yosys-0.8-synth.v:2265$3210'.
Removing empty process `module15.$proc$research/pilot_two/seed-17999570691447884947/yosys-0.8-synth.v:2261$3209'.
Removing empty process `module15.$proc$research/pilot_two/seed-17999570691447884947/yosys-0.8-synth.v:2257$3208'.
Removing empty process `module15.$proc$research/pilot_two/seed-17999570691447884947/yosys-0.8-synth.v:2253$3207'.
Removing empty process `module15.$proc$research/pilot_two/seed-17999570691447884947/yosys-0.8-synth.v:2233$3206'.
Removing empty process `module15.$proc$research/pilot_two/seed-17999570691447884947/yosys-0.8-synth.v:2229$3205'.
Removing empty process `module15.$proc$research/pilot_two/seed-17999570691447884947/yosys-0.8-synth.v:2225$3204'.
Removing empty process `module15.$proc$research/pilot_two/seed-17999570691447884947/yosys-0.8-synth.v:2221$3203'.
Removing empty process `module15.$proc$research/pilot_two/seed-17999570691447884947/yosys-0.8-synth.v:2217$3202'.
Removing empty process `module15.$proc$research/pilot_two/seed-17999570691447884947/yosys-0.8-synth.v:2213$3201'.
Removing empty process `module15.$proc$research/pilot_two/seed-17999570691447884947/yosys-0.8-synth.v:2209$3200'.
Removing empty process `module15.$proc$research/pilot_two/seed-17999570691447884947/yosys-0.8-synth.v:2205$3199'.
Removing empty process `module15.$proc$research/pilot_two/seed-17999570691447884947/yosys-0.8-synth.v:2201$3198'.
Removing empty process `module15.$proc$research/pilot_two/seed-17999570691447884947/yosys-0.8-synth.v:2059$3197'.
Removing empty process `module15.$proc$research/pilot_two/seed-17999570691447884947/yosys-0.8-synth.v:2055$3196'.
Removing empty process `module15.$proc$research/pilot_two/seed-17999570691447884947/yosys-0.8-synth.v:2051$3195'.
Removing empty process `module15.$proc$research/pilot_two/seed-17999570691447884947/yosys-0.8-synth.v:2047$3194'.
Removing empty process `module15.$proc$research/pilot_two/seed-17999570691447884947/yosys-0.8-synth.v:2043$3193'.
Removing empty process `module15.$proc$research/pilot_two/seed-17999570691447884947/yosys-0.8-synth.v:2039$3192'.
Removing empty process `module15.$proc$research/pilot_two/seed-17999570691447884947/yosys-0.8-synth.v:2035$3191'.
Removing empty process `module15.$proc$research/pilot_two/seed-17999570691447884947/yosys-0.8-synth.v:2031$3190'.
Removing empty process `module15.$proc$research/pilot_two/seed-17999570691447884947/yosys-0.8-synth.v:2027$3189'.
Removing empty process `module15.$proc$research/pilot_two/seed-17999570691447884947/yosys-0.8-synth.v:2023$3188'.
Removing empty process `module15.$proc$research/pilot_two/seed-17999570691447884947/yosys-0.8-synth.v:2019$3187'.
Removing empty process `module15.$proc$research/pilot_two/seed-17999570691447884947/yosys-0.8-synth.v:2015$3186'.
Removing empty process `module15.$proc$research/pilot_two/seed-17999570691447884947/yosys-0.8-synth.v:2011$3185'.
Removing empty process `module15.$proc$research/pilot_two/seed-17999570691447884947/yosys-0.8-synth.v:1991$3184'.
Removing empty process `module15.$proc$research/pilot_two/seed-17999570691447884947/yosys-0.8-synth.v:1987$3183'.
Removing empty process `module15.$proc$research/pilot_two/seed-17999570691447884947/yosys-0.8-synth.v:1983$3182'.
Removing empty process `module15.$proc$research/pilot_two/seed-17999570691447884947/yosys-0.8-synth.v:1947$3181'.
Removing empty process `module15.$proc$research/pilot_two/seed-17999570691447884947/yosys-0.8-synth.v:1943$3180'.
Removing empty process `module15.$proc$research/pilot_two/seed-17999570691447884947/yosys-0.8-synth.v:1939$3179'.
Removing empty process `module15.$proc$research/pilot_two/seed-17999570691447884947/yosys-0.8-synth.v:1935$3178'.
Removing empty process `module15.$proc$research/pilot_two/seed-17999570691447884947/yosys-0.8-synth.v:1931$3177'.
Removing empty process `module15.$proc$research/pilot_two/seed-17999570691447884947/yosys-0.8-synth.v:1927$3176'.
Removing empty process `module15.$proc$research/pilot_two/seed-17999570691447884947/yosys-0.8-synth.v:1923$3175'.
Removing empty process `module15.$proc$research/pilot_two/seed-17999570691447884947/yosys-0.8-synth.v:1919$3174'.
Removing empty process `module15.$proc$research/pilot_two/seed-17999570691447884947/yosys-0.8-synth.v:1883$3173'.
Removing empty process `module15.$proc$research/pilot_two/seed-17999570691447884947/yosys-0.8-synth.v:1879$3172'.
Removing empty process `module15.$proc$research/pilot_two/seed-17999570691447884947/yosys-0.8-synth.v:1875$3171'.
Removing empty process `module15.$proc$research/pilot_two/seed-17999570691447884947/yosys-0.8-synth.v:1871$3170'.
Removing empty process `module15.$proc$research/pilot_two/seed-17999570691447884947/yosys-0.8-synth.v:1867$3169'.
Removing empty process `module15.$proc$research/pilot_two/seed-17999570691447884947/yosys-0.8-synth.v:833$3168'.
Removing empty process `module15.$proc$research/pilot_two/seed-17999570691447884947/yosys-0.8-synth.v:830$3167'.
Removing empty process `module15.$proc$research/pilot_two/seed-17999570691447884947/yosys-0.8-synth.v:828$3166'.
Removing empty process `module15.$proc$research/pilot_two/seed-17999570691447884947/yosys-0.8-synth.v:822$3165'.
Removing empty process `module15.$proc$research/pilot_two/seed-17999570691447884947/yosys-0.8-synth.v:821$3164'.
Removing empty process `module15.$proc$research/pilot_two/seed-17999570691447884947/yosys-0.8-synth.v:820$3163'.
Removing empty process `module15.$proc$research/pilot_two/seed-17999570691447884947/yosys-0.8-synth.v:819$3162'.
Removing empty process `module15.$proc$research/pilot_two/seed-17999570691447884947/yosys-0.8-synth.v:818$3161'.
Removing empty process `module15.$proc$research/pilot_two/seed-17999570691447884947/yosys-0.8-synth.v:813$3160'.
Removing empty process `module15.$proc$research/pilot_two/seed-17999570691447884947/yosys-0.8-synth.v:812$3159'.
Removing empty process `module15.$proc$research/pilot_two/seed-17999570691447884947/yosys-0.8-synth.v:811$3158'.
Removing empty process `module15.$proc$research/pilot_two/seed-17999570691447884947/yosys-0.8-synth.v:810$3157'.
Removing empty process `module15.$proc$research/pilot_two/seed-17999570691447884947/yosys-0.8-synth.v:807$3156'.
Removing empty process `module15.$proc$research/pilot_two/seed-17999570691447884947/yosys-0.8-synth.v:806$3155'.
Removing empty process `module15.$proc$research/pilot_two/seed-17999570691447884947/yosys-0.8-synth.v:804$3154'.
Removing empty process `module15.$proc$research/pilot_two/seed-17999570691447884947/yosys-0.8-synth.v:797$3153'.
Removing empty process `module15.$proc$research/pilot_two/seed-17999570691447884947/yosys-0.8-synth.v:796$3152'.
Removing empty process `module15.$proc$research/pilot_two/seed-17999570691447884947/yosys-0.8-synth.v:795$3151'.
Removing empty process `module15.$proc$research/pilot_two/seed-17999570691447884947/yosys-0.8-synth.v:2524$3150'.
Removing empty process `module15.$proc$research/pilot_two/seed-17999570691447884947/yosys-0.8-synth.v:2520$3149'.
Removing empty process `module15.$proc$research/pilot_two/seed-17999570691447884947/yosys-0.8-synth.v:2516$3148'.
Removing empty process `module15.$proc$research/pilot_two/seed-17999570691447884947/yosys-0.8-synth.v:2512$3147'.
Removing empty process `module15.$proc$research/pilot_two/seed-17999570691447884947/yosys-0.8-synth.v:2508$3146'.
Removing empty process `module15.$proc$research/pilot_two/seed-17999570691447884947/yosys-0.8-synth.v:2504$3145'.
Removing empty process `module15.$proc$research/pilot_two/seed-17999570691447884947/yosys-0.8-synth.v:2500$3144'.
Removing empty process `module15.$proc$research/pilot_two/seed-17999570691447884947/yosys-0.8-synth.v:2496$3143'.
Removing empty process `module15.$proc$research/pilot_two/seed-17999570691447884947/yosys-0.8-synth.v:2492$3142'.
Removing empty process `module15.$proc$research/pilot_two/seed-17999570691447884947/yosys-0.8-synth.v:2488$3141'.
Removing empty process `module15.$proc$research/pilot_two/seed-17999570691447884947/yosys-0.8-synth.v:2484$3140'.
Removing empty process `module15.$proc$research/pilot_two/seed-17999570691447884947/yosys-0.8-synth.v:2481$3139'.
Removing empty process `module15.$proc$research/pilot_two/seed-17999570691447884947/yosys-0.8-synth.v:2479$3138'.
Removing empty process `module15.$proc$research/pilot_two/seed-17999570691447884947/yosys-0.8-synth.v:2477$3137'.
Removing empty process `module15.$proc$research/pilot_two/seed-17999570691447884947/yosys-0.8-synth.v:2475$3136'.
Removing empty process `module15.$proc$research/pilot_two/seed-17999570691447884947/yosys-0.8-synth.v:2473$3135'.
Removing empty process `module15.$proc$research/pilot_two/seed-17999570691447884947/yosys-0.8-synth.v:2471$3134'.
Removing empty process `module15.$proc$research/pilot_two/seed-17999570691447884947/yosys-0.8-synth.v:2469$3133'.
Removing empty process `module15.$proc$research/pilot_two/seed-17999570691447884947/yosys-0.8-synth.v:2467$3132'.
Removing empty process `module15.$proc$research/pilot_two/seed-17999570691447884947/yosys-0.8-synth.v:2465$3131'.
Removing empty process `module15.$proc$research/pilot_two/seed-17999570691447884947/yosys-0.8-synth.v:2463$3130'.
Removing empty process `module15.$proc$research/pilot_two/seed-17999570691447884947/yosys-0.8-synth.v:2461$3129'.
Removing empty process `module15.$proc$research/pilot_two/seed-17999570691447884947/yosys-0.8-synth.v:2459$3128'.
Removing empty process `module15.$proc$research/pilot_two/seed-17999570691447884947/yosys-0.8-synth.v:2457$3127'.
Removing empty process `module15.$proc$research/pilot_two/seed-17999570691447884947/yosys-0.8-synth.v:2455$3126'.
Removing empty process `module15.$proc$research/pilot_two/seed-17999570691447884947/yosys-0.8-synth.v:2453$3125'.
Removing empty process `module15.$proc$research/pilot_two/seed-17999570691447884947/yosys-0.8-synth.v:2451$3124'.
Removing empty process `module15.$proc$research/pilot_two/seed-17999570691447884947/yosys-0.8-synth.v:2449$3123'.
Removing empty process `module15.$proc$research/pilot_two/seed-17999570691447884947/yosys-0.8-synth.v:2447$3122'.
Removing empty process `module15.$proc$research/pilot_two/seed-17999570691447884947/yosys-0.8-synth.v:2445$3121'.
Removing empty process `module15.$proc$research/pilot_two/seed-17999570691447884947/yosys-0.8-synth.v:2443$3120'.
Removing empty process `module15.$proc$research/pilot_two/seed-17999570691447884947/yosys-0.8-synth.v:2441$3119'.
Removing empty process `module15.$proc$research/pilot_two/seed-17999570691447884947/yosys-0.8-synth.v:2439$3118'.
Removing empty process `module15.$proc$research/pilot_two/seed-17999570691447884947/yosys-0.8-synth.v:2437$3117'.
Removing empty process `module15.$proc$research/pilot_two/seed-17999570691447884947/yosys-0.8-synth.v:2435$3116'.
Removing empty process `module15.$proc$research/pilot_two/seed-17999570691447884947/yosys-0.8-synth.v:2433$3115'.
Removing empty process `module15.$proc$research/pilot_two/seed-17999570691447884947/yosys-0.8-synth.v:2431$3114'.
Removing empty process `module15.$proc$research/pilot_two/seed-17999570691447884947/yosys-0.8-synth.v:2429$3113'.
Removing empty process `module15.$proc$research/pilot_two/seed-17999570691447884947/yosys-0.8-synth.v:2427$3112'.
Removing empty process `module15.$proc$research/pilot_two/seed-17999570691447884947/yosys-0.8-synth.v:2425$3111'.
Removing empty process `module15.$proc$research/pilot_two/seed-17999570691447884947/yosys-0.8-synth.v:2423$3110'.
Removing empty process `module15.$proc$research/pilot_two/seed-17999570691447884947/yosys-0.8-synth.v:2421$3109'.
Removing empty process `module15.$proc$research/pilot_two/seed-17999570691447884947/yosys-0.8-synth.v:2418$3108'.
Removing empty process `module15.$proc$research/pilot_two/seed-17999570691447884947/yosys-0.8-synth.v:2414$3107'.
Removing empty process `module15.$proc$research/pilot_two/seed-17999570691447884947/yosys-0.8-synth.v:2410$3106'.
Removing empty process `module15.$proc$research/pilot_two/seed-17999570691447884947/yosys-0.8-synth.v:2406$3105'.
Removing empty process `module15.$proc$research/pilot_two/seed-17999570691447884947/yosys-0.8-synth.v:2402$3104'.
Removing empty process `module15.$proc$research/pilot_two/seed-17999570691447884947/yosys-0.8-synth.v:2398$3103'.
Removing empty process `module15.$proc$research/pilot_two/seed-17999570691447884947/yosys-0.8-synth.v:2394$3102'.
Removing empty process `module15.$proc$research/pilot_two/seed-17999570691447884947/yosys-0.8-synth.v:2391$3101'.
Removing empty process `module15.$proc$research/pilot_two/seed-17999570691447884947/yosys-0.8-synth.v:2389$3100'.
Removing empty process `module15.$proc$research/pilot_two/seed-17999570691447884947/yosys-0.8-synth.v:2387$3099'.
Removing empty process `module15.$proc$research/pilot_two/seed-17999570691447884947/yosys-0.8-synth.v:2385$3098'.
Removing empty process `module15.$proc$research/pilot_two/seed-17999570691447884947/yosys-0.8-synth.v:2383$3097'.
Removing empty process `module15.$proc$research/pilot_two/seed-17999570691447884947/yosys-0.8-synth.v:2380$3096'.
Removing empty process `module15.$proc$research/pilot_two/seed-17999570691447884947/yosys-0.8-synth.v:2376$3095'.
Removing empty process `module15.$proc$research/pilot_two/seed-17999570691447884947/yosys-0.8-synth.v:2372$3094'.
Removing empty process `module15.$proc$research/pilot_two/seed-17999570691447884947/yosys-0.8-synth.v:2369$3093'.
Removing empty process `module15.$proc$research/pilot_two/seed-17999570691447884947/yosys-0.8-synth.v:2367$3092'.
Removing empty process `module15.$proc$research/pilot_two/seed-17999570691447884947/yosys-0.8-synth.v:2365$3091'.
Removing empty process `module15.$proc$research/pilot_two/seed-17999570691447884947/yosys-0.8-synth.v:2363$3090'.
Removing empty process `module15.$proc$research/pilot_two/seed-17999570691447884947/yosys-0.8-synth.v:2361$3089'.
Removing empty process `module15.$proc$research/pilot_two/seed-17999570691447884947/yosys-0.8-synth.v:2359$3088'.
Removing empty process `module15.$proc$research/pilot_two/seed-17999570691447884947/yosys-0.8-synth.v:2357$3087'.
Removing empty process `module15.$proc$research/pilot_two/seed-17999570691447884947/yosys-0.8-synth.v:2355$3086'.
Removing empty process `module15.$proc$research/pilot_two/seed-17999570691447884947/yosys-0.8-synth.v:2353$3085'.
Removing empty process `module15.$proc$research/pilot_two/seed-17999570691447884947/yosys-0.8-synth.v:2351$3084'.
Removing empty process `module15.$proc$research/pilot_two/seed-17999570691447884947/yosys-0.8-synth.v:2349$3083'.
Removing empty process `module15.$proc$research/pilot_two/seed-17999570691447884947/yosys-0.8-synth.v:2347$3082'.
Removing empty process `module15.$proc$research/pilot_two/seed-17999570691447884947/yosys-0.8-synth.v:2345$3081'.
Removing empty process `module15.$proc$research/pilot_two/seed-17999570691447884947/yosys-0.8-synth.v:2343$3080'.
Removing empty process `module15.$proc$research/pilot_two/seed-17999570691447884947/yosys-0.8-synth.v:2341$3079'.
Removing empty process `module15.$proc$research/pilot_two/seed-17999570691447884947/yosys-0.8-synth.v:2339$3078'.
Removing empty process `module15.$proc$research/pilot_two/seed-17999570691447884947/yosys-0.8-synth.v:2337$3077'.
Removing empty process `module15.$proc$research/pilot_two/seed-17999570691447884947/yosys-0.8-synth.v:2335$3076'.
Removing empty process `module15.$proc$research/pilot_two/seed-17999570691447884947/yosys-0.8-synth.v:2332$3075'.
Removing empty process `module15.$proc$research/pilot_two/seed-17999570691447884947/yosys-0.8-synth.v:2328$3074'.
Removing empty process `module15.$proc$research/pilot_two/seed-17999570691447884947/yosys-0.8-synth.v:2324$3073'.
Removing empty process `module15.$proc$research/pilot_two/seed-17999570691447884947/yosys-0.8-synth.v:2320$3072'.
Removing empty process `module15.$proc$research/pilot_two/seed-17999570691447884947/yosys-0.8-synth.v:2317$3071'.
Removing empty process `module15.$proc$research/pilot_two/seed-17999570691447884947/yosys-0.8-synth.v:2315$3070'.
Removing empty process `module15.$proc$research/pilot_two/seed-17999570691447884947/yosys-0.8-synth.v:2313$3069'.
Removing empty process `module15.$proc$research/pilot_two/seed-17999570691447884947/yosys-0.8-synth.v:2311$3068'.
Removing empty process `module15.$proc$research/pilot_two/seed-17999570691447884947/yosys-0.8-synth.v:2309$3067'.
Removing empty process `module15.$proc$research/pilot_two/seed-17999570691447884947/yosys-0.8-synth.v:2307$3066'.
Removing empty process `module15.$proc$research/pilot_two/seed-17999570691447884947/yosys-0.8-synth.v:2305$3065'.
Removing empty process `module15.$proc$research/pilot_two/seed-17999570691447884947/yosys-0.8-synth.v:2303$3064'.
Removing empty process `module15.$proc$research/pilot_two/seed-17999570691447884947/yosys-0.8-synth.v:2301$3063'.
Removing empty process `module15.$proc$research/pilot_two/seed-17999570691447884947/yosys-0.8-synth.v:2299$3062'.
Removing empty process `module15.$proc$research/pilot_two/seed-17999570691447884947/yosys-0.8-synth.v:2297$3061'.
Removing empty process `module15.$proc$research/pilot_two/seed-17999570691447884947/yosys-0.8-synth.v:2295$3060'.
Removing empty process `module15.$proc$research/pilot_two/seed-17999570691447884947/yosys-0.8-synth.v:2293$3059'.
Removing empty process `module15.$proc$research/pilot_two/seed-17999570691447884947/yosys-0.8-synth.v:2291$3058'.
Removing empty process `module15.$proc$research/pilot_two/seed-17999570691447884947/yosys-0.8-synth.v:2289$3057'.
Removing empty process `module15.$proc$research/pilot_two/seed-17999570691447884947/yosys-0.8-synth.v:2287$3056'.
Removing empty process `module15.$proc$research/pilot_two/seed-17999570691447884947/yosys-0.8-synth.v:2285$3055'.
Removing empty process `module15.$proc$research/pilot_two/seed-17999570691447884947/yosys-0.8-synth.v:2283$3054'.
Removing empty process `module15.$proc$research/pilot_two/seed-17999570691447884947/yosys-0.8-synth.v:2281$3053'.
Removing empty process `module15.$proc$research/pilot_two/seed-17999570691447884947/yosys-0.8-synth.v:2279$3052'.
Removing empty process `module15.$proc$research/pilot_two/seed-17999570691447884947/yosys-0.8-synth.v:2277$3051'.
Removing empty process `module15.$proc$research/pilot_two/seed-17999570691447884947/yosys-0.8-synth.v:2275$3050'.
Removing empty process `module15.$proc$research/pilot_two/seed-17999570691447884947/yosys-0.8-synth.v:2273$3049'.
Removing empty process `module15.$proc$research/pilot_two/seed-17999570691447884947/yosys-0.8-synth.v:2271$3048'.
Removing empty process `module15.$proc$research/pilot_two/seed-17999570691447884947/yosys-0.8-synth.v:2269$3047'.
Removing empty process `module15.$proc$research/pilot_two/seed-17999570691447884947/yosys-0.8-synth.v:2266$3046'.
Removing empty process `module15.$proc$research/pilot_two/seed-17999570691447884947/yosys-0.8-synth.v:2262$3045'.
Removing empty process `module15.$proc$research/pilot_two/seed-17999570691447884947/yosys-0.8-synth.v:2258$3044'.
Removing empty process `module15.$proc$research/pilot_two/seed-17999570691447884947/yosys-0.8-synth.v:2254$3043'.
Removing empty process `module15.$proc$research/pilot_two/seed-17999570691447884947/yosys-0.8-synth.v:2251$3042'.
Removing empty process `module15.$proc$research/pilot_two/seed-17999570691447884947/yosys-0.8-synth.v:2249$3041'.
Removing empty process `module15.$proc$research/pilot_two/seed-17999570691447884947/yosys-0.8-synth.v:2247$3040'.
Removing empty process `module15.$proc$research/pilot_two/seed-17999570691447884947/yosys-0.8-synth.v:2245$3039'.
Removing empty process `module15.$proc$research/pilot_two/seed-17999570691447884947/yosys-0.8-synth.v:2243$3038'.
Removing empty process `module15.$proc$research/pilot_two/seed-17999570691447884947/yosys-0.8-synth.v:2241$3037'.
Removing empty process `module15.$proc$research/pilot_two/seed-17999570691447884947/yosys-0.8-synth.v:2239$3036'.
Removing empty process `module15.$proc$research/pilot_two/seed-17999570691447884947/yosys-0.8-synth.v:2237$3035'.
Removing empty process `module15.$proc$research/pilot_two/seed-17999570691447884947/yosys-0.8-synth.v:2234$3034'.
Removing empty process `module15.$proc$research/pilot_two/seed-17999570691447884947/yosys-0.8-synth.v:2230$3033'.
Removing empty process `module15.$proc$research/pilot_two/seed-17999570691447884947/yosys-0.8-synth.v:2226$3032'.
Removing empty process `module15.$proc$research/pilot_two/seed-17999570691447884947/yosys-0.8-synth.v:2222$3031'.
Removing empty process `module15.$proc$research/pilot_two/seed-17999570691447884947/yosys-0.8-synth.v:2218$3030'.
Removing empty process `module15.$proc$research/pilot_two/seed-17999570691447884947/yosys-0.8-synth.v:2214$3029'.
Removing empty process `module15.$proc$research/pilot_two/seed-17999570691447884947/yosys-0.8-synth.v:2210$3028'.
Removing empty process `module15.$proc$research/pilot_two/seed-17999570691447884947/yosys-0.8-synth.v:2206$3027'.
Removing empty process `module15.$proc$research/pilot_two/seed-17999570691447884947/yosys-0.8-synth.v:2202$3026'.
Removing empty process `module15.$proc$research/pilot_two/seed-17999570691447884947/yosys-0.8-synth.v:2199$3025'.
Removing empty process `module15.$proc$research/pilot_two/seed-17999570691447884947/yosys-0.8-synth.v:2197$3024'.
Removing empty process `module15.$proc$research/pilot_two/seed-17999570691447884947/yosys-0.8-synth.v:2195$3023'.
Removing empty process `module15.$proc$research/pilot_two/seed-17999570691447884947/yosys-0.8-synth.v:2193$3022'.
Removing empty process `module15.$proc$research/pilot_two/seed-17999570691447884947/yosys-0.8-synth.v:2191$3021'.
Removing empty process `module15.$proc$research/pilot_two/seed-17999570691447884947/yosys-0.8-synth.v:2189$3020'.
Removing empty process `module15.$proc$research/pilot_two/seed-17999570691447884947/yosys-0.8-synth.v:2187$3019'.
Removing empty process `module15.$proc$research/pilot_two/seed-17999570691447884947/yosys-0.8-synth.v:2185$3018'.
Removing empty process `module15.$proc$research/pilot_two/seed-17999570691447884947/yosys-0.8-synth.v:2183$3017'.
Removing empty process `module15.$proc$research/pilot_two/seed-17999570691447884947/yosys-0.8-synth.v:2181$3016'.
Removing empty process `module15.$proc$research/pilot_two/seed-17999570691447884947/yosys-0.8-synth.v:2179$3015'.
Removing empty process `module15.$proc$research/pilot_two/seed-17999570691447884947/yosys-0.8-synth.v:2177$3014'.
Removing empty process `module15.$proc$research/pilot_two/seed-17999570691447884947/yosys-0.8-synth.v:2175$3013'.
Removing empty process `module15.$proc$research/pilot_two/seed-17999570691447884947/yosys-0.8-synth.v:2173$3012'.
Removing empty process `module15.$proc$research/pilot_two/seed-17999570691447884947/yosys-0.8-synth.v:2171$3011'.
Removing empty process `module15.$proc$research/pilot_two/seed-17999570691447884947/yosys-0.8-synth.v:2169$3010'.
Removing empty process `module15.$proc$research/pilot_two/seed-17999570691447884947/yosys-0.8-synth.v:2167$3009'.
Removing empty process `module15.$proc$research/pilot_two/seed-17999570691447884947/yosys-0.8-synth.v:2165$3008'.
Removing empty process `module15.$proc$research/pilot_two/seed-17999570691447884947/yosys-0.8-synth.v:2163$3007'.
Removing empty process `module15.$proc$research/pilot_two/seed-17999570691447884947/yosys-0.8-synth.v:2161$3006'.
Removing empty process `module15.$proc$research/pilot_two/seed-17999570691447884947/yosys-0.8-synth.v:2159$3005'.
Removing empty process `module15.$proc$research/pilot_two/seed-17999570691447884947/yosys-0.8-synth.v:2157$3004'.
Removing empty process `module15.$proc$research/pilot_two/seed-17999570691447884947/yosys-0.8-synth.v:2155$3003'.
Removing empty process `module15.$proc$research/pilot_two/seed-17999570691447884947/yosys-0.8-synth.v:2153$3002'.
Removing empty process `module15.$proc$research/pilot_two/seed-17999570691447884947/yosys-0.8-synth.v:2151$3001'.
Removing empty process `module15.$proc$research/pilot_two/seed-17999570691447884947/yosys-0.8-synth.v:2149$3000'.
Removing empty process `module15.$proc$research/pilot_two/seed-17999570691447884947/yosys-0.8-synth.v:2147$2999'.
Removing empty process `module15.$proc$research/pilot_two/seed-17999570691447884947/yosys-0.8-synth.v:2145$2998'.
Removing empty process `module15.$proc$research/pilot_two/seed-17999570691447884947/yosys-0.8-synth.v:2143$2997'.
Removing empty process `module15.$proc$research/pilot_two/seed-17999570691447884947/yosys-0.8-synth.v:2141$2996'.
Removing empty process `module15.$proc$research/pilot_two/seed-17999570691447884947/yosys-0.8-synth.v:2139$2995'.
Removing empty process `module15.$proc$research/pilot_two/seed-17999570691447884947/yosys-0.8-synth.v:2137$2994'.
Removing empty process `module15.$proc$research/pilot_two/seed-17999570691447884947/yosys-0.8-synth.v:2135$2993'.
Removing empty process `module15.$proc$research/pilot_two/seed-17999570691447884947/yosys-0.8-synth.v:2133$2992'.
Removing empty process `module15.$proc$research/pilot_two/seed-17999570691447884947/yosys-0.8-synth.v:2131$2991'.
Removing empty process `module15.$proc$research/pilot_two/seed-17999570691447884947/yosys-0.8-synth.v:2129$2990'.
Removing empty process `module15.$proc$research/pilot_two/seed-17999570691447884947/yosys-0.8-synth.v:2127$2989'.
Removing empty process `module15.$proc$research/pilot_two/seed-17999570691447884947/yosys-0.8-synth.v:2125$2988'.
Removing empty process `module15.$proc$research/pilot_two/seed-17999570691447884947/yosys-0.8-synth.v:2123$2987'.
Removing empty process `module15.$proc$research/pilot_two/seed-17999570691447884947/yosys-0.8-synth.v:2121$2986'.
Removing empty process `module15.$proc$research/pilot_two/seed-17999570691447884947/yosys-0.8-synth.v:2119$2985'.
Removing empty process `module15.$proc$research/pilot_two/seed-17999570691447884947/yosys-0.8-synth.v:2117$2984'.
Removing empty process `module15.$proc$research/pilot_two/seed-17999570691447884947/yosys-0.8-synth.v:2115$2983'.
Removing empty process `module15.$proc$research/pilot_two/seed-17999570691447884947/yosys-0.8-synth.v:2113$2982'.
Removing empty process `module15.$proc$research/pilot_two/seed-17999570691447884947/yosys-0.8-synth.v:2111$2981'.
Removing empty process `module15.$proc$research/pilot_two/seed-17999570691447884947/yosys-0.8-synth.v:2109$2980'.
Removing empty process `module15.$proc$research/pilot_two/seed-17999570691447884947/yosys-0.8-synth.v:2107$2979'.
Removing empty process `module15.$proc$research/pilot_two/seed-17999570691447884947/yosys-0.8-synth.v:2105$2978'.
Removing empty process `module15.$proc$research/pilot_two/seed-17999570691447884947/yosys-0.8-synth.v:2103$2977'.
Removing empty process `module15.$proc$research/pilot_two/seed-17999570691447884947/yosys-0.8-synth.v:2101$2976'.
Removing empty process `module15.$proc$research/pilot_two/seed-17999570691447884947/yosys-0.8-synth.v:2099$2975'.
Removing empty process `module15.$proc$research/pilot_two/seed-17999570691447884947/yosys-0.8-synth.v:2097$2974'.
Removing empty process `module15.$proc$research/pilot_two/seed-17999570691447884947/yosys-0.8-synth.v:2095$2973'.
Removing empty process `module15.$proc$research/pilot_two/seed-17999570691447884947/yosys-0.8-synth.v:2093$2972'.
Removing empty process `module15.$proc$research/pilot_two/seed-17999570691447884947/yosys-0.8-synth.v:2091$2971'.
Removing empty process `module15.$proc$research/pilot_two/seed-17999570691447884947/yosys-0.8-synth.v:2089$2970'.
Removing empty process `module15.$proc$research/pilot_two/seed-17999570691447884947/yosys-0.8-synth.v:2087$2969'.
Removing empty process `module15.$proc$research/pilot_two/seed-17999570691447884947/yosys-0.8-synth.v:2085$2968'.
Removing empty process `module15.$proc$research/pilot_two/seed-17999570691447884947/yosys-0.8-synth.v:2083$2967'.
Removing empty process `module15.$proc$research/pilot_two/seed-17999570691447884947/yosys-0.8-synth.v:2081$2966'.
Removing empty process `module15.$proc$research/pilot_two/seed-17999570691447884947/yosys-0.8-synth.v:2079$2965'.
Removing empty process `module15.$proc$research/pilot_two/seed-17999570691447884947/yosys-0.8-synth.v:2077$2964'.
Removing empty process `module15.$proc$research/pilot_two/seed-17999570691447884947/yosys-0.8-synth.v:2075$2963'.
Removing empty process `module15.$proc$research/pilot_two/seed-17999570691447884947/yosys-0.8-synth.v:2073$2962'.
Removing empty process `module15.$proc$research/pilot_two/seed-17999570691447884947/yosys-0.8-synth.v:2071$2961'.
Removing empty process `module15.$proc$research/pilot_two/seed-17999570691447884947/yosys-0.8-synth.v:2069$2960'.
Removing empty process `module15.$proc$research/pilot_two/seed-17999570691447884947/yosys-0.8-synth.v:2067$2959'.
Removing empty process `module15.$proc$research/pilot_two/seed-17999570691447884947/yosys-0.8-synth.v:2065$2958'.
Removing empty process `module15.$proc$research/pilot_two/seed-17999570691447884947/yosys-0.8-synth.v:2063$2957'.
Removing empty process `module15.$proc$research/pilot_two/seed-17999570691447884947/yosys-0.8-synth.v:2060$2956'.
Removing empty process `module15.$proc$research/pilot_two/seed-17999570691447884947/yosys-0.8-synth.v:2056$2955'.
Removing empty process `module15.$proc$research/pilot_two/seed-17999570691447884947/yosys-0.8-synth.v:2052$2954'.
Removing empty process `module15.$proc$research/pilot_two/seed-17999570691447884947/yosys-0.8-synth.v:2048$2953'.
Removing empty process `module15.$proc$research/pilot_two/seed-17999570691447884947/yosys-0.8-synth.v:2044$2952'.
Removing empty process `module15.$proc$research/pilot_two/seed-17999570691447884947/yosys-0.8-synth.v:2040$2951'.
Removing empty process `module15.$proc$research/pilot_two/seed-17999570691447884947/yosys-0.8-synth.v:2036$2950'.
Removing empty process `module15.$proc$research/pilot_two/seed-17999570691447884947/yosys-0.8-synth.v:2032$2949'.
Removing empty process `module15.$proc$research/pilot_two/seed-17999570691447884947/yosys-0.8-synth.v:2028$2948'.
Removing empty process `module15.$proc$research/pilot_two/seed-17999570691447884947/yosys-0.8-synth.v:2024$2947'.
Removing empty process `module15.$proc$research/pilot_two/seed-17999570691447884947/yosys-0.8-synth.v:2020$2946'.
Removing empty process `module15.$proc$research/pilot_two/seed-17999570691447884947/yosys-0.8-synth.v:2016$2945'.
Removing empty process `module15.$proc$research/pilot_two/seed-17999570691447884947/yosys-0.8-synth.v:2012$2944'.
Removing empty process `module15.$proc$research/pilot_two/seed-17999570691447884947/yosys-0.8-synth.v:2009$2943'.
Removing empty process `module15.$proc$research/pilot_two/seed-17999570691447884947/yosys-0.8-synth.v:2007$2942'.
Removing empty process `module15.$proc$research/pilot_two/seed-17999570691447884947/yosys-0.8-synth.v:2005$2941'.
Removing empty process `module15.$proc$research/pilot_two/seed-17999570691447884947/yosys-0.8-synth.v:2003$2940'.
Removing empty process `module15.$proc$research/pilot_two/seed-17999570691447884947/yosys-0.8-synth.v:2001$2939'.
Removing empty process `module15.$proc$research/pilot_two/seed-17999570691447884947/yosys-0.8-synth.v:1999$2938'.
Removing empty process `module15.$proc$research/pilot_two/seed-17999570691447884947/yosys-0.8-synth.v:1997$2937'.
Removing empty process `module15.$proc$research/pilot_two/seed-17999570691447884947/yosys-0.8-synth.v:1995$2936'.
Removing empty process `module15.$proc$research/pilot_two/seed-17999570691447884947/yosys-0.8-synth.v:1992$2935'.
Removing empty process `module15.$proc$research/pilot_two/seed-17999570691447884947/yosys-0.8-synth.v:1988$2934'.
Removing empty process `module15.$proc$research/pilot_two/seed-17999570691447884947/yosys-0.8-synth.v:1984$2933'.
Removing empty process `module15.$proc$research/pilot_two/seed-17999570691447884947/yosys-0.8-synth.v:1981$2932'.
Removing empty process `module15.$proc$research/pilot_two/seed-17999570691447884947/yosys-0.8-synth.v:1979$2931'.
Removing empty process `module15.$proc$research/pilot_two/seed-17999570691447884947/yosys-0.8-synth.v:1977$2930'.
Removing empty process `module15.$proc$research/pilot_two/seed-17999570691447884947/yosys-0.8-synth.v:1975$2929'.
Removing empty process `module15.$proc$research/pilot_two/seed-17999570691447884947/yosys-0.8-synth.v:1973$2928'.
Removing empty process `module15.$proc$research/pilot_two/seed-17999570691447884947/yosys-0.8-synth.v:1971$2927'.
Removing empty process `module15.$proc$research/pilot_two/seed-17999570691447884947/yosys-0.8-synth.v:1969$2926'.
Removing empty process `module15.$proc$research/pilot_two/seed-17999570691447884947/yosys-0.8-synth.v:1967$2925'.
Removing empty process `module15.$proc$research/pilot_two/seed-17999570691447884947/yosys-0.8-synth.v:1965$2924'.
Removing empty process `module15.$proc$research/pilot_two/seed-17999570691447884947/yosys-0.8-synth.v:1963$2923'.
Removing empty process `module15.$proc$research/pilot_two/seed-17999570691447884947/yosys-0.8-synth.v:1961$2922'.
Removing empty process `module15.$proc$research/pilot_two/seed-17999570691447884947/yosys-0.8-synth.v:1959$2921'.
Removing empty process `module15.$proc$research/pilot_two/seed-17999570691447884947/yosys-0.8-synth.v:1957$2920'.
Removing empty process `module15.$proc$research/pilot_two/seed-17999570691447884947/yosys-0.8-synth.v:1955$2919'.
Removing empty process `module15.$proc$research/pilot_two/seed-17999570691447884947/yosys-0.8-synth.v:1953$2918'.
Removing empty process `module15.$proc$research/pilot_two/seed-17999570691447884947/yosys-0.8-synth.v:1951$2917'.
Removing empty process `module15.$proc$research/pilot_two/seed-17999570691447884947/yosys-0.8-synth.v:1948$2916'.
Removing empty process `module15.$proc$research/pilot_two/seed-17999570691447884947/yosys-0.8-synth.v:1944$2915'.
Removing empty process `module15.$proc$research/pilot_two/seed-17999570691447884947/yosys-0.8-synth.v:1940$2914'.
Removing empty process `module15.$proc$research/pilot_two/seed-17999570691447884947/yosys-0.8-synth.v:1936$2913'.
Removing empty process `module15.$proc$research/pilot_two/seed-17999570691447884947/yosys-0.8-synth.v:1932$2912'.
Removing empty process `module15.$proc$research/pilot_two/seed-17999570691447884947/yosys-0.8-synth.v:1928$2911'.
Removing empty process `module15.$proc$research/pilot_two/seed-17999570691447884947/yosys-0.8-synth.v:1924$2910'.
Removing empty process `module15.$proc$research/pilot_two/seed-17999570691447884947/yosys-0.8-synth.v:1920$2909'.
Removing empty process `module15.$proc$research/pilot_two/seed-17999570691447884947/yosys-0.8-synth.v:1917$2908'.
Removing empty process `module15.$proc$research/pilot_two/seed-17999570691447884947/yosys-0.8-synth.v:1915$2907'.
Removing empty process `module15.$proc$research/pilot_two/seed-17999570691447884947/yosys-0.8-synth.v:1913$2906'.
Removing empty process `module15.$proc$research/pilot_two/seed-17999570691447884947/yosys-0.8-synth.v:1911$2905'.
Removing empty process `module15.$proc$research/pilot_two/seed-17999570691447884947/yosys-0.8-synth.v:1909$2904'.
Removing empty process `module15.$proc$research/pilot_two/seed-17999570691447884947/yosys-0.8-synth.v:1907$2903'.
Removing empty process `module15.$proc$research/pilot_two/seed-17999570691447884947/yosys-0.8-synth.v:1905$2902'.
Removing empty process `module15.$proc$research/pilot_two/seed-17999570691447884947/yosys-0.8-synth.v:1903$2901'.
Removing empty process `module15.$proc$research/pilot_two/seed-17999570691447884947/yosys-0.8-synth.v:1901$2900'.
Removing empty process `module15.$proc$research/pilot_two/seed-17999570691447884947/yosys-0.8-synth.v:1899$2899'.
Removing empty process `module15.$proc$research/pilot_two/seed-17999570691447884947/yosys-0.8-synth.v:1897$2898'.
Removing empty process `module15.$proc$research/pilot_two/seed-17999570691447884947/yosys-0.8-synth.v:1895$2897'.
Removing empty process `module15.$proc$research/pilot_two/seed-17999570691447884947/yosys-0.8-synth.v:1893$2896'.
Removing empty process `module15.$proc$research/pilot_two/seed-17999570691447884947/yosys-0.8-synth.v:1891$2895'.
Removing empty process `module15.$proc$research/pilot_two/seed-17999570691447884947/yosys-0.8-synth.v:1889$2894'.
Removing empty process `module15.$proc$research/pilot_two/seed-17999570691447884947/yosys-0.8-synth.v:1887$2893'.
Removing empty process `module15.$proc$research/pilot_two/seed-17999570691447884947/yosys-0.8-synth.v:1884$2892'.
Removing empty process `module15.$proc$research/pilot_two/seed-17999570691447884947/yosys-0.8-synth.v:1880$2891'.
Removing empty process `module15.$proc$research/pilot_two/seed-17999570691447884947/yosys-0.8-synth.v:1876$2890'.
Removing empty process `module15.$proc$research/pilot_two/seed-17999570691447884947/yosys-0.8-synth.v:1872$2889'.
Removing empty process `module15.$proc$research/pilot_two/seed-17999570691447884947/yosys-0.8-synth.v:1868$2888'.
Cleaned up 0 empty switches.

7.12. Executing OPT_EXPR pass (perform const folding).
Optimizing module top.
<suppressed ~3 debug messages>
Optimizing module module95.
<suppressed ~17 debug messages>
Optimizing module module9.
<suppressed ~17 debug messages>
Optimizing module module15.
<suppressed ~48 debug messages>
Optimizing module gold_top.
<suppressed ~5 debug messages>

8. Executing MEMORY pass.

8.1. Executing OPT_MEM pass (optimize memories).
Performed a total of 0 transformations.

8.2. Executing OPT_MEM_PRIORITY pass (removing unnecessary memory write priority relations).
Performed a total of 0 transformations.

8.3. Executing OPT_MEM_FEEDBACK pass (finding memory read-to-write feedback paths).

8.4. Executing MEMORY_BMUX2ROM pass (converting muxes to ROMs).

8.5. Executing MEMORY_DFF pass (merging $dff cells to $memrd).

8.6. Executing OPT_CLEAN pass (remove unused cells and wires).
Finding unused cells or wires in module \top..
Finding unused cells or wires in module \module95..
Finding unused cells or wires in module \module9..
Finding unused cells or wires in module \module15..
Finding unused cells or wires in module \gold_top..
Removed 582 unused cells and 2941 unused wires.
<suppressed ~691 debug messages>

8.7. Executing MEMORY_SHARE pass (consolidating $memrd/$memwr cells).

8.8. Executing OPT_MEM_WIDEN pass (optimize memories where all ports are wide).
Performed a total of 0 transformations.

8.9. Executing OPT_CLEAN pass (remove unused cells and wires).
Finding unused cells or wires in module \top..
Finding unused cells or wires in module \module95..
Finding unused cells or wires in module \module9..
Finding unused cells or wires in module \module15..
Finding unused cells or wires in module \gold_top..

8.10. Executing MEMORY_COLLECT pass (generating $mem cells).

8.11. Executing MEMORY_MAP pass (converting memories to logic and flip-flops).

9. Executing FLATTEN pass (flatten design).
<suppressed ~3 debug messages>
Renaming module \top to \cand_top.

10. Executing EQUIV_MAKE pass (creating equiv checking module).
Presumably equivalent wires: modinst163.modinst92.y_gold ({ \modinst163.modinst92.y_gold [841:339] 10'0000000000 \modinst163.modinst92.y_gold [328:217] 7'0000000 \modinst163.modinst92.y_gold [209:144] \modinst163.modinst92.wire32_gold [0] \modinst163.modinst92.wire32_gold [0] \modinst163.modinst92.wire32_gold [0] \modinst163.modinst92.wire32_gold [0] \modinst163.modinst92.wire32_gold [0] \modinst163.modinst92.wire32_gold [0] \modinst163.modinst92.wire32_gold [0] \modinst163.modinst92.wire32_gold [0] \modinst163.modinst92.wire32_gold [0] \modinst163.modinst92.wire32_gold [0] \modinst163.modinst92.wire32_gold [0] \modinst163.modinst92.wire32_gold [0] \modinst163.modinst92.wire32_gold [0] \modinst163.modinst92.wire32_gold [0] 9'000000000 \modinst163.modinst92.wire31_gold [1:0] \modinst163.modinst92.y_gold [118:92] 8'00000000 \modinst163.modinst92.wire27_gold [0] 10'0000000000 \modinst163.modinst92.wire27_gold [0] \wire1_gold [2:0] \modinst163.modinst92.y_gold [68:4] \modinst163.modinst136.wire98_gold [3:1] 1'0 }), modinst163.modinst92.y_gate ({ \modinst163.modinst92.reg84_reg[4]_gate \modinst163.modinst92.reg84_reg[3]_gate \modinst163.modinst92.reg84_reg[2]_gate \modinst163.modinst92.reg84_reg[1]_gate \modinst163.modinst92.reg84_reg[0]_gate \modinst163.modinst92.reg83_gate \modinst163.modinst92.reg82_reg[0]_gate \modinst163.modinst92.reg82_reg[0]_gate \modinst163.modinst92.reg82_reg[0]_gate \modinst163.modinst92.reg82_reg[0]_gate \modinst163.modinst92.reg82_reg[0]_gate \modinst163.modinst92.reg82_reg[0]_gate \modinst163.modinst92.reg82_reg[0]_gate \modinst163.modinst92.reg82_reg[0]_gate \modinst163.modinst92.reg82_reg[0]_gate \modinst163.modinst92.reg82_reg[0]_gate \modinst163.modinst92.reg82_reg[0]_gate \modinst163.modinst92.reg82_reg[0]_gate \modinst163.modinst92.reg82_reg[0]_gate \modinst163.modinst92.reg82_reg[0]_gate \modinst163.modinst92.reg82_reg[0]_gate \modinst163.modinst92.reg82_reg[0]_gate \modinst163.modinst92.reg82_reg[0]_gate \modinst163.modinst92.reg82_reg[0]_gate \modinst163.modinst92.reg82_reg[0]_gate \modinst163.modinst92.reg82_reg[0]_gate \modinst163.modinst92.reg82_reg[0]_gate \modinst163.modinst92.reg81_reg[6]_gate \modinst163.modinst92.reg81_reg[5]_gate \modinst163.modinst92.reg81_reg[4]_gate \modinst163.modinst92.reg81_reg[3]_gate \modinst163.modinst92.reg81_reg[2]_gate \modinst163.modinst92.reg81_reg[1]_gate \modinst163.modinst92.reg81_reg[0]_gate 16'0000000000000000 \modinst163.modinst92.reg79_gate 17'00000000000000000 \modinst163.modinst92.reg78_reg[2]_gate \modinst163.modinst92.reg78_reg[1]_gate \modinst163.modinst92.reg78_reg[0]_gate \modinst163.modinst92.reg77_gate 14'00000000000000 \modinst163.modinst92.reg76_reg[0]_gate 14'00000000000000 \modinst163.modinst92.reg75_reg[0]_gate 13'0000000000000 \modinst163.modinst92.reg74_reg[0]_gate 18'000000000000000000 \modinst163.modinst92.reg72_reg[7]_gate \modinst163.modinst92.reg72_reg[6]_gate \modinst163.modinst92.reg72_reg[5]_gate \modinst163.modinst92.reg72_reg[4]_gate \modinst163.modinst92.reg72_reg[3]_gate \modinst163.modinst92.reg72_reg[2]_gate \modinst163.modinst92.reg72_reg[1]_gate \modinst163.modinst92.reg72_reg[0]_gate \modinst163.modinst92.reg71_reg[13]_gate \modinst163.modinst92.reg71_reg[13]_gate \modinst163.modinst92.reg71_reg[13]_gate \modinst163.modinst92.reg71_reg[13]_gate \modinst163.modinst92.reg71_reg[13]_gate \modinst163.modinst92.reg71_reg[13]_gate \modinst163.modinst92.reg71_reg[13]_gate \modinst163.modinst92.reg71_reg[13]_gate \modinst163.modinst92.reg71_reg[13]_gate \modinst163.modinst92.reg71_reg[13]_gate \modinst163.modinst92.reg71_reg[13]_gate \modinst163.modinst92.reg71_reg[13]_gate \modinst163.modinst92.reg71_reg[13]_gate \modinst163.modinst92.reg71_reg[13]_gate \modinst163.modinst92.reg71_reg[0]_gate 16'0000000000000000 \modinst163.modinst92.reg70_gate \modinst163.modinst92.reg69_gate \modinst163.modinst92.reg68_gate \modinst163.modinst92.reg67_gate \modinst163.modinst92.reg66_gate \modinst163.modinst92.reg65_reg[4]_gate \modinst163.modinst92.reg65_reg[4]_gate \modinst163.modinst92.reg65_reg[4]_gate \modinst163.modinst92.reg65_reg[4]_gate \modinst163.modinst92.reg65_reg[4]_gate \modinst163.modinst92.reg65_reg[2]_gate \modinst163.modinst92.reg65_reg[2]_gate \modinst163.modinst92.reg65_reg[2]_gate \modinst163.modinst92.reg65_reg[2]_gate \modinst163.modinst92.reg65_reg[2]_gate \modinst163.modinst92.reg65_reg[2]_gate \modinst163.modinst92.reg65_reg[3]_gate \modinst163.modinst92.reg65_reg[2]_gate \modinst163.modinst92.reg65_reg[3]_gate \modinst163.modinst92.reg65_reg[2]_gate \modinst163.modinst92.reg65_reg[4]_gate \modinst163.modinst92.reg65_reg[3]_gate \modinst163.modinst92.reg65_reg[2]_gate \modinst163.modinst92.reg65_reg[1]_gate \modinst163.modinst92.reg65_reg[0]_gate \modinst163.modinst92.reg64_reg[0]_gate \modinst163.modinst92.reg64_reg[0]_gate \modinst163.modinst92.reg64_reg[0]_gate \modinst163.modinst92.reg64_reg[0]_gate \modinst163.modinst92.reg64_reg[0]_gate \modinst163.modinst92.reg64_reg[0]_gate \modinst163.modinst92.reg64_reg[0]_gate \modinst163.modinst92.reg64_reg[0]_gate \modinst163.modinst92.reg64_reg[0]_gate 3'000 \modinst163.modinst92.reg63_reg[1]_gate \modinst163.modinst92.reg63_reg[1]_gate \modinst163.modinst92.reg63_reg[1]_gate \modinst163.modinst92.reg63_reg[1]_gate \modinst163.modinst92.reg63_reg[1]_gate \modinst163.modinst92.reg63_reg[1]_gate \modinst163.modinst92.reg63_reg[2]_gate \modinst163.modinst92.reg63_reg[1]_gate \modinst163.modinst92.reg63_reg[2]_gate \modinst163.modinst92.reg63_reg[1]_gate 1'0 \modinst163.modinst92.reg63_reg[2]_gate \modinst163.modinst92.reg63_reg[1]_gate \modinst163.modinst92.reg63_reg[0]_gate \modinst163.modinst92.reg58_gate 11'00000000000 \modinst163.modinst92.reg62_reg[3]_gate \modinst163.modinst92.reg62_reg[2]_gate \modinst163.modinst92.reg62_reg[1]_gate \modinst163.modinst92.reg62_reg[0]_gate \modinst163.modinst92.reg61_gate \modinst163.modinst92.reg60_gate \modinst163.modinst92.reg59_gate 18'000000000000000000 \modinst163.modinst92.reg57_reg[20]_gate \modinst163.modinst92.reg57_reg[20]_gate \modinst163.modinst92.reg57_reg[20]_gate \modinst163.modinst92.reg57_reg[20]_gate \modinst163.modinst92.reg57_reg[20]_gate \modinst163.modinst92.reg57_reg[20]_gate \modinst163.modinst92.reg57_reg[20]_gate \modinst163.modinst92.reg57_reg[20]_gate \modinst163.modinst92.reg57_reg[20]_gate \modinst163.modinst92.reg57_reg[20]_gate \modinst163.modinst92.reg57_reg[20]_gate \modinst163.modinst92.reg57_reg[20]_gate \modinst163.modinst92.reg57_reg[20]_gate \modinst163.modinst92.reg57_reg[20]_gate \modinst163.modinst92.reg57_reg[20]_gate \modinst163.modinst92.reg57_reg[20]_gate \modinst163.modinst92.reg57_reg[20]_gate \modinst163.modinst92.reg57_reg[20]_gate \modinst163.modinst92.reg57_reg[20]_gate \modinst163.modinst92.reg57_reg[20]_gate \modinst163.modinst92.reg57_reg[1]_gate \modinst163.modinst92.reg57_reg[0]_gate 14'00000000000000 \modinst163.modinst92.reg55_reg[0]_gate \modinst163.modinst92.reg54_gate 22'0000000000000000000000 \modinst163.modinst92.reg51_gate 3'000 \modinst163.modinst92.reg50_reg[1]_gate \modinst163.modinst92.reg50_reg[1]_gate \modinst163.modinst92.reg50_reg[1]_gate \modinst163.modinst92.reg50_reg[1]_gate \modinst163.modinst92.reg50_reg[1]_gate \modinst163.modinst92.reg50_reg[1]_gate \modinst163.modinst92.reg50_reg[7]_gate \modinst163.modinst92.reg50_reg[1]_gate \modinst163.modinst92.reg50_reg[7]_gate \modinst163.modinst92.reg50_reg[1]_gate 1'0 \modinst163.modinst92.reg50_reg[7]_gate \modinst163.modinst92.reg50_reg[1]_gate \modinst163.modinst92.reg50_reg[0]_gate \modinst163.modinst92.reg49_gate 8'00000000 \modinst163.modinst92.y_gate [343] \modinst163.modinst92.reg24_gate [3:0] 10'0000000000 \modinst163.modinst92.reg22_reg[4]_gate \modinst163.modinst92.reg22_reg[3]_gate \modinst163.modinst92.reg22_reg[2]_gate 12'000000000000 \modinst163.modinst92.reg45_reg[7]_gate 1'0 \modinst163.modinst92.reg45_reg[7]_gate 2'00 \modinst163.modinst92.reg45_reg[7]_gate 1'0 \modinst163.modinst92.reg45_reg[7]_gate 9'000000000 \modinst163.modinst92.reg82_reg[0]_gate 1'0 \modinst163.modinst92.reg82_reg[0]_gate 2'00 \modinst163.modinst92.reg82_reg[0]_gate 1'0 \modinst163.modinst92.reg82_reg[0]_gate 13'0000000000000 \modinst163.modinst92.reg43_reg[0]_gate 11'00000000000 \modinst163.modinst92.reg42_reg[0]_gate 45'000000000000000000000000000000000000000000000 \modinst163.modinst92.reg39_reg[0]_gate 26'00000000000000000000000000 \modinst163.modinst92.reg36_reg[2]_gate \modinst163.modinst92.reg36_reg[1]_gate \modinst163.modinst92.reg36_reg[0]_gate 68'00000000000000000000000000000000000000000000111111111111110000000001 \modinst163.modinst92.y_gate [119] 20'00000000000000000000 \modinst163.modinst92.y_gate [98:92] 20'00000000100000000001 \wire1_gate [2:0] \modinst163.modinst92.reg25_gate \modinst163.modinst92.reg24_gate \modinst163.modinst92.reg23_gate \modinst163.modinst92.reg22_reg[13]_gate \modinst163.modinst92.reg22_reg[13]_gate \modinst163.modinst92.reg22_reg[13]_gate \modinst163.modinst92.reg22_reg[13]_gate \modinst163.modinst92.reg22_reg[13]_gate \modinst163.modinst92.reg22_reg[13]_gate \modinst163.modinst92.reg22_reg[13]_gate \modinst163.modinst92.reg22_reg[13]_gate \modinst163.modinst92.reg22_reg[13]_gate \modinst163.modinst92.reg22_reg[13]_gate \modinst163.modinst92.reg22_reg[13]_gate \modinst163.modinst92.reg22_reg[8]_gate \modinst163.modinst92.reg22_reg[7]_gate \modinst163.modinst92.reg22_reg[6]_gate \modinst163.modinst92.reg22_reg[5]_gate \modinst163.modinst92.reg22_reg[4]_gate \modinst163.modinst92.reg22_reg[3]_gate \modinst163.modinst92.reg22_reg[2]_gate \modinst163.modinst92.reg22_reg[1]_gate \modinst163.modinst92.reg22_reg[0]_gate 13'0000000000000 \modinst163.modinst92.reg21_reg[0]_gate \modinst163.modinst92.y_gate [3:1] 1'0 }) -> modinst163.modinst92.y
  Skipping signal bit modinst163.modinst92.y_gold [1]: undriven on gold side.
  Skipping signal bit modinst163.modinst92.y_gold [2]: undriven on gold side.
  Skipping signal bit modinst163.modinst92.y_gold [3]: undriven on gold side.
  Skipping signal bit modinst163.modinst92.y_gold [4]: undriven on gold side.
  Skipping signal bit modinst163.modinst92.y_gold [5]: undriven on gold side.
  Skipping signal bit modinst163.modinst92.y_gold [6]: undriven on gold side.
  Skipping signal bit modinst163.modinst92.y_gold [7]: undriven on gold side.
  Skipping signal bit modinst163.modinst92.y_gold [8]: undriven on gold side.
  Skipping signal bit modinst163.modinst92.y_gold [9]: undriven on gold side.
  Skipping signal bit modinst163.modinst92.y_gold [10]: undriven on gold side.
  Skipping signal bit modinst163.modinst92.y_gold [11]: undriven on gold side.
  Skipping signal bit modinst163.modinst92.y_gold [12]: undriven on gold side.
  Skipping signal bit modinst163.modinst92.y_gold [13]: undriven on gold side.
  Skipping signal bit modinst163.modinst92.y_gold [14]: undriven on gold side.
  Skipping signal bit modinst163.modinst92.y_gold [15]: undriven on gold side.
  Skipping signal bit modinst163.modinst92.y_gold [16]: undriven on gold side.
  Skipping signal bit modinst163.modinst92.y_gold [17]: undriven on gold side.
  Skipping signal bit modinst163.modinst92.y_gold [18]: undriven on gold side.
  Skipping signal bit modinst163.modinst92.y_gold [19]: undriven on gold side.
  Skipping signal bit modinst163.modinst92.y_gold [20]: undriven on gold side.
  Skipping signal bit modinst163.modinst92.y_gold [21]: undriven on gold side.
  Skipping signal bit modinst163.modinst92.y_gold [22]: undriven on gold side.
  Skipping signal bit modinst163.modinst92.y_gold [23]: undriven on gold side.
  Skipping signal bit modinst163.modinst92.y_gold [24]: undriven on gold side.
  Skipping signal bit modinst163.modinst92.y_gold [25]: undriven on gold side.
  Skipping signal bit modinst163.modinst92.y_gold [26]: undriven on gold side.
  Skipping signal bit modinst163.modinst92.y_gold [27]: undriven on gold side.
  Skipping signal bit modinst163.modinst92.y_gold [28]: undriven on gold side.
  Skipping signal bit modinst163.modinst92.y_gold [29]: undriven on gold side.
  Skipping signal bit modinst163.modinst92.y_gold [30]: undriven on gold side.
  Skipping signal bit modinst163.modinst92.y_gold [31]: undriven on gold side.
  Skipping signal bit modinst163.modinst92.y_gold [32]: undriven on gold side.
  Skipping signal bit modinst163.modinst92.y_gold [33]: undriven on gold side.
  Skipping signal bit modinst163.modinst92.y_gold [34]: undriven on gold side.
  Skipping signal bit modinst163.modinst92.y_gold [35]: undriven on gold side.
  Skipping signal bit modinst163.modinst92.y_gold [36]: undriven on gold side.
  Skipping signal bit modinst163.modinst92.y_gold [37]: undriven on gold side.
  Skipping signal bit modinst163.modinst92.y_gold [38]: undriven on gold side.
  Skipping signal bit modinst163.modinst92.y_gold [39]: undriven on gold side.
  Skipping signal bit modinst163.modinst92.y_gold [40]: undriven on gold side.
  Skipping signal bit modinst163.modinst92.y_gold [41]: undriven on gold side.
  Skipping signal bit modinst163.modinst92.y_gold [42]: undriven on gold side.
  Skipping signal bit modinst163.modinst92.y_gold [43]: undriven on gold side.
  Skipping signal bit modinst163.modinst92.y_gold [44]: undriven on gold side.
  Skipping signal bit modinst163.modinst92.y_gold [45]: undriven on gold side.
  Skipping signal bit modinst163.modinst92.y_gold [46]: undriven on gold side.
  Skipping signal bit modinst163.modinst92.y_gold [47]: undriven on gold side.
  Skipping signal bit modinst163.modinst92.y_gold [48]: undriven on gold side.
  Skipping signal bit modinst163.modinst92.y_gold [49]: undriven on gold side.
  Skipping signal bit modinst163.modinst92.y_gold [50]: undriven on gold side.
  Skipping signal bit modinst163.modinst92.y_gold [51]: undriven on gold side.
  Skipping signal bit modinst163.modinst92.y_gold [52]: undriven on gold side.
  Skipping signal bit modinst163.modinst92.y_gold [53]: undriven on gold side.
  Skipping signal bit modinst163.modinst92.y_gold [54]: undriven on gold side.
  Skipping signal bit modinst163.modinst92.y_gold [55]: undriven on gold side.
  Skipping signal bit modinst163.modinst92.y_gold [56]: undriven on gold side.
  Skipping signal bit modinst163.modinst92.y_gold [57]: undriven on gold side.
  Skipping signal bit modinst163.modinst92.y_gold [58]: undriven on gold side.
  Skipping signal bit modinst163.modinst92.y_gold [59]: undriven on gold side.
  Skipping signal bit modinst163.modinst92.y_gold [60]: undriven on gold side.
  Skipping signal bit modinst163.modinst92.y_gold [61]: undriven on gold side.
  Skipping signal bit modinst163.modinst92.y_gold [62]: undriven on gold side.
  Skipping signal bit modinst163.modinst92.y_gold [63]: undriven on gold side.
  Skipping signal bit modinst163.modinst92.y_gold [64]: undriven on gold side.
  Skipping signal bit modinst163.modinst92.y_gold [65]: undriven on gold side.
  Skipping signal bit modinst163.modinst92.y_gold [66]: undriven on gold side.
  Skipping signal bit modinst163.modinst92.y_gold [67]: undriven on gold side.
  Skipping signal bit modinst163.modinst92.y_gold [68]: undriven on gold side.
  Skipping signal bit modinst163.modinst92.y_gold [72]: undriven on gold side.
  Skipping signal bit modinst163.modinst92.y_gold [83]: undriven on gold side.
  Skipping signal bit modinst163.modinst92.y_gold [92]: undriven on gold side.
  Skipping signal bit modinst163.modinst92.y_gold [93]: undriven on gold side.
  Skipping signal bit modinst163.modinst92.y_gold [94]: undriven on gold side.
  Skipping signal bit modinst163.modinst92.y_gold [95]: undriven on gold side.
  Skipping signal bit modinst163.modinst92.y_gold [96]: undriven on gold side.
  Skipping signal bit modinst163.modinst92.y_gold [97]: undriven on gold side.
  Skipping signal bit modinst163.modinst92.y_gold [98]: undriven on gold side.
  Skipping signal bit modinst163.modinst92.y_gold [99]: undriven on gold side.
  Skipping signal bit modinst163.modinst92.y_gold [100]: undriven on gold side.
  Skipping signal bit modinst163.modinst92.y_gold [101]: undriven on gold side.
  Skipping signal bit modinst163.modinst92.y_gold [102]: undriven on gold side.
  Skipping signal bit modinst163.modinst92.y_gold [103]: undriven on gold side.
  Skipping signal bit modinst163.modinst92.y_gold [104]: undriven on gold side.
  Skipping signal bit modinst163.modinst92.y_gold [105]: undriven on gold side.
  Skipping signal bit modinst163.modinst92.y_gold [106]: undriven on gold side.
  Skipping signal bit modinst163.modinst92.y_gold [107]: undriven on gold side.
  Skipping signal bit modinst163.modinst92.y_gold [108]: undriven on gold side.
  Skipping signal bit modinst163.modinst92.y_gold [109]: undriven on gold side.
  Skipping signal bit modinst163.modinst92.y_gold [110]: undriven on gold side.
  Skipping signal bit modinst163.modinst92.y_gold [111]: undriven on gold side.
  Skipping signal bit modinst163.modinst92.y_gold [112]: undriven on gold side.
  Skipping signal bit modinst163.modinst92.y_gold [113]: undriven on gold side.
  Skipping signal bit modinst163.modinst92.y_gold [114]: undriven on gold side.
  Skipping signal bit modinst163.modinst92.y_gold [115]: undriven on gold side.
  Skipping signal bit modinst163.modinst92.y_gold [116]: undriven on gold side.
  Skipping signal bit modinst163.modinst92.y_gold [117]: undriven on gold side.
  Skipping signal bit modinst163.modinst92.y_gold [118]: undriven on gold side.
  Skipping signal bit modinst163.modinst92.y_gold [119]: undriven on gold side.
  Skipping signal bit modinst163.modinst92.y_gold [120]: undriven on gold side.
  Skipping signal bit modinst163.modinst92.y_gold [130]: undriven on gold side.
  Skipping signal bit modinst163.modinst92.y_gold [131]: undriven on gold side.
  Skipping signal bit modinst163.modinst92.y_gold [132]: undriven on gold side.
  Skipping signal bit modinst163.modinst92.y_gold [133]: undriven on gold side.
  Skipping signal bit modinst163.modinst92.y_gold [134]: undriven on gold side.
  Skipping signal bit modinst163.modinst92.y_gold [135]: undriven on gold side.
  Skipping signal bit modinst163.modinst92.y_gold [136]: undriven on gold side.
  Skipping signal bit modinst163.modinst92.y_gold [137]: undriven on gold side.
  Skipping signal bit modinst163.modinst92.y_gold [138]: undriven on gold side.
  Skipping signal bit modinst163.modinst92.y_gold [139]: undriven on gold side.
  Skipping signal bit modinst163.modinst92.y_gold [140]: undriven on gold side.
  Skipping signal bit modinst163.modinst92.y_gold [141]: undriven on gold side.
  Skipping signal bit modinst163.modinst92.y_gold [142]: undriven on gold side.
  Skipping signal bit modinst163.modinst92.y_gold [143]: undriven on gold side.
  Skipping signal bit modinst163.modinst92.y_gold [144]: undriven on gold side.
  Skipping signal bit modinst163.modinst92.y_gold [145]: undriven on gold side.
  Skipping signal bit modinst163.modinst92.y_gold [146]: undriven on gold side.
  Skipping signal bit modinst163.modinst92.y_gold [147]: undriven on gold side.
  Skipping signal bit modinst163.modinst92.y_gold [148]: undriven on gold side.
  Skipping signal bit modinst163.modinst92.y_gold [149]: undriven on gold side.
  Skipping signal bit modinst163.modinst92.y_gold [150]: undriven on gold side.
  Skipping signal bit modinst163.modinst92.y_gold [151]: undriven on gold side.
  Skipping signal bit modinst163.modinst92.y_gold [152]: undriven on gold side.
  Skipping signal bit modinst163.modinst92.y_gold [153]: undriven on gold side.
  Skipping signal bit modinst163.modinst92.y_gold [154]: undriven on gold side.
  Skipping signal bit modinst163.modinst92.y_gold [155]: undriven on gold side.
  Skipping signal bit modinst163.modinst92.y_gold [156]: undriven on gold side.
  Skipping signal bit modinst163.modinst92.y_gold [157]: undriven on gold side.
  Skipping signal bit modinst163.modinst92.y_gold [158]: undriven on gold side.
  Skipping signal bit modinst163.modinst92.y_gold [159]: undriven on gold side.
  Skipping signal bit modinst163.modinst92.y_gold [160]: undriven on gold side.
  Skipping signal bit modinst163.modinst92.y_gold [161]: undriven on gold side.
  Skipping signal bit modinst163.modinst92.y_gold [162]: undriven on gold side.
  Skipping signal bit modinst163.modinst92.y_gold [163]: undriven on gold side.
  Skipping signal bit modinst163.modinst92.y_gold [164]: undriven on gold side.
  Skipping signal bit modinst163.modinst92.y_gold [165]: undriven on gold side.
  Skipping signal bit modinst163.modinst92.y_gold [166]: undriven on gold side.
  Skipping signal bit modinst163.modinst92.y_gold [167]: undriven on gold side.
  Skipping signal bit modinst163.modinst92.y_gold [168]: undriven on gold side.
  Skipping signal bit modinst163.modinst92.y_gold [169]: undriven on gold side.
  Skipping signal bit modinst163.modinst92.y_gold [170]: undriven on gold side.
  Skipping signal bit modinst163.modinst92.y_gold [171]: undriven on gold side.
  Skipping signal bit modinst163.modinst92.y_gold [172]: undriven on gold side.
  Skipping signal bit modinst163.modinst92.y_gold [173]: undriven on gold side.
  Skipping signal bit modinst163.modinst92.y_gold [174]: undriven on gold side.
  Skipping signal bit modinst163.modinst92.y_gold [175]: undriven on gold side.
  Skipping signal bit modinst163.modinst92.y_gold [176]: undriven on gold side.
  Skipping signal bit modinst163.modinst92.y_gold [177]: undriven on gold side.
  Skipping signal bit modinst163.modinst92.y_gold [178]: undriven on gold side.
  Skipping signal bit modinst163.modinst92.y_gold [179]: undriven on gold side.
  Skipping signal bit modinst163.modinst92.y_gold [180]: undriven on gold side.
  Skipping signal bit modinst163.modinst92.y_gold [181]: undriven on gold side.
  Skipping signal bit modinst163.modinst92.y_gold [182]: undriven on gold side.
  Skipping signal bit modinst163.modinst92.y_gold [183]: undriven on gold side.
  Skipping signal bit modinst163.modinst92.y_gold [184]: undriven on gold side.
  Skipping signal bit modinst163.modinst92.y_gold [185]: undriven on gold side.
  Skipping signal bit modinst163.modinst92.y_gold [186]: undriven on gold side.
  Skipping signal bit modinst163.modinst92.y_gold [187]: undriven on gold side.
  Skipping signal bit modinst163.modinst92.y_gold [188]: undriven on gold side.
  Skipping signal bit modinst163.modinst92.y_gold [189]: undriven on gold side.
  Skipping signal bit modinst163.modinst92.y_gold [190]: undriven on gold side.
  Skipping signal bit modinst163.modinst92.y_gold [191]: undriven on gold side.
  Skipping signal bit modinst163.modinst92.y_gold [192]: undriven on gold side.
  Skipping signal bit modinst163.modinst92.y_gold [193]: undriven on gold side.
  Skipping signal bit modinst163.modinst92.y_gold [194]: undriven on gold side.
  Skipping signal bit modinst163.modinst92.y_gold [195]: undriven on gold side.
  Skipping signal bit modinst163.modinst92.y_gold [196]: undriven on gold side.
  Skipping signal bit modinst163.modinst92.y_gold [197]: undriven on gold side.
  Skipping signal bit modinst163.modinst92.y_gold [198]: undriven on gold side.
  Skipping signal bit modinst163.modinst92.y_gold [199]: undriven on gold side.
  Skipping signal bit modinst163.modinst92.y_gold [200]: undriven on gold side.
  Skipping signal bit modinst163.modinst92.y_gold [201]: undriven on gold side.
  Skipping signal bit modinst163.modinst92.y_gold [202]: undriven on gold side.
  Skipping signal bit modinst163.modinst92.y_gold [203]: undriven on gold side.
  Skipping signal bit modinst163.modinst92.y_gold [204]: undriven on gold side.
  Skipping signal bit modinst163.modinst92.y_gold [205]: undriven on gold side.
  Skipping signal bit modinst163.modinst92.y_gold [206]: undriven on gold side.
  Skipping signal bit modinst163.modinst92.y_gold [207]: undriven on gold side.
  Skipping signal bit modinst163.modinst92.y_gold [208]: undriven on gold side.
  Skipping signal bit modinst163.modinst92.y_gold [209]: undriven on gold side.
  Skipping signal bit modinst163.modinst92.y_gold [217]: undriven on gold side.
  Skipping signal bit modinst163.modinst92.y_gold [218]: undriven on gold side.
  Skipping signal bit modinst163.modinst92.y_gold [219]: undriven on gold side.
  Skipping signal bit modinst163.modinst92.y_gold [220]: undriven on gold side.
  Skipping signal bit modinst163.modinst92.y_gold [221]: undriven on gold side.
  Skipping signal bit modinst163.modinst92.y_gold [222]: undriven on gold side.
  Skipping signal bit modinst163.modinst92.y_gold [223]: undriven on gold side.
  Skipping signal bit modinst163.modinst92.y_gold [224]: undriven on gold side.
  Skipping signal bit modinst163.modinst92.y_gold [225]: undriven on gold side.
  Skipping signal bit modinst163.modinst92.y_gold [226]: undriven on gold side.
  Skipping signal bit modinst163.modinst92.y_gold [227]: undriven on gold side.
  Skipping signal bit modinst163.modinst92.y_gold [228]: undriven on gold side.
  Skipping signal bit modinst163.modinst92.y_gold [229]: undriven on gold side.
  Skipping signal bit modinst163.modinst92.y_gold [230]: undriven on gold side.
  Skipping signal bit modinst163.modinst92.y_gold [231]: undriven on gold side.
  Skipping signal bit modinst163.modinst92.y_gold [232]: undriven on gold side.
  Skipping signal bit modinst163.modinst92.y_gold [233]: undriven on gold side.
  Skipping signal bit modinst163.modinst92.y_gold [234]: undriven on gold side.
  Skipping signal bit modinst163.modinst92.y_gold [235]: undriven on gold side.
  Skipping signal bit modinst163.modinst92.y_gold [236]: undriven on gold side.
  Skipping signal bit modinst163.modinst92.y_gold [237]: undriven on gold side.
  Skipping signal bit modinst163.modinst92.y_gold [238]: undriven on gold side.
  Skipping signal bit modinst163.modinst92.y_gold [239]: undriven on gold side.
  Skipping signal bit modinst163.modinst92.y_gold [240]: undriven on gold side.
  Skipping signal bit modinst163.modinst92.y_gold [241]: undriven on gold side.
  Skipping signal bit modinst163.modinst92.y_gold [242]: undriven on gold side.
  Skipping signal bit modinst163.modinst92.y_gold [243]: undriven on gold side.
  Skipping signal bit modinst163.modinst92.y_gold [244]: undriven on gold side.
  Skipping signal bit modinst163.modinst92.y_gold [245]: undriven on gold side.
  Skipping signal bit modinst163.modinst92.y_gold [246]: undriven on gold side.
  Skipping signal bit modinst163.modinst92.y_gold [247]: undriven on gold side.
  Skipping signal bit modinst163.modinst92.y_gold [248]: undriven on gold side.
  Skipping signal bit modinst163.modinst92.y_gold [249]: undriven on gold side.
  Skipping signal bit modinst163.modinst92.y_gold [250]: undriven on gold side.
  Skipping signal bit modinst163.modinst92.y_gold [251]: undriven on gold side.
  Skipping signal bit modinst163.modinst92.y_gold [252]: undriven on gold side.
  Skipping signal bit modinst163.modinst92.y_gold [253]: undriven on gold side.
  Skipping signal bit modinst163.modinst92.y_gold [254]: undriven on gold side.
  Skipping signal bit modinst163.modinst92.y_gold [255]: undriven on gold side.
  Skipping signal bit modinst163.modinst92.y_gold [256]: undriven on gold side.
  Skipping signal bit modinst163.modinst92.y_gold [257]: undriven on gold side.
  Skipping signal bit modinst163.modinst92.y_gold [258]: undriven on gold side.
  Skipping signal bit modinst163.modinst92.y_gold [259]: undriven on gold side.
  Skipping signal bit modinst163.modinst92.y_gold [260]: undriven on gold side.
  Skipping signal bit modinst163.modinst92.y_gold [261]: undriven on gold side.
  Skipping signal bit modinst163.modinst92.y_gold [262]: undriven on gold side.
  Skipping signal bit modinst163.modinst92.y_gold [263]: undriven on gold side.
  Skipping signal bit modinst163.modinst92.y_gold [264]: undriven on gold side.
  Skipping signal bit modinst163.modinst92.y_gold [265]: undriven on gold side.
  Skipping signal bit modinst163.modinst92.y_gold [266]: undriven on gold side.
  Skipping signal bit modinst163.modinst92.y_gold [267]: undriven on gold side.
  Skipping signal bit modinst163.modinst92.y_gold [268]: undriven on gold side.
  Skipping signal bit modinst163.modinst92.y_gold [269]: undriven on gold side.
  Skipping signal bit modinst163.modinst92.y_gold [270]: undriven on gold side.
  Skipping signal bit modinst163.modinst92.y_gold [271]: undriven on gold side.
  Skipping signal bit modinst163.modinst92.y_gold [272]: undriven on gold side.
  Skipping signal bit modinst163.modinst92.y_gold [273]: undriven on gold side.
  Skipping signal bit modinst163.modinst92.y_gold [274]: undriven on gold side.
  Skipping signal bit modinst163.modinst92.y_gold [275]: undriven on gold side.
  Skipping signal bit modinst163.modinst92.y_gold [276]: undriven on gold side.
  Skipping signal bit modinst163.modinst92.y_gold [277]: undriven on gold side.
  Skipping signal bit modinst163.modinst92.y_gold [278]: undriven on gold side.
  Skipping signal bit modinst163.modinst92.y_gold [279]: undriven on gold side.
  Skipping signal bit modinst163.modinst92.y_gold [280]: undriven on gold side.
  Skipping signal bit modinst163.modinst92.y_gold [281]: undriven on gold side.
  Skipping signal bit modinst163.modinst92.y_gold [282]: undriven on gold side.
  Skipping signal bit modinst163.modinst92.y_gold [283]: undriven on gold side.
  Skipping signal bit modinst163.modinst92.y_gold [284]: undriven on gold side.
  Skipping signal bit modinst163.modinst92.y_gold [285]: undriven on gold side.
  Skipping signal bit modinst163.modinst92.y_gold [286]: undriven on gold side.
  Skipping signal bit modinst163.modinst92.y_gold [287]: undriven on gold side.
  Skipping signal bit modinst163.modinst92.y_gold [288]: undriven on gold side.
  Skipping signal bit modinst163.modinst92.y_gold [289]: undriven on gold side.
  Skipping signal bit modinst163.modinst92.y_gold [290]: undriven on gold side.
  Skipping signal bit modinst163.modinst92.y_gold [291]: undriven on gold side.
  Skipping signal bit modinst163.modinst92.y_gold [292]: undriven on gold side.
  Skipping signal bit modinst163.modinst92.y_gold [293]: undriven on gold side.
  Skipping signal bit modinst163.modinst92.y_gold [294]: undriven on gold side.
  Skipping signal bit modinst163.modinst92.y_gold [295]: undriven on gold side.
  Skipping signal bit modinst163.modinst92.y_gold [296]: undriven on gold side.
  Skipping signal bit modinst163.modinst92.y_gold [297]: undriven on gold side.
  Skipping signal bit modinst163.modinst92.y_gold [298]: undriven on gold side.
  Skipping signal bit modinst163.modinst92.y_gold [299]: undriven on gold side.
  Skipping signal bit modinst163.modinst92.y_gold [300]: undriven on gold side.
  Skipping signal bit modinst163.modinst92.y_gold [301]: undriven on gold side.
  Skipping signal bit modinst163.modinst92.y_gold [302]: undriven on gold side.
  Skipping signal bit modinst163.modinst92.y_gold [303]: undriven on gold side.
  Skipping signal bit modinst163.modinst92.y_gold [304]: undriven on gold side.
  Skipping signal bit modinst163.modinst92.y_gold [305]: undriven on gold side.
  Skipping signal bit modinst163.modinst92.y_gold [306]: undriven on gold side.
  Skipping signal bit modinst163.modinst92.y_gold [307]: undriven on gold side.
  Skipping signal bit modinst163.modinst92.y_gold [308]: undriven on gold side.
  Skipping signal bit modinst163.modinst92.y_gold [309]: undriven on gold side.
  Skipping signal bit modinst163.modinst92.y_gold [310]: undriven on gold side.
  Skipping signal bit modinst163.modinst92.y_gold [311]: undriven on gold side.
  Skipping signal bit modinst163.modinst92.y_gold [312]: undriven on gold side.
  Skipping signal bit modinst163.modinst92.y_gold [313]: undriven on gold side.
  Skipping signal bit modinst163.modinst92.y_gold [314]: undriven on gold side.
  Skipping signal bit modinst163.modinst92.y_gold [315]: undriven on gold side.
  Skipping signal bit modinst163.modinst92.y_gold [316]: undriven on gold side.
  Skipping signal bit modinst163.modinst92.y_gold [317]: undriven on gold side.
  Skipping signal bit modinst163.modinst92.y_gold [318]: undriven on gold side.
  Skipping signal bit modinst163.modinst92.y_gold [319]: undriven on gold side.
  Skipping signal bit modinst163.modinst92.y_gold [320]: undriven on gold side.
  Skipping signal bit modinst163.modinst92.y_gold [321]: undriven on gold side.
  Skipping signal bit modinst163.modinst92.y_gold [322]: undriven on gold side.
  Skipping signal bit modinst163.modinst92.y_gold [323]: undriven on gold side.
  Skipping signal bit modinst163.modinst92.y_gold [324]: undriven on gold side.
  Skipping signal bit modinst163.modinst92.y_gold [325]: undriven on gold side.
  Skipping signal bit modinst163.modinst92.y_gold [326]: undriven on gold side.
  Skipping signal bit modinst163.modinst92.y_gold [327]: undriven on gold side.
  Skipping signal bit modinst163.modinst92.y_gold [328]: undriven on gold side.
  Skipping signal bit modinst163.modinst92.y_gold [339]: undriven on gold side.
  Skipping signal bit modinst163.modinst92.y_gold [340]: undriven on gold side.
  Skipping signal bit modinst163.modinst92.y_gold [341]: undriven on gold side.
  Skipping signal bit modinst163.modinst92.y_gold [342]: undriven on gold side.
  Skipping signal bit modinst163.modinst92.y_gold [343]: undriven on gold side.
  Skipping signal bit modinst163.modinst92.y_gold [344]: undriven on gold side.
  Skipping signal bit modinst163.modinst92.y_gold [345]: undriven on gold side.
  Skipping signal bit modinst163.modinst92.y_gold [346]: undriven on gold side.
  Skipping signal bit modinst163.modinst92.y_gold [347]: undriven on gold side.
  Skipping signal bit modinst163.modinst92.y_gold [348]: undriven on gold side.
  Skipping signal bit modinst163.modinst92.y_gold [349]: undriven on gold side.
  Skipping signal bit modinst163.modinst92.y_gold [350]: undriven on gold side.
  Skipping signal bit modinst163.modinst92.y_gold [351]: undriven on gold side.
  Skipping signal bit modinst163.modinst92.y_gold [352]: undriven on gold side.
  Skipping signal bit modinst163.modinst92.y_gold [353]: undriven on gold side.
  Skipping signal bit modinst163.modinst92.y_gold [354]: undriven on gold side.
  Skipping signal bit modinst163.modinst92.y_gold [355]: undriven on gold side.
  Skipping signal bit modinst163.modinst92.y_gold [356]: undriven on gold side.
  Skipping signal bit modinst163.modinst92.y_gold [357]: undriven on gold side.
  Skipping signal bit modinst163.modinst92.y_gold [358]: undriven on gold side.
  Skipping signal bit modinst163.modinst92.y_gold [359]: undriven on gold side.
  Skipping signal bit modinst163.modinst92.y_gold [360]: undriven on gold side.
  Skipping signal bit modinst163.modinst92.y_gold [361]: undriven on gold side.
  Skipping signal bit modinst163.modinst92.y_gold [362]: undriven on gold side.
  Skipping signal bit modinst163.modinst92.y_gold [363]: undriven on gold side.
  Skipping signal bit modinst163.modinst92.y_gold [364]: undriven on gold side.
  Skipping signal bit modinst163.modinst92.y_gold [365]: undriven on gold side.
  Skipping signal bit modinst163.modinst92.y_gold [366]: undriven on gold side.
  Skipping signal bit modinst163.modinst92.y_gold [367]: undriven on gold side.
  Skipping signal bit modinst163.modinst92.y_gold [368]: undriven on gold side.
  Skipping signal bit modinst163.modinst92.y_gold [369]: undriven on gold side.
  Skipping signal bit modinst163.modinst92.y_gold [370]: undriven on gold side.
  Skipping signal bit modinst163.modinst92.y_gold [371]: undriven on gold side.
  Skipping signal bit modinst163.modinst92.y_gold [372]: undriven on gold side.
  Skipping signal bit modinst163.modinst92.y_gold [373]: undriven on gold side.
  Skipping signal bit modinst163.modinst92.y_gold [374]: undriven on gold side.
  Skipping signal bit modinst163.modinst92.y_gold [375]: undriven on gold side.
  Skipping signal bit modinst163.modinst92.y_gold [376]: undriven on gold side.
  Skipping signal bit modinst163.modinst92.y_gold [377]: undriven on gold side.
  Skipping signal bit modinst163.modinst92.y_gold [378]: undriven on gold side.
  Skipping signal bit modinst163.modinst92.y_gold [379]: undriven on gold side.
  Skipping signal bit modinst163.modinst92.y_gold [380]: undriven on gold side.
  Skipping signal bit modinst163.modinst92.y_gold [381]: undriven on gold side.
  Skipping signal bit modinst163.modinst92.y_gold [382]: undriven on gold side.
  Skipping signal bit modinst163.modinst92.y_gold [383]: undriven on gold side.
  Skipping signal bit modinst163.modinst92.y_gold [384]: undriven on gold side.
  Skipping signal bit modinst163.modinst92.y_gold [385]: undriven on gold side.
  Skipping signal bit modinst163.modinst92.y_gold [386]: undriven on gold side.
  Skipping signal bit modinst163.modinst92.y_gold [387]: undriven on gold side.
  Skipping signal bit modinst163.modinst92.y_gold [388]: undriven on gold side.
  Skipping signal bit modinst163.modinst92.y_gold [389]: undriven on gold side.
  Skipping signal bit modinst163.modinst92.y_gold [390]: undriven on gold side.
  Skipping signal bit modinst163.modinst92.y_gold [391]: undriven on gold side.
  Skipping signal bit modinst163.modinst92.y_gold [392]: undriven on gold side.
  Skipping signal bit modinst163.modinst92.y_gold [393]: undriven on gold side.
  Skipping signal bit modinst163.modinst92.y_gold [394]: undriven on gold side.
  Skipping signal bit modinst163.modinst92.y_gold [395]: undriven on gold side.
  Skipping signal bit modinst163.modinst92.y_gold [396]: undriven on gold side.
  Skipping signal bit modinst163.modinst92.y_gold [397]: undriven on gold side.
  Skipping signal bit modinst163.modinst92.y_gold [398]: undriven on gold side.
  Skipping signal bit modinst163.modinst92.y_gold [399]: undriven on gold side.
  Skipping signal bit modinst163.modinst92.y_gold [400]: undriven on gold side.
  Skipping signal bit modinst163.modinst92.y_gold [401]: undriven on gold side.
  Skipping signal bit modinst163.modinst92.y_gold [402]: undriven on gold side.
  Skipping signal bit modinst163.modinst92.y_gold [403]: undriven on gold side.
  Skipping signal bit modinst163.modinst92.y_gold [404]: undriven on gold side.
  Skipping signal bit modinst163.modinst92.y_gold [405]: undriven on gold side.
  Skipping signal bit modinst163.modinst92.y_gold [406]: undriven on gold side.
  Skipping signal bit modinst163.modinst92.y_gold [407]: undriven on gold side.
  Skipping signal bit modinst163.modinst92.y_gold [408]: undriven on gold side.
  Skipping signal bit modinst163.modinst92.y_gold [409]: undriven on gold side.
  Skipping signal bit modinst163.modinst92.y_gold [410]: undriven on gold side.
  Skipping signal bit modinst163.modinst92.y_gold [411]: undriven on gold side.
  Skipping signal bit modinst163.modinst92.y_gold [412]: undriven on gold side.
  Skipping signal bit modinst163.modinst92.y_gold [413]: undriven on gold side.
  Skipping signal bit modinst163.modinst92.y_gold [414]: undriven on gold side.
  Skipping signal bit modinst163.modinst92.y_gold [415]: undriven on gold side.
  Skipping signal bit modinst163.modinst92.y_gold [416]: undriven on gold side.
  Skipping signal bit modinst163.modinst92.y_gold [417]: undriven on gold side.
  Skipping signal bit modinst163.modinst92.y_gold [418]: undriven on gold side.
  Skipping signal bit modinst163.modinst92.y_gold [419]: undriven on gold side.
  Skipping signal bit modinst163.modinst92.y_gold [420]: undriven on gold side.
  Skipping signal bit modinst163.modinst92.y_gold [421]: undriven on gold side.
  Skipping signal bit modinst163.modinst92.y_gold [422]: undriven on gold side.
  Skipping signal bit modinst163.modinst92.y_gold [423]: undriven on gold side.
  Skipping signal bit modinst163.modinst92.y_gold [424]: undriven on gold side.
  Skipping signal bit modinst163.modinst92.y_gold [425]: undriven on gold side.
  Skipping signal bit modinst163.modinst92.y_gold [426]: undriven on gold side.
  Skipping signal bit modinst163.modinst92.y_gold [427]: undriven on gold side.
  Skipping signal bit modinst163.modinst92.y_gold [428]: undriven on gold side.
  Skipping signal bit modinst163.modinst92.y_gold [429]: undriven on gold side.
  Skipping signal bit modinst163.modinst92.y_gold [430]: undriven on gold side.
  Skipping signal bit modinst163.modinst92.y_gold [431]: undriven on gold side.
  Skipping signal bit modinst163.modinst92.y_gold [432]: undriven on gold side.
  Skipping signal bit modinst163.modinst92.y_gold [433]: undriven on gold side.
  Skipping signal bit modinst163.modinst92.y_gold [434]: undriven on gold side.
  Skipping signal bit modinst163.modinst92.y_gold [435]: undriven on gold side.
  Skipping signal bit modinst163.modinst92.y_gold [436]: undriven on gold side.
  Skipping signal bit modinst163.modinst92.y_gold [437]: undriven on gold side.
  Skipping signal bit modinst163.modinst92.y_gold [438]: undriven on gold side.
  Skipping signal bit modinst163.modinst92.y_gold [439]: undriven on gold side.
  Skipping signal bit modinst163.modinst92.y_gold [440]: undriven on gold side.
  Skipping signal bit modinst163.modinst92.y_gold [441]: undriven on gold side.
  Skipping signal bit modinst163.modinst92.y_gold [442]: undriven on gold side.
  Skipping signal bit modinst163.modinst92.y_gold [443]: undriven on gold side.
  Skipping signal bit modinst163.modinst92.y_gold [444]: undriven on gold side.
  Skipping signal bit modinst163.modinst92.y_gold [445]: undriven on gold side.
  Skipping signal bit modinst163.modinst92.y_gold [446]: undriven on gold side.
  Skipping signal bit modinst163.modinst92.y_gold [447]: undriven on gold side.
  Skipping signal bit modinst163.modinst92.y_gold [448]: undriven on gold side.
  Skipping signal bit modinst163.modinst92.y_gold [449]: undriven on gold side.
  Skipping signal bit modinst163.modinst92.y_gold [450]: undriven on gold side.
  Skipping signal bit modinst163.modinst92.y_gold [451]: undriven on gold side.
  Skipping signal bit modinst163.modinst92.y_gold [452]: undriven on gold side.
  Skipping signal bit modinst163.modinst92.y_gold [453]: undriven on gold side.
  Skipping signal bit modinst163.modinst92.y_gold [454]: undriven on gold side.
  Skipping signal bit modinst163.modinst92.y_gold [455]: undriven on gold side.
  Skipping signal bit modinst163.modinst92.y_gold [456]: undriven on gold side.
  Skipping signal bit modinst163.modinst92.y_gold [457]: undriven on gold side.
  Skipping signal bit modinst163.modinst92.y_gold [458]: undriven on gold side.
  Skipping signal bit modinst163.modinst92.y_gold [459]: undriven on gold side.
  Skipping signal bit modinst163.modinst92.y_gold [460]: undriven on gold side.
  Skipping signal bit modinst163.modinst92.y_gold [461]: undriven on gold side.
  Skipping signal bit modinst163.modinst92.y_gold [462]: undriven on gold side.
  Skipping signal bit modinst163.modinst92.y_gold [463]: undriven on gold side.
  Skipping signal bit modinst163.modinst92.y_gold [464]: undriven on gold side.
  Skipping signal bit modinst163.modinst92.y_gold [465]: undriven on gold side.
  Skipping signal bit modinst163.modinst92.y_gold [466]: undriven on gold side.
  Skipping signal bit modinst163.modinst92.y_gold [467]: undriven on gold side.
  Skipping signal bit modinst163.modinst92.y_gold [468]: undriven on gold side.
  Skipping signal bit modinst163.modinst92.y_gold [469]: undriven on gold side.
  Skipping signal bit modinst163.modinst92.y_gold [470]: undriven on gold side.
  Skipping signal bit modinst163.modinst92.y_gold [471]: undriven on gold side.
  Skipping signal bit modinst163.modinst92.y_gold [472]: undriven on gold side.
  Skipping signal bit modinst163.modinst92.y_gold [473]: undriven on gold side.
  Skipping signal bit modinst163.modinst92.y_gold [474]: undriven on gold side.
  Skipping signal bit modinst163.modinst92.y_gold [475]: undriven on gold side.
  Skipping signal bit modinst163.modinst92.y_gold [476]: undriven on gold side.
  Skipping signal bit modinst163.modinst92.y_gold [477]: undriven on gold side.
  Skipping signal bit modinst163.modinst92.y_gold [478]: undriven on gold side.
  Skipping signal bit modinst163.modinst92.y_gold [479]: undriven on gold side.
  Skipping signal bit modinst163.modinst92.y_gold [480]: undriven on gold side.
  Skipping signal bit modinst163.modinst92.y_gold [481]: undriven on gold side.
  Skipping signal bit modinst163.modinst92.y_gold [482]: undriven on gold side.
  Skipping signal bit modinst163.modinst92.y_gold [483]: undriven on gold side.
  Skipping signal bit modinst163.modinst92.y_gold [484]: undriven on gold side.
  Skipping signal bit modinst163.modinst92.y_gold [485]: undriven on gold side.
  Skipping signal bit modinst163.modinst92.y_gold [486]: undriven on gold side.
  Skipping signal bit modinst163.modinst92.y_gold [487]: undriven on gold side.
  Skipping signal bit modinst163.modinst92.y_gold [488]: undriven on gold side.
  Skipping signal bit modinst163.modinst92.y_gold [489]: undriven on gold side.
  Skipping signal bit modinst163.modinst92.y_gold [490]: undriven on gold side.
  Skipping signal bit modinst163.modinst92.y_gold [491]: undriven on gold side.
  Skipping signal bit modinst163.modinst92.y_gold [492]: undriven on gold side.
  Skipping signal bit modinst163.modinst92.y_gold [493]: undriven on gold side.
  Skipping signal bit modinst163.modinst92.y_gold [494]: undriven on gold side.
  Skipping signal bit modinst163.modinst92.y_gold [495]: undriven on gold side.
  Skipping signal bit modinst163.modinst92.y_gold [496]: undriven on gold side.
  Skipping signal bit modinst163.modinst92.y_gold [497]: undriven on gold side.
  Skipping signal bit modinst163.modinst92.y_gold [498]: undriven on gold side.
  Skipping signal bit modinst163.modinst92.y_gold [499]: undriven on gold side.
  Skipping signal bit modinst163.modinst92.y_gold [500]: undriven on gold side.
  Skipping signal bit modinst163.modinst92.y_gold [501]: undriven on gold side.
  Skipping signal bit modinst163.modinst92.y_gold [502]: undriven on gold side.
  Skipping signal bit modinst163.modinst92.y_gold [503]: undriven on gold side.
  Skipping signal bit modinst163.modinst92.y_gold [504]: undriven on gold side.
  Skipping signal bit modinst163.modinst92.y_gold [505]: undriven on gold side.
  Skipping signal bit modinst163.modinst92.y_gold [506]: undriven on gold side.
  Skipping signal bit modinst163.modinst92.y_gold [507]: undriven on gold side.
  Skipping signal bit modinst163.modinst92.y_gold [508]: undriven on gold side.
  Skipping signal bit modinst163.modinst92.y_gold [509]: undriven on gold side.
  Skipping signal bit modinst163.modinst92.y_gold [510]: undriven on gold side.
  Skipping signal bit modinst163.modinst92.y_gold [511]: undriven on gold side.
  Skipping signal bit modinst163.modinst92.y_gold [512]: undriven on gold side.
  Skipping signal bit modinst163.modinst92.y_gold [513]: undriven on gold side.
  Skipping signal bit modinst163.modinst92.y_gold [514]: undriven on gold side.
  Skipping signal bit modinst163.modinst92.y_gold [515]: undriven on gold side.
  Skipping signal bit modinst163.modinst92.y_gold [516]: undriven on gold side.
  Skipping signal bit modinst163.modinst92.y_gold [517]: undriven on gold side.
  Skipping signal bit modinst163.modinst92.y_gold [518]: undriven on gold side.
  Skipping signal bit modinst163.modinst92.y_gold [519]: undriven on gold side.
  Skipping signal bit modinst163.modinst92.y_gold [520]: undriven on gold side.
  Skipping signal bit modinst163.modinst92.y_gold [521]: undriven on gold side.
  Skipping signal bit modinst163.modinst92.y_gold [522]: undriven on gold side.
  Skipping signal bit modinst163.modinst92.y_gold [523]: undriven on gold side.
  Skipping signal bit modinst163.modinst92.y_gold [524]: undriven on gold side.
  Skipping signal bit modinst163.modinst92.y_gold [525]: undriven on gold side.
  Skipping signal bit modinst163.modinst92.y_gold [526]: undriven on gold side.
  Skipping signal bit modinst163.modinst92.y_gold [527]: undriven on gold side.
  Skipping signal bit modinst163.modinst92.y_gold [528]: undriven on gold side.
  Skipping signal bit modinst163.modinst92.y_gold [529]: undriven on gold side.
  Skipping signal bit modinst163.modinst92.y_gold [530]: undriven on gold side.
  Skipping signal bit modinst163.modinst92.y_gold [531]: undriven on gold side.
  Skipping signal bit modinst163.modinst92.y_gold [532]: undriven on gold side.
  Skipping signal bit modinst163.modinst92.y_gold [533]: undriven on gold side.
  Skipping signal bit modinst163.modinst92.y_gold [534]: undriven on gold side.
  Skipping signal bit modinst163.modinst92.y_gold [535]: undriven on gold side.
  Skipping signal bit modinst163.modinst92.y_gold [536]: undriven on gold side.
  Skipping signal bit modinst163.modinst92.y_gold [537]: undriven on gold side.
  Skipping signal bit modinst163.modinst92.y_gold [538]: undriven on gold side.
  Skipping signal bit modinst163.modinst92.y_gold [539]: undriven on gold side.
  Skipping signal bit modinst163.modinst92.y_gold [540]: undriven on gold side.
  Skipping signal bit modinst163.modinst92.y_gold [541]: undriven on gold side.
  Skipping signal bit modinst163.modinst92.y_gold [542]: undriven on gold side.
  Skipping signal bit modinst163.modinst92.y_gold [543]: undriven on gold side.
  Skipping signal bit modinst163.modinst92.y_gold [544]: undriven on gold side.
  Skipping signal bit modinst163.modinst92.y_gold [545]: undriven on gold side.
  Skipping signal bit modinst163.modinst92.y_gold [546]: undriven on gold side.
  Skipping signal bit modinst163.modinst92.y_gold [547]: undriven on gold side.
  Skipping signal bit modinst163.modinst92.y_gold [548]: undriven on gold side.
  Skipping signal bit modinst163.modinst92.y_gold [549]: undriven on gold side.
  Skipping signal bit modinst163.modinst92.y_gold [550]: undriven on gold side.
  Skipping signal bit modinst163.modinst92.y_gold [551]: undriven on gold side.
  Skipping signal bit modinst163.modinst92.y_gold [552]: undriven on gold side.
  Skipping signal bit modinst163.modinst92.y_gold [553]: undriven on gold side.
  Skipping signal bit modinst163.modinst92.y_gold [554]: undriven on gold side.
  Skipping signal bit modinst163.modinst92.y_gold [555]: undriven on gold side.
  Skipping signal bit modinst163.modinst92.y_gold [556]: undriven on gold side.
  Skipping signal bit modinst163.modinst92.y_gold [557]: undriven on gold side.
  Skipping signal bit modinst163.modinst92.y_gold [558]: undriven on gold side.
  Skipping signal bit modinst163.modinst92.y_gold [559]: undriven on gold side.
  Skipping signal bit modinst163.modinst92.y_gold [560]: undriven on gold side.
  Skipping signal bit modinst163.modinst92.y_gold [561]: undriven on gold side.
  Skipping signal bit modinst163.modinst92.y_gold [562]: undriven on gold side.
  Skipping signal bit modinst163.modinst92.y_gold [563]: undriven on gold side.
  Skipping signal bit modinst163.modinst92.y_gold [564]: undriven on gold side.
  Skipping signal bit modinst163.modinst92.y_gold [565]: undriven on gold side.
  Skipping signal bit modinst163.modinst92.y_gold [566]: undriven on gold side.
  Skipping signal bit modinst163.modinst92.y_gold [567]: undriven on gold side.
  Skipping signal bit modinst163.modinst92.y_gold [568]: undriven on gold side.
  Skipping signal bit modinst163.modinst92.y_gold [569]: undriven on gold side.
  Skipping signal bit modinst163.modinst92.y_gold [570]: undriven on gold side.
  Skipping signal bit modinst163.modinst92.y_gold [571]: undriven on gold side.
  Skipping signal bit modinst163.modinst92.y_gold [572]: undriven on gold side.
  Skipping signal bit modinst163.modinst92.y_gold [573]: undriven on gold side.
  Skipping signal bit modinst163.modinst92.y_gold [574]: undriven on gold side.
  Skipping signal bit modinst163.modinst92.y_gold [575]: undriven on gold side.
  Skipping signal bit modinst163.modinst92.y_gold [576]: undriven on gold side.
  Skipping signal bit modinst163.modinst92.y_gold [577]: undriven on gold side.
  Skipping signal bit modinst163.modinst92.y_gold [578]: undriven on gold side.
  Skipping signal bit modinst163.modinst92.y_gold [579]: undriven on gold side.
  Skipping signal bit modinst163.modinst92.y_gold [580]: undriven on gold side.
  Skipping signal bit modinst163.modinst92.y_gold [581]: undriven on gold side.
  Skipping signal bit modinst163.modinst92.y_gold [582]: undriven on gold side.
  Skipping signal bit modinst163.modinst92.y_gold [583]: undriven on gold side.
  Skipping signal bit modinst163.modinst92.y_gold [584]: undriven on gold side.
  Skipping signal bit modinst163.modinst92.y_gold [585]: undriven on gold side.
  Skipping signal bit modinst163.modinst92.y_gold [586]: undriven on gold side.
  Skipping signal bit modinst163.modinst92.y_gold [587]: undriven on gold side.
  Skipping signal bit modinst163.modinst92.y_gold [588]: undriven on gold side.
  Skipping signal bit modinst163.modinst92.y_gold [589]: undriven on gold side.
  Skipping signal bit modinst163.modinst92.y_gold [590]: undriven on gold side.
  Skipping signal bit modinst163.modinst92.y_gold [591]: undriven on gold side.
  Skipping signal bit modinst163.modinst92.y_gold [592]: undriven on gold side.
  Skipping signal bit modinst163.modinst92.y_gold [593]: undriven on gold side.
  Skipping signal bit modinst163.modinst92.y_gold [594]: undriven on gold side.
  Skipping signal bit modinst163.modinst92.y_gold [595]: undriven on gold side.
  Skipping signal bit modinst163.modinst92.y_gold [596]: undriven on gold side.
  Skipping signal bit modinst163.modinst92.y_gold [597]: undriven on gold side.
  Skipping signal bit modinst163.modinst92.y_gold [598]: undriven on gold side.
  Skipping signal bit modinst163.modinst92.y_gold [599]: undriven on gold side.
  Skipping signal bit modinst163.modinst92.y_gold [600]: undriven on gold side.
  Skipping signal bit modinst163.modinst92.y_gold [601]: undriven on gold side.
  Skipping signal bit modinst163.modinst92.y_gold [602]: undriven on gold side.
  Skipping signal bit modinst163.modinst92.y_gold [603]: undriven on gold side.
  Skipping signal bit modinst163.modinst92.y_gold [604]: undriven on gold side.
  Skipping signal bit modinst163.modinst92.y_gold [605]: undriven on gold side.
  Skipping signal bit modinst163.modinst92.y_gold [606]: undriven on gold side.
  Skipping signal bit modinst163.modinst92.y_gold [607]: undriven on gold side.
  Skipping signal bit modinst163.modinst92.y_gold [608]: undriven on gold side.
  Skipping signal bit modinst163.modinst92.y_gold [609]: undriven on gold side.
  Skipping signal bit modinst163.modinst92.y_gold [610]: undriven on gold side.
  Skipping signal bit modinst163.modinst92.y_gold [611]: undriven on gold side.
  Skipping signal bit modinst163.modinst92.y_gold [612]: undriven on gold side.
  Skipping signal bit modinst163.modinst92.y_gold [613]: undriven on gold side.
  Skipping signal bit modinst163.modinst92.y_gold [614]: undriven on gold side.
  Skipping signal bit modinst163.modinst92.y_gold [615]: undriven on gold side.
  Skipping signal bit modinst163.modinst92.y_gold [616]: undriven on gold side.
  Skipping signal bit modinst163.modinst92.y_gold [617]: undriven on gold side.
  Skipping signal bit modinst163.modinst92.y_gold [618]: undriven on gold side.
  Skipping signal bit modinst163.modinst92.y_gold [619]: undriven on gold side.
  Skipping signal bit modinst163.modinst92.y_gold [620]: undriven on gold side.
  Skipping signal bit modinst163.modinst92.y_gold [621]: undriven on gold side.
  Skipping signal bit modinst163.modinst92.y_gold [622]: undriven on gold side.
  Skipping signal bit modinst163.modinst92.y_gold [623]: undriven on gold side.
  Skipping signal bit modinst163.modinst92.y_gold [624]: undriven on gold side.
  Skipping signal bit modinst163.modinst92.y_gold [625]: undriven on gold side.
  Skipping signal bit modinst163.modinst92.y_gold [626]: undriven on gold side.
  Skipping signal bit modinst163.modinst92.y_gold [627]: undriven on gold side.
  Skipping signal bit modinst163.modinst92.y_gold [628]: undriven on gold side.
  Skipping signal bit modinst163.modinst92.y_gold [629]: undriven on gold side.
  Skipping signal bit modinst163.modinst92.y_gold [630]: undriven on gold side.
  Skipping signal bit modinst163.modinst92.y_gold [631]: undriven on gold side.
  Skipping signal bit modinst163.modinst92.y_gold [632]: undriven on gold side.
  Skipping signal bit modinst163.modinst92.y_gold [633]: undriven on gold side.
  Skipping signal bit modinst163.modinst92.y_gold [634]: undriven on gold side.
  Skipping signal bit modinst163.modinst92.y_gold [635]: undriven on gold side.
  Skipping signal bit modinst163.modinst92.y_gold [636]: undriven on gold side.
  Skipping signal bit modinst163.modinst92.y_gold [637]: undriven on gold side.
  Skipping signal bit modinst163.modinst92.y_gold [638]: undriven on gold side.
  Skipping signal bit modinst163.modinst92.y_gold [639]: undriven on gold side.
  Skipping signal bit modinst163.modinst92.y_gold [640]: undriven on gold side.
  Skipping signal bit modinst163.modinst92.y_gold [641]: undriven on gold side.
  Skipping signal bit modinst163.modinst92.y_gold [642]: undriven on gold side.
  Skipping signal bit modinst163.modinst92.y_gold [643]: undriven on gold side.
  Skipping signal bit modinst163.modinst92.y_gold [644]: undriven on gold side.
  Skipping signal bit modinst163.modinst92.y_gold [645]: undriven on gold side.
  Skipping signal bit modinst163.modinst92.y_gold [646]: undriven on gold side.
  Skipping signal bit modinst163.modinst92.y_gold [647]: undriven on gold side.
  Skipping signal bit modinst163.modinst92.y_gold [648]: undriven on gold side.
  Skipping signal bit modinst163.modinst92.y_gold [649]: undriven on gold side.
  Skipping signal bit modinst163.modinst92.y_gold [650]: undriven on gold side.
  Skipping signal bit modinst163.modinst92.y_gold [651]: undriven on gold side.
  Skipping signal bit modinst163.modinst92.y_gold [652]: undriven on gold side.
  Skipping signal bit modinst163.modinst92.y_gold [653]: undriven on gold side.
  Skipping signal bit modinst163.modinst92.y_gold [654]: undriven on gold side.
  Skipping signal bit modinst163.modinst92.y_gold [655]: undriven on gold side.
  Skipping signal bit modinst163.modinst92.y_gold [656]: undriven on gold side.
  Skipping signal bit modinst163.modinst92.y_gold [657]: undriven on gold side.
  Skipping signal bit modinst163.modinst92.y_gold [658]: undriven on gold side.
  Skipping signal bit modinst163.modinst92.y_gold [659]: undriven on gold side.
  Skipping signal bit modinst163.modinst92.y_gold [660]: undriven on gold side.
  Skipping signal bit modinst163.modinst92.y_gold [661]: undriven on gold side.
  Skipping signal bit modinst163.modinst92.y_gold [662]: undriven on gold side.
  Skipping signal bit modinst163.modinst92.y_gold [663]: undriven on gold side.
  Skipping signal bit modinst163.modinst92.y_gold [664]: undriven on gold side.
  Skipping signal bit modinst163.modinst92.y_gold [665]: undriven on gold side.
  Skipping signal bit modinst163.modinst92.y_gold [666]: undriven on gold side.
  Skipping signal bit modinst163.modinst92.y_gold [667]: undriven on gold side.
  Skipping signal bit modinst163.modinst92.y_gold [668]: undriven on gold side.
  Skipping signal bit modinst163.modinst92.y_gold [669]: undriven on gold side.
  Skipping signal bit modinst163.modinst92.y_gold [670]: undriven on gold side.
  Skipping signal bit modinst163.modinst92.y_gold [671]: undriven on gold side.
  Skipping signal bit modinst163.modinst92.y_gold [672]: undriven on gold side.
  Skipping signal bit modinst163.modinst92.y_gold [673]: undriven on gold side.
  Skipping signal bit modinst163.modinst92.y_gold [674]: undriven on gold side.
  Skipping signal bit modinst163.modinst92.y_gold [675]: undriven on gold side.
  Skipping signal bit modinst163.modinst92.y_gold [676]: undriven on gold side.
  Skipping signal bit modinst163.modinst92.y_gold [677]: undriven on gold side.
  Skipping signal bit modinst163.modinst92.y_gold [678]: undriven on gold side.
  Skipping signal bit modinst163.modinst92.y_gold [679]: undriven on gold side.
  Skipping signal bit modinst163.modinst92.y_gold [680]: undriven on gold side.
  Skipping signal bit modinst163.modinst92.y_gold [681]: undriven on gold side.
  Skipping signal bit modinst163.modinst92.y_gold [682]: undriven on gold side.
  Skipping signal bit modinst163.modinst92.y_gold [683]: undriven on gold side.
  Skipping signal bit modinst163.modinst92.y_gold [684]: undriven on gold side.
  Skipping signal bit modinst163.modinst92.y_gold [685]: undriven on gold side.
  Skipping signal bit modinst163.modinst92.y_gold [686]: undriven on gold side.
  Skipping signal bit modinst163.modinst92.y_gold [687]: undriven on gold side.
  Skipping signal bit modinst163.modinst92.y_gold [688]: undriven on gold side.
  Skipping signal bit modinst163.modinst92.y_gold [689]: undriven on gold side.
  Skipping signal bit modinst163.modinst92.y_gold [690]: undriven on gold side.
  Skipping signal bit modinst163.modinst92.y_gold [691]: undriven on gold side.
  Skipping signal bit modinst163.modinst92.y_gold [692]: undriven on gold side.
  Skipping signal bit modinst163.modinst92.y_gold [693]: undriven on gold side.
  Skipping signal bit modinst163.modinst92.y_gold [694]: undriven on gold side.
  Skipping signal bit modinst163.modinst92.y_gold [695]: undriven on gold side.
  Skipping signal bit modinst163.modinst92.y_gold [696]: undriven on gold side.
  Skipping signal bit modinst163.modinst92.y_gold [697]: undriven on gold side.
  Skipping signal bit modinst163.modinst92.y_gold [698]: undriven on gold side.
  Skipping signal bit modinst163.modinst92.y_gold [699]: undriven on gold side.
  Skipping signal bit modinst163.modinst92.y_gold [700]: undriven on gold side.
  Skipping signal bit modinst163.modinst92.y_gold [701]: undriven on gold side.
  Skipping signal bit modinst163.modinst92.y_gold [702]: undriven on gold side.
  Skipping signal bit modinst163.modinst92.y_gold [703]: undriven on gold side.
  Skipping signal bit modinst163.modinst92.y_gold [704]: undriven on gold side.
  Skipping signal bit modinst163.modinst92.y_gold [705]: undriven on gold side.
  Skipping signal bit modinst163.modinst92.y_gold [706]: undriven on gold side.
  Skipping signal bit modinst163.modinst92.y_gold [707]: undriven on gold side.
  Skipping signal bit modinst163.modinst92.y_gold [708]: undriven on gold side.
  Skipping signal bit modinst163.modinst92.y_gold [709]: undriven on gold side.
  Skipping signal bit modinst163.modinst92.y_gold [710]: undriven on gold side.
  Skipping signal bit modinst163.modinst92.y_gold [711]: undriven on gold side.
  Skipping signal bit modinst163.modinst92.y_gold [712]: undriven on gold side.
  Skipping signal bit modinst163.modinst92.y_gold [713]: undriven on gold side.
  Skipping signal bit modinst163.modinst92.y_gold [714]: undriven on gold side.
  Skipping signal bit modinst163.modinst92.y_gold [715]: undriven on gold side.
  Skipping signal bit modinst163.modinst92.y_gold [716]: undriven on gold side.
  Skipping signal bit modinst163.modinst92.y_gold [717]: undriven on gold side.
  Skipping signal bit modinst163.modinst92.y_gold [718]: undriven on gold side.
  Skipping signal bit modinst163.modinst92.y_gold [719]: undriven on gold side.
  Skipping signal bit modinst163.modinst92.y_gold [720]: undriven on gold side.
  Skipping signal bit modinst163.modinst92.y_gold [721]: undriven on gold side.
  Skipping signal bit modinst163.modinst92.y_gold [722]: undriven on gold side.
  Skipping signal bit modinst163.modinst92.y_gold [723]: undriven on gold side.
  Skipping signal bit modinst163.modinst92.y_gold [724]: undriven on gold side.
  Skipping signal bit modinst163.modinst92.y_gold [725]: undriven on gold side.
  Skipping signal bit modinst163.modinst92.y_gold [726]: undriven on gold side.
  Skipping signal bit modinst163.modinst92.y_gold [727]: undriven on gold side.
  Skipping signal bit modinst163.modinst92.y_gold [728]: undriven on gold side.
  Skipping signal bit modinst163.modinst92.y_gold [729]: undriven on gold side.
  Skipping signal bit modinst163.modinst92.y_gold [730]: undriven on gold side.
  Skipping signal bit modinst163.modinst92.y_gold [731]: undriven on gold side.
  Skipping signal bit modinst163.modinst92.y_gold [732]: undriven on gold side.
  Skipping signal bit modinst163.modinst92.y_gold [733]: undriven on gold side.
  Skipping signal bit modinst163.modinst92.y_gold [734]: undriven on gold side.
  Skipping signal bit modinst163.modinst92.y_gold [735]: undriven on gold side.
  Skipping signal bit modinst163.modinst92.y_gold [736]: undriven on gold side.
  Skipping signal bit modinst163.modinst92.y_gold [737]: undriven on gold side.
  Skipping signal bit modinst163.modinst92.y_gold [738]: undriven on gold side.
  Skipping signal bit modinst163.modinst92.y_gold [739]: undriven on gold side.
  Skipping signal bit modinst163.modinst92.y_gold [740]: undriven on gold side.
  Skipping signal bit modinst163.modinst92.y_gold [741]: undriven on gold side.
  Skipping signal bit modinst163.modinst92.y_gold [742]: undriven on gold side.
  Skipping signal bit modinst163.modinst92.y_gold [743]: undriven on gold side.
  Skipping signal bit modinst163.modinst92.y_gold [744]: undriven on gold side.
  Skipping signal bit modinst163.modinst92.y_gold [745]: undriven on gold side.
  Skipping signal bit modinst163.modinst92.y_gold [746]: undriven on gold side.
  Skipping signal bit modinst163.modinst92.y_gold [747]: undriven on gold side.
  Skipping signal bit modinst163.modinst92.y_gold [748]: undriven on gold side.
  Skipping signal bit modinst163.modinst92.y_gold [749]: undriven on gold side.
  Skipping signal bit modinst163.modinst92.y_gold [750]: undriven on gold side.
  Skipping signal bit modinst163.modinst92.y_gold [751]: undriven on gold side.
  Skipping signal bit modinst163.modinst92.y_gold [752]: undriven on gold side.
  Skipping signal bit modinst163.modinst92.y_gold [753]: undriven on gold side.
  Skipping signal bit modinst163.modinst92.y_gold [754]: undriven on gold side.
  Skipping signal bit modinst163.modinst92.y_gold [755]: undriven on gold side.
  Skipping signal bit modinst163.modinst92.y_gold [756]: undriven on gold side.
  Skipping signal bit modinst163.modinst92.y_gold [757]: undriven on gold side.
  Skipping signal bit modinst163.modinst92.y_gold [758]: undriven on gold side.
  Skipping signal bit modinst163.modinst92.y_gold [759]: undriven on gold side.
  Skipping signal bit modinst163.modinst92.y_gold [760]: undriven on gold side.
  Skipping signal bit modinst163.modinst92.y_gold [761]: undriven on gold side.
  Skipping signal bit modinst163.modinst92.y_gold [762]: undriven on gold side.
  Skipping signal bit modinst163.modinst92.y_gold [763]: undriven on gold side.
  Skipping signal bit modinst163.modinst92.y_gold [764]: undriven on gold side.
  Skipping signal bit modinst163.modinst92.y_gold [765]: undriven on gold side.
  Skipping signal bit modinst163.modinst92.y_gold [766]: undriven on gold side.
  Skipping signal bit modinst163.modinst92.y_gold [767]: undriven on gold side.
  Skipping signal bit modinst163.modinst92.y_gold [768]: undriven on gold side.
  Skipping signal bit modinst163.modinst92.y_gold [769]: undriven on gold side.
  Skipping signal bit modinst163.modinst92.y_gold [770]: undriven on gold side.
  Skipping signal bit modinst163.modinst92.y_gold [771]: undriven on gold side.
  Skipping signal bit modinst163.modinst92.y_gold [772]: undriven on gold side.
  Skipping signal bit modinst163.modinst92.y_gold [773]: undriven on gold side.
  Skipping signal bit modinst163.modinst92.y_gold [774]: undriven on gold side.
  Skipping signal bit modinst163.modinst92.y_gold [775]: undriven on gold side.
  Skipping signal bit modinst163.modinst92.y_gold [776]: undriven on gold side.
  Skipping signal bit modinst163.modinst92.y_gold [777]: undriven on gold side.
  Skipping signal bit modinst163.modinst92.y_gold [778]: undriven on gold side.
  Skipping signal bit modinst163.modinst92.y_gold [779]: undriven on gold side.
  Skipping signal bit modinst163.modinst92.y_gold [780]: undriven on gold side.
  Skipping signal bit modinst163.modinst92.y_gold [781]: undriven on gold side.
  Skipping signal bit modinst163.modinst92.y_gold [782]: undriven on gold side.
  Skipping signal bit modinst163.modinst92.y_gold [783]: undriven on gold side.
  Skipping signal bit modinst163.modinst92.y_gold [784]: undriven on gold side.
  Skipping signal bit modinst163.modinst92.y_gold [785]: undriven on gold side.
  Skipping signal bit modinst163.modinst92.y_gold [786]: undriven on gold side.
  Skipping signal bit modinst163.modinst92.y_gold [787]: undriven on gold side.
  Skipping signal bit modinst163.modinst92.y_gold [788]: undriven on gold side.
  Skipping signal bit modinst163.modinst92.y_gold [789]: undriven on gold side.
  Skipping signal bit modinst163.modinst92.y_gold [790]: undriven on gold side.
  Skipping signal bit modinst163.modinst92.y_gold [791]: undriven on gold side.
  Skipping signal bit modinst163.modinst92.y_gold [792]: undriven on gold side.
  Skipping signal bit modinst163.modinst92.y_gold [793]: undriven on gold side.
  Skipping signal bit modinst163.modinst92.y_gold [794]: undriven on gold side.
  Skipping signal bit modinst163.modinst92.y_gold [795]: undriven on gold side.
  Skipping signal bit modinst163.modinst92.y_gold [796]: undriven on gold side.
  Skipping signal bit modinst163.modinst92.y_gold [797]: undriven on gold side.
  Skipping signal bit modinst163.modinst92.y_gold [798]: undriven on gold side.
  Skipping signal bit modinst163.modinst92.y_gold [799]: undriven on gold side.
  Skipping signal bit modinst163.modinst92.y_gold [800]: undriven on gold side.
  Skipping signal bit modinst163.modinst92.y_gold [801]: undriven on gold side.
  Skipping signal bit modinst163.modinst92.y_gold [802]: undriven on gold side.
  Skipping signal bit modinst163.modinst92.y_gold [803]: undriven on gold side.
  Skipping signal bit modinst163.modinst92.y_gold [804]: undriven on gold side.
  Skipping signal bit modinst163.modinst92.y_gold [805]: undriven on gold side.
  Skipping signal bit modinst163.modinst92.y_gold [806]: undriven on gold side.
  Skipping signal bit modinst163.modinst92.y_gold [807]: undriven on gold side.
  Skipping signal bit modinst163.modinst92.y_gold [808]: undriven on gold side.
  Skipping signal bit modinst163.modinst92.y_gold [809]: undriven on gold side.
  Skipping signal bit modinst163.modinst92.y_gold [810]: undriven on gold side.
  Skipping signal bit modinst163.modinst92.y_gold [811]: undriven on gold side.
  Skipping signal bit modinst163.modinst92.y_gold [812]: undriven on gold side.
  Skipping signal bit modinst163.modinst92.y_gold [813]: undriven on gold side.
  Skipping signal bit modinst163.modinst92.y_gold [814]: undriven on gold side.
  Skipping signal bit modinst163.modinst92.y_gold [815]: undriven on gold side.
  Skipping signal bit modinst163.modinst92.y_gold [816]: undriven on gold side.
  Skipping signal bit modinst163.modinst92.y_gold [817]: undriven on gold side.
  Skipping signal bit modinst163.modinst92.y_gold [818]: undriven on gold side.
  Skipping signal bit modinst163.modinst92.y_gold [819]: undriven on gold side.
  Skipping signal bit modinst163.modinst92.y_gold [820]: undriven on gold side.
  Skipping signal bit modinst163.modinst92.y_gold [821]: undriven on gold side.
  Skipping signal bit modinst163.modinst92.y_gold [822]: undriven on gold side.
  Skipping signal bit modinst163.modinst92.y_gold [823]: undriven on gold side.
  Skipping signal bit modinst163.modinst92.y_gold [824]: undriven on gold side.
  Skipping signal bit modinst163.modinst92.y_gold [825]: undriven on gold side.
  Skipping signal bit modinst163.modinst92.y_gold [826]: undriven on gold side.
  Skipping signal bit modinst163.modinst92.y_gold [827]: undriven on gold side.
  Skipping signal bit modinst163.modinst92.y_gold [828]: undriven on gold side.
  Skipping signal bit modinst163.modinst92.y_gold [829]: undriven on gold side.
  Skipping signal bit modinst163.modinst92.y_gold [830]: undriven on gold side.
  Skipping signal bit modinst163.modinst92.y_gold [831]: undriven on gold side.
  Skipping signal bit modinst163.modinst92.y_gold [832]: undriven on gold side.
  Skipping signal bit modinst163.modinst92.y_gold [833]: undriven on gold side.
  Skipping signal bit modinst163.modinst92.y_gold [834]: undriven on gold side.
  Skipping signal bit modinst163.modinst92.y_gold [835]: undriven on gold side.
  Skipping signal bit modinst163.modinst92.y_gold [836]: undriven on gold side.
  Skipping signal bit modinst163.modinst92.y_gold [837]: undriven on gold side.
  Skipping signal bit modinst163.modinst92.y_gold [838]: undriven on gold side.
  Skipping signal bit modinst163.modinst92.y_gold [839]: undriven on gold side.
  Skipping signal bit modinst163.modinst92.y_gold [840]: undriven on gold side.
  Skipping signal bit modinst163.modinst92.y_gold [841]: undriven on gold side.
Presumably equivalent wires: modinst163.modinst92.wire26_gold (\wire1_gold [2:0]), modinst163.modinst92.wire26_gate (\wire1_gate [2:0]) -> modinst163.modinst92.wire26
Presumably equivalent wires: modinst163.modinst136.wire101_gold (\modinst163.modinst136.wire101_gold), modinst163.modinst136.wire101_gate ({ \modinst163.modinst136.y_gate [4:3] \modinst163.modinst136.y_gate [27:26] }) -> modinst163.modinst136.wire101
Presumably equivalent wires: modinst163.modinst136.wire103_gold ({ 4'0000 \modinst163.modinst136.wire101_gold }), modinst163.modinst136.wire103_gate ({ 4'0000 \modinst163.modinst136.y_gate [4:3] \modinst163.modinst136.y_gate [27:26] }) -> modinst163.modinst136.wire103
Presumably equivalent wires: modinst163.modinst136.wire104_gold ({ \modinst163.modinst136.wire104_gold [3] \modinst163.modinst136.wire104_gold [3] \modinst163.modinst136.wire104_gold [3] \modinst163.modinst136.wire104_gold [3] \modinst163.modinst136.wire104_gold [3] \modinst163.modinst136.wire104_gold [3] \modinst163.modinst136.wire104_gold [3] \modinst163.modinst136.wire104_gold [3] \modinst163.modinst136.wire104_gold [3] \modinst163.modinst136.wire104_gold [3] \modinst163.modinst136.wire104_gold [3:0] }), modinst163.modinst136.wire104_gate ({ 11'00000000000 \modinst163.modinst136.y_gate [36:34] }) -> modinst163.modinst136.wire104
  Skipping signal bit modinst163.modinst136.wire104_gold [0]: undriven on gold side.
  Skipping signal bit modinst163.modinst136.wire104_gold [1]: undriven on gold side.
  Skipping signal bit modinst163.modinst136.wire104_gold [2]: undriven on gold side.
  Skipping signal bit modinst163.modinst136.wire104_gold [3]: undriven on gold side.
  Skipping signal bit modinst163.modinst136.wire104_gold [4]: undriven on gold side.
  Skipping signal bit modinst163.modinst136.wire104_gold [5]: undriven on gold side.
  Skipping signal bit modinst163.modinst136.wire104_gold [6]: undriven on gold side.
  Skipping signal bit modinst163.modinst136.wire104_gold [7]: undriven on gold side.
  Skipping signal bit modinst163.modinst136.wire104_gold [8]: undriven on gold side.
  Skipping signal bit modinst163.modinst136.wire104_gold [9]: undriven on gold side.
  Skipping signal bit modinst163.modinst136.wire104_gold [10]: undriven on gold side.
  Skipping signal bit modinst163.modinst136.wire104_gold [11]: undriven on gold side.
  Skipping signal bit modinst163.modinst136.wire104_gold [12]: undriven on gold side.
  Skipping signal bit modinst163.modinst136.wire104_gold [13]: undriven on gold side.
Presumably equivalent wires: modinst163.wire91_gold ({ \modinst163.modinst136.wire98_gold [3:1] 1'0 }), modinst163.wire91_gate ({ \modinst163.modinst92.y_gate [3:1] 1'0 }) -> modinst163.wire91
  Skipping signal bit modinst163.wire91_gold [1]: undriven on gold side.
  Skipping signal bit modinst163.wire91_gold [2]: undriven on gold side.
  Skipping signal bit modinst163.wire91_gold [3]: undriven on gold side.
Presumably equivalent wires: modinst163.wire135_gold ({ 3'000 \wire1_gold [4] \modinst163.modinst136.wire101_gold 1'0 }), modinst163.wire135_gate ({ 3'000 \wire1_gate [4] \modinst163.modinst136.y_gate [4:3] \modinst163.modinst136.y_gate [27:26] 1'0 }) -> modinst163.wire135
Presumably equivalent wires: modinst163.modinst92.wire16_gold (\wire5_gold [2:0]), modinst163.modinst92.wire16_gate ({ \wire5_gate [2] 1'0 \wire5_gate [0] }) -> modinst163.modinst92.wire16
Presumably equivalent wires: modinst163.y_gold ({ \modinst163.modinst136.wire101_gold [1:0] 13'0000000000000 \modinst163.y_gold [255:250] \modinst163.modinst136.wire101_gold 1'0 \modinst163.y_gold [244:43] \modinst163.modinst136.wire98_gold [3:1] 10'0000000000 \wire1_gold [6:1] 8'00000000 \wire1_gold [6:1] 3'000 \wire1_gold [4] \modinst163.modinst136.wire101_gold 2'00 }), modinst163.y_gate ({ \modinst163.modinst136.y_gate [27:26] 18'000000000000000000 \modinst163.reg147_reg[0]_gate \modinst163.modinst136.y_gate [4:3] \modinst163.modinst136.y_gate [27:26] 75'000000000000000000000000000000000000000000000000000000000000000000000000000 \modinst163.reg148_reg[8]_gate \modinst163.reg148_reg[8]_gate \modinst163.reg148_reg[8]_gate \modinst163.reg148_reg[5]_gate \modinst163.reg148_reg[4]_gate \modinst163.reg148_reg[3]_gate \modinst163.reg148_reg[2]_gate \modinst163.reg148_reg[1]_gate \modinst163.reg148_reg[0]_gate 5'00000 \modinst163.reg147_reg[0]_gate 3'000 \modinst163.reg146_reg[7]_gate \modinst163.reg146_reg[6]_gate \modinst163.reg146_reg[5]_gate \modinst163.reg146_reg[4]_gate \modinst163.reg146_reg[3]_gate \modinst163.reg146_reg[2]_gate \modinst163.reg146_reg[1]_gate \modinst163.reg146_reg[0]_gate 8'00000000 \modinst163.reg144_gate 19'0000000000000000000 \modinst163.reg143_reg[0]_gate \modinst163.reg142_reg[19]_gate \modinst163.reg142_reg[19]_gate \modinst163.reg142_reg[19]_gate \modinst163.reg142_reg[19]_gate \modinst163.reg142_reg[19]_gate \modinst163.reg142_reg[19]_gate \modinst163.reg142_reg[19]_gate \modinst163.reg142_reg[19]_gate \modinst163.reg142_reg[19]_gate \modinst163.reg142_reg[19]_gate \modinst163.reg142_reg[19]_gate \modinst163.reg142_reg[9]_gate \modinst163.reg142_reg[8]_gate \modinst163.reg142_reg[7]_gate \modinst163.reg142_reg[6]_gate \modinst163.reg142_reg[5]_gate \modinst163.reg142_reg[4]_gate \modinst163.reg142_reg[3]_gate \modinst163.reg142_reg[2]_gate \modinst163.reg142_reg[1]_gate \modinst163.reg142_reg[0]_gate \modinst163.reg141_gate \modinst163.reg140_gate 2'00 \modinst163.reg139_reg[0]_gate 3'000 \modinst163.reg138_reg[0]_gate 20'00000000000000000000 \modinst163.modinst92.y_gate [3:1] 10'0000000000 \wire1_gate [6:1] 8'00000000 \wire1_gate [6:1] 3'000 \wire1_gate [4] \modinst163.modinst136.y_gate [4:3] \modinst163.modinst136.y_gate [27:26] 2'00 }) -> modinst163.y
  Skipping signal bit modinst163.y_gold [40]: undriven on gold side.
  Skipping signal bit modinst163.y_gold [41]: undriven on gold side.
  Skipping signal bit modinst163.y_gold [42]: undriven on gold side.
  Skipping signal bit modinst163.y_gold [43]: undriven on gold side.
  Skipping signal bit modinst163.y_gold [44]: undriven on gold side.
  Skipping signal bit modinst163.y_gold [45]: undriven on gold side.
  Skipping signal bit modinst163.y_gold [46]: undriven on gold side.
  Skipping signal bit modinst163.y_gold [47]: undriven on gold side.
  Skipping signal bit modinst163.y_gold [48]: undriven on gold side.
  Skipping signal bit modinst163.y_gold [49]: undriven on gold side.
  Skipping signal bit modinst163.y_gold [50]: undriven on gold side.
  Skipping signal bit modinst163.y_gold [51]: undriven on gold side.
  Skipping signal bit modinst163.y_gold [52]: undriven on gold side.
  Skipping signal bit modinst163.y_gold [53]: undriven on gold side.
  Skipping signal bit modinst163.y_gold [54]: undriven on gold side.
  Skipping signal bit modinst163.y_gold [55]: undriven on gold side.
  Skipping signal bit modinst163.y_gold [56]: undriven on gold side.
  Skipping signal bit modinst163.y_gold [57]: undriven on gold side.
  Skipping signal bit modinst163.y_gold [58]: undriven on gold side.
  Skipping signal bit modinst163.y_gold [59]: undriven on gold side.
  Skipping signal bit modinst163.y_gold [60]: undriven on gold side.
  Skipping signal bit modinst163.y_gold [61]: undriven on gold side.
  Skipping signal bit modinst163.y_gold [62]: undriven on gold side.
  Skipping signal bit modinst163.y_gold [63]: undriven on gold side.
  Skipping signal bit modinst163.y_gold [64]: undriven on gold side.
  Skipping signal bit modinst163.y_gold [65]: undriven on gold side.
  Skipping signal bit modinst163.y_gold [66]: undriven on gold side.
  Skipping signal bit modinst163.y_gold [67]: undriven on gold side.
  Skipping signal bit modinst163.y_gold [68]: undriven on gold side.
  Skipping signal bit modinst163.y_gold [69]: undriven on gold side.
  Skipping signal bit modinst163.y_gold [70]: undriven on gold side.
  Skipping signal bit modinst163.y_gold [71]: undriven on gold side.
  Skipping signal bit modinst163.y_gold [72]: undriven on gold side.
  Skipping signal bit modinst163.y_gold [73]: undriven on gold side.
  Skipping signal bit modinst163.y_gold [74]: undriven on gold side.
  Skipping signal bit modinst163.y_gold [75]: undriven on gold side.
  Skipping signal bit modinst163.y_gold [76]: undriven on gold side.
  Skipping signal bit modinst163.y_gold [77]: undriven on gold side.
  Skipping signal bit modinst163.y_gold [78]: undriven on gold side.
  Skipping signal bit modinst163.y_gold [79]: undriven on gold side.
  Skipping signal bit modinst163.y_gold [80]: undriven on gold side.
  Skipping signal bit modinst163.y_gold [81]: undriven on gold side.
  Skipping signal bit modinst163.y_gold [82]: undriven on gold side.
  Skipping signal bit modinst163.y_gold [83]: undriven on gold side.
  Skipping signal bit modinst163.y_gold [84]: undriven on gold side.
  Skipping signal bit modinst163.y_gold [85]: undriven on gold side.
  Skipping signal bit modinst163.y_gold [86]: undriven on gold side.
  Skipping signal bit modinst163.y_gold [87]: undriven on gold side.
  Skipping signal bit modinst163.y_gold [88]: undriven on gold side.
  Skipping signal bit modinst163.y_gold [89]: undriven on gold side.
  Skipping signal bit modinst163.y_gold [90]: undriven on gold side.
  Skipping signal bit modinst163.y_gold [91]: undriven on gold side.
  Skipping signal bit modinst163.y_gold [92]: undriven on gold side.
  Skipping signal bit modinst163.y_gold [93]: undriven on gold side.
  Skipping signal bit modinst163.y_gold [94]: undriven on gold side.
  Skipping signal bit modinst163.y_gold [95]: undriven on gold side.
  Skipping signal bit modinst163.y_gold [96]: undriven on gold side.
  Skipping signal bit modinst163.y_gold [97]: undriven on gold side.
  Skipping signal bit modinst163.y_gold [98]: undriven on gold side.
  Skipping signal bit modinst163.y_gold [99]: undriven on gold side.
  Skipping signal bit modinst163.y_gold [100]: undriven on gold side.
  Skipping signal bit modinst163.y_gold [101]: undriven on gold side.
  Skipping signal bit modinst163.y_gold [102]: undriven on gold side.
  Skipping signal bit modinst163.y_gold [103]: undriven on gold side.
  Skipping signal bit modinst163.y_gold [104]: undriven on gold side.
  Skipping signal bit modinst163.y_gold [105]: undriven on gold side.
  Skipping signal bit modinst163.y_gold [106]: undriven on gold side.
  Skipping signal bit modinst163.y_gold [107]: undriven on gold side.
  Skipping signal bit modinst163.y_gold [108]: undriven on gold side.
  Skipping signal bit modinst163.y_gold [109]: undriven on gold side.
  Skipping signal bit modinst163.y_gold [110]: undriven on gold side.
  Skipping signal bit modinst163.y_gold [111]: undriven on gold side.
  Skipping signal bit modinst163.y_gold [112]: undriven on gold side.
  Skipping signal bit modinst163.y_gold [113]: undriven on gold side.
  Skipping signal bit modinst163.y_gold [114]: undriven on gold side.
  Skipping signal bit modinst163.y_gold [115]: undriven on gold side.
  Skipping signal bit modinst163.y_gold [116]: undriven on gold side.
  Skipping signal bit modinst163.y_gold [117]: undriven on gold side.
  Skipping signal bit modinst163.y_gold [118]: undriven on gold side.
  Skipping signal bit modinst163.y_gold [119]: undriven on gold side.
  Skipping signal bit modinst163.y_gold [120]: undriven on gold side.
  Skipping signal bit modinst163.y_gold [121]: undriven on gold side.
  Skipping signal bit modinst163.y_gold [122]: undriven on gold side.
  Skipping signal bit modinst163.y_gold [123]: undriven on gold side.
  Skipping signal bit modinst163.y_gold [124]: undriven on gold side.
  Skipping signal bit modinst163.y_gold [125]: undriven on gold side.
  Skipping signal bit modinst163.y_gold [126]: undriven on gold side.
  Skipping signal bit modinst163.y_gold [127]: undriven on gold side.
  Skipping signal bit modinst163.y_gold [128]: undriven on gold side.
  Skipping signal bit modinst163.y_gold [129]: undriven on gold side.
  Skipping signal bit modinst163.y_gold [130]: undriven on gold side.
  Skipping signal bit modinst163.y_gold [131]: undriven on gold side.
  Skipping signal bit modinst163.y_gold [132]: undriven on gold side.
  Skipping signal bit modinst163.y_gold [133]: undriven on gold side.
  Skipping signal bit modinst163.y_gold [134]: undriven on gold side.
  Skipping signal bit modinst163.y_gold [135]: undriven on gold side.
  Skipping signal bit modinst163.y_gold [136]: undriven on gold side.
  Skipping signal bit modinst163.y_gold [137]: undriven on gold side.
  Skipping signal bit modinst163.y_gold [138]: undriven on gold side.
  Skipping signal bit modinst163.y_gold [139]: undriven on gold side.
  Skipping signal bit modinst163.y_gold [140]: undriven on gold side.
  Skipping signal bit modinst163.y_gold [141]: undriven on gold side.
  Skipping signal bit modinst163.y_gold [142]: undriven on gold side.
  Skipping signal bit modinst163.y_gold [143]: undriven on gold side.
  Skipping signal bit modinst163.y_gold [144]: undriven on gold side.
  Skipping signal bit modinst163.y_gold [145]: undriven on gold side.
  Skipping signal bit modinst163.y_gold [146]: undriven on gold side.
  Skipping signal bit modinst163.y_gold [147]: undriven on gold side.
  Skipping signal bit modinst163.y_gold [148]: undriven on gold side.
  Skipping signal bit modinst163.y_gold [149]: undriven on gold side.
  Skipping signal bit modinst163.y_gold [150]: undriven on gold side.
  Skipping signal bit modinst163.y_gold [151]: undriven on gold side.
  Skipping signal bit modinst163.y_gold [152]: undriven on gold side.
  Skipping signal bit modinst163.y_gold [153]: undriven on gold side.
  Skipping signal bit modinst163.y_gold [154]: undriven on gold side.
  Skipping signal bit modinst163.y_gold [155]: undriven on gold side.
  Skipping signal bit modinst163.y_gold [156]: undriven on gold side.
  Skipping signal bit modinst163.y_gold [157]: undriven on gold side.
  Skipping signal bit modinst163.y_gold [158]: undriven on gold side.
  Skipping signal bit modinst163.y_gold [159]: undriven on gold side.
  Skipping signal bit modinst163.y_gold [160]: undriven on gold side.
  Skipping signal bit modinst163.y_gold [161]: undriven on gold side.
  Skipping signal bit modinst163.y_gold [162]: undriven on gold side.
  Skipping signal bit modinst163.y_gold [163]: undriven on gold side.
  Skipping signal bit modinst163.y_gold [164]: undriven on gold side.
  Skipping signal bit modinst163.y_gold [165]: undriven on gold side.
  Skipping signal bit modinst163.y_gold [166]: undriven on gold side.
  Skipping signal bit modinst163.y_gold [167]: undriven on gold side.
  Skipping signal bit modinst163.y_gold [168]: undriven on gold side.
  Skipping signal bit modinst163.y_gold [169]: undriven on gold side.
  Skipping signal bit modinst163.y_gold [170]: undriven on gold side.
  Skipping signal bit modinst163.y_gold [171]: undriven on gold side.
  Skipping signal bit modinst163.y_gold [172]: undriven on gold side.
  Skipping signal bit modinst163.y_gold [173]: undriven on gold side.
  Skipping signal bit modinst163.y_gold [174]: undriven on gold side.
  Skipping signal bit modinst163.y_gold [175]: undriven on gold side.
  Skipping signal bit modinst163.y_gold [176]: undriven on gold side.
  Skipping signal bit modinst163.y_gold [177]: undriven on gold side.
  Skipping signal bit modinst163.y_gold [178]: undriven on gold side.
  Skipping signal bit modinst163.y_gold [179]: undriven on gold side.
  Skipping signal bit modinst163.y_gold [180]: undriven on gold side.
  Skipping signal bit modinst163.y_gold [181]: undriven on gold side.
  Skipping signal bit modinst163.y_gold [182]: undriven on gold side.
  Skipping signal bit modinst163.y_gold [183]: undriven on gold side.
  Skipping signal bit modinst163.y_gold [184]: undriven on gold side.
  Skipping signal bit modinst163.y_gold [185]: undriven on gold side.
  Skipping signal bit modinst163.y_gold [186]: undriven on gold side.
  Skipping signal bit modinst163.y_gold [187]: undriven on gold side.
  Skipping signal bit modinst163.y_gold [188]: undriven on gold side.
  Skipping signal bit modinst163.y_gold [189]: undriven on gold side.
  Skipping signal bit modinst163.y_gold [190]: undriven on gold side.
  Skipping signal bit modinst163.y_gold [191]: undriven on gold side.
  Skipping signal bit modinst163.y_gold [192]: undriven on gold side.
  Skipping signal bit modinst163.y_gold [193]: undriven on gold side.
  Skipping signal bit modinst163.y_gold [194]: undriven on gold side.
  Skipping signal bit modinst163.y_gold [195]: undriven on gold side.
  Skipping signal bit modinst163.y_gold [196]: undriven on gold side.
  Skipping signal bit modinst163.y_gold [197]: undriven on gold side.
  Skipping signal bit modinst163.y_gold [198]: undriven on gold side.
  Skipping signal bit modinst163.y_gold [199]: undriven on gold side.
  Skipping signal bit modinst163.y_gold [200]: undriven on gold side.
  Skipping signal bit modinst163.y_gold [201]: undriven on gold side.
  Skipping signal bit modinst163.y_gold [202]: undriven on gold side.
  Skipping signal bit modinst163.y_gold [203]: undriven on gold side.
  Skipping signal bit modinst163.y_gold [204]: undriven on gold side.
  Skipping signal bit modinst163.y_gold [205]: undriven on gold side.
  Skipping signal bit modinst163.y_gold [206]: undriven on gold side.
  Skipping signal bit modinst163.y_gold [207]: undriven on gold side.
  Skipping signal bit modinst163.y_gold [208]: undriven on gold side.
  Skipping signal bit modinst163.y_gold [209]: undriven on gold side.
  Skipping signal bit modinst163.y_gold [210]: undriven on gold side.
  Skipping signal bit modinst163.y_gold [211]: undriven on gold side.
  Skipping signal bit modinst163.y_gold [212]: undriven on gold side.
  Skipping signal bit modinst163.y_gold [213]: undriven on gold side.
  Skipping signal bit modinst163.y_gold [214]: undriven on gold side.
  Skipping signal bit modinst163.y_gold [215]: undriven on gold side.
  Skipping signal bit modinst163.y_gold [216]: undriven on gold side.
  Skipping signal bit modinst163.y_gold [217]: undriven on gold side.
  Skipping signal bit modinst163.y_gold [218]: undriven on gold side.
  Skipping signal bit modinst163.y_gold [219]: undriven on gold side.
  Skipping signal bit modinst163.y_gold [220]: undriven on gold side.
  Skipping signal bit modinst163.y_gold [221]: undriven on gold side.
  Skipping signal bit modinst163.y_gold [222]: undriven on gold side.
  Skipping signal bit modinst163.y_gold [223]: undriven on gold side.
  Skipping signal bit modinst163.y_gold [224]: undriven on gold side.
  Skipping signal bit modinst163.y_gold [225]: undriven on gold side.
  Skipping signal bit modinst163.y_gold [226]: undriven on gold side.
  Skipping signal bit modinst163.y_gold [227]: undriven on gold side.
  Skipping signal bit modinst163.y_gold [228]: undriven on gold side.
  Skipping signal bit modinst163.y_gold [229]: undriven on gold side.
  Skipping signal bit modinst163.y_gold [230]: undriven on gold side.
  Skipping signal bit modinst163.y_gold [231]: undriven on gold side.
  Skipping signal bit modinst163.y_gold [232]: undriven on gold side.
  Skipping signal bit modinst163.y_gold [233]: undriven on gold side.
  Skipping signal bit modinst163.y_gold [234]: undriven on gold side.
  Skipping signal bit modinst163.y_gold [235]: undriven on gold side.
  Skipping signal bit modinst163.y_gold [236]: undriven on gold side.
  Skipping signal bit modinst163.y_gold [237]: undriven on gold side.
  Skipping signal bit modinst163.y_gold [238]: undriven on gold side.
  Skipping signal bit modinst163.y_gold [239]: undriven on gold side.
  Skipping signal bit modinst163.y_gold [240]: undriven on gold side.
  Skipping signal bit modinst163.y_gold [241]: undriven on gold side.
  Skipping signal bit modinst163.y_gold [242]: undriven on gold side.
  Skipping signal bit modinst163.y_gold [243]: undriven on gold side.
  Skipping signal bit modinst163.y_gold [244]: undriven on gold side.
  Skipping signal bit modinst163.y_gold [250]: undriven on gold side.
  Skipping signal bit modinst163.y_gold [251]: undriven on gold side.
  Skipping signal bit modinst163.y_gold [252]: undriven on gold side.
  Skipping signal bit modinst163.y_gold [253]: undriven on gold side.
  Skipping signal bit modinst163.y_gold [254]: undriven on gold side.
  Skipping signal bit modinst163.y_gold [255]: undriven on gold side.
Presumably equivalent wires: modinst163.clk_gold (\clk_gold), modinst163.clk_gate (\clk_gate) -> modinst163.clk
Presumably equivalent wires: modinst163.wire10_gold (\wire1_gold [11:0]), modinst163.wire10_gate (\wire1_gate [11:0]) -> modinst163.wire10
Presumably equivalent wires: modinst163.wire11_gold (\reg8_gold), modinst163.wire11_gate ({ 15'000000000000000 \reg8_reg[6]_gate \reg8_reg[5]_gate \reg8_reg[4]_gate \reg8_reg[3]_gate \reg8_reg[2]_gate \reg8_reg[1]_gate \reg8_reg[0]_gate }) -> modinst163.wire11
Presumably equivalent wires: modinst163.wire12_gold (\wire2_gold [19:0]), modinst163.wire12_gate (\wire2_gate [19:0]) -> modinst163.wire12
Presumably equivalent wires: modinst163.wire13_gold (\wire5_gold), modinst163.wire13_gate ({ 4'0000 \wire5_gate [6] 3'000 \wire5_gate [2] 1'0 \wire5_gate [0] }) -> modinst163.wire13
Presumably equivalent wires: modinst163.wire14_gold (\wire1_gold), modinst163.wire14_gate (\wire1_gate) -> modinst163.wire14
Presumably equivalent wires: modinst163.wire157_gold ({ \modinst163.modinst136.wire101_gold [2:0] 1'0 }), modinst163.wire157_gate ({ \modinst163.modinst136.y_gate [3] \modinst163.modinst136.y_gate [27:26] 1'0 }) -> modinst163.wire157
Presumably equivalent wires: modinst163.wire156_gold ({ 12'000000000000 \modinst163.wire156_gold [5:0] }), modinst163.wire156_gate ({ 17'00000000000000000 \modinst163.reg147_reg[0]_gate }) -> modinst163.wire156
  Skipping signal bit modinst163.wire156_gold [0]: undriven on gold side.
  Skipping signal bit modinst163.wire156_gold [1]: undriven on gold side.
  Skipping signal bit modinst163.wire156_gold [2]: undriven on gold side.
  Skipping signal bit modinst163.wire156_gold [3]: undriven on gold side.
  Skipping signal bit modinst163.wire156_gold [4]: undriven on gold side.
  Skipping signal bit modinst163.wire156_gold [5]: undriven on gold side.
Presumably equivalent wires: modinst163.wire155_gold ({ \modinst163.modinst136.wire101_gold 1'0 }), modinst163.wire155_gate ({ \modinst163.modinst136.y_gate [4:3] \modinst163.modinst136.y_gate [27:26] 1'0 }) -> modinst163.wire155
Presumably equivalent wires: modinst163.modinst92.wire17_gold (\reg8_gold), modinst163.modinst92.wire17_gate ({ 15'000000000000000 \reg8_reg[6]_gate \reg8_reg[5]_gate \reg8_reg[4]_gate \reg8_reg[3]_gate \reg8_reg[2]_gate \reg8_reg[1]_gate \reg8_reg[0]_gate }) -> modinst163.modinst92.wire17
Presumably equivalent wires: modinst163.modinst92.wire18_gold (\wire1_gold [5:0]), modinst163.modinst92.wire18_gate (\wire1_gate [5:0]) -> modinst163.modinst92.wire18
Presumably equivalent wires: modinst163.modinst92.wire19_gold (\wire1_gold [8:0]), modinst163.modinst92.wire19_gate (\wire1_gate [8:0]) -> modinst163.modinst92.wire19
Presumably equivalent wires: modinst163.modinst92.clk_gold (\clk_gold), modinst163.modinst92.clk_gate (\clk_gate) -> modinst163.modinst92.clk
Presumably equivalent wires: modinst163.modinst136.wire133_gold ({ 11'00000000000 \modinst163.modinst136.wire133_gold [2:0] }), modinst163.modinst136.wire133_gate ({ 13'0000000000000 \modinst163.modinst136.reg127_reg[0]_gate }) -> modinst163.modinst136.wire133
  Skipping signal bit modinst163.modinst136.wire133_gold [0]: undriven on gold side.
  Skipping signal bit modinst163.modinst136.wire133_gold [1]: undriven on gold side.
  Skipping signal bit modinst163.modinst136.wire133_gold [2]: undriven on gold side.
Presumably equivalent wires: modinst163.modinst136.wire96_gold (\wire2_gold [19:0]), modinst163.modinst136.wire96_gate (\wire2_gate [19:0]) -> modinst163.modinst136.wire96
Presumably equivalent wires: modinst163.modinst136.wire97_gold (\wire1_gold [4:0]), modinst163.modinst136.wire97_gate (\wire1_gate [4:0]) -> modinst163.modinst136.wire97
Presumably equivalent wires: modinst163.modinst136.wire98_gold ({ \modinst163.modinst136.wire98_gold [3:1] 1'0 }), modinst163.modinst136.wire98_gate ({ \modinst163.modinst92.y_gate [3:1] 1'0 }) -> modinst163.modinst136.wire98
  Skipping signal bit modinst163.modinst136.wire98_gold [1]: undriven on gold side.
  Skipping signal bit modinst163.modinst136.wire98_gold [2]: undriven on gold side.
  Skipping signal bit modinst163.modinst136.wire98_gold [3]: undriven on gold side.
Presumably equivalent wires: modinst163.modinst136.wire99_gold (\wire1_gold [5:1]), modinst163.modinst136.wire99_gate (\wire1_gate [5:1]) -> modinst163.modinst136.wire99
Presumably equivalent wires: modinst163.modinst136.wire100_gold (\reg8_gold [18:0]), modinst163.modinst136.wire100_gate ({ 12'000000000000 \reg8_reg[6]_gate \reg8_reg[5]_gate \reg8_reg[4]_gate \reg8_reg[3]_gate \reg8_reg[2]_gate \reg8_reg[1]_gate \reg8_reg[0]_gate }) -> modinst163.modinst136.wire100
Presumably equivalent wires: modinst163.modinst136.clk_gold (\clk_gold), modinst163.modinst136.clk_gate (\clk_gate) -> modinst163.modinst136.clk
Presumably equivalent wires: modinst163.modinst136.y_gold ({ \modinst163.modinst136.y_gold [355] 14'00000010011101 \modinst163.modinst136.y_gold [340:56] 6'000000 \modinst163.modinst136.wire101_gold [3:2] \modinst163.modinst136.wire104_gold [3] \modinst163.modinst136.wire104_gold [3] \modinst163.modinst136.wire104_gold [3] \modinst163.modinst136.wire104_gold [3] \modinst163.modinst136.wire104_gold [3] \modinst163.modinst136.wire104_gold [3] \modinst163.modinst136.wire104_gold [3] \modinst163.modinst136.wire104_gold [3] \modinst163.modinst136.wire104_gold [3] \modinst163.modinst136.wire104_gold [3] \modinst163.modinst136.wire104_gold [3:0] 4'0000 \modinst163.modinst136.wire101_gold 20'00000000000000000000 \wire1_gold [4] \modinst163.modinst136.wire101_gold 1'0 }), modinst163.modinst136.y_gate ({ \modinst163.modinst136.wire129_gate 16'0000001001110100 \modinst163.modinst136.reg127_reg[0]_gate 17'00000000000000000 \modinst163.modinst136.reg121_reg[3]_gate \modinst163.modinst136.reg126_reg[0]_gate \modinst163.modinst136.reg125_reg[19]_gate \modinst163.modinst136.reg125_reg[19]_gate \modinst163.modinst136.reg125_reg[19]_gate \modinst163.modinst136.reg125_reg[19]_gate \modinst163.modinst136.reg125_reg[19]_gate \modinst163.modinst136.reg125_reg[19]_gate \modinst163.modinst136.reg125_reg[19]_gate \modinst163.modinst136.reg125_reg[19]_gate \modinst163.modinst136.reg125_reg[19]_gate \modinst163.modinst136.reg125_reg[19]_gate \modinst163.modinst136.reg125_reg[19]_gate \modinst163.modinst136.reg125_reg[19]_gate \modinst163.modinst136.reg125_reg[19]_gate \modinst163.modinst136.reg125_reg[19]_gate \modinst163.modinst136.reg125_reg[19]_gate \modinst163.modinst136.reg125_reg[19]_gate \modinst163.modinst136.reg125_reg[19]_gate \modinst163.modinst136.reg125_reg[19]_gate \modinst163.modinst136.reg125_reg[19]_gate \modinst163.modinst136.reg125_reg[1]_gate \modinst163.modinst136.reg125_reg[0]_gate \modinst163.modinst136.reg124_reg[21]_gate \modinst163.modinst136.reg124_reg[20]_gate \modinst163.modinst136.reg124_reg[19]_gate \modinst163.modinst136.reg124_reg[18]_gate \modinst163.modinst136.reg124_reg[17]_gate \modinst163.modinst136.reg124_reg[16]_gate \modinst163.modinst136.reg124_reg[15]_gate \modinst163.modinst136.reg124_reg[14]_gate \modinst163.modinst136.reg124_reg[13]_gate \modinst163.modinst136.reg124_reg[12]_gate \modinst163.modinst136.reg124_reg[11]_gate \modinst163.modinst136.reg124_reg[10]_gate 43'0000000000000000000000000000000000000000000 \modinst163.modinst136.reg121_reg[3]_gate \modinst163.modinst136.reg121_reg[2]_gate \modinst163.modinst136.reg121_reg[1]_gate \modinst163.modinst136.reg121_reg[0]_gate 26'00000000000000000000000000 \modinst163.modinst136.reg118_reg[18]_gate \modinst163.modinst136.reg118_reg[18]_gate \modinst163.modinst136.reg118_reg[18]_gate \modinst163.modinst136.reg118_reg[18]_gate \modinst163.modinst136.reg118_reg[18]_gate \modinst163.modinst136.reg118_reg[18]_gate \modinst163.modinst136.reg118_reg[18]_gate \modinst163.modinst136.reg118_reg[18]_gate \modinst163.modinst136.reg118_reg[18]_gate \modinst163.modinst136.reg118_reg[18]_gate \modinst163.modinst136.reg118_reg[18]_gate \modinst163.modinst136.reg118_reg[18]_gate \modinst163.modinst136.reg118_reg[18]_gate \modinst163.modinst136.reg118_reg[18]_gate \modinst163.modinst136.reg118_reg[18]_gate \modinst163.modinst136.reg118_reg[18]_gate \modinst163.modinst136.reg118_reg[18]_gate \modinst163.modinst136.reg118_reg[18]_gate \modinst163.modinst136.reg118_reg[18]_gate \modinst163.modinst136.reg118_reg[18]_gate \modinst163.modinst136.reg117_reg[1]_gate \modinst163.modinst136.reg117_reg[1]_gate \modinst163.modinst136.reg117_reg[1]_gate \modinst163.modinst136.reg116_reg[7]_gate \modinst163.modinst136.reg116_reg[7]_gate \modinst163.modinst136.reg116_reg[7]_gate \modinst163.modinst136.reg116_reg[7]_gate \modinst163.modinst136.reg116_reg[7]_gate \modinst163.modinst136.reg116_reg[7]_gate \modinst163.modinst136.reg116_reg[7]_gate \modinst163.modinst136.reg116_reg[7]_gate \modinst163.modinst136.reg116_reg[7]_gate 19'0000000000000000000 \modinst163.modinst136.reg114_reg[17]_gate \modinst163.modinst136.reg114_reg[17]_gate \modinst163.modinst136.reg114_reg[17]_gate \modinst163.modinst136.reg114_reg[17]_gate \modinst163.modinst136.reg114_reg[17]_gate \modinst163.modinst136.reg114_reg[17]_gate \modinst163.modinst136.reg114_reg[17]_gate \modinst163.modinst136.reg114_reg[17]_gate \modinst163.modinst136.reg114_reg[17]_gate \modinst163.modinst136.reg114_reg[17]_gate \modinst163.modinst136.reg114_reg[8]_gate \modinst163.modinst136.reg114_reg[17]_gate \modinst163.modinst136.reg114_reg[8]_gate \modinst163.modinst136.reg114_reg[17]_gate \modinst163.modinst136.reg114_reg[8]_gate \modinst163.modinst136.reg114_reg[8]_gate \modinst163.modinst136.reg114_reg[2]_gate \modinst163.modinst136.reg114_reg[1]_gate \modinst163.modinst136.reg114_reg[0]_gate 4'0000 \modinst163.modinst136.reg113_reg[0]_gate 27'000000000000000000000000000 \modinst163.modinst136.wire111_gate 2'00 \modinst163.modinst136.reg110_reg[4]_gate \modinst163.modinst136.reg110_reg[3]_gate \modinst163.modinst136.reg110_reg[2]_gate \modinst163.modinst136.reg110_reg[1]_gate \modinst163.modinst136.reg110_reg[0]_gate 1'0 \modinst163.modinst136.reg109_reg[6]_gate \modinst163.modinst136.reg109_reg[5]_gate \modinst163.modinst136.reg109_reg[4]_gate \modinst163.modinst136.reg109_reg[3]_gate \modinst163.modinst136.reg109_reg[2]_gate \modinst163.modinst136.reg109_reg[1]_gate \modinst163.modinst136.reg109_reg[0]_gate \modinst163.modinst136.reg125_reg[19]_gate \modinst163.modinst136.reg125_reg[19]_gate \modinst163.modinst136.reg125_reg[19]_gate \modinst163.modinst136.reg125_reg[19]_gate \modinst163.modinst136.reg125_reg[19]_gate \modinst163.modinst136.reg125_reg[19]_gate \modinst163.modinst136.reg125_reg[19]_gate \modinst163.modinst136.reg125_reg[19]_gate \modinst163.modinst136.reg125_reg[19]_gate \modinst163.modinst136.reg125_reg[19]_gate \modinst163.modinst136.reg125_reg[19]_gate \modinst163.modinst136.reg125_reg[19]_gate \modinst163.modinst136.reg108_reg[1]_gate \modinst163.modinst136.reg108_reg[0]_gate 13'0000000000000 \modinst163.modinst136.reg107_reg[8]_gate \modinst163.modinst136.reg107_reg[7]_gate \modinst163.modinst136.reg107_reg[6]_gate \modinst163.modinst136.reg107_reg[5]_gate \modinst163.modinst136.reg107_reg[4]_gate \modinst163.modinst136.reg107_reg[3]_gate \modinst163.modinst136.reg107_reg[2]_gate \modinst163.modinst136.reg107_reg[1]_gate \modinst163.modinst136.reg107_reg[0]_gate 1'0 \modinst163.modinst136.reg106_reg[1]_gate \modinst163.modinst136.reg106_reg[0]_gate 6'000000 \modinst163.modinst136.y_gate [4:3] 11'00000000000 \modinst163.modinst136.y_gate [36:34] 4'0000 \modinst163.modinst136.y_gate [4:3] \modinst163.modinst136.y_gate [27:26] 20'00000000000000000000 \wire1_gate [4] \modinst163.modinst136.y_gate [4:3] \modinst163.modinst136.y_gate [27:26] 1'0 }) -> modinst163.modinst136.y
  Skipping signal bit modinst163.modinst136.y_gold [34]: undriven on gold side.
  Skipping signal bit modinst163.modinst136.y_gold [35]: undriven on gold side.
  Skipping signal bit modinst163.modinst136.y_gold [36]: undriven on gold side.
  Skipping signal bit modinst163.modinst136.y_gold [37]: undriven on gold side.
  Skipping signal bit modinst163.modinst136.y_gold [38]: undriven on gold side.
  Skipping signal bit modinst163.modinst136.y_gold [39]: undriven on gold side.
  Skipping signal bit modinst163.modinst136.y_gold [40]: undriven on gold side.
  Skipping signal bit modinst163.modinst136.y_gold [41]: undriven on gold side.
  Skipping signal bit modinst163.modinst136.y_gold [42]: undriven on gold side.
  Skipping signal bit modinst163.modinst136.y_gold [43]: undriven on gold side.
  Skipping signal bit modinst163.modinst136.y_gold [44]: undriven on gold side.
  Skipping signal bit modinst163.modinst136.y_gold [45]: undriven on gold side.
  Skipping signal bit modinst163.modinst136.y_gold [46]: undriven on gold side.
  Skipping signal bit modinst163.modinst136.y_gold [47]: undriven on gold side.
  Skipping signal bit modinst163.modinst136.y_gold [56]: undriven on gold side.
  Skipping signal bit modinst163.modinst136.y_gold [57]: undriven on gold side.
  Skipping signal bit modinst163.modinst136.y_gold [58]: undriven on gold side.
  Skipping signal bit modinst163.modinst136.y_gold [59]: undriven on gold side.
  Skipping signal bit modinst163.modinst136.y_gold [60]: undriven on gold side.
  Skipping signal bit modinst163.modinst136.y_gold [61]: undriven on gold side.
  Skipping signal bit modinst163.modinst136.y_gold [62]: undriven on gold side.
  Skipping signal bit modinst163.modinst136.y_gold [63]: undriven on gold side.
  Skipping signal bit modinst163.modinst136.y_gold [64]: undriven on gold side.
  Skipping signal bit modinst163.modinst136.y_gold [65]: undriven on gold side.
  Skipping signal bit modinst163.modinst136.y_gold [66]: undriven on gold side.
  Skipping signal bit modinst163.modinst136.y_gold [67]: undriven on gold side.
  Skipping signal bit modinst163.modinst136.y_gold [68]: undriven on gold side.
  Skipping signal bit modinst163.modinst136.y_gold [69]: undriven on gold side.
  Skipping signal bit modinst163.modinst136.y_gold [70]: undriven on gold side.
  Skipping signal bit modinst163.modinst136.y_gold [71]: undriven on gold side.
  Skipping signal bit modinst163.modinst136.y_gold [72]: undriven on gold side.
  Skipping signal bit modinst163.modinst136.y_gold [73]: undriven on gold side.
  Skipping signal bit modinst163.modinst136.y_gold [74]: undriven on gold side.
  Skipping signal bit modinst163.modinst136.y_gold [75]: undriven on gold side.
  Skipping signal bit modinst163.modinst136.y_gold [76]: undriven on gold side.
  Skipping signal bit modinst163.modinst136.y_gold [77]: undriven on gold side.
  Skipping signal bit modinst163.modinst136.y_gold [78]: undriven on gold side.
  Skipping signal bit modinst163.modinst136.y_gold [79]: undriven on gold side.
  Skipping signal bit modinst163.modinst136.y_gold [80]: undriven on gold side.
  Skipping signal bit modinst163.modinst136.y_gold [81]: undriven on gold side.
  Skipping signal bit modinst163.modinst136.y_gold [82]: undriven on gold side.
  Skipping signal bit modinst163.modinst136.y_gold [83]: undriven on gold side.
  Skipping signal bit modinst163.modinst136.y_gold [84]: undriven on gold side.
  Skipping signal bit modinst163.modinst136.y_gold [85]: undriven on gold side.
  Skipping signal bit modinst163.modinst136.y_gold [86]: undriven on gold side.
  Skipping signal bit modinst163.modinst136.y_gold [87]: undriven on gold side.
  Skipping signal bit modinst163.modinst136.y_gold [88]: undriven on gold side.
  Skipping signal bit modinst163.modinst136.y_gold [89]: undriven on gold side.
  Skipping signal bit modinst163.modinst136.y_gold [90]: undriven on gold side.
  Skipping signal bit modinst163.modinst136.y_gold [91]: undriven on gold side.
  Skipping signal bit modinst163.modinst136.y_gold [92]: undriven on gold side.
  Skipping signal bit modinst163.modinst136.y_gold [93]: undriven on gold side.
  Skipping signal bit modinst163.modinst136.y_gold [94]: undriven on gold side.
  Skipping signal bit modinst163.modinst136.y_gold [95]: undriven on gold side.
  Skipping signal bit modinst163.modinst136.y_gold [96]: undriven on gold side.
  Skipping signal bit modinst163.modinst136.y_gold [97]: undriven on gold side.
  Skipping signal bit modinst163.modinst136.y_gold [98]: undriven on gold side.
  Skipping signal bit modinst163.modinst136.y_gold [99]: undriven on gold side.
  Skipping signal bit modinst163.modinst136.y_gold [100]: undriven on gold side.
  Skipping signal bit modinst163.modinst136.y_gold [101]: undriven on gold side.
  Skipping signal bit modinst163.modinst136.y_gold [102]: undriven on gold side.
  Skipping signal bit modinst163.modinst136.y_gold [103]: undriven on gold side.
  Skipping signal bit modinst163.modinst136.y_gold [104]: undriven on gold side.
  Skipping signal bit modinst163.modinst136.y_gold [105]: undriven on gold side.
  Skipping signal bit modinst163.modinst136.y_gold [106]: undriven on gold side.
  Skipping signal bit modinst163.modinst136.y_gold [107]: undriven on gold side.
  Skipping signal bit modinst163.modinst136.y_gold [108]: undriven on gold side.
  Skipping signal bit modinst163.modinst136.y_gold [109]: undriven on gold side.
  Skipping signal bit modinst163.modinst136.y_gold [110]: undriven on gold side.
  Skipping signal bit modinst163.modinst136.y_gold [111]: undriven on gold side.
  Skipping signal bit modinst163.modinst136.y_gold [112]: undriven on gold side.
  Skipping signal bit modinst163.modinst136.y_gold [113]: undriven on gold side.
  Skipping signal bit modinst163.modinst136.y_gold [114]: undriven on gold side.
  Skipping signal bit modinst163.modinst136.y_gold [115]: undriven on gold side.
  Skipping signal bit modinst163.modinst136.y_gold [116]: undriven on gold side.
  Skipping signal bit modinst163.modinst136.y_gold [117]: undriven on gold side.
  Skipping signal bit modinst163.modinst136.y_gold [118]: undriven on gold side.
  Skipping signal bit modinst163.modinst136.y_gold [119]: undriven on gold side.
  Skipping signal bit modinst163.modinst136.y_gold [120]: undriven on gold side.
  Skipping signal bit modinst163.modinst136.y_gold [121]: undriven on gold side.
  Skipping signal bit modinst163.modinst136.y_gold [122]: undriven on gold side.
  Skipping signal bit modinst163.modinst136.y_gold [123]: undriven on gold side.
  Skipping signal bit modinst163.modinst136.y_gold [124]: undriven on gold side.
  Skipping signal bit modinst163.modinst136.y_gold [125]: undriven on gold side.
  Skipping signal bit modinst163.modinst136.y_gold [126]: undriven on gold side.
  Skipping signal bit modinst163.modinst136.y_gold [127]: undriven on gold side.
  Skipping signal bit modinst163.modinst136.y_gold [128]: undriven on gold side.
  Skipping signal bit modinst163.modinst136.y_gold [129]: undriven on gold side.
  Skipping signal bit modinst163.modinst136.y_gold [130]: undriven on gold side.
  Skipping signal bit modinst163.modinst136.y_gold [131]: undriven on gold side.
  Skipping signal bit modinst163.modinst136.y_gold [132]: undriven on gold side.
  Skipping signal bit modinst163.modinst136.y_gold [133]: undriven on gold side.
  Skipping signal bit modinst163.modinst136.y_gold [134]: undriven on gold side.
  Skipping signal bit modinst163.modinst136.y_gold [135]: undriven on gold side.
  Skipping signal bit modinst163.modinst136.y_gold [136]: undriven on gold side.
  Skipping signal bit modinst163.modinst136.y_gold [137]: undriven on gold side.
  Skipping signal bit modinst163.modinst136.y_gold [138]: undriven on gold side.
  Skipping signal bit modinst163.modinst136.y_gold [139]: undriven on gold side.
  Skipping signal bit modinst163.modinst136.y_gold [140]: undriven on gold side.
  Skipping signal bit modinst163.modinst136.y_gold [141]: undriven on gold side.
  Skipping signal bit modinst163.modinst136.y_gold [142]: undriven on gold side.
  Skipping signal bit modinst163.modinst136.y_gold [143]: undriven on gold side.
  Skipping signal bit modinst163.modinst136.y_gold [144]: undriven on gold side.
  Skipping signal bit modinst163.modinst136.y_gold [145]: undriven on gold side.
  Skipping signal bit modinst163.modinst136.y_gold [146]: undriven on gold side.
  Skipping signal bit modinst163.modinst136.y_gold [147]: undriven on gold side.
  Skipping signal bit modinst163.modinst136.y_gold [148]: undriven on gold side.
  Skipping signal bit modinst163.modinst136.y_gold [149]: undriven on gold side.
  Skipping signal bit modinst163.modinst136.y_gold [150]: undriven on gold side.
  Skipping signal bit modinst163.modinst136.y_gold [151]: undriven on gold side.
  Skipping signal bit modinst163.modinst136.y_gold [152]: undriven on gold side.
  Skipping signal bit modinst163.modinst136.y_gold [153]: undriven on gold side.
  Skipping signal bit modinst163.modinst136.y_gold [154]: undriven on gold side.
  Skipping signal bit modinst163.modinst136.y_gold [155]: undriven on gold side.
  Skipping signal bit modinst163.modinst136.y_gold [156]: undriven on gold side.
  Skipping signal bit modinst163.modinst136.y_gold [157]: undriven on gold side.
  Skipping signal bit modinst163.modinst136.y_gold [158]: undriven on gold side.
  Skipping signal bit modinst163.modinst136.y_gold [159]: undriven on gold side.
  Skipping signal bit modinst163.modinst136.y_gold [160]: undriven on gold side.
  Skipping signal bit modinst163.modinst136.y_gold [161]: undriven on gold side.
  Skipping signal bit modinst163.modinst136.y_gold [162]: undriven on gold side.
  Skipping signal bit modinst163.modinst136.y_gold [163]: undriven on gold side.
  Skipping signal bit modinst163.modinst136.y_gold [164]: undriven on gold side.
  Skipping signal bit modinst163.modinst136.y_gold [165]: undriven on gold side.
  Skipping signal bit modinst163.modinst136.y_gold [166]: undriven on gold side.
  Skipping signal bit modinst163.modinst136.y_gold [167]: undriven on gold side.
  Skipping signal bit modinst163.modinst136.y_gold [168]: undriven on gold side.
  Skipping signal bit modinst163.modinst136.y_gold [169]: undriven on gold side.
  Skipping signal bit modinst163.modinst136.y_gold [170]: undriven on gold side.
  Skipping signal bit modinst163.modinst136.y_gold [171]: undriven on gold side.
  Skipping signal bit modinst163.modinst136.y_gold [172]: undriven on gold side.
  Skipping signal bit modinst163.modinst136.y_gold [173]: undriven on gold side.
  Skipping signal bit modinst163.modinst136.y_gold [174]: undriven on gold side.
  Skipping signal bit modinst163.modinst136.y_gold [175]: undriven on gold side.
  Skipping signal bit modinst163.modinst136.y_gold [176]: undriven on gold side.
  Skipping signal bit modinst163.modinst136.y_gold [177]: undriven on gold side.
  Skipping signal bit modinst163.modinst136.y_gold [178]: undriven on gold side.
  Skipping signal bit modinst163.modinst136.y_gold [179]: undriven on gold side.
  Skipping signal bit modinst163.modinst136.y_gold [180]: undriven on gold side.
  Skipping signal bit modinst163.modinst136.y_gold [181]: undriven on gold side.
  Skipping signal bit modinst163.modinst136.y_gold [182]: undriven on gold side.
  Skipping signal bit modinst163.modinst136.y_gold [183]: undriven on gold side.
  Skipping signal bit modinst163.modinst136.y_gold [184]: undriven on gold side.
  Skipping signal bit modinst163.modinst136.y_gold [185]: undriven on gold side.
  Skipping signal bit modinst163.modinst136.y_gold [186]: undriven on gold side.
  Skipping signal bit modinst163.modinst136.y_gold [187]: undriven on gold side.
  Skipping signal bit modinst163.modinst136.y_gold [188]: undriven on gold side.
  Skipping signal bit modinst163.modinst136.y_gold [189]: undriven on gold side.
  Skipping signal bit modinst163.modinst136.y_gold [190]: undriven on gold side.
  Skipping signal bit modinst163.modinst136.y_gold [191]: undriven on gold side.
  Skipping signal bit modinst163.modinst136.y_gold [192]: undriven on gold side.
  Skipping signal bit modinst163.modinst136.y_gold [193]: undriven on gold side.
  Skipping signal bit modinst163.modinst136.y_gold [194]: undriven on gold side.
  Skipping signal bit modinst163.modinst136.y_gold [195]: undriven on gold side.
  Skipping signal bit modinst163.modinst136.y_gold [196]: undriven on gold side.
  Skipping signal bit modinst163.modinst136.y_gold [197]: undriven on gold side.
  Skipping signal bit modinst163.modinst136.y_gold [198]: undriven on gold side.
  Skipping signal bit modinst163.modinst136.y_gold [199]: undriven on gold side.
  Skipping signal bit modinst163.modinst136.y_gold [200]: undriven on gold side.
  Skipping signal bit modinst163.modinst136.y_gold [201]: undriven on gold side.
  Skipping signal bit modinst163.modinst136.y_gold [202]: undriven on gold side.
  Skipping signal bit modinst163.modinst136.y_gold [203]: undriven on gold side.
  Skipping signal bit modinst163.modinst136.y_gold [204]: undriven on gold side.
  Skipping signal bit modinst163.modinst136.y_gold [205]: undriven on gold side.
  Skipping signal bit modinst163.modinst136.y_gold [206]: undriven on gold side.
  Skipping signal bit modinst163.modinst136.y_gold [207]: undriven on gold side.
  Skipping signal bit modinst163.modinst136.y_gold [208]: undriven on gold side.
  Skipping signal bit modinst163.modinst136.y_gold [209]: undriven on gold side.
  Skipping signal bit modinst163.modinst136.y_gold [210]: undriven on gold side.
  Skipping signal bit modinst163.modinst136.y_gold [211]: undriven on gold side.
  Skipping signal bit modinst163.modinst136.y_gold [212]: undriven on gold side.
  Skipping signal bit modinst163.modinst136.y_gold [213]: undriven on gold side.
  Skipping signal bit modinst163.modinst136.y_gold [214]: undriven on gold side.
  Skipping signal bit modinst163.modinst136.y_gold [215]: undriven on gold side.
  Skipping signal bit modinst163.modinst136.y_gold [216]: undriven on gold side.
  Skipping signal bit modinst163.modinst136.y_gold [217]: undriven on gold side.
  Skipping signal bit modinst163.modinst136.y_gold [218]: undriven on gold side.
  Skipping signal bit modinst163.modinst136.y_gold [219]: undriven on gold side.
  Skipping signal bit modinst163.modinst136.y_gold [220]: undriven on gold side.
  Skipping signal bit modinst163.modinst136.y_gold [221]: undriven on gold side.
  Skipping signal bit modinst163.modinst136.y_gold [222]: undriven on gold side.
  Skipping signal bit modinst163.modinst136.y_gold [223]: undriven on gold side.
  Skipping signal bit modinst163.modinst136.y_gold [224]: undriven on gold side.
  Skipping signal bit modinst163.modinst136.y_gold [225]: undriven on gold side.
  Skipping signal bit modinst163.modinst136.y_gold [226]: undriven on gold side.
  Skipping signal bit modinst163.modinst136.y_gold [227]: undriven on gold side.
  Skipping signal bit modinst163.modinst136.y_gold [228]: undriven on gold side.
  Skipping signal bit modinst163.modinst136.y_gold [229]: undriven on gold side.
  Skipping signal bit modinst163.modinst136.y_gold [230]: undriven on gold side.
  Skipping signal bit modinst163.modinst136.y_gold [231]: undriven on gold side.
  Skipping signal bit modinst163.modinst136.y_gold [232]: undriven on gold side.
  Skipping signal bit modinst163.modinst136.y_gold [233]: undriven on gold side.
  Skipping signal bit modinst163.modinst136.y_gold [234]: undriven on gold side.
  Skipping signal bit modinst163.modinst136.y_gold [235]: undriven on gold side.
  Skipping signal bit modinst163.modinst136.y_gold [236]: undriven on gold side.
  Skipping signal bit modinst163.modinst136.y_gold [237]: undriven on gold side.
  Skipping signal bit modinst163.modinst136.y_gold [238]: undriven on gold side.
  Skipping signal bit modinst163.modinst136.y_gold [239]: undriven on gold side.
  Skipping signal bit modinst163.modinst136.y_gold [240]: undriven on gold side.
  Skipping signal bit modinst163.modinst136.y_gold [241]: undriven on gold side.
  Skipping signal bit modinst163.modinst136.y_gold [242]: undriven on gold side.
  Skipping signal bit modinst163.modinst136.y_gold [243]: undriven on gold side.
  Skipping signal bit modinst163.modinst136.y_gold [244]: undriven on gold side.
  Skipping signal bit modinst163.modinst136.y_gold [245]: undriven on gold side.
  Skipping signal bit modinst163.modinst136.y_gold [246]: undriven on gold side.
  Skipping signal bit modinst163.modinst136.y_gold [247]: undriven on gold side.
  Skipping signal bit modinst163.modinst136.y_gold [248]: undriven on gold side.
  Skipping signal bit modinst163.modinst136.y_gold [249]: undriven on gold side.
  Skipping signal bit modinst163.modinst136.y_gold [250]: undriven on gold side.
  Skipping signal bit modinst163.modinst136.y_gold [251]: undriven on gold side.
  Skipping signal bit modinst163.modinst136.y_gold [252]: undriven on gold side.
  Skipping signal bit modinst163.modinst136.y_gold [253]: undriven on gold side.
  Skipping signal bit modinst163.modinst136.y_gold [254]: undriven on gold side.
  Skipping signal bit modinst163.modinst136.y_gold [255]: undriven on gold side.
  Skipping signal bit modinst163.modinst136.y_gold [256]: undriven on gold side.
  Skipping signal bit modinst163.modinst136.y_gold [257]: undriven on gold side.
  Skipping signal bit modinst163.modinst136.y_gold [258]: undriven on gold side.
  Skipping signal bit modinst163.modinst136.y_gold [259]: undriven on gold side.
  Skipping signal bit modinst163.modinst136.y_gold [260]: undriven on gold side.
  Skipping signal bit modinst163.modinst136.y_gold [261]: undriven on gold side.
  Skipping signal bit modinst163.modinst136.y_gold [262]: undriven on gold side.
  Skipping signal bit modinst163.modinst136.y_gold [263]: undriven on gold side.
  Skipping signal bit modinst163.modinst136.y_gold [264]: undriven on gold side.
  Skipping signal bit modinst163.modinst136.y_gold [265]: undriven on gold side.
  Skipping signal bit modinst163.modinst136.y_gold [266]: undriven on gold side.
  Skipping signal bit modinst163.modinst136.y_gold [267]: undriven on gold side.
  Skipping signal bit modinst163.modinst136.y_gold [268]: undriven on gold side.
  Skipping signal bit modinst163.modinst136.y_gold [269]: undriven on gold side.
  Skipping signal bit modinst163.modinst136.y_gold [270]: undriven on gold side.
  Skipping signal bit modinst163.modinst136.y_gold [271]: undriven on gold side.
  Skipping signal bit modinst163.modinst136.y_gold [272]: undriven on gold side.
  Skipping signal bit modinst163.modinst136.y_gold [273]: undriven on gold side.
  Skipping signal bit modinst163.modinst136.y_gold [274]: undriven on gold side.
  Skipping signal bit modinst163.modinst136.y_gold [275]: undriven on gold side.
  Skipping signal bit modinst163.modinst136.y_gold [276]: undriven on gold side.
  Skipping signal bit modinst163.modinst136.y_gold [277]: undriven on gold side.
  Skipping signal bit modinst163.modinst136.y_gold [278]: undriven on gold side.
  Skipping signal bit modinst163.modinst136.y_gold [279]: undriven on gold side.
  Skipping signal bit modinst163.modinst136.y_gold [280]: undriven on gold side.
  Skipping signal bit modinst163.modinst136.y_gold [281]: undriven on gold side.
  Skipping signal bit modinst163.modinst136.y_gold [282]: undriven on gold side.
  Skipping signal bit modinst163.modinst136.y_gold [283]: undriven on gold side.
  Skipping signal bit modinst163.modinst136.y_gold [284]: undriven on gold side.
  Skipping signal bit modinst163.modinst136.y_gold [285]: undriven on gold side.
  Skipping signal bit modinst163.modinst136.y_gold [286]: undriven on gold side.
  Skipping signal bit modinst163.modinst136.y_gold [287]: undriven on gold side.
  Skipping signal bit modinst163.modinst136.y_gold [288]: undriven on gold side.
  Skipping signal bit modinst163.modinst136.y_gold [289]: undriven on gold side.
  Skipping signal bit modinst163.modinst136.y_gold [290]: undriven on gold side.
  Skipping signal bit modinst163.modinst136.y_gold [291]: undriven on gold side.
  Skipping signal bit modinst163.modinst136.y_gold [292]: undriven on gold side.
  Skipping signal bit modinst163.modinst136.y_gold [293]: undriven on gold side.
  Skipping signal bit modinst163.modinst136.y_gold [294]: undriven on gold side.
  Skipping signal bit modinst163.modinst136.y_gold [295]: undriven on gold side.
  Skipping signal bit modinst163.modinst136.y_gold [296]: undriven on gold side.
  Skipping signal bit modinst163.modinst136.y_gold [297]: undriven on gold side.
  Skipping signal bit modinst163.modinst136.y_gold [298]: undriven on gold side.
  Skipping signal bit modinst163.modinst136.y_gold [299]: undriven on gold side.
  Skipping signal bit modinst163.modinst136.y_gold [300]: undriven on gold side.
  Skipping signal bit modinst163.modinst136.y_gold [301]: undriven on gold side.
  Skipping signal bit modinst163.modinst136.y_gold [302]: undriven on gold side.
  Skipping signal bit modinst163.modinst136.y_gold [303]: undriven on gold side.
  Skipping signal bit modinst163.modinst136.y_gold [304]: undriven on gold side.
  Skipping signal bit modinst163.modinst136.y_gold [305]: undriven on gold side.
  Skipping signal bit modinst163.modinst136.y_gold [306]: undriven on gold side.
  Skipping signal bit modinst163.modinst136.y_gold [307]: undriven on gold side.
  Skipping signal bit modinst163.modinst136.y_gold [308]: undriven on gold side.
  Skipping signal bit modinst163.modinst136.y_gold [309]: undriven on gold side.
  Skipping signal bit modinst163.modinst136.y_gold [310]: undriven on gold side.
  Skipping signal bit modinst163.modinst136.y_gold [311]: undriven on gold side.
  Skipping signal bit modinst163.modinst136.y_gold [312]: undriven on gold side.
  Skipping signal bit modinst163.modinst136.y_gold [313]: undriven on gold side.
  Skipping signal bit modinst163.modinst136.y_gold [314]: undriven on gold side.
  Skipping signal bit modinst163.modinst136.y_gold [315]: undriven on gold side.
  Skipping signal bit modinst163.modinst136.y_gold [316]: undriven on gold side.
  Skipping signal bit modinst163.modinst136.y_gold [317]: undriven on gold side.
  Skipping signal bit modinst163.modinst136.y_gold [318]: undriven on gold side.
  Skipping signal bit modinst163.modinst136.y_gold [319]: undriven on gold side.
  Skipping signal bit modinst163.modinst136.y_gold [320]: undriven on gold side.
  Skipping signal bit modinst163.modinst136.y_gold [321]: undriven on gold side.
  Skipping signal bit modinst163.modinst136.y_gold [322]: undriven on gold side.
  Skipping signal bit modinst163.modinst136.y_gold [323]: undriven on gold side.
  Skipping signal bit modinst163.modinst136.y_gold [324]: undriven on gold side.
  Skipping signal bit modinst163.modinst136.y_gold [325]: undriven on gold side.
  Skipping signal bit modinst163.modinst136.y_gold [326]: undriven on gold side.
  Skipping signal bit modinst163.modinst136.y_gold [327]: undriven on gold side.
  Skipping signal bit modinst163.modinst136.y_gold [328]: undriven on gold side.
  Skipping signal bit modinst163.modinst136.y_gold [329]: undriven on gold side.
  Skipping signal bit modinst163.modinst136.y_gold [330]: undriven on gold side.
  Skipping signal bit modinst163.modinst136.y_gold [331]: undriven on gold side.
  Skipping signal bit modinst163.modinst136.y_gold [332]: undriven on gold side.
  Skipping signal bit modinst163.modinst136.y_gold [333]: undriven on gold side.
  Skipping signal bit modinst163.modinst136.y_gold [334]: undriven on gold side.
  Skipping signal bit modinst163.modinst136.y_gold [335]: undriven on gold side.
  Skipping signal bit modinst163.modinst136.y_gold [336]: undriven on gold side.
  Skipping signal bit modinst163.modinst136.y_gold [337]: undriven on gold side.
  Skipping signal bit modinst163.modinst136.y_gold [338]: undriven on gold side.
  Skipping signal bit modinst163.modinst136.y_gold [339]: undriven on gold side.
  Skipping signal bit modinst163.modinst136.y_gold [340]: undriven on gold side.
  Skipping signal bit modinst163.modinst136.y_gold [355]: undriven on gold side.
Presumably equivalent wires: wire162_gold ({ 5'00000 \wire1_gold [6:1] 3'000 \wire1_gold [4] \modinst163.modinst136.wire101_gold 2'00 }), wire162_gate ({ 5'00000 \wire1_gate [6:1] 3'000 \wire1_gate [4] \modinst163.modinst136.y_gate [4:3] \modinst163.modinst136.y_gate [27:26] 2'00 }) -> wire162
Presumably equivalent wires: reg8_gold (\reg8_gold), reg8_gate ({ 15'000000000000000 \reg8_reg[6]_gate \reg8_reg[5]_gate \reg8_reg[4]_gate \reg8_reg[3]_gate \reg8_reg[2]_gate \reg8_reg[1]_gate \reg8_reg[0]_gate }) -> reg8
Presumably equivalent wires: reg7_gold (\reg7_gold), reg7_gate (\reg7_gate) -> reg7
Presumably equivalent wires: wire6_gold (\wire1_gold [11:0]), wire6_gate (\wire1_gate [11:0]) -> wire6
Presumably equivalent wires: wire5_gold (\wire5_gold), wire5_gate ({ 4'0000 \wire5_gate [6] 3'000 \wire5_gate [2] 1'0 \wire5_gate [0] }) -> wire5
Presumably equivalent wires: wire3_gold (\wire3_gold), wire3_gate (\wire3_gate) -> wire3
Presumably equivalent wires: wire2_gold (\wire2_gold), wire2_gate (\wire2_gate) -> wire2
Presumably equivalent wires: wire1_gold (\wire1_gold), wire1_gate (\wire1_gate) -> wire1
Presumably equivalent wires: wire0_gold (\wire0_gold), wire0_gate (\wire0_gate) -> wire0
Presumably equivalent wires: clk_gold (\clk_gold), clk_gate (\clk_gate) -> clk
Presumably equivalent wires: y_gold ({ \wire5_gold [8:0] \wire1_gold [11:0] \reg7_gold \reg8_gold 5'00000 \wire1_gold [6:1] 3'000 \wire1_gold [4] \modinst163.modinst136.wire101_gold 3'000 }), y_gate ({ 2'00 \wire5_gate [6] 3'000 \wire5_gate [2] 1'0 \wire5_gate [0] \wire1_gate [11:0] \reg7_gate 15'000000000000000 \reg8_reg[6]_gate \reg8_reg[5]_gate \reg8_reg[4]_gate \reg8_reg[3]_gate \reg8_reg[2]_gate \reg8_reg[1]_gate \reg8_reg[0]_gate 5'00000 \wire1_gate [6:1] 3'000 \wire1_gate [4] \modinst163.modinst136.y_gate [4:3] \modinst163.modinst136.y_gate [27:26] 3'000 }) -> y
Changing input B of cell $flatten\modinst163.modinst92.$xor$research/pilot_two/seed-17999570691447884947/yosys-0.8-synth.v:848$1383_gate ($xor): \reg8_reg[1]_gate -> \y [23]
Changing input A of cell $flatten\modinst163.modinst92.$not$research/pilot_two/seed-17999570691447884947/yosys-0.8-synth.v:913$1479_gate ($not): \wire5_gate [2] -> \y [62]
Changing input A of cell $flatten\modinst163.modinst92.$not$research/pilot_two/seed-17999570691447884947/yosys-0.8-synth.v:914$1480_gate ($not): \wire5_gate [0] -> \y [60]
Changing input S of cell $flatten\modinst163.modinst92.$ternary$research/pilot_two/seed-17999570691447884947/yosys-0.8-synth.v:916$1484_gate ($mux): \wire5_gate [0] -> \y [60]
Changing input S of cell $flatten\modinst163.modinst92.$ternary$research/pilot_two/seed-17999570691447884947/yosys-0.8-synth.v:919$1490_gate ($mux): \wire5_gate [0] -> \y [60]
Changing input S of cell $flatten\modinst163.modinst92.$ternary$research/pilot_two/seed-17999570691447884947/yosys-0.8-synth.v:921$1492_gate ($mux): \wire5_gate [0] -> \y [60]
Changing input S of cell $flatten\modinst163.modinst92.$ternary$research/pilot_two/seed-17999570691447884947/yosys-0.8-synth.v:925$1499_gate ($mux): \wire5_gate [0] -> \y [60]
Changing input S of cell $flatten\modinst163.modinst92.$ternary$research/pilot_two/seed-17999570691447884947/yosys-0.8-synth.v:927$1501_gate ($mux): \wire5_gate [2] -> \y [62]
Changing input S of cell $flatten\modinst163.modinst92.$ternary$research/pilot_two/seed-17999570691447884947/yosys-0.8-synth.v:928$1502_gate ($mux): \wire5_gate [0] -> \y [60]
Changing input S of cell $flatten\modinst163.modinst92.$ternary$research/pilot_two/seed-17999570691447884947/yosys-0.8-synth.v:930$1504_gate ($mux): \wire5_gate [2] -> \y [62]
Changing input S of cell $flatten\modinst163.modinst92.$ternary$research/pilot_two/seed-17999570691447884947/yosys-0.8-synth.v:932$1506_gate ($mux): \wire5_gate [0] -> \y [60]
Changing input S of cell $flatten\modinst163.modinst92.$ternary$research/pilot_two/seed-17999570691447884947/yosys-0.8-synth.v:934$1508_gate ($mux): \wire5_gate [2] -> \y [62]
Changing input S of cell $flatten\modinst163.modinst92.$ternary$research/pilot_two/seed-17999570691447884947/yosys-0.8-synth.v:935$1509_gate ($mux): \wire5_gate [0] -> \y [60]
Changing input S of cell $flatten\modinst163.modinst92.$ternary$research/pilot_two/seed-17999570691447884947/yosys-0.8-synth.v:937$1511_gate ($mux): \wire5_gate [2] -> \y [62]
Changing input S of cell $flatten\modinst163.modinst92.$ternary$research/pilot_two/seed-17999570691447884947/yosys-0.8-synth.v:941$1515_gate ($mux): \wire5_gate [0] -> \y [60]
Changing input S of cell $flatten\modinst163.modinst92.$ternary$research/pilot_two/seed-17999570691447884947/yosys-0.8-synth.v:943$1517_gate ($mux): \wire5_gate [2] -> \y [62]
Changing input S of cell $flatten\modinst163.modinst92.$ternary$research/pilot_two/seed-17999570691447884947/yosys-0.8-synth.v:944$1518_gate ($mux): \wire5_gate [0] -> \y [60]
Changing input S of cell $flatten\modinst163.modinst92.$ternary$research/pilot_two/seed-17999570691447884947/yosys-0.8-synth.v:946$1520_gate ($mux): \wire5_gate [2] -> \y [62]
Changing input S of cell $flatten\modinst163.modinst92.$ternary$research/pilot_two/seed-17999570691447884947/yosys-0.8-synth.v:950$1524_gate ($mux): \wire5_gate [2] -> \y [62]
Changing input S of cell $flatten\modinst163.modinst92.$ternary$research/pilot_two/seed-17999570691447884947/yosys-0.8-synth.v:952$1526_gate ($mux): \wire5_gate [2] -> \y [62]
Changing input S of cell $flatten\modinst163.modinst92.$ternary$research/pilot_two/seed-17999570691447884947/yosys-0.8-synth.v:955$1529_gate ($mux): \wire5_gate [2] -> \y [62]
Changing input S of cell $flatten\modinst163.modinst92.$ternary$research/pilot_two/seed-17999570691447884947/yosys-0.8-synth.v:956$1530_gate ($mux): \wire5_gate [2] -> \y [62]
Changing input S of cell $flatten\modinst163.modinst92.$ternary$research/pilot_two/seed-17999570691447884947/yosys-0.8-synth.v:958$1532_gate ($mux): \wire5_gate [2] -> \y [62]
Changing input S of cell $flatten\modinst163.modinst92.$ternary$research/pilot_two/seed-17999570691447884947/yosys-0.8-synth.v:959$1533_gate ($mux): \wire5_gate [2] -> \y [62]
Changing input A of cell $flatten\modinst163.modinst92.$not$research/pilot_two/seed-17999570691447884947/yosys-0.8-synth.v:965$1540_gate ($not): \wire5_gate [0] -> \y [60]
Changing input B of cell $flatten\modinst163.modinst92.$and$research/pilot_two/seed-17999570691447884947/yosys-0.8-synth.v:983$1565_gate ($and): \wire5_gate [2] -> \y [62]
Changing input A of cell $flatten\modinst163.modinst92.$or$research/pilot_two/seed-17999570691447884947/yosys-0.8-synth.v:1002$1599_gate ($or): \wire5_gate [2] -> \y [62]
Changing input B of cell $flatten\modinst163.modinst92.$or$research/pilot_two/seed-17999570691447884947/yosys-0.8-synth.v:1006$1604_gate ($or): \reg8_reg[0]_gate -> \y [22]
Changing input A of cell $flatten\modinst163.modinst92.$or$research/pilot_two/seed-17999570691447884947/yosys-0.8-synth.v:1006$1604_gate ($or): \reg8_reg[1]_gate -> \y [23]
Changing input B of cell $flatten\modinst163.modinst92.$or$research/pilot_two/seed-17999570691447884947/yosys-0.8-synth.v:1007$1606_gate ($or): \reg8_reg[2]_gate -> \y [24]
Changing input A of cell $flatten\modinst163.modinst92.$or$research/pilot_two/seed-17999570691447884947/yosys-0.8-synth.v:1007$1606_gate ($or): \reg8_reg[3]_gate -> \y [25]
Changing input B of cell $flatten\modinst163.modinst92.$or$research/pilot_two/seed-17999570691447884947/yosys-0.8-synth.v:1009$1609_gate ($or): \reg8_reg[4]_gate -> \y [26]
Changing input A of cell $flatten\modinst163.modinst92.$or$research/pilot_two/seed-17999570691447884947/yosys-0.8-synth.v:1009$1609_gate ($or): \reg8_reg[5]_gate -> \y [27]
Changing input B of cell $flatten\modinst163.modinst92.$or$research/pilot_two/seed-17999570691447884947/yosys-0.8-synth.v:1010$1610_gate ($or): \reg8_reg[6]_gate -> \y [28]
Changing input A of cell $flatten\modinst163.modinst92.$not$research/pilot_two/seed-17999570691447884947/yosys-0.8-synth.v:1038$1658_gate ($not): \reg8_reg[6]_gate -> \y [28]
Changing input A of cell $flatten\modinst163.modinst92.$not$research/pilot_two/seed-17999570691447884947/yosys-0.8-synth.v:1045$1670_gate ($not): \reg8_reg[4]_gate -> \y [26]
Changing input A of cell $flatten\modinst163.modinst92.$not$research/pilot_two/seed-17999570691447884947/yosys-0.8-synth.v:1046$1671_gate ($not): \reg8_reg[5]_gate -> \y [27]
Changing input A of cell $flatten\modinst163.modinst92.$not$research/pilot_two/seed-17999570691447884947/yosys-0.8-synth.v:1048$1676_gate ($not): \reg8_reg[2]_gate -> \y [24]
Changing input A of cell $flatten\modinst163.modinst92.$not$research/pilot_two/seed-17999570691447884947/yosys-0.8-synth.v:1049$1677_gate ($not): \reg8_reg[3]_gate -> \y [25]
Changing input A of cell $flatten\modinst163.modinst92.$not$research/pilot_two/seed-17999570691447884947/yosys-0.8-synth.v:1052$1683_gate ($not): \reg8_reg[1]_gate -> \y [23]
Changing input A of cell $flatten\modinst163.modinst92.$or$research/pilot_two/seed-17999570691447884947/yosys-0.8-synth.v:1054$1687_gate ($or): \reg8_reg[0]_gate -> \y [22]
Changing input A of cell $flatten\modinst163.modinst92.$or$research/pilot_two/seed-17999570691447884947/yosys-0.8-synth.v:1070$1710_gate ($or): \wire5_gate [0] -> \y [60]
Changing input A of cell $flatten\modinst163.modinst92.$not$research/pilot_two/seed-17999570691447884947/yosys-0.8-synth.v:1071$1712_gate ($not): \wire5_gate [2] -> \y [62]
Changing input S of cell $flatten\modinst163.modinst92.$ternary$research/pilot_two/seed-17999570691447884947/yosys-0.8-synth.v:1080$1726_gate ($mux): \reg8_reg[2]_gate -> \y [24]
Changing input S of cell $flatten\modinst163.modinst92.$ternary$research/pilot_two/seed-17999570691447884947/yosys-0.8-synth.v:1085$1731_gate ($mux): \reg8_reg[2]_gate -> \y [24]
Changing input S of cell $flatten\modinst163.modinst92.$ternary$research/pilot_two/seed-17999570691447884947/yosys-0.8-synth.v:1086$1732_gate ($mux): \reg8_reg[3]_gate -> \y [25]
Changing input S of cell $flatten\modinst163.modinst92.$ternary$research/pilot_two/seed-17999570691447884947/yosys-0.8-synth.v:1089$1737_gate ($mux): \reg8_reg[2]_gate -> \y [24]
Changing input S of cell $flatten\modinst163.modinst92.$ternary$research/pilot_two/seed-17999570691447884947/yosys-0.8-synth.v:1092$1742_gate ($mux): \reg8_reg[2]_gate -> \y [24]
Changing input S of cell $flatten\modinst163.modinst92.$ternary$research/pilot_two/seed-17999570691447884947/yosys-0.8-synth.v:1093$1743_gate ($mux): \reg8_reg[3]_gate -> \y [25]
Changing input S of cell $flatten\modinst163.modinst92.$ternary$research/pilot_two/seed-17999570691447884947/yosys-0.8-synth.v:1094$1744_gate ($mux): \reg8_reg[4]_gate -> \y [26]
Changing input S of cell $flatten\modinst163.modinst92.$ternary$research/pilot_two/seed-17999570691447884947/yosys-0.8-synth.v:1097$1749_gate ($mux): \reg8_reg[2]_gate -> \y [24]
Changing input S of cell $flatten\modinst163.modinst92.$ternary$research/pilot_two/seed-17999570691447884947/yosys-0.8-synth.v:1100$1754_gate ($mux): \reg8_reg[2]_gate -> \y [24]
Changing input S of cell $flatten\modinst163.modinst92.$ternary$research/pilot_two/seed-17999570691447884947/yosys-0.8-synth.v:1101$1755_gate ($mux): \reg8_reg[3]_gate -> \y [25]
Changing input S of cell $flatten\modinst163.modinst92.$ternary$research/pilot_two/seed-17999570691447884947/yosys-0.8-synth.v:1104$1760_gate ($mux): \reg8_reg[2]_gate -> \y [24]
Changing input S of cell $flatten\modinst163.modinst92.$ternary$research/pilot_two/seed-17999570691447884947/yosys-0.8-synth.v:1107$1765_gate ($mux): \reg8_reg[2]_gate -> \y [24]
Changing input S of cell $flatten\modinst163.modinst92.$ternary$research/pilot_two/seed-17999570691447884947/yosys-0.8-synth.v:1108$1766_gate ($mux): \reg8_reg[3]_gate -> \y [25]
Changing input S of cell $flatten\modinst163.modinst92.$ternary$research/pilot_two/seed-17999570691447884947/yosys-0.8-synth.v:1109$1767_gate ($mux): \reg8_reg[4]_gate -> \y [26]
Changing input S of cell $flatten\modinst163.modinst92.$ternary$research/pilot_two/seed-17999570691447884947/yosys-0.8-synth.v:1110$1768_gate ($mux): \reg8_reg[5]_gate -> \y [27]
Changing input B of cell $flatten\modinst163.modinst92.$or$research/pilot_two/seed-17999570691447884947/yosys-0.8-synth.v:1113$1771_gate ($or): \reg8_reg[2]_gate -> \y [24]
Changing input B of cell $flatten\modinst163.modinst92.$or$research/pilot_two/seed-17999570691447884947/yosys-0.8-synth.v:1114$1772_gate ($or): \reg8_reg[3]_gate -> \y [25]
Changing input B of cell $flatten\modinst163.modinst92.$or$research/pilot_two/seed-17999570691447884947/yosys-0.8-synth.v:1115$1773_gate ($or): \reg8_reg[4]_gate -> \y [26]
Changing input B of cell $flatten\modinst163.modinst92.$or$research/pilot_two/seed-17999570691447884947/yosys-0.8-synth.v:1116$1774_gate ($or): \reg8_reg[5]_gate -> \y [27]
Changing input S of cell $flatten\modinst163.modinst92.$ternary$research/pilot_two/seed-17999570691447884947/yosys-0.8-synth.v:1117$1775_gate ($mux): \reg8_reg[6]_gate -> \y [28]
Changing input S of cell $flatten\modinst163.modinst92.$ternary$research/pilot_two/seed-17999570691447884947/yosys-0.8-synth.v:1119$1778_gate ($mux): \reg8_reg[2]_gate -> \y [24]
Changing input S of cell $flatten\modinst163.modinst92.$ternary$research/pilot_two/seed-17999570691447884947/yosys-0.8-synth.v:1120$1779_gate ($mux): \reg8_reg[2]_gate -> \y [24]
Changing input S of cell $flatten\modinst163.modinst92.$ternary$research/pilot_two/seed-17999570691447884947/yosys-0.8-synth.v:1121$1780_gate ($mux): \reg8_reg[3]_gate -> \y [25]
Changing input S of cell $flatten\modinst163.modinst92.$ternary$research/pilot_two/seed-17999570691447884947/yosys-0.8-synth.v:1122$1781_gate ($mux): \reg8_reg[2]_gate -> \y [24]
Changing input S of cell $flatten\modinst163.modinst92.$ternary$research/pilot_two/seed-17999570691447884947/yosys-0.8-synth.v:1123$1782_gate ($mux): \reg8_reg[2]_gate -> \y [24]
Changing input S of cell $flatten\modinst163.modinst92.$ternary$research/pilot_two/seed-17999570691447884947/yosys-0.8-synth.v:1124$1783_gate ($mux): \reg8_reg[3]_gate -> \y [25]
Changing input S of cell $flatten\modinst163.modinst92.$ternary$research/pilot_two/seed-17999570691447884947/yosys-0.8-synth.v:1125$1784_gate ($mux): \reg8_reg[4]_gate -> \y [26]
Changing input S of cell $flatten\modinst163.modinst92.$ternary$research/pilot_two/seed-17999570691447884947/yosys-0.8-synth.v:1126$1785_gate ($mux): \reg8_reg[2]_gate -> \y [24]
Changing input S of cell $flatten\modinst163.modinst92.$ternary$research/pilot_two/seed-17999570691447884947/yosys-0.8-synth.v:1127$1786_gate ($mux): \reg8_reg[2]_gate -> \y [24]
Changing input S of cell $flatten\modinst163.modinst92.$ternary$research/pilot_two/seed-17999570691447884947/yosys-0.8-synth.v:1128$1787_gate ($mux): \reg8_reg[3]_gate -> \y [25]
Changing input S of cell $flatten\modinst163.modinst92.$ternary$research/pilot_two/seed-17999570691447884947/yosys-0.8-synth.v:1129$1788_gate ($mux): \reg8_reg[2]_gate -> \y [24]
Changing input S of cell $flatten\modinst163.modinst92.$ternary$research/pilot_two/seed-17999570691447884947/yosys-0.8-synth.v:1130$1789_gate ($mux): \reg8_reg[2]_gate -> \y [24]
Changing input S of cell $flatten\modinst163.modinst92.$ternary$research/pilot_two/seed-17999570691447884947/yosys-0.8-synth.v:1131$1790_gate ($mux): \reg8_reg[3]_gate -> \y [25]
Changing input S of cell $flatten\modinst163.modinst92.$ternary$research/pilot_two/seed-17999570691447884947/yosys-0.8-synth.v:1132$1791_gate ($mux): \reg8_reg[4]_gate -> \y [26]
Changing input S of cell $flatten\modinst163.modinst92.$ternary$research/pilot_two/seed-17999570691447884947/yosys-0.8-synth.v:1133$1792_gate ($mux): \reg8_reg[5]_gate -> \y [27]
Changing input B of cell $flatten\modinst163.modinst92.$or$research/pilot_two/seed-17999570691447884947/yosys-0.8-synth.v:1134$1793_gate ($or): \reg8_reg[6]_gate -> \y [28]
Changing input S of cell $flatten\modinst163.modinst92.$ternary$research/pilot_two/seed-17999570691447884947/yosys-0.8-synth.v:1136$1797_gate ($mux): \reg8_reg[3]_gate -> \y [25]
Changing input S of cell $flatten\modinst163.modinst92.$ternary$research/pilot_two/seed-17999570691447884947/yosys-0.8-synth.v:1137$1798_gate ($mux): \reg8_reg[3]_gate -> \y [25]
Changing input S of cell $flatten\modinst163.modinst92.$ternary$research/pilot_two/seed-17999570691447884947/yosys-0.8-synth.v:1138$1799_gate ($mux): \reg8_reg[4]_gate -> \y [26]
Changing input S of cell $flatten\modinst163.modinst92.$ternary$research/pilot_two/seed-17999570691447884947/yosys-0.8-synth.v:1139$1800_gate ($mux): \reg8_reg[3]_gate -> \y [25]
Changing input S of cell $flatten\modinst163.modinst92.$ternary$research/pilot_two/seed-17999570691447884947/yosys-0.8-synth.v:1140$1801_gate ($mux): \reg8_reg[3]_gate -> \y [25]
Changing input S of cell $flatten\modinst163.modinst92.$ternary$research/pilot_two/seed-17999570691447884947/yosys-0.8-synth.v:1141$1802_gate ($mux): \reg8_reg[4]_gate -> \y [26]
Changing input S of cell $flatten\modinst163.modinst92.$ternary$research/pilot_two/seed-17999570691447884947/yosys-0.8-synth.v:1142$1803_gate ($mux): \reg8_reg[5]_gate -> \y [27]
Changing input B of cell $flatten\modinst163.modinst92.$or$research/pilot_two/seed-17999570691447884947/yosys-0.8-synth.v:1143$1804_gate ($or): \reg8_reg[6]_gate -> \y [28]
Changing input S of cell $flatten\modinst163.modinst92.$ternary$research/pilot_two/seed-17999570691447884947/yosys-0.8-synth.v:1144$1805_gate ($mux): \reg8_reg[3]_gate -> \y [25]
Changing input S of cell $flatten\modinst163.modinst92.$ternary$research/pilot_two/seed-17999570691447884947/yosys-0.8-synth.v:1145$1806_gate ($mux): \reg8_reg[3]_gate -> \y [25]
Changing input S of cell $flatten\modinst163.modinst92.$ternary$research/pilot_two/seed-17999570691447884947/yosys-0.8-synth.v:1146$1807_gate ($mux): \reg8_reg[4]_gate -> \y [26]
Changing input S of cell $flatten\modinst163.modinst92.$ternary$research/pilot_two/seed-17999570691447884947/yosys-0.8-synth.v:1147$1808_gate ($mux): \reg8_reg[3]_gate -> \y [25]
Changing input B of cell $flatten\modinst163.modinst92.$or$research/pilot_two/seed-17999570691447884947/yosys-0.8-synth.v:1148$1809_gate ($or): \reg8_reg[3]_gate -> \y [25]
Changing input S of cell $flatten\modinst163.modinst92.$ternary$research/pilot_two/seed-17999570691447884947/yosys-0.8-synth.v:1149$1810_gate ($mux): \reg8_reg[4]_gate -> \y [26]
Changing input S of cell $flatten\modinst163.modinst92.$ternary$research/pilot_two/seed-17999570691447884947/yosys-0.8-synth.v:1150$1811_gate ($mux): \reg8_reg[5]_gate -> \y [27]
Changing input B of cell $flatten\modinst163.modinst92.$or$research/pilot_two/seed-17999570691447884947/yosys-0.8-synth.v:1151$1812_gate ($or): \reg8_reg[6]_gate -> \y [28]
Changing input S of cell $flatten\modinst163.modinst92.$ternary$research/pilot_two/seed-17999570691447884947/yosys-0.8-synth.v:1154$1817_gate ($mux): \reg8_reg[4]_gate -> \y [26]
Changing input S of cell $flatten\modinst163.modinst92.$ternary$research/pilot_two/seed-17999570691447884947/yosys-0.8-synth.v:1155$1818_gate ($mux): \reg8_reg[4]_gate -> \y [26]
Changing input S of cell $flatten\modinst163.modinst92.$ternary$research/pilot_two/seed-17999570691447884947/yosys-0.8-synth.v:1156$1819_gate ($mux): \reg8_reg[5]_gate -> \y [27]
Changing input B of cell $flatten\modinst163.modinst92.$or$research/pilot_two/seed-17999570691447884947/yosys-0.8-synth.v:1157$1820_gate ($or): \reg8_reg[6]_gate -> \y [28]
Changing input S of cell $flatten\modinst163.modinst92.$ternary$research/pilot_two/seed-17999570691447884947/yosys-0.8-synth.v:1158$1821_gate ($mux): \reg8_reg[4]_gate -> \y [26]
Changing input B of cell $flatten\modinst163.modinst92.$or$research/pilot_two/seed-17999570691447884947/yosys-0.8-synth.v:1159$1822_gate ($or): \reg8_reg[4]_gate -> \y [26]
Changing input S of cell $flatten\modinst163.modinst92.$ternary$research/pilot_two/seed-17999570691447884947/yosys-0.8-synth.v:1160$1823_gate ($mux): \reg8_reg[5]_gate -> \y [27]
Changing input B of cell $flatten\modinst163.modinst92.$or$research/pilot_two/seed-17999570691447884947/yosys-0.8-synth.v:1161$1824_gate ($or): \reg8_reg[6]_gate -> \y [28]
Changing input S of cell $flatten\modinst163.modinst92.$ternary$research/pilot_two/seed-17999570691447884947/yosys-0.8-synth.v:1163$1828_gate ($mux): \reg8_reg[4]_gate -> \y [26]
Changing input B of cell $flatten\modinst163.modinst92.$or$research/pilot_two/seed-17999570691447884947/yosys-0.8-synth.v:1164$1829_gate ($or): \reg8_reg[4]_gate -> \y [26]
Changing input S of cell $flatten\modinst163.modinst92.$ternary$research/pilot_two/seed-17999570691447884947/yosys-0.8-synth.v:1165$1830_gate ($mux): \reg8_reg[5]_gate -> \y [27]
Changing input B of cell $flatten\modinst163.modinst92.$or$research/pilot_two/seed-17999570691447884947/yosys-0.8-synth.v:1166$1831_gate ($or): \reg8_reg[6]_gate -> \y [28]
Changing input S of cell $flatten\modinst163.modinst92.$ternary$research/pilot_two/seed-17999570691447884947/yosys-0.8-synth.v:1167$1832_gate ($mux): \reg8_reg[4]_gate -> \y [26]
Changing input B of cell $flatten\modinst163.modinst92.$or$research/pilot_two/seed-17999570691447884947/yosys-0.8-synth.v:1168$1833_gate ($or): \reg8_reg[4]_gate -> \y [26]
Changing input S of cell $flatten\modinst163.modinst92.$ternary$research/pilot_two/seed-17999570691447884947/yosys-0.8-synth.v:1169$1834_gate ($mux): \reg8_reg[5]_gate -> \y [27]
Changing input B of cell $flatten\modinst163.modinst92.$or$research/pilot_two/seed-17999570691447884947/yosys-0.8-synth.v:1170$1835_gate ($or): \reg8_reg[6]_gate -> \y [28]
Changing input S of cell $flatten\modinst163.modinst92.$ternary$research/pilot_two/seed-17999570691447884947/yosys-0.8-synth.v:1174$1841_gate ($mux): \reg8_reg[5]_gate -> \y [27]
Changing input B of cell $flatten\modinst163.modinst92.$or$research/pilot_two/seed-17999570691447884947/yosys-0.8-synth.v:1175$1842_gate ($or): \reg8_reg[6]_gate -> \y [28]
Changing input B of cell $flatten\modinst163.modinst92.$or$research/pilot_two/seed-17999570691447884947/yosys-0.8-synth.v:1176$1843_gate ($or): \reg8_reg[5]_gate -> \y [27]
Changing input B of cell $flatten\modinst163.modinst92.$or$research/pilot_two/seed-17999570691447884947/yosys-0.8-synth.v:1177$1844_gate ($or): \reg8_reg[6]_gate -> \y [28]
Changing input B of cell $flatten\modinst163.modinst92.$or$research/pilot_two/seed-17999570691447884947/yosys-0.8-synth.v:1179$1848_gate ($or): \reg8_reg[5]_gate -> \y [27]
Changing input B of cell $flatten\modinst163.modinst92.$or$research/pilot_two/seed-17999570691447884947/yosys-0.8-synth.v:1180$1849_gate ($or): \reg8_reg[6]_gate -> \y [28]
Changing input B of cell $flatten\modinst163.modinst92.$or$research/pilot_two/seed-17999570691447884947/yosys-0.8-synth.v:1181$1850_gate ($or): \reg8_reg[5]_gate -> \y [27]
Changing input B of cell $flatten\modinst163.modinst92.$or$research/pilot_two/seed-17999570691447884947/yosys-0.8-synth.v:1182$1851_gate ($or): \reg8_reg[6]_gate -> \y [28]
Changing input B of cell $flatten\modinst163.modinst92.$or$research/pilot_two/seed-17999570691447884947/yosys-0.8-synth.v:1185$1856_gate ($or): \reg8_reg[5]_gate -> \y [27]
Changing input B of cell $flatten\modinst163.modinst92.$or$research/pilot_two/seed-17999570691447884947/yosys-0.8-synth.v:1186$1857_gate ($or): \reg8_reg[6]_gate -> \y [28]
Changing input B of cell $flatten\modinst163.modinst92.$or$research/pilot_two/seed-17999570691447884947/yosys-0.8-synth.v:1187$1858_gate ($or): \reg8_reg[5]_gate -> \y [27]
Changing input B of cell $flatten\modinst163.modinst92.$or$research/pilot_two/seed-17999570691447884947/yosys-0.8-synth.v:1188$1859_gate ($or): \reg8_reg[6]_gate -> \y [28]
Changing input B of cell $flatten\modinst163.modinst92.$or$research/pilot_two/seed-17999570691447884947/yosys-0.8-synth.v:1190$1863_gate ($or): \reg8_reg[5]_gate -> \y [27]
Changing input B of cell $flatten\modinst163.modinst92.$or$research/pilot_two/seed-17999570691447884947/yosys-0.8-synth.v:1191$1864_gate ($or): \reg8_reg[6]_gate -> \y [28]
Changing input B of cell $flatten\modinst163.modinst92.$or$research/pilot_two/seed-17999570691447884947/yosys-0.8-synth.v:1192$1865_gate ($or): \reg8_reg[5]_gate -> \y [27]
Changing input B of cell $flatten\modinst163.modinst92.$or$research/pilot_two/seed-17999570691447884947/yosys-0.8-synth.v:1193$1866_gate ($or): \reg8_reg[6]_gate -> \y [28]
Changing input A of cell $flatten\modinst163.modinst92.$not$research/pilot_two/seed-17999570691447884947/yosys-0.8-synth.v:1219$1904_gate ($not): \reg8_reg[1]_gate -> \y [23]
Changing input B of cell $flatten\modinst163.modinst92.$ternary$research/pilot_two/seed-17999570691447884947/yosys-0.8-synth.v:1274$2009_gate ($mux): \reg8_reg[0]_gate -> \y [22]
Changing input B of cell $flatten\modinst163.modinst92.$ternary$research/pilot_two/seed-17999570691447884947/yosys-0.8-synth.v:1285$2025_gate ($mux): \reg8_reg[1]_gate -> \y [23]
Changing input B of cell $flatten\modinst163.modinst92.$ternary$research/pilot_two/seed-17999570691447884947/yosys-0.8-synth.v:1287$2027_gate ($mux): \reg8_reg[2]_gate -> \y [24]
Changing input B of cell $flatten\modinst163.modinst92.$ternary$research/pilot_two/seed-17999570691447884947/yosys-0.8-synth.v:1289$2029_gate ($mux): \reg8_reg[3]_gate -> \y [25]
Changing input B of cell $flatten\modinst163.modinst92.$ternary$research/pilot_two/seed-17999570691447884947/yosys-0.8-synth.v:1291$2031_gate ($mux): \reg8_reg[4]_gate -> \y [26]
Changing input B of cell $flatten\modinst163.modinst92.$ternary$research/pilot_two/seed-17999570691447884947/yosys-0.8-synth.v:1293$2033_gate ($mux): \reg8_reg[5]_gate -> \y [27]
Changing input B of cell $flatten\modinst163.modinst92.$ternary$research/pilot_two/seed-17999570691447884947/yosys-0.8-synth.v:1295$2035_gate ($mux): \reg8_reg[6]_gate -> \y [28]
Changing input A of cell $flatten\modinst163.modinst92.$and$research/pilot_two/seed-17999570691447884947/yosys-0.8-synth.v:1734$2694_gate ($and): \wire5_gate [0] -> \y [60]
Changing input S of cell $flatten\modinst163.modinst92.$ternary$research/pilot_two/seed-17999570691447884947/yosys-0.8-synth.v:1753$2735_gate ($mux): \wire5_gate [0] -> \y [60]
Changing input B of cell $flatten\modinst163.modinst136.$or$research/pilot_two/seed-17999570691447884947/yosys-0.8-synth.v:3661$3765_gate ($or): \reg8_reg[6]_gate -> \y [28]
Changing input A of cell $flatten\modinst163.modinst136.$not$research/pilot_two/seed-17999570691447884947/yosys-0.8-synth.v:3662$3767_gate ($not): \reg8_reg[4]_gate -> \y [26]
Changing input A of cell $flatten\modinst163.modinst136.$not$research/pilot_two/seed-17999570691447884947/yosys-0.8-synth.v:3663$3769_gate ($not): \reg8_reg[5]_gate -> \y [27]
Changing input A of cell $flatten\modinst163.modinst136.$xor$research/pilot_two/seed-17999570691447884947/yosys-0.8-synth.v:3664$3771_gate ($xor): \reg8_reg[4]_gate -> \y [26]
Changing input B of cell $flatten\modinst163.modinst136.$or$research/pilot_two/seed-17999570691447884947/yosys-0.8-synth.v:3665$3772_gate ($or): \reg8_reg[5]_gate -> \y [27]
Changing input A of cell $flatten\modinst163.modinst136.$not$research/pilot_two/seed-17999570691447884947/yosys-0.8-synth.v:3667$3775_gate ($not): \reg8_reg[3]_gate -> \y [25]
Changing input A of cell $flatten\modinst163.modinst136.$xor$research/pilot_two/seed-17999570691447884947/yosys-0.8-synth.v:3668$3777_gate ($xor): \reg8_reg[3]_gate -> \y [25]
Changing input A of cell $flatten\modinst163.modinst136.$not$research/pilot_two/seed-17999570691447884947/yosys-0.8-synth.v:3669$3779_gate ($not): \reg8_reg[2]_gate -> \y [24]
Changing input A of cell $flatten\modinst163.modinst136.$xor$research/pilot_two/seed-17999570691447884947/yosys-0.8-synth.v:3671$3784_gate ($xor): \reg8_reg[3]_gate -> \y [25]
Changing input A of cell $flatten\modinst163.modinst136.$xor$research/pilot_two/seed-17999570691447884947/yosys-0.8-synth.v:3672$3785_gate ($xor): \reg8_reg[2]_gate -> \y [24]
Changing input A of cell $flatten\modinst163.modinst136.$not$research/pilot_two/seed-17999570691447884947/yosys-0.8-synth.v:3674$3787_gate ($not): \reg8_reg[1]_gate -> \y [23]
Changing input A of cell $flatten\modinst163.modinst136.$xor$research/pilot_two/seed-17999570691447884947/yosys-0.8-synth.v:3675$3789_gate ($xor): \reg8_reg[1]_gate -> \y [23]
Changing input A of cell $flatten\modinst163.modinst136.$not$research/pilot_two/seed-17999570691447884947/yosys-0.8-synth.v:3676$3791_gate ($not): \reg8_reg[0]_gate -> \y [22]
Changing input B of cell $flatten\modinst163.modinst136.$or$research/pilot_two/seed-17999570691447884947/yosys-0.8-synth.v:3693$3818_gate ($or): \reg8_reg[5]_gate -> \y [27]
Changing input A of cell $flatten\modinst163.modinst136.$or$research/pilot_two/seed-17999570691447884947/yosys-0.8-synth.v:3693$3818_gate ($or): \reg8_reg[6]_gate -> \y [28]
Changing input A of cell $flatten\modinst163.modinst136.$xor$research/pilot_two/seed-17999570691447884947/yosys-0.8-synth.v:3698$3823_gate ($xor): \reg8_reg[0]_gate -> \y [22]
Changing input A of cell $flatten\modinst163.modinst136.$not$research/pilot_two/seed-17999570691447884947/yosys-0.8-synth.v:3708$3838_gate ($not): \modinst163.modinst136.y_gate [27] -> \y [4]
Changing input D of cell $flatten\modinst163.modinst136.$procdff$4525_gate ($dff): \modinst163.modinst136.y_gate [3] -> \y [5]
Changing input A of cell $flatten\modinst163.modinst136.$not$research/pilot_two/seed-17999570691447884947/yosys-0.8-synth.v:3716$3850_gate ($not): \modinst163.modinst136.y_gate [3] -> \y [5]
Changing input B of cell $flatten\modinst163.modinst136.$xor$research/pilot_two/seed-17999570691447884947/yosys-0.8-synth.v:3766$3921_gate ($xor): \modinst163.modinst136.y_gate [26] -> \y [3]
Changing input A of cell $flatten\modinst163.modinst136.$and$research/pilot_two/seed-17999570691447884947/yosys-0.8-synth.v:3787$3954_gate ($and): \modinst163.modinst136.y_gate [26] -> \y [3]
Changing input B of cell $flatten\modinst163.modinst136.$or$research/pilot_two/seed-17999570691447884947/yosys-0.8-synth.v:3808$3996_gate ($or): \reg8_reg[2]_gate -> \y [24]
Changing input A of cell $flatten\modinst163.modinst136.$or$research/pilot_two/seed-17999570691447884947/yosys-0.8-synth.v:3808$3996_gate ($or): \reg8_reg[3]_gate -> \y [25]
Changing input B of cell $flatten\modinst163.modinst136.$or$research/pilot_two/seed-17999570691447884947/yosys-0.8-synth.v:3809$3997_gate ($or): \reg8_reg[4]_gate -> \y [26]
Changing input A of cell $flatten\modinst163.modinst136.$or$research/pilot_two/seed-17999570691447884947/yosys-0.8-synth.v:3809$3997_gate ($or): \reg8_reg[5]_gate -> \y [27]
Changing input B of cell $flatten\modinst163.modinst136.$xor$research/pilot_two/seed-17999570691447884947/yosys-0.8-synth.v:3838$4037_gate ($xor): \modinst163.modinst136.y_gate [27] -> \y [4]
Changing input A of cell $flatten\modinst163.modinst136.$not$research/pilot_two/seed-17999570691447884947/yosys-0.8-synth.v:3841$4041_gate ($not): \modinst163.modinst136.y_gate [27] -> \y [4]
Changing input B of cell $flatten\modinst163.modinst136.$and$research/pilot_two/seed-17999570691447884947/yosys-0.8-synth.v:3855$4066_gate ($and): \modinst163.modinst136.y_gate [3] -> \y [5]
Changing input B of cell $flatten\modinst163.modinst136.$and$research/pilot_two/seed-17999570691447884947/yosys-0.8-synth.v:3858$4071_gate ($and): \modinst163.modinst136.y_gate [27] -> \y [4]
Changing input B of cell $flatten\modinst163.modinst136.$or$research/pilot_two/seed-17999570691447884947/yosys-0.8-synth.v:3886$4116_gate ($or): \reg8_reg[0]_gate -> \y [22]
Changing input A of cell $flatten\modinst163.modinst136.$or$research/pilot_two/seed-17999570691447884947/yosys-0.8-synth.v:3886$4116_gate ($or): \reg8_reg[1]_gate -> \y [23]
Changing input B of cell $flatten\modinst163.modinst136.$or$research/pilot_two/seed-17999570691447884947/yosys-0.8-synth.v:3909$4146_gate ($or): \reg8_reg[0]_gate -> \y [22]
Changing input A of cell $flatten\modinst163.modinst136.$and$research/pilot_two/seed-17999570691447884947/yosys-0.8-synth.v:3910$4148_gate ($and): \reg8_reg[1]_gate -> \y [23]
Changing input A of cell $flatten\modinst163.modinst136.$and$research/pilot_two/seed-17999570691447884947/yosys-0.8-synth.v:3911$4150_gate ($and): \reg8_reg[2]_gate -> \y [24]
Changing input B of cell $flatten\modinst163.modinst136.$or$research/pilot_two/seed-17999570691447884947/yosys-0.8-synth.v:3912$4151_gate ($or): \reg8_reg[3]_gate -> \y [25]
Changing input B of cell $flatten\modinst163.modinst136.$or$research/pilot_two/seed-17999570691447884947/yosys-0.8-synth.v:3913$4152_gate ($or): \reg8_reg[4]_gate -> \y [26]
Changing input B of cell $flatten\modinst163.modinst136.$or$research/pilot_two/seed-17999570691447884947/yosys-0.8-synth.v:3914$4153_gate ($or): \reg8_reg[5]_gate -> \y [27]
Changing input A of cell $flatten\modinst163.modinst136.$and$research/pilot_two/seed-17999570691447884947/yosys-0.8-synth.v:3915$4155_gate ($and): \reg8_reg[6]_gate -> \y [28]
Changing input D of cell $flatten\modinst163.modinst136.$procdff$4506_gate ($dff): \modinst163.modinst136.y_gate [4] -> \y [6]
Changing input A of cell $flatten\modinst163.$or$research/pilot_two/seed-17999570691447884947/yosys-0.8-synth.v:2895$3278_gate ($or): \modinst163.modinst136.y_gate [26] -> \y [3]
Changing input B of cell $flatten\modinst163.$or$research/pilot_two/seed-17999570691447884947/yosys-0.8-synth.v:2896$3279_gate ($or): \modinst163.modinst136.y_gate [27] -> \y [4]
Changing input A of cell $flatten\modinst163.$or$research/pilot_two/seed-17999570691447884947/yosys-0.8-synth.v:2896$3279_gate ($or): \modinst163.modinst136.y_gate [3] -> \y [5]
Changing input B of cell $flatten\modinst163.$or$research/pilot_two/seed-17999570691447884947/yosys-0.8-synth.v:2898$3281_gate ($or): \modinst163.modinst136.y_gate [4] -> \y [6]
Changing input B of cell $flatten\modinst163.$ternary$research/pilot_two/seed-17999570691447884947/yosys-0.8-synth.v:2910$3295_gate ($mux): \reg8_reg[0]_gate -> \y [22]
Changing input B of cell $flatten\modinst163.$ternary$research/pilot_two/seed-17999570691447884947/yosys-0.8-synth.v:2917$3304_gate ($mux): \reg8_reg[1]_gate -> \y [23]
Changing input B of cell $flatten\modinst163.$ternary$research/pilot_two/seed-17999570691447884947/yosys-0.8-synth.v:2924$3312_gate ($mux): \reg8_reg[2]_gate -> \y [24]
Changing input B of cell $flatten\modinst163.$ternary$research/pilot_two/seed-17999570691447884947/yosys-0.8-synth.v:2930$3319_gate ($mux): \reg8_reg[3]_gate -> \y [25]
Changing input B of cell $flatten\modinst163.$ternary$research/pilot_two/seed-17999570691447884947/yosys-0.8-synth.v:2936$3327_gate ($mux): \reg8_reg[4]_gate -> \y [26]
Changing input B of cell $flatten\modinst163.$ternary$research/pilot_two/seed-17999570691447884947/yosys-0.8-synth.v:2942$3334_gate ($mux): \reg8_reg[5]_gate -> \y [27]
Changing input A of cell $flatten\modinst163.$not$research/pilot_two/seed-17999570691447884947/yosys-0.8-synth.v:2951$3343_gate ($not): \wire5_gate [0] -> \y [60]
Changing input A of cell $flatten\modinst163.$not$research/pilot_two/seed-17999570691447884947/yosys-0.8-synth.v:2962$3362_gate ($not): \wire5_gate [2] -> \y [62]
Changing input A of cell $flatten\modinst163.$not$research/pilot_two/seed-17999570691447884947/yosys-0.8-synth.v:2985$3394_gate ($not): \wire5_gate [6] -> \y [66]
Changing input B of cell $flatten\modinst163.$and$research/pilot_two/seed-17999570691447884947/yosys-0.8-synth.v:3098$3568_gate ($and): \modinst163.modinst136.y_gate [3] -> \y [5]
Changing input A of cell $flatten\modinst163.$and$research/pilot_two/seed-17999570691447884947/yosys-0.8-synth.v:3098$3568_gate ($and): \modinst163.modinst136.y_gate [4] -> \y [6]
Changing input B of cell $flatten\modinst163.$or$research/pilot_two/seed-17999570691447884947/yosys-0.8-synth.v:3142$3622_gate ($or): \reg8_reg[6]_gate -> \y [28]
Changing input D of cell $flatten\modinst163.$procdff$4547_gate ($dff): \wire5_gate [6] -> \y [66]
Changing input D of cell $flatten\modinst163.$procdff$4551_gate ($dff): \wire5_gate [2] -> \y [62]
Changing input D of cell $flatten\modinst163.$procdff$4553_gate ($dff): \wire5_gate [0] -> \y [60]
Changing input A of cell $and$research/pilot_two/seed-17999570691447884947/yosys-0.8-synth.v:4380$4390_gate ($and): \wire5_gate [2] -> \y [62]
Changing input B of cell $flatten\modinst163.modinst136.$le$research/pilot_two/seed-17999570691447884947/generated.v:290$248_gold ($le): \reg8_gold [18:0] -> { 12'000000000000 \y [28:22] }
Changing input A of cell $reduce_bool$research/pilot_two/seed-17999570691447884947/generated.v:27$38_gold ($reduce_bool): { \wire5_gold [6:2] \wire4_gold } -> { \y [66] 3'000 \y [62] \wire4_gold }
Changing input A of cell $mul$research/pilot_two/seed-17999570691447884947/generated.v:25$30_gold ($mul): { 11'00000000000 \wire5_gold [7:1] } -> { 12'000000000000 \y [66] 3'000 \y [62] 1'0 }
Presumably equivalent cells: modinst163_gold modinst163_gate ($scopeinfo) -> modinst163
Presumably equivalent cells: modinst163.modinst92_gold modinst163.modinst92_gate ($scopeinfo) -> modinst163.modinst92
Presumably equivalent cells: modinst163.modinst136_gold modinst163.modinst136_gate ($scopeinfo) -> modinst163.modinst136
Setting undriven nets to undef: \modinst163.modinst136.y [47:34]
Setting undriven nets to undef: \modinst163.modinst136.y [340:56]
Setting undriven nets to undef: \modinst163.modinst136.y [355]
Setting undriven nets to undef: \modinst163.modinst136.wire98 [3:1]
Setting undriven nets to undef: \modinst163.modinst136.wire133 [2:0]
Setting undriven nets to undef: \modinst163.modinst136.wire104
Setting undriven nets to undef: \modinst163.modinst92.y_gold [68:4]
Setting undriven nets to undef: \modinst163.modinst92.y_gold [118:92]
Setting undriven nets to undef: \modinst163.modinst92.y_gold [209:144]
Setting undriven nets to undef: \modinst163.modinst92.y_gold [328:217]
Setting undriven nets to undef: \modinst163.modinst92.y_gold [841:339]
Setting undriven nets to undef: \modinst163.modinst92.wire31_gold [1:0]
Setting undriven nets to undef: \modinst163.modinst136.wire104_gold [3:0]
Setting undriven nets to undef: \modinst163.modinst92.wire46_gold [2:0]
Setting undriven nets to undef: \modinst163.modinst92.wire32_gold [0]
Setting undriven nets to undef: \modinst163.modinst92.wire27_gold [0]
Setting undriven nets to undef: \modinst163.modinst92.wire88_gold [0]
Setting undriven nets to undef: \modinst163.y_gold [244:43]
Setting undriven nets to undef: \modinst163.y_gold [255:250]
Setting undriven nets to undef: \modinst163.wire159_gold [11:0]
Setting undriven nets to undef: \modinst163.wire158_gold [0]
Setting undriven nets to undef: \modinst163.wire156_gold [5:0]
Setting undriven nets to undef: \modinst163.modinst136.wire131_gold [0]
Setting undriven nets to undef: \modinst163.modinst136.wire133_gold [2:0]
Setting undriven nets to undef: \modinst163.modinst136.wire98_gold [3:1]
Setting undriven nets to undef: \modinst163.modinst136.y_gold [340:56]
Setting undriven nets to undef: \modinst163.modinst136.y_gold [355]
Setting undriven nets to undef: \modinst163.modinst92.y [68:1]
Setting undriven nets to undef: \modinst163.modinst92.y [72]
Setting undriven nets to undef: \modinst163.modinst92.y [83]
Setting undriven nets to undef: \modinst163.modinst92.y [120:92]
Setting undriven nets to undef: \modinst163.modinst92.y [209:130]
Setting undriven nets to undef: \modinst163.modinst92.y [328:217]
Setting undriven nets to undef: \modinst163.modinst92.y [841:339]
Setting undriven nets to undef: \modinst163.y [244:40]
Setting undriven nets to undef: \modinst163.y [255:250]
Setting undriven nets to undef: \modinst163.wire156 [5:0]
Setting undriven nets to undef: \modinst163.wire91 [3:1]
Setting undriven nets to undef: \modinst163._004__gate [7:6]
Setting undriven nets to undef: \modinst163._004__gate [12:9]
Setting undriven nets to undef: \modinst163.modinst136._007__gate [20:2]
Setting undriven nets to undef: \modinst163.modinst136._006__gate [9:0]
Setting undriven nets to undef: \modinst163.modinst136._005__gate [3]
Setting undriven nets to undef: \modinst163.modinst136._004__gate [1:0]
Setting undriven nets to undef: \modinst163.modinst136._003__gate [7:0]
Setting undriven nets to undef: \modinst163.modinst136._002__gate [7:3]
Setting undriven nets to undef: \modinst163.modinst136._002__gate [17:9]
Setting undriven nets to undef: \modinst163.modinst136._001__gate [13:2]
Setting undriven nets to undef: \modinst163.modinst92._0036__gate [15:5]
Setting undriven nets to undef: \modinst163.modinst92._0034__gate [9:7]
Setting undriven nets to undef: \modinst163.modinst92._0030__gate [1]
Setting undriven nets to undef: \modinst163.modinst92._0028__gate [13:8]
Setting undriven nets to undef: \modinst163.modinst92._0027__gate [13:1]
Setting undriven nets to undef: \modinst163.modinst92._0021__gate [7:2]
Setting undriven nets to undef: \modinst163.modinst92._0021__gate [13:9]
Setting undriven nets to undef: \modinst163.modinst92._0021__gate [18:15]
Setting undriven nets to undef: \modinst163.modinst92._0020__gate [7:0]
Setting undriven nets to undef: \modinst163.modinst92._0019__gate [6:1]
Setting undriven nets to undef: \modinst163.modinst92._0019__gate [12:8]
Setting undriven nets to undef: \modinst163.modinst92._0019__gate [16:14]
Setting undriven nets to undef: \modinst163.modinst92._0018__gate [9:4]
Setting undriven nets to undef: \modinst163.modinst92._0013__gate [20:2]
Setting undriven nets to undef: \modinst163.modinst92._0009__gate [6:1]
Setting undriven nets to undef: \modinst163.modinst92._0009__gate [12:8]
Setting undriven nets to undef: \modinst163.modinst92._0009__gate [16:14]
Setting undriven nets to undef: \modinst163.modinst92._0006__gate [9:1]
Setting undriven nets to undef: \modinst163.modinst92._0005__gate [13:1]
Setting undriven nets to undef: \modinst163.modinst92._0001__gate [18:9]

11. Executing PREP pass.

11.1. Executing HIERARCHY pass (managing design hierarchy).

11.1.1. Analyzing design hierarchy..
Top module:  \miter

11.1.2. Analyzing design hierarchy..
Top module:  \miter
Removing unused module `\cand_top'.
Removing unused module `\module95'.
Removing unused module `\module9'.
Removing unused module `\module15'.
Removing unused module `\gold_top'.
Removed 5 unused modules.

11.2. Executing PROC pass (convert processes to netlists).

11.2.1. Executing PROC_CLEAN pass (remove empty switches from decision trees).
Cleaned up 0 empty switches.

11.2.2. Executing PROC_RMDEAD pass (remove dead branches from decision trees).
Removed a total of 0 dead cases.

11.2.3. Executing PROC_PRUNE pass (remove redundant assignments in processes).
Removed 0 redundant assignments.
Promoted 0 assignments to connections.

11.2.4. Executing PROC_INIT pass (extract init attributes).

11.2.5. Executing PROC_ARST pass (detect async resets in processes).

11.2.6. Executing PROC_ROM pass (convert switches to ROMs).
Converted 0 switches.

11.2.7. Executing PROC_MUX pass (convert decision trees to multiplexers).

11.2.8. Executing PROC_DLATCH pass (convert process syncs to latches).

11.2.9. Executing PROC_DFF pass (convert process syncs to FFs).

11.2.10. Executing PROC_MEMWR pass (convert process memory writes to cells).

11.2.11. Executing PROC_CLEAN pass (remove empty switches from decision trees).
Cleaned up 0 empty switches.

11.2.12. Executing OPT_EXPR pass (perform const folding).
Optimizing module miter.
<suppressed ~272 debug messages>

11.3. Executing FUTURE pass.

11.4. Executing OPT_EXPR pass (perform const folding).
Optimizing module miter.

11.5. Executing CHECK pass (checking for obvious problems).
Checking module miter...
Found and reported 0 problems.

11.6. Executing OPT_CLEAN pass (remove unused cells and wires).
Finding unused cells or wires in module \miter..
Removed 2754 unused cells and 1813 unused wires.
<suppressed ~3899 debug messages>

11.7. Executing OPT pass (performing simple optimizations).

11.7.1. Executing OPT_EXPR pass (perform const folding).
Optimizing module miter.

11.7.2. Executing OPT_MERGE pass (detect identical cells).
Finding identical cells in module `\miter'.
Computing hashes of 338 cells of `\miter'.
Finding duplicate cells in `\miter'.
Computing hashes of 319 cells of `\miter'.
Finding duplicate cells in `\miter'.
<suppressed ~57 debug messages>
Removed a total of 19 cells.

11.7.3. Executing OPT_MUXTREE pass (detect dead branches in mux trees).
Running muxtree optimizer on module \miter..
  Creating internal representation of mux trees.
  Evaluating internal representation of mux trees.
  Analyzing evaluation results.
Removed 0 multiplexer ports.
<suppressed ~27 debug messages>

11.7.4. Executing OPT_REDUCE pass (consolidate $*mux and $reduce_* inputs).
  Optimizing cells in module \miter.
Performed a total of 0 changes.

11.7.5. Executing OPT_MERGE pass (detect identical cells).
Finding identical cells in module `\miter'.
Computing hashes of 319 cells of `\miter'.
Finding duplicate cells in `\miter'.
Removed a total of 0 cells.

11.7.6. Executing OPT_CLEAN pass (remove unused cells and wires).
Finding unused cells or wires in module \miter..
Removed 0 unused cells and 2 unused wires.
<suppressed ~1 debug messages>

11.7.7. Executing OPT_EXPR pass (perform const folding).
Optimizing module miter.

11.7.8. Rerunning OPT passes. (Maybe there is more to do..)

11.7.9. Executing OPT_MUXTREE pass (detect dead branches in mux trees).
Running muxtree optimizer on module \miter..
  Creating internal representation of mux trees.
  Evaluating internal representation of mux trees.
  Analyzing evaluation results.
Removed 0 multiplexer ports.
<suppressed ~27 debug messages>

11.7.10. Executing OPT_REDUCE pass (consolidate $*mux and $reduce_* inputs).
  Optimizing cells in module \miter.
Performed a total of 0 changes.

11.7.11. Executing OPT_MERGE pass (detect identical cells).
Finding identical cells in module `\miter'.
Computing hashes of 319 cells of `\miter'.
Finding duplicate cells in `\miter'.
Removed a total of 0 cells.

11.7.12. Executing OPT_CLEAN pass (remove unused cells and wires).
Finding unused cells or wires in module \miter..

11.7.13. Executing OPT_EXPR pass (perform const folding).
Optimizing module miter.

11.7.14. Finished fast OPT passes. (There is nothing left to do.)

11.8. Executing WREDUCE pass (reducing word size of cells).
Removed top 12 bits (of 19) from port B of cell miter.$flatten\modinst163.modinst136.$le$research/pilot_two/seed-17999570691447884947/generated.v:290$248_gold ($le).
Removed top 16 bits (of 20) from port Y of cell miter.$flatten\modinst163.modinst136.$sub$research/pilot_two/seed-17999570691447884947/generated.v:290$251_gold ($sub).
Removed top 1 bits (of 5) from port A of cell miter.$flatten\modinst163.modinst136.$sub$research/pilot_two/seed-17999570691447884947/generated.v:290$251_gold ($sub).
Removed top 16 bits (of 20) from port B of cell miter.$flatten\modinst163.modinst136.$sub$research/pilot_two/seed-17999570691447884947/generated.v:290$251_gold ($sub).
Removed top 14 bits (of 18) from mux cell miter.$ternary$research/pilot_two/seed-17999570691447884947/generated.v:24$37_gold ($mux).
Removed top 14 bits (of 18) from mux cell miter.$ternary$research/pilot_two/seed-17999570691447884947/generated.v:25$35_gold ($mux).
Removed top 5 bits (of 18) from port B of cell miter.$xor$research/pilot_two/seed-17999570691447884947/generated.v:26$34_gold ($xor).
Removed top 14 bits (of 18) from port Y of cell miter.$xor$research/pilot_two/seed-17999570691447884947/generated.v:26$34_gold ($xor).
Removed top 14 bits (of 18) from port A of cell miter.$xor$research/pilot_two/seed-17999570691447884947/generated.v:26$34_gold ($xor).
Removed top 9 bits (of 13) from port B of cell miter.$xor$research/pilot_two/seed-17999570691447884947/generated.v:26$34_gold ($xor).
Removed top 12 bits (of 18) from port A of cell miter.$mul$research/pilot_two/seed-17999570691447884947/generated.v:25$30_gold ($mul).
Removed top 14 bits (of 18) from port Y of cell miter.$mul$research/pilot_two/seed-17999570691447884947/generated.v:25$30_gold ($mul).
Removed top 17 bits (of 18) from port A of cell miter.$shr$research/pilot_two/seed-17999570691447884947/generated.v:25$29_gold ($shr).
Removed top 9 bits (of 18) from port Y of cell miter.$and$research/pilot_two/seed-17999570691447884947/generated.v:18$26_gold ($and).
Removed top 9 bits (of 18) from port A of cell miter.$and$research/pilot_two/seed-17999570691447884947/generated.v:18$26_gold ($and).
Removed top 9 bits (of 18) from port B of cell miter.$and$research/pilot_two/seed-17999570691447884947/generated.v:18$26_gold ($and).
Removed top 11 bits (of 18) from mux cell miter.$ternary$research/pilot_two/seed-17999570691447884947/generated.v:19$25_gold ($mux).
Removed top 9 bits (of 18) from mux cell miter.$ternary$research/pilot_two/seed-17999570691447884947/generated.v:18$21_gold ($mux).
Removed top 15 bits (of 22) from mux cell miter.$ternary$research/pilot_two/seed-17999570691447884947/generated.v:27$40_gold ($mux).
Removed top 2 bits (of 3) from port A of cell miter.$xnor$research/pilot_two/seed-17999570691447884947/generated.v:16$18_gold ($xnor).
Removed top 2 bits (of 3) from port B of cell miter.$xnor$research/pilot_two/seed-17999570691447884947/generated.v:16$18_gold ($xnor).
Removed top 10 bits (of 18) from port A of cell miter.$lt$research/pilot_two/seed-17999570691447884947/generated.v:16$15_gold ($lt).
Removed top 16 bits (of 20) from mux cell miter.$flatten\modinst163.modinst136.$ternary$research/pilot_two/seed-17999570691447884947/generated.v:290$250_gold ($mux).
Removed top 2 bits (of 69) from wire miter.y_gate.
Removed top 4 bits (of 11) from wire miter.wire5_gate.
Removed top 5 bits (of 21) from wire miter.wire162_gate.
Removed top 15 bits (of 22) from wire miter.reg8_gate.
Removed top 16 bits (of 20) from wire miter.$flatten\modinst163.modinst136.$ternary$research/pilot_two/seed-17999570691447884947/generated.v:290$250_Y_gold.
Removed top 14 bits (of 18) from wire miter.$mul$research/pilot_two/seed-17999570691447884947/generated.v:25$30_Y_gold.
Removed top 17 bits (of 18) from wire miter.$reduce_xor$research/pilot_two/seed-17999570691447884947/generated.v:25$28_Y_gold.
Removed top 15 bits (of 22) from wire miter.$0\reg8[21:0]_gold.
Removed top 9 bits (of 18) from wire miter.$and$research/pilot_two/seed-17999570691447884947/generated.v:18$26_Y_gold.
Removed top 11 bits (of 18) from wire miter.$ternary$research/pilot_two/seed-17999570691447884947/generated.v:19$25_Y_gold.
Removed top 17 bits (of 18) from wire miter.$logic_not$research/pilot_two/seed-17999570691447884947/generated.v:20$23_Y_gold.
Removed top 9 bits (of 18) from wire miter.$ternary$research/pilot_two/seed-17999570691447884947/generated.v:18$21_Y_gold.
Removed top 14 bits (of 18) from wire miter.$ternary$research/pilot_two/seed-17999570691447884947/generated.v:25$35_Y_gold.
Removed top 14 bits (of 18) from wire miter.$xor$research/pilot_two/seed-17999570691447884947/generated.v:26$34_Y_gold.
Removed top 2 bits (of 3) from wire miter.$reduce_xnor$research/pilot_two/seed-17999570691447884947/generated.v:17$17_Y_gold.
Removed top 2 bits (of 3) from wire miter.$reduce_or$research/pilot_two/seed-17999570691447884947/generated.v:16$16_Y_gold.
Removed top 5 bits (of 21) from wire miter.wire162_gold.
Removed top 2 bits (of 11) from wire miter.wire5_gold.

11.9. Executing OPT_CLEAN pass (remove unused cells and wires).
Finding unused cells or wires in module \miter..
Removed 0 unused cells and 21 unused wires.
<suppressed ~1 debug messages>

11.10. Executing MEMORY_COLLECT pass (generating $mem cells).

11.11. Executing OPT pass (performing simple optimizations).

11.11.1. Executing OPT_EXPR pass (perform const folding).
Optimizing module miter.

11.11.2. Executing OPT_MERGE pass (detect identical cells).
Finding identical cells in module `\miter'.
Computing hashes of 319 cells of `\miter'.
Finding duplicate cells in `\miter'.
Removed a total of 0 cells.

11.11.3. Executing OPT_CLEAN pass (remove unused cells and wires).
Finding unused cells or wires in module \miter..

11.11.4. Finished fast OPT passes.

11.12. Executing SORT pass.

11.13. Printing statistics.

=== miter ===

        +----------Local Count, excluding submodules.
        | 
      716 wires
     9075 wire bits
      631 public wires
     8811 public wire bits
        6 ports
      144 port bits
      319 cells
       44   $and
       13   $dff
       52   $equiv
        1   $le
        1   $logic_not
        1   $lt
        1   $mul
       14   $mux
       63   $not
       81   $or
        1   $reduce_and
        3   $reduce_bool
        1   $reduce_or
        1   $reduce_xnor
        2   $reduce_xor
        3   $scopeinfo
        1   $shr
        1   $sub
        1   $xnor
       34   $xor

11.14. Executing CHECK pass (checking for obvious problems).
Checking module miter...
Found and reported 0 problems.

12. Executing EQUIV_SIMPLE pass.
Found 39 unproven $equiv cells (4 groups) in miter:
 Grouping SAT models for { \y [68:63] \y [61:60] \y [47:29] \y [27:22] \y [6:4] }:
  Trying to prove $equiv for \y [4]:ezsat
 success!
  Trying to prove $equiv for \y [5]:ezsat
 success!
  Trying to prove $equiv for \y [6]:ezsat
 success!
  Trying to prove $equiv for \y [22]:ezsat
ezsat
 success!
  Trying to prove $equiv for \y [23]:ezsat
 success!
  Trying to prove $equiv for \y [24]:ezsat
 success!
  Trying to prove $equiv for \y [25]:ezsat
 success!
  Trying to prove $equiv for \y [26]:ezsat
 success!
  Trying to prove $equiv for \y [27]:ezsat
 success!
  Trying to prove $equiv for \y [29]:ezsat
 success!
  Trying to prove $equiv for \y [30]:ezsat
 success!
  Trying to prove $equiv for \y [31]:ezsat
 success!
  Trying to prove $equiv for \y [32]:ezsat
 success!
  Trying to prove $equiv for \y [33]:ezsat
 success!
  Trying to prove $equiv for \y [34]:ezsat
 success!
  Trying to prove $equiv for \y [35]:ezsat
 success!
  Trying to prove $equiv for \y [36]:ezsat
 success!
  Trying to prove $equiv for \y [37]:ezsat
 success!
  Trying to prove $equiv for \y [38]:ezsat
 success!
  Trying to prove $equiv for \y [39]:ezsat
 success!
  Trying to prove $equiv for \y [40]:ezsat
 success!
  Trying to prove $equiv for \y [41]:ezsat
 success!
  Trying to prove $equiv for \y [42]:ezsat
 success!
  Trying to prove $equiv for \y [43]:ezsat
 success!
  Trying to prove $equiv for \y [44]:ezsat
ezsat
 success!
  Trying to prove $equiv for \y [45]:ezsat
ezsat
 success!
  Trying to prove $equiv for \y [46]:ezsat
ezsat
 success!
  Trying to prove $equiv for \y [47]:ezsat
ezsat
 success!
  Trying to prove $equiv for \y [60]:ezsat
 success!
  Trying to prove $equiv for \y [61]:ezsat
 success!
  Trying to prove $equiv for \y [63]:ezsat
 success!
  Trying to prove $equiv for \y [64]:ezsat
 success!
  Trying to prove $equiv for \y [65]:ezsat
 success!
  Trying to prove $equiv for \y [66]:ezsat
 success!
  Trying to prove $equiv for \y [67]:ezsat
 success!
  Trying to prove $equiv for \y [68]:ezsat
 success!
  Trying to prove $equiv for \modinst163._267__gate:ezsat
ezsat
 success!
  Trying to prove $equiv for \modinst163._030__gate:ezsat
 success!
  Trying to prove $equiv for \modinst163.modinst92._0536__gate:ezsat
 success!
Proved 39 previously unproven $equiv cells.

13. Executing EQUIV_STATUS pass.
Found 52 $equiv cells in miter:
  Of those cells 52 are proven and 0 are unproven.
  Equivalence successfully proven!

End of script. Logfile hash: c62df49fd0, time: 0.44s, user: 0.42s, system: 0.02s, MEM: 45.45 MB peak
Yosys 0.69+ (git sha1 e8db64c60, Release, Clang /usr/bin/clang++ 18.1.3)
Time spent: 34% 4x read_verilog (0 sec), 14% 9x opt_clean (0 sec), ...
