[  0%] Building kernel/version_5706e90.cc
[  0%] Building kernel/driver.o
[  0%] Building techlibs/common/simlib_help.inc
[  0%] Building techlibs/common/simcells_help.inc
[  1%] Building kernel/rtlil.o
[  2%] Building kernel/log.o
[  2%] Building kernel/calc.o
[  3%] Building kernel/yosys.o
[  3%] Building kernel/cellaigs.o
[  4%] Building kernel/celledges.o
[  4%] Building libs/bigint/BigIntegerAlgorithms.o
[  5%] Building libs/bigint/BigInteger.o
[  5%] Building libs/bigint/BigIntegerUtils.o
[  6%] Building libs/bigint/BigUnsigned.o
[  6%] Building libs/bigint/BigUnsignedInABase.o
[  7%] Building libs/sha1/sha1.o
[  7%] Building libs/subcircuit/subcircuit.o
[  8%] Building libs/ezsat/ezsat.o
[  8%] Building libs/ezsat/ezminisat.o
[  9%] Building libs/minisat/Options.o
[  9%] Building libs/minisat/SimpSolver.o
[  9%] Building libs/minisat/Solver.o
[ 10%] Building libs/minisat/System.o
[ 10%] Building frontends/ast/ast.o
[ 11%] Building frontends/ast/simplify.o
[ 11%] Building frontends/ast/genrtlil.o
[ 12%] Building frontends/ast/dpicall.o
[ 12%] Building frontends/blif/blifparse.o
[ 12%] Building frontends/ilang/ilang_parser.tab.cc
frontends/ilang/ilang_parser.y:46.1-38: warning: deprecated directive: '%name-prefix "rtlil_frontend_ilang_yy"', use '%define api.prefix {rtlil_frontend_ilang_yy}' [-Wdeprecated]
   46 | %name-prefix "rtlil_frontend_ilang_yy"
      | ^~~~~~~~~~~~~~~~~~~~~~~~~~~~~~~~~~~~~~
      | %define api.prefix {rtlil_frontend_ilang_yy}
frontends/ilang/ilang_parser.y: warning: fix-its can be applied.  Rerun with option '--update'. [-Wother]
[ 12%] Building frontends/ilang/ilang_lexer.cc
[ 14%] Building frontends/ilang/ilang_frontend.o
[ 14%] Building frontends/json/jsonparse.o
[ 15%] Building frontends/liberty/liberty.o
[ 15%] Building frontends/verific/verific.o
frontends/verific/verific.cc:1679:6: warning: unused function 'check_noverific_env' [-Wunused-function]
bool check_noverific_env()
     ^
1 warning generated.
[ 15%] Building frontends/verilog/verilog_parser.tab.cc
frontends/verilog/verilog_parser.y:95.1-34: warning: deprecated directive: '%name-prefix "frontend_verilog_yy"', use '%define api.prefix {frontend_verilog_yy}' [-Wdeprecated]
   95 | %name-prefix "frontend_verilog_yy"
      | ^~~~~~~~~~~~~~~~~~~~~~~~~~~~~~~~~~
      | %define api.prefix {frontend_verilog_yy}
frontends/verilog/verilog_parser.y: warning: fix-its can be applied.  Rerun with option '--update'. [-Wother]
[ 15%] Building frontends/verilog/verilog_lexer.cc
[ 17%] Building frontends/verilog/preproc.o
[ 17%] Building frontends/verilog/verilog_frontend.o
[ 18%] Building frontends/verilog/const2ast.o
[ 18%] Building passes/cmds/add.o
[ 18%] Building passes/cmds/delete.o
[ 19%] Building passes/cmds/design.o
[ 19%] Building passes/cmds/select.o
[ 20%] Building passes/cmds/show.o
[ 20%] Building passes/cmds/rename.o
[ 21%] Building passes/cmds/connect.o
[ 21%] Building passes/cmds/scatter.o
[ 22%] Building passes/cmds/setundef.o
[ 22%] Building passes/cmds/splitnets.o
[ 23%] Building passes/cmds/stat.o
[ 23%] Building passes/cmds/setattr.o
[ 24%] Building passes/cmds/copy.o
[ 24%] Building passes/cmds/splice.o
[ 25%] Building passes/cmds/scc.o
[ 25%] Building passes/cmds/torder.o
[ 26%] Building passes/cmds/logcmd.o
[ 26%] Building passes/cmds/tee.o
[ 27%] Building passes/cmds/write_file.o
[ 27%] Building passes/cmds/connwrappers.o
[ 27%] Building passes/cmds/cover.o
[ 28%] Building passes/cmds/trace.o
[ 28%] Building passes/cmds/plugin.o
[ 29%] Building passes/cmds/check.o
[ 29%] Building passes/cmds/qwp.o
[ 30%] Building passes/cmds/edgetypes.o
[ 30%] Building passes/cmds/chformal.o
[ 31%] Building passes/cmds/chtype.o
[ 31%] Building passes/cmds/blackbox.o
[ 32%] Building passes/cmds/ltp.o
[ 32%] Building passes/equiv/equiv_make.o
[ 33%] Building passes/equiv/equiv_miter.o
[ 33%] Building passes/equiv/equiv_simple.o
[ 34%] Building passes/equiv/equiv_status.o
[ 34%] Building passes/equiv/equiv_add.o
[ 35%] Building passes/equiv/equiv_remove.o
[ 35%] Building passes/equiv/equiv_induct.o
[ 36%] Building passes/equiv/equiv_struct.o
[ 36%] Building passes/equiv/equiv_purge.o
[ 36%] Building passes/equiv/equiv_mark.o
[ 37%] Building passes/fsm/fsm.o
[ 37%] Building passes/fsm/fsm_detect.o
[ 38%] Building passes/fsm/fsm_extract.o
[ 38%] Building passes/fsm/fsm_opt.o
[ 39%] Building passes/fsm/fsm_expand.o
[ 39%] Building passes/fsm/fsm_recode.o
[ 40%] Building passes/fsm/fsm_info.o
[ 40%] Building passes/fsm/fsm_export.o
[ 41%] Building passes/fsm/fsm_map.o
[ 41%] Building passes/hierarchy/hierarchy.o
[ 42%] Building passes/hierarchy/uniquify.o
[ 42%] Building passes/hierarchy/submod.o
[ 43%] Building passes/memory/memory.o
[ 43%] Building passes/memory/memory_dff.o
[ 44%] Building passes/memory/memory_share.o
[ 44%] Building passes/memory/memory_collect.o
[ 45%] Building passes/memory/memory_unpack.o
[ 45%] Building passes/memory/memory_bram.o
[ 45%] Building passes/memory/memory_map.o
[ 46%] Building passes/memory/memory_memx.o
[ 46%] Building passes/memory/memory_nordff.o
[ 47%] Building passes/opt/opt.o
[ 47%] Building passes/opt/opt_merge.o
[ 48%] Building passes/opt/opt_muxtree.o
[ 48%] Building passes/opt/opt_reduce.o
[ 49%] Building passes/opt/opt_rmdff.o
[ 49%] Building passes/opt/opt_clean.o
[ 50%] Building passes/opt/opt_expr.o
[ 50%] Building passes/opt/share.o
[ 51%] Building passes/opt/wreduce.o
[ 51%] Building passes/opt/opt_demorgan.o
[ 52%] Building passes/opt/rmports.o
[ 52%] Building passes/proc/proc.o
[ 53%] Building passes/proc/proc_clean.o
[ 53%] Building passes/proc/proc_rmdead.o
[ 54%] Building passes/proc/proc_init.o
[ 54%] Building passes/proc/proc_arst.o
[ 54%] Building passes/proc/proc_mux.o
[ 55%] Building passes/proc/proc_dlatch.o
[ 55%] Building passes/proc/proc_dff.o
[ 56%] Building passes/sat/sat.o
[ 56%] Building passes/sat/freduce.o
[ 57%] Building passes/sat/eval.o
[ 57%] Building passes/sat/sim.o
[ 58%] Building passes/sat/miter.o
[ 58%] Building passes/sat/expose.o
[ 59%] Building passes/sat/assertpmux.o
[ 59%] Building passes/sat/clk2fflogic.o
[ 60%] Building passes/sat/async2sync.o
[ 60%] Building passes/techmap/techmap.inc
[ 61%] Building passes/techmap/simplemap.o
[ 61%] Building passes/techmap/dfflibmap.o
[ 62%] Building passes/techmap/maccmap.o
[ 62%] Building passes/techmap/libparse.o
[ 63%] Building passes/techmap/abc.o
[ 63%] Building passes/techmap/iopadmap.o
[ 63%] Building passes/techmap/hilomap.o
[ 64%] Building passes/techmap/extract.o
[ 64%] Building passes/techmap/extract_fa.o
[ 65%] Building passes/techmap/extract_counter.o
[ 65%] Building passes/techmap/extract_reduce.o
[ 66%] Building passes/techmap/alumacc.o
[ 66%] Building passes/techmap/dff2dffe.o
[ 67%] Building passes/techmap/dffinit.o
[ 67%] Building passes/techmap/pmuxtree.o
[ 68%] Building passes/techmap/muxcover.o
[ 68%] Building passes/techmap/aigmap.o
[ 69%] Building passes/techmap/tribuf.o
[ 69%] Building passes/techmap/lut2mux.o
[ 70%] Building passes/techmap/nlutmap.o
[ 70%] Building passes/techmap/dffsr2dff.o
[ 71%] Building passes/techmap/shregmap.o
[ 71%] Building passes/techmap/deminout.o
[ 72%] Building passes/techmap/insbuf.o
[ 72%] Building passes/techmap/attrmvcp.o
[ 72%] Building passes/techmap/attrmap.o
[ 73%] Building passes/techmap/zinit.o
[ 73%] Building passes/techmap/dff2dffs.o
[ 74%] Building passes/tests/test_autotb.o
[ 74%] Building passes/tests/test_cell.o
[ 75%] Building passes/tests/test_abcloop.o
[ 75%] Building backends/aiger/aiger.o
[ 76%] Building backends/blif/blif.o
[ 76%] Building backends/btor/btor.o
[ 77%] Building backends/edif/edif.o
[ 77%] Building backends/firrtl/firrtl.o
backends/firrtl/firrtl.cc:323:9: warning: use of bitwise '&' with boolean operands [-Wbitwise-instead-of-logical]
                                if (cell->parameters.at("\\A_SIGNED").as_bool()  & (cell->type == "$shr")) {
                                    ^~~~~~~~~~~~~~~~~~~~~~~~~~~~~~~~~~~~~~~~~~~~~~~~~~~~~~~~~~~~~~~~~~~~~
                                                                                 &&
backends/firrtl/firrtl.cc:323:9: note: cast one or both operands to int to silence this warning
backends/firrtl/firrtl.cc:346:9: warning: use of bitwise '|' with boolean operands [-Wbitwise-instead-of-logical]
                                if ((cell->type == "$eq") | (cell->type == "$eqx")) {
                                    ^~~~~~~~~~~~~~~~~~~~~~~~~~~~~~~~~~~~~~~~~~~~~~
                                                          ||
backends/firrtl/firrtl.cc:346:9: note: cast one or both operands to int to silence this warning
backends/firrtl/firrtl.cc:350:9: warning: use of bitwise '|' with boolean operands [-Wbitwise-instead-of-logical]
                                if ((cell->type == "$ne") | (cell->type == "$nex")) {
                                    ^~~~~~~~~~~~~~~~~~~~~~~~~~~~~~~~~~~~~~~~~~~~~~
                                                          ||
backends/firrtl/firrtl.cc:350:9: note: cast one or both operands to int to silence this warning
backends/firrtl/firrtl.cc:370:9: warning: use of bitwise '|' with boolean operands [-Wbitwise-instead-of-logical]
                                if ((cell->type == "$shl") | (cell->type == "$sshl")) primop = "dshl";
                                    ^~~~~~~~~~~~~~~~~~~~~~~~~~~~~~~~~~~~~~~~~~~~~~~~
                                                           ||
backends/firrtl/firrtl.cc:370:9: note: cast one or both operands to int to silence this warning
backends/firrtl/firrtl.cc:371:9: warning: use of bitwise '|' with boolean operands [-Wbitwise-instead-of-logical]
                                if ((cell->type == "$shr") | (cell->type == "$sshr")) primop = "dshr";
                                    ^~~~~~~~~~~~~~~~~~~~~~~~~~~~~~~~~~~~~~~~~~~~~~~~
                                                           ||
backends/firrtl/firrtl.cc:371:9: note: cast one or both operands to int to silence this warning
[ 78%] Building backends/ilang/ilang_backend.o
5 warnings generated.
[ 78%] Building backends/intersynth/intersynth.o
[ 79%] Building backends/json/json.o
[ 79%] Building backends/simplec/simplec.o
[ 80%] Building backends/smt2/smt2.o
[ 80%] Building backends/smv/smv.o
[ 81%] Building backends/spice/spice.o
[ 81%] Building backends/table/table.o
[ 81%] Building backends/verilog/verilog_backend.o
[ 82%] Building techlibs/achronix/synth_achronix.o
[ 82%] Building techlibs/common/synth.o
[ 83%] Building techlibs/common/prep.o
[ 83%] Building techlibs/coolrunner2/synth_coolrunner2.o
[ 84%] Building techlibs/coolrunner2/coolrunner2_sop.o
[ 84%] Building techlibs/easic/synth_easic.o
[ 85%] Building techlibs/ecp5/synth_ecp5.o
[ 85%] Building techlibs/gowin/synth_gowin.o
[ 86%] Building techlibs/greenpak4/synth_greenpak4.o
[ 86%] Building techlibs/greenpak4/greenpak4_dffinv.o
[ 87%] Building techlibs/ice40/synth_ice40.o
[ 87%] Building techlibs/ice40/ice40_ffssr.o
[ 88%] Building techlibs/ice40/ice40_ffinit.o
[ 88%] Building techlibs/ice40/ice40_opt.o
[ 89%] Building techlibs/intel/synth_intel.o
[ 89%] Building techlibs/xilinx/synth_xilinx.o
[ 99%] Building yosys-config
[ 99%] Building abc/abc-ae6716b
Pulling ABC from https://github.com/berkeley-abc/abc:
+ test -d abc
+ git clone https://github.com/berkeley-abc/abc abc
Cloning into 'abc'...
[ 99%] Building passes/techmap/filterlib.o
[ 99%] Building yosys-smtbmc
[ 99%] Building share/include/kernel/yosys.h
[ 99%] Building share/include/kernel/hashlib.h
[ 99%] Building share/include/kernel/log.h
[ 99%] Building share/include/kernel/rtlil.h
[ 99%] Building share/include/kernel/register.h
[ 99%] Building share/include/kernel/celltypes.h
[ 99%] Building share/include/kernel/celledges.h
[ 99%] Building share/include/kernel/consteval.h
[ 99%] Building share/include/kernel/sigtools.h
[ 99%] Building share/include/kernel/modtools.h
[ 99%] Building share/include/kernel/macc.h
[ 99%] Building share/include/kernel/utils.h
[ 99%] Building share/include/kernel/satgen.h
[ 99%] Building share/include/libs/ezsat/ezsat.h
[ 99%] Building share/include/libs/ezsat/ezminisat.h
[ 99%] Building share/include/libs/sha1/sha1.h
[ 99%] Building share/include/passes/fsm/fsmdata.h
[ 99%] Building share/include/frontends/ast/ast.h
[ 99%] Building share/include/backends/ilang/ilang_backend.h
[ 99%] Building share/python3/smtio.py
[ 99%] Building share/achronix/speedster22i/cells_sim.v
[ 99%] Building share/achronix/speedster22i/cells_map.v
[ 99%] Building share/simlib.v
[ 99%] Building share/simcells.v
[ 99%] Building share/techmap.v
[ 99%] Building share/pmux2mux.v
[ 99%] Building share/adff2dff.v
[ 99%] Building share/dff2ff.v
[ 99%] Building share/cells.lib
[ 99%] Building share/coolrunner2/cells_latch.v
[ 99%] Building share/coolrunner2/cells_sim.v
[ 99%] Building share/coolrunner2/tff_extract.v
[ 99%] Building share/coolrunner2/xc2_dff.lib
[ 99%] Building share/ecp5/cells_map.v
[ 99%] Building share/ecp5/cells_sim.v
[ 99%] Building share/ecp5/drams_map.v
[ 99%] Building share/ecp5/dram.txt
[ 99%] Building share/ecp5/arith_map.v
[ 99%] Building share/gowin/cells_map.v
[ 99%] Building share/gowin/cells_sim.v
[ 99%] Building share/greenpak4/cells_blackbox.v
[ 99%] Building share/greenpak4/cells_latch.v
[ 99%] Building share/greenpak4/cells_map.v
[ 99%] Building share/greenpak4/cells_sim.v
[ 99%] Building share/greenpak4/cells_sim_ams.v
[ 99%] Building share/greenpak4/cells_sim_digital.v
[ 99%] Building share/greenpak4/cells_sim_wip.v
[ 99%] Building share/greenpak4/gp_dff.lib
[ 99%] Building share/ice40/arith_map.v
[ 99%] Building share/ice40/cells_map.v
[ 99%] Building share/ice40/cells_sim.v
[ 99%] Building share/ice40/latches_map.v
[ 99%] Building share/ice40/brams.txt
[ 99%] Building share/ice40/brams_map.v
[ 99%] Building techlibs/ice40/brams_init.mk
[ 99%] Building share/intel/common/m9k_bb.v
[ 99%] Building share/intel/common/altpll_bb.v
[ 99%] Building share/intel/common/brams.txt
[ 99%] Building share/intel/common/brams_map.v
[ 99%] Building share/intel/max10/cells_sim.v
[ 99%] Building share/intel/a10gx/cells_sim.v
[ 99%] Building share/intel/cyclonev/cells_sim.v
[ 99%] Building share/intel/cyclone10/cells_sim.v
[ 99%] Building share/intel/cycloneiv/cells_sim.v
[ 99%] Building share/intel/cycloneive/cells_sim.v
[ 99%] Building share/intel/max10/cells_map.v
[ 99%] Building share/intel/a10gx/cells_map.v
[ 99%] Building share/intel/cyclonev/cells_map.v
[ 99%] Building share/intel/cyclone10/cells_map.v
[ 99%] Building share/intel/cycloneiv/cells_map.v
[ 99%] Building share/intel/cycloneive/cells_map.v
[ 99%] Building share/xilinx/cells_map.v
[ 99%] Building share/xilinx/cells_sim.v
[ 99%] Building share/xilinx/cells_xtra.v
[ 99%] Building share/xilinx/brams.txt
[ 99%] Building share/xilinx/brams_map.v
[ 99%] Building share/xilinx/brams_bb.v
[ 99%] Building share/xilinx/drams.txt
[ 99%] Building share/xilinx/drams_map.v
[ 99%] Building share/xilinx/arith_map.v
[ 99%] Building share/xilinx/lut2lut.v
[ 99%] Building techlibs/xilinx/brams_init.mk
[ 99%] Building kernel/version_5706e90.o
[ 99%] Building kernel/register.o
[ 99%] Building frontends/ilang/ilang_parser.tab.o
+ cd abc
+ make DEP= clean
make[1]: Entering directory '/tmp/yosys/abc'
`` Cleaning up...
removed 'arch_flags'
make[1]: Leaving directory '/tmp/yosys/abc'
+ git fetch origin master
From https://github.com/berkeley-abc/abc
 * branch                master     -> FETCH_HEAD
+ git checkout ae6716b
Note: switching to 'ae6716b'.

You are in 'detached HEAD' state. You can look around, make experimental
changes and commit them, and you can discard any commits you make in this
state without impacting any branches by switching back to a branch.

If you want to create a new branch to retain commits you create, you may
do so (now or later) by using -c with the switch command. Example:

  git switch -c <new-branch-name>

Or undo this operation with:

  git switch -

Turn off this advice by setting config variable advice.detachedHead to false

HEAD is now at ae6716b06 Counting ones in truth table.
[ 94%] ABC: Using CC=clang
[ 94%] ABC: Using CXX=clang
[ 94%] ABC: Using LD=clang
[ 94%] ABC: Compiling with CUDD
[ 94%] ABC: Using libreadline
[ 94%] ABC: Using pthreads
[ 94%] ABC: Using explicit -lstdc++
[ 94%] ABC: Using CFLAGS=-Wall -Wno-unused-function -Wno-write-strings -Wno-sign-compare -DABC_USE_STDINT_H -DABC_USE_CUDD=1 -DABC_USE_READLINE  -DABC_USE_PTHREADS
[ 94%] ABC: `` Generating dependency: /src/bdd/llb/llb4Sweep.c
[ 94%] ABC: `` Generating dependency: /src/bdd/llb/llb4Nonlin.c
[ 94%] ABC: `` Generating dependency: /src/bdd/llb/llb4Image.c
[ 94%] ABC: `` Generating dependency: /src/bdd/llb/llb4Cex.c
[ 94%] ABC: `` Generating dependency: /src/bdd/llb/llb3Nonlin.c
[ 94%] ABC: `` Generating dependency: /src/bdd/llb/llb3Image.c
[ 94%] ABC: `` Generating dependency: /src/bdd/llb/llb2Image.c
[ 94%] ABC: `` Generating dependency: /src/bdd/llb/llb2Flow.c
[ 94%] ABC: `` Generating dependency: /src/bdd/llb/llb2Dump.c
[ 99%] Building frontends/ilang/ilang_lexer.o
[ 94%] ABC: `` Generating dependency: /src/bdd/llb/llb2Driver.c
[ 94%] ABC: `` Generating dependency: /src/bdd/llb/llb2Core.c
[ 94%] ABC: `` Generating dependency: /src/bdd/llb/llb2Bad.c
[ 94%] ABC: `` Generating dependency: /src/bdd/llb/llb1Sched.c
[ 94%] ABC: `` Generating dependency: /src/bdd/llb/llb1Reach.c
[ 94%] ABC: `` Generating dependency: /src/bdd/llb/llb1Pivot.c
[ 94%] ABC: `` Generating dependency: /src/bdd/llb/llb1Matrix.c
[ 94%] ABC: `` Generating dependency: /src/bdd/llb/llb1Man.c
[ 94%] ABC: `` Generating dependency: /src/bdd/llb/llb1Hint.c
[ 94%] ABC: `` Generating dependency: /src/bdd/llb/llb1Group.c
[ 94%] ABC: `` Generating dependency: /src/bdd/llb/llb1Core.c
[ 94%] ABC: `` Generating dependency: /src/bdd/llb/llb1Constr.c
[ 94%] ABC: `` Generating dependency: /src/bdd/llb/llb1Cluster.c
[ 94%] ABC: `` Generating dependency: /src/bdd/bbr/bbrReach.c
[ 94%] ABC: `` Generating dependency: /src/bdd/bbr/bbrNtbdd.c
[ 94%] ABC: `` Generating dependency: /src/bdd/bbr/bbrImage.c
[ 94%] ABC: `` Generating dependency: /src/bdd/bbr/bbrCex.c
[ 94%] ABC: `` Generating dependency: /src/bdd/cas/casDec.c
[ 94%] ABC: `` Generating dependency: /src/bdd/cas/casCore.c
[ 94%] ABC: `` Generating dependency: /src/bdd/reo/reoUnits.c
[ 94%] ABC: `` Generating dependency: /src/bdd/reo/reoTransfer.c
[ 94%] ABC: `` Generating dependency: /src/bdd/reo/reoSwap.c
[ 94%] ABC: `` Generating dependency: /src/bdd/reo/reoSift.c
[ 94%] ABC: `` Generating dependency: /src/bdd/reo/reoShuffle.c
[ 94%] ABC: `` Generating dependency: /src/bdd/reo/reoProfile.c
[ 99%] Building frontends/verilog/verilog_parser.tab.o
[ 94%] ABC: `` Generating dependency: /src/bdd/reo/reoCore.c
[ 94%] ABC: `` Generating dependency: /src/bdd/reo/reoApi.c
[ 94%] ABC: `` Generating dependency: /src/bdd/mtr/mtrGroup.c
[ 94%] ABC: `` Generating dependency: /src/bdd/mtr/mtrBasic.c
[ 94%] ABC: `` Generating dependency: /src/bdd/epd/epd.c
[ 94%] ABC: `` Generating dependency: /src/bdd/dsd/dsdTree.c
[ 94%] ABC: `` Generating dependency: /src/bdd/dsd/dsdProc.c
[ 94%] ABC: `` Generating dependency: /src/bdd/dsd/dsdMan.c
[ 94%] ABC: `` Generating dependency: /src/bdd/dsd/dsdLocal.c
[ 94%] ABC: `` Generating dependency: /src/bdd/dsd/dsdCheck.c
[ 94%] ABC: `` Generating dependency: /src/bdd/dsd/dsdApi.c
[ 94%] ABC: `` Generating dependency: /src/bdd/extrab/extraBddUnate.c
[ 94%] ABC: `` Generating dependency: /src/bdd/extrab/extraBddTime.c
[ 94%] ABC: `` Generating dependency: /src/bdd/extrab/extraBddThresh.c
[ 94%] ABC: `` Generating dependency: /src/bdd/extrab/extraBddSymm.c
[ 94%] ABC: `` Generating dependency: /src/bdd/extrab/extraBddMisc.c
[ 94%] ABC: `` Generating dependency: /src/bdd/extrab/extraBddKmap.c
[ 94%] ABC: `` Generating dependency: /src/bdd/extrab/extraBddImage.c
[ 94%] ABC: `` Generating dependency: /src/bdd/extrab/extraBddCas.c
[ 94%] ABC: `` Generating dependency: /src/bdd/extrab/extraBddAuto.c
[ 94%] ABC: `` Generating dependency: /src/bdd/cudd/cuddZddUtil.c
[ 94%] ABC: `` Generating dependency: /src/bdd/cudd/cuddZddSymm.c
[ 94%] ABC: `` Generating dependency: /src/bdd/cudd/cuddZddSetop.c
[ 94%] ABC: `` Generating dependency: /src/bdd/cudd/cuddZddReord.c
[ 94%] ABC: `` Generating dependency: /src/bdd/cudd/cuddZddPort.c
[ 94%] ABC: `` Generating dependency: /src/bdd/cudd/cuddZddMisc.c
[ 94%] ABC: `` Generating dependency: /src/bdd/cudd/cuddZddLin.c
[ 94%] ABC: `` Generating dependency: /src/bdd/cudd/cuddZddIsop.c
[ 94%] ABC: `` Generating dependency: /src/bdd/cudd/cuddZddGroup.c
[ 94%] ABC: `` Generating dependency: /src/bdd/cudd/cuddZddFuncs.c
[ 94%] ABC: `` Generating dependency: /src/bdd/cudd/cuddZddCount.c
[ 94%] ABC: `` Generating dependency: /src/bdd/cudd/cuddWindow.c
[ 94%] ABC: `` Generating dependency: /src/bdd/cudd/cuddUtil.c
[ 94%] ABC: `` Generating dependency: /src/bdd/cudd/cuddTable.c
[ 94%] ABC: `` Generating dependency: /src/bdd/cudd/cuddSymmetry.c
[ 94%] ABC: `` Generating dependency: /src/bdd/cudd/cuddSubsetSP.c
[ 94%] ABC: `` Generating dependency: /src/bdd/cudd/cuddSubsetHB.c
[ 94%] ABC: `` Generating dependency: /src/bdd/cudd/cuddSplit.c
[ 94%] ABC: `` Generating dependency: /src/bdd/cudd/cuddSolve.c
[ 94%] ABC: `` Generating dependency: /src/bdd/cudd/cuddSign.c
[ 94%] ABC: `` Generating dependency: /src/bdd/cudd/cuddSat.c
[ 94%] ABC: `` Generating dependency: /src/bdd/cudd/cuddReorder.c
[ 94%] ABC: `` Generating dependency: /src/bdd/cudd/cuddRef.c
[ 94%] ABC: `` Generating dependency: /src/bdd/cudd/cuddRead.c
[ 94%] ABC: `` Generating dependency: /src/bdd/cudd/cuddPriority.c
[ 94%] ABC: `` Generating dependency: /src/bdd/cudd/cuddMatMult.c
[ 94%] ABC: `` Generating dependency: /src/bdd/cudd/cuddLiteral.c
[ 94%] ABC: `` Generating dependency: /src/bdd/cudd/cuddLinear.c
[ 94%] ABC: `` Generating dependency: /src/bdd/cudd/cuddLevelQ.c
[ 94%] ABC: `` Generating dependency: /src/bdd/cudd/cuddLCache.c
[ 94%] ABC: `` Generating dependency: /src/bdd/cudd/cuddInteract.c
[ 94%] ABC: `` Generating dependency: /src/bdd/cudd/cuddInit.c
[ 94%] ABC: `` Generating dependency: /src/bdd/cudd/cuddHarwell.c
[ 94%] ABC: `` Generating dependency: /src/bdd/cudd/cuddGroup.c
[ 94%] ABC: `` Generating dependency: /src/bdd/cudd/cuddGenetic.c
[ 94%] ABC: `` Generating dependency: /src/bdd/cudd/cuddGenCof.c
[ 94%] ABC: `` Generating dependency: /src/bdd/cudd/cuddExport.c
[ 94%] ABC: `` Generating dependency: /src/bdd/cudd/cuddExact.c
[ 94%] ABC: `` Generating dependency: /src/bdd/cudd/cuddEssent.c
[ 94%] ABC: `` Generating dependency: /src/bdd/cudd/cuddDecomp.c
[ 94%] ABC: `` Generating dependency: /src/bdd/cudd/cuddCompose.c
[ 94%] ABC: `` Generating dependency: /src/bdd/cudd/cuddCof.c
[ 94%] ABC: `` Generating dependency: /src/bdd/cudd/cuddClip.c
[ 94%] ABC: `` Generating dependency: /src/bdd/cudd/cuddCheck.c
[ 94%] ABC: `` Generating dependency: /src/bdd/cudd/cuddCache.c
[ 94%] ABC: `` Generating dependency: /src/bdd/cudd/cuddBridge.c
[ 94%] ABC: `` Generating dependency: /src/bdd/cudd/cuddBddIte.c
[ 94%] ABC: `` Generating dependency: /src/bdd/cudd/cuddBddCorr.c
[ 94%] ABC: `` Generating dependency: /src/bdd/cudd/cuddBddAbs.c
[ 94%] ABC: `` Generating dependency: /src/bdd/cudd/cuddApprox.c
[ 94%] ABC: `` Generating dependency: /src/bdd/cudd/cuddApa.c
[ 94%] ABC: `` Generating dependency: /src/bdd/cudd/cuddAnneal.c
[ 94%] ABC: `` Generating dependency: /src/bdd/cudd/cuddAndAbs.c
[ 94%] ABC: `` Generating dependency: /src/bdd/cudd/cuddAddWalsh.c
[ 94%] ABC: `` Generating dependency: /src/bdd/cudd/cuddAddNeg.c
[ 94%] ABC: `` Generating dependency: /src/bdd/cudd/cuddAddIte.c
[ 94%] ABC: `` Generating dependency: /src/bdd/cudd/cuddAddInv.c
[ 94%] ABC: `` Generating dependency: /src/bdd/cudd/cuddAddFind.c
[ 94%] ABC: `` Generating dependency: /src/bdd/cudd/cuddAddApply.c
[ 94%] ABC: `` Generating dependency: /src/bdd/cudd/cuddAddAbs.c
[ 94%] ABC: `` Generating dependency: /src/bdd/cudd/cuddAPI.c
[ 94%] ABC: `` Generating dependency: /src/aig/hop/hopUtil.c
[ 94%] ABC: `` Generating dependency: /src/aig/hop/hopTruth.c
[ 99%] Building frontends/verilog/verilog_lexer.o
[ 94%] ABC: `` Generating dependency: /src/aig/hop/hopTable.c
[ 94%] ABC: `` Generating dependency: /src/aig/hop/hopOper.c
[ 94%] ABC: `` Generating dependency: /src/aig/hop/hopObj.c
[ 94%] ABC: `` Generating dependency: /src/aig/hop/hopMem.c
[ 94%] ABC: `` Generating dependency: /src/aig/hop/hopMan.c
[ 94%] ABC: `` Generating dependency: /src/aig/hop/hopDfs.c
[ 94%] ABC: `` Generating dependency: /src/aig/hop/hopCheck.c
[ 94%] ABC: `` Generating dependency: /src/aig/hop/hopBalance.c
[ 94%] ABC: `` Generating dependency: /src/aig/ivy/ivyUtil.c
[ 94%] ABC: `` Generating dependency: /src/aig/ivy/ivyTable.c
[ 94%] ABC: `` Generating dependency: /src/aig/ivy/ivyShow.c
[ 94%] ABC: `` Generating dependency: /src/aig/ivy/ivySeq.c
[ 94%] ABC: `` Generating dependency: /src/aig/ivy/ivyRwr.c
[ 94%] ABC: `` Generating dependency: /src/aig/ivy/ivyResyn.c
[ 94%] ABC: `` Generating dependency: /src/aig/ivy/ivyOper.c
[ 94%] ABC: `` Generating dependency: /src/aig/ivy/ivyObj.c
[ 94%] ABC: `` Generating dependency: /src/aig/ivy/ivyMulti.c
[ 94%] ABC: `` Generating dependency: /src/aig/ivy/ivyMem.c
[ 94%] ABC: `` Generating dependency: /src/aig/ivy/ivyMan.c
[ 94%] ABC: `` Generating dependency: /src/aig/ivy/ivyHaig.c
[ 94%] ABC: `` Generating dependency: /src/aig/ivy/ivyFraig.c
[ 94%] ABC: `` Generating dependency: /src/aig/ivy/ivyFastMap.c
[ 94%] ABC: `` Generating dependency: /src/aig/ivy/ivyFanout.c
[ 94%] ABC: `` Generating dependency: /src/aig/ivy/ivyDsd.c
[ 94%] ABC: `` Generating dependency: /src/aig/ivy/ivyDfs.c
[ 94%] ABC: `` Generating dependency: /src/aig/ivy/ivyCutTrav.c
[ 94%] ABC: `` Generating dependency: /src/aig/ivy/ivyCut.c
[ 94%] ABC: `` Generating dependency: /src/aig/ivy/ivyCheck.c
[ 94%] ABC: `` Generating dependency: /src/aig/ivy/ivyCanon.c
[ 94%] ABC: `` Generating dependency: /src/aig/ivy/ivyBalance.c
[ 94%] ABC: `` Generating dependency: /src/aig/ioa/ioaUtil.c
[ 94%] ABC: `` Generating dependency: /src/aig/ioa/ioaWriteAig.c
[ 94%] ABC: `` Generating dependency: /src/aig/ioa/ioaReadAig.c
[ 94%] ABC: `` Generating dependency: /src/aig/gia/giaUtil.c
[ 94%] ABC: `` Generating dependency: /src/aig/gia/giaUnate.c
[ 94%] ABC: `` Generating dependency: /src/aig/gia/giaTsim.c
[ 94%] ABC: `` Generating dependency: /src/aig/gia/giaTruth.c
[ 94%] ABC: `` Generating dependency: /src/aig/gia/giaTis.c
[ 94%] ABC: `` Generating dependency: /src/aig/gia/giaTim.c
[ 94%] ABC: `` Generating dependency: /src/aig/gia/giaSwitch.c
[ 94%] ABC: `` Generating dependency: /src/aig/gia/giaSweeper.c
[ 94%] ABC: `` Generating dependency: /src/aig/gia/giaSweep.c
[ 94%] ABC: `` Generating dependency: /src/aig/gia/giaSupp.c
[ 94%] ABC: `` Generating dependency: /src/aig/gia/giaSupMin.c
[ 94%] ABC: `` Generating dependency: /src/aig/gia/giaStr.c
[ 94%] ABC: `` Generating dependency: /src/aig/gia/giaStg.c
[ 94%] ABC: `` Generating dependency: /src/aig/gia/giaSplit.c
[ 94%] ABC: `` Generating dependency: /src/aig/gia/giaSpeedup.c
[ 94%] ABC: `` Generating dependency: /src/aig/gia/giaSort.c
[ 94%] ABC: `` Generating dependency: /src/aig/gia/giaSim2.c
[ 94%] ABC: `` Generating dependency: /src/aig/gia/giaSim.c
[ 94%] ABC: `` Generating dependency: /src/aig/gia/giaShrink7.c
[ 94%] ABC: `` Generating dependency: /src/aig/gia/giaShrink6.c
[ 94%] ABC: `` Generating dependency: /src/aig/gia/giaShrink.c
[ 94%] ABC: `` Generating dependency: /src/aig/gia/giaShow.c
[ 94%] ABC: `` Generating dependency: /src/aig/gia/giaScript.c
[ 94%] ABC: `` Generating dependency: /src/aig/gia/giaScl.c
[ 94%] ABC: `` Generating dependency: /src/aig/gia/giaSat3.c
[ 94%] ABC: `` Generating dependency: /src/aig/gia/giaSatoko.c
[ 94%] ABC: `` Generating dependency: /src/aig/gia/giaSatMap.c
[ 94%] ABC: `` Generating dependency: /src/aig/gia/giaSatLut.c
[ 94%] ABC: `` Generating dependency: /src/aig/gia/giaSatLE.c
[ 94%] ABC: `` Generating dependency: /src/aig/gia/giaSatEdge.c
[ 94%] ABC: `` Generating dependency: /src/aig/gia/giaRex.c
[ 94%] ABC: `` Generating dependency: /src/aig/gia/giaRetime.c
[ 94%] ABC: `` Generating dependency: /src/aig/gia/giaResub.c
[ 94%] ABC: `` Generating dependency: /src/aig/gia/giaQbf.c
[ 94%] ABC: `` Generating dependency: /src/aig/gia/giaPf.c
[ 94%] ABC: `` Generating dependency: /src/aig/gia/giaPat.c
[ 94%] ABC: `` Generating dependency: /src/aig/gia/giaPack.c
[ 94%] ABC: `` Generating dependency: /src/aig/gia/giaOf.c
[ 94%] ABC: `` Generating dependency: /src/aig/gia/giaNf.c
[ 94%] ABC: `` Generating dependency: /src/aig/gia/giaMuxes.c
[ 94%] ABC: `` Generating dependency: /src/aig/gia/giaMini.c
[ 94%] ABC: `` Generating dependency: /src/aig/gia/giaMfs.c
[ 94%] ABC: `` Generating dependency: /src/aig/gia/giaMem.c
[ 94%] ABC: `` Generating dependency: /src/aig/gia/giaMan.c
[ 94%] ABC: `` Generating dependency: /src/aig/gia/giaMf.c
[ 94%] ABC: `` Generating dependency: /src/aig/gia/giaLf.c
[ 94%] ABC: `` Generating dependency: /src/aig/gia/giaKf.c
[ 94%] ABC: `` Generating dependency: /src/aig/gia/giaJf.c
[ 94%] ABC: `` Generating dependency: /src/aig/gia/giaIso3.c
[ 94%] ABC: `` Generating dependency: /src/aig/gia/giaIso2.c
[ 94%] ABC: `` Generating dependency: /src/aig/gia/giaIso.c
[ 94%] ABC: `` Generating dependency: /src/aig/gia/giaIiff.c
[ 94%] ABC: `` Generating dependency: /src/aig/gia/giaIff.c
[ 94%] ABC: `` Generating dependency: /src/aig/gia/giaIf.c
[ 94%] ABC: `` Generating dependency: /src/aig/gia/giaHash.c
[ 94%] ABC: `` Generating dependency: /src/aig/gia/giaGlitch.c
[ 94%] ABC: `` Generating dependency: /src/aig/gia/giaGig.c
[ 94%] ABC: `` Generating dependency: /src/aig/gia/giaFx.c
[ 94%] ABC: `` Generating dependency: /src/aig/gia/giaFront.c
[ 94%] ABC: `` Generating dependency: /src/aig/gia/giaFrames.c
[ 94%] ABC: `` Generating dependency: /src/aig/gia/giaForce.c
[ 94%] ABC: `` Generating dependency: /src/aig/gia/giaFanout.c
[ 94%] ABC: `` Generating dependency: /src/aig/gia/giaFalse.c
[ 94%] ABC: `` Generating dependency: /src/aig/gia/giaExist.c
[ 94%] ABC: `` Generating dependency: /src/aig/gia/giaEsop.c
[ 94%] ABC: `` Generating dependency: /src/aig/gia/giaEra2.c
[ 94%] ABC: `` Generating dependency: /src/aig/gia/giaEra.c
[ 94%] ABC: `` Generating dependency: /src/aig/gia/giaEquiv.c
[ 94%] ABC: `` Generating dependency: /src/aig/gia/giaEnable.c
[ 94%] ABC: `` Generating dependency: /src/aig/gia/giaEmbed.c
[ 94%] ABC: `` Generating dependency: /src/aig/gia/giaEdge.c
[ 94%] ABC: `` Generating dependency: /src/aig/gia/giaDup.c
[ 94%] ABC: `` Generating dependency: /src/aig/gia/giaDfs.c
[ 94%] ABC: `` Generating dependency: /src/aig/gia/giaCut.c
[ 94%] ABC: `` Generating dependency: /src/aig/gia/giaCTas.c
[ 94%] ABC: `` Generating dependency: /src/aig/gia/giaCSat2.c
[ 94%] ABC: `` Generating dependency: /src/aig/gia/giaCSat.c
[ 94%] ABC: `` Generating dependency: /src/aig/gia/giaCSatOld.c
[ 94%] ABC: `` Generating dependency: /src/aig/gia/giaCone.c
[ 94%] ABC: `` Generating dependency: /src/aig/gia/giaCof.c
[ 94%] ABC: `` Generating dependency: /src/aig/gia/giaClp.c
[ 94%] ABC: `` Generating dependency: /src/aig/gia/giaCex.c
[ 94%] ABC: `` Generating dependency: /src/aig/gia/giaCCof.c
[ 94%] ABC: `` Generating dependency: /src/aig/gia/giaBidec.c
[ 99%] Building passes/techmap/techmap.o
[ 94%] ABC: `` Generating dependency: /src/aig/gia/giaBalMap.c
[ 94%] ABC: `` Generating dependency: /src/aig/gia/giaBalLut.c
[ 94%] ABC: `` Generating dependency: /src/aig/gia/giaBalAig.c
[ 94%] ABC: `` Generating dependency: /src/aig/gia/giaAigerExt.c
[ 94%] ABC: `` Generating dependency: /src/aig/gia/giaAiger.c
[ 94%] ABC: `` Generating dependency: /src/aig/gia/giaAgi.c
[ 94%] ABC: `` Generating dependency: /src/aig/gia/giaAig.c
[ 94%] ABC: `` Generating dependency: /src/aig/saig/saigWnd.c
[ 94%] ABC: `` Generating dependency: /src/aig/saig/saigTrans.c
[ 94%] ABC: `` Generating dependency: /src/aig/saig/saigTempor.c
[ 94%] ABC: `` Generating dependency: /src/aig/saig/saigSynch.c
[ 94%] ABC: `` Generating dependency: /src/aig/saig/saigSwitch.c
[ 94%] ABC: `` Generating dependency: /src/aig/saig/saigStrSim.c
[ 94%] ABC: `` Generating dependency: /src/aig/saig/saigSimSeq.c
[ 94%] ABC: `` Generating dependency: /src/aig/saig/saigSimMv.c
[ 94%] ABC: `` Generating dependency: /src/aig/saig/saigSimFast.c
[ 94%] ABC: `` Generating dependency: /src/aig/saig/saigScl.c
[ 94%] ABC: `` Generating dependency: /src/aig/saig/saigRetStep.c
[ 94%] ABC: `` Generating dependency: /src/aig/saig/saigRetMin.c
[ 94%] ABC: `` Generating dependency: /src/aig/saig/saigRetFwd.c
[ 94%] ABC: `` Generating dependency: /src/aig/saig/saigPhase.c
[ 94%] ABC: `` Generating dependency: /src/aig/saig/saigOutDec.c
[ 94%] ABC: `` Generating dependency: /src/aig/saig/saigMiter.c
[ 94%] ABC: `` Generating dependency: /src/aig/saig/saigIsoSlow.c
[ 94%] ABC: `` Generating dependency: /src/aig/saig/saigIsoFast.c
[ 94%] ABC: `` Generating dependency: /src/aig/saig/saigIso.c
[ 94%] ABC: `` Generating dependency: /src/aig/saig/saigIoa.c
[ 94%] ABC: `` Generating dependency: /src/aig/saig/saigInd.c
[ 94%] ABC: `` Generating dependency: /src/aig/saig/saigDup.c
[ 94%] ABC: `` Generating dependency: /src/aig/saig/saigDual.c
[ 94%] ABC: `` Generating dependency: /src/aig/saig/saigConstr2.c
[ 94%] ABC: `` Generating dependency: /src/aig/saig/saigConstr.c
[ 94%] ABC: `` Generating dependency: /src/aig/saig/saigCone.c
[ 94%] ABC: `` Generating dependency: /src/aig/aig/aigWin.c
[ 94%] ABC: `` Generating dependency: /src/aig/aig/aigUtil.c
[ 94%] ABC: `` Generating dependency: /src/aig/aig/aigTsim.c
[ 94%] ABC: `` Generating dependency: /src/aig/aig/aigTruth.c
[ 94%] ABC: `` Generating dependency: /src/aig/aig/aigTiming.c
[ 94%] ABC: `` Generating dependency: /src/aig/aig/aigTable.c
[ 94%] ABC: `` Generating dependency: /src/aig/aig/aigSplit.c
[ 94%] ABC: `` Generating dependency: /src/aig/aig/aigShow.c
[ 94%] ABC: `` Generating dependency: /src/aig/aig/aigScl.c
[ 94%] ABC: `` Generating dependency: /src/aig/aig/aigRetF.c
[ 94%] ABC: `` Generating dependency: /src/aig/aig/aigRet.c
[ 94%] ABC: `` Generating dependency: /src/aig/aig/aigRepr.c
[ 94%] ABC: `` Generating dependency: /src/aig/aig/aigPartSat.c
[ 94%] ABC: `` Generating dependency: /src/aig/aig/aigPartReg.c
[ 94%] ABC: `` Generating dependency: /src/aig/aig/aigPart.c
[ 94%] ABC: `` Generating dependency: /src/aig/aig/aigPack.c
[ 94%] ABC: `` Generating dependency: /src/aig/aig/aigOrder.c
[ 94%] ABC: `` Generating dependency: /src/aig/aig/aigOper.c
[ 94%] ABC: `` Generating dependency: /src/aig/aig/aigObj.c
[ 94%] ABC: `` Generating dependency: /src/aig/aig/aigMffc.c
[ 94%] ABC: `` Generating dependency: /src/aig/aig/aigMem.c
[ 94%] ABC: `` Generating dependency: /src/aig/aig/aigMan.c
[ 94%] ABC: `` Generating dependency: /src/aig/aig/aigJust.c
[ 94%] ABC: `` Generating dependency: /src/aig/aig/aigInter.c
[ 94%] ABC: `` Generating dependency: /src/aig/aig/aigFrames.c
[ 94%] ABC: `` Generating dependency: /src/aig/aig/aigFanout.c
[ 94%] ABC: `` Generating dependency: /src/aig/aig/aigDup.c
[ 94%] ABC: `` Generating dependency: /src/aig/aig/aigDfs.c
[ 94%] ABC: `` Generating dependency: /src/aig/aig/aigCuts.c
[ 94%] ABC: `` Generating dependency: /src/aig/aig/aigCanon.c
[ 94%] ABC: `` Generating dependency: /src/aig/aig/aigCheck.c
[ 94%] ABC: `` Generating dependency: /src/proof/ssw/sswUnique.c
[ 94%] ABC: `` Generating dependency: /src/proof/ssw/sswSweep.c
[ 94%] ABC: `` Generating dependency: /src/proof/ssw/sswSimSat.c
[ 94%] ABC: `` Generating dependency: /src/proof/ssw/sswSim.c
[ 94%] ABC: `` Generating dependency: /src/proof/ssw/sswSemi.c
[ 94%] ABC: `` Generating dependency: /src/proof/ssw/sswSat.c
[ 94%] ABC: `` Generating dependency: /src/proof/ssw/sswRarity.c
[ 94%] ABC: `` Generating dependency: /src/proof/ssw/sswPairs.c
[ 94%] ABC: `` Generating dependency: /src/proof/ssw/sswPart.c
[ 94%] ABC: `` Generating dependency: /src/proof/ssw/sswMan.c
[ 94%] ABC: `` Generating dependency: /src/proof/ssw/sswLcorr.c
[ 94%] ABC: `` Generating dependency: /src/proof/ssw/sswIslands.c
[ 94%] ABC: `` Generating dependency: /src/proof/ssw/sswFilter.c
[ 94%] ABC: `` Generating dependency: /src/proof/ssw/sswDyn.c
[ 94%] ABC: `` Generating dependency: /src/proof/ssw/sswCore.c
[ 94%] ABC: `` Generating dependency: /src/proof/ssw/sswConstr.c
[ 94%] ABC: `` Generating dependency: /src/proof/ssw/sswCnf.c
[ 94%] ABC: `` Generating dependency: /src/proof/ssw/sswClass.c
[ 94%] ABC: `` Generating dependency: /src/proof/ssw/sswBmc.c
[ 94%] ABC: `` Generating dependency: /src/proof/ssw/sswAig.c
[ 94%] ABC: `` Generating dependency: /src/proof/fra/fraSim.c
[ 94%] ABC: `` Generating dependency: /src/proof/fra/fraSec.c
[ 94%] ABC: `` Generating dependency: /src/proof/fra/fraSat.c
[ 94%] ABC: `` Generating dependency: /src/proof/fra/fraPart.c
[ 94%] ABC: `` Generating dependency: /src/proof/fra/fraMan.c
[ 94%] ABC: `` Generating dependency: /src/proof/fra/fraLcr.c
[ 94%] ABC: `` Generating dependency: /src/proof/fra/fraIndVer.c
[ 94%] ABC: `` Generating dependency: /src/proof/fra/fraInd.c
[ 94%] ABC: `` Generating dependency: /src/proof/fra/fraImp.c
[ 94%] ABC: `` Generating dependency: /src/proof/fra/fraHot.c
[ 94%] ABC: `` Generating dependency: /src/proof/fra/fraCore.c
[ 94%] ABC: `` Generating dependency: /src/proof/fra/fraCnf.c
[ 94%] ABC: `` Generating dependency: /src/proof/fra/fraClaus.c
[ 94%] ABC: `` Generating dependency: /src/proof/fra/fraClau.c
[ 94%] ABC: `` Generating dependency: /src/proof/fra/fraClass.c
[ 94%] ABC: `` Generating dependency: /src/proof/fra/fraCec.c
[ 94%] ABC: `` Generating dependency: /src/proof/fra/fraBmc.c
[ 94%] ABC: `` Generating dependency: /src/proof/fraig/fraigVec.c
[ 94%] ABC: `` Generating dependency: /src/proof/fraig/fraigUtil.c
[ 94%] ABC: `` Generating dependency: /src/proof/fraig/fraigTable.c
[ 94%] ABC: `` Generating dependency: /src/proof/fraig/fraigSat.c
[ 94%] ABC: `` Generating dependency: /src/proof/fraig/fraigPrime.c
[ 94%] ABC: `` Generating dependency: /src/proof/fraig/fraigNode.c
[ 94%] ABC: `` Generating dependency: /src/proof/fraig/fraigMem.c
[ 94%] ABC: `` Generating dependency: /src/proof/fraig/fraigMan.c
[ 94%] ABC: `` Generating dependency: /src/proof/fraig/fraigFeed.c
[ 94%] ABC: `` Generating dependency: /src/proof/fraig/fraigFanout.c
[ 94%] ABC: `` Generating dependency: /src/proof/fraig/fraigCanon.c
[ 94%] ABC: `` Generating dependency: /src/proof/fraig/fraigApi.c
[ 94%] ABC: `` Generating dependency: /src/proof/dch/dchSweep.c
[ 94%] ABC: `` Generating dependency: /src/proof/dch/dchSimSat.c
[ 94%] ABC: `` Generating dependency: /src/proof/dch/dchSim.c
[ 94%] ABC: `` Generating dependency: /src/proof/dch/dchSat.c
[ 94%] ABC: `` Generating dependency: /src/proof/dch/dchMan.c
[ 94%] ABC: `` Generating dependency: /src/proof/dch/dchCore.c
[ 94%] ABC: `` Generating dependency: /src/proof/dch/dchCnf.c
[ 94%] ABC: `` Generating dependency: /src/proof/dch/dchClass.c
[ 94%] ABC: `` Generating dependency: /src/proof/dch/dchChoice.c
[ 94%] ABC: `` Generating dependency: /src/proof/dch/dchAig.c
[ 94%] ABC: `` Generating dependency: /src/proof/acec/acecXor.c
[ 94%] ABC: `` Generating dependency: /src/proof/acec/acec2Mult.c
[ 94%] ABC: `` Generating dependency: /src/proof/acec/acecUtil.c
[ 94%] ABC: `` Generating dependency: /src/proof/acec/acecTree.c
[ 94%] ABC: `` Generating dependency: /src/proof/acec/acecSt.c
[ 94%] ABC: `` Generating dependency: /src/proof/acec/acecPolyn.c
[ 94%] ABC: `` Generating dependency: /src/proof/acec/acecOrder.c
[ 94%] ABC: `` Generating dependency: /src/proof/acec/acecNorm.c
[ 94%] ABC: `` Generating dependency: /src/proof/acec/acecMult.c
[ 94%] ABC: `` Generating dependency: /src/proof/acec/acecFadds.c
[ 94%] ABC: `` Generating dependency: /src/proof/acec/acecCover.c
[ 94%] ABC: `` Generating dependency: /src/proof/acec/acecPool.c
[ 94%] ABC: `` Generating dependency: /src/proof/acec/acecPo.c
[ 94%] ABC: `` Generating dependency: /src/proof/acec/acecPa.c
[ 94%] ABC: `` Generating dependency: /src/proof/acec/acecRe.c
[ 94%] ABC: `` Generating dependency: /src/proof/acec/acecBo.c
[ 94%] ABC: `` Generating dependency: /src/proof/acec/acecCo.c
[ 94%] ABC: `` Generating dependency: /src/proof/acec/acecCore.c
[ 94%] ABC: `` Generating dependency: /src/proof/acec/acecCl.c
[ 94%] ABC: `` Generating dependency: /src/proof/cec/cecSweep.c
[ 94%] ABC: `` Generating dependency: /src/proof/cec/cecSynth.c
[ 94%] ABC: `` Generating dependency: /src/proof/cec/cecSplit.c
[ 94%] ABC: `` Generating dependency: /src/proof/cec/cecSolve.c
[ 94%] ABC: `` Generating dependency: /src/proof/cec/cecSeq.c
[ 94%] ABC: `` Generating dependency: /src/proof/cec/cecSatG.c
[ 94%] ABC: `` Generating dependency: /src/proof/cec/cecSat.c
[ 94%] ABC: `` Generating dependency: /src/proof/cec/cecPat.c
[ 94%] ABC: `` Generating dependency: /src/proof/cec/cecMan.c
[ 94%] ABC: `` Generating dependency: /src/proof/cec/cecIso.c
[ 94%] ABC: `` Generating dependency: /src/proof/cec/cecCorr.c
[ 94%] ABC: `` Generating dependency: /src/proof/cec/cecCore.c
[ 94%] ABC: `` Generating dependency: /src/proof/cec/cecClass.c
[ 94%] ABC: `` Generating dependency: /src/proof/cec/cecChoice.c
[ 94%] ABC: `` Generating dependency: /src/proof/cec/cecCec.c
[ 94%] ABC: `` Generating dependency: /src/proof/int/intUtil.c
[ 94%] ABC: `` Generating dependency: /src/proof/int/intMan.c
[ 94%] ABC: `` Generating dependency: /src/proof/int/intM114.c
[ 94%] ABC: `` Generating dependency: /src/proof/int/intInter.c
[ 94%] ABC: `` Generating dependency: /src/proof/int/intFrames.c
[ 94%] ABC: `` Generating dependency: /src/proof/int/intDup.c
[ 94%] ABC: `` Generating dependency: /src/proof/int/intCtrex.c
[ 94%] ABC: `` Generating dependency: /src/proof/int/intCore.c
[ 94%] ABC: `` Generating dependency: /src/proof/int/intContain.c
[ 94%] ABC: `` Generating dependency: /src/proof/int/intCheck.c
[ 94%] ABC: `` Generating dependency: /src/proof/ssc/sscUtil.c
[ 94%] ABC: `` Generating dependency: /src/proof/ssc/sscSim.c
[ 94%] ABC: `` Generating dependency: /src/proof/ssc/sscSat.c
[ 94%] ABC: `` Generating dependency: /src/proof/ssc/sscCore.c
[ 94%] ABC: `` Generating dependency: /src/proof/ssc/sscClass.c
[ 94%] ABC: `` Generating dependency: /src/proof/live/combination.c
[ 94%] ABC: `` Generating dependency: /src/proof/live/kLiveConstraints.c
[ 94%] ABC: `` Generating dependency: /src/proof/live/arenaViolation.c
[ 94%] ABC: `` Generating dependency: /src/proof/live/disjunctiveMonotone.c
[ 94%] ABC: `` Generating dependency: /src/proof/live/monotone.c
[ 94%] ABC: `` Generating dependency: /src/proof/live/kliveness.c
[ 94%] ABC: `` Generating dependency: /src/proof/live/ltl_parser.c
[ 94%] ABC: `` Generating dependency: /src/proof/live/liveness_sim.c
[ 94%] ABC: `` Generating dependency: /src/proof/live/liveness.c
[ 94%] ABC: `` Generating dependency: /src/proof/abs/absUtil.c
[ 94%] ABC: `` Generating dependency: /src/proof/abs/absVta.c
[ 94%] ABC: `` Generating dependency: /src/proof/abs/absRpmOld.c
[ 94%] ABC: `` Generating dependency: /src/proof/abs/absRpm.c
[ 94%] ABC: `` Generating dependency: /src/proof/abs/absRefSelect.c
[ 94%] ABC: `` Generating dependency: /src/proof/abs/absRef.c
[ 94%] ABC: `` Generating dependency: /src/proof/abs/absPth.c
[ 94%] ABC: `` Generating dependency: /src/proof/abs/absOut.c
[ 94%] ABC: `` Generating dependency: /src/proof/abs/absOldSim.c
[ 94%] ABC: `` Generating dependency: /src/proof/abs/absOldSat.c
[ 94%] ABC: `` Generating dependency: /src/proof/abs/absOldRef.c
[ 94%] ABC: `` Generating dependency: /src/proof/abs/absOldCex.c
[ 94%] ABC: `` Generating dependency: /src/proof/abs/absIter.c
[ 94%] ABC: `` Generating dependency: /src/proof/abs/absGlaOld.c
[ 94%] ABC: `` Generating dependency: /src/proof/abs/absGla.c
[ 94%] ABC: `` Generating dependency: /src/proof/abs/absDup.c
[ 94%] ABC: `` Generating dependency: /src/proof/pdr/pdrUtil.c
[ 94%] ABC: `` Generating dependency: /src/proof/pdr/pdrTsim3.c
[ 94%] ABC: `` Generating dependency: /src/proof/pdr/pdrTsim2.c
[ 94%] ABC: `` Generating dependency: /src/proof/pdr/pdrTsim.c
[ 94%] ABC: `` Generating dependency: /src/proof/pdr/pdrSat.c
[ 94%] ABC: `` Generating dependency: /src/proof/pdr/pdrMan.c
[ 94%] ABC: `` Generating dependency: /src/proof/pdr/pdrInv.c
[ 94%] ABC: `` Generating dependency: /src/proof/pdr/pdrIncr.c
[ 94%] ABC: `` Generating dependency: /src/proof/pdr/pdrCore.c
[ 94%] ABC: `` Generating dependency: /src/proof/pdr/pdrCnf.c
[ 94%] ABC: `` Generating dependency: /src/bool/rpo/rpo.c
[ 94%] ABC: `` Generating dependency: /src/bool/rsb/rsbMan.c
[ 94%] ABC: `` Generating dependency: /src/bool/rsb/rsbDec6.c
[ 94%] ABC: `` Generating dependency: /src/bool/lucky/luckySwap.c
[ 94%] ABC: `` Generating dependency: /src/bool/lucky/luckySwapIJ.c
[ 94%] ABC: `` Generating dependency: /src/bool/lucky/luckySimple.c
[ 94%] ABC: `` Generating dependency: /src/bool/lucky/luckyRead.c
[ 94%] ABC: `` Generating dependency: /src/bool/lucky/luckyFast6.c
[ 94%] ABC: `` Generating dependency: /src/bool/lucky/luckyFast16.c
[ 94%] ABC: `` Generating dependency: /src/bool/lucky/lucky.c
[ 94%] ABC: `` Generating dependency: /src/bool/kit/kitTruth.c
[ 94%] ABC: `` Generating dependency: /src/bool/kit/kitSop.c
[ 94%] ABC: `` Generating dependency: /src/bool/kit/kitPla.c
[ 94%] ABC: `` Generating dependency: /src/bool/kit/kitIsop.c
[ 94%] ABC: `` Generating dependency: /src/bool/kit/kitHop.c
[ 94%] ABC: `` Generating dependency: /src/bool/kit/kitGraph.c
[ 94%] ABC: `` Generating dependency: /src/bool/kit/kitFactor.c
[ 94%] ABC: `` Generating dependency: /src/bool/kit/kitDsd.c
[ 94%] ABC: `` Generating dependency: /src/bool/kit/cloud.c
[ 99%] Building yosys-filterlib
[ 94%] ABC: `` Generating dependency: /src/bool/kit/kitCloud.c
[ 94%] ABC: `` Generating dependency: /src/bool/kit/kitBdd.c
[ 94%] ABC: `` Generating dependency: /src/bool/kit/kitAig.c
[ 99%] Building share/ice40/brams_init1.vh
[ 99%] Building share/ice40/brams_init2.vh
[ 99%] Building share/ice40/brams_init3.vh
[ 99%] Building share/xilinx/brams_init_36.vh
[ 99%] Building share/xilinx/brams_init_32.vh
[ 94%] ABC: `` Generating dependency: /src/bool/dec/decUtil.c
[ 99%] Building share/xilinx/brams_init_18.vh
[ 94%] ABC: `` Generating dependency: /src/bool/dec/decPrint.c
[ 94%] ABC: `` Generating dependency: /src/bool/dec/decMan.c
[ 94%] ABC: `` Generating dependency: /src/bool/dec/decFactor.c
[ 94%] ABC: `` Generating dependency: /src/bool/dec/decAbc.c
[ 94%] ABC: `` Generating dependency: /src/bool/bdc/bdcTable.c
[ 94%] ABC: `` Generating dependency: /src/bool/bdc/bdcSpfd.c
[ 99%] Building share/xilinx/brams_init_16.vh
[ 94%] ABC: `` Generating dependency: /src/bool/bdc/bdcDec.c
[ 94%] ABC: `` Generating dependency: /src/bool/bdc/bdcCore.c
[ 94%] ABC: `` Generating dependency: /src/sat/bmc/bmcUnroll.c
[ 94%] ABC: `` Generating dependency: /src/sat/bmc/bmcMulti.c
[ 94%] ABC: `` Generating dependency: /src/sat/bmc/bmcMesh2.c
[ 94%] ABC: `` Generating dependency: /src/sat/bmc/bmcMesh.c
[ 94%] ABC: `` Generating dependency: /src/sat/bmc/bmcMaxi.c
[ 94%] ABC: `` Generating dependency: /src/sat/bmc/bmcMaj3.c
[100%] Building yosys
[ 94%] ABC: `` Generating dependency: /src/sat/bmc/bmcMaj2.c
[ 94%] ABC: `` Generating dependency: /src/sat/bmc/bmcMaj.c
[ 94%] ABC: `` Generating dependency: /src/sat/bmc/bmcLoad.c
[ 94%] ABC: `` Generating dependency: /src/sat/bmc/bmcInse.c
[ 94%] ABC: `` Generating dependency: /src/sat/bmc/bmcICheck.c
[ 94%] ABC: `` Generating dependency: /src/sat/bmc/bmcGen.c
[ 94%] ABC: `` Generating dependency: /src/sat/bmc/bmcFx.c
[ 94%] ABC: `` Generating dependency: /src/sat/bmc/bmcFault.c
[ 94%] ABC: `` Generating dependency: /src/sat/bmc/bmcExpand.c
[ 94%] ABC: `` Generating dependency: /src/sat/bmc/bmcEco.c
[ 94%] ABC: `` Generating dependency: /src/sat/bmc/bmcClp.c
[ 94%] ABC: `` Generating dependency: /src/sat/bmc/bmcChain.c
[ 94%] ABC: `` Generating dependency: /src/sat/bmc/bmcCexTools.c
[ 94%] ABC: `` Generating dependency: /src/sat/bmc/bmcCexMin2.c
[ 94%] ABC: `` Generating dependency: /src/sat/bmc/bmcCexMin1.c
[ 94%] ABC: `` Generating dependency: /src/sat/bmc/bmcCexDepth.c
[ 94%] ABC: `` Generating dependency: /src/sat/bmc/bmcCexCut.c
[ 94%] ABC: `` Generating dependency: /src/sat/bmc/bmcCexCare.c
[ 94%] ABC: `` Generating dependency: /src/sat/bmc/bmcBmcS.c
[ 94%] ABC: `` Generating dependency: /src/sat/bmc/bmcBmcG.c
[ 94%] ABC: `` Generating dependency: /src/sat/bmc/bmcBmci.c
[ 94%] ABC: `` Generating dependency: /src/sat/bmc/bmcBmcAnd.c
[ 94%] ABC: `` Generating dependency: /src/sat/bmc/bmcBmc3.c
[ 94%] ABC: `` Generating dependency: /src/sat/bmc/bmcBmc2.c
[ 94%] ABC: `` Generating dependency: /src/sat/bmc/bmcBmc.c
[ 94%] ABC: `` Generating dependency: /src/sat/bmc/bmcBCore.c
[ 94%] ABC: `` Generating dependency: /src/sat/cnf/cnfWrite.c
[ 94%] ABC: `` Generating dependency: /src/sat/cnf/cnfUtil.c
[ 94%] ABC: `` Generating dependency: /src/sat/cnf/cnfPost.c
[ 94%] ABC: `` Generating dependency: /src/sat/cnf/cnfMap.c
[ 94%] ABC: `` Generating dependency: /src/sat/cnf/cnfMan.c
[ 94%] ABC: `` Generating dependency: /src/sat/cnf/cnfFast.c
[ 94%] ABC: `` Generating dependency: /src/sat/cnf/cnfData.c
[ 94%] ABC: `` Generating dependency: /src/sat/cnf/cnfCut.c
[ 94%] ABC: `` Generating dependency: /src/sat/cnf/cnfCore.c
[ 94%] ABC: `` Generating dependency: /src/sat/msat/msatVec.c
[ 94%] ABC: `` Generating dependency: /src/sat/msat/msatSort.c
[ 94%] ABC: `` Generating dependency: /src/sat/msat/msatSolverSearch.c
[ 94%] ABC: `` Generating dependency: /src/sat/msat/msatSolverIo.c
[ 94%] ABC: `` Generating dependency: /src/sat/msat/msatSolverCore.c
[ 94%] ABC: `` Generating dependency: /src/sat/msat/msatSolverApi.c
[ 94%] ABC: `` Generating dependency: /src/sat/msat/msatRead.c
[ 94%] ABC: `` Generating dependency: /src/sat/msat/msatQueue.c
[ 94%] ABC: `` Generating dependency: /src/sat/msat/msatOrderH.c
[ 94%] ABC: `` Generating dependency: /src/sat/msat/msatMem.c
[ 94%] ABC: `` Generating dependency: /src/sat/msat/msatClauseVec.c
[ 94%] ABC: `` Generating dependency: /src/sat/msat/msatClause.c
[ 94%] ABC: `` Generating dependency: /src/sat/msat/msatActivity.c
[ 94%] ABC: `` Generating dependency: /src/sat/csat/csat_apis.c
[ 94%] ABC: `` Generating dependency: /src/sat/satoko/cnf_reader.c
[ 94%] ABC: `` Generating dependency: /src/sat/satoko/solver_api.c
[ 94%] ABC: `` Generating dependency: /src/sat/satoko/solver.c
[ 94%] ABC: `` Generating dependency: /src/sat/xsat/xsatCnfReader.c
[ 94%] ABC: `` Generating dependency: /src/sat/xsat/xsatSolverAPI.c
[ 94%] ABC: `` Generating dependency: /src/sat/xsat/xsatSolver.c
[ 94%] ABC: `` Generating dependency: /src/sat/bsat/satUtil.c
[ 94%] ABC: `` Generating dependency: /src/sat/bsat/satTruth.c
[ 94%] ABC: `` Generating dependency: /src/sat/bsat/satTrace.c
[ 94%] ABC: `` Generating dependency: /src/sat/bsat/satStore.c
[ 94%] ABC: `` Generating dependency: /src/sat/bsat/satSolver3.c
[ 94%] ABC: `` Generating dependency: /src/sat/bsat/satSolver2i.c
[ 94%] ABC: `` Generating dependency: /src/sat/bsat/satSolver2.c
[ 94%] ABC: `` Generating dependency: /src/sat/bsat/satSolver.c
[ 94%] ABC: `` Generating dependency: /src/sat/bsat/satProof.c
[ 94%] ABC: `` Generating dependency: /src/sat/bsat/satInterP.c
[ 94%] ABC: `` Generating dependency: /src/sat/bsat/satInterB.c
[ 94%] ABC: `` Generating dependency: /src/sat/bsat/satInterA.c
[ 94%] ABC: `` Generating dependency: /src/sat/bsat/satInter.c
[ 94%] ABC: `` Generating dependency: /src/sat/bsat/satMem.c
[ 94%] ABC: `` Generating dependency: /src/opt/sbd/sbdWin.c
[ 94%] ABC: `` Generating dependency: /src/opt/sbd/sbdSat.c
[ 94%] ABC: `` Generating dependency: /src/opt/sbd/sbdPath.c
[ 94%] ABC: `` Generating dependency: /src/opt/sbd/sbdLut.c
[ 94%] ABC: `` Generating dependency: /src/opt/sbd/sbdCut2.c
[ 94%] ABC: `` Generating dependency: /src/opt/sbd/sbdCut.c
[ 94%] ABC: `` Generating dependency: /src/opt/sbd/sbdCore.c
[ 94%] ABC: `` Generating dependency: /src/opt/sbd/sbdCnf.c
[ 94%] ABC: `` Generating dependency: /src/opt/sbd/sbd.c
[ 94%] ABC: `` Generating dependency: /src/opt/sfm/sfmWin.c
[ 94%] ABC: `` Generating dependency: /src/opt/sfm/sfmMit.c
[ 94%] ABC: `` Generating dependency: /src/opt/sfm/sfmTim.c
[ 94%] ABC: `` Generating dependency: /src/opt/sfm/sfmSat.c
[ 94%] ABC: `` Generating dependency: /src/opt/sfm/sfmNtk.c
[ 94%] ABC: `` Generating dependency: /src/opt/sfm/sfmLib.c
[ 94%] ABC: `` Generating dependency: /src/opt/sfm/sfmDec.c
[ 94%] ABC: `` Generating dependency: /src/opt/sfm/sfmCore.c
[ 94%] ABC: `` Generating dependency: /src/opt/sfm/sfmCnf.c
[ 94%] ABC: `` Generating dependency: /src/opt/sfm/sfmArea.c
[ 94%] ABC: `` Generating dependency: /src/opt/dsc/dsc.c
[ 94%] ABC: `` Generating dependency: /src/opt/dau/dauTree.c
[ 94%] ABC: `` Generating dependency: /src/opt/dau/dauNonDsd.c
[ 94%] ABC: `` Generating dependency: /src/opt/dau/dauMerge.c
[ 94%] ABC: `` Generating dependency: /src/opt/dau/dauGia.c
[ 94%] ABC: `` Generating dependency: /src/opt/dau/dauEnum.c
[ 94%] ABC: `` Generating dependency: /src/opt/dau/dauDsd.c
[ 94%] ABC: `` Generating dependency: /src/opt/dau/dauDivs.c
[ 94%] ABC: `` Generating dependency: /src/opt/dau/dauCount.c
[ 94%] ABC: `` Generating dependency: /src/opt/dau/dauCore.c
[ 94%] ABC: `` Generating dependency: /src/opt/dau/dauCanon.c
[ 94%] ABC: `` Generating dependency: /src/opt/dar/darScript.c
[ 94%] ABC: `` Generating dependency: /src/opt/dar/darRefact.c
[ 94%] ABC: `` Generating dependency: /src/opt/dar/darPrec.c
[ 94%] ABC: `` Generating dependency: /src/opt/dar/darMan.c
[ 94%] ABC: `` Generating dependency: /src/opt/dar/darLib.c
[ 94%] ABC: `` Generating dependency: /src/opt/dar/darData.c
[ 94%] ABC: `` Generating dependency: /src/opt/dar/darCut.c
[ 94%] ABC: `` Generating dependency: /src/opt/dar/darCore.c
[ 94%] ABC: `` Generating dependency: /src/opt/dar/darBalance.c
[ 94%] ABC: `` Generating dependency: /src/opt/csw/cswTable.c
[ 94%] ABC: `` Generating dependency: /src/opt/csw/cswMan.c
[ 94%] ABC: `` Generating dependency: /src/opt/csw/cswCut.c
[ 94%] ABC: `` Generating dependency: /src/opt/csw/cswCore.c
[ 94%] ABC: `` Generating dependency: /src/opt/cgt/cgtSat.c
[ 94%] ABC: `` Generating dependency: /src/opt/cgt/cgtMan.c
[ 94%] ABC: `` Generating dependency: /src/opt/cgt/cgtDecide.c
[ 94%] ABC: `` Generating dependency: /src/opt/cgt/cgtCore.c
[ 94%] ABC: `` Generating dependency: /src/opt/cgt/cgtAig.c
[ 94%] ABC: `` Generating dependency: /src/opt/rwt/rwtUtil.c
[ 94%] ABC: `` Generating dependency: /src/opt/rwt/rwtMan.c
[ 94%] ABC: `` Generating dependency: /src/opt/rwt/rwtDec.c
[ 94%] ABC: `` Generating dependency: /src/opt/nwk/nwkUtil.c
[ 94%] ABC: `` Generating dependency: /src/opt/nwk/nwkTiming.c
[ 94%] ABC: `` Generating dependency: /src/opt/nwk/nwkStrash.c
[ 94%] ABC: `` Generating dependency: /src/opt/nwk/nwkSpeedup.c
[ 94%] ABC: `` Generating dependency: /src/opt/nwk/nwkObj.c
[ 94%] ABC: `` Generating dependency: /src/opt/nwk/nwkMerge.c
[ 94%] ABC: `` Generating dependency: /src/opt/nwk/nwkMap.c
[ 94%] ABC: `` Generating dependency: /src/opt/nwk/nwkMan.c
[ 94%] ABC: `` Generating dependency: /src/opt/nwk/nwkFlow.c
[ 94%] ABC: `` Generating dependency: /src/opt/nwk/nwkFanio.c
[ 94%] ABC: `` Generating dependency: /src/opt/nwk/nwkDfs.c
[ 94%] ABC: `` Generating dependency: /src/opt/nwk/nwkBidec.c
[ 94%] ABC: `` Generating dependency: /src/opt/nwk/nwkCheck.c
[ 94%] ABC: `` Generating dependency: /src/opt/nwk/nwkAig.c
[ 94%] ABC: `` Generating dependency: /src/opt/lpk/lpkSets.c
[ 94%] ABC: `` Generating dependency: /src/opt/lpk/lpkMux.c
[ 94%] ABC: `` Generating dependency: /src/opt/lpk/lpkMulti.c
[ 94%] ABC: `` Generating dependency: /src/opt/lpk/lpkMap.c
[ 94%] ABC: `` Generating dependency: /src/opt/lpk/lpkMan.c
[ 94%] ABC: `` Generating dependency: /src/opt/lpk/lpkCut.c
[ 94%] ABC: `` Generating dependency: /src/opt/lpk/lpkAbcUtil.c
[ 94%] ABC: `` Generating dependency: /src/opt/lpk/lpkAbcDsd.c
[ 94%] ABC: `` Generating dependency: /src/opt/lpk/lpkAbcMux.c
[ 94%] ABC: `` Generating dependency: /src/opt/lpk/lpkAbcDec.c
[ 94%] ABC: `` Generating dependency: /src/opt/lpk/lpkCore.c
[ 94%] ABC: `` Generating dependency: /src/opt/res/resWin.c
[ 94%] ABC: `` Generating dependency: /src/opt/res/resStrash.c
[ 94%] ABC: `` Generating dependency: /src/opt/res/resSim.c
[ 94%] ABC: `` Generating dependency: /src/opt/res/resSat.c
[ 94%] ABC: `` Generating dependency: /src/opt/res/resFilter.c
[ 94%] ABC: `` Generating dependency: /src/opt/res/resDivs.c
[ 94%] ABC: `` Generating dependency: /src/opt/res/resCore.c
[ 94%] ABC: `` Generating dependency: /src/opt/fret/fretTime.c
[ 94%] ABC: `` Generating dependency: /src/opt/fret/fretInit.c
[ 94%] ABC: `` Generating dependency: /src/opt/fret/fretFlow.c
[ 94%] ABC: `` Generating dependency: /src/opt/fret/fretMain.c
[ 94%] ABC: `` Generating dependency: /src/opt/ret/retLvalue.c
[ 94%] ABC: `` Generating dependency: /src/opt/ret/retInit.c
[ 94%] ABC: `` Generating dependency: /src/opt/ret/retIncrem.c
[ 94%] ABC: `` Generating dependency: /src/opt/ret/retFlow.c
[ 94%] ABC: `` Generating dependency: /src/opt/ret/retDelay.c
[ 94%] ABC: `` Generating dependency: /src/opt/ret/retCore.c
[ 94%] ABC: `` Generating dependency: /src/opt/ret/retArea.c
[ 94%] ABC: `` Generating dependency: /src/opt/sim/simUtils.c
[ 94%] ABC: `` Generating dependency: /src/opt/sim/simSymStr.c
[ 94%] ABC: `` Generating dependency: /src/opt/sim/simSymSim.c
[ 94%] ABC: `` Generating dependency: /src/opt/sim/simSymSat.c
[ 94%] ABC: `` Generating dependency: /src/opt/sim/simSym.c
[ 94%] ABC: `` Generating dependency: /src/opt/sim/simSwitch.c
[ 94%] ABC: `` Generating dependency: /src/opt/sim/simSupp.c
[ 94%] ABC: `` Generating dependency: /src/opt/sim/simSeq.c
[ 94%] ABC: `` Generating dependency: /src/opt/sim/simMan.c
[ 94%] ABC: `` Generating dependency: /src/opt/mfs/mfsWin.c
[ 94%] ABC: `` Generating dependency: /src/opt/mfs/mfsStrash.c
[ 94%] ABC: `` Generating dependency: /src/opt/mfs/mfsSat.c
[ 94%] ABC: `` Generating dependency: /src/opt/mfs/mfsResub.c
[ 94%] ABC: `` Generating dependency: /src/opt/mfs/mfsMan.c
[ 94%] ABC: `` Generating dependency: /src/opt/mfs/mfsInter.c
[ 94%] ABC: `` Generating dependency: /src/opt/mfs/mfsDiv.c
[ 94%] ABC: `` Generating dependency: /src/opt/mfs/mfsCore.c
[ 94%] ABC: `` Generating dependency: /src/opt/rwr/rwrUtil.c
[ 94%] ABC: `` Generating dependency: /src/opt/rwr/rwrPrint.c
[ 94%] ABC: `` Generating dependency: /src/opt/rwr/rwrMan.c
[ 94%] ABC: `` Generating dependency: /src/opt/rwr/rwrLib.c
[ 94%] ABC: `` Generating dependency: /src/opt/rwr/rwrExp.c
[ 94%] ABC: `` Generating dependency: /src/opt/rwr/rwrEva.c
[ 94%] ABC: `` Generating dependency: /src/opt/rwr/rwrDec.c
[ 94%] ABC: `` Generating dependency: /src/opt/fxch/FxchSCHashTable.c
[ 94%] ABC: `` Generating dependency: /src/opt/fxch/FxchMan.c
[ 94%] ABC: `` Generating dependency: /src/opt/fxch/FxchDiv.c
[ 94%] ABC: `` Generating dependency: /src/opt/fxch/Fxch.c
[ 94%] ABC: `` Generating dependency: /src/opt/fxu/fxuUpdate.c
[ 94%] ABC: `` Generating dependency: /src/opt/fxu/fxuSingle.c
[ 94%] ABC: `` Generating dependency: /src/opt/fxu/fxuSelect.c
[ 94%] ABC: `` Generating dependency: /src/opt/fxu/fxuReduce.c
[ 94%] ABC: `` Generating dependency: /src/opt/fxu/fxuPrint.c
[ 94%] ABC: `` Generating dependency: /src/opt/fxu/fxuPair.c
[ 94%] ABC: `` Generating dependency: /src/opt/fxu/fxuMatrix.c
[ 94%] ABC: `` Generating dependency: /src/opt/fxu/fxuList.c
[ 94%] ABC: `` Generating dependency: /src/opt/fxu/fxuHeapS.c
[ 94%] ABC: `` Generating dependency: /src/opt/fxu/fxuHeapD.c
[ 94%] ABC: `` Generating dependency: /src/opt/fxu/fxuCreate.c
[ 94%] ABC: `` Generating dependency: /src/opt/fxu/fxu.c
[ 94%] ABC: `` Generating dependency: /src/opt/cut/cutTruth.c
[ 94%] ABC: `` Generating dependency: /src/opt/cut/cutSeq.c
[ 94%] ABC: `` Generating dependency: /src/opt/cut/cutPre22.c
[ 94%] ABC: `` Generating dependency: /src/opt/cut/cutOracle.c
[ 94%] ABC: `` Generating dependency: /src/opt/cut/cutNode.c
[ 94%] ABC: `` Generating dependency: /src/opt/cut/cutMerge.c
[ 94%] ABC: `` Generating dependency: /src/opt/cut/cutMan.c
[ 94%] ABC: `` Generating dependency: /src/opt/cut/cutCut.c
[ 94%] ABC: `` Generating dependency: /src/opt/cut/cutApi.c
[ 94%] ABC: `` Generating dependency: /src/misc/parse/parseStack.c
[ 94%] ABC: `` Generating dependency: /src/misc/parse/parseEqn.c
[ 94%] ABC: `` Generating dependency: /src/misc/bbl/bblif.c
[ 94%] ABC: `` Generating dependency: /src/misc/bar/bar.c
[ 94%] ABC: `` Generating dependency: /src/misc/mem/mem.c
[ 94%] ABC: `` Generating dependency: /src/misc/zlib/zutil.c
[ 94%] ABC: `` Generating dependency: /src/misc/zlib/uncompr.c
[ 94%] ABC: `` Generating dependency: /src/misc/zlib/trees.c
[ 94%] ABC: `` Generating dependency: /src/misc/zlib/inftrees.c
[ 94%] ABC: `` Generating dependency: /src/misc/zlib/inflate.c
[ 94%] ABC: `` Generating dependency: /src/misc/zlib/inffast.c
[ 94%] ABC: `` Generating dependency: /src/misc/zlib/infback.c
[ 94%] ABC: `` Generating dependency: /src/misc/zlib/gzwrite.c
[ 94%] ABC: `` Generating dependency: /src/misc/zlib/gzread.c
[ 94%] ABC: `` Generating dependency: /src/misc/zlib/gzlib.c
[ 94%] ABC: `` Generating dependency: /src/misc/zlib/gzclose.c
[ 94%] ABC: `` Generating dependency: /src/misc/zlib/deflate.c
[ 94%] ABC: `` Generating dependency: /src/misc/zlib/crc32.c
[ 94%] ABC: `` Generating dependency: /src/misc/zlib/compress_.c
[ 94%] ABC: `` Generating dependency: /src/misc/zlib/adler32.c
[ 94%] ABC: `` Generating dependency: /src/misc/bzlib/randtable.c
[ 94%] ABC: `` Generating dependency: /src/misc/bzlib/huffman.c
[ 94%] ABC: `` Generating dependency: /src/misc/bzlib/decompress.c
[ 94%] ABC: `` Generating dependency: /src/misc/bzlib/crctable.c
[ 94%] ABC: `` Generating dependency: /src/misc/bzlib/compress.c
[ 94%] ABC: `` Generating dependency: /src/misc/bzlib/bzlib.c
[ 94%] ABC: `` Generating dependency: /src/misc/bzlib/blocksort.c
[ 94%] ABC: `` Generating dependency: /src/misc/tim/timTrav.c
[ 94%] ABC: `` Generating dependency: /src/misc/tim/timTime.c
[ 94%] ABC: `` Generating dependency: /src/misc/tim/timMan.c
[ 94%] ABC: `` Generating dependency: /src/misc/tim/timDump.c
[ 94%] ABC: `` Generating dependency: /src/misc/tim/timBox.c
[ 94%] ABC: `` Generating dependency: /src/misc/nm/nmTable.c
[ 94%] ABC: `` Generating dependency: /src/misc/nm/nmApi.c
[ 94%] ABC: `` Generating dependency: /src/misc/util/utilSort.c
[ 94%] ABC: `` Generating dependency: /src/misc/util/utilSignal.c
[ 94%] ABC: `` Generating dependency: /src/misc/util/utilNam.c
[ 94%] ABC: `` Generating dependency: /src/misc/util/utilIsop.c
[ 94%] ABC: `` Generating dependency: /src/misc/util/utilFile.c
[ 94%] ABC: `` Generating dependency: /src/misc/util/utilColor.c
[ 94%] ABC: `` Generating dependency: /src/misc/util/utilCex.c
[ 94%] ABC: `` Generating dependency: /src/misc/util/utilBridge.c
[ 94%] ABC: `` Generating dependency: /src/misc/st/stmm.c
[ 94%] ABC: `` Generating dependency: /src/misc/st/st.c
[ 94%] ABC: `` Generating dependency: /src/misc/mvc/mvcUtils.c
[ 94%] ABC: `` Generating dependency: /src/misc/mvc/mvcSort.c
[ 94%] ABC: `` Generating dependency: /src/misc/mvc/mvcPrint.c
[ 94%] ABC: `` Generating dependency: /src/misc/mvc/mvcOpBool.c
[ 94%] ABC: `` Generating dependency: /src/misc/mvc/mvcOpAlg.c
[ 94%] ABC: `` Generating dependency: /src/misc/mvc/mvcMan.c
[ 94%] ABC: `` Generating dependency: /src/misc/mvc/mvcLits.c
[ 94%] ABC: `` Generating dependency: /src/misc/mvc/mvcList.c
[ 94%] ABC: `` Generating dependency: /src/misc/mvc/mvcDivisor.c
[ 94%] ABC: `` Generating dependency: /src/misc/mvc/mvcDivide.c
[ 94%] ABC: `` Generating dependency: /src/misc/mvc/mvcCube.c
[ 94%] ABC: `` Generating dependency: /src/misc/mvc/mvcCover.c
[ 94%] ABC: `` Generating dependency: /src/misc/mvc/mvcContain.c
[ 94%] ABC: `` Generating dependency: /src/misc/mvc/mvcCompare.c
[ 94%] ABC: `` Generating dependency: /src/misc/mvc/mvcApi.c
[ 94%] ABC: `` Generating dependency: /src/misc/extra/extraUtilUtil.c
[ 94%] ABC: `` Generating dependency: /src/misc/extra/extraUtilTruth.c
[ 94%] ABC: `` Generating dependency: /src/misc/extra/extraUtilSupp.c
[ 94%] ABC: `` Generating dependency: /src/misc/extra/extraUtilReader.c
[ 94%] ABC: `` Generating dependency: /src/misc/extra/extraUtilProgress.c
[ 94%] ABC: `` Generating dependency: /src/misc/extra/extraUtilPerm.c
[ 94%] ABC: `` Generating dependency: /src/misc/extra/extraUtilPath.c
[ 94%] ABC: `` Generating dependency: /src/misc/extra/extraUtilMult.c
[ 94%] ABC: `` Generating dependency: /src/misc/extra/extraUtilMisc.c
[ 94%] ABC: `` Generating dependency: /src/misc/extra/extraUtilMemory.c
[ 94%] ABC: `` Generating dependency: /src/misc/extra/extraUtilMaj.c
[ 94%] ABC: `` Generating dependency: /src/misc/extra/extraUtilFile.c
[ 94%] ABC: `` Generating dependency: /src/misc/extra/extraUtilEnum.c
[ 94%] ABC: `` Generating dependency: /src/misc/extra/extraUtilDsd.c
[ 94%] ABC: `` Generating dependency: /src/misc/extra/extraUtilCube.c
[ 94%] ABC: `` Generating dependency: /src/misc/extra/extraUtilCanon.c
[ 94%] ABC: `` Generating dependency: /src/misc/extra/extraUtilBitMatrix.c
[ 94%] ABC: `` Generating dependency: /src/map/mpm/mpmUtil.c
[ 94%] ABC: `` Generating dependency: /src/map/mpm/mpmTruth.c
[ 94%] ABC: `` Generating dependency: /src/map/mpm/mpmPre.c
[ 94%] ABC: `` Generating dependency: /src/map/mpm/mpmMig.c
[ 94%] ABC: `` Generating dependency: /src/map/mpm/mpmMap.c
[ 94%] ABC: `` Generating dependency: /src/map/mpm/mpmMan.c
[ 94%] ABC: `` Generating dependency: /src/map/mpm/mpmLib.c
[ 94%] ABC: `` Generating dependency: /src/map/mpm/mpmGates.c
[ 94%] ABC: `` Generating dependency: /src/map/mpm/mpmDsd.c
[ 94%] ABC: `` Generating dependency: /src/map/mpm/mpmCore.c
[ 94%] ABC: `` Generating dependency: /src/map/mpm/mpmAbc.c
[ 94%] ABC: `` Generating dependency: /src/map/scl/sclUtil.c
[ 94%] ABC: `` Generating dependency: /src/map/scl/sclUpsize.c
[ 94%] ABC: `` Generating dependency: /src/map/scl/sclSize.c
[ 94%] ABC: `` Generating dependency: /src/map/scl/sclLoad.c
[ 94%] ABC: `` Generating dependency: /src/map/scl/sclLibUtil.c
[ 94%] ABC: `` Generating dependency: /src/map/scl/sclLibScl.c
[ 94%] ABC: `` Generating dependency: /src/map/scl/sclLiberty.c
[ 94%] ABC: `` Generating dependency: /src/map/scl/sclDnsize.c
[ 94%] ABC: `` Generating dependency: /src/map/scl/sclBufSize.c
[ 94%] ABC: `` Generating dependency: /src/map/scl/sclBuffer.c
[ 94%] ABC: `` Generating dependency: /src/map/scl/scl.c
[ 94%] ABC: `` Generating dependency: /src/map/cov/covMinUtil.c
[ 94%] ABC: `` Generating dependency: /src/map/cov/covMinSop.c
[ 94%] ABC: `` Generating dependency: /src/map/cov/covMinMan.c
[ 94%] ABC: `` Generating dependency: /src/map/cov/covMinEsop.c
[ 94%] ABC: `` Generating dependency: /src/map/cov/covMan.c
[ 94%] ABC: `` Generating dependency: /src/map/cov/covCore.c
[ 94%] ABC: `` Generating dependency: /src/map/cov/covBuild.c
[ 94%] ABC: `` Generating dependency: /src/map/amap/amapUniq.c
[ 94%] ABC: `` Generating dependency: /src/map/amap/amapRule.c
[ 94%] ABC: `` Generating dependency: /src/map/amap/amapRead.c
[ 94%] ABC: `` Generating dependency: /src/map/amap/amapPerm.c
[ 94%] ABC: `` Generating dependency: /src/map/amap/amapParse.c
[ 94%] ABC: `` Generating dependency: /src/map/amap/amapOutput.c
[ 94%] ABC: `` Generating dependency: /src/map/amap/amapMerge.c
[ 94%] ABC: `` Generating dependency: /src/map/amap/amapMatch.c
[ 94%] ABC: `` Generating dependency: /src/map/amap/amapMan.c
[ 94%] ABC: `` Generating dependency: /src/map/amap/amapLiberty.c
[ 94%] ABC: `` Generating dependency: /src/map/amap/amapLib.c
[ 94%] ABC: `` Generating dependency: /src/map/amap/amapGraph.c
[ 94%] ABC: `` Generating dependency: /src/map/amap/amapCore.c
[ 94%] ABC: `` Generating dependency: /src/map/if/ifUtil.c
[ 94%] ABC: `` Generating dependency: /src/map/if/ifTune.c
[ 94%] ABC: `` Generating dependency: /src/map/if/ifTruth.c
[ 94%] ABC: `` Generating dependency: /src/map/if/ifTime.c
[ 94%] ABC: `` Generating dependency: /src/map/if/ifTest.c
[ 94%] ABC: `` Generating dependency: /src/map/if/ifSeq.c
[ 94%] ABC: `` Generating dependency: /src/map/if/ifSelect.c
[ 94%] ABC: `` Generating dependency: /src/map/if/ifSat.c
[ 94%] ABC: `` Generating dependency: /src/map/if/ifReduce.c
[ 94%] ABC: `` Generating dependency: /src/map/if/ifMatch2.c
[ 94%] ABC: `` Generating dependency: /src/map/if/ifMap.c
[ 94%] ABC: `` Generating dependency: /src/map/if/ifMan.c
[ 94%] ABC: `` Generating dependency: /src/map/if/ifLibLut.c
[ 94%] ABC: `` Generating dependency: /src/map/if/ifLibBox.c
[ 94%] ABC: `` Generating dependency: /src/map/if/ifDsd.c
[ 94%] ABC: `` Generating dependency: /src/map/if/ifDelay.c
[ 94%] ABC: `` Generating dependency: /src/map/if/ifDec75.c
[ 94%] ABC: `` Generating dependency: /src/map/if/ifDec16.c
[ 94%] ABC: `` Generating dependency: /src/map/if/ifDec10.c
[ 94%] ABC: `` Generating dependency: /src/map/if/ifDec08.c
[ 94%] ABC: `` Generating dependency: /src/map/if/ifDec07.c
[ 94%] ABC: `` Generating dependency: /src/map/if/ifData2.c
[ 94%] ABC: `` Generating dependency: /src/map/if/ifCut.c
[ 94%] ABC: `` Generating dependency: /src/map/if/ifCore.c
[ 94%] ABC: `` Generating dependency: /src/map/if/ifCache.c
[ 94%] ABC: `` Generating dependency: /src/map/if/ifCom.c
[ 94%] ABC: `` Generating dependency: /src/map/super/superGate.c
[ 94%] ABC: `` Generating dependency: /src/map/super/superAnd.c
[ 94%] ABC: `` Generating dependency: /src/map/super/super.c
[ 94%] ABC: `` Generating dependency: /src/map/mio/mioUtils.c
[ 94%] ABC: `` Generating dependency: /src/map/mio/mioSop.c
[ 94%] ABC: `` Generating dependency: /src/map/mio/mioRead.c
[ 94%] ABC: `` Generating dependency: /src/map/mio/mioParse.c
[ 94%] ABC: `` Generating dependency: /src/map/mio/mioFunc.c
[ 94%] ABC: `` Generating dependency: /src/map/mio/mioApi.c
[ 94%] ABC: `` Generating dependency: /src/map/mio/mio.c
[ 94%] ABC: `` Generating dependency: /src/map/mapper/mapperVec.c
[ 94%] ABC: `` Generating dependency: /src/map/mapper/mapperUtils.c
[ 94%] ABC: `` Generating dependency: /src/map/mapper/mapperTruth.c
[ 94%] ABC: `` Generating dependency: /src/map/mapper/mapperTree.c
[ 94%] ABC: `` Generating dependency: /src/map/mapper/mapperTime.c
[ 94%] ABC: `` Generating dependency: /src/map/mapper/mapperTable.c
[ 94%] ABC: `` Generating dependency: /src/map/mapper/mapperSwitch.c
[ 94%] ABC: `` Generating dependency: /src/map/mapper/mapperSuper.c
[ 94%] ABC: `` Generating dependency: /src/map/mapper/mapperRefs.c
[ 94%] ABC: `` Generating dependency: /src/map/mapper/mapperMatch.c
[ 94%] ABC: `` Generating dependency: /src/map/mapper/mapperLib.c
[ 94%] ABC: `` Generating dependency: /src/map/mapper/mapperCutUtils.c
[ 94%] ABC: `` Generating dependency: /src/map/mapper/mapperCut.c
[ 94%] ABC: `` Generating dependency: /src/map/mapper/mapperCreate.c
[ 94%] ABC: `` Generating dependency: /src/map/mapper/mapperCore.c
[ 94%] ABC: `` Generating dependency: /src/map/mapper/mapperCanon.c
[ 94%] ABC: `` Generating dependency: /src/map/mapper/mapper.c
[ 94%] ABC: `` Generating dependency: /src/base/test/test.c
[ 94%] ABC: `` Generating dependency: /src/base/pla/plaWrite.c
[ 94%] ABC: `` Generating dependency: /src/base/pla/plaRead.c
[ 94%] ABC: `` Generating dependency: /src/base/pla/plaSimple.c
[ 94%] ABC: `` Generating dependency: /src/base/pla/plaMerge.c
[ 94%] ABC: `` Generating dependency: /src/base/pla/plaMan.c
[ 94%] ABC: `` Generating dependency: /src/base/pla/plaHash.c
[ 94%] ABC: `` Generating dependency: /src/base/pla/plaCom.c
[ 94%] ABC: `` Generating dependency: /src/base/cba/cbaWriteVer.c
[ 94%] ABC: `` Generating dependency: /src/base/cba/cbaWriteBlif.c
[ 94%] ABC: `` Generating dependency: /src/base/cba/cbaReadVer.c
[ 94%] ABC: `` Generating dependency: /src/base/cba/cbaReadBlif.c
[ 94%] ABC: `` Generating dependency: /src/base/cba/cbaNtk.c
[ 94%] ABC: `` Generating dependency: /src/base/cba/cbaCom.c
[ 94%] ABC: `` Generating dependency: /src/base/cba/cbaCba.c
[ 94%] ABC: `` Generating dependency: /src/base/cba/cbaBlast.c
[ 94%] ABC: `` Generating dependency: /src/base/bac/bacWriteVer.c
[ 94%] ABC: `` Generating dependency: /src/base/bac/bacWriteSmt.c
[ 94%] ABC: `` Generating dependency: /src/base/bac/bacWriteBlif.c
[ 94%] ABC: `` Generating dependency: /src/base/bac/bacReadVer.c
[ 94%] ABC: `` Generating dependency: /src/base/bac/bacReadSmt.c
[ 94%] ABC: `` Generating dependency: /src/base/bac/bacReadBlif.c
[ 94%] ABC: `` Generating dependency: /src/base/bac/bacPtrAbc.c
[ 94%] ABC: `` Generating dependency: /src/base/bac/bacPtr.c
[ 94%] ABC: `` Generating dependency: /src/base/bac/bacPrsTrans.c
[ 94%] ABC: `` Generating dependency: /src/base/bac/bacPrsBuild.c
[ 94%] ABC: `` Generating dependency: /src/base/bac/bacNtk.c
[ 94%] ABC: `` Generating dependency: /src/base/bac/bacLib.c
[ 94%] ABC: `` Generating dependency: /src/base/bac/bacCom.c
[ 94%] ABC: `` Generating dependency: /src/base/bac/bacBac.c
[ 94%] ABC: `` Generating dependency: /src/base/bac/bacBlast.c
[ 94%] ABC: `` Generating dependency: /src/base/acb/acbUtil.c
[ 94%] ABC: `` Generating dependency: /src/base/acb/acbSets.c
[ 94%] ABC: `` Generating dependency: /src/base/acb/acbPush.c
[ 94%] ABC: `` Generating dependency: /src/base/acb/acbMfs.c
[ 94%] ABC: `` Generating dependency: /src/base/acb/acbFunc.c
[ 94%] ABC: `` Generating dependency: /src/base/acb/acbCom.c
[ 94%] ABC: `` Generating dependency: /src/base/acb/acbAig.c
[ 94%] ABC: `` Generating dependency: /src/base/acb/acbAbc.c
[ 94%] ABC: `` Generating dependency: /src/base/wlc/wlcWriteVer.c
[ 94%] ABC: `` Generating dependency: /src/base/wlc/wlcWin.c
[ 94%] ABC: `` Generating dependency: /src/base/wlc/wlcUif.c
[ 94%] ABC: `` Generating dependency: /src/base/wlc/wlcStdin.c
[ 94%] ABC: `` Generating dependency: /src/base/wlc/wlcShow.c
[ 94%] ABC: `` Generating dependency: /src/base/wlc/wlcSim.c
[ 94%] ABC: `` Generating dependency: /src/base/wlc/wlcReadVer.c
[ 94%] ABC: `` Generating dependency: /src/base/wlc/wlcReadSmt.c
[ 94%] ABC: `` Generating dependency: /src/base/wlc/wlcNtk.c
[ 94%] ABC: `` Generating dependency: /src/base/wlc/wlcNdr.c
[ 94%] ABC: `` Generating dependency: /src/base/wlc/wlcMem.c
[ 94%] ABC: `` Generating dependency: /src/base/wlc/wlcJson.c
[ 94%] ABC: `` Generating dependency: /src/base/wlc/wlcGraft.c
[ 94%] ABC: `` Generating dependency: /src/base/wlc/wlcCom.c
[ 94%] ABC: `` Generating dependency: /src/base/wlc/wlcBlast.c
[ 94%] ABC: `` Generating dependency: /src/base/wlc/wlcPth.c
[ 94%] ABC: `` Generating dependency: /src/base/wlc/wlcAbc.c
[ 94%] ABC: `` Generating dependency: /src/base/wlc/wlcAbs2.c
[ 94%] ABC: `` Generating dependency: /src/base/wlc/wlcAbs.c
[ 94%] ABC: `` Generating dependency: /src/base/ver/verStream.c
[ 94%] ABC: `` Generating dependency: /src/base/ver/verParse.c
[ 94%] ABC: `` Generating dependency: /src/base/ver/verFormula.c
[ 94%] ABC: `` Generating dependency: /src/base/ver/verCore.c
[ 94%] ABC: `` Generating dependency: /src/base/exor/exorUtil.c
[ 94%] ABC: `` Generating dependency: /src/base/exor/exorList.c
[ 94%] ABC: `` Generating dependency: /src/base/exor/exorLink.c
[ 94%] ABC: `` Generating dependency: /src/base/exor/exorCubes.c
[ 94%] ABC: `` Generating dependency: /src/base/exor/exorBits.c
[ 94%] ABC: `` Generating dependency: /src/base/exor/exor.c
[ 94%] ABC: `` Generating dependency: /src/base/main/mainUtils.c
[ 94%] ABC: `` Generating dependency: /src/base/main/libSupport.c
[ 94%] ABC: `` Generating dependency: /src/base/main/mainReal.c
[ 94%] ABC: `` Generating dependency: /src/base/main/mainLib.c
[ 94%] ABC: `` Generating dependency: /src/base/main/mainInit.c
[ 94%] ABC: `` Generating dependency: /src/base/main/mainFrame.c
[ 94%] ABC: `` Generating dependency: /src/base/main/main.c
[ 94%] ABC: `` Generating dependency: /src/base/io/ioWriteSmv.c
[ 94%] ABC: `` Generating dependency: /src/base/io/ioWriteVerilog.c
[ 94%] ABC: `` Generating dependency: /src/base/io/ioWritePla.c
[ 94%] ABC: `` Generating dependency: /src/base/io/ioWriteList.c
[ 94%] ABC: `` Generating dependency: /src/base/io/ioWriteGml.c
[ 94%] ABC: `` Generating dependency: /src/base/io/ioWriteEqn.c
[ 94%] ABC: `` Generating dependency: /src/base/io/ioWriteDot.c
[ 94%] ABC: `` Generating dependency: /src/base/io/ioWriteCnf.c
[ 94%] ABC: `` Generating dependency: /src/base/io/ioWriteBook.c
[ 94%] ABC: `` Generating dependency: /src/base/io/ioWriteBlifMv.c
[ 94%] ABC: `` Generating dependency: /src/base/io/ioWriteBlif.c
[ 94%] ABC: `` Generating dependency: /src/base/io/ioWriteBench.c
[ 94%] ABC: `` Generating dependency: /src/base/io/ioWriteBblif.c
[ 94%] ABC: `` Generating dependency: /src/base/io/ioWriteBaf.c
[ 94%] ABC: `` Generating dependency: /src/base/io/ioWriteAiger.c
[ 94%] ABC: `` Generating dependency: /src/base/io/ioUtil.c
[ 94%] ABC: `` Generating dependency: /src/base/io/ioReadVerilog.c
[ 94%] ABC: `` Generating dependency: /src/base/io/ioReadPlaMo.c
[ 94%] ABC: `` Generating dependency: /src/base/io/ioReadPla.c
[ 94%] ABC: `` Generating dependency: /src/base/io/ioReadEqn.c
[ 94%] ABC: `` Generating dependency: /src/base/io/ioReadEdif.c
[ 94%] ABC: `` Generating dependency: /src/base/io/ioReadDsd.c
[ 94%] ABC: `` Generating dependency: /src/base/io/ioReadBlifMv.c
[ 94%] ABC: `` Generating dependency: /src/base/io/ioReadBlifAig.c
[ 94%] ABC: `` Generating dependency: /src/base/io/ioReadBlif.c
[ 94%] ABC: `` Generating dependency: /src/base/io/ioReadBench.c
[ 94%] ABC: `` Generating dependency: /src/base/io/ioReadBblif.c
[ 94%] ABC: `` Generating dependency: /src/base/io/ioReadBaf.c
[ 94%] ABC: `` Generating dependency: /src/base/io/ioReadAiger.c
[ 94%] ABC: `` Generating dependency: /src/base/io/ioJson.c
[ 94%] ABC: `` Generating dependency: /src/base/io/io.c
[ 94%] ABC: `` Generating dependency: /src/base/cmd/cmdUtils.c
[ 94%] ABC: `` Generating dependency: /src/base/cmd/cmdStarter.c
[ 94%] ABC: `` Generating dependency: /src/base/cmd/cmdPlugin.c
[ 94%] ABC: `` Generating dependency: /src/base/cmd/cmdLoad.c
[ 94%] ABC: `` Generating dependency: /src/base/cmd/cmdHist.c
[ 94%] ABC: `` Generating dependency: /src/base/cmd/cmdFlag.c
[ 94%] ABC: `` Generating dependency: /src/base/cmd/cmdAuto.c
[ 94%] ABC: `` Generating dependency: /src/base/cmd/cmdApi.c
[ 94%] ABC: `` Generating dependency: /src/base/cmd/cmdAlias.c
[ 94%] ABC: `` Generating dependency: /src/base/cmd/cmd.c
[ 94%] ABC: `` Generating dependency: /src/base/abci/abcXsim.c
[ 94%] ABC: `` Generating dependency: /src/base/abci/abcVerify.c
[ 94%] ABC: `` Generating dependency: /src/base/abci/abcUnreach.c
[ 94%] ABC: `` Generating dependency: /src/base/abci/abcUnate.c
[ 94%] ABC: `` Generating dependency: /src/base/abci/abcTiming.c
[ 94%] ABC: `` Generating dependency: /src/base/abci/abcTim.c
[ 94%] ABC: `` Generating dependency: /src/base/abci/abcSymm.c
[ 94%] ABC: `` Generating dependency: /src/base/abci/abcSweep.c
[ 94%] ABC: `` Generating dependency: /src/base/abci/abcStrash.c
[ 94%] ABC: `` Generating dependency: /src/base/abci/abcSpeedup.c
[ 94%] ABC: `` Generating dependency: /src/base/abci/abcSense.c
[ 94%] ABC: `` Generating dependency: /src/base/abci/abcScorr.c
[ 94%] ABC: `` Generating dependency: /src/base/abci/abcSaucy.c
[ 94%] ABC: `` Generating dependency: /src/base/abci/abcSat.c
[ 94%] ABC: `` Generating dependency: /src/base/abci/abcRr.c
[ 94%] ABC: `` Generating dependency: /src/base/abci/abcRpo.c
[ 94%] ABC: `` Generating dependency: /src/base/abci/abcRewrite.c
[ 94%] ABC: `` Generating dependency: /src/base/abci/abcResub.c
[ 94%] ABC: `` Generating dependency: /src/base/abci/abcRestruct.c
[ 94%] ABC: `` Generating dependency: /src/base/abci/abcReorder.c
[ 94%] ABC: `` Generating dependency: /src/base/abci/abcRenode.c
[ 94%] ABC: `` Generating dependency: /src/base/abci/abcRefactor.c
[ 94%] ABC: `` Generating dependency: /src/base/abci/abcReach.c
[ 94%] ABC: `` Generating dependency: /src/base/abci/abcReconv.c
[ 94%] ABC: `` Generating dependency: /src/base/abci/abcRec3.c
[ 94%] ABC: `` Generating dependency: /src/base/abci/abcQuant.c
[ 94%] ABC: `` Generating dependency: /src/base/abci/abcQbf.c
[ 94%] ABC: `` Generating dependency: /src/base/abci/abcProve.c
[ 94%] ABC: `` Generating dependency: /src/base/abci/abcPrint.c
[ 94%] ABC: `` Generating dependency: /src/base/abci/abcPart.c
[ 94%] ABC: `` Generating dependency: /src/base/abci/abcOrder.c
[ 94%] ABC: `` Generating dependency: /src/base/abci/abcOdc.c
[ 94%] ABC: `` Generating dependency: /src/base/abci/abcNpnSave.c
[ 94%] ABC: `` Generating dependency: /src/base/abci/abcNpn.c
[ 94%] ABC: `` Generating dependency: /src/base/abci/abcNtbdd.c
[ 94%] ABC: `` Generating dependency: /src/base/abci/abcMulti.c
[ 94%] ABC: `` Generating dependency: /src/base/abci/abcMiter.c
[ 94%] ABC: `` Generating dependency: /src/base/abci/abcMini.c
[ 94%] ABC: `` Generating dependency: /src/base/abci/abcMfs.c
[ 94%] ABC: `` Generating dependency: /src/base/abci/abcMerge.c
[ 94%] ABC: `` Generating dependency: /src/base/abci/abcMap.c
[ 94%] ABC: `` Generating dependency: /src/base/abci/abcLutmin.c
[ 94%] ABC: `` Generating dependency: /src/base/abci/abcLut.c
[ 94%] ABC: `` Generating dependency: /src/base/abci/abcLog.c
[ 94%] ABC: `` Generating dependency: /src/base/abci/abcIvy.c
[ 94%] ABC: `` Generating dependency: /src/base/abci/abcIfMux.c
[ 94%] ABC: `` Generating dependency: /src/base/abci/abcIfif.c
[ 94%] ABC: `` Generating dependency: /src/base/abci/abcIf.c
[ 94%] ABC: `` Generating dependency: /src/base/abci/abcHaig.c
[ 94%] ABC: `` Generating dependency: /src/base/abci/abcGen.c
[ 94%] ABC: `` Generating dependency: /src/base/abci/abcFxu.c
[ 94%] ABC: `` Generating dependency: /src/base/abci/abcFx.c
[ 94%] ABC: `` Generating dependency: /src/base/abci/abcFraig.c
[ 94%] ABC: `` Generating dependency: /src/base/abci/abcExtract.c
[ 94%] ABC: `` Generating dependency: /src/base/abci/abcExact.c
[ 94%] ABC: `` Generating dependency: /src/base/abci/abcEco.c
[ 94%] ABC: `` Generating dependency: /src/base/abci/abcDsd.c
[ 94%] ABC: `` Generating dependency: /src/base/abci/abcDress3.c
[ 94%] ABC: `` Generating dependency: /src/base/abci/abcDress2.c
[ 94%] ABC: `` Generating dependency: /src/base/abci/abcDress.c
[ 94%] ABC: `` Generating dependency: /src/base/abci/abcDetect.c
[ 94%] ABC: `` Generating dependency: /src/base/abci/abcDec.c
[ 94%] ABC: `` Generating dependency: /src/base/abci/abcDebug.c
[ 94%] ABC: `` Generating dependency: /src/base/abci/abcDar.c
[ 94%] ABC: `` Generating dependency: /src/base/abci/abcCut.c
[ 94%] ABC: `` Generating dependency: /src/base/abci/abcCollapse.c
[ 94%] ABC: `` Generating dependency: /src/base/abci/abcCascade.c
[ 94%] ABC: `` Generating dependency: /src/base/abci/abcCas.c
[ 94%] ABC: `` Generating dependency: /src/base/abci/abcBmc.c
[ 94%] ABC: `` Generating dependency: /src/base/abci/abcBm.c
[ 94%] ABC: `` Generating dependency: /src/base/abci/abcBidec.c
[ 94%] ABC: `` Generating dependency: /src/base/abci/abcBalance.c
[ 94%] ABC: `` Generating dependency: /src/base/abci/abcAuto.c
[ 94%] ABC: `` Generating dependency: /src/base/abci/abcAttach.c
[ 94%] ABC: `` Generating dependency: /src/base/abci/abc.c
[ 94%] ABC: `` Generating dependency: /src/base/abc/abcUtil.c
[ 94%] ABC: `` Generating dependency: /src/base/abc/abcSop.c
[ 94%] ABC: `` Generating dependency: /src/base/abc/abcShow.c
[ 94%] ABC: `` Generating dependency: /src/base/abc/abcRefs.c
[ 94%] ABC: `` Generating dependency: /src/base/abc/abcObj.c
[ 94%] ABC: `` Generating dependency: /src/base/abc/abcNtk.c
[ 94%] ABC: `` Generating dependency: /src/base/abc/abcNetlist.c
[ 94%] ABC: `` Generating dependency: /src/base/abc/abcNames.c
[ 94%] ABC: `` Generating dependency: /src/base/abc/abcMinBase.c
[ 94%] ABC: `` Generating dependency: /src/base/abc/abcLib.c
[ 94%] ABC: `` Generating dependency: /src/base/abc/abcLatch.c
[ 94%] ABC: `` Generating dependency: /src/base/abc/abcHieNew.c
[ 94%] ABC: `` Generating dependency: /src/base/abc/abcHieGia.c
[ 94%] ABC: `` Generating dependency: /src/base/abc/abcHieCec.c
[ 94%] ABC: `` Generating dependency: /src/base/abc/abcHie.c
[ 94%] ABC: `` Generating dependency: /src/base/abc/abcFunc.c
[ 94%] ABC: `` Generating dependency: /src/base/abc/abcFanOrder.c
[ 94%] ABC: `` Generating dependency: /src/base/abc/abcFanio.c
[ 94%] ABC: `` Generating dependency: /src/base/abc/abcDfs.c
[ 94%] ABC: `` Generating dependency: /src/base/abc/abcCheck.c
[ 94%] ABC: `` Generating dependency: /src/base/abc/abcBlifMv.c
[ 94%] ABC: `` Generating dependency: /src/base/abc/abcBarBuf.c
[ 94%] ABC: `` Generating dependency: /src/base/abc/abcAig.c
[ 94%] ABC: `` Generating dependency: /src/sat/glucose/System.cpp
[ 94%] ABC: `` Generating dependency: /src/sat/glucose/SimpSolver.cpp
[ 94%] ABC: `` Generating dependency: /src/sat/glucose/Options.cpp
[ 94%] ABC: `` Generating dependency: /src/sat/glucose/Glucose.cpp
[ 94%] ABC: `` Generating dependency: /src/sat/glucose/AbcGlucoseCmd.cpp
[ 94%] ABC: `` Generating dependency: /src/sat/glucose/AbcGlucose.cpp
[ 94%] ABC: Using CC=clang
[ 94%] ABC: Using CXX=clang
[ 94%] ABC: Using LD=clang
[ 94%] ABC: Compiling with CUDD
[ 94%] ABC: Using libreadline
[ 94%] ABC: Using pthreads
[ 94%] ABC: Using explicit -lstdc++
[ 94%] ABC: Using CFLAGS=-Wall -Wno-unused-function -Wno-write-strings -Wno-sign-compare -DABC_USE_STDINT_H -DABC_USE_CUDD=1 -DABC_USE_READLINE  -DABC_USE_PTHREADS
[ 94%] ABC: `` Compiling: /src/sat/glucose/AbcGlucose.cpp
[ 94%] ABC: `` Compiling: /src/sat/glucose/AbcGlucoseCmd.cpp
src/sat/glucose/AbcGlucose.cpp:926:30: warning: variable 'nCubes' set but not used [-Wunused-but-set-variable]
    int i, CiId, ObjId, Res, nCubes = 0, nNodes, Count = 0, iNode = Abc_Lit2Var(iLit);
                             ^
src/sat/glucose/AbcGlucose.cpp:926:42: warning: variable 'nNodes' set but not used [-Wunused-but-set-variable]
    int i, CiId, ObjId, Res, nCubes = 0, nNodes, Count = 0, iNode = Abc_Lit2Var(iLit);
                                         ^
[ 94%] ABC: `` Compiling: /src/sat/glucose/Glucose.cpp
src/sat/glucose/Glucose.cpp:357:5: warning: misleading indentation; statement is not part of the previous 'if' [-Wmisleading-indentation]
    for (int i = 0; i < c.size(); i++)
    ^
src/sat/glucose/Glucose.cpp:353:3: note: previous statement is here
  if(incremental)  // Check clauses with many selectors is too time consuming
  ^
2 warnings generated.
[ 94%] ABC: `` Compiling: /src/sat/glucose/Options.cpp
src/sat/glucose/Options.cpp:68:9: warning: misleading indentation; statement is not part of the previous 'if' [-Wmisleading-indentation]
        sort(Option::getOptionList(), Option::OptionLt());
        ^
src/sat/glucose/Options.cpp:65:5: note: previous statement is here
    if (usage != NULL)
    ^
1 warning generated.
[ 94%] ABC: `` Compiling: /src/sat/glucose/SimpSolver.cpp
1 warning generated.
[ 94%] ABC: `` Compiling: /src/sat/glucose/System.cpp
[ 94%] ABC: `` Compiling: /src/base/abc/abcAig.c
src/base/abc/abcAig.c:544:34: warning: variable 'pAnd1' set but not used [-Wunused-but-set-variable]
    Abc_Obj_t * pAnd, * pAnd0, * pAnd1, ** ppPlace;
                                 ^
src/base/abc/abcAig.c:544:25: warning: variable 'pAnd0' set but not used [-Wunused-but-set-variable]
    Abc_Obj_t * pAnd, * pAnd0, * pAnd1, ** ppPlace;
                        ^
src/base/abc/abcAig.c:589:13: warning: variable 'clk' set but not used [-Wunused-but-set-variable]
    abctime clk;
            ^
[ 94%] ABC: `` Compiling: /src/base/abc/abcBarBuf.c
3 warnings generated.
[ 94%] ABC: `` Compiling: /src/base/abc/abcBlifMv.c
[ 94%] ABC: `` Compiling: /src/base/abc/abcCheck.c
[ 94%] ABC: `` Compiling: /src/base/abc/abcDfs.c
[ 94%] ABC: `` Compiling: /src/base/abc/abcFanio.c
[ 94%] ABC: `` Compiling: /src/base/abc/abcFanOrder.c
[ 94%] ABC: `` Compiling: /src/base/abc/abcFunc.c
[ 94%] ABC: `` Compiling: /src/base/abc/abcHie.c
src/base/abc/abcHie.c:786:20: warning: variable 'pName' set but not used [-Wunused-but-set-variable]
            char * pName;
                   ^
[ 94%] ABC: `` Compiling: /src/base/abc/abcHieCec.c
1 warning generated.
[ 94%] ABC: `` Compiling: /src/base/abc/abcHieGia.c
[ 94%] ABC: `` Compiling: /src/base/abc/abcHieNew.c
[ 94%] ABC: `` Compiling: /src/base/abc/abcLatch.c
[ 94%] ABC: `` Compiling: /src/base/abc/abcLib.c
[ 94%] ABC: `` Compiling: /src/base/abc/abcMinBase.c
[ 94%] ABC: `` Compiling: /src/base/abc/abcNames.c
[ 94%] ABC: `` Compiling: /src/base/abc/abcNetlist.c
[ 94%] ABC: `` Compiling: /src/base/abc/abcNtk.c
src/base/abc/abcNtk.c:1288:9: warning: variable 'TotalMemory' set but not used [-Wunused-but-set-variable]
    int TotalMemory, i;
        ^
[ 94%] ABC: `` Compiling: /src/base/abc/abcObj.c
[ 94%] ABC: `` Compiling: /src/base/abc/abcRefs.c
[ 94%] ABC: `` Compiling: /src/base/abc/abcShow.c
src/base/abc/abcShow.c:262:12: warning: variable 'pDotNameWin' set but not used [-Wunused-but-set-variable]
    char * pDotNameWin = "dot.exe";
           ^
src/base/abc/abcShow.c:264:12: warning: variable 'pGsNameWin' set but not used [-Wunused-but-set-variable]
    char * pGsNameWin = "gsview32.exe";
           ^
1 warning generated.
[ 94%] ABC: `` Compiling: /src/base/abc/abcSop.c
2 warnings generated.
[ 94%] ABC: `` Compiling: /src/base/abc/abcUtil.c
In file included from src/base/abc/abcUtil.c:26:
./src/aig/miniaig/ndr.h:576:36: warning: variable 'RetValue' set but not used [-Wunused-but-set-variable]
    Ndr_Data_t * p; int nFileSize, RetValue;
                                   ^
./src/aig/miniaig/ndr.h:598:49: warning: variable 'RetValue' set but not used [-Wunused-but-set-variable]
    Ndr_Data_t * p = (Ndr_Data_t *)pDesign; int RetValue;
                                                ^
[ 94%] ABC: `` Compiling: /src/base/abci/abc.c
src/base/abci/abc.c:1438:9: warning: variable 'fShort' set but not used [-Wunused-but-set-variable]
    int fShort;
        ^
src/base/abci/abc.c:2464:9: warning: variable 'fUseLibrary' set but not used [-Wunused-but-set-variable]
    int fUseLibrary;
        ^
src/base/abci/abc.c:2516:9: warning: variable 'fUseLibrary' set but not used [-Wunused-but-set-variable]
    int fUseLibrary;
        ^
src/base/abci/abc.c:2690:9: warning: variable 'fUseLibrary' set but not used [-Wunused-but-set-variable]
    int fUseLibrary;
        ^
src/base/abci/abc.c:2745:9: warning: variable 'fUseLibrary' set but not used [-Wunused-but-set-variable]
    int fUseLibrary;
        ^
src/base/abci/abc.c:8966:9: warning: variable 'fCheck' set but not used [-Wunused-but-set-variable]
    int fCheck;
        ^
src/base/abci/abc.c:9203:9: warning: variable 'fComb' set but not used [-Wunused-but-set-variable]
    int fComb = 0;
        ^
src/base/abci/abc.c:9296:9: warning: variable 'fComb' set but not used [-Wunused-but-set-variable]
    int fComb = 0;
        ^
src/base/abci/abc.c:9739:9: warning: variable 'fComb' set but not used [-Wunused-but-set-variable]
    int fComb = 0;
        ^
src/base/abci/abc.c:9824:9: warning: variable 'fComb' set but not used [-Wunused-but-set-variable]
    int fComb = 0;
        ^
src/base/abci/abc.c:14448:12: warning: variable 'fUpdateLevel' set but not used [-Wunused-but-set-variable]
    int c, fUpdateLevel, fUseZeroCost, fVerbose;
           ^
src/base/abci/abc.c:14589:12: warning: variable 'fUpdateLevel' set but not used [-Wunused-but-set-variable]
    int c, fUpdateLevel, fVerbose;
           ^
src/base/abci/abc.c:15904:9: warning: variable 'fDuplicate' set but not used [-Wunused-but-set-variable]
    int fDuplicate;
        ^
src/base/abci/abc.c:15964:9: warning: variable 'fDuplicate' set but not used [-Wunused-but-set-variable]
    int fDuplicate;
        ^
src/base/abci/abc.c:16113:9: warning: variable 'fDuplicate' set but not used [-Wunused-but-set-variable]
    int fDuplicate;
        ^
src/base/abci/abc.c:19801:12: warning: variable 'nMaxIters' set but not used [-Wunused-but-set-variable]
    int c, nMaxIters;
           ^
src/base/abci/abc.c:21746:9: warning: variable 'fComb' set but not used [-Wunused-but-set-variable]
    int fComb;
        ^
src/base/abci/abc.c:22931:23: warning: variable 'fZddAlgo' set but not used [-Wunused-but-set-variable]
    int c, nSize = 4, fZddAlgo = 0, fVerbose = 0;
                      ^
src/base/abci/abc.c:27086:12: warning: variable 'pOut' set but not used [-Wunused-but-set-variable]
    FILE * pOut, * pErr;
           ^
src/base/abci/abc.c:27166:12: warning: variable 'pOut' set but not used [-Wunused-but-set-variable]
    FILE * pOut, * pErr;
           ^
src/base/abci/abc.c:29676:13: warning: variable 'pArgvNew' set but not used [-Wunused-but-set-variable]
    char ** pArgvNew;
            ^
src/base/abci/abc.c:29755:13: warning: variable 'pArgvNew' set but not used [-Wunused-but-set-variable]
    char ** pArgvNew;
            ^
src/base/abci/abc.c:29845:13: warning: variable 'pArgvNew' set but not used [-Wunused-but-set-variable]
    char ** pArgvNew;
            ^
src/base/abci/abc.c:32365:9: warning: variable 'fUpdateLevel' set but not used [-Wunused-but-set-variable]
    int fUpdateLevel = 1;
        ^
src/base/abci/abc.c:32416:9: warning: variable 'fUpdateLevel' set but not used [-Wunused-but-set-variable]
    int fUpdateLevel = 1;
        ^
src/base/abci/abc.c:32644:9: warning: variable 'fKeepLevel' set but not used [-Wunused-but-set-variable]
    int fKeepLevel   = 0;
        ^
src/base/abci/abc.c:32735:9: warning: variable 'fVeryVerbose' set but not used [-Wunused-but-set-variable]
    int fVeryVerbose = 0;
        ^
src/base/abci/abc.c:40021:12: warning: variable 'fDualOut' set but not used [-Wunused-but-set-variable]
    int c, fDualOut = 0, fVerbose = 0;
           ^
src/base/abci/abc.c:44172:9: warning: variable 'fMinCut' set but not used [-Wunused-but-set-variable]
    int fMinCut = 1;
        ^
2 warnings generated.
[ 94%] ABC: `` Compiling: /src/base/abci/abcAttach.c
[ 94%] ABC: `` Compiling: /src/base/abci/abcAuto.c
src/base/abci/abcAuto.c:128:16: warning: variable 'SigCounter' set but not used [-Wunused-but-set-variable]
    int nSupp, SigCounter, o;
               ^
src/base/abci/abcAuto.c:223:16: warning: variable 'SigCounter' set but not used [-Wunused-but-set-variable]
    int nSupp, SigCounter;
               ^
2 warnings generated.
[ 94%] ABC: `` Compiling: /src/base/abci/abcBalance.c
[ 94%] ABC: `` Compiling: /src/base/abci/abcBidec.c
[ 94%] ABC: `` Compiling: /src/base/abci/abcBm.c
src/base/abci/abcBm.c:814:9: warning: variable 'nErrors' set but not used [-Wunused-but-set-variable]
    int nErrors, nPrinted, i, iNode = -1;
        ^
src/base/abci/abcBm.c:876:13: warning: variable 'clk' set but not used [-Wunused-but-set-variable]
    abctime clk;    
            ^
2 warnings generated.
[ 94%] ABC: `` Compiling: /src/base/abci/abcBmc.c
[ 94%] ABC: `` Compiling: /src/base/abci/abcCas.c
[ 94%] ABC: `` Compiling: /src/base/abci/abcCascade.c
[ 94%] ABC: `` Compiling: /src/base/abci/abcCollapse.c
[ 94%] ABC: `` Compiling: /src/base/abci/abcCut.c
[ 94%] ABC: `` Compiling: /src/base/abci/abcDar.c
src/base/abci/abcDar.c:1454:13: warning: variable 'clk' set but not used [-Wunused-but-set-variable]
    abctime clk;
            ^
src/base/abci/abcDar.c:1498:13: warning: variable 'clk' set but not used [-Wunused-but-set-variable]
    abctime clk;
            ^
src/base/abci/abcDar.c:1535:13: warning: variable 'clk' set but not used [-Wunused-but-set-variable]
    abctime clk;
            ^
src/base/abci/abcDar.c:1641:13: warning: variable 'clk' set but not used [-Wunused-but-set-variable]
    abctime clk;
            ^
src/base/abci/abcDar.c:1678:15: warning: variable 'nDupGates' set but not used [-Wunused-but-set-variable]
    int i, k, nDupGates;
              ^
src/base/abci/abcDar.c:4398:27: warning: variable 'nDupGates' set but not used [-Wunused-but-set-variable]
    int i, k, iPis, iPos, nDupGates;
                          ^
6 warnings generated.
[ 94%] ABC: `` Compiling: /src/base/abci/abcDebug.c
[ 94%] ABC: `` Compiling: /src/base/abci/abcDec.c
src/base/abci/abcDec.c:227:20: warning: variable 'RetValue' set but not used [-Wunused-but-set-variable]
    int nFileSize, RetValue;
                   ^
1 warning generated.
[ 94%] ABC: `` Compiling: /src/base/abci/abcDetect.c
29 warnings generated.
[ 94%] ABC: `` Compiling: /src/base/abci/abcDress.c
[ 94%] ABC: `` Compiling: /src/base/abci/abcDress2.c
[ 94%] ABC: `` Compiling: /src/base/abci/abcDress3.c
[ 94%] ABC: `` Compiling: /src/base/abci/abcDsd.c
[ 94%] ABC: `` Compiling: /src/base/abci/abcEco.c
[ 94%] ABC: `` Compiling: /src/base/abci/abcExact.c
src/base/abci/abcExact.c:829:9: warning: variable 'value' set but not used [-Wunused-but-set-variable]
    int value;
        ^
[ 94%] ABC: `` Compiling: /src/base/abci/abcExtract.c
src/base/abci/abcExact.c:2722:9: warning: variable 'Delay' set but not used [-Wunused-but-set-variable]
    int Delay = ABC_INFINITY, nMaxDepth, fResLimit;
        ^
[ 94%] ABC: `` Compiling: /src/base/abci/abcFraig.c
[ 94%] ABC: `` Compiling: /src/base/abci/abcFx.c
2 warnings generated.
[ 94%] ABC: `` Compiling: /src/base/abci/abcFxu.c
[ 94%] ABC: `` Compiling: /src/base/abci/abcGen.c
[ 94%] ABC: `` Compiling: /src/base/abci/abcHaig.c
[ 94%] ABC: `` Compiling: /src/base/abci/abcIf.c
[ 94%] ABC: `` Compiling: /src/base/abci/abcIfif.c
[ 94%] ABC: `` Compiling: /src/base/abci/abcIfMux.c
[ 94%] ABC: `` Compiling: /src/base/abci/abcIvy.c
[ 94%] ABC: `` Compiling: /src/base/abci/abcLog.c
src/base/abci/abcIvy.c:203:13: warning: variable 'clk' set but not used [-Wunused-but-set-variable]
    abctime clk;
            ^
src/base/abci/abcIvy.c:505:25: warning: variable 'pFanin' set but not used [-Wunused-but-set-variable]
    Abc_Obj_t * pObj, * pFanin;
                        ^
src/base/abci/abcLog.c:137:36: warning: variable 'RetValue' set but not used [-Wunused-but-set-variable]
    char Buffer[1000], * pToken, * RetValue;
                                   ^
1 warning generated.
[ 94%] ABC: `` Compiling: /src/base/abci/abcLut.c
2 warnings generated.
[ 94%] ABC: `` Compiling: /src/base/abci/abcLutmin.c
[ 94%] ABC: `` Compiling: /src/base/abci/abcMap.c
[ 94%] ABC: `` Compiling: /src/base/abci/abcMerge.c
src/base/abci/abcMap.c:69:13: warning: variable 'clk' set but not used [-Wunused-but-set-variable]
    abctime clk, clkTotal = Abc_Clock();
            ^
src/base/abci/abcMap.c:476:12: warning: variable 'nDupGates' set but not used [-Wunused-but-set-variable]
    int i, nDupGates;
           ^
[ 94%] ABC: `` Compiling: /src/base/abci/abcMfs.c
2 warnings generated.
[ 94%] ABC: `` Compiling: /src/base/abci/abcMini.c
In file included from src/base/abci/abcMini.c:23:
./src/aig/miniaig/miniaig.h:180:9: warning: variable 'RetValue' set but not used [-Wunused-but-set-variable]
    int RetValue;
        ^
./src/aig/miniaig/miniaig.h:196:9: warning: variable 'RetValue' set but not used [-Wunused-but-set-variable]
    int RetValue, nSize;
        ^
[ 94%] ABC: `` Compiling: /src/base/abci/abcMiter.c
2 warnings generated.
[ 94%] ABC: `` Compiling: /src/base/abci/abcMulti.c
[ 94%] ABC: `` Compiling: /src/base/abci/abcNtbdd.c
[ 94%] ABC: `` Compiling: /src/base/abci/abcNpn.c
[ 94%] ABC: `` Compiling: /src/base/abci/abcNpnSave.c
[ 94%] ABC: `` Compiling: /src/base/abci/abcOdc.c
src/base/abci/abcNpnSave.c:396:13: warning: variable 'clk' set but not used [-Wunused-but-set-variable]
    abctime clk;
            ^
1 warning generated.
[ 94%] ABC: `` Compiling: /src/base/abci/abcOrder.c
[ 94%] ABC: `` Compiling: /src/base/abci/abcPart.c
[ 94%] ABC: `` Compiling: /src/base/abci/abcPrint.c
src/base/abci/abcPart.c:728:25: warning: variable 'timeFind' set but not used [-Wunused-but-set-variable]
    int i, iPart, iOut, timeFind = 0;
                        ^
1 warning generated.
[ 94%] ABC: `` Compiling: /src/base/abci/abcProve.c
[ 94%] ABC: `` Compiling: /src/base/abci/abcQbf.c
src/base/abci/abcQbf.c:69:17: warning: variable 'nInputs' set but not used [-Wunused-but-set-variable]
    int nIters, nInputs, RetValue, fFound = 0;
                ^
[ 94%] ABC: `` Compiling: /src/base/abci/abcQuant.c
1 warning generated.
[ 94%] ABC: `` Compiling: /src/base/abci/abcRec3.c
[ 94%] ABC: `` Compiling: /src/base/abci/abcReconv.c
[ 94%] ABC: `` Compiling: /src/base/abci/abcReach.c
[ 94%] ABC: `` Compiling: /src/base/abci/abcRefactor.c
[ 94%] ABC: `` Compiling: /src/base/abci/abcRenode.c
[ 94%] ABC: `` Compiling: /src/base/abci/abcReorder.c
[ 94%] ABC: `` Compiling: /src/base/abci/abcRestruct.c
[ 94%] ABC: `` Compiling: /src/base/abci/abcResub.c
[ 94%] ABC: `` Compiling: /src/base/abci/abcRewrite.c
[ 94%] ABC: `` Compiling: /src/base/abci/abcRpo.c
[ 94%] ABC: `` Compiling: /src/base/abci/abcRr.c
[ 94%] ABC: `` Compiling: /src/base/abci/abcSat.c
src/base/abci/abcRr.c:928:25: warning: variable 'pFanin0' set but not used [-Wunused-but-set-variable]
    Abc_Obj_t * pObj, * pFanin0, * pFanin1, * pDisproved;
                        ^
src/base/abci/abcRr.c:928:36: warning: variable 'pFanin1' set but not used [-Wunused-but-set-variable]
    Abc_Obj_t * pObj, * pFanin0, * pFanin1, * pDisproved;
                                   ^
src/base/abci/abcSat.c:61:13: warning: variable 'clk' set but not used [-Wunused-but-set-variable]
    abctime clk;
            ^
1 warning generated.
[ 94%] ABC: `` Compiling: /src/base/abci/abcSaucy.c
2 warnings generated.
[ 94%] ABC: `` Compiling: /src/base/abci/abcScorr.c
[ 94%] ABC: `` Compiling: /src/base/abci/abcSense.c
[ 94%] ABC: `` Compiling: /src/base/abci/abcSpeedup.c
[ 94%] ABC: `` Compiling: /src/base/abci/abcStrash.c
src/base/abci/abcStrash.c:268:9: warning: variable 'nNodes' set but not used [-Wunused-but-set-variable]
    int nNodes;
        ^
src/base/abci/abcStrash.c:323:12: warning: variable 'pName' set but not used [-Wunused-but-set-variable]
    char * pName;
           ^
[ 94%] ABC: `` Compiling: /src/base/abci/abcSweep.c
2 warnings generated.
[ 94%] ABC: `` Compiling: /src/base/abci/abcSymm.c
[ 94%] ABC: `` Compiling: /src/base/abci/abcTim.c
[ 94%] ABC: `` Compiling: /src/base/abci/abcTiming.c
src/base/abci/abcTiming.c:1051:19: warning: variable 'Slack' set but not used [-Wunused-but-set-variable]
            float Slack = 0.0, SlackAdd;
                  ^
[ 94%] ABC: `` Compiling: /src/base/abci/abcUnate.c
[ 94%] ABC: `` Compiling: /src/base/abci/abcUnreach.c
1 warning generated.
[ 94%] ABC: `` Compiling: /src/base/abci/abcVerify.c
[ 94%] ABC: `` Compiling: /src/base/abci/abcXsim.c
[ 94%] ABC: `` Compiling: /src/base/cmd/cmd.c
[ 94%] ABC: `` Compiling: /src/base/cmd/cmdAlias.c
src/base/cmd/cmd.c:1850:12: warning: variable 'pOut' set but not used [-Wunused-but-set-variable]
    FILE * pOut, * pErr;
           ^
src/base/cmd/cmd.c:1992:12: warning: variable 'pOut' set but not used [-Wunused-but-set-variable]
    FILE * pOut, * pErr;
           ^
src/base/cmd/cmd.c:2201:12: warning: variable 'pOut' set but not used [-Wunused-but-set-variable]
    FILE * pOut, * pErr;
           ^
[ 94%] ABC: `` Compiling: /src/base/cmd/cmdApi.c
3 warnings generated.
[ 94%] ABC: `` Compiling: /src/base/cmd/cmdAuto.c
[ 94%] ABC: `` Compiling: /src/base/cmd/cmdFlag.c
src/base/cmd/cmdAuto.c:643:30: warning: variable 'pOptsBest' set but not used [-Wunused-but-set-variable]
    satoko_opts_t * pOpts, * pOptsBest = NULL;
                             ^
[ 94%] ABC: `` Compiling: /src/base/cmd/cmdHist.c
1 warning generated.
[ 94%] ABC: `` Compiling: /src/base/cmd/cmdLoad.c
[ 94%] ABC: `` Compiling: /src/base/cmd/cmdPlugin.c
[ 94%] ABC: `` Compiling: /src/base/cmd/cmdStarter.c
[ 94%] ABC: `` Compiling: /src/base/cmd/cmdUtils.c
src/base/cmd/cmdUtils.c:52:9: warning: variable 'RetValue' set but not used [-Wunused-but-set-variable]
    int RetValue;
        ^
[ 94%] ABC: `` Compiling: /src/base/io/io.c
1 warning generated.
[ 94%] ABC: `` Compiling: /src/base/io/ioJson.c
src/base/io/io.c:674:9: warning: variable 'fCheck' set but not used [-Wunused-but-set-variable]
    int fCheck;
        ^
src/base/io/io.c:900:12: warning: variable 'pOut' set but not used [-Wunused-but-set-variable]
    FILE * pOut, * pErr;
           ^
src/base/io/ioJson.c:173:20: warning: variable 'RetValue' set but not used [-Wunused-but-set-variable]
    int nFileSize, RetValue, iToken;
                   ^
1 warning generated.
[ 94%] ABC: `` Compiling: /src/base/io/ioReadAiger.c
src/base/io/ioReadAiger.c:127:9: warning: variable 'RetValue' set but not used [-Wunused-but-set-variable]
    int RetValue;
        ^
src/base/io/ioReadAiger.c:247:9: warning: variable 'RetValue' set but not used [-Wunused-but-set-variable]
    int RetValue;
        ^
src/base/io/ioReadAiger.c:244:32: warning: variable 'nDigits' set but not used [-Wunused-but-set-variable]
    int nFileSize = -1, iTerm, nDigits, i;
                               ^
2 warnings generated.
[ 94%] ABC: `` Compiling: /src/base/io/ioReadBaf.c
3 warnings generated.
[ 94%] ABC: `` Compiling: /src/base/io/ioReadBblif.c
src/base/io/ioReadBaf.c:55:9: warning: variable 'RetValue' set but not used [-Wunused-but-set-variable]
    int RetValue;
        ^
1 warning generated.
[ 94%] ABC: `` Compiling: /src/base/io/ioReadBench.c
[ 94%] ABC: `` Compiling: /src/base/io/ioReadBlif.c
[ 94%] ABC: `` Compiling: /src/base/io/ioReadBlifAig.c
src/base/io/ioReadBlifAig.c:436:9: warning: variable 'RetValue' set but not used [-Wunused-but-set-variable]
    int RetValue;
        ^
[ 94%] ABC: `` Compiling: /src/base/io/ioReadBlifMv.c
1 warning generated.
[ 94%] ABC: `` Compiling: /src/base/io/ioReadDsd.c
src/base/io/ioReadBlifMv.c:557:24: warning: variable 'RetValue' set but not used [-Wunused-but-set-variable]
    int       bzError, RetValue;
                       ^
src/base/io/ioReadBlifMv.c:670:9: warning: variable 'RetValue' set but not used [-Wunused-but-set-variable]
    int RetValue;
        ^
src/base/io/ioReadBlifMv.c:1490:9: warning: variable 'nEquals' set but not used [-Wunused-but-set-variable]
    int nEquals, i;
        ^
[ 94%] ABC: `` Compiling: /src/base/io/ioReadEdif.c
[ 94%] ABC: `` Compiling: /src/base/io/ioReadEqn.c
[ 94%] ABC: `` Compiling: /src/base/io/ioReadPla.c
[ 94%] ABC: `` Compiling: /src/base/io/ioReadPlaMo.c
3 warnings generated.
[ 94%] ABC: `` Compiling: /src/base/io/ioReadVerilog.c
src/base/io/ioReadPlaMo.c:100:20: warning: variable 'RetValue' set but not used [-Wunused-but-set-variable]
    int nFileSize, RetValue;
                   ^
[ 94%] ABC: `` Compiling: /src/base/io/ioUtil.c
[ 94%] ABC: `` Compiling: /src/base/io/ioWriteAiger.c
1 warning generated.
[ 94%] ABC: `` Compiling: /src/base/io/ioWriteBaf.c
[ 94%] ABC: `` Compiling: /src/base/io/ioWriteBblif.c
[ 94%] ABC: `` Compiling: /src/base/io/ioWriteBench.c
[ 94%] ABC: `` Compiling: /src/base/io/ioWriteBlif.c
[ 94%] ABC: `` Compiling: /src/base/io/ioWriteBlifMv.c
src/base/io/ioWriteBlif.c:951:17: warning: misleading indentation; statement is not part of the previous 'for' [-Wmisleading-indentation]
                fprintf( pFile, " %s%s\n", Abc_ObjName(Abc_ObjFanout0(pNode)), c? "" : "_cascade" );
                ^
src/base/io/ioWriteBlif.c:946:13: note: previous statement is here
            for ( i = 0; i < nVarsMin[c]; i++ )
            ^
[ 94%] ABC: `` Compiling: /src/base/io/ioWriteBook.c
1 warning generated.
[ 94%] ABC: `` Compiling: /src/base/io/ioWriteCnf.c
[ 94%] ABC: `` Compiling: /src/base/io/ioWriteDot.c
[ 94%] ABC: `` Compiling: /src/base/io/ioWriteEqn.c
[ 94%] ABC: `` Compiling: /src/base/io/ioWriteGml.c
[ 94%] ABC: `` Compiling: /src/base/io/ioWriteList.c
[ 94%] ABC: `` Compiling: /src/base/io/ioWritePla.c
src/base/io/ioWritePla.c:215:17: warning: variable 'fPhase' set but not used [-Wunused-but-set-variable]
    int nCubes, fPhase;
                ^
[ 94%] ABC: `` Compiling: /src/base/io/ioWriteVerilog.c
1 warning generated.
[ 94%] ABC: `` Compiling: /src/base/io/ioWriteSmv.c
[ 94%] ABC: `` Compiling: /src/base/main/main.c
[ 94%] ABC: `` Compiling: /src/base/main/mainFrame.c
[ 94%] ABC: `` Compiling: /src/base/main/mainInit.c
[ 94%] ABC: `` Compiling: /src/base/main/mainLib.c
[ 94%] ABC: `` Compiling: /src/base/main/mainReal.c
src/base/main/mainLib.c:54:19: warning: variable 'pAbc' set but not used [-Wunused-but-set-variable]
    Abc_Frame_t * pAbc;
                  ^
1 warning generated.
[ 94%] ABC: `` Compiling: /src/base/main/libSupport.c
[ 94%] ABC: `` Compiling: /src/base/main/mainUtils.c
[ 94%] ABC: `` Compiling: /src/base/exor/exor.c
[ 94%] ABC: `` Compiling: /src/base/exor/exorBits.c
[ 94%] ABC: `` Compiling: /src/base/exor/exorCubes.c
[ 94%] ABC: `` Compiling: /src/base/exor/exorLink.c
[ 94%] ABC: `` Compiling: /src/base/exor/exorList.c
[ 94%] ABC: `` Compiling: /src/base/exor/exorUtil.c
src/base/exor/exorUtil.c:123:9: warning: variable 'QCostControl' set but not used [-Wunused-but-set-variable]
    int QCostControl = 0;
        ^
[ 94%] ABC: `` Compiling: /src/base/ver/verCore.c
1 warning generated.
[ 94%] ABC: `` Compiling: /src/base/ver/verFormula.c
[ 94%] ABC: `` Compiling: /src/base/ver/verParse.c
[ 94%] ABC: `` Compiling: /src/base/ver/verStream.c
src/base/ver/verStream.c:79:9: warning: variable 'RetValue' set but not used [-Wunused-but-set-variable]
    int RetValue;
        ^
src/base/ver/verStream.c:127:9: warning: variable 'RetValue' set but not used [-Wunused-but-set-variable]
    int RetValue;
        ^
2 warnings generated.
[ 94%] ABC: `` Compiling: /src/base/wlc/wlcAbs.c
In file included from src/base/wlc/wlcAbs.c:23:
In file included from ./src/proof/pdr/pdrInt.h:32:
./src/misc/hash/hashInt.h:118:31: warning: variable 'pLast' set but not used [-Wunused-but-set-variable]
  Hash_Int_Entry_t *pEntry, **pLast;
                              ^
src/base/wlc/wlcAbs.c:1086:12: warning: variable 'Count' set but not used [-Wunused-but-set-variable]
    int i, Count = 0;
           ^
[ 94%] ABC: `` Compiling: /src/base/wlc/wlcAbs2.c
src/base/wlc/wlcAbs2.c:127:12: warning: variable 'Count' set but not used [-Wunused-but-set-variable]
    int i, Count = 0;
           ^
1 warning generated.
[ 94%] ABC: `` Compiling: /src/base/wlc/wlcAbc.c
[ 94%] ABC: `` Compiling: /src/base/wlc/wlcPth.c
2 warnings generated.
[ 94%] ABC: `` Compiling: /src/base/wlc/wlcBlast.c
[ 94%] ABC: `` Compiling: /src/base/wlc/wlcCom.c
In file included from src/base/wlc/wlcCom.c:23:
./src/aig/miniaig/ndr.h:576:36: warning: variable 'RetValue' set but not used [-Wunused-but-set-variable]
    Ndr_Data_t * p; int nFileSize, RetValue;
                                   ^
./src/aig/miniaig/ndr.h:598:49: warning: variable 'RetValue' set but not used [-Wunused-but-set-variable]
    Ndr_Data_t * p = (Ndr_Data_t *)pDesign; int RetValue;
                                                ^
src/base/wlc/wlcCom.c:1304:25: warning: variable 'fVerbose' set but not used [-Wunused-but-set-variable]
    int c, fMemory = 0, fVerbose = 0;
                        ^
3 warnings generated.
[ 94%] ABC: `` Compiling: /src/base/wlc/wlcGraft.c
src/base/wlc/wlcGraft.c:545:9: warning: variable 'iObjFound' set but not used [-Wunused-but-set-variable]
    int iObjFound = -1;
        ^
1 warning generated.
[ 94%] ABC: `` Compiling: /src/base/wlc/wlcJson.c
[ 94%] ABC: `` Compiling: /src/base/wlc/wlcMem.c
In file included from src/base/wlc/wlcMem.c:24:
In file included from ./src/proof/pdr/pdrInt.h:32:
./src/misc/hash/hashInt.h:118:31: warning: variable 'pLast' set but not used [-Wunused-but-set-variable]
  Hash_Int_Entry_t *pEntry, **pLast;
                              ^
src/base/wlc/wlcMem.c:296:25: warning: variable 'iFrame' set but not used [-Wunused-but-set-variable]
    int i, Entry, iObj, iFrame;
                        ^
[ 94%] ABC: `` Compiling: /src/base/wlc/wlcNdr.c
2 warnings generated.
[ 94%] ABC: `` Compiling: /src/base/wlc/wlcNtk.c
In file included from src/base/wlc/wlcNdr.c:22:
./src/aig/miniaig/ndr.h:576:36: warning: variable 'RetValue' set but not used [-Wunused-but-set-variable]
    Ndr_Data_t * p; int nFileSize, RetValue;
                                   ^
./src/aig/miniaig/ndr.h:598:49: warning: variable 'RetValue' set but not used [-Wunused-but-set-variable]
    Ndr_Data_t * p = (Ndr_Data_t *)pDesign; int RetValue;
                                                ^
src/base/wlc/wlcNtk.c:1139:27: warning: variable 'pFaninNew' set but not used [-Wunused-but-set-variable]
    Wlc_Obj_t * pFanin, * pFaninNew;
                          ^
src/base/wlc/wlcNtk.c:1140:43: warning: variable 'Count' set but not used [-Wunused-but-set-variable]
    int i, k, iFanin, iFaninNew, iObjNew, Count = 0;
                                          ^
2 warnings generated.
[ 94%] ABC: `` Compiling: /src/base/wlc/wlcReadSmt.c
src/base/wlc/wlcReadSmt.c:1535:20: warning: variable 'RetValue' set but not used [-Wunused-but-set-variable]
    int nFileSize, RetValue;
                   ^
2 warnings generated.
[ 94%] ABC: `` Compiling: /src/base/wlc/wlcReadVer.c
1 warning generated.
[ 94%] ABC: `` Compiling: /src/base/wlc/wlcSim.c
[ 94%] ABC: `` Compiling: /src/base/wlc/wlcShow.c
[ 94%] ABC: `` Compiling: /src/base/wlc/wlcStdin.c
[ 94%] ABC: `` Compiling: /src/base/wlc/wlcUif.c
[ 94%] ABC: `` Compiling: /src/base/wlc/wlcWin.c
[ 94%] ABC: `` Compiling: /src/base/wlc/wlcWriteVer.c
[ 94%] ABC: `` Compiling: /src/base/acb/acbAbc.c
In file included from src/base/acb/acbAbc.c:23:
./src/aig/miniaig/ndr.h:576:36: warning: variable 'RetValue' set but not used [-Wunused-but-set-variable]
    Ndr_Data_t * p; int nFileSize, RetValue;
                                   ^
./src/aig/miniaig/ndr.h:598:49: warning: variable 'RetValue' set but not used [-Wunused-but-set-variable]
    Ndr_Data_t * p = (Ndr_Data_t *)pDesign; int RetValue;
                                                ^
[ 94%] ABC: `` Compiling: /src/base/acb/acbAig.c
[ 94%] ABC: `` Compiling: /src/base/acb/acbCom.c
2 warnings generated.
[ 94%] ABC: `` Compiling: /src/base/acb/acbFunc.c
In file included from src/base/acb/acbFunc.c:22:
[ 94%] ABC: `` Compiling: /src/base/acb/acbMfs.c
./src/aig/miniaig/ndr.h:576:36: warning: variable 'RetValue' set but not used [-Wunused-but-set-variable]
    Ndr_Data_t * p; int nFileSize, RetValue;
                                   ^
./src/aig/miniaig/ndr.h:598:49: warning: variable 'RetValue' set but not used [-Wunused-but-set-variable]
    Ndr_Data_t * p = (Ndr_Data_t *)pDesign; int RetValue;
                                                ^
[ 94%] ABC: `` Compiling: /src/base/acb/acbPush.c
2 warnings generated.
[ 94%] ABC: `` Compiling: /src/base/acb/acbSets.c
[ 94%] ABC: `` Compiling: /src/base/acb/acbUtil.c
[ 94%] ABC: `` Compiling: /src/base/bac/bacBlast.c
[ 94%] ABC: `` Compiling: /src/base/bac/bacBac.c
[ 94%] ABC: `` Compiling: /src/base/bac/bacCom.c
[ 94%] ABC: `` Compiling: /src/base/bac/bacLib.c
In file included from src/base/bac/bacCom.c:22[ 94%] ABC: `` Compiling: /src/base/bac/bacNtk.c
:
src/base/bac/bacPrs.h:231:20: warning: variable 'RetValue' set but not used [-Wunused-but-set-variable]
    int nFileSize, RetValue;
                   ^
1 warning generated.
[ 94%] ABC: `` Compiling: /src/base/bac/bacPrsBuild.c
In file included from src/base/bac/bacPrsBuild.c:22:
src/base/bac/bacPrs.h:231:20: warning: variable 'RetValue' set but not used [-Wunused-but-set-variable]
    int nFileSize, RetValue;
                   ^
[ 94%] ABC: `` Compiling: /src/base/bac/bacPrsTrans.c
In file included from src/base/bac/bacPrsTrans.c:22:
src/base/bac/bacPrs.h:231:20: warning: variable 'RetValue' set but not used [-Wunused-but-set-variable]
    int nFileSize, RetValue;
                   ^
1 warning generated.
[ 94%] ABC: `` Compiling: /src/base/bac/bacPtr.c
1 warning generated.
[ 94%] ABC: `` Compiling: /src/base/bac/bacPtrAbc.c
[ 94%] ABC: `` Compiling: /src/base/bac/bacReadBlif.c
In file included from src/base/bac/bacReadBlif.c:22:
src/base/bac/bacPrs.h:231:20: warning: variable 'RetValue' set but not used [-Wunused-but-set-variable]
    int nFileSize, RetValue;
                   ^
[ 94%] ABC: `` Compiling: /src/base/bac/bacReadSmt.c
[ 94%] ABC: `` Compiling: /src/base/bac/bacReadVer.c
1 warning generated.
[ 94%] ABC: `` Compiling: /src/base/bac/bacWriteBlif.c
In file included from src/base/bac/bacReadVer.c:22:
src/base/bac/bacPrs.h:231:20: warning: variable 'RetValue' set but not used [-Wunused-but-set-variable]
    int nFileSize, RetValue;
                   ^
In file included from src/base/bac/bacWriteBlif.c:22:
src/base/bac/bacPrs.h:231:20: warning: variable 'RetValue' set but not used [-Wunused-but-set-variable]
    int nFileSize, RetValue;
                   ^
1 warning generated.
[ 94%] ABC: `` Compiling: /src/base/bac/bacWriteSmt.c
[ 94%] ABC: `` Compiling: /src/base/bac/bacWriteVer.c
In file included from src/base/bac/bacWriteVer.c:22:
src/base/bac/bacPrs.h:231:20: warning: variable 'RetValue' set but not used [-Wunused-but-set-variable]
    int nFileSize, RetValue;
                   ^
1 warning generated.
[ 94%] ABC: `` Compiling: /src/base/cba/cbaBlast.c
1 warning generated.
[ 94%] ABC: `` Compiling: /src/base/cba/cbaCba.c
[ 94%] ABC: `` Compiling: /src/base/cba/cbaCom.c
[ 94%] ABC: `` Compiling: /src/base/cba/cbaNtk.c
[ 94%] ABC: `` Compiling: /src/base/cba/cbaReadBlif.c
In file included from src/base/cba/cbaReadBlif.c:22:
src/base/cba/cbaPrs.h:284:20: warning: variable 'RetValue' set but not used [-Wunused-but-set-variable]
    int nFileSize, RetValue;
                   ^
1 warning generated.
[ 94%] ABC: `` Compiling: /src/base/cba/cbaReadVer.c
In file included from src/base/cba/cbaReadVer.c:22:
src/base/cba/cbaPrs.h:284:20: warning: variable 'RetValue' set but not used [-Wunused-but-set-variable]
    int nFileSize, RetValue;
                   ^
[ 94%] ABC: `` Compiling: /src/base/cba/cbaWriteBlif.c
In file included from src/base/cba/cbaWriteBlif.c:22:
src/base/cba/cbaPrs.h:284:20: warning: variable 'RetValue' set but not used [-Wunused-but-set-variable]
    int nFileSize, RetValue;
                   ^
1 warning generated.
[ 94%] ABC: `` Compiling: /src/base/cba/cbaWriteVer.c
In file included from src/base/cba/cbaWriteVer.c:22:
src/base/cba/cbaPrs.h:284:20: warning: variable 'RetValue' set but not used [-Wunused-but-set-variable]
    int nFileSize, RetValue;
                   ^
1 warning generated.
[ 94%] ABC: `` Compiling: /src/base/pla/plaCom.c
src/base/pla/plaCom.c:407:12: warning: variable 'fMulti' set but not used [-Wunused-but-set-variable]
    int c, fMulti = 0, fVerbose  = 0;
           ^
1 warning generated.
[ 94%] ABC: `` Compiling: /src/base/pla/plaHash.c
1 warning generated.
[ 94%] ABC: `` Compiling: /src/base/pla/plaMan.c
[ 94%] ABC: `` Compiling: /src/base/pla/plaMerge.c
[ 94%] ABC: `` Compiling: /src/base/pla/plaSimple.c
[ 94%] ABC: `` Compiling: /src/base/pla/plaRead.c
src/base/pla/plaRead.c:47:20: warning: variable 'RetValue' set but not used [-Wunused-but-set-variable]
    int nFileSize, RetValue;
                   ^
[ 94%] ABC: `` Compiling: /src/base/pla/plaWrite.c
1 warning generated.
[ 94%] ABC: `` Compiling: /src/base/test/test.c
[ 94%] ABC: `` Compiling: /src/map/mapper/mapper.c
[ 94%] ABC: `` Compiling: /src/map/mapper/mapperCanon.c
src/map/mapper/mapper.c:85:12: warning: variable 'pOut' set but not used [-Wunused-but-set-variable]
    FILE * pOut, * pErr;
           ^
src/map/mapper/mapper.c:87:17: warning: variable 'pNet' set but not used [-Wunused-but-set-variable]
    Abc_Ntk_t * pNet;
                ^
2 warnings generated.
[ 94%] ABC: `` Compiling: /src/map/mapper/mapperCore.c
[ 94%] ABC: `` Compiling: /src/map/mapper/mapperCreate.c
[ 94%] ABC: `` Compiling: /src/map/mapper/mapperCut.c
src/map/mapper/mapperCreate.c:509:13: warning: variable 'clk' set but not used [-Wunused-but-set-variable]
    abctime clk;
            ^
1 warning generated.
[ 94%] ABC: `` Compiling: /src/map/mapper/mapperCutUtils.c
[ 94%] ABC: `` Compiling: /src/map/mapper/mapperLib.c
In file included from src/map/mapper/mapperLib.c:21:
In file included from /usr/include/unistd.h:25:
/usr/include/features.h:194:3: warning: "_BSD_SOURCE and _SVID_SOURCE are deprecated, use _DEFAULT_SOURCE" [-W#warnings]
# warning "_BSD_SOURCE and _SVID_SOURCE are deprecated, use _DEFAULT_SOURCE"
  ^
[ 94%] ABC: `` Compiling: /src/map/mapper/mapperMatch.c
src/map/mapper/mapperMatch.c:2601 warning:11 generated.
: warning: variable 'Area2' set but not used [-Wunused-but-set-variable]
    float Area2, fWorstLimit;
[ 94%] ABC: `` Compiling: /src/map/mapper/mapperRefs.c
          ^
1 warning generated.
[ 94%] ABC: `` Compiling: /src/map/mapper/mapperSuper.c
src/map/mapper/mapperRefs.c:337:20: warning: variable 'aResult2' set but not used [-Wunused-but-set-variable]
    float aResult, aResult2;
                   ^
src/map/mapper/mapperRefs.c:357:20: warning: variable 'aResult2' set but not used [-Wunused-but-set-variable]
    float aResult, aResult2;
                   ^
src/map/mapper/mapperSuper.c:2 warning90:s generated9:.
 warning: variable 'RetValue' set but not used [-Wunused-but-set-variable]
[ 94%] ABC: `` Compiling: /src/map/mapper/mapperSwitch.c
    int RetValue;
        ^
1 warning generated.
[ 94%] ABC: `` Compiling: /src/map/mapper/mapperTable.c
src/map/mapper/mapperSwitch.c:47:20: warning: variable 'aResult2' set but not used [-Wunused-but-set-variable]
    float aResult, aResult2;
                   ^
1 warning generated.
[ 94%] ABC: `` Compiling: /src/map/mapper/mapperTime.c
[ 94%] ABC: `` Compiling: /src/map/mapper/mapperTree.c
[ 94%] ABC: `` Compiling: /src/map/mapper/mapperTruth.c
[ 94%] ABC: `` Compiling: /src/map/mapper/mapperUtils.c
[ 94%] ABC: `` Compiling: /src/map/mapper/mapperVec.c
[ 94%] ABC: `` Compiling: /src/map/mio/mio.c
In file included from src/map/mio/mio.c:22:
In file included from /usr/include/unistd.h:25:
/usr/include/features.h:194:3: warning: "_BSD_SOURCE and _SVID_SOURCE are deprecated, use _DEFAULT_SOURCE" [-W#warnings]
# warning "_BSD_SOURCE and _SVID_SOURCE are deprecated, use _DEFAULT_SOURCE"
  ^
[ 94%] ABC: `` Compiling: /src/map/mio/mioApi.c
src/map/mio/mio.c:194:12: warning: variable 'pOut' set but not used [-Wunused-but-set-variable]
    FILE * pOut, * pErr;
           ^
src/map/mio/mio.c:284:12: warning: variable 'pOut' set but not used [-Wunused-but-set-variable]
    FILE * pOut, * pErr;
           ^
src/map/mio/mio.c:408:12: warning: variable 'pOut' set but not used [-Wunused-but-set-variable]
    FILE * pOut, * pErr, * pFile;
           ^
src/map/mio/mio.c:481:12: warning: variable 'pOut' set but not used [-Wunused-but-set-variable]
    FILE * pOut, * pErr;
           ^
src/map/mio/mio.c:544:21: warning: variable 'pOut' set but not used [-Wunused-but-set-variable]
    FILE * pFile, * pOut, * pErr;
                    ^
src/map/mio/mio.c:614:12: warning: variable 'pOut' set but not used [-Wunused-but-set-variable]
    FILE * pOut, * pErr, * pFile;
           ^
src/map/mio/mio.c:680:9: warning: variable 'fVerbose' set but not used [-Wunused-but-set-variable]
    int fVerbose = 0;
        ^
src/map/mio/mio.c:678:9: warning: variable 'fShort' set but not used [-Wunused-but-set-variable]
    int fShort = 0;
        ^
src/map/mio/mio.c:679:9: warning: variable 'fSelected' set but not used [-Wunused-but-set-variable]
    int fSelected = 0;
        ^
src/map/mio/mio.c:677:12: warning: variable 'pOut' set but not used [-Wunused-but-set-variable]
    FILE * pOut, * pErr;
           ^
[ 94%] ABC: `` Compiling: /src/map/mio/mioFunc.c
11 warnings generated.
[ 94%] ABC: `` Compiling: /src/map/mio/mioParse.c
[ 94%] ABC: `` Compiling: /src/map/mio/mioRead.c
src/map/mio/mioRead.c:119:9: warning: variable 'RetValue' set but not used [-Wunused-but-set-variable]
    int RetValue;
        ^
[ 94%] ABC: `` Compiling: /src/map/mio/mioSop.c
1 warning generated.
[ 94%] ABC: `` Compiling: /src/map/mio/mioUtils.c
[ 94%] ABC: `` Compiling: /src/map/super/super.c
src/map/super/super.c:84:12: warning: variable 'pOut' set but not used [-Wunused-but-set-variable]
    FILE * pOut, * pErr;
           ^
src/map/super/super.c:153:12: warning: variable 'pOut' set but not used [-Wunused-but-set-variable]
    FILE * pOut, * pErr;
           ^
2 warnings generated.
[ 94%] ABC: `` Compiling: /src/map/super/superAnd.c
[ 94%] ABC: `` Compiling: /src/map/super/superGate.c
[ 94%] ABC: `` Compiling: /src/map/if/ifCom.c
src/map/if/ifCom.c:97:17: warning: variable 'pNet' set but not used [-Wunused-but-set-variable]
    Abc_Ntk_t * pNet;
                ^
src/map/if/ifCom.c:95:12: warning: variable 'pOut' set but not used [-Wunused-but-set-variable]
    FILE * pOut, * pErr;
           ^
src/map/if/ifCom.c:185:17: warning: variable 'pNet' set but not used [-Wunused-but-set-variable]
    Abc_Ntk_t * pNet;
                ^
src/map/if/ifCom.c:184:12: warning: variable 'pOut' set but not used [-Wunused-but-set-variable]
    FILE * pOut, * pErr;
           ^
src/map/if/ifCom.c:242:17: warning: variable 'pNet' set but not used [-Wunused-but-set-variable]
    Abc_Ntk_t * pNet;
                ^
src/map/if/ifCom.c:240:12: warning: variable 'pOut' set but not used [-Wunused-but-set-variable]
    FILE * pOut, * pErr;
           ^
src/map/if/ifCom.c:324:17: warning: variable 'pNet' set but not used [-Wunused-but-set-variable]
    Abc_Ntk_t * pNet;
                ^
src/map/if/ifCom.c:323:12: warning: variable 'pOut' set but not used [-Wunused-but-set-variable]
    FILE * pOut, * pErr;
           ^
8 warnings generated.
[ 94%] ABC: `` Compiling: /src/map/if/ifCache.c
[ 94%] ABC: `` Compiling: /src/map/if/ifCore.c
[ 94%] ABC: `` Compiling: /src/map/if/ifCut.c
[ 94%] ABC: `` Compiling: /src/map/if/ifData2.c
[ 94%] ABC: `` Compiling: /src/map/if/ifDec07.c
[ 94%] ABC: `` Compiling: /src/map/if/ifDec08.c
[ 94%] ABC: `` Compiling: /src/map/if/ifDec10.c
[ 94%] ABC: `` Compiling: /src/map/if/ifDec16.c
src/map/if/ifDec16.c:1186:12: warning: variable 'RetValue' set but not used [-Wunused-but-set-variable]
    int i, RetValue, nFSset = nVars - g->nVars;
           ^
src/map/if/ifDec16.c:1561:19: warning: variable 'uCanonPhase' set but not used [-Wunused-but-set-variable]
    int i, nSupp, uCanonPhase;
                  ^
[ 94%] ABC: `` Compiling: /src/map/if/ifDec75.c
[ 94%] ABC: `` Compiling: /src/map/if/ifDelay.c
[ 94%] ABC: `` Compiling: /src/map/if/ifDsd.c
src/map/if/ifDsd.c:705:9: warning: variable 'CountUsed' set but not used [-Wunused-but-set-variable]
    int CountUsed = 0, CountNonDsd = 0, CountNonDsdStr = 0, CountMarked = 0, CountPrime = 0;
        ^
src/map/if/ifDsd.c:705:24: warning: variable 'CountNonDsd' set but not used [-Wunused-but-set-variable]
    int CountUsed = 0, CountNonDsd = 0, CountNonDsdStr = 0, CountMarked = 0, CountPrime = 0;
                       ^
src/map/if/ifDsd.c:705:41: warning: variable 'CountNonDsdStr' set but not used [-Wunused-but-set-variable]
    int CountUsed = 0, CountNonDsd = 0, CountNonDsdStr = 0, CountMarked = 0, CountPrime = 0;
                                        ^
src/map/if/ifDsd.c:705:61: warning: variable 'CountMarked' set but not used [-Wunused-but-set-variable]
    int CountUsed = 0, CountNonDsd = 0, CountNonDsdStr = 0, CountMarked = 0, CountPrime = 0;
                                                            ^
src/map/if/ifDsd.c:705:78: warning: variable 'CountPrime' set but not used [-Wunused-but-set-variable]
    int CountUsed = 0, CountNonDsd = 0, CountNonDsdStr = 0, CountMarked = 0, CountPrime = 0;
                                                                             ^
2 warnings generated.
[ 94%] ABC: `` Compiling: /src/map/if/ifLibBox.c
[ 94%] ABC: `` Compiling: /src/map/if/ifLibLut.c
[ 94%] ABC: `` Compiling: /src/map/if/ifMan.c
[ 94%] ABC: `` Compiling: /src/map/if/ifMap.c
5 warnings generated.
[ 94%] ABC: `` Compiling: /src/map/if/ifMatch2.c
[ 94%] ABC: `` Compiling: /src/map/if/ifReduce.c
[ 94%] ABC: `` Compiling: /src/map/if/ifSat.c
src/map/if/ifSat.c:159:28: warning: variable 'nMintsFNew' set but not used [-Wunused-but-set-variable]
    int v, Value, m, mNew, nMintsFNew, nMintsLNew;
                           ^
[ 94%] ABC: `` Compiling: /src/map/if/ifSelect.c
1 warning generated.
[ 94%] ABC: `` Compiling: /src/map/if/ifSeq.c
[ 94%] ABC: `` Compiling: /src/map/if/ifTest.c
[ 94%] ABC: `` Compiling: /src/map/if/ifTime.c
[ 94%] ABC: `` Compiling: /src/map/if/ifTruth.c
[ 94%] ABC: `` Compiling: /src/map/if/ifTune.c
src/map/if/ifTune.c:1418:9: warning: variable 'RetValue' set but not used [-Wunused-but-set-variable]
    int RetValue;
        ^
[ 94%] ABC: `` Compiling: /src/map/if/ifUtil.c
[ 94%] ABC: `` Compiling: /src/map/amap/amapCore.c
1 warning generated.
[ 94%] ABC: `` Compiling: /src/map/amap/amapGraph.c
[ 94%] ABC: `` Compiling: /src/map/amap/amapLib.c
[ 94%] ABC: `` Compiling: /src/map/amap/amapLiberty.c
[ 94%] ABC: `` Compiling: /src/map/amap/amapMan.c
src/map/amap/amapLiberty.c:955:[ 94%] ABC: `` Compiling: /src/map/amap/amapMatch.c
9: warning: variable 'RetValue' set but not used [-Wunused-but-set-variable]
    int RetValue;
        ^
src/map/amap/amapLiberty.c:1065:9: warning: variable 'RetValue' set but not used [-Wunused-but-set-variable]
    int RetValue;
        ^
[ 94%] ABC: `` Compiling: /src/map/amap/amapMerge.c
2 warnings generated.
[ 94%] ABC: `` Compiling: /src/map/amap/amapOutput.c
src/map/amap/amapOutput.c:79:11: warning: variable 'TotalArea' set but not used [-Wunused-but-set-variable]
    float TotalArea = 0.0;
          ^
[ 94%] ABC: `` Compiling: /src/map/amap/amapParse.c
1 warning generated.
[ 94%] ABC: `` Compiling: /src/map/amap/amapPerm.c
[ 94%] ABC: `` Compiling: /src/map/amap/amapRead.c
[ 94%] ABC: `` Compiling: /src/map/amap/amapRule.c
src/map/amap/amapRead.c:80:9: warning: variable 'RetValue' set but not used [-Wunused-but-set-variable]
    int RetValue;
        ^
1 warning generated.
[ 94%] ABC: `` Compiling: /src/map/amap/amapUniq.c
[ 94%] ABC: `` Compiling: /src/map/cov/covBuild.c
src/map/amap/amapUniq.c:166:18: warning: variable 'pNode' set but not used [-Wunused-but-set-variable]
    Amap_Nod_t * pNode;
                 ^
1 warning generated.
[ 94%] ABC: `` Compiling: /src/map/cov/covCore.c
[ 94%] ABC: `` Compiling: /src/map/cov/covMan.c
[ 94%] ABC: `` Compiling: /src/map/cov/covMinEsop.c
[ 94%] ABC: `` Compiling: /src/map/cov/covMinMan.c
src/map/cov/covMinEsop.c:49:9: warning: variable 'nCubesInit' set but not used [-Wunused-but-set-variable]
    int nCubesInit, nCubesOld, nIter;
        ^
[ 94%] ABC: `` Compiling: /src/map/cov/covMinSop.c
1 warning generated.
[ 94%] ABC: `` Compiling: /src/map/cov/covMinUtil.c
src/map/cov/covMinSop.c:49:9: warning: variable 'nCubesInit' set but not used [-Wunused-but-set-variable]
    int nCubesInit, nCubesOld, nIter;
        ^
[ 94%] ABC: `` Compiling: /src/map/scl/scl.c
1 warning generated.
[ 94%] ABC: `` Compiling: /src/map/scl/sclBuffer.c
[ 94%] ABC: `` Compiling: /src/map/scl/sclBufSize.c
[ 94%] ABC: `` Compiling: /src/map/scl/sclDnsize.c
[ 94%] ABC: `` Compiling: /src/map/scl/sclLiberty.c
src/map/scl/sclLiberty.c:524:9: warning: variable 'RetValue' set but not used [-Wunused-but-set-variable]
    int RetValue = 0;
        ^
src/map/scl/sclLiberty.c:533:9: warning: variable 'RetValue' set but not used [-Wunused-but-set-variable]
    int RetValue = 0;
        ^
[ 94%] ABC: `` Compiling: /src/map/scl/sclLibScl.c
[ 94%] ABC: `` Compiling: /src/map/scl/sclLibUtil.c
2 warnings generated.
[ 94%] ABC: `` Compiling: /src/map/scl/sclLoad.c
[ 94%] ABC: `` Compiling: /src/map/scl/sclSize.c
[ 94%] ABC: `` Compiling: /src/map/scl/sclUpsize.c
[ 94%] ABC: `` Compiling: /src/map/scl/sclUtil.c
[ 94%] ABC: `` Compiling: /src/map/mpm/mpmAbc.c
[ 94%] ABC: `` Compiling: /src/map/mpm/mpmCore.c
[ 94%] ABC: `` Compiling: /src/map/mpm/mpmDsd.c
src/map/mpm/mpmDsd.c:703:9: warning: variable 'RetValue' set but not used [-Wunused-but-set-variable]
    int RetValue, size = Extra_FileSize( pFileName ) / 12;  // 2866420
        ^
[ 94%] ABC: `` Compiling: /src/map/mpm/mpmGates.c
1 warning generated.
[ 94%] ABC: `` Compiling: /src/map/mpm/mpmLib.c
[ 94%] ABC: `` Compiling: /src/map/mpm/mpmMan.c
[ 94%] ABC: `` Compiling: /src/map/mpm/mpmMap.c
[ 94%] ABC: `` Compiling: /src/map/mpm/mpmMig.c
[ 94%] ABC: `` Compiling: /src/map/mpm/mpmPre.c
[ 94%] ABC: `` Compiling: /src/map/mpm/mpmTruth.c
src/map/mpm/mpmPre.c:1000:9: warning: variable 'RetValue' set but not used [-Wunused-but-set-variable]
    int RetValue, size = Extra_FileSize( pFileName ) / 12;  // 2866420
        ^
[ 94%] ABC: `` Compiling: /src/map/mpm/mpmUtil.c
[ 94%] ABC: `` Compiling: /src/misc/extra/extraUtilBitMatrix.c
1 warning generated.
[ 94%] ABC: `` Compiling: /src/misc/extra/extraUtilCanon.c
[ 94%] ABC: `` Compiling: /src/misc/extra/extraUtilCube.c
src/misc/extra/extraUtilCanon.c:637:9: warning: variable 'Count' set but not used [-Wunused-but-set-variable]
    int Count;
        ^
src/misc/extra/extraUtilCanon.c:670:9: warning: variable 'Count' set but not used [-Wunused-but-set-variable]
    int Count;
        ^
2 warnings generated.
[ 94%] ABC: `` Compiling: /src/misc/extra/extraUtilDsd.c
src/misc/extra/extraUtilDsd.c:714:9: warning: variable 'RetValue' set but not used [-Wunused-but-set-variable]
    int RetValue, size = Extra_FileSize( pFileName ) / 12;  // 2866420
        ^
src/misc/extra/extraUtilDsd.c:1106:9: warning: variable 'iDsd' set but not used [-Wunused-but-set-variable]
    int iDsd;
        ^
[ 94%] ABC: `` Compiling: /src/misc/extra/extraUtilEnum.c
2 warnings generated.
[ 94%] ABC: `` Compiling: /src/misc/extra/extraUtilFile.c
src/misc/extra/extraUtilFile.c:340:9: warning: variable 'RetValue' set but not used [-Wunused-but-set-variable]
    int RetValue;
        ^
src/misc/extra/extraUtilFile.c:358:9: warning: variable 'RetValue' set but not used [-Wunused-but-set-variable]
    int RetValue;
        ^
[ 94%] ABC: `` Compiling: /src/misc/extra/extraUtilMaj.c
src/misc/extra/extraUtilMaj.c:373:58: warning: data argument not used by format string [-Wformat-extra-args]
    printf( "Finished          (functions = %10d)  ", v, p->nObjs );
            ~~~~~~~~~~~~~~~~~~~~~~~~~~~~~~~~~~~~~~~~     ^
2 warnings generated.
[ 94%] ABC: `` Compiling: /src/misc/extra/extraUtilMemory.c
[ 94%] ABC: `` Compiling: /src/misc/extra/extraUtilMisc.c
src/misc/extra/extraUtilMisc.c:410:14: warning: variable 'uTruthRes' set but not used [-Wunused-but-set-variable]
    unsigned uTruthRes, uCof0, uCof1;
             ^
src/misc/extra/extraUtilMisc.c:411:9: warning: variable 'nMints' set but not used [-Wunused-but-set-variable]
    int nMints, Shift, v;
        ^
1 warning generated.
[ 94%] ABC: `` Compiling: /src/misc/extra/extraUtilMult.c
2 warnings generated.
[ 94%] ABC: `` Compiling: /src/misc/extra/extraUtilPath.c
[ 94%] ABC: `` Compiling: /src/misc/extra/extraUtilPerm.c
[ 94%] ABC: `` Compiling: /src/misc/extra/extraUtilProgress.c
[ 94%] ABC: `` Compiling: /src/misc/extra/extraUtilReader.c
src/misc/extra/extraUtilReader.c:94:9: warning: variable 'RetValue' set but not used [-Wunused-but-set-variable]
    int RetValue;
        ^
src/misc/extra/extraUtilReader.c:365:9: warning: variable 'RetValue' set but not used [-Wunused-but-set-variable]
    int RetValue;
        ^
[ 94%] ABC: `` Compiling: /src/misc/extra/extraUtilSupp.c
2 warnings generated.
[ 94%] ABC: `` Compiling: /src/misc/extra/extraUtilTruth.c
[ 94%] ABC: `` Compiling: /src/misc/extra/extraUtilUtil.c
[ 94%] ABC: `` Compiling: /src/misc/mvc/mvcApi.c
[ 94%] ABC: `` Compiling: /src/misc/mvc/mvcCompare.c
[ 94%] ABC: `` Compiling: /src/misc/mvc/mvcContain.c
[ 94%] ABC: `` Compiling: /src/misc/mvc/mvcCover.c
[ 94%] ABC: `` Compiling: /src/misc/mvc/mvcCube.c
[ 94%] ABC: `` Compiling: /src/misc/mvc/mvcDivide.c
[ 94%] ABC: `` Compiling: /src/misc/mvc/mvcDivisor.c
[ 94%] ABC: `` Compiling: /src/misc/mvc/mvcList.c
[ 94%] ABC: `` Compiling: /src/misc/mvc/mvcLits.c
[ 94%] ABC: `` Compiling: /src/misc/mvc/mvcMan.c
[ 94%] ABC: `` Compiling: /src/misc/mvc/mvcOpAlg.c
[ 94%] ABC: `` Compiling: /src/misc/mvc/mvcOpBool.c
[ 94%] ABC: `` Compiling: /src/misc/mvc/mvcPrint.c
[ 94%] ABC: `` Compiling: /src/misc/mvc/mvcSort.c
[ 94%] ABC: `` Compiling: /src/misc/mvc/mvcUtils.c
[ 94%] ABC: `` Compiling: /src/misc/st/st.c
[ 94%] ABC: `` Compiling: /src/misc/st/stmm.c
[ 94%] ABC: `` Compiling: /src/misc/util/utilBridge.c
[ 94%] ABC: `` Compiling: /src/misc/util/utilCex.c
[ 94%] ABC: `` Compiling: /src/misc/util/utilColor.c
[ 94%] ABC: `` Compiling: /src/misc/util/utilFile.c
[ 94%] ABC: `` Compiling: /src/misc/util/utilIsop.c
[ 94%] ABC: `` Compiling: /src/misc/util/utilNam.c
[ 94%] ABC: `` Compiling: /src/misc/util/utilSignal.c
[ 94%] ABC: `` Compiling: /src/misc/util/utilSort.c
[ 94%] ABC: `` Compiling: /src/misc/nm/nmApi.c
[ 94%] ABC: `` Compiling: /src/misc/nm/nmTable.c
[ 94%] ABC: `` Compiling: /src/misc/tim/timBox.c
src/misc/nm/nmTable.c:260:13: warning: variable 'clk' set but not used [-Wunused-but-set-variable]
    abctime clk;
            ^
[ 94%] ABC: `` Compiling: /src/misc/tim/timDump.c
1 warning generated.
[ 94%] ABC: `` Compiling: /src/misc/tim/timMan.c
[ 94%] ABC: `` Compiling: /src/misc/tim/timTime.c
[ 94%] ABC: `` Compiling: /src/misc/tim/timTrav.c
[ 94%] ABC: `` Compiling: /src/misc/bzlib/blocksort.c
[ 94%] ABC: `` Compiling: /src/misc/bzlib/bzlib.c
[ 94%] ABC: `` Compiling: /src/misc/bzlib/compress.c
[ 94%] ABC: `` Compiling: /src/misc/bzlib/crctable.c
[ 94%] ABC: `` Compiling: /src/misc/bzlib/decompress.c
[ 94%] ABC: `` Compiling: /src/misc/bzlib/huffman.c
[ 94%] ABC: `` Compiling: /src/misc/bzlib/randtable.c
[ 94%] ABC: `` Compiling: /src/misc/zlib/adler32.c
[ 94%] ABC: `` Compiling: /src/misc/zlib/compress_.c
[ 94%] ABC: `` Compiling: /src/misc/zlib/crc32.c
[ 94%] ABC: `` Compiling: /src/misc/zlib/deflate.c
[ 94%] ABC: `` Compiling: /src/misc/zlib/gzclose.c
[ 94%] ABC: `` Compiling: /src/misc/zlib/gzlib.c
[ 94%] ABC: `` Compiling: /src/misc/zlib/gzread.c
[ 94%] ABC: `` Compiling: /src/misc/zlib/gzwrite.c
[ 94%] ABC: `` Compiling: /src/misc/zlib/infback.c
[ 94%] ABC: `` Compiling: /src/misc/zlib/inffast.c
[ 94%] ABC: `` Compiling: /src/misc/zlib/inflate.c
[ 94%] ABC: `` Compiling: /src/misc/zlib/inftrees.c
[ 94%] ABC: `` Compiling: /src/misc/zlib/trees.c
[ 94%] ABC: `` Compiling: /src/misc/zlib/uncompr.c
[ 94%] ABC: `` Compiling: /src/misc/zlib/zutil.c
[ 94%] ABC: `` Compiling: /src/misc/mem/mem.c
[ 94%] ABC: `` Compiling: /src/misc/bar/bar.c
[ 94%] ABC: `` Compiling: /src/misc/bbl/bblif.c
src/misc/bbl/bblif.c:669:9: warning: variable 'RetValue' set but not used [-Wunused-but-set-variable]
    int RetValue;
        ^
[ 94%] ABC: `` Compiling: /src/misc/parse/parseEqn.c
[ 94%] ABC: `` Compiling: /src/misc/parse/parseStack.c
1 warning generated.
[ 94%] ABC: `` Compiling: /src/opt/cut/cutApi.c
[ 94%] ABC: `` Compiling: /src/opt/cut/cutCut.c
[ 94%] ABC: `` Compiling: /src/opt/cut/cutMan.c
[ 94%] ABC: `` Compiling: /src/opt/cut/cutMerge.c
[ 94%] ABC: `` Compiling: /src/opt/cut/cutNode.c
src/opt/cut/cutNode.c:576:12: warning: variable 'nCutsOld' set but not used [-Wunused-but-set-variable]
    int i, nCutsOld, Limit;
           ^
[ 94%] ABC: `` Compiling: /src/opt/cut/cutOracle.c
[ 94%] ABC: `` Compiling: /src/opt/cut/cutPre22.c
1 warning generated.
[ 94%] ABC: `` Compiling: /src/opt/cut/cutSeq.c
[ 94%] ABC: `` Compiling: /src/opt/cut/cutTruth.c
[ 94%] ABC: `` Compiling: /src/opt/fxu/fxu.c
[ 94%] ABC: `` Compiling: /src/opt/fxu/fxuCreate.c
[ 94%] ABC: `` Compiling: /src/opt/fxu/fxuHeapD.c
[ 94%] ABC: `` Compiling: /src/opt/fxu/fxuHeapS.c
[ 94%] ABC: `` Compiling: /src/opt/fxu/fxuList.c
src/opt/fxu/fxuHeapS.c:101:9: warning: variable 'i' set but not used [-Wunused-but-set-variable]
    int i;
        ^
1 warning generated.
[ 94%] ABC: `` Compiling: /src/opt/fxu/fxuMatrix.c
[ 94%] ABC: `` Compiling: /src/opt/fxu/fxuPair.c
[ 94%] ABC: `` Compiling: /src/opt/fxu/fxuPrint.c
[ 94%] ABC: `` Compiling: /src/opt/fxu/fxuReduce.c
[ 94%] ABC: `` Compiling: /src/opt/fxu/fxuSelect.c
[ 94%] ABC: `` Compiling: /src/opt/fxu/fxuSingle.c
src/opt/fxu/fxuSelect.c:72:15: warning: variable 'fBestS' set but not used [-Wunused-but-set-variable]
    int iNum, fBestS;
              ^
src/opt/fxu/fxuSelect.c:72:9: warning: variable 'iNum' set but not used [-Wunused-but-set-variable]
    int iNum, fBestS;
        ^
2 warnings generated.
[ 94%] ABC: `` Compiling: /src/opt/fxu/fxuUpdate.c
[ 94%] ABC: `` Compiling: /src/opt/fxch/Fxch.c
[ 94%] ABC: `` Compiling: /src/opt/fxch/FxchDiv.c
[ 94%] ABC: `` Compiling: /src/opt/fxch/FxchMan.c
[ 94%] ABC: `` Compiling: /src/opt/fxch/FxchSCHashTable.c
[ 94%] ABC: `` Compiling: /src/opt/rwr/rwrDec.c
[ 94%] ABC: `` Compiling: /src/opt/rwr/rwrEva.c
[ 94%] ABC: `` Compiling: /src/opt/rwr/rwrExp.c
src/opt/rwr/rwrEva.c:262:11: warning: variable 'CostBest' set but not used [-Wunused-but-set-variable]
    float CostBest;//, CostCur;
          ^
[ 94%] ABC: `` Compiling: /src/opt/rwr/rwrLib.c
1 warning generated.
[ 94%] ABC: `` Compiling: /src/opt/rwr/rwrMan.c
[ 94%] ABC: `` Compiling: /src/opt/rwr/rwrPrint.c
[ 94%] ABC: `` Compiling: /src/opt/rwr/rwrUtil.c
[ 94%] ABC: `` Compiling: /src/opt/mfs/mfsCore.c
src/opt/rwr/rwrUtil.c:570:9: warning: variable 'RetValue' set but not used [-Wunused-but-set-variable]
    int RetValue;
        ^
1 warning generated.
[ 94%] ABC: `` Compiling: /src/opt/mfs/mfsDiv.c
src/opt/mfs/mfsCore.c:388:32: warning: variable 'clk2' set but not used [-Wunused-but-set-variable]
    abctime clk = Abc_Clock(), clk2;
                               ^
src/opt/mfs/mfsDiv.c:198:24: warning: variable 'nTrueSupp' set but not used [-Wunused-but-set-variable]
    int nDivsPlus = 0, nTrueSupp;
                       ^
1 warning generated.
[ 94%] ABC: `` Compiling: /src/opt/mfs/mfsInter.c
1 warning generated.
[ 94%] ABC: `` Compiling: /src/opt/mfs/mfsMan.c
[ 94%] ABC: `` Compiling: /src/opt/mfs/mfsResub.c
[ 94%] ABC: `` Compiling: /src/opt/mfs/mfsSat.c
src/opt/mfs/mfsResub.c:75:31: warning: variable 'nAreaExpanse' set but not used [-Wunused-but-set-variable]
    int i, k, nAreaCrits = 0, nAreaExpanse = 0;
                              ^
[ 94%] ABC: `` Compiling: /src/opt/mfs/mfsStrash.c
1 warning generated.
[ 94%] ABC: `` Compiling: /src/opt/mfs/mfsWin.c
[ 94%] ABC: `` Compiling: /src/opt/sim/simMan.c
[ 94%] ABC: `` Compiling: /src/opt/sim/simSeq.c
[ 94%] ABC: `` Compiling: /src/opt/sim/simSupp.c
[ 94%] ABC: `` Compiling: /src/opt/sim/simSwitch.c
src/opt/sim/simSupp.c:123:5: warning: misleading indentation; statement is not part of the previous 'if' [-Wmisleading-indentation]
    if ( Vec_VecSizeSize(p->vSuppTargs) == 0 )
    ^
src/opt/sim/simSupp.c:121:1: note: previous statement is here
if ( fVerbose )
^
[ 94%] ABC: `` Compiling: /src/opt/sim/simSym.c
src/opt/sim/simSym.c:49:17: warning: variable 'vResult' set but not used [-Wunused-but-set-variable]
    Vec_Ptr_t * vResult;
                ^
1 warning generated.
[ 94%] ABC: `` Compiling: /src/opt/sim/simSymSat.c
1 warning generated.
[ 94%] ABC: `` Compiling: /src/opt/sim/simSymSim.c
[ 94%] ABC: `` Compiling: /src/opt/sim/simSymStr.c
[ 94%] ABC: `` Compiling: /src/opt/sim/simUtils.c
[ 94%] ABC: `` Compiling: /src/opt/ret/retArea.c
[ 94%] ABC: `` Compiling: /src/opt/ret/retCore.c
[ 94%] ABC: `` Compiling: /src/opt/ret/retDelay.c
src/opt/ret/retDelay.c:102:5: warning: misleading indentation; statement is not part of the previous 'if' [-Wmisleading-indentation]
    DelayBest = ABC_INFINITY; IterBest = 0; LatchesBest = Abc_NtkLatchNum(pNtk);
    ^
src/opt/ret/retDelay.c:99:1: note: previous statement is here[ 94%] ABC: `` Compiling: /src/opt/ret/retFlow.c

if ( fVerbose && !fInitial )
^
src/opt/ret/retDelay.c:156:5: warning: misleading indentation; statement is not part of the previous 'if' [-Wmisleading-indentation]
    *pIterBest = (nIterLimit == 1) ? 1 : IterBest;
    ^
src/opt/ret/retDelay.c:153:1: note: previous statement is here
if ( fVerbose && !fInitial )
^
2 warnings generated.
[ 94%] ABC: `` Compiling: /src/opt/ret/retIncrem.c
[ 94%] ABC: `` Compiling: /src/opt/ret/retInit.c
[ 94%] ABC: `` Compiling: /src/opt/ret/retLvalue.c
[ 94%] ABC: `` Compiling: /src/opt/fret/fretMain.c
src/opt/ret/retLvalue.c:97:18: warning: variable 'clkIter' set but not used [-Wunused-but-set-variable]
    abctime clk, clkIter;
                 ^
1 warning generated.
[ 94%] ABC: `` Compiling: /src/opt/fret/fretFlow.c
src/opt/fret/fretMain.c:233:13: warning: variable 'flow' set but not used [-Wunused-but-set-variable]
  int last, flow = 0, cut;
            ^
src/opt/fret/fretMain.c:1188:12: warning: variable 'nNodes' set but not used [-Wunused-but-set-variable]
    int i, nNodes;//, RetValue;
           ^
[ 94%] ABC: `` Compiling: /src/opt/fret/fretInit.c
2 warnings generated.
[ 94%] ABC: `` Compiling: /src/opt/fret/fretTime.c
[ 94%] ABC: `` Compiling: /src/opt/res/resCore.c
[ 94%] ABC: `` Compiling: /src/opt/res/resDivs.c
[ 94%] ABC: `` Compiling: /src/opt/res/resFilter.c
[ 94%] ABC: `` Compiling: /src/opt/res/resSat.c
src/opt/res/resFilter.c:51:27: warning: variable 'pFanin2' set but not used [-Wunused-but-set-variable]
    Abc_Obj_t * pFanin, * pFanin2, * pFaninTemp;
                          ^
[ 94%] ABC: `` Compiling: /src/opt/res/resSim.c
1 warning generated.
[ 94%] ABC: `` Compiling: /src/opt/res/resStrash.c
[ 94%] ABC: `` Compiling: /src/opt/res/resWin.c
[ 94%] ABC: `` Compiling: /src/opt/lpk/lpkCore.c
[ 94%] ABC: `` Compiling: /src/opt/lpk/lpkAbcDec.c
src/opt/lpk/lpkCore.c:137:9: warning: variable 'nNodesBef' set but not used [-Wunused-but-set-variable]
    int nNodesBef;
        ^
1 warning generated[ 94%] ABC: `` Compiling: /src/opt/lpk/lpkAbcMux.c
.
[ 94%] ABC: `` Compiling: /src/opt/lpk/lpkAbcDsd.c
[ 94%] ABC: `` Compiling: /src/opt/lpk/lpkAbcUtil.c
[ 94%] ABC: `` Compiling: /src/opt/lpk/lpkCut.c
[ 94%] ABC: `` Compiling: /src/opt/lpk/lpkMan.c
[ 94%] ABC: `` Compiling: /src/opt/lpk/lpkMap.c
[ 94%] ABC: `` Compiling: /src/opt/lpk/lpkMulti.c
[ 94%] ABC: `` Compiling: /src/opt/lpk/lpkMux.c
[ 94%] ABC: `` Compiling: /src/opt/lpk/lpkSets.c
[ 94%] ABC: `` Compiling: /src/opt/nwk/nwkAig.c
[ 94%] ABC: `` Compiling: /src/opt/nwk/nwkCheck.c
[ 94%] ABC: `` Compiling: /src/opt/nwk/nwkBidec.c
[ 94%] ABC: `` Compiling: /src/opt/nwk/nwkDfs.c
[ 94%] ABC: `` Compiling: /src/opt/nwk/nwkFanio.c
[ 94%] ABC: `` Compiling: /src/opt/nwk/nwkFlow.c
[ 94%] ABC: `` Compiling: /src/opt/nwk/nwkMan.c
[ 94%] ABC: `` Compiling: /src/opt/nwk/nwkMap.c
[ 94%] ABC: `` Compiling: /src/opt/nwk/nwkMerge.c
src/opt/nwk/nwkMerge.c:680:9: warning: variable 'RetValue' set but not used [-Wunused-but-set-variable]
    int RetValue;
        ^
[ 94%] ABC: `` Compiling: /src/opt/nwk/nwkObj.c
[ 94%] ABC: `` Compiling: /src/opt/nwk/nwkSpeedup.c
1 warning generated.
[ 94%] ABC: `` Compiling: /src/opt/nwk/nwkStrash.c
[ 94%] ABC: `` Compiling: /src/opt/nwk/nwkTiming.c
[ 94%] ABC: `` Compiling: /src/opt/nwk/nwkUtil.c
[ 94%] ABC: `` Compiling: /src/opt/rwt/rwtDec.c
[ 94%] ABC: `` Compiling: /src/opt/rwt/rwtMan.c
[ 94%] ABC: `` Compiling: /src/opt/rwt/rwtUtil.c
[ 94%] ABC: `` Compiling: /src/opt/cgt/cgtAig.c
[ 94%] ABC: `` Compiling: /src/opt/cgt/cgtCore.c
src/opt/cgt/cgtCore.c:134:25: warning: variable 'nCalls' set but not used [-Wunused-but-set-variable]
    int i, k, RetValue, nCalls;
                        ^
[ 94%] ABC: `` Compiling: /src/opt/cgt/cgtDecide.c
1 warning generated.
[ 94%] ABC: `` Compiling: /src/opt/cgt/cgtMan.c
src/opt/cgt/cgtDecide.c:194:26: warning: variable 'nTransSaved' set but not used [-Wunused-but-set-variable]
    int nTransTotal = 0, nTransSaved = 0;
                         ^
src/opt/cgt/cgtDecide.c:194:9: warning: variable 'nTransTotal' set but not used [-Wunused-but-set-variable]
    int nTransTotal = 0, nTransSaved = 0;
        ^
[ 94%] ABC: `` Compiling: /src/opt/cgt/cgtSat.c
2 warnings generated.
[ 94%] ABC: `` Compiling: /src/opt/csw/cswCore.c
[ 94%] ABC: `` Compiling: /src/opt/csw/cswCut.c
[ 94%] ABC: `` Compiling: /src/opt/csw/cswMan.c
src/opt/csw/cswCut.c:495:43: warning: variable 'pCutSet' set but not used [-Wunused-but-set-variable]
    Csw_Cut_t * pCut0, * pCut1, * pCut, * pCutSet;
                                          ^
[ 94%] ABC: `` Compiling: /src/opt/csw/cswTable.c
1 warning generated.
[ 94%] ABC: `` Compiling: /src/opt/dar/darBalance.c
[ 94%] ABC: `` Compiling: /src/opt/dar/darCore.c
[ 94%] ABC: `` Compiling: /src/opt/dar/darCut.c
[ 94%] ABC: `` Compiling: /src/opt/dar/darData.c
[ 94%] ABC: `` Compiling: /src/opt/dar/darLib.c
[ 94%] ABC: `` Compiling: /src/opt/dar/darMan.c
[ 94%] ABC: `` Compiling: /src/opt/dar/darPrec.c
src/opt/dar/darLib.c:1187:9: warning: variable 'p_OutNumBest' set but not used [-Wunused-but-set-variable]
    int p_OutNumBest = -1;
        ^
src/opt/dar/darLib.c:1190:9: warning: variable 'p_ClassBest' set but not used [-Wunused-but-set-variable]
    int p_ClassBest  = -1;
        ^
src/opt/dar/darPrec.c:265:9: warning: variable 'nMints' set but not used [-Wunused-but-set-variable]
    int nMints, Shift, v;
        ^
src/opt/dar/darPrec.c:264:14: warning: variable 'uTruthRes' set but not used [-Wunused-but-set-variable]
    unsigned uTruthRes, uCof0, uCof1;
             ^
2 warnings generated.
[ 94%] ABC: `` Compiling: /src/opt/dar/darRefact.c
src/opt/dar/darRefact.c:232:31: warning: variable 'LevelOld' set but not used [-Wunused-but-set-variable]
    int i, Counter, LevelNew, LevelOld;
                              ^
2 warnings generated.
[ 94%] ABC: `` Compiling: /src/opt/dar/darScript.c
1 warning generated.
[ 94%] ABC: `` Compiling: /src/opt/dau/dauCanon.c
[ 94%] ABC: `` Compiling: /src/opt/dau/dauCore.c
src/opt/dau/dauCanon.c:145:2: warning: misleading indentation; statement is not part of the previous 'if' [-Wmisleading-indentation]
        if ( iVar <= 4 )
        ^
src/opt/dau/dauCanon.c:143:5: note: previous statement is here
    if ( nWords == 1 )
    ^
[ 94%] ABC: `` Compiling: /src/opt/dau/dauCount.c
[ 94%] ABC: `` Compiling: /src/opt/dau/dauDivs.c
[ 94%] ABC: `` Compiling: /src/opt/dau/dauDsd.c
src/opt/dau/dauDsd.c:1990:9: warning: variable 'nNonDec' set but not used [-Wunused-but-set-variable]
    int nNonDec = Dau_DsdDecompose( &t, 6, 1, 1, pRes );
        ^
src/opt/dau/dauDsd.c:2011:9: warning: variable 'i' set but not used [-Wunused-but-set-variable]
    int i, Status;
        ^
src/opt/dau/dauDsd.c:2011:12: warning: variable 'Status' set but not used [-Wunused-but-set-variable]
    int i, Status;
           ^
1 warning generated.
[ 94%] ABC: `` Compiling: /src/opt/dau/dauEnum.c
[ 94%] ABC: `` Compiling: /src/opt/dau/dauGia.c
[ 94%] ABC: `` Compiling: /src/opt/dau/dauMerge.c
3 warnings generated.
[ 94%] ABC: `` Compiling: /src/opt/dau/dauNonDsd.c
src/opt/dau/dauMerge.c:802:12: warning: variable 'pRes' set but not used [-Wunused-but-set-variable]
    char * pRes;
           ^
src/opt/dau/dauMerge.c:803:10: warning: variable 't' set but not used [-Wunused-but-set-variable]
    word t = Dau_Dsd6ToTruth( pStr );
         ^
src/opt/dau/dauNonDsd.c:720:26: warning: variable 'ResC' set but not used [-Wunused-but-set-variable]
    int i, m, v, status, ResC, ResD, Counter = 0;
                         ^
src/opt/dau/dauNonDsd.c:720:32: warning: variable 'ResD' set but not used [-Wunused-but-set-variable]
    int i, m, v, status, ResC, ResD, Counter = 0;
                               ^
src/opt/dau/dauNonDsd.c:777:29: warning: variable 'ResD' set but not used [-Wunused-but-set-variable]
    int v, i, status, ResC, ResD;
                            ^
src/opt/dau/dauNonDsd.c:777:23: warning: variable 'ResC' set but not used [-Wunused-but-set-variable]
    int v, i, status, ResC, ResD;
                      ^
2 warnings generated.
[ 94%] ABC: `` Compiling: /src/opt/dau/dauTree.c
src/opt/dau/dauTree.c:1659:17: warning: variable 's' set but not used [-Wunused-but-set-variable]
            int s;
                ^
4 warnings generated.
[ 94%] ABC: `` Compiling: /src/opt/dsc/dsc.c
[ 94%] ABC: `` Compiling: /src/opt/sfm/sfmArea.c
1 warning generated.
[ 94%] ABC: `` Compiling: /src/opt/sfm/sfmCnf.c
[ 94%] ABC: `` Compiling: /src/opt/sfm/sfmCore.c
src/opt/sfm/sfmCnf.c:127:12: warning: variable 'nCubes' set but not used [-Wunused-but-set-variable]
    int i, nCubes;
           ^
1 warning generated.
[ 94%] ABC: `` Compiling: /src/opt/sfm/sfmDec.c
[ 94%] ABC: `` Compiling: /src/opt/sfm/sfmLib.c
src/opt/sfm/sfmLib.c:105:12: warning: variable 'nCubes' set but not used [-Wunused-but-set-variable]
    int i, nCubes;
           ^
1 warning generated.
[ 94%] ABC: `` Compiling: /src/opt/sfm/sfmNtk.c
[ 94%] ABC: `` Compiling: /src/opt/sfm/sfmSat.c
src/opt/sfm/sfmSat.c:263:62: warning: misleading indentation; statement is not part of the previous 'else' [-Wmisleading-indentation]
            Kit_DsdPrintFromTruth( (unsigned *)&uTruth, 2 ); printf( "\n" );
                                                             ^
src/opt/sfm/sfmSat.c:262:9: note: previous statement is here
        else
        ^
[ 94%] ABC: `` Compiling: /src/opt/sfm/sfmTim.c
1 warning generated.
[ 94%] ABC: `` Compiling: /src/opt/sfm/sfmMit.c
[ 94%] ABC: `` Compiling: /src/opt/sfm/sfmWin.c
[ 94%] ABC: `` Compiling: /src/opt/sbd/sbd.c
[ 94%] ABC: `` Compiling: /src/opt/sbd/sbdCnf.c
[ 94%] ABC: `` Compiling: /src/opt/sbd/sbdCore.c
src/opt/sbd/sbdCore.c:1016:59: warning: variable 'nRowsOld' set but not used [-Wunused-but-set-variable]
    int i, k, n, Node, Index, nCubes[2] = {0}, nRows = 0, nRowsOld;
                                                          ^
[ 94%] ABC: `` Compiling: /src/opt/sbd/sbdCut.c
[ 94%] ABC: `` Compiling: /src/opt/sbd/sbdCut2.c
[ 94%] ABC: `` Compiling: /src/opt/sbd/sbdLut.c
1 warning generated.
[ 94%] ABC: `` Compiling: /src/opt/sbd/sbdPath.c
[ 94%] ABC: `` Compiling: /src/opt/sbd/sbdSat.c
[ 94%] ABC: `` Compiling: /src/opt/sbd/sbdWin.c
src/opt/sbd/sbdWin.c:347:10: warning: variable 'Supp' set but not used [-Wunused-but-set-variable]
    word Supp = Sbd_ManSolverSupp( vSop, pInds, &nVars );
         ^
src/opt/sbd/sbdWin.c:379:14: warning: variable 'Supp' set but not used [-Wunused-but-set-variable]
        word Supp = Sbd_ManSolverSupp( vSop, pInds, &nVars );
             ^
2 warnings generated.
[ 94%] ABC: `` Compiling: /src/sat/bsat/satMem.c
[ 94%] ABC: `` Compiling: /src/sat/bsat/satInter.c
src/sat/bsat/satInter.c:1008:9: warning: variable 'RetValue' set but not used [-Wunused-but-set-variable]
    int RetValue = 1;
        ^
[ 94%] ABC: `` Compiling: /src/sat/bsat/satInterA.c
src/sat/bsat/satInterA.c:949:9: warning: variable 'RetValue' set but not used [-Wunused-but-set-variable]
    int RetValue = 1;
        ^
1 warning generated.
[ 94%] ABC: `` Compiling: /src/sat/bsat/satInterB.c
src/sat/bsat/satInterB.c:992:9: warning: variable 'RetValue' set but not used [-Wunused-but-set-variable]
    int RetValue = 1;
        ^
1 warning generated.
[ 94%] ABC: `` Compiling: /src/sat/bsat/satInterP.c
src/sat/bsat/satInterP.c:968:9: warning: variable 'RetValue' set but not used [-Wunused-but-set-variable]
    int RetValue = 1;
        ^
1 warning generated.
[ 94%] ABC: `` Compiling: /src/sat/bsat/satProof.c
src/sat/bsat/satProof.c:149:13: warning: variable 'clk' set but not used [-Wunused-but-set-variable]
    abctime clk = Abc_Clock();
            ^
1 warning generated.
[ 94%] ABC: `` Compiling: /src/sat/bsat/satSolver.c
1 warning generated.
[ 94%] ABC: `` Compiling: /src/sat/bsat/satSolver2.c
[ 94%] ABC: `` Compiling: /src/sat/bsat/satSolver2i.c
[ 94%] ABC: `` Compiling: /src/sat/bsat/satSolver3.c
[ 94%] ABC: `` Compiling: /src/sat/bsat/satStore.c
[ 94%] ABC: `` Compiling: /src/sat/bsat/satTrace.c
[ 94%] ABC: `` Compiling: /src/sat/bsat/satTruth.c
[ 94%] ABC: `` Compiling: /src/sat/bsat/satUtil.c
[ 94%] ABC: `` Compiling: /src/sat/xsat/xsatSolver.c
[ 94%] ABC: `` Compiling: /src/sat/xsat/xsatSolverAPI.c
[ 94%] ABC: `` Compiling: /src/sat/xsat/xsatCnfReader.c
[ 94%] ABC: `` Compiling: /src/sat/satoko/solver.c
src/sat/xsat/xsatCnfReader.c:53:9: warning: variable 'RetValue' set but not used [-Wunused-but-set-variable]
    int RetValue;
        ^
src/sat/xsat/xsatCnfReader.c:168:16: warning: variable 'nClas' set but not used [-Wunused-but-set-variable]
    int nVars, nClas;
               ^
2 warnings generated.
[ 94%] ABC: `` Compiling: /src/sat/satoko/solver_api.c
src/sat/satoko/solver_api.c:257:17: warning: variable 'j' set but not used [-Wunused-but-set-variable]
    unsigned i, j;
                ^
1 warning generated.
[ 94%] ABC: `` Compiling: /src/sat/satoko/cnf_reader.c
src/sat/satoko/cnf_reader.c:34:9: warning: variable 'ret' set but not used [-Wunused-but-set-variable]
    int ret;
        ^
src/sat/satoko/cnf_reader.c:113:9: warning: variable 'n_clause' set but not used [-Wunused-but-set-variable]
    int n_clause;
        ^
2 warnings generated.
[ 94%] ABC: `` Compiling: /src/sat/csat/csat_apis.c
[ 94%] ABC: `` Compiling: /src/sat/msat/msatActivity.c
[ 94%] ABC: `` Compiling: /src/sat/msat/msatClause.c
[ 94%] ABC: `` Compiling: /src/sat/msat/msatClauseVec.c
[ 94%] ABC: `` Compiling: /src/sat/msat/msatMem.c
[ 94%] ABC: `` Compiling: /src/sat/msat/msatOrderH.c
[ 94%] ABC: `` Compiling: /src/sat/msat/msatQueue.c
[ 94%] ABC: `` Compiling: /src/sat/msat/msatRead.c
[ 94%] ABC: `` Compiling: /src/sat/msat/msatSolverApi.c
src/sat/msat/msatRead.c:51:9: warning: variable 'RetValue' set but not used [-Wunused-but-set-variable]
    int RetValue;
        ^
src/sat/msat/msatRead.c:206:16: warning: variable 'nClas' set but not used [-Wunused-but-set-variable]
    int nVars, nClas;
               ^
2 warnings generated.
[ 94%] ABC: `` Compiling: /src/sat/msat/msatSolverCore.c
[ 94%] ABC: `` Compiling: /src/sat/msat/msatSolverIo.c
[ 94%] ABC: `` Compiling: /src/sat/msat/msatSolverSearch.c
[ 94%] ABC: `` Compiling: /src/sat/msat/msatSort.c
[ 94%] ABC: `` Compiling: /src/sat/msat/msatVec.c
[ 94%] ABC: `` Compiling: /src/sat/cnf/cnfCore.c
[ 94%] ABC: `` Compiling: /src/sat/cnf/cnfCut.c
[ 94%] ABC: `` Compiling: /src/sat/cnf/cnfData.c
[ 94%] ABC: `` Compiling: /src/sat/cnf/cnfFast.c
[ 94%] ABC: `` Compiling: /src/sat/cnf/cnfMan.c
src/sat/cnf/cnfFast.c:301:34: warning: variable 'pObjC' set but not used [-Wunused-but-set-variable]
    Aig_Obj_t * pObj, * pTemp, * pObjC, * pObj0, * pObj1;
                                 ^
src/sat/cnf/cnfFast.c:669:13: warning: variable 'clk' set but not used [-Wunused-but-set-variable]
    abctime clk;//, clkTotal = Abc_Clock();
            ^
[ 94%] ABC: `` Compiling: /src/sat/cnf/cnfMap.c
2 warnings generated.
[ 94%] ABC: `` Compiling: /src/sat/cnf/cnfPost.c
[ 94%] ABC: `` Compiling: /src/sat/cnf/cnfUtil.c
[ 94%] ABC: `` Compiling: /src/sat/cnf/cnfWrite.c
[ 94%] ABC: `` Compiling: /src/sat/bmc/bmcBCore.c
[ 94%] ABC: `` Compiling: /src/sat/bmc/bmcBmc.c
[ 94%] ABC: `` Compiling: /src/sat/bmc/bmcBmc2.c
[ 94%] ABC: `` Compiling: /src/sat/bmc/bmcBmc3.c
src/sat/bmc/bmcBmc2.c:819:32: warning: variable 'clk2' set but not used [-Wunused-but-set-variable]
    abctime clk = Abc_Clock(), clk2, clkTotal = Abc_Clock();
                               ^
src/sat/bmc/bmcBmc3.c:1471:13: warning: variable 'clk' set but not used [-Wunused-but-set-variable]
    abctime clk, clk2, clkSatRun, clkOther = 0, clkTotal = Abc_Clock();
            ^
1 warning generated.
[ 94%] ABC: `` Compiling: /src/sat/bmc/bmcBmcAnd.c
1 warning generated.
[ 94%] ABC: `` Compiling: /src/sat/bmc/bmcBmci.c
[ 94%] ABC: `` Compiling: /src/sat/bmc/bmcBmcG.c
[ 94%] ABC: `` Compiling: /src/sat/bmc/bmcBmcS.c
[ 94%] ABC: `` Compiling: /src/sat/bmc/bmcCexCare.c
[ 94%] ABC: `` Compiling: /src/sat/bmc/bmcCexCut.c
[ 94%] ABC: `` Compiling: /src/sat/bmc/bmcCexDepth.c
[ 94%] ABC: `` Compiling: /src/sat/bmc/bmcCexMin1.c
[ 94%] ABC: `` Compiling: /src/sat/bmc/bmcCexMin2.c
src/sat/bmc/bmcCexMin2.c:320:12: warning: variable 'RetValue' set but not used [-Wunused-but-set-variable]
    int f, RetValue;
           ^
[ 94%] ABC: `` Compiling: /src/sat/bmc/bmcCexTools.c
src/sat/bmc/bmcCexTools.c:53:12: warning: variable 'Counter' set but not used [-Wunused-but-set-variable]
    int k, Counter = 0, Counter2 = 0;
           ^
1 warning generated.
[ 94%] ABC: `` Compiling: /src/sat/bmc/bmcChain.c
src/sat/bmc/bmcChain.c:310:13: warning: variable 'clkSwp' set but not used [-Wunused-but-set-variable]
    abctime clkSwp = 0;
            ^
1 warning generated.
[ 94%] ABC: `` Compiling: /src/sat/bmc/bmcClp.c
1 warning generated.
[ 94%] ABC: `` Compiling: /src/sat/bmc/bmcEco.c
[ 94%] ABC: `` Compiling: /src/sat/bmc/bmcExpand.c
[ 94%] ABC: `` Compiling: /src/sat/bmc/bmcFault.c
src/sat/bmc/bmcFault.c:114:30: warning: variable 'nVarsOld' set but not used [-Wunused-but-set-variable]
    int i, iVar, nSize, Lit, nVarsOld;
                             ^
[ 94%] ABC: `` Compiling: /src/sat/bmc/bmcFx.c
[ 94%] ABC: `` Compiling: /src/sat/bmc/bmcGen.c
[ 94%] ABC: `` Compiling: /src/sat/bmc/bmcICheck.c
1 warning generated.
[ 94%] ABC: `` Compiling: /src/sat/bmc/bmcInse.c
[ 94%] ABC: `` Compiling: /src/sat/bmc/bmcLoad.c
[ 94%] ABC: `` Compiling: /src/sat/bmc/bmcMaj.c
[ 94%] ABC: `` Compiling: /src/sat/bmc/bmcMaj2.c
[ 94%] ABC: `` Compiling: /src/sat/bmc/bmcMaj3.c
[ 94%] ABC: `` Compiling: /src/sat/bmc/bmcMaxi.c
[ 94%] ABC: `` Compiling: /src/sat/bmc/bmcMesh.c
[ 94%] ABC: `` Compiling: /src/sat/bmc/bmcMesh2.c
[ 94%] ABC: `` Compiling: /src/sat/bmc/bmcMulti.c
src/sat/bmc/bmcMulti.c:173:12: warning: variable 'RetValue' set but not used [-Wunused-but-set-variable]
    int i, RetValue  = -1;
           ^
[ 94%] ABC: `` Compiling: /src/sat/bmc/bmcUnroll.c
1 warning generated.
[ 94%] ABC: `` Compiling: /src/bool/bdc/bdcCore.c
[ 94%] ABC: `` Compiling: /src/bool/bdc/bdcDec.c
[ 94%] ABC: `` Compiling: /src/bool/bdc/bdcSpfd.c
src/bool/bdc/bdcSpfd.c:731:9: warning: variable 'RetValue' set but not used [-Wunused-but-set-variable]
    int RetValue;
        ^
src/bool/bdc/bdcSpfd.c:763:9: warning: variable 'RetValue' set but not used [-Wunused-but-set-variable]
    int RetValue;
        ^
[ 94%] ABC: `` Compiling: /src/bool/bdc/bdcTable.c
[ 94%] ABC: `` Compiling: /src/bool/dec/decAbc.c
src/bool/dec/decAbc.c:172:31: warning: variable 'LevelOld' set but not used [-Wunused-but-set-variable]
    int i, Counter, LevelNew, LevelOld;
                              ^
src/bool/dec/decAbc.c:245:20: warning: variable 'nNodesOld' set but not used [-Wunused-but-set-variable]
    int nNodesNew, nNodesOld;
                   ^
src/bool/dec/decAbc.c:245:9:2 warning warning: s generatedvariable 'nNodesNew' set but not used [-Wunused-but-set-variable]
.
    int nNodesNew, nNodesOld;
        ^
[ 94%] ABC: `` Compiling: /src/bool/dec/decFactor.c
3 warnings generated.
[ 94%] ABC: `` Compiling: /src/bool/dec/decMan.c
src/bool/dec/decFactor.c:385:13: warning: variable 's' set but not used [-Wunused-but-set-variable]
        int s;
            ^
[ 94%] ABC: `` Compiling: /src/bool/dec/decPrint.c
1 warning generated.
[ 94%] ABC: `` Compiling: /src/bool/dec/decUtil.c
[ 94%] ABC: `` Compiling: /src/bool/kit/kitAig.c
[ 94%] ABC: `` Compiling: /src/bool/kit/kitBdd.c
src/bool/kit/kitBdd.c:224:13: warning: variable 's' set but not used [-Wunused-but-set-variable]
        int s;
            ^
[ 94%] ABC: `` Compiling: /src/bool/kit/kitCloud.c
1 warning generated.
[ 94%] ABC: `` Compiling: /src/bool/kit/cloud.c
src/bool/kit/cloud.c:74:13: warning: variable 'clk1' set but not used [-Wunused-but-set-variable]
    abctime clk1, clk2;
            ^
src/bool/kit/cloud.c:74:19: warning: variable 'clk2' set but not used [-Wunused-but-set-variable]
    abctime clk1, clk2;
                  ^
[ 94%] ABC: `` Compiling: /src/bool/kit/kitDsd.c
2 warnings generated.
[ 94%] ABC: `` Compiling: /src/bool/kit/kitFactor.c
src/bool/kit/kitFactor.c:202:38: warning: variable 'nLits2' set but not used [-Wunused-but-set-variable]
    int i, iLit = -1, nLits, nLits1, nLits2;
                                     ^
1 warning generated.
[ 94%] ABC: `` Compiling: /src/bool/kit/kitGraph.c
[ 94%] ABC: `` Compiling: /src/bool/kit/kitHop.c
[ 94%] ABC: `` Compiling: /src/bool/kit/kitIsop.c
[ 94%] ABC: `` Compiling: /src/bool/kit/kitPla.c
[ 94%] ABC: `` Compiling: /src/bool/kit/kitSop.c
[ 94%] ABC: `` Compiling: /src/bool/kit/kitTruth.c
src/bool/kit/kitTruth.c:642:13: warning: misleading indentation; statement is not part of the previous 'for' [-Wmisleading-indentation]
            return 1;
            ^
src/bool/kit/kitTruth.c:639:9: note: previous statement is here
        for ( i = 0; i < nWords; i++ )
        ^
[ 94%] ABC: `` Compiling: /src/bool/lucky/lucky.c
src/bool/lucky/lucky.c:59:10: warning: misleading indentation; statement is not part of the previous 'for' [-Wmisleading-indentation]
         p->nFuncs = count;
         ^
src/bool/lucky/lucky.c:52:6: note: previous statement is here
     for(i=1;i<WordsN;i++)  
     ^
src/bool/lucky/lucky.c:97:10: warning: misleading indentation; statement is not part of the previous 'for' [-Wmisleading-indentation]
         p->nFuncs = count;
         ^
src/bool/lucky/lucky.c:90:6: note: previous statement is here
     for(i=1;i<WordsPtrN;i++)   
     ^
2 warnings generated.
[ 94%] ABC: `` Compiling: /src/bool/lucky/luckyFast16.c
1 warning generated.
[ 94%] ABC: `` Compiling: /src/bool/lucky/luckyFast6.c
[ 94%] ABC: `` Compiling: /src/bool/lucky/luckyRead.c
[ 94%] ABC: `` Compiling: /src/bool/lucky/luckySimple.c
src/bool/lucky/luckyRead.c:128:9: warning: variable 'RetValue' set but not used [-Wunused-but-set-variable]
    int RetValue;
        ^
1 warning generated.
[ 94%] ABC: `` Compiling: /src/bool/lucky/luckySwapIJ.c
[ 94%] ABC: `` Compiling: /src/bool/lucky/luckySwap.c
[ 94%] ABC: `` Compiling: /src/bool/rsb/rsbDec6.c
src/bool/rsb/rsbDec6.c:732:9: warning: variable 'RetValue' set but not used [-Wunused-but-set-variable]
    int RetValue;
        ^
[ 94%] ABC: `` Compiling: /src/bool/rsb/rsbMan.c
[ 94%] ABC: `` Compiling: /src/bool/rpo/rpo.c
1 warning generated.
[ 94%] ABC: `` Compiling: /src/proof/pdr/pdrCnf.c
[ 94%] ABC: `` Compiling: /src/proof/pdr/pdrCore.c
In file included from src/proof/pdr/pdrCnf.c:21:
In file included from src/proof/pdr/pdrInt.h:32:
./src/misc/hash/hashInt.h:118:31: warning: variable 'pLast' set but not used [-Wunused-but-set-variable]
  Hash_Int_Entry_t *pEntry, **pLast;
                              ^
In file included from src/proof/pdr/pdrCore.c:21:
In file included from src/proof/pdr/pdrInt.h:32:
./src/misc/hash/hashInt.h:118:31: warning: variable 'pLast' set but not used [-Wunused-but-set-variable]
  Hash_Int_Entry_t *pEntry, **pLast;
                              ^
In file included from src/proof/pdr/pdrCore.c:23:
In file included from ./src/misc/hash/hash.h:35:
./src/misc/hash/hashFlt.h:118:31: warning: variable 'pLast' set but not used [-Wunused-but-set-variable]
1 warning  Hash_Flt_Entry_t *pEntry, **pLast;
 generated.
                              ^
[ 94%] ABC: `` Compiling: /src/proof/pdr/pdrIncr.c
In file included from src/proof/pdr/pdrIncr.c:21:
In file included from src/proof/pdr/pdrInt.h:32:
./src/misc/hash/hashInt.h:118:31: warning: variable 'pLast' set but not used [-Wunused-but-set-variable]
  Hash_Int_Entry_t *pEntry, **pLast;
                              ^
2 warnings generated.
[ 94%] ABC: `` Compiling: /src/proof/pdr/pdrInv.c
1 warning generated.
[ 94%] ABC: `` Compiling: /src/proof/pdr/pdrMan.c
In file included from src/proof/pdr/pdrInv.c:21:
In file included from src/proof/pdr/pdrInt.h:32:
./src/misc/hash/hashInt.h:118:31: warning: variable 'pLast' set but not used [-Wunused-but-set-variable]
  Hash_Int_Entry_t *pEntry, **pLast;
                              ^
In file included from src/proof/pdr/pdrMan.c:21:
In file included from src/proof/pdr/pdrInt.h:32:
./src/misc/hash/hashInt.h:118:31: warning: variable 'pLast' set but not used [-Wunused-but-set-variable]
  Hash_Int_Entry_t *pEntry, **pLast;
                              ^
1 warning generated.
[ 94%] ABC: `` Compiling: /src/proof/pdr/pdrSat.c
1 warning generated.
[ 94%] ABC: `` Compiling: /src/proof/pdr/pdrTsim.c
In file included from src/proof/pdr/pdrSat.c:21:
In file included from src/proof/pdr/pdrInt.h:32:
./src/misc/hash/hashInt.h:118:31: warning: variable 'pLast' set but not used [-Wunused-but-set-variable]
  Hash_Int_Entry_t *pEntry, **pLast;
                              ^
In file included from src/proof/pdr/pdrTsim.c:21:
In file included from src/proof/pdr/pdrInt.h:32:
src/proof/pdr/pdrSat.c:./src/misc/hash/hashInt.h:293:118:9:31: warning:  warning: variable 'fLitUsed' set but not used [-Wunused-but-set-variable]
variable 'pLast' set but not used [-Wunused-but-set-variable]
    int fLitUsed = 0;
  Hash_Int_Entry_t *pEntry, **pLast;
        ^
                              ^
2 warnings generated.
[ 94%] ABC: `` Compiling: /src/proof/pdr/pdrTsim2.c
In file included from src/proof/pdr/pdrTsim2.c:21:
In file included from src/proof/pdr/pdrInt.h:32:
./src/misc/hash/hashInt.h:118:31: warning: variable 'pLast' set but not used [-Wunused-but-set-variable]
  Hash_Int_Entry_t *pEntry, **pLast;
                              ^
1 warning generated.
[ 94%] ABC: `` Compiling: /src/proof/pdr/pdrTsim3.c
In file included from src/proof/pdr/pdrTsim3.c:21:
In file included from src/proof/pdr/pdrInt.h:32:
./src/misc/hash/hashInt.h:118:31: warning: variable 'pLast' set but not used [-Wunused-but-set-variable]
  Hash_Int_Entry_t *pEntry, **pLast;
                              ^
1 warning generated.
[ 94%] ABC: `` Compiling: /src/proof/pdr/pdrUtil.c
1 warning generated.
[ 94%] ABC: `` Compiling: /src/proof/abs/absDup.c
In file included from src/proof/pdr/pdrUtil.c:21:
In file included from src/proof/pdr/pdrInt.h:32:
./src/misc/hash/hashInt.h:118:31: warning: variable 'pLast' set but not used [-Wunused-but-set-variable]
  Hash_Int_Entry_t *pEntry, **pLast;
                              ^
1 warning generated.
[ 94%] ABC: `` Compiling: /src/proof/abs/absGla.c
[ 94%] ABC: `` Compiling: /src/proof/abs/absGlaOld.c
src/proof/abs/absGlaOld.c:1345:16: warning: variable 'RetValue' set but not used [-Wunused-but-set-variable]
        int i, RetValue, nClauses, iFirstClause, * pLit;
               ^
src/proof/abs/absGlaOld.c:1450:13: warning: variable 'clk' set but not used [-Wunused-but-set-variable]
    abctime clk = Abc_Clock();
            ^
[ 94%] ABC: `` Compiling: /src/proof/abs/absIter.c
2 warnings generated.
[ 94%] ABC: `` Compiling: /src/proof/abs/absOldCex.c
[ 94%] ABC: `` Compiling: /src/proof/abs/absOldRef.c
[ 94%] ABC: `` Compiling: /src/proof/abs/absOldSat.c
src/proof/abs/absOldSat.c:442:27: warning: variable 'iFrame' set but not used [-Wunused-but-set-variable]
    int i, Entry, iInput, iFrame;
                          ^
src/proof/abs/absOldSat.c:513:13: warning: variable 'clk' set but not used [-Wunused-but-set-variable]
    abctime clk = Abc_Clock();
            ^
[ 94%] ABC: `` Compiling: /src/proof/abs/absOldSim.c
2 warnings generated.
[ 94%] ABC: `` Compiling: /src/proof/abs/absOut.c
[ 94%] ABC: `` Compiling: /src/proof/abs/absPth.c
[ 94%] ABC: `` Compiling: /src/proof/abs/absRef.c
src/proof/abs/absRef.c:678:9: warning: variable 'RetValue' set but not used [-Wunused-but-set-variable]
    int RetValue;
        ^
[ 94%] ABC: `` Compiling: /src/proof/abs/absRefSelect.c
src/proof/abs/absRefSelect.c:213:19: warning: variable 'RetValue' set but not used [-Wunused-but-set-variable]
    int i, k, k2, RetValue, Counters[3] = {0};
                  ^
1 warning generated.
[ 94%] ABC: `` Compiling: /src/proof/abs/absRpm.c
1 warning generated.
[ 94%] ABC: `` Compiling: /src/proof/abs/absRpmOld.c
[ 94%] ABC: `` Compiling: /src/proof/abs/absVta.c
src/proof/abs/absVta.c:875:17: warning: misleading indentation; statement is not part of the previous 'if' [-Wmisleading-indentation]
                Vec_IntPush( vTermsToAdd, Vta_ObjId(p, pThis) );
                ^
src/proof/abs/absVta.c:871:13: note: previous statement is here
            if ( pThis->fVisit )
            ^
src/proof/abs/absVta.c:1085:13: warning: variable 'clk' set but not used [-Wunused-but-set-variable]
    abctime clk = Abc_Clock();
            ^
[ 94%] ABC: `` Compiling: /src/proof/abs/absUtil.c
[ 94%] ABC: `` Compiling: /src/proof/live/liveness.c
src/proof/live/liveness.c:253:31: warning: variable 'pObjShadowLi' set but not used [-Wunused-but-set-variable]
    Aig_Obj_t *pObjShadowLo, *pObjShadowLi, *pObjShadowLiDriver;
                              ^
src/proof/live/liveness.c:257:16: warning: variable 'pObjOriginalSafetyPropertyOutput' set but not used [-Wunused-but-set-variable]
    Aig_Obj_t *pObjOriginalSafetyPropertyOutput;
               ^
src/proof/live/liveness.c:551:31: warning: variable 'pObjShadowLi' set but not used [-Wunused-but-set-variable]
    Aig_Obj_t *pObjShadowLo, *pObjShadowLi, *pObjShadowLiDriver;
                              ^
src/proof/live/liveness.c:1256:12: warning: variable 'pOut' set but not used [-Wunused-but-set-variable]
    FILE * pOut, * pErr;
           ^
src/proof/live/liveness.c:1257:46: warning: variable 'pNtkOld' set but not used [-Wunused-but-set-variable]
    Abc_Ntk_t * pNtk, * pNtkTemp, *pNtkNew, *pNtkOld;
                                             ^
src/proof/live/liveness.c:1601:12: warning: variable 'pOut' set but not used [-Wunused-but-set-variable]
    FILE * pOut, * pErr;
           ^
src/proof/live/liveness.c:1602:46: warning: variable 'pNtkOld' set but not used [-Wunused-but-set-variable]
    Abc_Ntk_t * pNtk, * pNtkTemp, *pNtkNew, *pNtkOld;
                                             ^
src/proof/live/liveness.c:1808:31: warning: variable 'pObjShadowLi' set but not used [-Wunused-but-set-variable]
    Aig_Obj_t *pObjShadowLo, *pObjShadowLi, *pObjShadowLiDriver;
                              ^
src/proof/live/liveness.c:1812:16: warning: variable 'pObjOriginalSafetyPropertyOutput' set but not used [-Wunused-but-set-variable]
    Aig_Obj_t *pObjOriginalSafetyPropertyOutput;
               ^
src/proof/live/liveness.c:2270:12: warning: variable 'pOut' set but not used [-Wunused-but-set-variable]
    FILE * pOut, * pErr;
2           ^
 warningssrc/proof/live/liveness.c: generated.
2271:46: [ 94%] ABC: `` Compiling: /src/proof/live/liveness_sim.c
warning: variable 'pNtkOld' set but not used [-Wunused-but-set-variable]
    Abc_Ntk_t * pNtk, * pNtkTemp, *pNtkNew, *pNtkOld;
                                             ^
src/proof/live/liveness_sim.c:206:31: warning: variable 'pObjShadowLi' set but not used [-Wunused-but-set-variable]
    Aig_Obj_t *pObjShadowLo, *pObjShadowLi, *pObjShadowLiDriver;
                              ^
src/proof/live/liveness_sim.c:756:12: warning: variable 'pOut' set but not used [-Wunused-but-set-variable]
    FILE * pOut, * pErr;
           ^
src/proof/live/liveness_sim.c:757:46: warning: variable 'pNtkOld' set but not used [-Wunused-but-set-variable]
    Abc_Ntk_t * pNtk, * pNtkTemp, *pNtkNew, *pNtkOld;
                                             ^
3 warnings generated.
[ 94%] ABC: `` Compiling: /src/proof/live/ltl_parser.c
src/proof/live/ltl_parser.c:522:36: warning: using the result of an assignment as a condition without parentheses [-Wparentheses]
            assert( nextNode->type = EVENTUALLY );
                    ~~~~~~~~~~~~~~~^~~~~~~~~~~~
/usr/include/assert.h:109:11: note: expanded from macro 'assert'
      if (expr)                                                         \
          ^~~~
src/proof/live/ltl_parser.c:522:36: note: place parentheses around the assignment to silence this warning
            assert( nextNode->type = EVENTUALLY );
                                   ^
                    (
/usr/include/assert.h:109:11: note: expanded from macro 'assert'
      if (expr)                                                         \
          ^
src/proof/live/ltl_parser.c:522:36: note: use '==' to turn this assignment into an equality comparison
            assert( nextNode->type = EVENTUALLY );
                                   ^
                                   ==
/usr/include/assert.h:109:11: note: expanded from macro 'assert'
      if (expr)                                                         \
          ^
11 warnings generated.
[ 94%] ABC: `` Compiling: /src/proof/live/kliveness.c
1 warning generated.
[ 94%] ABC: `` Compiling: /src/proof/live/monotone.c
src/proof/live/kliveness.c:214:9: warning: misleading indentation; statement is not part of the previous 'else' [-Wmisleading-indentation]
        pObj = Aig_ManConst1( pAig );
        ^
src/proof/live/kliveness.c:208:5: note: previous statement is here
    else
    ^
1 warning generated.
[ 94%] ABC: `` Compiling: /src/proof/live/disjunctiveMonotone.c
[ 94%] ABC: `` Compiling: /src/proof/live/arenaViolation.c
[ 94%] ABC: `` Compiling: /src/proof/live/kLiveConstraints.c
[ 94%] ABC: `` Compiling: /src/proof/live/combination.c
[ 94%] ABC: `` Compiling: /src/proof/ssc/sscClass.c
src/proof/ssc/sscClass.c:164:17: warning: variable 'pObj' set but not used [-Wunused-but-set-variable]
    Gia_Obj_t * pObj;
                ^
src/proof/ssc/sscClass.c:199:17: warning: variable 'pObj' set but not used [-Wunused-but-set-variable]
    Gia_Obj_t * pObj;
                ^
[ 94%] ABC: `` Compiling: /src/proof/ssc/sscCore.c
2 warnings generated.
[ 94%] ABC: `` Compiling: /src/proof/ssc/sscSat.c
[ 94%] ABC: `` Compiling: /src/proof/ssc/sscSim.c
[ 94%] ABC: `` Compiling: /src/proof/ssc/sscUtil.c
src/proof/ssc/sscSim.c:181:12: warning: variable 'pSimAig' set but not used [-Wunused-but-set-variable]
    word * pSimAig;
           ^
src/proof/ssc/sscUtil.c:99:28: warning: using the result of an assignment as a condition without parentheses [-Wparentheses]
            assert( status = l_True );
                    ~~~~~~~^~~~~~~~
/usr/include/assert.h:109:11: note: expanded from macro 'assert'
      if (expr)                                                         \
          ^~~~
src/proof/ssc/sscUtil.c:99:28: note: place parentheses around the assignment to silence this warning
            assert( status = l_True );
                           ^
                    (
/usr/include/assert.h:109:11: note: expanded from macro 'assert'
      if (expr)                                                         \
          ^
src/proof/ssc/sscUtil.c:99:28: note: use '==' to turn this assignment into an equality comparison
            assert( status = l_True );
                           ^
                           ==
/usr/include/assert.h:109:11: note: expanded from macro 'assert'
      if (expr)                                                         \
          ^
1 warning generated.
[ 94%] ABC: `` Compiling: /src/proof/int/intCheck.c
1 warning generated.
[ 94%] ABC: `` Compiling: /src/proof/int/intContain.c
[ 94%] ABC: `` Compiling: /src/proof/int/intCore.c
[ 94%] ABC: `` Compiling: /src/proof/int/intCtrex.c
[ 94%] ABC: `` Compiling: /src/proof/int/intDup.c
[ 94%] ABC: `` Compiling: /src/proof/int/intFrames.c
[ 94%] ABC: `` Compiling: /src/proof/int/intInter.c
[ 94%] ABC: `` Compiling: /src/proof/int/intM114.c
[ 94%] ABC: `` Compiling: /src/proof/int/intMan.c
[ 94%] ABC: `` Compiling: /src/proof/int/intUtil.c
[ 94%] ABC: `` Compiling: /src/proof/cec/cecCec.c
[ 94%] ABC: `` Compiling: /src/proof/cec/cecChoice.c
src/proof/cec/cecChoice.c:211:12: warning: variable 'RetValue' set but not used [-Wunused-but-set-variable]
    int r, RetValue;
           ^
src/proof/cec/cecChoice.c:316:9: warning: variable 'RetValue' set but not used [-Wunused-but-set-variable]
    int RetValue;
        ^
[ 94%] ABC: `` Compiling: /src/proof/cec/cecClass.c
2 warnings generated.
[ 94%] ABC: `` Compiling: /src/proof/cec/cecCore.c
[ 94%] ABC: `` Compiling: /src/proof/cec/cecCorr.c
src/proof/cec/cecCorr.c:508:25: warning: variable 'Out' set but not used [-Wunused-but-set-variable]
    int k, iLit, nLits, Out, iBit = 1;
                        ^
src/proof/cec/cecCorr.c:780:19: warning: variable 'RetValue' set but not used [-Wunused-but-set-variable]
    int fChanges, RetValue;
                  ^
src/proof/cec/cecCorr.c:921:12: warning: variable 'RetValue' set but not used [-Wunused-but-set-variable]
    int r, RetValue;
           ^
[ 94%] ABC: `` Compiling: /src/proof/cec/cecIso.c
[ 94%] ABC: `` Compiling: /src/proof/cec/cecMan.c
[ 94%] ABC: `` Compiling: /src/proof/cec/cecPat.c
3 warnings generated.
[ 94%] ABC: `` Compiling: /src/proof/cec/cecSat.c
[ 94%] ABC: `` Compiling: /src/proof/cec/cecSatG.c
[ 94%] ABC: `` Compiling: /src/proof/cec/cecSeq.c
[ 94%] ABC: `` Compiling: /src/proof/cec/cecSolve.c
[ 94%] ABC: `` Compiling: /src/proof/cec/cecSplit.c
src/proof/cec/cecSolve.c:475:18: warning: variable 'clk2' set but not used [-Wunused-but-set-variable]
    abctime clk, clk2;
                 ^
src/proof/cec/cecSolve.c:575:18: warning: variable 'clk2' set but not used [-Wunused-but-set-variable]
    abctime clk, clk2;
                 ^
src/proof/cec/cecSolve.c:697:32: warning: variable 'clk2' set but not used [-Wunused-but-set-variable]
    abctime clk = Abc_Clock(), clk2;
                               ^
[ 94%] ABC: `` Compiling: /src/proof/cec/cecSynth.c
3 warnings generated.
[ 94%] ABC: `` Compiling: /src/proof/cec/cecSweep.c
[ 94%] ABC: `` Compiling: /src/proof/acec/acecCl.c
[ 94%] ABC: `` Compiling: /src/proof/acec/acecCore.c
[ 94%] ABC: `` Compiling: /src/proof/acec/acecCo.c
[ 94%] ABC: `` Compiling: /src/proof/acec/acecBo.c
[ 94%] ABC: `` Compiling: /src/proof/acec/acecRe.c
[ 94%] ABC: `` Compiling: /src/proof/acec/acecPa.c
[ 94%] ABC: `` Compiling: /src/proof/acec/acecPo.c
[ 94%] ABC: `` Compiling: /src/proof/acec/acecPool.c
[ 94%] ABC: `` Compiling: /src/proof/acec/acecCover.c
src/proof/acec/acecCover.c:229:12: warning: variable 'k' set but not used [-Wunused-but-set-variable]
    int i, k, Entry;
           ^
[ 94%] ABC: `` Compiling: /src/proof/acec/acecFadds.c
1 warning generated.
[ 94%] ABC: `` Compiling: /src/proof/acec/acecMult.c
src/proof/acec/acecFadds.c:771:9: warning: variable 'iChain' set but not used [-Wunused-but-set-variable]
    int iChain;
        ^
[ 94%] ABC: `` Compiling: /src/proof/acec/acecNorm.c
[ 94%] ABC: `` Compiling: /src/proof/acec/acecOrder.c
1 warning generated.
[ 94%] ABC: `` Compiling: /src/proof/acec/acecPolyn.c
[ 94%] ABC: `` Compiling: /src/proof/acec/acecSt.c
[ 94%] ABC: `` Compiling: /src/proof/acec/acecTree.c
src/proof/acec/acecTree.c:391:18: warning: variable 'iXor' set but not used [-Wunused-but-set-variable]
    int k, iBox, iXor, fXorPhase, fPhaseThis;
                 ^
[ 94%] ABC: `` Compiling: /src/proof/acec/acecUtil.c
[ 94%] ABC: `` Compiling: /src/proof/acec/acec2Mult.c
1 warning generated.
[ 94%] ABC: `` Compiling: /src/proof/acec/acecXor.c
[ 94%] ABC: `` Compiling: /src/proof/dch/dchAig.c
[ 94%] ABC: `` Compiling: /src/proof/dch/dchChoice.c
[ 94%] ABC: `` Compiling: /src/proof/dch/dchClass.c
[ 94%] ABC: `` Compiling: /src/proof/dch/dchCnf.c
[ 94%] ABC: `` Compiling: /src/proof/dch/dchCore.c
[ 94%] ABC: `` Compiling: /src/proof/dch/dchMan.c
[ 94%] ABC: `` Compiling: /src/proof/dch/dchSat.c
[ 94%] ABC: `` Compiling: /src/proof/dch/dchSim.c
[ 94%] ABC: `` Compiling: /src/proof/dch/dchSimSat.c
[ 94%] ABC: `` Compiling: /src/proof/dch/dchSweep.c
[ 94%] ABC: `` Compiling: /src/proof/fraig/fraigApi.c
[ 94%] ABC: `` Compiling: /src/proof/fraig/fraigCanon.c
src/proof/fraig/fraigCanon.c:200:24[ 94%] ABC: `` Compiling: /src/proof/fraig/fraigFanout.c
: warning: variable 'pNodeTemp' set but not used [-Wunused-but-set-variable]
        Fraig_Node_t * pNodeTemp;
                       ^
1 warning generated.
[ 94%] ABC: `` Compiling: /src/proof/fraig/fraigFeed.c
src/proof/fraig/fraigFeed.c:[ 94%] ABC: `` Compiling: /src/proof/fraig/fraigMan.c
254:9: warning: variable 'fValue1' set but not used [-Wunused-but-set-variable]
    int fValue1, fValue2, iPat;
        ^
src/proof/fraig/fraigFeed.c:254:18: warning: variable 'fValue2' set but not used [-Wunused-but-set-variable]
    int fValue1, fValue2, iPat;
                 ^
[ 94%] ABC: `` Compiling: /src/proof/fraig/fraigMem.c
2 warnings generated.
[ 94%] ABC: `` Compiling: /src/proof/fraig/fraigNode.c
[ 94%] ABC: `` Compiling: /src/proof/fraig/fraigPrime.c
[ 94%] ABC: `` Compiling: /src/proof/fraig/fraigSat.c
src/proof/fraig/fraigSat.c:89:13: warning: variable 'clk' set but not used [-Wunused-but-set-variable]
    abctime clk;
            ^
[ 94%] ABC: `` Compiling: /src/proof/fraig/fraigTable.c
src/proof/fraig/fraigSat.c:366:5: warning: misleading indentation; statement is not part of the previous 'if' [-Wmisleading-indentation]
    Fraig_SetActivity( p, pOld, pNew );
    ^
src/proof/fraig/fraigSat.c:361:1: note: previous statement is here
if ( fVerbose )
^
src/proof/fraig/fraigSat.c:582:5: warning: misleading indentation; statement is not part of the previous 'if' [-Wmisleading-indentation]
    fComp = Fraig_NodeComparePhase( pOld, pNew );
    ^
src/proof/fraig/fraigSat.c:577:1: note: previous statement is here
src/proof/fraig/fraigTable.c:if ( fVerbose )
264:^
13: warning: variable 'clk' set but not used [-Wunused-but-set-variable]
    abctime clk;
            ^
src/proof/fraig/fraigTable.c:308:13: warning: variable 'clk' set but not used [-Wunused-but-set-variable]
    abctime clk;
            ^
3 warnings generated2 warning.
s generated.
[ 94%] ABC: `` Compiling: /src/proof/fraig/fraigUtil.c
[ 94%] ABC: `` Compiling: /src/proof/fraig/fraigVec.c
src/proof/fraig/fraigUtil.c:847:13: warning: variable 'clk' set but not used [-Wunused-but-set-variable]
    abctime clk;
            ^
[ 94%] ABC: `` Compiling: /src/proof/fra/fraBmc.c
1 warning generated.
[ 94%] ABC: `` Compiling: /src/proof/fra/fraCec.c
[ 94%] ABC: `` Compiling: /src/proof/fra/fraClass.c
[ 94%] ABC: `` Compiling: /src/proof/fra/fraClau.c
[ 94%] ABC: `` Compiling: /src/proof/fra/fraClaus.c
[ 94%] ABC: `` Compiling: /src/proof/fra/fraCnf.c
src/proof/fra/fraClaus.c:516:26: warning: variable 'pSims2' set but not used [-Wunused-but-set-variable]
    unsigned * pSims1, * pSims2;
                         ^
src/proof/fra/fraClaus.c:516:16: warning: variable 'pSims1' set but not used [-Wunused-but-set-variable]
    unsigned * pSims1, * pSims2;
               ^
src/proof/fra/fraClaus.c:1101:67: warning: variable 'fFlag' set but not used [-Wunused-but-set-variable]
    int * pStart, nLitsTot, RetValue, Beg, End, Counter, i, k, f, fFlag;//, Lits[2];
                                                                  ^
src/proof/fra/fraClaus.c:1486:11: warning: variable 'pStart' set but not used [-Wunused-but-set-variable]
    int * pStart; 
          ^
src/proof/fra/fraClaus.c:1687:9: warning: variable 'nClausesBeg' set but not used [-Wunused-but-set-variable]
    int nClausesBeg = 0;
        ^
src/proof/fra/fraClaus.c:1685:42: warning: variable 'clkInd' set but not used [-Wunused-but-set-variable]
    abctime clk, clkTotal = Abc_Clock(), clkInd;
                                         ^
[ 94%] ABC: `` Compiling: /src/proof/fra/fraCore.c
[ 94%] ABC: `` Compiling: /src/proof/fra/fraHot.c
6 warnings generated.
[ 94%] ABC: `` Compiling: /src/proof/fra/fraImp.c
[ 94%] ABC: `` Compiling: /src/proof/fra/fraInd.c
[ 94%] ABC: `` Compiling: /src/proof/fra/fraIndVer.c
[ 94%] ABC: `` Compiling: /src/proof/fra/fraLcr.c
[ 94%] ABC: `` Compiling: /src/proof/fra/fraMan.c
[ 94%] ABC: `` Compiling: /src/proof/fra/fraPart.c
[ 94%] ABC: `` Compiling: /src/proof/fra/fraSat.c
[ 94%] ABC: `` Compiling: /src/proof/fra/fraSec.c
[ 94%] ABC: `` Compiling: /src/proof/fra/fraSim.c
src/proof/fra/fraSim.c:582:9: warning: variable 'fCompl' set but not used [-Wunused-but-set-variable]
    int fCompl, fCompl0, i;
        ^
[ 94%] ABC: `` Compiling: /src/proof/ssw/sswAig.c
[ 94%] ABC: `` Compiling: /src/proof/ssw/sswBmc.c
1 warning generated.
[ 94%] ABC: `` Compiling: /src/proof/ssw/sswClass.c
[ 94%] ABC: `` Compiling: /src/proof/ssw/sswCnf.c
[ 94%] ABC: `` Compiling: /src/proof/ssw/sswConstr.c
[ 94%] ABC: `` Compiling: /src/proof/ssw/sswCore.c
src/proof/ssw/sswConstr.c:250:33: warning: variable 'RetValue2' set but not used [-Wunused-but-set-variable]
    int f, i, iLits, RetValue1, RetValue2;
                                ^
src/proof/ssw/sswConstr.c:250:22: warning: variable 'RetValue1' set but not used [-Wunused-but-set-variable]
    int f, i, iLits, RetValue1, RetValue2;
                     ^
[ 94%] ABC: `` Compiling: /src/proof/ssw/sswDyn.c
2 warnings generated.
[ 94%] ABC: `` Compiling: /src/proof/ssw/sswFilter.c
[ 94%] ABC: `` Compiling: /src/proof/ssw/sswIslands.c
src/proof/ssw/sswFilter.c:49:15: warning: variable 'RetValue1' set but not used [-Wunused-but-set-variable]
    int f, i, RetValue1, RetValue2;
              ^
src/proof/ssw/sswFilter.c:49:26: warning: variable 'RetValue2' set but not used [-Wunused-but-set-variable]
    int f, i, RetValue1, RetValue2;
                         ^
2 warnings generated.
[ 94%] ABC: `` Compiling: /src/proof/ssw/sswLcorr.c
[ 94%] ABC: `` Compiling: /src/proof/ssw/sswMan.c
[ 94%] ABC: `` Compiling: /src/proof/ssw/sswPart.c
[ 94%] ABC: `` Compiling: /src/proof/ssw/sswPairs.c
[ 94%] ABC: `` Compiling: /src/proof/ssw/sswRarity.c
[ 94%] ABC: `` Compiling: /src/proof/ssw/sswSat.c
src/proof/ssw/sswRarity.c:979:13: warning: variable 'clk' set but not used [-Wunused-but-set-variable]
    abctime clk, clkTotal = Abc_Clock();
            ^
[ 94%] ABC: `` Compiling: /src/proof/ssw/sswSemi.c
[ 94%] ABC: `` Compiling: /src/proof/ssw/sswSim.c
src/proof/ssw/sswSim.c:806:9: warning: variable 'fCompl' set but not used [-Wunused-but-set-variable]
    int fCompl, fCompl0, i;
        ^
1 warning generated.
[ 94%] ABC: `` Compiling: /src/proof/ssw/sswSimSat.c
[ 94%] ABC: `` Compiling: /src/proof/ssw/sswSweep.c
1 warning generated.
[ 94%] ABC: `` Compiling: /src/proof/ssw/sswUnique.c
[ 94%] ABC: `` Compiling: /src/aig/aig/aigCheck.c
src/proof/ssw/sswUnique.c:48:22: warning: variable 'Counter' set but not used [-Wunused-but-set-variable]
    int i, RetValue, Counter;
                     ^
[ 94%] ABC: `` Compiling: /src/aig/aig/aigCanon.c
1 warning generated.
[ 94%] ABC: `` Compiling: /src/aig/aig/aigCuts.c
src/aig/aig/aigCanon.c:179:13: warning: variable 'clk' set but not used [-Wunused-but-set-variable]
    abctime clk;
            ^
src/aig/aig/aigCuts.c:578:43: warning: variable 'pCutSet' set but not used [-Wunused-but-set-variable]
    Aig_Cut_t * pCut0, * pCut1, * pCut, * pCutSet;
                                          ^
1 warning generated.
[ 94%] ABC: `` Compiling: /src/aig/aig/aigDfs.c
1 warning generated.
[ 94%] ABC: `` Compiling: /src/aig/aig/aigDup.c
[ 94%] ABC: `` Compiling: /src/aig/aig/aigFanout.c
[ 94%] ABC: `` Compiling: /src/aig/aig/aigFrames.c
[ 94%] ABC: `` Compiling: /src/aig/aig/aigInter.c
[ 94%] ABC: `` Compiling: /src/aig/aig/aigJust.c
[ 94%] ABC: `` Compiling: /src/aig/aig/aigMan.c
[ 94%] ABC: `` Compiling: /src/aig/aig/aigMem.c
[ 94%] ABC: `` Compiling: /src/aig/aig/aigMffc.c
[ 94%] ABC: `` Compiling: /src/aig/aig/aigObj.c
[ 94%] ABC: `` Compiling: /src/aig/aig/aigOper.c
[ 94%] ABC: `` Compiling: /src/aig/aig/aigOrder.c
[ 94%] ABC: `` Compiling: /src/aig/aig/aigPack.c
[ 94%] ABC: `` Compiling: /src/aig/aig/aigPart.c
src/aig/aig/aigPack.c:111:10: warning: variable 'Sign' set but not used [-Wunused-but-set-variable]
    word Sign;
         ^
1 warning generated.
[ 94%] ABC: `` Compiling: /src/aig/aig/aigPartReg.c
[ 94%] ABC: `` Compiling: /src/aig/aig/aigPartSat.c
[ 94%] ABC: `` Compiling: /src/aig/aig/aigRepr.c
[ 94%] ABC: `` Compiling: /src/aig/aig/aigRet.c
[ 94%] ABC: `` Compiling: /src/aig/aig/aigRetF.c
[ 94%] ABC: `` Compiling: /src/aig/aig/aigScl.c
src/aig/aig/aigScl.c:350:25: warning: variable 'Diffs' set but not used [-Wunused-but-set-variable]
    int i, Counter = 0, Diffs = 0;
                        ^
src/aig/aig/aigScl.c:459:9: warning: variable 'nSaved' set but not used [-Wunused-but-set-variable]
    int nSaved, nCur;
        ^
[ 94%] ABC: `` Compiling: /src/aig/aig/aigShow.c
[ 94%] ABC: `` Compiling: /src/aig/aig/aigSplit.c
2 warnings generated.
[ 94%] ABC: `` Compiling: /src/aig/aig/aigTable.c
src/aig/aig/aigTable.c:74:13: warning: variable 'clk' set but not used [-Wunused-but-set-variable]
    abctime clk;
            ^
[ 94%] ABC: `` Compiling: /src/aig/aig/aigTiming.c
1 warning generated.
[ 94%] ABC: `` Compiling: /src/aig/aig/aigTruth.c
[ 94%] ABC: `` Compiling: /src/aig/aig/aigTsim.c
[ 94%] ABC: `` Compiling: /src/aig/aig/aigUtil.c
[ 94%] ABC: `` Compiling: /src/aig/aig/aigWin.c
[ 94%] ABC: `` Compiling: /src/aig/saig/saigCone.c
[ 94%] ABC: `` Compiling: /src/aig/saig/saigConstr.c
[ 94%] ABC: `` Compiling: /src/aig/saig/saigConstr2.c
[ 94%] ABC: `` Compiling: /src/aig/saig/saigDual.c
[ 94%] ABC: `` Compiling: /src/aig/saig/saigDup.c
[ 94%] ABC: `` Compiling: /src/aig/saig/saigInd.c
[ 94%] ABC: `` Compiling: /src/aig/saig/saigIoa.c
[ 94%] ABC: `` Compiling: /src/aig/saig/saigIso.c
[ 94%] ABC: `` Compiling: /src/aig/saig/saigIsoFast.c
[ 94%] ABC: `` Compiling: /src/aig/saig/saigIsoSlow.c
[ 94%] ABC: `` Compiling: /src/aig/saig/saigMiter.c
[ 94%] ABC: `` Compiling: /src/aig/saig/saigOutDec.c
[ 94%] ABC: `` Compiling: /src/aig/saig/saigPhase.c
src/aig/saig/saigPhase.c:536:22: warning: variable 'nCounter' set but not used [-Wunused-but-set-variable]
    int i, f, Value, nCounter;
                     ^
[ 94%] ABC: `` Compiling: /src/aig/saig/saigRetFwd.c
[ 94%] ABC: `` Compiling: /src/aig/saig/saigRetMin.c
1 warning generated.
[ 94%] ABC: `` Compiling: /src/aig/saig/saigRetStep.c
[ 94%] ABC: `` Compiling: /src/aig/saig/saigScl.c
[ 94%] ABC: `` Compiling: /src/aig/saig/saigSimFast.c
[ 94%] ABC: `` Compiling: /src/aig/saig/saigSimMv.c
src/aig/saig/saigSimFast.c:352:13: warning: variable 'clk' set but not used [-Wunused-but-set-variable]
    abctime clk;//, clkTotal = Abc_Clock();
            ^
1 warning generated.
[ 94%] ABC: `` Compiling: /src/aig/saig/saigSimSeq.c
[ 94%] ABC: `` Compiling: /src/aig/saig/saigStrSim.c
[ 94%] ABC: `` Compiling: /src/aig/saig/saigSwitch.c
src/aig/saig/saigSwitch.c:272:13: warning: variable 'clk' set but not used [-Wunused-but-set-variable]
    abctime clk;//, clkTotal = Abc_Clock();
            ^
1 warning generated.
[ 94%] ABC: `` Compiling: /src/aig/saig/saigSynch.c
[ 94%] ABC: `` Compiling: /src/aig/saig/saigTempor.c
[ 94%] ABC: `` Compiling: /src/aig/saig/saigTrans.c
[ 94%] ABC: `` Compiling: /src/aig/saig/saigWnd.c
[ 94%] ABC: `` Compiling: /src/aig/gia/giaAig.c
[ 94%] ABC: `` Compiling: /src/aig/gia/giaAgi.c
[ 94%] ABC: `` Compiling: /src/aig/gia/giaAiger.c
src/aig/gia/giaAiger.c:882:9: warning: variable 'RetValue' set but not used [-Wunused-but-set-variable]
    int RetValue;
        ^
[ 94%] ABC: `` Compiling: /src/aig/gia/giaAigerExt.c
[ 94%] ABC: `` Compiling: /src/aig/gia/giaBalAig.c
1 warning generated.
[ 94%] ABC: `` Compiling: /src/aig/gia/giaBalLut.c
[ 94%] ABC: `` Compiling: /src/aig/gia/giaBalMap.c
[ 94%] ABC: `` Compiling: /src/aig/gia/giaBidec.c
[ 94%] ABC: `` Compiling: /src/aig/gia/giaCCof.c
[ 94%] ABC: `` Compiling: /src/aig/gia/giaCex.c
[ 94%] ABC: `` Compiling: /src/aig/gia/giaClp.c
[ 94%] ABC: `` Compiling: /src/aig/gia/giaCof.c
[ 94%] ABC: `` Compiling: /src/aig/gia/giaCone.c
[ 94%] ABC: `` Compiling: /src/aig/gia/giaCSatOld.c
[ 94%] ABC: `` Compiling: /src/aig/gia/giaCSat.c
[ 94%] ABC: `` Compiling: /src/aig/gia/giaCSat2.c
[ 94%] ABC: `` Compiling: /src/aig/gia/giaCTas.c
src/aig/gia/giaCTas.c:502:12: warning: variable 'ObjId' set but not used [-Wunused-but-set-variable]
    int i, ObjId;
           ^
src/aig/gia/giaCTas.c:760:29: warning: variable 'iLitLevel2' set but not used [-Wunused-but-set-variable]
    int i, k, j, iLitLevel, iLitLevel2;//, Id;
                            ^
src/aig/gia/giaCTas.c:1704:35: warning: variable 'vCexStore' set but not used [-Wunused-but-set-variable]
    Vec_Int_t * vCex, * vVisit, * vCexStore;
                                  ^
[ 94%] ABC: `` Compiling: /src/aig/gia/giaCut.c
3 warnings generated.
[ 94%] ABC: `` Compiling: /src/aig/gia/giaDfs.c
[ 94%] ABC: `` Compiling: /src/aig/gia/giaDup.c
[ 94%] ABC: `` Compiling: /src/aig/gia/giaEdge.c
src/aig/gia/giaDup.c:3210:22: warning: variable 'nNodes' set but not used [-Wunused-but-set-variable]
    int i, k, iNode, nNodes;
                     ^
src/aig/gia/giaDup.c:4366:13: warning: variable 'fCompl' set but not used [-Wunused-but-set-variable]
        int fCompl = 0;
            ^
[ 94%] ABC: `` Compiling: /src/aig/gia/giaEmbed.c
src/aig/gia/giaEmbed.c:787:18: warning: variable 'nVisited' set but not used [-Wunused-but-set-variable]
    int i, k, d, nVisited = 0;
                 ^
src/aig/gia/giaEmbed.c:1527:22: warning: variable 'CostPrev' set but not used [-Wunused-but-set-variable]
    double CostThis, CostPrev;
                     ^
2 warnings generated.
[ 94%] ABC: `` Compiling: /src/aig/gia/giaEnable.c
[ 94%] ABC: `` Compiling: /src/aig/gia/giaEquiv.c
[ 94%] ABC: `` Compiling: /src/aig/gia/giaEra.c
[ 94%] ABC: `` Compiling: /src/aig/gia/giaEra2.c
2 warnings generated.
[ 94%] ABC: `` Compiling: /src/aig/gia/giaEsop.c
[ 94%] ABC: `` Compiling: /src/aig/gia/giaExist.c
[ 94%] ABC: `` Compiling: /src/aig/gia/giaFalse.c
src/aig/gia/giaFalse.c:src/aig/gia/giaExist.c:475:297:16:50: warning:  warning: variable 'LevelMax' set but not used [-Wunused-but-set-variable]
variable 'nVarsQua' set but not used [-Wunused-but-set-variable]
        int i, LevelMax, Changed0 = Changed;
    int i, n, Entry, Lit, OutLit = -1, pLits[2], nVarsQua, nAndsOld, nAndsNew; 
               ^
                                                 ^
src/aig/gia/giaExist.c:297:60: warning: variable 'nAndsOld' set but not used [-Wunused-but-set-variable]
    int i, n, Entry, Lit, OutLit = -1, pLits[2], nVarsQua, nAndsOld, nAndsNew; 
                                                           ^
2 warnings generated.
[ 94%] ABC: `` Compiling: /src/aig/gia/giaFanout.c
1 warning generated.
[ 94%] ABC: `` Compiling: /src/aig/gia/giaForce.c
src/aig/gia/giaForce.c:894:74: warning: variable 'nCutPrev' set but not used [-Wunused-but-set-variable]
    int k, h, Iter, iMinX, iMaxX, Counter, nCutStart, nCutCur, nCutCur2, nCutPrev;
                                                                         ^
src/aig/gia/giaForce.c:891:22: warning: variable 'CostPrev' set but not used [-Wunused-but-set-variable]
    double CostThis, CostPrev;
                     ^
src/aig/gia/giaForce.c:1072:9: warning: variable 'RetValue' set but not used [-Wunused-but-set-variable]
    int RetValue;
        ^
[ 94%] ABC: `` Compiling: /src/aig/gia/giaFrames.c
3 warnings generated.
[ 94%] ABC: `` Compiling: /src/aig/gia/giaFront.c
[ 94%] ABC: `` Compiling: /src/aig/gia/giaFx.c
[ 94%] ABC: `` Compiling: /src/aig/gia/giaGig.c
src/aig/gia/giaGig.c:340:25: warning: variable 'vOuts' set but not used [-Wunused-but-set-variable]
            Vec_Int_t * vOuts = Vec_WecPushLevel( p->vDelayOuts );
                        ^
[ 94%] ABC: `` Compiling: /src/aig/gia/giaGlitch.c
1 warning generated.
[ 94%] ABC: `` Compiling: /src/aig/gia/giaHash.c
[ 94%] ABC: `` Compiling: /src/aig/gia/giaIf.c
src/aig/gia/giaIf.c:1954:27: warning: variable 'status' set but not used [-Wunused-but-set-variable]
        FILE * pFile; int status;
                          ^
src/aig/gia/giaIf.c:2009:12: warning: variable 'Result' set but not used [-Wunused-but-set-variable]
    int i, Result = 1;
           ^
[ 94%] ABC: `` Compiling: /src/aig/gia/giaIff.c
[ 94%] ABC: `` Compiling: /src/aig/gia/giaIiff.c
[ 94%] ABC: `` Compiling: /src/aig/gia/giaIso.c
[ 94%] ABC: `` Compiling: /src/aig/gia/giaIso2.c
2 warnings generated.
[ 94%] ABC: `` Compiling: /src/aig/gia/giaIso3.c
[ 94%] ABC: `` Compiling: /src/aig/gia/giaJf.c
[ 94%] ABC: `` Compiling: /src/aig/gia/giaKf.c
[ 94%] ABC: `` Compiling: /src/aig/gia/giaLf.c
src/aig/gia/giaLf.c:1196:11: warning: variable 'Value1' set but not used [-Wunused-but-set-variable]
    float Value1 = -1, Value2 = -1;
          ^
src/aig/gia/giaLf.c:1196:24: warning: variable 'Value2' set but not used [-Wunused-but-set-variable]
    float Value1 = -1, Value2 = -1;
                       ^
[ 94%] ABC: `` Compiling: /src/aig/gia/giaMf.c
2 warnings generated.
[ 94%] ABC: `` Compiling: /src/aig/gia/giaMan.c
[ 94%] ABC: `` Compiling: /src/aig/gia/giaMem.c
[ 94%] ABC: `` Compiling: /src/aig/gia/giaMfs.c
[ 94%] ABC: `` Compiling: /src/aig/gia/giaMini.c
In file included from src/aig/gia/giaMini.c:25:
./src/aig/miniaig/miniaig.h:180:9: warning: variable 'RetValue' set but not used [-Wunused-but-set-variable]
    int RetValue;
        ^
./src/aig/miniaig/miniaig.h:196:9: warning: variable 'RetValue' set but not used [-Wunused-but-set-variable]
    int RetValue, nSize;
        ^
In file included from src/aig/gia/giaMini.c:26:
./src/aig/miniaig/minilut.h:187:9: warning: variable 'RetValue' set but not used [-Wunused-but-set-variable]
    int RetValue;
        ^
./src/aig/miniaig/minilut.h:205:9: warning: variable 'RetValue' set but not used [-Wunused-but-set-variable]
    int RetValue, nSize;
        ^
[ 94%] ABC: `` Compiling: /src/aig/gia/giaMuxes.c
src/aig/gia/giaMuxes.c:787:24: warning: variable 'nFanouts' set but not used [-Wunused-but-set-variable]
    int i, k, nFanins, nFanouts, * pPerm, nClasses;
                       ^
4 warnings generated.
[ 94%] ABC: `` Compiling: /src/aig/gia/giaNf.c
1 warning generated.
[ 94%] ABC: `` Compiling: /src/aig/gia/giaOf.c
src/aig/gia/giaOf.c:1425:13: warning: variable 'CostMin' set but not used [-Wunused-but-set-variable]
        int CostMin, fPointed, Required = Of_ObjRequired(p, i);
            ^
src/aig/gia/giaOf.c:1416:9: warning: variable 'CountNodes' set but not used [-Wunused-but-set-variable]
    int CountNodes = 0, CountEdges = 0;
        ^
[ 94%] ABC: `` Compiling: /src/aig/gia/giaPack.c
2 warnings generated.
[ 94%] ABC: `` Compiling: /src/aig/gia/giaPat.c
[ 94%] ABC: `` Compiling: /src/aig/gia/giaPf.c
[ 94%] ABC: `` Compiling: /src/aig/gia/giaQbf.c
[ 94%] ABC: `` Compiling: /src/aig/gia/giaResub.c
[ 94%] ABC: `` Compiling: /src/aig/gia/giaRetime.c
[ 94%] ABC: `` Compiling: /src/aig/gia/giaRex.c
src/aig/gia/giaRex.c:433:118: warning: implicit conversion from 'int' to 'float' changes value from 2147483647 to 2147483648 [-Wimplicit-const-int-float-conversion]
            if ( CountMin > Count || (CountMin != ABC_INFINITY && Count && ((float)CountMin / Count) > (float)rand()/RAND_MAX ) )
                                                                                                                    ~^~~~~~~~
/usr/include/stdlib.h:87:18: note: expanded from macro 'RAND_MAX'
#define RAND_MAX        2147483647
                        ^~~~~~~~~~
[ 94%] ABC: `` Compiling: /src/aig/gia/giaSatEdge.c
1 warning generated.
[ 94%] ABC: `` Compiling: /src/aig/gia/giaSatLE.c
[ 94%] ABC: `` Compiling: /src/aig/gia/giaSatLut.c
[ 94%] ABC: `` Compiling: /src/aig/gia/giaSatMap.c
[ 94%] ABC: `` Compiling: /src/aig/gia/giaSatoko.c
[ 94%] ABC: `` Compiling: /src/aig/gia/giaSat3.c
[ 94%] ABC: `` Compiling: /src/aig/gia/giaScl.c
[ 94%] ABC: `` Compiling: /src/aig/gia/giaScript.c
[ 94%] ABC: `` Compiling: /src/aig/gia/giaShow.c
[ 94%] ABC: `` Compiling: /src/aig/gia/giaShrink.c
[ 94%] ABC: `` Compiling: /src/aig/gia/giaShrink6.c
[ 94%] ABC: `` Compiling: /src/aig/gia/giaShrink7.c
src/aig/gia/giaShrink6.c:409:13: warning: variable 'timeFanout' set but not used [-Wunused-but-set-variable]
    abctime timeFanout = 0;
            ^
src/aig/gia/giaShrink7.c:155:17: warning: variable 'pObj' set but not used [-Wunused-but-set-variable]
    Gia_Obj_t * pObj;
                ^
src/aig/gia/giaShrink7.c:159:34: warning: variable 'nPairs' set but not used [-Wunused-but-set-variable]
    int nTotal = 0, nPairs0 = 0, nPairs = 0;
                                 ^
1 warning generated.
[ 94%] ABC: `` Compiling: /src/aig/gia/giaSim.c
2 warnings generated.
[ 94%] ABC: `` Compiling: /src/aig/gia/giaSim2.c
[ 94%] ABC: `` Compiling: /src/aig/gia/giaSort.c
[ 94%] ABC: `` Compiling: /src/aig/gia/giaSpeedup.c
[ 94%] ABC: `` Compiling: /src/aig/gia/giaSplit.c
[ 94%] ABC: `` Compiling: /src/aig/gia/giaStg.c
[ 94%] ABC: `` Compiling: /src/aig/gia/giaStr.c
src/aig/gia/giaStr.c:1097:18: warning: variable 'MatrixSize' set but not used [-Wunused-but-set-variable]
    int k, iLit, MatrixSize = 0;
                 ^
[ 94%] ABC: `` Compiling: /src/aig/gia/giaSupMin.c
[ 94%] ABC: `` Compiling: /src/aig/gia/giaSupp.c
[ 94%] ABC: `` Compiling: /src/aig/gia/giaSweep.c
1 warning generated.
[ 94%] ABC: `` Compiling: /src/aig/gia/giaSweeper.c
[ 94%] ABC: `` Compiling: /src/aig/gia/giaSwitch.c
[ 94%] ABC: `` Compiling: /src/aig/gia/giaTim.c
[ 94%] ABC: `` Compiling: /src/aig/gia/giaTis.c
[ 94%] ABC: `` Compiling: /src/aig/gia/giaTruth.c
src/aig/gia/giaTruth.c:364:16: warning: variable 'pTruth' set but not used [-Wunused-but-set-variable]
    unsigned * pTruth;
               ^
src/aig/gia/giaTruth.c:526:18: warning: variable 'uCanonPhase' set but not used [-Wunused-but-set-variable]
    int i, iObj, uCanonPhase, nVars, lastId, truthId;
                 ^
[ 94%] ABC: `` Compiling: /src/aig/gia/giaTsim.c
src/aig/gia/giaTsim.c:672:12: warning: variable 'Counter' set but not used [-Wunused-but-set-variable]
    int i, Counter;
           ^
1 warning generated.
[ 94%] ABC: `` Compiling: /src/aig/gia/giaUnate.c
2 warnings generated.
[ 94%] ABC: `` Compiling: /src/aig/gia/giaUtil.c
[ 94%] ABC: `` Compiling: /src/aig/ioa/ioaReadAig.c
src/aig/ioa/ioaReadAig.c:436:20: warning: variable 'RetValue' set but not used [-Wunused-but-set-variable]
    int nFileSize, RetValue;
                   ^
1 warning generated.
[ 94%] ABC: `` Compiling: /src/aig/ioa/ioaWriteAig.c
[ 94%] ABC: `` Compiling: /src/aig/ioa/ioaUtil.c
[ 94%] ABC: `` Compiling: /src/aig/ivy/ivyBalance.c
[ 94%] ABC: `` Compiling: /src/aig/ivy/ivyCanon.c
[ 94%] ABC: `` Compiling: /src/aig/ivy/ivyCheck.c
src/aig/ivy/ivyCheck.c:100:17: warning: misleading indentation; statement is not part of the previous 'if' [-Wmisleading-indentation]
[ 94%] ABC: `` Compiling: /src/aig/ivy/ivyCut.c
                continue;
                ^
src/aig/ivy/ivyCheck.c:98:13: note: previous statement is here
            if ( pObj2 != pObj )
            ^
1 warning generated.
[ 94%] ABC: `` Compiling: /src/aig/ivy/ivyCutTrav.c
[ 94%] ABC: `` Compiling: /src/aig/ivy/ivyDfs.c
[ 94%] ABC: `` Compiling: /src/aig/ivy/ivyDsd.c
[ 94%] ABC: `` Compiling: /src/aig/ivy/ivyFanout.c
[ 94%] ABC: `` Compiling: /src/aig/ivy/ivyFastMap.c
[ 94%] ABC: `` Compiling: /src/aig/ivy/ivyFraig.c
[ 94%] ABC: `` Compiling: /src/aig/ivy/ivyHaig.c
[ 94%] ABC: `` Compiling: /src/aig/ivy/ivyMan.c
[ 94%] ABC: `` Compiling: /src/aig/ivy/ivyMem.c
[ 94%] ABC: `` Compiling: /src/aig/ivy/ivyMulti.c
[ 94%] ABC: `` Compiling: /src/aig/ivy/ivyObj.c
src/aig/ivy/ivyMulti.c:64:17: warning: variable 'nEvalsOld' set but not used [-Wunused-but-set-variable]
    int nEvals, nEvalsOld, i, k, x, nLeaves;
                ^
1 warning generated.
[ 94%] ABC: `` Compiling: /src/aig/ivy/ivyOper.c
[ 94%] ABC: `` Compiling: /src/aig/ivy/ivyResyn.c
[ 94%] ABC: `` Compiling: /src/aig/ivy/ivyRwr.c
[ 94%] ABC: `` Compiling: /src/aig/ivy/ivySeq.c
src/aig/ivy/ivyRwr.c:417:31: warning: variable 'LevelOld' set but not used [-Wunused-but-set-variable]
    int i, Counter, LevelNew, LevelOld;
                              ^
1 warning generated.
[ 94%] ABC: `` Compiling: /src/aig/ivy/ivyShow.c
[ 94%] ABC: `` Compiling: /src/aig/ivy/ivyTable.c
[ 94%] ABC: `` Compiling: /src/aig/ivy/ivyUtil.c
src/aig/ivy/ivyTable.c:209:33: warning: variable 'nEntries' set but not used [-Wunused-but-set-variable]
    int nTableSizeOld, Counter, nEntries, e;
                                ^
src/aig/ivy/ivyTable.c:210:13: warning: variable 'clk' set but not used [-Wunused-but-set-variable]
    abctime clk;
            ^
2 warnings generated.
[ 94%] ABC: `` Compiling: /src/aig/hop/hopBalance.c
[ 94%] ABC: `` Compiling: /src/aig/hop/hopCheck.c
[ 94%] ABC: `` Compiling: /src/aig/hop/hopDfs.c
[ 94%] ABC: `` Compiling: /src/aig/hop/hopMan.c
[ 94%] ABC: `` Compiling: /src/aig/hop/hopMem.c
[ 94%] ABC: `` Compiling: /src/aig/hop/hopObj.c
[ 94%] ABC: `` Compiling: /src/aig/hop/hopOper.c
[ 94%] ABC: `` Compiling: /src/aig/hop/hopTable.c
[ 94%] ABC: `` Compiling: /src/aig/hop/hopTruth.c
src/aig/hop/hopTable.c:171:13: warning: variable 'clk' set but not used [-Wunused-but-set-variable]
    abctime clk;
            ^
1 warning generated.
[ 94%] ABC: `` Compiling: /src/aig/hop/hopUtil.c
[ 94%] ABC: `` Compiling: /src/bdd/cudd/cuddAPI.c
[ 94%] ABC: `` Compiling: /src/bdd/cudd/cuddAddAbs.c
[ 94%] ABC: `` Compiling: /src/bdd/cudd/cuddAddApply.c
[ 94%] ABC: `` Compiling: /src/bdd/cudd/cuddAddFind.c
[ 94%] ABC: `` Compiling: /src/bdd/cudd/cuddAddInv.c
[ 94%] ABC: `` Compiling: /src/bdd/cudd/cuddAddIte.c
[ 94%] ABC: `` Compiling: /src/bdd/cudd/cuddAddNeg.c
[ 94%] ABC: `` Compiling: /src/bdd/cudd/cuddAddWalsh.c
[ 94%] ABC: `` Compiling: /src/bdd/cudd/cuddAndAbs.c
[ 94%] ABC: `` Compiling: /src/bdd/cudd/cuddAnneal.c
[ 94%] ABC: `` Compiling: /src/bdd/cudd/cuddApa.c
[ 94%] ABC: `` Compiling: /src/bdd/cudd/cuddApprox.c
[ 94%] ABC: `` Compiling: /src/bdd/cudd/cuddBddAbs.c
[ 94%] ABC: `` Compiling: /src/bdd/cudd/cuddBddCorr.c
[ 94%] ABC: `` Compiling: /src/bdd/cudd/cuddBddIte.c
[ 94%] ABC: `` Compiling: /src/bdd/cudd/cuddBridge.c
[ 94%] ABC: `` Compiling: /src/bdd/cudd/cuddCache.c
[ 94%] ABC: `` Compiling: /src/bdd/cudd/cuddCheck.c
[ 94%] ABC: `` Compiling: /src/bdd/cudd/cuddClip.c
[ 94%] ABC: `` Compiling: /src/bdd/cudd/cuddCof.c
[ 94%] ABC: `` Compiling: /src/bdd/cudd/cuddCompose.c
[ 94%] ABC: `` Compiling: /src/bdd/cudd/cuddDecomp.c
[ 94%] ABC: `` Compiling: /src/bdd/cudd/cuddEssent.c
[ 94%] ABC: `` Compiling: /src/bdd/cudd/cuddExact.c
[ 94%] ABC: `` Compiling: /src/bdd/cudd/cuddExport.c
[ 94%] ABC: `` Compiling: /src/bdd/cudd/cuddGenCof.c
[ 94%] ABC: `` Compiling: /src/bdd/cudd/cuddGenetic.c
[ 94%] ABC: `` Compiling: /src/bdd/cudd/cuddGroup.c
[ 94%] ABC: `` Compiling: /src/bdd/cudd/cuddHarwell.c
[ 94%] ABC: `` Compiling: /src/bdd/cudd/cuddInit.c
[ 94%] ABC: `` Compiling: /src/bdd/cudd/cuddInteract.c
[ 94%] ABC: `` Compiling: /src/bdd/cudd/cuddLCache.c
[ 94%] ABC: `` Compiling: /src/bdd/cudd/cuddLevelQ.c
[ 94%] ABC: `` Compiling: /src/bdd/cudd/cuddLinear.c
src/bdd/cudd/cuddLinear.c:373:12: warning: variable 'oldxkeys' set but not used [-Wunused-but-set-variable]
    int    oldxkeys, oldykeys;
           ^
[ 94%] ABC: `` Compiling: /src/bdd/cudd/cuddLiteral.c
[ 94%] ABC: `` Compiling: /src/bdd/cudd/cuddMatMult.c
1 warning generated.
[ 94%] ABC: `` Compiling: /src/bdd/cudd/cuddPriority.c
[ 94%] ABC: `` Compiling: /src/bdd/cudd/cuddRead.c
[ 94%] ABC: `` Compiling: /src/bdd/cudd/cuddRef.c
[ 94%] ABC: `` Compiling: /src/bdd/cudd/cuddReorder.c
[ 94%] ABC: `` Compiling: /src/bdd/cudd/cuddSat.c
[ 94%] ABC: `` Compiling: /src/bdd/cudd/cuddSign.c
[ 94%] ABC: `` Compiling: /src/bdd/cudd/cuddSolve.c
[ 94%] ABC: `` Compiling: /src/bdd/cudd/cuddSplit.c
[ 94%] ABC: `` Compiling: /src/bdd/cudd/cuddSubsetHB.c
[ 94%] ABC: `` Compiling: /src/bdd/cudd/cuddSubsetSP.c
[ 94%] ABC: `` Compiling: /src/bdd/cudd/cuddSymmetry.c
[ 94%] ABC: `` Compiling: /src/bdd/cudd/cuddTable.c
[ 94%] ABC: `` Compiling: /src/bdd/cudd/cuddUtil.c
[ 94%] ABC: `` Compiling: /src/bdd/cudd/cuddWindow.c
[ 94%] ABC: `` Compiling: /src/bdd/cudd/cuddZddCount.c
[ 94%] ABC: `` Compiling: /src/bdd/cudd/cuddZddFuncs.c
[ 94%] ABC: `` Compiling: /src/bdd/cudd/cuddZddGroup.c
[ 94%] ABC: `` Compiling: /src/bdd/cudd/cuddZddIsop.c
[ 94%] ABC: `` Compiling: /src/bdd/cudd/cuddZddLin.c
[ 94%] ABC: `` Compiling: /src/bdd/cudd/cuddZddMisc.c
[ 94%] ABC: `` Compiling: /src/bdd/cudd/cuddZddPort.c
[ 94%] ABC: `` Compiling: /src/bdd/cudd/cuddZddReord.c
[ 94%] ABC: `` Compiling: /src/bdd/cudd/cuddZddSetop.c
[ 94%] ABC: `` Compiling: /src/bdd/cudd/cuddZddSymm.c
[ 94%] ABC: `` Compiling: /src/bdd/cudd/cuddZddUtil.c
[ 94%] ABC: `` Compiling: /src/bdd/extrab/extraBddAuto.c
[ 94%] ABC: `` Compiling: /src/bdd/extrab/extraBddCas.c
src/bdd/extrab/extraBddCas.c:195:13: warning: variable 'clk' set but not used [-Wunused-but-set-variable]
    abctime clk;
            ^
1 warning generated.
[ 94%] ABC: `` Compiling: /src/bdd/extrab/extraBddImage.c
[ 94%] ABC: `` Compiling: /src/bdd/extrab/extraBddKmap.c
src/bdd/extrab/extraBddImage.c:362:9: warning: variable 'nVarsTotal' set but not used [-Wunused-but-set-variable]
    int nVarsTotal, iVar, p, Counter;
        ^
[ 94%] ABC: `` Compiling: /src/bdd/extrab/extraBddMisc.c
1 warning generated.
[ 94%] ABC: `` Compiling: /src/bdd/extrab/extraBddSymm.c
[ 94%] ABC: `` Compiling: /src/bdd/extrab/extraBddThresh.c
src/bdd/extrab/extraBddThresh.c:571[ 94%] ABC: `` Compiling: /src/bdd/extrab/extraBddTime.c
:9: warning: variable 'Chow0' set but not used [-Wunused-but-set-variable]
    int Chow0, Chow[16];
        ^
src/bdd/extrab/extraBddThresh.c:595:9: warning: variable 'Chow0' set but not used [-Wunused-but-set-variable]
    int Chow0, Chow[16], nChows, i, T = 0;
        ^
src/bdd/extrab/extraBddThresh.c:655:12: warning: variable 'Chow0' set but not used [-Wunused-but-set-variable]
    int T, Chow0, Chow[16], Weights[16];
           ^
[ 94%] ABC: `` Compiling: /src/bdd/extrab/extraBddUnate.c
[ 94%] ABC: `` Compiling: /src/bdd/dsd/dsdApi.c
[ 94%] ABC: `` Compiling: /src/bdd/dsd/dsdCheck.c
3 warnings generated.
[ 94%] ABC: `` Compiling: /src/bdd/dsd/dsdLocal.c
[ 94%] ABC: `` Compiling: /src/bdd/dsd/dsdMan.c
[ 94%] ABC: `` Compiling: /src/bdd/dsd/dsdProc.c
[ 94%] ABC: `` Compiling: /src/bdd/dsd/dsdTree.c
src/bdd/dsd/dsdProc.c:152:13: warning: variable 'nLiteralsPrev' set but not used [-Wunused-but-set-variable]
        int nLiteralsPrev;
            ^
src/bdd/dsd/dsdProc.c:153:13: warning: variable 'nDecBlocksPrev' set but not used [-Wunused-but-set-variable]
        int nDecBlocksPrev;
            ^
src/bdd/dsd/dsdProc.c:154:13: warning: variable 'nExorGatesPrev' set but not used [-Wunused-but-set-variable]
        int nExorGatesPrev;
            ^
src/bdd/dsd/dsdProc.c:158:13: warning: variable 'nPrimeBlocks' set but not used [-Wunused-but-set-variable]
        int nPrimeBlocks;
            ^
src/bdd/dsd/dsdProc.c:876:41: warning: using the result of an assignment as a condition without parentheses [-Wparentheses]
                        assert( nCommon = pLR->nDecs-1 );
                                ~~~~~~~~^~~~~~~~~~~~~~
/usr/include/assert.h:109:11: note: expanded from macro 'assert'
      if (expr)                                                         \
          ^~~~
src/bdd/dsd/dsdProc.c:876:41: note: place parentheses around the assignment to silence this warning
                        assert( nCommon = pLR->nDecs-1 );
                                        ^
                                (
/usr/include/assert.h:109:11: note: expanded from macro 'assert'
      if (expr)                                                         \
          ^
src/bdd/dsd/dsdProc.c:876:41: note: use '==' to turn this assignment into an equality comparison
                        assert( nCommon = pLR->nDecs-1 );
                                        ^
                                        ==
/usr/include/assert.h:109:11: note: expanded from macro 'assert'
      if (expr)                                                         \
          ^
src/bdd/dsd/dsdProc.c:944:21: warning: variable 'pLower' set but not used [-Wunused-but-set-variable]
        Dsd_Node_t *pLower, * pTemp, * pDENew;
                    ^
6 warnings generated.
[ 94%] ABC: `` Compiling: /src/bdd/epd/epd.c
[ 94%] ABC: `` Compiling: /src/bdd/mtr/mtrBasic.c
[ 94%] ABC: `` Compiling: /src/bdd/mtr/mtrGroup.c
[ 94%] ABC: `` Compiling: /src/bdd/reo/reoApi.c
[ 94%] ABC: `` Compiling: /src/bdd/reo/reoCore.c
[ 94%] ABC: `` Compiling: /src/bdd/reo/reoProfile.c
[ 94%] ABC: `` Compiling: /src/bdd/reo/reoShuffle.c
src/bdd/reo/reoShuffle.c:165:13: warning: variable 'clk' set but not used [-Wunused-but-set-variable]
    abctime clk;
            ^
[ 94%] ABC: `` Compiling: /src/bdd/reo/reoSift.c
1 warning generated.
[ 94%] ABC: `` Compiling: /src/bdd/reo/reoSwap.c
[ 94%] ABC: `` Compiling: /src/bdd/reo/reoTransfer.c
[ 94%] ABC: `` Compiling: /src/bdd/reo/reoUnits.c
[ 94%] ABC: `` Compiling: /src/bdd/cas/casCore.c
[ 94%] ABC: `` Compiling: /src/bdd/cas/casDec.c
src/bdd/cas/casDec.c:129:9: warning: variable 'nLutOutputsOrig' set but not used [-Wunused-but-set-variable]
    int nLutOutputsOrig = 0;
        ^
src/bdd/cas/casCore.c:957:13: warning: variable 'clk1' set but not used [-Wunused-but-set-variable]
    abctime clk1;
            ^
1 warning generated.
[ 94%] ABC: `` Compiling: /src/bdd/bbr/bbrCex.c
1 warning generated.
[ 94%] ABC: `` Compiling: /src/bdd/bbr/bbrImage.c
src/bdd/bbr/bbrImage.c:452:9: warning: variable 'nVarsTotal' set but not used [-Wunused-but-set-variable]
    int nVarsTotal, iVar, p, Counter;
        ^
[ 94%] ABC: `` Compiling: /src/bdd/bbr/bbrNtbdd.c
[ 94%] ABC: `` Compiling: /src/bdd/bbr/bbrReach.c
1 warning generated.
[ 94%] ABC: `` Compiling: /src/bdd/llb/llb1Cluster.c
[ 94%] ABC: `` Compiling: /src/bdd/llb/llb1Constr.c
[ 94%] ABC: `` Compiling: /src/bdd/llb/llb1Core.c
[ 94%] ABC: `` Compiling: /src/bdd/llb/llb1Group.c
[ 94%] ABC: `` Compiling: /src/bdd/llb/llb1Hint.c
[ 94%] ABC: `` Compiling: /src/bdd/llb/llb1Man.c
[ 94%] ABC: `` Compiling: /src/bdd/llb/llb1Matrix.c
[ 94%] ABC: `` Compiling: /src/bdd/llb/llb1Pivot.c
[ 94%] ABC: `` Compiling: /src/bdd/llb/llb1Reach.c
[ 94%] ABC: `` Compiling: /src/bdd/llb/llb1Sched.c
[ 94%] ABC: `` Compiling: /src/bdd/llb/llb2Bad.c
[ 94%] ABC: `` Compiling: /src/bdd/llb/llb2Core.c
[ 94%] ABC: `` Compiling: /src/bdd/llb/llb2Driver.c
[ 94%] ABC: `` Compiling: /src/bdd/llb/llb2Dump.c
[ 94%] ABC: `` Compiling: /src/bdd/llb/llb2Flow.c
[ 94%] ABC: `` Compiling: /src/bdd/llb/llb2Image.c
[ 94%] ABC: `` Compiling: /src/bdd/llb/llb3Image.c
[ 94%] ABC: `` Compiling: /src/bdd/llb/llb3Nonlin.c
[ 94%] ABC: `` Compiling: /src/bdd/llb/llb4Cex.c
[ 94%] ABC: `` Compiling: /src/bdd/llb/llb4Image.c
[ 94%] ABC: `` Compiling: /src/bdd/llb/llb4Nonlin.c
src/bdd/llb/llb4Image.c:330:9: warning: variable 'liveBeg' set but not used [-Wunused-but-set-variable]
    int liveBeg, liveEnd;
        ^
src/bdd/llb/llb4Image.c:330:18: warning: variable 'liveEnd' set but not used [-Wunused-but-set-variable]
    int liveBeg, liveEnd;
                 ^
2 warnings generated.
[ 94%] ABC: `` Compiling: /src/bdd/llb/llb4Sweep.c
[ 94%] ABC: `` Building binary: abc-ae6716b
[100%] Building yosys-abc

  Build successful.

